timestamp,gsr_filtered,ppg_ir,hr_bpm_avg,imu_ax_mps2,imu_ay_mps2,imu_az_mps2,svm,jerk,hr_valid_flag,label,patient_id,day,progression
2026-04-01T14:05:15.067029,1979.9894660641535,95437,79,-4.732204222871828,4.3225848012681425,6.936496658423391,9.444230093736556,,True,walking_dual_task,P02,5,0.0
2026-04-01T14:05:15.068655,1920.5434029579449,95449,79,-4.643469743188719,4.322325657338693,6.876116832876658,9.355495339284136,0.0887347544524193,True,walking_dual_task,P02,5,0.0
2026-04-01T14:05:15.109889,1910.9837984589956,95449,79,-4.698522850087974,4.963797448188097,7.115427209860282,9.866342101217532,0.5108467619333954,True,walking_dual_task,P02,5,0.0
2026-04-01T14:05:15.110304,1896.8091787742442,95341,78,-4.468084426607719,4.769764795604233,7.28653395096537,9.788156704265155,0.07818539695237625,True,walking_dual_task,P02,5,0.0
2026-04-01T14:05:15.123653,1944.7366891699348,95341,79,-4.548086106163175,4.782293387216572,7.331653785287322,9.864510352663622,0.07635364839846659,True,walking_dual_task,P02,5,0.0
2026-04-01T14:05:15.169416,1896.6104447579012,95145,79,-4.564065169092159,3.8967118698027545,7.182647236726061,9.359779676425639,0.5047306762379833,True,walking_dual_task,P02,5,0.0
2026-04-01T14:05:15.169454,1823.5234269889768,95081,80,-4.552608714876298,3.943316645852269,7.255456108368953,9.429614818256976,0.06983514183133721,True,walking_dual_task,P02,5,0.0
2026-04-01T14:05:15.199136,1885.89901630778,95081,79,-4.578410843756368,3.2338413335818235,6.863151898710396,8.86128825903888,0.5683265592180966,True,walking_dual_task,P02,5,0.0
2026-04-01T14:05:15.199826,1872.6715907212329,95129,79,-4.5527146802239775,3.219794941443468,6.885938484660583,8.86061167408896,0.0006765849499199561,True,walking_dual_task,P02,5,0.0
2026-04-01T14:05:15.230996,1969.1627071421417,95129,79,-4.520874310686177,3.139460920403878,6.922964348403135,8.844317654461888,0.016294019627071776,True,walking_dual_task,P02,5,0.0
2026-04-01T14:05:15.274618,1943.5640000558221,95223,79,-4.524977873835488,3.65339427004468,7.42288321685989,9.429841446293583,0.5855237918316956,True,walking_dual_task,P02,5,0.0
2026-04-01T14:05:15.275002,1980.9482580226877,95223,79,-4.42117291491243,3.6039673836321398,7.392162987746766,9.336992261068483,0.09284918522510033,True,walking_dual_task,P02,5,0.0
2026-04-01T14:05:15.303998,1888.5896062418162,95261,80,-4.593002867921705,3.47305695418555,8.074006447465528,9.917024758740322,0.580032497671839,True,walking_dual_task,P02,5,0.0
2026-04-01T14:05:15.305070,1856.3457836688146,95261,79,-4.504736963171695,3.524499994519766,7.928175404171253,9.7760278517423,0.14099690699802103,True,walking_dual_task,P02,5,0.0
2026-04-01T14:05:15.319026,1906.3998245363896,95261,78,-4.50529646375676,4.165053406507757,7.959863812541418,10.050114328683401,0.27408647694110044,True,walking_dual_task,P02,5,0.0
2026-04-01T14:05:15.364321,1944.8954390435897,95292,80,-4.532444728300282,4.162693655523793,7.996474214959976,10.090325740795231,0.040211412111830214,True,walking_dual_task,P02,5,0.0
2026-04-01T14:05:15.364940,1873.8662440990568,95316,79,-4.469723900963463,4.179844327094421,7.968635210377943,10.047321905147788,0.04300383564744337,True,walking_dual_task,P02,5,0.0
2026-04-01T14:05:15.409583,1908.0695326250095,95316,79,-4.435915356300547,4.104644495239866,8.002447233615472,10.028190923958611,0.019130981189176666,True,walking_dual_task,P02,5,0.0
2026-04-01T14:05:15.410193,1944.7857609908642,95335,77,-4.515604360635568,4.145461051601029,7.958103841970888,10.045244986147619,0.017054062189007624,True,walking_dual_task,P02,5,0.0
2026-04-01T14:05:15.423587,1980.6897894718877,95335,78,-4.520270235765999,4.313244689875167,7.978396532326577,10.133693008283261,0.08844802213564229,True,walking_dual_task,P02,5,0.0
2026-04-01T14:05:15.468989,1894.956607506454,95335,79,-4.508700121999367,4.109534945098313,8.00984529772592,10.068479326522121,0.06521368176113995,True,walking_dual_task,P02,5,0.0
2026-04-01T14:05:15.469386,1935.1925636463175,95347,79,-4.535370817513205,4.185099720582662,8.002379691961295,10.105579095622677,0.037099769100555235,True,walking_dual_task,P02,5,0.0
2026-04-01T14:05:15.499007,1881.7680894680534,95347,79,-4.524298589432243,4.223271324557043,7.985904318336207,10.10346307900342,0.0021160166192562,True,walking_dual_task,P02,5,0.0
2026-04-01T14:05:15.499509,1836.1814794691763,95407,77,-4.485702633488559,4.234321088086542,7.97153667142866,10.079503960861988,0.023959118141432256,True,walking_dual_task,P02,5,0.0
2026-04-01T14:05:15.529929,1944.053011742646,95407,77,-4.499349379640933,4.259582952655463,8.053367049337252,10.160950378875949,0.08144641801396091,True,walking_dual_task,P02,5,0.0
2026-04-01T14:05:15.574444,1930.8933800363225,95477,78,-4.579477791225013,4.2076709906156795,8.039099933623456,10.16382013557779,0.0028697567018411974,True,walking_dual_task,P02,5,0.0
2026-04-01T14:05:15.575491,1892.042824434477,95477,79,-4.5103834564814225,4.18748177795357,7.892151828158353,10.008227767387078,0.1555923681907121,True,walking_dual_task,P02,5,0.0
2026-04-01T14:05:15.591136,1936.7900302014748,95536,80,-6.534069524499462,5.882775897643403,5.9231316511855345,10.601160567134272,0.592932799747194,True,walking_dual_task,P02,5,0.0
2026-04-01T14:05:15.604730,1990.628455536745,95536,78,-6.494423674486692,5.878005992938337,5.95131871976647,10.589933324671835,0.011227242462437559,True,walking_dual_task,P02,5,0.0
2026-04-01T14:05:15.619422,1893.6973992636902,95590,80,-6.479639138271845,5.861903220765519,6.291622547097468,10.767179157374075,0.1772458327022406,True,walking_dual_task,P02,5,0.0
2026-04-01T14:05:15.679190,1938.542184771051,95590,79,-6.456142224915902,5.781194395641444,6.441066982167599,10.797746289726746,0.030567132352670612,True,walking_dual_task,P02,5,0.0
2026-04-01T14:05:15.679588,1959.9244363113353,95600,80,-6.553943994291439,5.602360744061497,6.035498640029171,10.52463166199673,0.27311462773001516,True,walking_dual_task,P02,5,0.0
2026-04-01T14:05:15.680474,1911.2982525419184,95600,79,-6.331698347384739,5.212807897401162,5.929439293674896,10.120376498671302,0.40425516332542877,True,walking_dual_task,P02,5,0.0
2026-04-01T14:05:15.708655,1925.3557456204023,95627,78,-6.335192996160959,5.214651499435278,5.966215441034576,10.145096709642983,0.02472021097168131,True,walking_dual_task,P02,5,0.0
2026-04-01T14:05:15.723999,1961.508507077785,95627,79,-5.671437219814674,5.035910145106769,6.096244155937742,9.730867583966681,0.414229125676302,True,walking_dual_task,P02,5,0.0
2026-04-01T14:05:15.738811,1911.3034964797962,95538,81,-5.698280777293806,5.0943259124491025,6.013068084010226,9.725201699814194,0.005665884152486811,True,walking_dual_task,P02,5,0.0
2026-04-01T14:05:15.784686,2048.631581725126,95538,78,-5.15214802947641,5.3293612370923995,6.270089390711987,9.70879711810787,0.01640458170632364,True,walking_dual_task,P02,5,0.0
2026-04-01T14:05:15.785481,1955.6104345733486,95446,79,-5.07683349700644,5.15882442015187,6.483043106824565,9.716869644038013,0.008072525930142405,True,walking_dual_task,P02,5,0.0
2026-04-01T14:05:15.798991,1985.9725834938492,95446,79,-5.095856418340296,5.213257049129679,6.442747669676056,9.729069803005657,0.01220015896764437,True,walking_dual_task,P02,5,0.0
2026-04-01T14:05:15.829641,1931.5077763531833,95460,78,-5.280371481554672,4.717813339892667,6.521858129056778,9.626770961689546,0.10229884131611122,True,walking_dual_task,P02,5,0.0
2026-04-01T14:05:15.890089,1961.0305663287334,95460,79,-5.201616045432663,4.674819843306851,6.452006564687181,9.515205660533278,0.1115653011562685,True,walking_dual_task,P02,5,0.0
2026-04-01T14:05:15.890638,1931.0733740776857,95547,79,-5.187169238956159,4.348308029739344,6.450983834250262,9.350385011582512,0.16482064895076576,True,walking_dual_task,P02,5,0.0
2026-04-01T14:05:15.891397,1885.8045052024972,95547,79,-5.490887409846721,4.32518156688221,6.281699812652822,9.397701456760231,0.047316445177719046,True,walking_dual_task,P02,5,0.0
2026-04-01T14:05:15.903684,1862.1768847706694,95624,81,-5.4377356761886535,4.317669456338708,6.268691886538279,9.3545570064352,0.04314445032503045,True,walking_dual_task,P02,5,0.0
2026-04-01T14:05:15.918974,1928.1508922545117,95624,78,-5.822436602235072,4.34654425268969,6.074017832349534,9.47031718345994,0.11576017702473962,True,walking_dual_task,P02,5,0.0
2026-04-01T14:05:15.964619,1927.3552890341796,95684,80,-5.8921648950219065,4.417954956701633,6.183109684391162,9.6159647731668,0.14564758970685965,True,walking_dual_task,P02,5,0.0
2026-04-01T14:05:15.978885,1933.2788918984336,95684,78,-5.863213664827566,4.876487427897456,5.997959759426175,9.70221239664224,0.08624762347544035,True,walking_dual_task,P02,5,0.0
2026-04-01T14:05:15.979407,1892.0851037000439,95732,80,-5.54718131040435,5.278532069008969,6.191258602164601,9.84712162882802,0.1449092321857801,True,walking_dual_task,P02,5,0.0
2026-04-01T14:05:16.009323,1935.073884876324,95732,80,-5.527836673353985,5.417417083795253,6.146128642256409,9.883333619494918,0.03621199066689762,True,walking_dual_task,P02,5,0.0
2026-04-01T14:05:16.039381,1913.9629616368204,95712,79,-5.265288143106172,5.0701465940276895,6.6124277059056835,9.856665048620355,0.026668570874562647,True,walking_dual_task,P02,5,0.0
2026-04-01T14:05:16.039998,1852.6698365047778,95712,78,-5.3317790420571205,5.138316177362333,6.6646105599893986,9.962288633049397,0.10562358442904163,True,walking_dual_task,P02,5,0.0
2026-04-01T14:05:16.101594,1959.141948843878,95684,79,-5.314576989597477,5.051722583831833,6.356915492317362,9.704380671574052,0.257907961475345,True,walking_dual_task,P02,5,0.0
2026-04-01T14:05:16.104212,1919.5745087793753,95684,79,-5.475364609529337,5.318531070650007,6.223719008568993,9.848912054352951,0.144531382778899,True,walking_dual_task,P02,5,0.0
2026-04-01T14:05:16.105193,1905.4928404442182,95738,80,-5.411390024609959,5.3008203517508425,6.1138661153884595,9.734536315453308,0.1143757388996427,True,walking_dual_task,P02,5,0.0
2026-04-01T14:05:16.221108,1866.8972496475456,95738,80,-5.821423258648059,5.243613753796062,6.279519980411438,10.040758195460851,0.30622188000754313,True,walking_dual_task,P02,5,0.0
2026-04-01T14:05:16.222656,1939.1964313281696,95810,79,-5.822358273069343,5.191614429890876,6.317371200296461,10.038022471132715,0.002735724328136513,True,walking_dual_task,P02,5,0.0
2026-04-01T14:05:16.223708,1907.8737061519964,95810,79,-5.797218442473713,5.152278062194021,6.292516613265095,9.987465956294436,0.05055651483827894,True,walking_dual_task,P02,5,0.0
2026-04-01T14:05:16.279343,1963.3829499266428,95871,80,-5.652992349700863,4.786774456450631,6.719847131591106,10.00129380003697,0.01382784374253454,True,walking_dual_task,P02,5,0.0
2026-04-01T14:05:16.340922,1903.9898811308317,95871,80,-5.452557483810887,4.803540532065929,6.656818776489516,9.854827293285545,0.14646650675142503,True,walking_dual_task,P02,5,0.0
2026-04-01T14:05:16.341492,1989.100607613586,95918,77,-5.302661154861341,4.945384246413213,7.311954415984826,10.297558839326308,0.44273154604076304,True,walking_dual_task,P02,5,0.0
2026-04-01T14:05:16.341915,1969.108789367437,95918,79,-4.937442598080219,5.405306150259271,7.276847742654024,10.322218126795073,0.024659287468765,True,walking_dual_task,P02,5,0.0
2026-04-01T14:05:16.342304,1875.7538916278397,95944,80,-4.9507774468640005,5.463012567151417,7.251754029921575,10.341307468000135,0.019089341205061672,True,walking_dual_task,P02,5,0.0
2026-04-01T14:05:16.343084,1837.3548085966445,95944,81,-4.901127582692088,5.365252361583297,6.671504800688526,9.864885239621918,0.4764222283782171,True,walking_dual_task,P02,5,0.0
2026-04-01T14:05:16.344462,1855.656887898418,95990,80,-4.951689320595561,5.333762730828884,6.685786311206302,9.882711702543633,0.017826462921714636,True,walking_dual_task,P02,5,0.0
2026-04-01T14:05:16.344620,1887.0572102031028,95990,80,-5.4503783077108645,4.969669896025623,6.837078851869204,10.057330152645163,0.17461845010153,True,walking_dual_task,P02,5,0.0
2026-04-01T14:05:16.345366,1905.6709281084761,96040,79,-5.423369879266715,4.946556371931528,6.839732540964213,10.03311028644451,0.024219866200652973,True,walking_dual_task,P02,5,0.0
2026-04-01T14:05:16.400222,1914.450584286546,96040,80,-5.456664487382985,4.848468474489432,6.914677765759499,10.054630897266854,0.021520610822344466,True,walking_dual_task,P02,5,0.0
2026-04-01T14:05:16.401619,1950.2350651520032,95887,78,-5.4933023448305285,4.924882981052019,6.839212309820756,10.060102785139929,0.005471887873074621,True,walking_dual_task,P02,5,0.0
2026-04-01T14:05:16.402302,1887.703472404545,95887,77,-5.386007533283916,4.9185139199256795,6.871130161042483,10.020642994293404,0.03945979084652507,True,walking_dual_task,P02,5,0.0
2026-04-01T14:05:16.521987,1804.0696120188613,95773,80,-5.419235423514039,4.977049001538037,6.896671642196824,10.084800894388644,0.0641579000952408,True,walking_dual_task,P02,5,0.0
2026-04-01T14:05:16.522838,1876.803767979953,95773,77,-5.555235860368262,4.911465334237781,6.928929079901533,10.148556320385971,0.06375542599732675,True,walking_dual_task,P02,5,0.0
2026-04-01T14:05:16.523399,1897.512038336349,95810,78,-5.392079396546608,4.8514856326490845,6.838522790235756,9.968792655835347,0.17976366455062376,True,walking_dual_task,P02,5,0.0
2026-04-01T14:05:16.523799,1944.4435126220253,95810,77,-5.531782553226033,4.97413354133965,6.8972462516206585,10.144684744177676,0.17589208834232828,True,walking_dual_task,P02,5,0.0
2026-04-01T14:05:16.524455,1966.3097040671275,95892,79,-5.454149380007241,4.902574115157313,6.852822332535623,10.037138652790587,0.10754609138708915,True,walking_dual_task,P02,5,0.0
2026-04-01T14:05:16.526329,1966.20422799713,95892,81,-5.430066197818274,4.904323957791785,6.946268808644089,10.089036760642756,0.05189810785216942,True,walking_dual_task,P02,5,0.0
2026-04-01T14:05:16.579475,1946.9081736344356,95951,80,-5.476735188039085,4.94577866723755,6.92485019264987,10.119728510975504,0.030691750332747958,True,walking_dual_task,P02,5,0.0
2026-04-01T14:05:16.579807,1946.1460232772802,95951,79,-5.557657276822551,4.982359187025146,6.907425708358405,10.169758472630663,0.05002996165515938,True,walking_dual_task,P02,5,0.0
2026-04-01T14:05:16.580756,1933.451658847049,95992,80,-5.920165023439861,3.9694394869363454,6.565762333325838,9.690925588556055,0.4788328840746079,True,walking_dual_task,P02,5,0.0
2026-04-01T14:05:16.640182,1873.3395231553186,95992,79,-6.026192804818294,4.0269309929276424,6.598577918851036,9.801653100053757,0.11072751149770177,True,walking_dual_task,P02,5,0.0
2026-04-01T14:05:16.640569,1947.8539128832276,96013,79,-6.2064423596527005,4.5579770574791585,6.959658331859448,10.379399101894982,0.5777460018412253,True,walking_dual_task,P02,5,0.0
2026-04-01T14:05:16.641014,1916.7124951470255,96013,78,-6.077801560271638,4.466613627287119,6.904636799152215,10.225669583441189,0.1537295184537939,True,walking_dual_task,P02,5,0.0
2026-04-01T14:05:16.699542,1899.6174929718222,96013,78,-5.687713624426659,4.5213519199467544,7.061777095914502,10.132196465223002,0.09347311821818671,True,walking_dual_task,P02,5,0.0
2026-04-01T14:05:16.700196,1900.2767786260677,96013,80,-5.133847350668668,3.792459924517154,6.819490127297988,9.340481063379503,0.7917154018434989,True,walking_dual_task,P02,5,0.0
2026-04-01T14:05:16.700702,1833.0945098676216,96031,78,-5.259059868146509,3.7159042548428647,6.812059460841788,9.373889759643678,0.033408696264174864,True,walking_dual_task,P02,5,0.0
2026-04-01T14:05:16.759748,1948.3662345750304,96031,79,-5.114587267688109,3.6485576747372988,6.622295500701483,9.128295225467506,0.24559453417617227,True,walking_dual_task,P02,5,0.0
2026-04-01T14:05:16.819701,1933.406510016514,96084,78,-5.170773928895729,3.5539242176454797,6.578113850304426,9.090591960707604,0.0377032647599016,True,walking_dual_task,P02,5,0.0
2026-04-01T14:05:16.820449,1806.8544370094514,96084,79,-5.220936811561851,3.861869663505358,6.625668527793578,9.277483598930203,0.18689163822259935,True,walking_dual_task,P02,5,0.0
2026-04-01T14:05:16.821033,1922.467986281402,96134,78,-5.414192462459571,4.335429180290863,6.878112918312113,9.768206770688442,0.49072317175823876,True,walking_dual_task,P02,5,0.0
2026-04-01T14:05:16.821540,1901.4366644861052,96134,79,-5.353052885364115,4.327771518102281,6.83353806854359,9.699588859360837,0.06861791132760509,True,walking_dual_task,P02,5,0.0
2026-04-01T14:05:16.821949,1940.0353955044034,96164,77,-6.17222327363726,4.986889643222691,7.446091091479664,10.88162124850539,1.1820323891445526,True,walking_dual_task,P02,5,0.0
2026-04-01T14:05:16.880808,1850.5373120225083,96164,78,-5.96637654712776,4.956055795820709,7.420032820471522,10.733919377854429,0.14770187065096074,True,walking_dual_task,P02,5,0.0
2026-04-01T14:05:16.881379,1982.3584588506849,96203,80,-6.144750146638547,5.128380386594147,8.161065374826217,11.43071422993355,0.6967948520791207,True,walking_dual_task,P02,5,0.0
2026-04-01T14:05:16.881413,1863.1170465910943,96203,79,-5.519673809214408,3.959266213683614,7.822806612845355,10.360448407907887,1.0702658220256627,True,walking_dual_task,P02,5,0.0
2026-04-01T14:05:16.939363,1865.0035640426036,96254,78,-5.488479944766561,3.9762058780565797,7.933735832374701,10.4344520482248,0.07400364031691353,True,walking_dual_task,P02,5,0.0
2026-04-01T14:05:16.939650,1936.788343774089,96254,80,-5.831422523380568,2.4816965357285943,6.419507571166866,9.020775121790045,1.4136769264347553,True,walking_dual_task,P02,5,0.0
2026-04-01T14:05:16.939930,1971.18589673449,96285,79,-5.82733645349503,2.3011034621829007,6.426746607451435,8.97529939569097,0.045475726099075686,True,walking_dual_task,P02,5,0.0
2026-04-01T14:05:16.999190,1946.2329395270049,96285,79,-4.98809162219855,2.9267105766198966,6.243709004307676,8.510616602880127,0.46468279281084257,True,walking_dual_task,P02,5,0.0
2026-04-01T14:05:16.999827,1917.5793024049635,96377,80,-4.944137073457565,3.05177382099168,6.141019722786475,8.453989477831172,0.05662712504895495,True,walking_dual_task,P02,5,0.0
2026-04-01T14:05:17.000311,1887.9565749707722,96377,77,-4.150263786960837,4.384687501124779,6.7641269169313425,9.066619377267001,0.612629899435829,True,walking_dual_task,P02,5,0.0
2026-04-01T14:05:17.059525,1869.0016846338706,96248,77,-4.022912909800029,4.305459621208949,6.742540267040354,8.954477097092663,0.11214228017433747,True,walking_dual_task,P02,5,0.0
2026-04-01T14:05:17.060099,1877.6005576547898,96248,78,-4.85043359206929,4.360307047097301,6.828758831422219,9.443036098298444,0.4885590012057808,True,walking_dual_task,P02,5,0.0
2026-04-01T14:05:17.060560,1978.0904455038485,96073,80,-4.835336048032894,4.441465323679952,6.886069932693916,9.514465199726626,0.0714291014281816,True,walking_dual_task,P02,5,0.0
2026-04-01T14:05:17.239813,1884.398455005528,96073,78,-5.353033531473559,5.064830647208259,6.840730554211527,10.055002336613526,0.5405371368869005,True,walking_dual_task,P02,5,0.0
2026-04-01T14:05:17.240245,1855.3825323340222,96105,81,-5.140335900418777,4.987058217272988,6.7941306180782695,9.871879946956039,0.18312238965748762,True,walking_dual_task,P02,5,0.0
2026-04-01T14:05:17.240687,1826.0400256148262,96105,78,-5.065292740441708,5.0891752951377915,6.770757749108007,9.869146681862542,0.002733265093496584,True,walking_dual_task,P02,5,0.0
2026-04-01T14:05:17.240962,1906.121364506378,96202,78,-5.800355413863925,4.1438093357530885,6.129490097016062,9.401379025846845,0.46776765601569714,True,walking_dual_task,P02,5,0.0
2026-04-01T14:05:17.241469,1858.562081657614,96202,78,-5.837260946197276,4.216864089959059,6.067529975541616,9.416500311224027,0.015121285377182048,True,walking_dual_task,P02,5,0.0
2026-04-01T14:05:17.241841,1894.8309608943869,96289,79,-7.02846830021024,3.783227118432084,5.368403602328781,9.619351917577232,0.20285160635320487,True,walking_dual_task,P02,5,0.0
2026-04-01T14:05:17.242939,1887.0746844875914,96289,78,-7.120618979167871,3.771044806513412,5.44679465803381,9.725819534928824,0.10646761735159238,True,walking_dual_task,P02,5,0.0
2026-04-01T14:05:17.244061,1929.4548838029966,96405,81,-7.360225955752023,4.32719416401693,5.379216185461192,10.091258703588746,0.3654391686599219,True,walking_dual_task,P02,5,0.0
2026-04-01T14:05:17.244697,1882.1558278498792,96405,78,-6.4161718390068145,5.258183715116717,6.033060540262733,10.25736693952488,0.1661082359361341,True,walking_dual_task,P02,5,0.0
2026-04-01T14:05:17.299264,1884.345772800607,96458,78,-6.492632949678645,5.23511682827537,5.934483350043854,10.236152766390921,0.021214173133959235,True,walking_dual_task,P02,5,0.0
2026-04-01T14:05:17.299608,1851.2374537097712,96460,80,-5.7863741601272185,5.569823027025848,6.399072112021672,10.269039797772178,0.03288703138125726,True,walking_dual_task,P02,5,0.0
2026-04-01T14:05:17.359843,1764.9576798386508,96460,79,-5.864435030722446,5.485619989092584,6.39420728575744,10.264965256031324,0.004074541740854087,True,walking_dual_task,P02,5,0.0
2026-04-01T14:05:17.362200,1854.525204897288,96460,80,-5.662347025902592,5.1412352531707395,6.636546691710891,10.12611602547849,0.13884923055283416,True,walking_dual_task,P02,5,0.0
2026-04-01T14:05:17.362689,1921.3523448924927,96498,79,-5.668129298598902,5.176412385229653,6.5144215218442,10.067801283888212,0.058314741590278274,True,walking_dual_task,P02,5,0.0
2026-04-01T14:05:17.363368,1888.0415676237074,96498,79,-5.568072730548836,5.10880640602669,6.611895202044008,10.04094094145332,0.026860342434892104,True,walking_dual_task,P02,5,0.0
2026-04-01T14:05:17.420074,1856.266085880985,96571,80,-5.662579936240236,5.007994157391148,6.568057340428109,10.014199630620807,0.026741310832512966,True,walking_dual_task,P02,5,0.0
2026-04-01T14:05:17.429562,1927.2956040688946,96571,79,-5.638844073405212,5.047300074228062,6.652542941278515,10.076116717715921,0.061917087095114454,True,walking_dual_task,P02,5,0.0
2026-04-01T14:05:17.430080,1881.8658004566996,96643,79,-5.625516609557173,5.048293868214173,6.622840801600485,10.049563591897739,0.026553125818182366,True,walking_dual_task,P02,5,0.0
2026-04-01T14:05:17.479404,1831.4384372812694,96643,80,-5.618788972949377,5.192707500769186,6.570202158021083,10.084768569895244,0.03520497799750544,True,walking_dual_task,P02,5,0.0
2026-04-01T14:05:17.479793,1912.6736826725466,96685,78,-5.572870125166794,5.107586732125403,6.57005120412185,10.015482838233163,0.06928573166208096,True,walking_dual_task,P02,5,0.0
2026-04-01T14:05:17.540769,1928.7498774447358,96685,80,-5.523234340836769,5.0678523232148605,6.610398082246283,9.994328769831327,0.021154068401836312,True,walking_dual_task,P02,5,0.0
2026-04-01T14:05:17.541432,1928.7843055195478,96740,78,-5.538642026313379,5.068217709886608,6.564082970247088,9.972490736558287,0.021838033273040125,True,walking_dual_task,P02,5,0.0
2026-04-01T14:05:17.541531,1824.2715468046194,96740,77,-5.60293980565538,5.16914959255428,6.57806413205945,10.06896070612497,0.09646996956668374,True,walking_dual_task,P02,5,0.0
2026-04-01T14:05:17.542042,1919.6391314866794,96807,78,-5.616266912101921,5.030342515898752,6.68590329015148,10.077107851982523,0.008147145857552829,True,walking_dual_task,P02,5,0.0
2026-04-01T14:05:17.599408,1830.373132223069,96807,78,-5.646161520337837,5.167691644899394,6.6119471479765135,10.114446200269267,0.03733834828674354,True,walking_dual_task,P02,5,0.0
2026-04-01T14:05:17.599454,1807.4786045033793,96856,79,-6.332321135595215,4.715589546156527,5.871660227821558,9.839281963797365,0.2751642364719018,True,walking_dual_task,P02,5,0.0
2026-04-01T14:05:17.599764,1914.807896647165,96856,77,-6.43591472859573,4.796292340304024,5.964627274607552,10.000109856016923,0.16082789221955807,True,walking_dual_task,P02,5,0.0
2026-04-01T14:05:17.660924,1929.3127178467896,96911,78,-6.368116265161667,4.685587445195887,5.947726001410597,9.893587774970696,0.10652208104622751,True,walking_dual_task,P02,5,0.0
2026-04-01T14:05:17.661778,1994.8761845448187,96911,80,-6.345627273386467,4.812848007874515,5.901456464312768,9.91250118990292,0.01891341493222498,True,walking_dual_task,P02,5,0.0
2026-04-01T14:05:17.662552,1898.3453988937822,96834,79,-6.2507381892196054,4.4763718759037845,5.994130526314699,9.748806790989782,0.16369439891313853,True,walking_dual_task,P02,5,0.0
2026-04-01T14:05:17.719532,1826.0295103785088,96834,80,-5.784303367890947,4.345351108100315,6.5076923256389465,9.730894157765936,0.01791263322384573,True,walking_dual_task,P02,5,0.0
2026-04-01T14:05:17.719577,1945.958708851242,96725,80,-5.7093742238351926,4.250236648802459,6.480985517831877,9.626247393505103,0.10464676426083308,True,walking_dual_task,P02,5,0.0
2026-04-01T14:05:17.719963,1920.7099181251324,96725,79,-5.081906705929614,5.485021510665441,7.424148306727226,10.537040135660284,0.9107927421551807,True,walking_dual_task,P02,5,0.0
2026-04-01T14:05:17.780632,1946.01907692004,96713,80,-5.130240656022585,5.571843577318286,7.29756328507882,10.51756815706656,0.019471978593724515,True,walking_dual_task,P02,5,0.0
2026-04-01T14:05:17.781281,1937.7937960815934,96713,80,-4.33396252111944,5.70402172559774,6.921584574909821,9.961296502373,0.5562716546935604,True,walking_dual_task,P02,5,0.0
2026-04-01T14:05:17.781695,1907.086029471814,96753,79,-3.891530853756203,4.684605180557752,6.420074551344385,8.849118336210948,1.1121781661620513,True,walking_dual_task,P02,5,0.0
2026-04-01T14:05:17.843392,1929.4984722057948,96753,81,-3.9713389399838586,4.674288223036062,6.3261267007715505,8.811378008147221,0.037740328063726736,True,walking_dual_task,P02,5,0.0
2026-04-01T14:05:17.844199,1935.5192697983098,96854,80,-4.836932038745175,3.9859331248783234,5.946570470120126,8.639749694264674,0.17162831388254673,True,walking_dual_task,P02,5,0.0
2026-04-01T14:05:17.844649,1924.789120250133,96854,79,-4.8776652348599345,3.979866339802361,5.90218533564186,8.629411681123974,0.010338013140700042,True,walking_dual_task,P02,5,0.0
2026-04-01T14:05:17.959923,1859.6170686954374,96946,79,-5.885030554184372,4.3841194102080285,5.7804369324559985,9.34170962708367,0.7122979459596959,True,walking_dual_task,P02,5,0.0
2026-04-01T14:05:18.021031,1902.8552453421353,96946,79,-6.585126474813863,4.388198612426718,6.588795579023091,10.297203743422408,0.9554941163387376,True,walking_dual_task,P02,5,0.0
2026-04-01T14:05:18.021570,1862.8651610936333,96967,80,-6.5391183647978774,4.462098720552227,6.558711052763984,10.280422396693588,0.016781346728819813,True,walking_dual_task,P02,5,0.0
2026-04-01T14:05:18.022014,1909.85371703325,96967,78,-6.544577717022347,4.441120373916432,6.518034113162312,10.248893421736254,0.0315289749573342,True,walking_dual_task,P02,5,0.0
2026-04-01T14:05:18.022372,1910.525032664882,96972,78,-6.289954879044657,3.9496828192019753,7.410910140675502,10.492145436748576,0.24325201501232208,True,walking_dual_task,P02,5,0.0
2026-04-01T14:05:18.022764,1898.5191338659477,96972,80,-6.259484852722583,3.9165017372246957,7.367340636769002,10.430620525037588,0.06152491171098795,True,walking_dual_task,P02,5,0.0
2026-04-01T14:05:18.022794,1923.1643476894328,96990,80,-5.636168622132826,3.8126958502177044,7.611897082089893,10.209996257183965,0.22062426785362277,True,walking_dual_task,P02,5,0.0
2026-04-01T14:05:18.080829,1819.2763874846441,96990,80,-5.498488830480499,3.638873100735166,7.352031482009186,9.875583211872955,0.3344130453110097,True,walking_dual_task,P02,5,0.0
2026-04-01T14:05:18.081228,1929.9037597876957,97024,78,-5.36467027654594,3.5375383476841558,7.353476023462067,9.76562718748893,0.10995602438402585,True,walking_dual_task,P02,5,0.0
2026-04-01T14:05:18.081797,1849.171421638603,97024,79,-5.624920289368101,3.7873822930230965,7.070335197074117,9.796613327790114,0.030986140301184406,True,walking_dual_task,P02,5,0.0
2026-04-01T14:05:18.081828,1834.839470802578,97067,80,-5.4416326851979875,3.787365283905632,7.128537989927716,9.735068358680968,0.06154496910914631,True,walking_dual_task,P02,5,0.0
2026-04-01T14:05:18.139696,1912.7219104281583,97067,80,-5.315026119154524,4.512841293930669,6.903464095122203,9.811883392302523,0.07681503362155517,True,walking_dual_task,P02,5,0.0
2026-04-01T14:05:18.259688,1819.471926627248,97099,79,-5.264150530525685,4.550770013208224,6.797349067846448,9.727525012627929,0.08435837967459392,True,walking_dual_task,P02,5,0.0
2026-04-01T14:05:18.260382,1949.9989562498529,97099,78,-5.34937537415607,4.689422526792647,6.890351836439485,9.903708848625483,0.17618383599755383,True,walking_dual_task,P02,5,0.0
2026-04-01T14:05:18.260871,1856.855841604154,97121,79,-5.658713732718709,4.950068130328688,7.210940022387118,10.417383145983418,0.5136742973579356,True,walking_dual_task,P02,5,0.0
2026-04-01T14:05:18.261366,1894.6195996080728,97121,77,-5.640151491248647,4.821949470720517,7.108279683516575,10.275706574319388,0.14167657166403025,True,walking_dual_task,P02,5,0.0
2026-04-01T14:05:18.261782,1921.8873549996363,97143,80,-5.562581889904912,4.560211114636562,7.121953036545353,10.122255566162638,0.1534510081567504,True,walking_dual_task,P02,5,0.0
2026-04-01T14:05:18.262221,1855.2857499241697,97143,79,-5.55522057810645,4.5983032508807105,6.965957663727467,10.026436786382334,0.09581877978030384,True,walking_dual_task,P02,5,0.0
2026-04-01T14:05:18.319226,1952.847833524431,97167,80,-5.591166381648012,4.157879351998263,6.9773681483782495,9.860667750768593,0.16576903561374046,True,walking_dual_task,P02,5,0.0
2026-04-01T14:05:18.320868,1965.2648988182402,97167,78,-5.498224700891184,3.9723227214398404,7.006497842642431,9.75196568306668,0.1087020677019126,True,walking_dual_task,P02,5,0.0
2026-04-01T14:05:18.321265,1895.1875337639974,97214,81,-5.53438819172493,3.975766861251808,6.90519334465574,9.701436487387335,0.05052919567934566,True,walking_dual_task,P02,5,0.0
2026-04-01T14:05:18.321918,1843.076045599313,97215,78,-5.3044700162682865,4.302006690552449,6.955325192148033,9.747882449413122,0.046445962025787324,True,walking_dual_task,P02,5,0.0
2026-04-01T14:05:18.322291,1866.9843336643107,97215,79,-5.193899103572658,4.259404020501043,7.018717619851189,9.715014541170943,0.032867908242179666,True,walking_dual_task,P02,5,0.0
2026-04-01T14:05:18.323446,1947.3469223476693,97215,79,-5.197963232563596,4.434021733606873,7.055194846694516,9.821158018584464,0.10614347741352148,True,walking_dual_task,P02,5,0.0
2026-04-01T14:05:18.379393,1806.3153235390973,97068,79,-5.138001562019225,4.479570279932991,7.023672530951439,9.78762411242957,0.0335339061548936,True,walking_dual_task,P02,5,0.0
2026-04-01T14:05:18.442385,1825.6436707066373,97068,76,-5.229584258641546,4.475141994505388,7.077515458853899,9.872521079214419,0.08489696678484826,True,walking_dual_task,P02,5,0.0
2026-04-01T14:05:18.442976,1932.6273580847599,96993,78,-5.204524644064405,4.505343045698541,7.026162570516486,9.836267239020337,0.03625384019408173,True,walking_dual_task,P02,5,0.0
2026-04-01T14:05:18.444140,1869.1815720446957,96993,79,-5.164986828647678,4.385710770465142,7.086447531987514,9.80455437671136,0.03171286230897685,True,walking_dual_task,P02,5,0.0
2026-04-01T14:05:18.444735,1932.7587695120596,97018,79,-5.166151311377323,4.455723684628059,7.068762486442267,9.823950122813864,0.019395746102503608,True,walking_dual_task,P02,5,0.0
2026-04-01T14:05:18.445276,1857.6477220361348,97018,78,-5.203796408945753,4.49103751305279,6.974114086160254,9.79220007435423,0.03175004845963336,True,walking_dual_task,P02,5,0.0
2026-04-01T14:05:18.499664,1875.7943184734333,97086,78,-5.1358476329742775,4.450175111358653,7.004813849186969,9.75952900977527,0.032671064578961406,True,walking_dual_task,P02,5,0.0
2026-04-01T14:05:18.500264,1870.447384704023,97086,78,-5.071992195905559,4.307154239803934,7.084687820416156,9.719541346871308,0.03998766290396105,True,walking_dual_task,P02,5,0.0
2026-04-01T14:05:18.501293,1896.4899657253836,97116,78,-5.113475088896165,4.388743249892216,7.045093479459713,9.748950555447593,0.029409208576284485,True,walking_dual_task,P02,5,0.0
2026-04-01T14:05:18.559550,1835.3266506708403,97116,78,-5.120595223667686,4.382099195705032,6.920627453394278,9.660143536941963,0.08880701850563,True,walking_dual_task,P02,5,0.0
2026-04-01T14:05:18.560071,1856.3998062000053,97156,78,-5.181638871805985,4.46825729368664,7.122399177526289,9.876399884797184,0.21625634785522152,True,walking_dual_task,P02,5,0.0
2026-04-01T14:05:18.560348,1827.599434969694,97156,78,-5.088275221017767,4.433139217294839,7.085364493844605,9.784971029868956,0.09142885492822828,True,walking_dual_task,P02,5,0.0
2026-04-01T14:05:18.619198,1894.7854594541527,97200,80,-4.977534220888865,6.378747144291023,5.850209220535154,9.984448406144185,0.19947737627522955,True,walking_dual_task,P02,5,0.0
2026-04-01T14:05:18.619665,1882.115514074705,97200,79,-4.950001732051666,6.336196593194445,5.769704217034773,9.896433254814193,0.08801515132999249,True,walking_dual_task,P02,5,0.0
2026-04-01T14:05:18.620231,1907.9573785498571,97177,79,-5.654254176974737,5.740610776968016,5.9567051467216565,10.020356211006566,0.12392295619237359,True,walking_dual_task,P02,5,0.0
2026-04-01T14:05:18.680234,1886.8627408606783,97177,80,-5.605752370490899,5.737794214129124,5.985667803673906,10.008744233863526,0.01161197714304052,True,walking_dual_task,P02,5,0.0
2026-04-01T14:05:18.680867,1859.0356440126739,97154,79,-6.569452539609868,5.123218010305228,5.523473485658955,9.99569051131936,0.013053722544166035,True,walking_dual_task,P02,5,0.0
2026-04-01T14:05:18.681379,2049.6180594239345,97154,78,-6.699366226503137,4.826550459740013,5.616642757310083,9.986179101161325,0.00951141015803536,True,walking_dual_task,P02,5,0.0
2026-04-01T14:05:18.739422,1802.7771989230962,97193,78,-6.748689020370656,4.794737172166974,5.647364709508415,10.02132906385337,0.03514996269204573,True,walking_dual_task,P02,5,0.0
2026-04-01T14:05:18.739927,1880.5789193429844,97193,77,-6.45204772048431,4.9877372483852564,5.5479019755225645,9.863349277823618,0.1579797860297525,True,walking_dual_task,P02,5,0.0
2026-04-01T14:05:18.740294,1979.769618539154,97240,77,-6.4085624734498845,5.020814004355418,5.656829128769852,9.913524198514908,0.05017492069129048,True,walking_dual_task,P02,5,0.0
2026-04-01T14:05:18.799643,1912.1125571879027,97240,78,-5.9401742864749485,5.849603820892133,5.661971324537038,10.077770323587144,0.16424612507223557,True,walking_dual_task,P02,5,0.0
2026-04-01T14:05:18.800403,1867.1781567508358,97265,79,-5.627733372588182,5.740471055854741,5.808327672976224,9.917714515588266,0.1600558079988783,True,walking_dual_task,P02,5,0.0
2026-04-01T14:05:18.800443,1913.6577307109915,97265,81,-5.695748683478042,5.883123975573143,5.831975104317143,10.053090788144726,0.13537627255646,True,walking_dual_task,P02,5,0.0
2026-04-01T14:05:18.859539,1866.789854528021,97291,78,-5.723908268717333,4.877165447580657,5.790907971766652,9.491284623760677,0.5618061643840484,True,walking_dual_task,P02,5,0.0
2026-04-01T14:05:18.860363,1905.3523188255958,97291,81,-5.794617332925714,4.859909884727845,5.819743723488643,9.542836639584898,0.05155201582422109,True,walking_dual_task,P02,5,0.0
2026-04-01T14:05:18.860879,1912.93896031676,97324,79,-5.966673508611516,4.529154985236004,5.550011267694552,9.322932087610157,0.21990455197474112,True,walking_dual_task,P02,5,0.0
2026-04-01T14:05:18.979318,1875.7305756691055,97324,79,-5.884406512899385,4.537353641336152,5.62020409816522,9.316679246417808,0.006252841192349479,True,walking_dual_task,P02,5,0.0
2026-04-01T14:05:18.979953,1918.962081071502,97375,80,-6.088223406862132,4.406373291854332,5.462981911848746,9.291219575933921,0.025459670483886754,True,walking_dual_task,P02,5,0.0
2026-04-01T14:05:18.980534,1834.2345241569465,97375,80,-6.155107954367887,4.511147339039008,5.45107987942616,9.378170189132113,0.08695061319819253,True,walking_dual_task,P02,5,0.0
2026-04-01T14:05:18.981702,1854.2811291163428,97371,80,-6.287796889349412,4.622677264433205,5.199561168279272,9.377684743874552,0.0004854452575617785,True,walking_dual_task,P02,5,0.0
2026-04-01T14:05:18.982131,1862.331395929231,97371,78,-6.256309869062035,4.625963422563806,5.29766047206824,9.413084363901959,0.03539962002740715,True,walking_dual_task,P02,5,0.0
2026-04-01T14:05:18.982567,1843.9606071871237,97231,79,-6.014769949308709,5.181983259325303,5.141280041724285,9.458497159193275,0.045412795291316144,True,walking_dual_task,P02,5,0.0
2026-04-01T14:05:19.040096,1920.581845239554,97231,79,-5.742812629142385,5.493051597505145,5.406685832897937,9.611751372250032,0.15325421305675668,True,walking_dual_task,P02,5,0.0
2026-04-01T14:05:19.040148,1875.3547920100802,97164,79,-5.676444031422803,5.471400711861504,5.406889636960872,9.559952831364233,0.05179854088579816,True,walking_dual_task,P02,5,0.0
2026-04-01T14:05:19.040691,1942.0891258548124,97164,80,-5.451956872947176,5.593782091235582,5.883332837972965,9.778948671052268,0.21899583968803427,True,walking_dual_task,P02,5,0.0
2026-04-01T14:05:19.100740,1894.038523107797,97177,78,-5.461547544747095,5.506624661410648,5.818227924723361,9.69552437618614,0.08342429486612701,True,walking_dual_task,P02,5,0.0
2026-04-01T14:05:19.101404,1927.9677581670205,97177,80,-5.210933977173424,5.64241013630544,6.052612645222233,9.778790563962747,0.08326618777660677,True,walking_dual_task,P02,5,0.0
2026-04-01T14:05:19.102126,1843.6412877022851,97223,79,-5.054235827271531,5.618033106803628,6.175644671556481,9.759415089857624,0.019375474105123303,True,walking_dual_task,P02,5,0.0
2026-04-01T14:05:19.159260,1862.7341034756582,97223,77,-5.060548608859549,5.687861442599639,6.182956424032315,9.807643455709655,0.048228365852031274,True,walking_dual_task,P02,5,0.0
2026-04-01T14:05:19.160015,1923.978857060137,97245,78,-5.217627710381935,5.710146937328503,6.129190804200372,9.868961287000872,0.06131783129121615,True,walking_dual_task,P02,5,0.0
2026-04-01T14:05:19.160663,1866.544471813205,97245,80,-5.0242443304888855,5.6531129125415225,6.177067553724872,9.765084754249397,0.10387653275147457,True,walking_dual_task,P02,5,0.0
2026-04-01T14:05:19.219868,1803.5579167986978,97273,79,-5.7820649982374395,5.162803450720682,6.19481701769901,9.922830896341486,0.1577461420920887,True,walking_dual_task,P02,5,0.0
2026-04-01T14:05:19.220210,1846.2616884649258,97273,80,-5.751723167468641,5.1368776329181784,6.1549671165920055,9.866785262541162,0.05604563380032346,True,walking_dual_task,P02,5,0.0
2026-04-01T14:05:19.220512,1967.6921400321153,97284,80,-5.529580903618036,4.601909962893453,6.741814726557798,9.859305557871044,0.007479704670117826,True,walking_dual_task,P02,5,0.0
2026-04-01T14:05:19.279527,1946.5134501082393,97284,80,-4.914872885363778,5.339243271245832,6.457306713276658,9.713923212490192,0.14538234538085248,True,walking_dual_task,P02,5,0.0
2026-04-01T14:05:19.339603,1899.08679728074,97255,79,-4.891925285481411,5.405531513978328,6.454740906656377,9.737267795403822,0.023344582913630063,True,walking_dual_task,P02,5,0.0
2026-04-01T14:05:19.340095,1861.5214755036404,97255,78,-5.271643984150512,5.530901341890711,5.8104227680153855,9.599068324188048,0.13819947121577414,True,walking_dual_task,P02,5,0.0
2026-04-01T14:05:19.340476,1921.2228374316314,97250,77,-5.245501737687274,5.4534350982312185,5.83452634851034,9.554943252691862,0.04412507149618605,True,walking_dual_task,P02,5,0.0
2026-04-01T14:05:19.341052,1904.3864941411166,97250,79,-4.6410923903647054,5.092662396114646,6.291839549151369,9.330712393433132,0.22423085925873032,True,walking_dual_task,P02,5,0.0
2026-04-01T14:05:19.341513,1885.9539155172517,97344,77,-4.615681233327508,5.115281595831435,6.310167529048416,9.342849313619508,0.012136920186376798,True,walking_dual_task,P02,5,0.0
2026-04-01T14:05:19.399669,1905.7614603772843,97344,78,-4.692936243541587,5.096161190811563,6.324684166983635,9.38062574036368,0.03777642674417159,True,walking_dual_task,P02,5,0.0
2026-04-01T14:05:19.400236,1962.8587763851453,97373,79,-4.614971791989801,5.129102282127616,6.260261746797303,9.316465638846198,0.06416010151748175,True,walking_dual_task,P02,5,0.0
2026-04-01T14:05:19.400684,1917.3775652186052,97373,79,-4.653808012712665,5.115448216033745,6.224274219348706,9.304156545746658,0.012309093099540647,True,walking_dual_task,P02,5,0.0
2026-04-01T14:05:19.461379,1979.881807574635,97368,78,-4.7060247119829235,5.250799197336868,6.306679152877444,9.460008601364294,0.15585205561763615,True,walking_dual_task,P02,5,0.0
2026-04-01T14:05:19.461907,1831.3393640983948,97368,79,-4.805228856881091,5.174115215636741,6.215368011315528,9.407044814806122,0.05296378655817158,True,walking_dual_task,P02,5,0.0
2026-04-01T14:05:19.462371,1846.7072682125663,97366,78,-4.6934966627391965,5.08257490853979,6.340443778080115,9.384173161608702,0.022871653197420017,True,walking_dual_task,P02,5,0.0
2026-04-01T14:05:19.519686,1879.7915182346621,97366,78,-4.680577686258627,5.121886031356374,6.323522816986548,9.387676220037374,0.0035030584286719346,True,walking_dual_task,P02,5,0.0
2026-04-01T14:05:19.521120,1798.686131973451,97431,79,-4.733056118794206,5.043270183643686,6.262170696321663,9.33012198198686,0.05755423805051407,True,walking_dual_task,P02,5,0.0
2026-04-01T14:05:19.521158,1861.67945378484,97431,79,-4.762411832955108,5.110340097471481,6.274248593557342,9.389480166242002,0.05935818425514228,True,walking_dual_task,P02,5,0.0
2026-04-01T14:05:19.579503,1887.5449746060724,97462,81,-4.723223252606937,5.082462636095207,6.32517064404207,9.388719189406096,0.0007609768359060354,True,walking_dual_task,P02,5,0.0
2026-04-01T14:05:19.580116,1925.8311196735312,97462,79,-4.72377658562122,5.070830467515049,6.23552338991248,9.322507109532703,0.06621207987339339,True,walking_dual_task,P02,5,0.0
2026-04-01T14:05:19.580612,1894.823617814116,97443,79,-4.755941397306786,6.032603119072871,7.132076248931155,10.482260757462202,1.1597536479294988,True,walking_dual_task,P02,5,0.0
2026-04-01T14:05:19.699690,1803.318540457641,97443,77,-4.708041515153852,5.987363448369104,7.197315246011531,10.479290182152061,0.002970575310140333,True,walking_dual_task,P02,5,0.0
2026-04-01T14:05:19.759843,1860.9904134949127,97301,79,-4.469784477080426,6.251848052690568,7.488101039296788,10.730155381922371,0.25086519977030974,True,walking_dual_task,P02,5,0.0
2026-04-01T14:05:19.760502,1849.5540035638135,97301,80,-4.53857900488522,6.265007016165149,7.671580289057774,10.895051924045301,0.16489654212293026,True,walking_dual_task,P02,5,0.0
2026-04-01T14:05:19.760945,1935.0195884415693,97181,79,-4.569176518232911,5.720642733964545,7.653419665893931,10.591409723295778,0.30364220074952364,True,walking_dual_task,P02,5,0.0
2026-04-01T14:05:19.761368,1922.577943564893,97181,80,-4.7057294300290815,4.975785334759459,7.629098731809617,10.252096206432528,0.33931351686324973,True,walking_dual_task,P02,5,0.0
2026-04-01T14:05:19.761977,1777.5165639947431,97171,80,-4.736448887303939,4.844906060926405,7.6236128082117744,10.199339932112016,0.052756274320511665,True,walking_dual_task,P02,5,0.0
2026-04-01T14:05:19.762370,1837.0962279817452,97171,78,-5.035208379593742,4.240292443844842,7.599794688822748,10.054366352362399,0.14497357974961744,True,walking_dual_task,P02,5,0.0
2026-04-01T14:05:19.819601,1836.3154306113827,97199,79,-5.1107657667597195,4.37714706178392,7.648839598866606,10.187447684889309,0.1330813325269098,True,walking_dual_task,P02,5,0.0
2026-04-01T14:05:19.820183,1856.977274805882,97199,78,-5.007685982660556,4.2493891408599325,7.533128962046129,9.994111212619735,0.19333647226957318,True,walking_dual_task,P02,5,0.0
2026-04-01T14:05:19.820683,1875.5311042969563,97226,79,-4.733943684226029,4.2882940268462875,7.436681579523465,9.803260752491115,0.19085046012862072,True,walking_dual_task,P02,5,0.0
2026-04-01T14:05:19.820959,1871.6576534835754,97226,78,-4.675436488183708,4.180549890400979,7.490182368895183,9.769316028283633,0.033944724207481514,True,walking_dual_task,P02,5,0.0
2026-04-01T14:05:19.821425,1947.9135989597796,97254,80,-4.924895007390988,4.211850189320718,7.060192867604691,9.583349945550449,0.18596608273318438,True,walking_dual_task,P02,5,0.0
2026-04-01T14:05:19.879752,1927.7448978335829,97254,78,-4.909571364240122,4.202445475449313,7.081970714407963,9.587426565790375,0.004076620239926498,True,walking_dual_task,P02,5,0.0
2026-04-01T14:05:19.881026,1942.2191444500147,97297,78,-4.918150377712605,4.201155545912755,7.086156895994749,9.594348889497509,0.006922323707133415,True,walking_dual_task,P02,5,0.0
2026-04-01T14:05:19.881501,1922.2814577531824,97297,81,-5.5170111972803575,4.527534770380258,6.769025491814585,9.836447008791067,0.2420981192935585,True,walking_dual_task,P02,5,0.0
2026-04-01T14:05:19.939319,1861.992356404299,97329,80,-4.782341072112786,4.638699783064811,6.657363251544079,9.418535303879896,0.41791170491117136,True,walking_dual_task,P02,5,0.0
2026-04-01T14:05:19.939750,1880.6088756694485,97329,79,-4.793872120751646,4.583784952535388,6.6377224785684765,9.383584288730132,0.03495101514976362,True,walking_dual_task,P02,5,0.0
2026-04-01T14:05:19.999679,1898.9181673694864,97330,79,-4.711628792836773,4.23954096570809,6.335271789961045,8.961518963550867,0.42206532517926476,True,walking_dual_task,P02,5,0.0
2026-04-01T14:05:20.000387,1924.5737392958742,97330,77,-4.803739125227011,4.175828204355511,6.288137088197846,8.947296732281602,0.01422223126926525,True,walking_dual_task,P02,5,0.0
2026-04-01T14:05:20.008909,2009.8715982418214,97318,80,-5.289479761556608,4.583127043132638,5.552226477957911,8.933692881666998,0.01360385061460434,True,walking_dual_task,P02,5,0.0
2026-04-01T14:05:20.009005,1931.7431104873813,97318,81,-5.187202247410252,4.6050529936345335,5.520757232680682,8.865232126228642,0.06846075543835539,True,walking_dual_task,P02,5,0.0
2026-04-01T14:05:20.059605,1930.3022138391793,97362,79,-5.392497334726681,5.931598577864431,5.204235478010196,9.557560154377146,0.6923280281485038,True,walking_dual_task,P02,5,0.0
2026-04-01T14:05:20.059963,1885.2003127915423,97362,78,-4.4623877041364945,7.131341154587245,5.886622622390184,10.26748540703001,0.7099252526528641,True,walking_dual_task,P02,5,0.0
2026-04-01T14:05:20.119889,1842.1730420276601,97387,78,-4.576976239330295,7.050427734880704,5.913784336689663,10.277649922090417,0.010164515060406387,True,walking_dual_task,P02,5,0.0
2026-04-01T14:05:20.120007,1864.429383758641,97387,79,-4.820534789503893,6.20987399257259,6.510510087084456,10.207195121798899,0.07045480029151818,True,walking_dual_task,P02,5,0.0
2026-04-01T14:05:20.120871,1876.3990048862247,97343,78,-4.754896293162548,6.2153182993340135,6.5169100447374,10.18377812267954,0.023416999119358906,True,walking_dual_task,P02,5,0.0
2026-04-01T14:05:20.121227,1916.1940900962877,97343,80,-5.7788376426743016,5.518063923976465,6.335800525467846,10.197370360440905,0.013592237761365311,True,walking_dual_task,P02,5,0.0
2026-04-01T14:05:20.179862,1923.3321129414626,97339,80,-5.988863414448016,5.503468149313031,5.924314703748605,10.0624128009374,0.13495755950350485,True,walking_dual_task,P02,5,0.0
2026-04-01T14:05:20.181416,1977.4674206743084,97339,79,-5.9505471688068,5.508233873210098,5.996873540734817,10.085243887667719,0.022831086730318972,True,walking_dual_task,P02,5,0.0
2026-04-01T14:05:20.181801,1935.7580108905827,97393,79,-5.854286586730245,5.5044897412685945,5.716289707381706,9.861442428469523,0.22380145919819583,True,walking_dual_task,P02,5,0.0
2026-04-01T14:05:20.240030,1894.96406377371,97393,79,-5.776093091281796,5.510586115105352,5.706945923830586,9.813207554549722,0.0482348739198013,True,walking_dual_task,P02,5,0.0
2026-04-01T14:05:20.240583,1819.2146383235079,97431,80,-5.300896862329714,5.823327524219313,5.735976124782074,9.742282746022989,0.07092480852673333,True,walking_dual_task,P02,5,0.0
2026-04-01T14:05:20.240838,1836.6116860967124,97431,79,-5.305487130189085,5.857155144286,5.679306986223232,9.731854289733379,0.010428456289609755,True,walking_dual_task,P02,5,0.0
2026-04-01T14:05:20.299480,1868.906818470167,97337,79,-4.834376354946464,6.051308040495043,5.879808083638572,9.72428233046773,0.007571959265648687,True,walking_dual_task,P02,5,0.0
2026-04-01T14:05:20.299668,1875.71282050262,97337,80,-4.899320244936735,5.91019318698911,5.830134331843541,9.639719326687898,0.08456300377983261,True,walking_dual_task,P02,5,0.0
2026-04-01T14:05:20.419481,1894.9493062191711,97187,78,-4.878412140155076,5.891063319670305,5.830212785379584,9.617427575416459,0.022291751271438898,True,walking_dual_task,P02,5,0.0
2026-04-01T14:05:20.420399,1723.2128658960808,97187,78,-5.105904536624819,5.7354586342818505,5.399606572347022,9.387305152109272,0.23012242330718635,True,walking_dual_task,P02,5,0.0
2026-04-01T14:05:20.420929,1948.943679993985,97142,78,-5.063891875809586,5.72119332967213,5.436576264328991,9.377175242216632,0.010129909892640399,True,walking_dual_task,P02,5,0.0
2026-04-01T14:05:20.421590,1828.3809472159664,97142,80,-5.040567307184802,5.697877287311583,5.383635241313397,9.319691667165444,0.057483575051188396,True,walking_dual_task,P02,5,0.0
2026-04-01T14:05:20.421999,1833.3344042271951,97167,78,-5.141064545028397,5.758600807568243,5.497929557748507,9.47730221840785,0.15761055124240642,True,walking_dual_task,P02,5,0.0
2026-04-01T14:05:20.422557,1824.8034873354106,97167,78,-5.078062410109516,5.725269853756387,5.368989667307802,9.34834117835656,0.1289610400512906,True,walking_dual_task,P02,5,0.0
2026-04-01T14:05:20.423176,1860.9894352523906,97187,79,-5.059357825249667,5.7755293562214565,5.383249971671748,9.377271522462957,0.0289303441063975,True,walking_dual_task,P02,5,0.0
2026-04-01T14:05:20.479613,1917.7786152300457,97187,79,-5.108634775491437,5.7384468378949745,5.50723577808671,9.452913164530054,0.07564164206709734,True,walking_dual_task,P02,5,0.0
2026-04-01T14:05:20.480104,1809.2738066767633,97204,77,-5.082390391041771,5.711623703279089,5.4414052672994995,9.384147734227545,0.06876543030250915,True,walking_dual_task,P02,5,0.0
2026-04-01T14:05:20.480646,1948.4345424953312,97204,78,-5.189626417521845,5.709190056361179,5.409124550612714,9.422616508015976,0.03846877378843061,True,walking_dual_task,P02,5,0.0
2026-04-01T14:05:20.539965,1926.1161694111936,97220,79,-5.1657145251977665,5.797766778012953,5.510907952957216,9.522017256550052,0.09940074853407666,True,walking_dual_task,P02,5,0.0
2026-04-01T14:05:20.540558,1869.6444388055752,97220,79,-5.095194356421534,5.7285533455888915,5.440639588904092,9.400951446492957,0.12106581005709494,True,walking_dual_task,P02,5,0.0
2026-04-01T14:05:20.540833,1937.2384540857886,97209,80,-5.070741215307598,5.732788193909061,5.398582181682795,9.366000561671202,0.03495088482175568,True,walking_dual_task,P02,5,0.0
2026-04-01T14:05:20.599307,1926.4879559590522,97209,80,-5.122301978570281,5.70042896197408,5.487363435093153,9.42571086862817,0.059710306956969106,True,walking_dual_task,P02,5,0.0
2026-04-01T14:05:20.599841,1820.275385649539,97182,79,-4.24549307083972,6.106358544829364,6.714270391574913,10.019643356114937,0.5939324874867662,True,walking_dual_task,P02,5,0.0
2026-04-01T14:05:20.600103,1851.7786086034446,97182,78,-4.286663576401441,6.110461125347497,6.7621426037930705,10.071732342336304,0.05208898622136715,True,walking_dual_task,P02,5,0.0
2026-04-01T14:05:20.720356,1985.2290418777475,97170,81,-4.816310255994553,5.080709707364307,7.0649358819080765,9.94604316439339,0.12568917794291323,True,walking_dual_task,P02,5,0.0
2026-04-01T14:05:20.722305,1943.678305706886,97170,79,-4.7526409796703,4.98984497869846,6.8729422431529255,9.732599050140701,0.21344411425268994,True,walking_dual_task,P02,5,0.0
2026-04-01T14:05:20.722399,1852.237743122966,97196,80,-5.60828690622043,4.402034886490824,7.100422138816372,10.062146277696398,0.32954722755569676,True,walking_dual_task,P02,5,0.0
2026-04-01T14:05:20.722430,1907.3802715991,97196,81,-5.182709284414125,5.157624867607024,6.874267087042707,10.03579183650744,0.026354441188956912,True,walking_dual_task,P02,5,0.0
2026-04-01T14:05:20.722919,1850.5621739630164,97223,80,-5.1261031411883735,5.1637870083846575,6.9315543221393545,10.049282312823749,0.013490476316308175,True,walking_dual_task,P02,5,0.0
2026-04-01T14:05:20.723427,1983.0655181848992,97223,79,-4.7838044573485785,5.843808460653032,6.724269708352343,10.111908104883716,0.06262579205996666,True,walking_dual_task,P02,5,0.0
2026-04-01T14:05:20.780083,1875.483613951608,97225,80,-4.750726805667759,5.794217803202463,6.714676807835952,10.061274758534754,0.05063334634896144,True,walking_dual_task,P02,5,0.0
2026-04-01T14:05:20.780827,1915.012180711824,97225,78,-4.21174449028036,5.071967830986781,7.523363733389146,10.003232037439039,0.058042721095715066,True,walking_dual_task,P02,5,0.0
2026-04-01T14:05:20.781211,1862.9856046962193,97284,80,-4.698173460638901,4.166853775662744,7.939777537724336,10.123021861211132,0.11978982377209313,True,walking_dual_task,P02,5,0.0
2026-04-01T14:05:20.839538,1862.5760429118413,97284,81,-4.76520500057672,4.3080099364914455,7.851367136836535,10.144461258629121,0.02143939741798917,True,walking_dual_task,P02,5,0.0
2026-04-01T14:05:20.899606,1923.6130574584183,97338,79,-4.83848816404738,4.323002148838984,7.918713109932247,10.237447563231076,0.09298630460195412,True,walking_dual_task,P02,5,0.0
2026-04-01T14:05:20.900239,1921.6190699009114,97338,79,-5.26823568376669,4.240324620607242,7.401987028483604,10.026169362108352,0.21127820112272389,True,walking_dual_task,P02,5,0.0
2026-04-01T14:05:20.901106,1819.1497747358592,97375,78,-5.295766999961051,4.370040341340594,7.488303956623179,10.159581529255968,0.1334121671476165,True,walking_dual_task,P02,5,0.0
2026-04-01T14:05:20.901631,1840.0218392510042,97375,77,-5.30348677855343,4.50597514260095,7.449367376934086,10.194305190279449,0.0347236610234809,True,walking_dual_task,P02,5,0.0
2026-04-01T14:05:20.902293,1915.5996480031938,97393,78,-5.0023844962139,4.6632467223642,7.437934938922421,10.104088122994797,0.09021706728465162,True,walking_dual_task,P02,5,0.0
2026-04-01T14:05:20.959167,1954.3360726275732,97393,78,-5.047572259893997,4.706277763253992,7.255255565824956,10.013279653998703,0.0908084689960944,True,walking_dual_task,P02,5,0.0
2026-04-01T14:05:20.960532,1787.8399001535508,97265,79,-4.659014301507411,4.001341272361,7.14256181592814,9.419837341159603,0.5934423128391,True,walking_dual_task,P02,5,0.0
2026-04-01T14:05:20.960603,1837.0635498545762,97265,80,-4.653016956744186,4.070457194965863,7.037722670260517,9.3674291542182,0.05240818694140259,True,walking_dual_task,P02,5,0.0
2026-04-01T14:05:21.019410,1902.3401842435367,97152,78,-5.067598623393248,4.221854058789866,6.660212342320331,9.373528468316168,0.006099314097967934,True,walking_dual_task,P02,5,0.0
2026-04-01T14:05:21.019944,1843.4708173324798,97152,79,-5.129038012309397,4.257986072898397,6.517170604761205,9.322606342663782,0.050922125652386185,True,walking_dual_task,P02,5,0.0
2026-04-01T14:05:21.020417,1912.410585371025,97147,80,-5.020969419361183,4.736700583434292,6.322456671458722,9.360551516323161,0.037945173659378995,True,walking_dual_task,P02,5,0.0
2026-04-01T14:05:21.079258,1889.9391389260038,97147,79,-4.964875050159512,5.005176847469452,6.318895465770799,9.467323774197194,0.10677225787403266,True,walking_dual_task,P02,5,0.0
2026-04-01T14:05:21.139601,1950.3712101574852,97166,79,-4.9333795541509256,4.977756435135045,6.355741242882438,9.461064406255753,0.006259367941440885,True,walking_dual_task,P02,5,0.0
2026-04-01T14:05:21.140262,1865.0224891648677,97166,79,-5.150862671707062,5.064245896853476,6.743656310052532,9.88204802633006,0.42098362007430623,True,walking_dual_task,P02,5,0.0
2026-04-01T14:05:21.140751,1915.412779341962,97195,79,-5.2390273245884345,5.236149231295015,6.7469793960252895,10.019301225662668,0.1372531993326085,True,walking_dual_task,P02,5,0.0
2026-04-01T14:05:21.141197,1861.155362244149,97195,80,-5.376403027833265,4.806790886340466,6.8396269677188775,9.939388572756767,0.07991265290590022,True,walking_dual_task,P02,5,0.0
2026-04-01T14:05:21.141613,1908.139266731529,97238,81,-5.424694972601978,4.859169081292393,6.816937009678398,9.975443343545399,0.036054770788631174,True,walking_dual_task,P02,5,0.0
2026-04-01T14:05:21.201700,1898.944933492484,97238,79,-5.484441452001728,4.717769796025981,6.688887532093847,9.852799922140425,0.1226434214049732,True,walking_dual_task,P02,5,0.0
2026-04-01T14:05:21.202399,1887.2696943501028,97275,79,-5.344682198589748,4.317584818798342,6.779735914511084,9.652563677176728,0.20023624496369763,True,walking_dual_task,P02,5,0.0
2026-04-01T14:05:21.202441,1860.414066049602,97275,80,-5.303490400424975,4.2820963995356545,6.826067047880533,9.646686029122982,0.005877648053745688,True,walking_dual_task,P02,5,0.0
2026-04-01T14:05:21.259847,1871.8927127339693,97285,79,-4.706580844515434,4.265226059962031,6.792975337535268,9.299923146182513,0.3467628829404692,True,walking_dual_task,P02,5,0.0
2026-04-01T14:05:21.260505,1897.762384967136,97285,80,-4.729002850016156,4.219499942018721,6.856004215923664,9.336618313121726,0.0366951669392126,True,walking_dual_task,P02,5,0.0
2026-04-01T14:05:21.261218,1991.1676660853743,97281,79,-4.575709056518747,3.7040911897422926,6.810180763111777,9.00199794146232,0.3346203716594047,True,walking_dual_task,P02,5,0.0
2026-04-01T14:05:21.319352,1952.8625266605184,97281,79,-5.168106872071137,2.6282635130870364,6.595515839976036,8.781681327100655,0.22031661436166594,True,walking_dual_task,P02,5,0.0
2026-04-01T14:05:21.319914,1937.241361468098,97291,79,-5.0971566858467,2.5891795213954385,6.5445402715622345,8.689986434982803,0.09169489211785198,True,walking_dual_task,P02,5,0.0
2026-04-01T14:05:21.320317,1892.6517142561468,97291,77,-4.66954235821303,2.1014841301548413,7.288972928420587,8.907861007878745,0.21787457289594236,True,walking_dual_task,P02,5,0.0
2026-04-01T14:05:21.439788,1874.1241281644677,97334,80,-4.617740499338774,2.0454954353172226,7.219516635125643,8.8107320547156,0.09712895316314452,True,walking_dual_task,P02,5,0.0
2026-04-01T14:05:21.440414,1956.5024627398955,97334,79,-4.711664746527547,2.052095225134427,7.255899335216903,8.89151025751481,0.080778202799209,True,walking_dual_task,P02,5,0.0
2026-04-01T14:05:21.440830,1950.452449635176,97331,77,-4.729920015420913,2.0573372491911575,7.185141744442521,8.844831360569817,0.04667889694499294,True,walking_dual_task,P02,5,0.0
2026-04-01T14:05:21.441193,1914.0360494174688,97331,80,-4.753405536818286,2.0081658536827245,7.213740998660721,8.869366013933046,0.024534653363229353,True,walking_dual_task,P02,5,0.0
2026-04-01T14:05:21.441707,1898.651194649179,97328,78,-4.647653446980318,2.0178136862369085,7.15480035522132,8.767178722865648,0.10218729106739843,True,walking_dual_task,P02,5,0.0
2026-04-01T14:05:21.442167,1912.5680999986778,97328,78,-4.7389767724232374,2.063325486656073,7.169741798124904,8.838575132069128,0.07139640920348,True,walking_dual_task,P02,5,0.0
2026-04-01T14:05:21.499516,1838.5718066823977,97360,80,-4.774933332041747,2.076337826926542,7.165892870898837,8.857831999658162,0.019256867589033888,True,walking_dual_task,P02,5,0.0
2026-04-01T14:05:21.500063,1970.9306719738358,97360,79,-4.794875308865906,2.036629576736859,7.222110748182861,8.904918467870983,0.047086468212821586,True,walking_dual_task,P02,5,0.0
2026-04-01T14:05:21.501354,1900.8807150389327,97376,80,-4.76793726834969,2.0764134277678172,7.204085491246658,8.885019205557352,0.019899262313630928,True,walking_dual_task,P02,5,0.0
2026-04-01T14:05:21.559635,1916.2098339590655,97376,79,-4.661358134643589,2.0908202286387607,7.262361353039999,8.8792838286667,0.005735376890651622,True,walking_dual_task,P02,5,0.0
2026-04-01T14:05:21.619584,1857.538355124107,97347,78,-4.7172096709418225,2.0452959432838185,7.299697831768498,8.928655610469361,0.049371781802660664,True,walking_dual_task,P02,5,0.0
2026-04-01T14:05:21.620713,1895.622792409546,97347,78,-4.7461798862129765,2.0273234975104804,7.15471193857932,8.821914021339145,0.10674158913021614,True,walking_dual_task,P02,5,0.0
2026-04-01T14:05:21.621509,1896.725323156373,97274,79,-2.6959754792684376,7.47815154965552,7.194149367961279,10.721325455043775,1.8994114337046302,True,walking_dual_task,P02,5,0.0
2026-04-01T14:05:21.621897,1816.834423786313,97274,80,-2.6255642966222803,7.444320227277712,7.1398981756239595,10.643760495249415,0.07756495979436018,True,walking_dual_task,P02,5,0.0
2026-04-01T14:05:21.622189,1848.8659019532056,97131,77,-2.530445131875519,7.360578769179356,7.21398706769076,10.612392840238055,0.031367655011360185,True,walking_dual_task,P02,5,0.0
2026-04-01T14:05:21.679778,1880.4505325373757,97131,80,-2.503484109421955,7.395289083414013,7.154336915525589,10.58972473741612,0.02266810282193532,True,walking_dual_task,P02,5,0.0
2026-04-01T14:05:21.682004,1836.3170510493005,97063,79,-2.8567399975780248,7.437191890539442,7.137572575871538,10.696622312968762,0.10689757555264201,True,walking_dual_task,P02,5,0.0
2026-04-01T14:05:21.682573,1919.605977970576,97063,79,-3.8084190838178196,7.16909509712712,7.206588688160296,10.855178531464132,0.15855621849537016,True,walking_dual_task,P02,5,0.0
2026-04-01T14:05:21.739639,1763.133587795012,97036,78,-3.811284691768124,7.213203242115731,7.168127217820328,10.8599373766441,0.004758845179967608,True,walking_dual_task,P02,5,0.0
2026-04-01T14:05:21.739980,1851.5016045738787,97036,79,-3.5208986644811358,7.797430733404664,6.998502566463964,11.053311341882637,0.19337396523853734,True,walking_dual_task,P02,5,0.0
2026-04-01T14:05:21.740378,1798.5164326090153,97055,79,-3.4765840672866584,7.874092371600613,7.166195911179641,11.200104074999402,0.1467927331167651,True,walking_dual_task,P02,5,0.0
2026-04-01T14:05:21.799424,1872.842288870489,97055,80,-3.546157190548673,9.92688857477555,6.214021854179599,12.23651973398936,1.0364156589899576,True,walking_dual_task,P02,5,0.0
2026-04-01T14:05:21.799905,1899.7091034888085,97064,78,-3.249634239373746,9.837482522966493,5.4959920520075265,11.72783499692553,0.5086847370638292,True,walking_dual_task,P02,5,0.0
2026-04-01T14:05:21.800396,1796.1618861358572,97064,79,-3.2303102812957167,9.858229831955505,5.421804165950224,11.705364596928089,0.022470399997441604,True,walking_dual_task,P02,5,0.0
2026-04-01T14:05:21.860255,1834.4597552256052,97073,79,-2.4698728311175095,8.521249918887074,4.955899731509374,10.162328184564798,1.543036412363291,True,walking_dual_task,P02,5,0.0
2026-04-01T14:05:21.861411,1769.8593971892506,97073,79,-2.636269390005643,8.63079226945647,4.966875069685769,10.300987304771144,0.13865912020634674,True,walking_dual_task,P02,5,0.0
2026-04-01T14:05:21.861777,1917.705698644761,97047,80,-2.577868710856363,8.566068037724234,4.941139904424877,10.219481017763712,0.08150628700743212,True,walking_dual_task,P02,5,0.0
2026-04-01T14:05:21.919461,1805.2432913530706,97047,80,-2.3654431382018846,7.3716359124868704,4.69443402857489,9.053952071607977,1.1655289461557352,True,walking_dual_task,P02,5,0.0
2026-04-01T14:05:21.920210,1829.3822749411688,97047,79,-2.3070507759857577,7.360044847189617,4.6345986815771445,8.998458110970764,0.05549396063721268,True,walking_dual_task,P02,5,0.0
2026-04-01T14:05:21.920248,1855.4006507989654,97047,81,-2.5123503779204723,7.432984814572276,4.601678214902707,9.095966692364772,0.09750858139400798,True,walking_dual_task,P02,5,0.0
2026-04-01T14:05:21.979988,1771.2107503221864,97066,78,-2.6531260845981715,7.145758027442886,4.884480025158496,9.053125478182217,0.042841214182555376,True,walking_dual_task,P02,5,0.0
2026-04-01T14:05:21.980805,1786.9385902831311,97066,77,-2.6132626605792244,7.144782795391898,4.829917276719128,9.011390782030018,0.041734696152198936,True,walking_dual_task,P02,5,0.0
2026-04-01T14:05:21.980943,1859.32235967117,97088,80,-2.509199328984141,6.280133461612952,5.02545325290866,8.425635760310042,0.5857550217199758,True,walking_dual_task,P02,5,0.0
2026-04-01T14:05:22.039399,1763.8797483177148,97088,78,-2.55806203986274,6.332775614483069,4.967527319536279,8.445357070812188,0.019721310502145428,True,walking_dual_task,P02,5,0.0
2026-04-01T14:05:22.099927,1780.4569394009682,97124,80,-2.7792075352321084,6.161936533764183,4.385897745699443,8.057887775699047,0.38746929511314043,True,walking_dual_task,P02,5,0.0
2026-04-01T14:05:22.100550,1745.5762166797765,97124,78,-3.022514498950522,7.478162341462225,4.45927577296516,9.216487743223226,1.1585999675241787,True,walking_dual_task,P02,5,0.0
2026-04-01T14:05:22.101372,1867.6988539046883,97154,79,-3.04443613263726,7.481249035974301,4.44408607828654,9.218870840574455,0.002383097351229324,True,walking_dual_task,P02,5,0.0
2026-04-01T14:05:22.160331,1926.7806194542918,97154,80,-2.208492491223831,8.20412043524826,4.713016662294907,9.715840532806185,0.4969696922317297,True,walking_dual_task,P02,5,0.0
2026-04-01T14:05:22.160862,1739.9688954083972,97166,78,-2.2671780750236965,8.146384111803803,4.828082399022147,9.737250647521869,0.021410114715683548,True,walking_dual_task,P02,5,0.0
2026-04-01T14:05:22.161133,1759.4152881128143,97166,80,-1.773044337161201,9.437182586156291,5.675871274435976,11.154354132353806,1.4171034848319373,True,walking_dual_task,P02,5,0.0
2026-04-01T14:05:22.161365,1770.5135844993815,97157,80,-1.751884804047917,9.302180493734218,5.73166216091594,11.06578571234501,0.08856842000879617,True,walking_dual_task,P02,5,0.0
2026-04-01T14:05:22.219502,1783.2606562025671,97157,80,-2.1968554625480956,8.269369793387469,7.187955585138034,11.174764256888535,0.1089785445435254,True,walking_dual_task,P02,5,0.0
2026-04-01T14:05:22.219967,1834.43310272896,97151,80,-2.0862586042624494,5.459258421241241,6.884014703267617,9.030262228117035,2.1445020287715,True,walking_dual_task,P02,5,0.0
2026-04-01T14:05:22.220449,1841.3973465522388,97151,79,-2.05685122106248,5.536313942620819,6.747865554957932,8.967446602273784,0.06281562584325151,True,walking_dual_task,P02,5,0.0
2026-04-01T14:05:22.279209,1885.42425454523,97148,80,-2.3491276156528555,5.152829269639768,6.302208356075717,8.472772875515416,0.49467372675836785,True,walking_dual_task,P02,5,0.0
2026-04-01T14:05:22.279793,1812.2011137878444,97148,80,-2.331707887489874,5.214940857926802,6.464093597458938,8.626527450890448,0.15375457537503223,True,walking_dual_task,P02,5,0.0
2026-04-01T14:05:22.280403,1811.4956180585589,97130,81,-2.497131174910281,7.444476346167345,7.026050033956881,10.536663193488696,1.9101357425982481,True,walking_dual_task,P02,5,0.0
2026-04-01T14:05:22.281112,1641.749554375555,97130,79,-2.481292770717471,7.549995719784808,7.103155553478269,10.658990008424478,0.12232681493578212,True,walking_dual_task,P02,5,0.0
2026-04-01T14:05:22.339171,1815.5733272813222,97007,80,-2.469092203841847,7.579512631543634,7.169139940574154,10.721100481309634,0.06211047288515559,True,walking_dual_task,P02,5,0.0
2026-04-01T14:05:22.339749,1829.3709218394865,97007,79,-3.2584293932641546,7.660218397272899,6.9125631969609564,10.820343707885858,0.09924322657622398,True,walking_dual_task,P02,5,0.0
2026-04-01T14:05:22.340153,1746.3683228363657,96937,78,-3.289268939382629,7.765071985967171,6.966988557414662,10.938672801669602,0.11832909378374445,True,walking_dual_task,P02,5,0.0
2026-04-01T14:05:22.461552,1754.1309947887908,96937,79,-3.3578736552997603,7.641948352080914,6.957486945102942,10.866522658703024,0.07215014296657785,True,walking_dual_task,P02,5,0.0
2026-04-01T14:05:22.462116,1769.3004493580402,96933,79,-3.236608193392814,7.666816763303619,6.985606120101341,10.865284383982234,0.001238274720790855,True,walking_dual_task,P02,5,0.0
2026-04-01T14:05:22.462491,1798.9069942777369,96933,79,-3.3131874961445673,7.690456951966387,6.981650280158603,10.902466700205762,0.037182316223528744,True,walking_dual_task,P02,5,0.0
2026-04-01T14:05:22.462815,1734.2529519927666,96970,77,-3.25885688068631,7.7514288339838275,6.904348177548205,10.880019342534535,0.022447357671227408,True,walking_dual_task,P02,5,0.0
2026-04-01T14:05:22.463109,1886.790203226395,96970,81,-3.283245306388567,7.659634413770591,6.923211324391007,10.834230666582522,0.045788675952012525,True,walking_dual_task,P02,5,0.0
2026-04-01T14:05:22.464956,1768.8347452936464,97019,80,-3.372948367452475,7.568122610030632,6.880374757452555,10.769996162160295,0.06423450442222745,True,walking_dual_task,P02,5,0.0
2026-04-01T14:05:22.519478,1787.9461966806018,97019,78,-3.252605141139203,7.6854243573304775,6.868801065649301,10.808589909691214,0.03859374753091949,True,walking_dual_task,P02,5,0.0
2026-04-01T14:05:22.519981,1843.8457361069484,97034,79,-3.2962926105991643,7.702834046661858,7.031518509933156,10.938073408084092,0.12948349839287765,True,walking_dual_task,P02,5,0.0
2026-04-01T14:05:22.520325,1826.703476157039,97034,80,-3.328680465611954,7.71044832831716,6.931368717676401,10.889214818625744,0.04885858945834798,True,walking_dual_task,P02,5,0.0
2026-04-01T14:05:22.579760,1717.3578028875022,97009,80,-3.341357550048579,7.637534817310112,7.033307298394426,10.907062845539084,0.017848026913339865,True,walking_dual_task,P02,5,0.0
2026-04-01T14:05:22.580688,1726.8909736233911,97009,81,-3.3135046227431766,7.596494317491627,6.967769134529193,10.827550300632211,0.07951254490687276,True,walking_dual_task,P02,5,0.0
2026-04-01T14:05:22.581076,1746.9836957241794,96974,78,-3.2921067985015213,9.050569969671594,4.88823493665738,10.800260401704163,0.027289898928048117,True,walking_dual_task,P02,5,0.0
2026-04-01T14:05:22.639778,1737.4930434054963,96974,80,-3.3001075965166122,9.136391289818599,4.924033712609407,10.89084312402735,0.09058272232318743,True,walking_dual_task,P02,5,0.0
2026-04-01T14:05:22.699750,1820.4312017477064,96973,79,-2.8522941162258144,9.728256461764076,5.2683683260428,11.424984040696158,0.5341409166688074,True,walking_dual_task,P02,5,0.0
2026-04-01T14:05:22.700302,1862.9928678629744,96973,79,-2.8218372033286396,9.717515904598201,5.257758984664715,11.403372751034281,0.021611289661876754,True,walking_dual_task,P02,5,0.0
2026-04-01T14:05:22.701153,1864.0588628595956,96972,81,-2.7685421428661208,8.949673785823556,5.37583019777674,10.800973881313267,0.6023988697210143,True,walking_dual_task,P02,5,0.0
2026-04-01T14:05:22.701581,1776.6700423512054,96972,79,-2.7577620392438695,8.963584890791672,5.320572832190442,10.78237454469869,0.018599336614576245,True,walking_dual_task,P02,5,0.0
2026-04-01T14:05:22.702888,1750.6943440577124,96975,78,-2.8982590954932768,8.241174354627521,5.71498592984305,10.43924924054809,0.3431253041506004,True,walking_dual_task,P02,5,0.0
2026-04-01T14:05:22.759703,1808.8058227867607,96975,79,-2.270449241501704,8.14389697472281,6.09036721869884,10.419720272240347,0.019528968307742645,True,walking_dual_task,P02,5,0.0
2026-04-01T14:05:22.760350,1808.1590280535138,96975,80,-2.215448087195873,8.175801558764071,6.085420169332965,10.429970277650524,0.0102500054101764,True,walking_dual_task,P02,5,0.0
2026-04-01T14:05:22.760943,1850.914957600897,96975,79,-1.91954168360001,8.715777958881828,6.281359020140481,10.913518994508987,0.4835487168584631,True,walking_dual_task,P02,5,0.0
2026-04-01T14:05:22.819500,1857.9234239399311,96990,80,-1.9422119989446718,8.75901616406713,6.399533470383807,11.02028040704031,0.10676141253132343,True,walking_dual_task,P02,5,0.0
2026-04-01T14:05:22.820060,1886.7166037680086,96990,79,-1.7476437573792478,10.308289726868495,7.031591519109157,12.599935519175368,1.5796551121350575,True,walking_dual_task,P02,5,0.0
2026-04-01T14:05:22.820488,1768.0242235894743,96999,78,-0.29615368312075874,10.621026874527914,7.8120757635521,13.187965976940808,0.5880304577654396,True,walking_dual_task,P02,5,0.0
2026-04-01T14:05:22.879338,1769.3751198509465,96999,79,-0.22422384664684067,10.692019910396999,7.888469790728898,13.289000027728699,0.10103405078789152,True,walking_dual_task,P02,5,0.0
2026-04-01T14:05:22.879911,1806.6418306128392,97007,79,-0.28261012310297273,10.681561366304631,7.825733515304503,13.244535732005561,0.044464295723138036,True,walking_dual_task,P02,5,0.0
2026-04-01T14:05:22.939567,1803.505978773524,97007,79,1.0119244837725314,10.958303351071747,8.387922917446259,13.837111489179696,0.592575757174135,True,walking_dual_task,P02,5,0.0
2026-04-01T14:05:22.999885,1832.348051235265,96990,80,1.136961347362726,10.161824025603238,8.012024088934432,12.990299405109555,0.846812084070141,True,walking_dual_task,P02,5,0.0
2026-04-01T14:05:23.000616,1853.386936604607,96990,79,1.1232582000574156,10.04573439502725,7.936077018105617,12.851451550573339,0.13884785453621618,True,walking_dual_task,P02,5,0.0
2026-04-01T14:05:23.001267,1768.2860956401846,96929,81,0.7000635703290452,9.0057564622051,7.55326371942814,11.774783703927652,1.0766678466456874,True,walking_dual_task,P02,5,0.0
2026-04-01T14:05:23.001295,1810.0109930109888,96929,79,0.6767950231336248,8.821444876389567,7.548492315451291,11.62994743956074,0.1448362643669121,True,walking_dual_task,P02,5,0.0
2026-04-01T14:05:23.002042,1788.958662501343,96766,79,1.2329923479252318,8.970492902018375,8.138259910673227,12.174616519992538,0.5446690804317988,True,walking_dual_task,P02,5,0.0
2026-04-01T14:05:23.059522,1788.6289440200171,96766,78,1.2587880093165653,8.874190468973234,8.18625051659176,12.138801475121562,0.035815044870975754,True,walking_dual_task,P02,5,0.0
2026-04-01T14:05:23.060021,1841.5965353484398,96605,80,1.4236856552635249,7.618715604520491,7.893214863530835,11.062303068955906,1.0764984061656566,True,walking_dual_task,P02,5,0.0
2026-04-01T14:05:23.060228,1910.1731357533981,96605,77,0.4186973491563374,6.338511738968663,7.057166247575416,9.49503206846358,1.567271000492326,True,walking_dual_task,P02,5,0.0
2026-04-01T14:05:23.179210,1829.6185957269329,96504,78,0.5151881158682925,6.371770517223853,7.054350649782961,9.519912888728989,0.024880820265408943,True,walking_dual_task,P02,5,0.0
2026-04-01T14:05:23.179757,1854.5390663687149,96504,80,-0.2773457874239972,5.470259596777173,5.794138063448853,7.973248813391026,1.5466640753379624,True,walking_dual_task,P02,5,0.0
2026-04-01T14:05:23.180260,1804.7088206195433,96500,78,-0.16790691132953908,5.548222756645519,5.844261667022628,8.060171395253423,0.08692258186239687,True,walking_dual_task,P02,5,0.0
2026-04-01T14:05:23.180518,1840.4641760712352,96500,79,-0.14382209106579252,4.630255673982308,4.948366281747066,6.778368628118065,1.2818027671353587,True,walking_dual_task,P02,5,0.0
2026-04-01T14:05:23.181507,1834.6824898860277,96519,80,-0.12116125896455987,4.106665960807097,4.673697880641258,6.222767651442253,0.5556009766758114,True,walking_dual_task,P02,5,0.0
2026-04-01T14:05:23.182127,1749.1615044206258,96519,79,-0.1335537030720674,4.072768030197687,4.655355949879234,6.186890579239348,0.03587707220290515,True,walking_dual_task,P02,5,0.0
2026-04-01T14:05:23.239412,1793.4584718402452,96534,79,0.10498321866431307,4.177790125576507,5.082890716748801,6.580329007578332,0.39343842833898357,True,walking_dual_task,P02,5,0.0
2026-04-01T14:05:23.239912,1778.5836004948153,96534,79,-0.021264261613448028,4.177066640437447,4.988441140260125,6.506372483751378,0.07395652382695328,True,walking_dual_task,P02,5,0.0
2026-04-01T14:05:23.240480,1783.650605652427,96511,79,0.21863487959064037,4.584804328144503,5.293379476550874,7.006289904130159,0.4999174203787806,True,walking_dual_task,P02,5,0.0
2026-04-01T14:05:23.241181,1797.7693339335167,96511,78,0.34918281799723105,4.413328158229168,5.307272224785954,6.911333629668546,0.09495627446161325,True,walking_dual_task,P02,5,0.0
2026-04-01T14:05:23.299716,1775.909069700742,96454,79,-0.24787873220625128,4.573764058526579,5.547655340403319,7.194250572843231,0.2829169431746852,True,walking_dual_task,P02,5,0.0
2026-04-01T14:05:23.300343,1864.557529309191,96454,78,-0.7798234052289612,5.096131964754692,6.419249140870574,8.233191670191154,1.038941097347923,True,walking_dual_task,P02,5,0.0
2026-04-01T14:05:23.300387,1793.229523713306,96409,79,-0.6513943594544463,5.055515807415221,6.38730477822127,8.17191636156676,0.06127530862439379,True,walking_dual_task,P02,5,0.0
2026-04-01T14:05:23.359394,1748.0775051042297,96409,78,-0.5187786332883078,5.5685597071968695,7.274801549436797,9.176095360591072,1.0041789990243117,True,walking_dual_task,P02,5,0.0
2026-04-01T14:05:23.359504,1781.4830787665433,96358,80,-0.5363435275789766,5.553936839988731,7.274406916179824,9.167926416825384,0.008168943765687331,True,walking_dual_task,P02,5,0.0
2026-04-01T14:05:23.360832,1818.6743352239603,96358,80,-0.4623683039744177,5.589919502346807,7.234134640285423,9.15388925457452,0.014037162250865265,True,walking_dual_task,P02,5,0.0
2026-04-01T14:05:23.419453,1743.4802072555717,96295,80,-0.5172378857688184,5.52319437522818,7.24840158342231,9.127570139505139,0.026319115069380672,True,walking_dual_task,P02,5,0.0
2026-04-01T14:05:23.419951,1771.913020676315,96295,78,-0.5259159878783157,5.380696423181681,7.263740455599653,9.054855439545197,0.07271469995994195,True,walking_dual_task,P02,5,0.0
2026-04-01T14:05:23.420407,1759.6109213031637,96268,79,-0.4804775052691534,5.620753383965348,7.2702737486236355,9.202206671030245,0.14735123148504847,True,walking_dual_task,P02,5,0.0
2026-04-01T14:05:23.479782,1889.9025785343495,96268,78,-0.5268729145981312,5.582526209894757,7.184595751391829,9.113759381463643,0.0884472895666022,True,walking_dual_task,P02,5,0.0
2026-04-01T14:05:23.480365,1762.0502975652457,96246,80,-0.5350838652071594,5.523594040923983,7.305280363316712,9.174068184747524,0.06030880328388122,True,walking_dual_task,P02,5,0.0
2026-04-01T14:05:23.480457,1853.9495245786238,96246,79,-0.38443827464925673,5.567497509258229,7.27363764280494,9.167912841069166,0.006155343678358349,True,walking_dual_task,P02,5,0.0
2026-04-01T14:05:23.539816,1882.0271162877916,96236,80,-0.4883849530615709,5.476341473214944,7.290202127464094,9.131039527507971,0.03687331356119472,True,walking_dual_task,P02,5,0.0
2026-04-01T14:05:23.540581,1780.703542032913,96236,76,-0.48105446546115405,5.568630336860781,7.275483723871459,9.174623733083816,0.0435842055758453,True,walking_dual_task,P02,5,0.0
2026-04-01T14:05:23.540681,1802.4821354099242,96244,79,-0.43302484785872575,5.504350489817832,7.317677485776185,9.16699452489509,0.007629208188726366,True,walking_dual_task,P02,5,0.0
2026-04-01T14:05:23.599593,1804.1747853650047,96244,82,-0.5263571799815252,5.502453670433958,7.338326413378917,9.18722389111558,0.020229366220490874,True,walking_dual_task,P02,5,0.0
2026-04-01T14:05:23.599825,1969.307947392248,96229,78,-1.8522486451885163,8.52594820560572,6.694993398622239,10.99752492408494,1.8103010329693596,True,walking_dual_task,P02,5,0.0
2026-04-01T14:05:23.600397,1747.4172682472831,96229,78,-1.793124761758996,8.424234134987064,6.598649973713491,10.85012436094184,0.14740056314310124,True,walking_dual_task,P02,5,0.0
2026-04-01T14:05:23.659705,1799.3991373056263,96100,78,-3.0015311640874915,7.920356462857453,5.880414650203451,10.311183845031742,0.5389405159100971,True,walking_dual_task,P02,5,0.0
2026-04-01T14:05:23.660469,1880.9566772034782,96100,80,-3.065626798235951,7.926687619266641,5.911098060770219,10.352368065497812,0.04118422046606973,True,walking_dual_task,P02,5,0.0
2026-04-01T14:05:23.660678,1834.4477983492984,95977,78,-3.215697175736425,7.908902160579452,5.5036290600833295,10.157823317160585,0.19454474833722735,True,walking_dual_task,P02,5,0.0
2026-04-01T14:05:23.720106,1761.4923576906447,95977,80,-3.399460458156184,8.825525603441555,6.373539881841447,11.404746564873475,1.2469232477128909,True,walking_dual_task,P02,5,0.0
2026-04-01T14:05:23.720745,1978.6781247471952,95958,79,-3.427369468509154,8.74864276349691,6.281097933196127,11.302114975674076,0.10263158919939919,True,walking_dual_task,P02,5,0.0
2026-04-01T14:05:23.721128,1835.233107280152,95958,78,-2.8588906764963533,10.62528992991235,7.639163561690961,13.395031239871056,2.0929162641969796,True,walking_dual_task,P02,5,0.0
2026-04-01T14:05:23.779707,1756.0067658921544,95933,81,-2.8796856085820424,10.677796033150353,7.722717009993056,13.488820383794575,0.09378914392351945,True,walking_dual_task,P02,5,0.0
2026-04-01T14:05:23.780149,1869.5871197631434,95933,82,-2.600974875367678,8.67355739944227,7.638696646036191,11.846744477445196,1.6420759063493797,True,walking_dual_task,P02,5,0.0
2026-04-01T14:05:23.780172,1775.9774117234747,95887,79,-2.676994671063929,8.647670067991179,7.686575609094833,11.875687039833394,0.028942562388198922,True,walking_dual_task,P02,5,0.0
2026-04-01T14:05:23.839460,1812.969466102889,95887,79,-2.36487749047517,6.183323473116302,6.553648652685486,9.315387559355406,2.5602994804779886,True,walking_dual_task,P02,5,0.0
2026-04-01T14:05:23.839937,1800.8228449087806,95884,81,-2.4174037374885455,6.203582582197669,6.637109845309852,9.401037431202944,0.08564987184753825,True,walking_dual_task,P02,5,0.0
2026-04-01T14:05:23.899309,1855.1095086031658,95884,79,-1.825842199759786,5.699898688610941,6.060449363462218,8.517722188821491,0.8833152423814532,True,walking_dual_task,P02,5,0.0
2026-04-01T14:05:23.899878,1808.540377614221,95953,80,-1.8432606147819535,5.67583894534914,5.876478561954089,8.37530642523928,0.14241576358221053,True,walking_dual_task,P02,5,0.0
2026-04-01T14:05:23.900274,1856.2062371739194,95953,80,-1.4695920959311517,6.4129489232179,5.290534865120126,8.442474399089201,0.06716797384992113,True,walking_dual_task,P02,5,0.0
2026-04-01T14:05:23.900834,1782.939808663059,95946,78,-1.3685451041645977,6.51682096599332,5.263853491747993,8.488228601276624,0.04575420218742288,True,walking_dual_task,P02,5,0.0
2026-04-01T14:05:23.959579,1792.0111268256217,95946,80,-1.5558916574808854,7.049361242220089,4.530558597405912,8.522925200754845,0.034696599478220236,True,walking_dual_task,P02,5,0.0
2026-04-01T14:05:23.960209,1906.8515980670816,95895,79,-2.559044695446399,8.389493687781593,4.536788479676293,9.874956394837554,1.3520311940827092,True,walking_dual_task,P02,5,0.0
2026-04-01T14:05:24.019188,1819.522706592767,95895,79,-2.550778116730512,8.453689805680817,4.599333051289195,9.956164163378595,0.0812077685410415,True,walking_dual_task,P02,5,0.0
2026-04-01T14:05:24.019523,1825.0023509313585,95876,80,-3.2410254794564457,8.999227276111165,4.485141956346364,10.56441366542259,0.6082495020439946,True,walking_dual_task,P02,5,0.0
2026-04-01T14:05:24.019937,1862.1708823397241,95876,77,-3.3200482184836475,8.864015915328405,4.386135690420431,10.432242549664556,0.13217111575803386,True,walking_dual_task,P02,5,0.0
2026-04-01T14:05:24.020690,1838.659160315077,95895,79,-3.346869417910883,9.230036430048061,4.799894735416162,10.928590799899009,0.49634825023445295,True,walking_dual_task,P02,5,0.0
2026-04-01T14:05:24.079111,1807.9012982365764,95895,79,-3.3273407615083417,9.327249464452596,5.327958847754337,11.245262317913703,0.31667151801469373,True,walking_dual_task,P02,5,0.0
2026-04-01T14:05:24.079413,1958.0221385205673,95916,79,-3.1360553729884604,9.31934810570249,5.275163266514024,11.158514233807711,0.08674808410599155,True,walking_dual_task,P02,5,0.0
2026-04-01T14:05:24.199836,1845.399755032993,95916,81,-2.943285506957718,8.60796140939186,5.174082487007599,10.465708709084424,0.6928055247232869,True,walking_dual_task,P02,5,0.0
2026-04-01T14:05:24.200185,1912.952460788249,95950,77,-2.9718160749609397,8.490676083519162,5.318723811886479,10.450459038997701,0.015249670086722844,True,walking_dual_task,P02,5,0.0
2026-04-01T14:05:24.201405,1892.965841288413,95950,80,-2.9989420259657535,8.204909885707824,5.136939221224759,10.134216500067817,0.31624253892988463,True,walking_dual_task,P02,5,0.0
2026-04-01T14:05:24.201455,1937.3919907339255,95986,80,-2.9680433788685616,8.364044760800832,5.112541159782732,10.242294829284983,0.10807832921716631,True,walking_dual_task,P02,5,0.0
2026-04-01T14:05:24.201704,1897.1720547479927,95986,79,-2.5157061500724702,9.07343448251861,5.2403315670530946,10.775762881333431,0.5334680520484483,True,walking_dual_task,P02,5,0.0
2026-04-01T14:05:24.202474,1791.9288990560847,96011,79,-1.7853299871787114,11.281464012507907,6.031815772565038,12.916719201979848,2.140956320646417,True,walking_dual_task,P02,5,0.0
2026-04-01T14:05:24.259637,1841.3881953995467,96011,80,-1.786371085795946,11.35606034602264,5.990404375543233,12.962876718583846,0.046157516603997806,True,walking_dual_task,P02,5,0.0
2026-04-01T14:05:24.260568,1982.0274696925203,96035,80,-0.4955944882220915,10.460929978651341,6.757776968599881,12.4637161180902,0.49916060049364575,True,walking_dual_task,P02,5,0.0
2026-04-01T14:05:24.260594,1858.0584684006647,96035,79,-0.5150516340599683,10.515048100977408,6.700834404522493,12.479290703739887,0.015574585649686057,True,walking_dual_task,P02,5,0.0
2026-04-01T14:05:24.261010,1884.0192556144393,96018,79,-0.28230376750515024,8.590268509264119,6.92471551951049,11.037395231872049,1.4418954718678378,True,walking_dual_task,P02,5,0.0
2026-04-01T14:05:24.319767,1906.061305503449,96018,79,-0.9387445947888179,7.629105484176049,6.198308308129613,9.874386957455075,1.163008274416974,True,walking_dual_task,P02,5,0.0
2026-04-01T14:05:24.320330,1905.7667855542425,96018,80,-0.9607602448000523,7.67864685331456,6.189039789940079,9.909030793542192,0.03464383608711685,True,walking_dual_task,P02,5,0.0
2026-04-01T14:05:24.320773,1858.0731712231527,96018,77,-1.3420480644410493,7.748817888905681,6.135871499830961,9.974677475744894,0.06564668220270242,True,walking_dual_task,P02,5,0.0
2026-04-01T14:05:24.379471,1879.446061414423,95931,80,-1.5302016888181456,7.725534024103924,6.255091994482815,10.057413635000415,0.08273615925552136,True,walking_dual_task,P02,5,0.0
2026-04-01T14:05:24.380304,1900.8671822121664,95931,79,-1.384212846537036,7.756238186688474,6.160207824723979,10.001171754197266,0.05624188080314951,True,walking_dual_task,P02,5,0.0
2026-04-01T14:05:24.380906,1925.8745803073675,95792,81,-1.3305849771191522,7.721635718656682,6.191147927912537,9.986211855266518,0.014959898930747784,True,walking_dual_task,P02,5,0.0
2026-04-01T14:05:24.439178,2038.3117588468242,95792,80,-1.3401729140325813,7.821743185195748,6.226307542447024,10.086755449984668,0.10054359471815033,True,walking_dual_task,P02,5,0.0
2026-04-01T14:05:24.439875,1825.0653376613695,95667,78,-1.3048794543592621,7.7453122038733895,6.179774164202538,9.994107276111466,0.09264817387320257,True,walking_dual_task,P02,5,0.0
2026-04-01T14:05:24.440492,1908.5189200755763,95667,80,-1.3721798263461045,7.663011121620987,6.2151849146716,9.961583230063361,0.03252404604810444,True,walking_dual_task,P02,5,0.0
2026-04-01T14:05:24.499687,1883.185230167347,95631,80,-1.31761167359557,7.715468607167973,6.176473538665652,9.97062594446441,0.009042714401049423,True,walking_dual_task,P02,5,0.0
2026-04-01T14:05:24.500295,1882.5023075136862,95631,80,-1.3897565306028894,7.867766583313494,6.217249784685948,10.123604551197925,0.15297860673351416,True,walking_dual_task,P02,5,0.0
2026-04-01T14:05:24.500791,1834.854621906829,95653,79,-1.3619137698532668,7.760145706721895,6.2012097304857905,10.026448654810029,0.09715589638789623,True,walking_dual_task,P02,5,0.0
2026-04-01T14:05:24.559654,1887.5971131985855,95653,79,-1.3239092048516377,7.636174498193479,6.18252110293607,9.914003416269392,0.11244523854063715,True,walking_dual_task,P02,5,0.0
2026-04-01T14:05:24.560319,1861.2065414162412,95679,80,-1.3823751685354824,7.742694195200972,6.137585950908043,9.976484140806626,0.06248072453723452,True,walking_dual_task,P02,5,0.0
2026-04-01T14:05:24.560363,1885.692090227636,95679,80,-1.3595691863530106,7.744435568050763,6.093311374902717,9.947520000064799,0.028964140741827293,True,walking_dual_task,P02,5,0.0
2026-04-01T14:05:24.619532,1823.4169022804276,95699,79,0.9096084636954204,5.690848039502579,5.939912890659931,8.276213150624185,1.6713068494406134,True,walking_dual_task,P02,5,0.0
2026-04-01T14:05:24.619855,1907.5209478693355,95699,78,0.9523257007298555,5.776215087659757,6.0157475569097505,8.394093378539726,0.1178802279155402,True,walking_dual_task,P02,5,0.0
2026-04-01T14:05:24.620390,1842.327653748269,95685,80,0.4800611557642552,5.414794047954488,6.260837146494471,8.291473636812825,0.10261974172690103,True,walking_dual_task,P02,5,0.0
2026-04-01T14:05:24.679671,1836.5791765514803,95685,77,0.5488881593851355,5.349064082479332,6.31633512523257,8.295170533764233,0.0036968969514088457,True,walking_dual_task,P02,5,0.0
2026-04-01T14:05:24.680433,1949.4385201278858,95653,80,-0.06020907974670217,5.345789384667801,6.404440649269892,8.342538541027631,0.047368007263397516,True,walking_dual_task,P02,5,0.0
2026-04-01T14:05:24.681063,1894.2196687665705,95653,79,0.008998945611907248,5.39770902499665,6.42158411851906,8.388807203099176,0.04626866207154556,True,walking_dual_task,P02,5,0.0
2026-04-01T14:05:24.739710,1911.5381811828295,95630,80,-0.48905672415398527,6.179181618663614,6.0951351510046665,8.69322347952031,0.3044162764211329,True,walking_dual_task,P02,5,0.0
2026-04-01T14:05:24.740531,1829.0005843079928,95630,78,-0.4453075153456501,6.233836546776336,6.130169801312375,8.75431314656209,0.06108966704178087,True,walking_dual_task,P02,5,0.0
2026-04-01T14:05:24.740571,1949.7741755596037,95627,79,-0.7716977905510014,6.7710593996322155,6.2760287978684985,9.26451835472108,0.5102052081589896,True,walking_dual_task,P02,5,0.0
2026-04-01T14:05:24.799299,1930.7392161623973,95627,80,-0.7136562373317372,6.87786988554746,6.230653501070514,9.307816201344188,0.04329784662310843,True,walking_dual_task,P02,5,0.0
2026-04-01T14:05:24.799875,1934.2708473732537,95630,79,-0.5588796542202462,7.060704747188078,6.598680236814459,9.680313985744023,0.37249778439983494,True,walking_dual_task,P02,5,0.0
2026-04-01T14:05:24.800381,1828.0390176387705,95630,79,-0.5577473659097225,7.118329733786807,6.620906631916093,9.737458854939675,0.05714486919565154,True,walking_dual_task,P02,5,0.0
2026-04-01T14:05:24.919874,1967.8848392826535,95635,79,-0.23139270425119296,7.135434922003605,6.603344821691692,9.724820663842175,0.01263819109749953,True,walking_dual_task,P02,5,0.0
2026-04-01T14:05:24.920500,1858.4062757236459,95635,78,-0.47958212731070277,7.11954679627459,7.162559042027938,10.110400468414484,0.3855798045723091,True,walking_dual_task,P02,5,0.0
2026-04-01T14:05:24.921027,1946.039847971649,95649,80,-0.4567100757643827,7.091230584825789,7.205747220508445,10.120124915550134,0.009724447135649683,True,walking_dual_task,P02,5,0.0
2026-04-01T14:05:24.921498,1985.2255748004054,95649,79,0.4004879492206227,8.148393894889226,7.054820027440218,10.785508763304147,0.665383847754013,True,walking_dual_task,P02,5,0.0
2026-04-01T14:05:24.922312,1933.0753330756158,95642,80,0.5508678226189149,8.05637069884514,7.175115033776194,10.802353444649393,0.01684468134524586,True,walking_dual_task,P02,5,0.0
2026-04-01T14:05:24.922342,1817.045363998297,95642,78,-0.11837653274412782,8.954910447309608,6.563615219462419,11.103399428643373,0.30104598399397986,True,walking_dual_task,P02,5,0.0
2026-04-01T14:05:24.979827,1905.4564199316917,95633,79,-1.7398268153130987,9.2183892612932,5.945769653947943,11.10665902500912,0.0032595963657477967,True,walking_dual_task,P02,5,0.0
2026-04-01T14:05:24.980939,1824.5457556355818,95633,81,-1.7248494269925405,9.249270237017106,5.903910539710601,11.107666952338501,0.00100792732938082,True,walking_dual_task,P02,5,0.0
2026-04-01T14:05:25.040050,1973.2173961237722,95630,77,-2.8594024786092174,9.550879351217132,5.196364658434163,11.242672483871702,0.13500553153320105,True,walking_dual_task,P02,5,0.0
2026-04-01T14:05:25.040593,1922.4331382738044,95630,79,-2.896419714796457,9.560015595605249,5.118275641416227,11.224076393805944,0.01859609006575802,True,walking_dual_task,P02,5,0.0
2026-04-01T14:05:25.040902,1884.40491139949,95613,78,-3.1619037329028306,9.042301882641599,4.627958882298264,10.638555445605013,0.5855209482009318,True,walking_dual_task,P02,5,0.0
2026-04-01T14:05:25.041287,1940.2696165675586,95613,79,-3.2587789356775336,8.652512530043895,5.100136972046423,10.55921447683572,0.07934096876929253,True,walking_dual_task,P02,5,0.0
2026-04-01T14:05:25.099249,1894.8140837849014,95551,80,-3.30603467308373,8.738107273511813,5.172326682331,10.678827055991922,0.11961257915620216,True,walking_dual_task,P02,5,0.0
2026-04-01T14:05:25.099901,1881.7313539327165,95551,80,-3.4419444116902587,8.975850267853414,5.436107373605134,11.04373726332957,0.36491020733764756,True,walking_dual_task,P02,5,0.0
2026-04-01T14:05:25.100289,1757.8783029195822,95501,78,-3.4394373760151145,8.964801071877934,5.388274737705545,11.01049010584312,0.03324715748644991,True,walking_dual_task,P02,5,0.0
2026-04-01T14:05:25.159671,1840.2426235090072,95501,80,-3.6187340838129174,9.25854568992513,5.303199921552913,11.266757921857527,0.2562678160144074,True,walking_dual_task,P02,5,0.0
2026-04-01T14:05:25.160556,1855.359617678078,95501,78,-3.873836857924268,8.779146166429372,5.018287148717729,10.828814585185658,0.4379433366718697,True,walking_dual_task,P02,5,0.0
2026-04-01T14:05:25.160755,1936.2816577102835,95501,80,-3.8950367737883664,8.836354106082808,5.064282353221797,10.904101114278237,0.07528652909257971,True,walking_dual_task,P02,5,0.0
2026-04-01T14:05:25.219328,1877.077924350769,95535,79,-3.681367784538532,7.801558565371892,4.7172981932912394,9.832074402606729,1.0720267116715085,True,walking_dual_task,P02,5,0.0
2026-04-01T14:05:25.220055,1926.1068004619547,95535,79,-3.728927811044069,7.728133093371598,4.639248731443247,9.754566752093142,0.07750765051358677,True,walking_dual_task,P02,5,0.0
2026-04-01T14:05:25.220890,1916.7309924147098,95601,77,-3.4339375228446403,6.818245238405787,4.596128568174107,8.910936699193286,0.8436300528998562,True,walking_dual_task,P02,5,0.0
2026-04-01T14:05:25.279553,1849.0126329274103,95601,78,-3.375703430289666,6.994397289750216,4.523593758388657,8.987762101161078,0.07682540196779186,True,walking_dual_task,P02,5,0.0
2026-04-01T14:05:25.280516,1814.8677281446237,95651,77,-3.1215645998677264,7.165441657059474,4.9246009635415815,9.23793344541869,0.25017134425761256,True,walking_dual_task,P02,5,0.0
2026-04-01T14:05:25.280613,1969.2571912110566,95651,80,-3.073489636549627,7.927130525914682,5.197991621733826,9.965182076634695,0.7272486312160051,True,walking_dual_task,P02,5,0.0
2026-04-01T14:05:25.339579,1905.7109585474627,95617,78,-3.089314869974129,7.800914039395801,5.228028722774869,9.885869235532342,0.07931284110235381,True,walking_dual_task,P02,5,0.0
2026-04-01T14:05:25.340079,1902.4931734909267,95617,80,-3.307303300275878,8.382234760601428,5.560923075997227,10.588861136071671,0.7029919005393293,True,walking_dual_task,P02,5,0.0
2026-04-01T14:05:25.340291,2011.40094558564,95549,80,-3.277069903675511,8.34565372946297,5.622584807696081,10.583127290428372,0.005733845643298707,True,walking_dual_task,P02,5,0.0
2026-04-01T14:05:25.399642,1933.8023982826378,95549,78,-3.2312694052764237,8.355414927869607,5.505079352131093,10.514749605178519,0.06837768524985322,True,walking_dual_task,P02,5,0.0
2026-04-01T14:05:25.400138,1857.0992870800853,95438,78,-3.2814568058044387,8.390446527554571,5.586843775458413,10.600961044711525,0.08621143953300603,True,walking_dual_task,P02,5,0.0
2026-04-01T14:05:25.400302,1884.414601659596,95438,78,-3.3347661924610876,8.349072851994634,5.531867010793252,10.556004721076905,0.04495632363462043,True,walking_dual_task,P02,5,0.0
2026-04-01T14:05:25.459324,1833.7110990363146,95405,79,-3.345355407646682,8.347765769291966,5.549721615033621,10.567686887242873,0.01168216616596851,True,walking_dual_task,P02,5,0.0
2026-04-01T14:05:25.460558,1830.8228353141099,95405,80,-3.3170325651741552,8.325609947425798,5.625809789236653,10.581503759852481,0.013816872609607955,True,walking_dual_task,P02,5,0.0
2026-04-01T14:05:25.460999,2019.9317460664279,95476,79,-3.3257453042790237,8.383924481246705,5.553337351438071,10.5919935458373,0.010489785984818312,True,walking_dual_task,P02,5,0.0
2026-04-01T14:05:25.523552,1891.5558108307987,95476,81,-3.3015150829492903,8.47241880113541,5.551194857991058,10.653527422227851,0.06153387639055197,True,walking_dual_task,P02,5,0.0
2026-04-01T14:05:25.524077,1872.4354818640463,95538,79,-3.2580554662329764,8.329137656795178,5.556942701273676,10.529438337923482,0.12408908430436938,True,walking_dual_task,P02,5,0.0
2026-04-01T14:05:25.524796,2018.9549003763693,95538,80,-3.2943110558843935,8.387945307691831,5.5880679345565,10.603613302029176,0.07417496410569413,True,walking_dual_task,P02,5,0.0
2026-04-01T14:05:25.640429,1900.1984197572935,95608,81,-3.2656436426355477,8.316678334547571,5.49899024724087,10.49144702413681,0.11216627789236533,True,walking_dual_task,P02,5,0.0
2026-04-01T14:05:25.641035,1803.924899393296,95608,79,-3.2069588004765315,8.434969841467016,5.64110252671568,10.64214915754003,0.15070213340321992,True,walking_dual_task,P02,5,0.0
2026-04-01T14:05:25.641473,1908.3112552373102,95791,78,-2.5034251906988194,9.65578324205148,6.689368559872486,12.010367997389512,1.3682188398494812,True,walking_dual_task,P02,5,0.0
2026-04-01T14:05:25.641884,1857.8353057287459,95791,79,-1.141286620001386,10.691232126569462,7.5053503995269075,13.112408785301954,1.1020407879124416,True,walking_dual_task,P02,5,0.0
2026-04-01T14:05:25.642236,1866.4744476942126,95867,77,-0.6075392540300845,9.319385778090526,6.8151000795502865,11.561385916937022,1.5510228683649316,True,walking_dual_task,P02,5,0.0
2026-04-01T14:05:25.642888,1914.6944156341794,95867,78,-0.6977968011265885,9.376983263193209,6.956962470831685,11.696754349580424,0.1353684326434017,True,walking_dual_task,P02,5,0.0
2026-04-01T14:05:25.699368,1880.0339138500713,95908,80,-0.7356414348144954,9.65919794933052,6.62939546098295,11.738405237640597,0.041650888060173585,True,walking_dual_task,P02,5,0.0
2026-04-01T14:05:25.700214,1823.2435488452215,95908,79,-0.7561776932111921,9.52082641381494,6.520415034818861,11.564331045590068,0.17407419205052932,True,walking_dual_task,P02,5,0.0
2026-04-01T14:05:25.700390,1870.9423170296695,95924,77,-0.1065213462156295,9.900323816456547,6.566069410852819,11.880278867772144,0.3159478221820766,True,walking_dual_task,P02,5,0.0
2026-04-01T14:05:25.760246,1860.0643165734725,95924,79,-0.1526714550846299,9.939296926264904,6.624180789390854,11.945405103728858,0.06512623595671307,True,walking_dual_task,P02,5,0.0
2026-04-01T14:05:25.761078,1717.4092780205324,95744,79,-0.09628821621389493,8.539755370800378,6.935443303867729,11.0016847362056,0.943720367523257,True,walking_dual_task,P02,5,0.0
2026-04-01T14:05:25.761644,1848.115779673673,95744,78,-0.1176312389320745,8.52674885178739,6.913718317628455,10.978104757440672,0.023579978764928455,True,walking_dual_task,P02,5,0.0
2026-04-01T14:05:25.819524,1871.7740632691366,95613,79,-0.1537182130708528,7.00622338244914,6.700414792474173,9.6956873797072,1.2824173777334718,True,walking_dual_task,P02,5,0.0
2026-04-01T14:05:25.819852,1966.6326159489367,95613,78,-0.17433137320516817,6.942147968529234,6.715793259910853,9.660522188500073,0.03516519120712758,True,walking_dual_task,P02,5,0.0
2026-04-01T14:05:25.940020,1929.077397852641,95615,79,-0.6638940182770663,5.584440000095182,5.754577760363245,8.04623455923542,1.614287629264652,True,walking_dual_task,P02,5,0.0
2026-04-01T14:05:25.940526,1838.738947840686,95615,80,-1.1952461264594365,4.37694042030497,4.610064664050103,6.468300932427241,1.5779336268081794,True,walking_dual_task,P02,5,0.0
2026-04-01T14:05:25.940870,1917.4257595663626,95687,81,-1.2570142180112545,4.385167793984442,4.677426255327668,6.5336129132134415,0.06531198078620015,True,walking_dual_task,P02,5,0.0
2026-04-01T14:05:25.999588,1784.8021941138518,95687,79,-0.9216208338365047,3.962404051166802,3.96178195137224,5.678533882639375,0.8550790305740668,True,walking_dual_task,P02,5,0.0
2026-04-01T14:05:26.059564,1857.4746183801199,95771,76,-0.8767306419876175,4.118934857884835,3.9696315740502794,5.7872494171061675,0.10871553446679272,True,walking_dual_task,P02,5,0.0
2026-04-01T14:05:26.060161,1791.354810962608,95771,77,-0.40641963245248003,4.545145331302583,3.924600452171113,6.018804840621283,0.2315554235151156,True,walking_dual_task,P02,5,0.0
2026-04-01T14:05:26.060724,1913.4181906756935,95875,79,0.7706859766403854,6.3900627438100015,4.720005726106654,7.981560799674357,1.9627559590530739,True,walking_dual_task,P02,5,0.0
2026-04-01T14:05:26.061439,1919.7846181278064,95875,78,0.8057434211623923,6.396982517036261,4.7727454402672205,8.021826900501257,0.04026610082689963,True,walking_dual_task,P02,5,0.0
2026-04-01T14:05:26.061828,1879.8657068184052,95914,79,1.6635382923472914,8.29953903963224,5.651467321214727,10.17785786908244,2.1560309685811827,True,walking_dual_task,P02,5,0.0
2026-04-01T14:05:26.062292,1996.3415920066702,95914,78,1.6442494680065973,8.209768367339121,5.586882911589113,10.065640249194708,0.1122176198877316,True,walking_dual_task,P02,5,0.0
2026-04-01T14:05:26.062881,1914.0012672037635,95861,79,1.0138537263204248,8.228753516653287,5.892396768490768,10.171559540873174,0.10591929167846637,True,walking_dual_task,P02,5,0.0
2026-04-01T14:05:26.063572,1885.693823434279,95861,78,1.1104767785482175,8.261706976822627,5.864916647259849,10.192458394611194,0.020898853738019696,True,walking_dual_task,P02,5,0.0
2026-04-01T14:05:26.064472,1846.9086485933105,95836,80,0.6264990729548888,7.135458690718221,6.059219495559324,9.38197275154462,0.8104856430665741,True,walking_dual_task,P02,5,0.0
2026-04-01T14:05:26.119577,1913.6383239797651,95836,79,0.5776049596033034,7.043719414023822,6.374771321179126,9.517632062135114,0.1356593105904942,True,walking_dual_task,P02,5,0.0
2026-04-01T14:05:26.120104,1830.5928879985572,95836,78,0.6171355267613557,7.068494508044736,6.313492184365009,9.497613091229168,0.020018970905946176,True,walking_dual_task,P02,5,0.0
2026-04-01T14:05:26.120555,1804.5674539637832,95836,79,0.6351202888649805,7.269923286978464,6.2124530122147785,9.583826730949186,0.08621363972001816,True,walking_dual_task,P02,5,0.0
2026-04-01T14:05:26.179569,1916.8760764411888,95834,79,0.6089494564608214,7.2106534753301705,6.2463525056819575,9.559354717084949,0.02447201386423714,True,walking_dual_task,P02,5,0.0
2026-04-01T14:05:26.240630,1908.8516374331314,95834,80,0.13249782538199503,7.3541304308848225,6.471119394733465,9.796743147040896,0.23738842995594744,True,walking_dual_task,P02,5,0.0
2026-04-01T14:05:26.241201,1862.998618115717,95855,79,0.1753059701863726,7.438158678404902,6.7236430675604435,10.028175946216079,0.23143279917518278,True,walking_dual_task,P02,5,0.0
2026-04-01T14:05:26.241378,1977.027970557216,95855,79,0.21731776677230485,7.550718404345405,6.770951716046781,10.144277331309125,0.1161013850930459,True,walking_dual_task,P02,5,0.0
2026-04-01T14:05:26.241967,1825.6282978553618,95884,80,1.1372092901430995,7.895403072669498,6.589741649652781,10.346754547135797,0.2024772158266721,True,walking_dual_task,P02,5,0.0
2026-04-01T14:05:26.242676,1914.5485254158718,95884,78,1.166328043347463,7.949114964690294,6.566457814113428,10.376276694994846,0.029522147859049497,True,walking_dual_task,P02,5,0.0
2026-04-01T14:05:26.299422,1861.3797039803874,95899,77,1.2459499955192819,8.786685315949244,6.638033925061542,11.082496317306877,0.7062196223120303,True,walking_dual_task,P02,5,0.0
2026-04-01T14:05:26.300049,1886.4288872412671,95899,79,0.0714159024254143,10.043401886064926,6.242017199586033,11.825303395518425,0.7428070782115483,True,walking_dual_task,P02,5,0.0
2026-04-01T14:05:26.300402,1892.1379405726905,95907,79,0.02714050950071783,10.06691959721783,6.25022190448007,11.849425329497917,0.024121933979492027,True,walking_dual_task,P02,5,0.0
2026-04-01T14:05:26.359967,1937.0540639334622,95907,77,-1.7455445293018819,9.371951791421786,5.757887245589803,11.137040523291432,0.7123848062064848,True,walking_dual_task,P02,5,0.0
2026-04-01T14:05:26.360643,1879.3450097566601,95867,81,-1.7253484097835226,9.491913131512732,5.7831549782516385,11.248027539697931,0.110987016406499,True,walking_dual_task,P02,5,0.0
2026-04-01T14:05:26.361138,1911.4217263997418,95867,80,-1.8085578520947423,9.312946521110993,5.873842658435908,11.158130756784862,0.08989678291306902,True,walking_dual_task,P02,5,0.0
2026-04-01T14:05:26.419560,1873.7201768933387,95856,80,-1.7710358830427213,9.405639170572856,5.643972678554835,11.111122531153763,0.04700822563109952,True,walking_dual_task,P02,5,0.0
2026-04-01T14:05:26.420006,1906.4551949356749,95856,79,-1.719432258902193,9.412181888710968,5.8036055289105395,11.190507242048202,0.07938471089443944,True,walking_dual_task,P02,5,0.0
2026-04-01T14:05:26.420389,1924.4258116876372,95786,79,-1.7494631312326705,9.412207835702171,5.814195285951072,11.200676069468818,0.010168827420615756,True,walking_dual_task,P02,5,0.0
2026-04-01T14:05:26.480133,1881.753009059334,95786,78,-1.7042801046406326,9.467418190651909,5.815138087448506,11.240658737274023,0.0399826678052051,True,walking_dual_task,P02,5,0.0
2026-04-01T14:05:26.480802,1858.5760558247287,95689,80,-1.7609009328698209,9.505695335494677,5.7856934166038485,11.266466358959235,0.025807621685212112,True,walking_dual_task,P02,5,0.0
2026-04-01T14:05:26.480841,2017.7792460660985,95689,80,-1.812309030978992,9.364871980573847,5.69743250724527,11.110626823492915,0.15583953546632046,True,walking_dual_task,P02,5,0.0
2026-04-01T14:05:26.540053,1865.934817019564,95682,80,-1.7431863619851176,9.370441728543653,5.705540389808357,11.108423291375676,0.0022035321172388933,True,walking_dual_task,P02,5,0.0
2026-04-01T14:05:26.540114,1876.6112422301512,95682,79,-1.7074418285931692,9.441448844963618,5.720949671366678,11.170746574531398,0.06232328315572211,True,walking_dual_task,P02,5,0.0
2026-04-01T14:05:26.540514,1921.2070394283123,95741,79,-1.8480743670151356,9.46107554396051,5.676073044163718,11.186828617496024,0.016082042964626453,True,walking_dual_task,P02,5,0.0
2026-04-01T14:05:26.659697,1882.1131061166916,95741,80,-1.762249778716159,9.452830881984669,5.786802861865155,11.222683428132461,0.035854810636436696,True,walking_dual_task,P02,5,0.0
2026-04-01T14:05:26.660262,1857.736144325492,95775,77,-2.7261172331674524,7.664688126893088,4.730613726527161,9.41051887417031,1.8121645539621518,True,walking_dual_task,P02,5,0.0
2026-04-01T14:05:26.660700,1917.2882198601312,95775,78,-2.754167828338916,7.119025218352557,4.5592241688593536,8.891146467588307,0.5193724065820025,True,walking_dual_task,P02,5,0.0
2026-04-01T14:05:26.662598,1938.144457541254,95817,79,-2.479100647126036,7.967089584601423,4.583130245316063,9.519744708403481,0.6285982408151742,True,walking_dual_task,P02,5,0.0
2026-04-01T14:05:26.663132,1893.0196964413017,95817,77,-2.464043089249445,7.908284729443139,4.501328610595451,9.427323849756444,0.09242085864703675,True,walking_dual_task,P02,5,0.0
2026-04-01T14:05:26.663545,1926.661090346274,95824,81,-2.5605794530732022,8.373278856024363,4.6252457902033886,9.902588780517926,0.47526493076148135,True,walking_dual_task,P02,5,0.0
2026-04-01T14:05:26.720053,1839.492487539216,95824,80,-2.4207496227217047,8.350713378143274,4.714880213882364,9.890628801601428,0.01195997891649725,True,walking_dual_task,P02,5,0.0
2026-04-01T14:05:26.721291,1956.296912303796,95832,79,-2.6977772821865496,8.583050174460995,4.494037006355125,10.05699364502564,0.16636484342421198,True,walking_dual_task,P02,5,0.0
2026-04-01T14:05:26.721332,1906.7308311880251,95832,78,-2.646142219522852,8.487020313015101,4.614838375195346,10.016402331608285,0.040591313417355224,True,walking_dual_task,P02,5,0.0
2026-04-01T14:05:26.780035,1919.6095868195214,95862,78,-2.7587210509021554,8.809700996216655,4.19883956656039,10.141579126799952,0.1251767951916669,True,walking_dual_task,P02,5,0.0
2026-04-01T14:05:26.780549,1936.9760840777603,95862,78,-2.726785758498764,8.885787191051385,4.315915296580095,10.247911954376784,0.10633282757683205,True,walking_dual_task,P02,5,0.0
2026-04-01T14:05:26.780579,1878.6795553486786,95914,81,-2.925954058777213,9.418343760267419,4.811029178161759,10.97325877275146,0.7253468183746765,True,walking_dual_task,P02,5,0.0
2026-04-01T14:05:26.839821,1798.1393539228554,95914,79,-2.840020370901754,9.351849356593853,4.7143170936407,10.85115605615156,0.12210271659990113,True,walking_dual_task,P02,5,0.0
2026-04-01T14:05:26.840764,1949.6738156220472,95955,78,-2.5365425309499896,9.387068708097093,5.168754058126517,11.012135372181598,0.1609793160300388,True,walking_dual_task,P02,5,0.0
2026-04-01T14:05:26.841174,1889.9741514687157,95955,78,-2.4945245667363722,9.172449339281147,5.231778476407503,10.850252795300728,0.1618825768808705,True,walking_dual_task,P02,5,0.0
2026-04-01T14:05:26.899696,1820.0291475197887,95978,79,-2.396728490964286,9.168976598576574,5.317085168561299,10.866730603745513,0.01647780844478497,True,walking_dual_task,P02,5,0.0
2026-04-01T14:05:26.900308,1807.0744133007304,95978,78,-1.9927138528301842,10.123879831283372,6.172821130468472,12.023625578264054,1.1568949745185417,True,walking_dual_task,P02,5,0.0
2026-04-01T14:05:26.900869,1877.3704905749137,96026,79,-2.0496558426844844,10.01015835741205,6.024977383737484,11.861901697808205,0.16172388045584896,True,walking_dual_task,P02,5,0.0
2026-04-01T14:05:26.960357,1921.1544395819471,96026,81,-0.608510239243752,11.470488264487544,7.437957396977111,13.684502036108492,1.822600338300287,True,walking_dual_task,P02,5,0.0
2026-04-01T14:05:26.960686,1876.9580400385585,96046,79,-0.5848016325848387,11.372299225090925,7.424896200510131,13.594126165474092,0.0903758706344,True,walking_dual_task,P02,5,0.0
2026-04-01T14:05:26.960929,1939.4899652973209,96046,80,-0.15106217589827842,11.388392674478894,8.040676300278077,13.941692252196832,0.3475660867227397,True,walking_dual_task,P02,5,0.0
2026-04-01T14:05:27.019715,1882.3932743418075,96033,80,-0.13864934471817125,11.404710188358283,8.032019279408619,13.949909384151058,0.008217131954225465,True,walking_dual_task,P02,5,0.0
2026-04-01T14:05:27.020209,1820.8343717270777,96033,78,-0.21075600189169555,11.484554461214255,8.123939652706571,14.069037093765436,0.11912770961437857,True,walking_dual_task,P02,5,0.0
2026-04-01T14:05:27.020556,1866.0530239296284,96041,79,0.11675743605440428,11.170118673719701,8.09979628358571,13.798256531875483,0.2707805618899535,True,walking_dual_task,P02,5,0.0
2026-04-01T14:05:27.079630,1920.2394608810398,96041,80,0.07296315042125143,11.197051983204593,7.946365166366625,13.730404804416736,0.06785172745874668,True,walking_dual_task,P02,5,0.0
2026-04-01T14:05:27.080300,1903.079617766838,96002,80,0.0463979892724788,9.576687868082116,7.975925073553246,12.463165090578519,1.267239713838217,True,walking_dual_task,P02,5,0.0
2026-04-01T14:05:27.080856,1835.8264925403294,96002,78,0.13004381986922925,7.87121163493079,7.560985952038838,10.91519090826563,1.5479741823128883,True,walking_dual_task,P02,5,0.0
2026-04-01T14:05:27.139583,1881.4149260125057,95819,78,0.1403378314823018,7.872773671497554,7.724106185896917,11.030053325373421,0.11486241710779055,True,walking_dual_task,P02,5,0.0
2026-04-01T14:05:27.139901,1782.4100878228194,95819,79,0.37374769050796347,6.498135604276591,6.589975962126123,9.262463864929636,1.7675894604437854,True,walking_dual_task,P02,5,0.0
2026-04-01T14:05:27.140636,1811.9519022008888,95720,78,0.24690439702445122,6.4713047657276235,6.605361630060829,9.250381041669522,0.012082823260113784,True,walking_dual_task,P02,5,0.0
2026-04-01T14:05:27.199997,1858.1229912305562,95720,79,-0.1392323046140676,5.691521382427334,5.697206475037403,8.05425123152263,1.1961298101468927,True,walking_dual_task,P02,5,0.0
2026-04-01T14:05:27.200053,1918.0734936312497,95711,80,-0.04742860463261182,5.711625915141386,5.649006494341727,8.033442253490534,0.020808978032095027,True,walking_dual_task,P02,5,0.0
2026-04-01T14:05:27.200588,1910.378027851219,95711,80,0.3926626758521012,5.787866242952244,5.011633587699837,7.666162719423232,0.3672795340673023,True,walking_dual_task,P02,5,0.0
2026-04-01T14:05:27.259251,1841.1842584841377,95743,78,0.8309843708348243,5.489878210842602,4.575779171359841,7.194932440232269,0.47123027919096305,True,walking_dual_task,P02,5,0.0
2026-04-01T14:05:27.260564,1788.459943187195,95743,79,0.7490825690180201,5.457390170814705,4.622717835254795,7.191227458236484,0.0037049819957850616,True,walking_dual_task,P02,5,0.0
2026-04-01T14:05:27.379733,1902.617316744298,95763,82,0.5852837214190103,4.845537251708951,4.4896947275564285,6.631677543344912,0.5595499148915719,True,walking_dual_task,P02,5,0.0
2026-04-01T14:05:27.381101,1798.621936278544,95763,81,0.579390762337901,4.784429182076846,4.537670080874875,6.619433964974498,0.012243578370413566,True,walking_dual_task,P02,5,0.0
2026-04-01T14:05:27.381670,1912.3595076153424,95798,80,0.7935789969795606,4.306199345547364,4.407030369274275,6.212490410756815,0.40694355421768336,True,walking_dual_task,P02,5,0.0
2026-04-01T14:05:27.381939,1932.2441606212824,95798,79,0.6481022826932124,4.329939393900187,4.342282776539896,6.166346684635555,0.04614372612125983,True,walking_dual_task,P02,5,0.0
2026-04-01T14:05:27.382202,1868.541276622326,95800,80,0.5507013119903805,4.112651579577863,4.536453597163794,6.147892825127365,0.018453859508190007,True,walking_dual_task,P02,5,0.0
2026-04-01T14:05:27.382784,1875.7097162345765,95800,80,0.5976915365276655,4.180228706354169,4.566546920838848,6.219718481610483,0.07182565648311812,True,walking_dual_task,P02,5,0.0
2026-04-01T14:05:27.439806,1813.3697358470665,95760,79,0.5432856511301777,4.084551696620418,4.497838441708556,6.099940369282303,0.1197781123281807,True,walking_dual_task,P02,5,0.0
2026-04-01T14:05:27.440361,1913.431354545289,95760,79,0.5766751055172045,4.168990278064846,4.423069787195722,6.105454975538358,0.0055146062560549325,True,walking_dual_task,P02,5,0.0
2026-04-01T14:05:27.440955,1812.2155317880106,95712,80,0.5548156069581203,4.0869793149227425,4.494006517388403,6.099779902312879,0.005675073225478222,True,walking_dual_task,P02,5,0.0
2026-04-01T14:05:27.441047,1881.7275208727513,95712,79,0.6573338721737706,4.101848024176623,4.462961590090307,6.0971527115178965,0.002627190794982859,True,walking_dual_task,P02,5,0.0
2026-04-01T14:05:27.499882,1845.292011837528,95695,78,0.6651460750684723,4.119065457925653,4.482244170159681,6.123694338288425,0.026541626770528737,True,walking_dual_task,P02,5,0.0
2026-04-01T14:05:27.500219,1898.7394400942499,95695,78,0.5759855467397594,4.005049657862565,4.44775172591036,6.012875978043845,0.11081836024458003,True,walking_dual_task,P02,5,0.0
2026-04-01T14:05:27.500632,1849.673979160503,95658,79,0.4722621835273846,4.231201504600864,4.5063318912991,6.199445528195726,0.18656955015188093,True,walking_dual_task,P02,5,0.0
2026-04-01T14:05:27.560520,1907.3466948619275,95658,79,0.5873005114461116,4.125037189876002,4.478450619664546,6.116974224351344,0.0824713038443825,True,walking_dual_task,P02,5,0.0
2026-04-01T14:05:27.560890,1943.6007077075571,95644,79,0.6316750202903649,4.11300670065757,4.459448558308494,6.099386763856888,0.017587460494455698,True,walking_dual_task,P02,5,0.0
2026-04-01T14:05:27.561253,1831.5008721067718,95644,80,0.6176031851046415,4.249235734578387,4.512251398272272,6.228792074188975,0.12940531033208735,True,walking_dual_task,P02,5,0.0
2026-04-01T14:05:27.620243,1846.8437507410179,95683,80,0.6261981238084382,4.087595288649944,4.540513928540293,6.141402614169082,0.08738946001989323,True,walking_dual_task,P02,5,0.0
2026-04-01T14:05:27.620782,1883.3211417048578,95683,79,-0.7861330055558968,11.929960936489259,7.0844056386591845,13.89714993448837,7.755747320319288,True,walking_dual_task,P02,5,0.0
2026-04-01T14:05:27.679204,1855.1911895467751,95713,79,-0.8271474666087804,12.014224999697568,7.041435947984444,13.950182632655492,0.053032698167122305,True,walking_dual_task,P02,5,0.0
2026-04-01T14:05:27.679831,1834.539437714396,95713,78,-2.151168882382951,11.80293578129954,6.215363806655874,13.511756653636917,0.43842597901857516,True,walking_dual_task,P02,5,0.0
2026-04-01T14:05:27.680334,1906.886765270587,95688,79,-2.2069738111066024,11.712183638699432,6.261510611548257,13.46300464710833,0.0487520065285878,True,walking_dual_task,P02,5,0.0
2026-04-01T14:05:27.680978,1777.0120236076275,95688,77,-3.2821028640702985,10.867727335394356,4.886407070906138,12.359476959378892,1.1035276877294375,True,walking_dual_task,P02,5,0.0
2026-04-01T14:05:27.739806,1897.9137821905529,95675,80,-3.214253946374543,10.845442917649235,4.993777537791564,12.36498583131917,0.0055088719402789366,True,walking_dual_task,P02,5,0.0
2026-04-01T14:05:27.740421,1814.0126618288873,95675,78,-3.684918705166286,9.816613320807193,4.064937874680826,11.245810014354158,1.1191758169650132,True,walking_dual_task,P02,5,0.0
2026-04-01T14:05:27.741257,1948.6899779596645,95672,80,-3.4017003181762777,9.71474781942753,4.302533304385635,11.156150011769299,0.08966000258485884,True,walking_dual_task,P02,5,0.0
2026-04-01T14:05:27.799566,1931.2940387738925,95672,77,-3.364883112521457,9.833423702741358,4.403894067856093,11.287734185365359,0.13158417359606034,True,walking_dual_task,P02,5,0.0
2026-04-01T14:05:27.799948,1948.3273556123581,95535,80,-3.561820104994382,10.204510571194364,5.341844618776712,12.056280620038397,0.7685464346730377,True,walking_dual_task,P02,5,0.0
2026-04-01T14:05:27.800196,1825.803406730811,95535,79,-3.5230590146260914,10.176022645272864,5.463775588110109,12.075438930940452,0.01915831090205522,True,walking_dual_task,P02,5,0.0
2026-04-01T14:05:27.859582,1835.6304725795508,95379,79,-3.208701254767082,10.1019935850577,4.984409725496618,11.712829651562258,0.3626092793781943,True,walking_dual_task,P02,5,0.0
2026-04-01T14:05:27.860307,1859.7225241346403,95379,76,-3.5314500375518545,9.086273065798173,4.141511793756801,10.591676804538599,1.1211528470236587,True,walking_dual_task,P02,5,0.0
2026-04-01T14:05:27.861005,1928.1368288684719,95326,77,-3.460980688178616,9.029168448027567,4.164922991719119,10.528573204083848,0.06310360045475072,True,walking_dual_task,P02,5,0.0
2026-04-01T14:05:27.919786,1867.9479398143174,95326,79,-3.516288524290619,8.08848282898076,3.2058007888057616,9.384295293642573,1.144277910441275,True,walking_dual_task,P02,5,0.0
2026-04-01T14:05:27.920303,1831.5144729528622,95394,78,-3.5126783700621225,8.043763963064054,3.261036027549939,9.363514511013955,0.020780782628618155,True,walking_dual_task,P02,5,0.0
2026-04-01T14:05:27.920715,1820.95094978172,95394,79,-3.4157204809248074,7.794518308639988,2.66704987917649,8.918229483790407,0.445285027223548,True,walking_dual_task,P02,5,0.0
2026-04-01T14:05:27.979320,1846.8123732252714,95481,78,-3.4728440419849926,7.862223246189283,2.663798986421872,8.998390142293898,0.08016065850349108,True,walking_dual_task,P02,5,0.0
2026-04-01T14:05:27.979958,1891.1374444698101,95481,79,-3.3501495632102536,8.328409660390479,2.700294607922282,9.37430000249285,0.3759098601989521,True,walking_dual_task,P02,5,0.0
2026-04-01T14:05:27.980739,1877.390642898923,95548,80,-3.1598685342518698,8.917032226878609,3.209350796615203,9.989903173939243,0.6156031714463932,True,walking_dual_task,P02,5,0.0
2026-04-01T14:05:28.039874,1960.7792590172924,95548,79,-3.2847202046960766,8.847241959195905,3.151141577823964,9.949511060910789,0.0403921130284548,True,walking_dual_task,P02,5,0.0
2026-04-01T14:05:28.040565,1940.3550115811263,95567,80,-3.080452659321189,9.072922974352778,3.585894119258917,10.230628354084276,0.2811172931734873,True,walking_dual_task,P02,5,0.0
2026-04-01T14:05:28.041005,1881.6661005073706,95567,80,-3.1020423365406042,9.060821859804713,3.4599553915068646,10.182949020005092,0.04767933407918434,True,walking_dual_task,P02,5,0.0
2026-04-01T14:05:28.099614,1843.4528511868507,95580,79,-3.345593562645036,8.83336753092103,3.905359800880346,10.221213890584327,0.03826487057923522,True,walking_dual_task,P02,5,0.0
2026-04-01T14:05:28.100022,1929.1159659207065,95580,79,-3.3772672315056314,8.771383627190845,3.882216120964037,10.169302173611836,0.05191171697249075,True,walking_dual_task,P02,5,0.0
2026-04-01T14:05:28.159428,1909.1944168158875,95610,79,-3.3712784173156516,8.80251261036575,4.330182256102138,10.373052819385823,0.2037506457739866,True,walking_dual_task,P02,5,0.0
2026-04-01T14:05:28.159872,1906.4813918550276,95610,78,-3.274078793563695,8.782411193970049,4.693204344821809,10.482199451865444,0.10914663247962153,True,walking_dual_task,P02,5,0.0
2026-04-01T14:05:28.160464,1831.5155141559746,95662,80,-3.1353183516177054,8.883644824248918,4.744590060202734,10.548009355739591,0.06580990387414687,True,walking_dual_task,P02,5,0.0
2026-04-01T14:05:28.219962,1853.961650559515,95662,80,-3.0690914289744775,8.768034626412133,5.0008533781085465,10.550179520686196,0.0021701649466052686,True,walking_dual_task,P02,5,0.0
2026-04-01T14:05:28.220665,1897.7658299099003,95693,80,-3.011912283989783,8.777884826887234,5.002887668007538,10.542853629793386,0.007325890892809994,True,walking_dual_task,P02,5,0.0
2026-04-01T14:05:28.221337,1832.9731262990022,95693,77,-3.14234478511632,8.59236116463859,5.0919309206789745,10.470470936548354,0.07238269324503221,True,walking_dual_task,P02,5,0.0
2026-04-01T14:05:28.221370,1851.6771795803045,95642,80,-2.8877051844767956,8.57075558061324,5.36962554565361,10.51805927705311,0.04758834050475613,True,walking_dual_task,P02,5,0.0
2026-04-01T14:05:28.279571,1859.2609836023578,95642,78,-2.993916643276641,8.560861641785735,5.383021430415582,10.546506940072653,0.028447663019543157,True,walking_dual_task,P02,5,0.0
2026-04-01T14:05:28.280222,1885.5225466526842,95686,79,-2.419046741583918,9.889156868136485,6.3906475511553555,12.020298949013986,1.4737920089413326,True,walking_dual_task,P02,5,0.0
2026-04-01T14:05:28.280910,1943.5328116532828,95686,80,-2.5549680514776973,9.74207284938253,6.243646808252836,11.849851079779604,0.1704478692343816,True,walking_dual_task,P02,5,0.0
2026-04-01T14:05:28.399540,1981.9661724274463,95714,78,-1.8743775486233558,10.584713717525625,7.518774187669762,13.117980826404937,1.2681297466253323,True,walking_dual_task,P02,5,0.0
2026-04-01T14:05:28.400223,2016.3176770996552,95714,80,-1.7957473886620439,8.99421966316973,6.755428361602997,11.39107143257322,1.7269093938317166,True,walking_dual_task,P02,5,0.0
2026-04-01T14:05:28.400737,1868.1862626930647,95725,80,-1.943811914105568,8.915895264593699,6.768288481172884,11.361396133002344,0.02967529957087578,True,walking_dual_task,P02,5,0.0
2026-04-01T14:05:28.401649,1818.7501699780914,95725,79,-1.9147324848740614,8.911321857703918,6.731316730649109,11.330864162478527,0.03053197052381762,True,walking_dual_task,P02,5,0.0
2026-04-01T14:05:28.401902,1944.7207971788155,95797,78,-1.879231805738494,8.83271832750827,6.681890598697781,11.233703183089958,0.09716097938856905,True,walking_dual_task,P02,5,0.0
2026-04-01T14:05:28.402232,1757.6122098414867,95797,80,-1.9228390025300026,8.889944733074513,6.773248562275574,11.340428707643198,0.1067255245532408,True,walking_dual_task,P02,5,0.0
2026-04-01T14:05:28.459773,1955.0456709532496,95804,81,-1.9402997617896367,9.007296546448554,6.68286968370758,11.38230650837882,0.04187780073562131,True,walking_dual_task,P02,5,0.0
2026-04-01T14:05:28.460505,1940.5148576372899,95804,78,-1.9866064161451045,8.959726412191769,6.689047214394754,11.356348668053386,0.025957840325434134,True,walking_dual_task,P02,5,0.0
2026-04-01T14:05:28.460535,1931.8290298298643,95636,80,-1.8404554157382884,8.947300016258728,6.793432533526618,11.383856082445952,0.02750741439256643,True,walking_dual_task,P02,5,0.0
2026-04-01T14:05:28.519694,2000.2843167293483,95636,79,-1.9066201392102453,8.88782492828726,6.693291063981174,11.288435568239594,0.09542051420635822,True,walking_dual_task,P02,5,0.0
2026-04-01T14:05:28.579759,1826.6035553750494,95547,79,-1.9690077462728666,8.913145273392791,6.796921206082641,11.380654113502558,0.09221854526296447,True,walking_dual_task,P02,5,0.0
2026-04-01T14:05:28.580174,1873.2363193192396,95547,79,-1.9421096495517196,8.939957414317448,6.825073511252564,11.413862487987702,0.033208374485143466,True,walking_dual_task,P02,5,0.0
2026-04-01T14:05:28.580677,1876.747637227896,95568,79,-1.8939626648420793,8.858413798255155,6.7534376055570755,11.299004783125172,0.11485770486252989,True,walking_dual_task,P02,5,0.0
2026-04-01T14:05:28.581708,1811.9741721463056,95568,79,-1.8760022911418603,8.836138333155743,6.79336333748264,11.302500195712767,0.0034954125875952258,True,walking_dual_task,P02,5,0.0
2026-04-01T14:05:28.581741,1874.1357991702437,95615,78,-1.962384531755832,8.973731935341368,6.715426713531913,11.378742190710629,0.07624199499786144,True,walking_dual_task,P02,5,0.0
2026-04-01T14:05:28.639882,1839.6524786678247,95615,79,-2.111166400479877,5.087267077942163,3.870274018300597,6.731740552751718,4.647001637958911,True,walking_dual_task,P02,5,0.0
2026-04-01T14:05:28.640573,1942.9388845661945,95692,79,-2.0717531096317754,5.021830184189858,3.9534936052830294,6.7187090302470365,0.013031522504681092,True,walking_dual_task,P02,5,0.0
2026-04-01T14:05:28.641051,1821.8668886202486,95692,79,-1.5220760986360986,5.408598779515931,4.198994368692343,7.014357427172536,0.2956483969254995,True,walking_dual_task,P02,5,0.0
2026-04-01T14:05:28.699779,1779.43426654395,95712,78,-1.4169376558443687,5.497237171968499,4.272789036299279,7.105213226507792,0.09085579933525612,True,walking_dual_task,P02,5,0.0
2026-04-01T14:05:28.699832,1922.9604298166648,95712,79,-1.5151344245093854,5.823368014338035,4.427899425706925,7.470846048402043,0.36563282189425106,True,walking_dual_task,P02,5,0.0
2026-04-01T14:05:28.700195,1939.2749609091984,95711,80,-1.983394424542667,6.258238273112493,4.509249151477293,7.9644665632078375,0.4936205148057944,True,walking_dual_task,P02,5,0.0
2026-04-01T14:05:28.759272,1869.9960590495514,95711,79,-2.028157076972387,6.310834149013775,4.511614553709842,8.018398510081552,0.053931946873714054,True,walking_dual_task,P02,5,0.0
2026-04-01T14:05:28.759949,1906.8617534931507,95713,81,-2.2089974630900535,6.9041639517491245,4.889098286528405,8.743593753137514,0.7251952430559623,True,walking_dual_task,P02,5,0.0
2026-04-01T14:05:28.760408,1868.035054880609,95713,79,-2.347675394873998,6.79679619055511,4.828470761033241,8.661532664938358,0.08206108819915592,True,walking_dual_task,P02,5,0.0
2026-04-01T14:05:28.819528,1862.3841832058122,95729,81,-2.572353165780719,7.0194738238960745,4.968003316870883,8.976138954489528,0.3146062895511701,True,walking_dual_task,P02,5,0.0
2026-04-01T14:05:28.820170,1887.4536672002707,95729,79,-2.5955355799264463,7.088091873680345,4.937230217795147,9.019650413397793,0.0435114589082648,True,walking_dual_task,P02,5,0.0
2026-04-01T14:05:28.820671,1850.062190912154,95778,78,-2.902495814112784,7.604328149306831,4.485261443606457,9.293430947222085,0.2737805338242918,True,walking_dual_task,P02,5,0.0
2026-04-01T14:05:28.879790,1815.5076564512885,95778,79,-3.476922507596992,8.284664639129298,5.06822999793732,10.315600497240364,1.0221695500182797,True,walking_dual_task,P02,5,0.0
2026-04-01T14:05:28.880572,1891.4850621089058,95886,80,-3.395021960771319,8.285098059702026,5.0566385706329395,10.282928454823098,0.032672042417265956,True,walking_dual_task,P02,5,0.0
2026-04-01T14:05:28.881039,1933.4813585756528,95886,79,-3.682941236551041,8.12858185842133,4.994486280752319,10.226572856512957,0.05635559831014092,True,walking_dual_task,P02,5,0.0
2026-04-01T14:05:28.939721,1880.401851658225,95982,79,-3.6784843731868104,8.01208183318807,4.986207870093253,10.128522671607234,0.09805018490572337,True,walking_dual_task,P02,5,0.0
2026-04-01T14:05:28.940742,1852.1214824874532,95982,78,-3.291480611584916,8.342985372876983,5.150734165005847,10.34259696531955,0.2140742937123168,True,walking_dual_task,P02,5,0.0
2026-04-01T14:05:28.941276,1874.7805909949145,96045,80,-2.1935694777752475,9.367415575571133,5.830396294838991,11.249610774340242,0.9070138090206914,True,walking_dual_task,P02,5,0.0
2026-04-01T14:05:28.999201,1892.0029334864619,96045,78,-2.118719706018409,9.383723797989216,5.804571034886597,11.235492441751912,0.014118332588330063,True,walking_dual_task,P02,5,0.0
2026-04-01T14:05:28.999739,1881.4619271793579,96052,80,-1.9249371010824854,9.628557194446655,5.895834843943112,11.453181435605915,0.21768899385400253,True,walking_dual_task,P02,5,0.0
2026-04-01T14:05:29.000226,1908.6058014975017,96052,80,-1.8643271747497379,9.62203256180528,5.900838269796748,11.440241200309078,0.012940235296836633,True,walking_dual_task,P02,5,0.0
2026-04-01T14:05:29.119681,1971.4741371198065,96023,79,-2.9620379467129916,8.611040132467256,5.168985295920572,10.471011887595797,0.9692293127132814,True,walking_dual_task,P02,5,0.0
2026-04-01T14:05:29.119855,1832.4458519929,96023,78,-3.1515372964494857,7.599698918040626,5.235252886082083,9.751691328021554,0.7193205595742427,True,walking_dual_task,P02,5,0.0
2026-04-01T14:05:29.120505,1922.913402887305,96067,78,-3.2625462713666726,7.67444864573119,5.088285671002706,9.768931428692973,0.0172401006714189,True,walking_dual_task,P02,5,0.0
2026-04-01T14:05:29.120978,1861.9079570920421,96067,80,-2.691878930004832,6.858983493287431,5.8939967088212075,9.435627373873379,0.33330405481959424,True,walking_dual_task,P02,5,0.0
2026-04-01T14:05:29.121301,1831.8663171329724,96141,80,-2.6549872076679475,6.776188644545031,5.90092827656432,9.369452713179028,0.06617466069435096,True,walking_dual_task,P02,5,0.0
2026-04-01T14:05:29.122451,1890.030104062737,96141,78,-2.7406981548486553,6.8962455642680816,6.11077941177309,9.61307725330593,0.24362454012690193,True,walking_dual_task,P02,5,0.0
2026-04-01T14:05:29.179704,1910.4161870851226,96117,79,-2.4877563223545605,8.037565467431937,6.251444577705297,10.481982134634196,0.868904881328266,True,walking_dual_task,P02,5,0.0
2026-04-01T14:05:29.180316,1898.9203376644252,96117,79,-2.520860657804357,7.896287926802076,6.306678828629239,10.415387622479843,0.06659451215435297,True,walking_dual_task,P02,5,0.0
2026-04-01T14:05:29.180351,1828.273557142239,95991,77,-3.1101366593974156,9.109756695831505,6.1126522107757895,11.402856402992926,0.9874687805130833,True,walking_dual_task,P02,5,0.0
2026-04-01T14:05:29.240230,1923.018101399527,95991,81,-3.095361960082896,8.97382823654518,6.0805559932628235,11.273154841043754,0.12970156194917237,True,walking_dual_task,P02,5,0.0
2026-04-01T14:05:29.240658,1848.254143204995,95931,80,-4.342039763310732,9.060917985604101,5.876651232267768,11.639955917172955,0.3668010761292013,True,walking_dual_task,P02,5,0.0
2026-04-01T14:05:29.240997,1910.7487017107294,95931,78,-4.37688957817137,7.80946433293014,5.539536452379665,10.5276473940789,1.1123085230940557,True,walking_dual_task,P02,5,0.0
2026-04-01T14:05:29.299836,1826.4253780399931,95942,80,-4.3327987550752205,7.902946364774887,5.503161387116931,10.560042213416796,0.03239481933789712,True,walking_dual_task,P02,5,0.0
2026-04-01T14:05:29.300378,1990.1028629453258,95942,80,-3.8598157714591155,6.803894999252287,5.161314658811726,9.371783926111378,1.188258287305418,True,walking_dual_task,P02,5,0.0
2026-04-01T14:05:29.300877,1930.0763952648595,95993,79,-3.9957718815032868,6.817751267073442,5.099988793062845,9.405201271533771,0.03341734542239294,True,walking_dual_task,P02,5,0.0
2026-04-01T14:05:29.359885,1874.8063946724371,95993,79,-3.9988856967923816,6.8355109889907375,5.083407840804729,9.410437427270788,0.00523615573701619,True,walking_dual_task,P02,5,0.0
2026-04-01T14:05:29.360528,1909.5318666897697,96053,78,-3.5360500244880546,6.959654198123379,4.777327555955846,9.152228958567054,0.2582084687037334,True,walking_dual_task,P02,5,0.0
2026-04-01T14:05:29.361027,1890.0747687393794,96053,79,-3.487505069451615,6.95154032675078,4.75155158070855,9.113936962039345,0.038291996527709316,True,walking_dual_task,P02,5,0.0
2026-04-01T14:05:29.419455,1949.728448819753,96085,78,-3.48776851771646,6.971675721712379,4.6752505297158535,9.089926243787474,0.024010718251870955,True,walking_dual_task,P02,5,0.0
2026-04-01T14:05:29.420081,1940.4493344096043,96085,77,-3.4559889012591767,6.996474483323116,4.676905286005577,9.09768968121495,0.007763437427476205,True,walking_dual_task,P02,5,0.0
2026-04-01T14:05:29.420120,1911.7197991356343,96099,80,-3.5157055400762456,6.972210585479765,4.6600153496204015,9.093274929941172,0.004414751273777995,True,walking_dual_task,P02,5,0.0
2026-04-01T14:05:29.479653,1753.2322860372597,96099,80,-3.558844962061153,7.03383661620428,4.588802445393857,9.121257747169343,0.027982817228171086,True,walking_dual_task,P02,5,0.0
2026-04-01T14:05:29.480094,1861.9402713882832,96111,79,-3.5928084029353937,7.020923644073892,4.72852434608837,9.195682874461768,0.07442512729242523,True,walking_dual_task,P02,5,0.0
2026-04-01T14:05:29.480636,1860.4034464435447,96111,81,-3.5689292617168062,6.980292810675072,4.74149552095859,9.162069830184167,0.033613044277601034,True,walking_dual_task,P02,5,0.0
2026-04-01T14:05:29.539959,1827.0723175934809,96134,78,-3.534025941770926,6.9307023171632665,4.654625906879482,9.065843385986534,0.09622644419763304,True,walking_dual_task,P02,5,0.0
2026-04-01T14:05:29.540555,1886.6300333143222,96134,79,-3.5195290585686525,7.052074638769266,4.624495469289279,9.138096073600828,0.07225268761429327,True,walking_dual_task,P02,5,0.0
2026-04-01T14:05:29.541061,1930.4825312266862,96160,77,-3.485293603177441,7.024720852996262,4.74028875166379,9.163204243714116,0.025108170113288253,True,walking_dual_task,P02,5,0.0
2026-04-01T14:05:29.599898,1846.0813111881864,96160,80,-3.561176045334534,6.97715861912499,4.790102417079612,9.181927814375726,0.01872357066161001,True,walking_dual_task,P02,5,0.0
2026-04-01T14:05:29.600013,1924.318128944793,96180,78,-3.4692091625977626,6.979645965491022,4.623350930306616,9.062353107345489,0.11957470703023709,True,walking_dual_task,P02,5,0.0
2026-04-01T14:05:29.600416,1887.1489272070837,96180,78,-4.256817177676184,9.133058430170705,4.039266526763539,10.855824374376345,1.7934712670308564,True,walking_dual_task,P02,5,0.0
2026-04-01T14:05:29.659486,1869.2341170468662,96209,77,-4.216497341939391,9.070106190413837,4.187060423335107,10.84329982655762,0.012524547818724585,True,walking_dual_task,P02,5,0.0
2026-04-01T14:05:29.719393,1948.2060742577198,96209,82,-4.162425716247874,8.66378980053734,4.575124966528522,10.645130812278875,0.19816901427874534,True,walking_dual_task,P02,5,0.0
2026-04-01T14:05:29.720277,1843.2051084922318,96252,77,-4.091582528350565,8.666243692242825,4.515974436380606,10.594283950776724,0.05084686150215134,True,walking_dual_task,P02,5,0.0
2026-04-01T14:05:29.720314,1923.8127755704393,96252,79,-3.677943679942785,9.037409658297717,6.087847388468113,11.500605587098532,0.9063216363218078,True,walking_dual_task,P02,5,0.0
2026-04-01T14:05:29.720954,1873.0113019728444,96288,79,-3.6710708505991545,10.246982026454516,7.729168899371625,13.349810999246928,1.8492054121483967,True,walking_dual_task,P02,5,0.0
2026-04-01T14:05:29.721544,1837.9393668036912,96288,80,-2.2925079732819302,10.27194865011828,7.824283279885657,13.114416903626568,0.23539409562036084,True,walking_dual_task,P02,5,0.0
2026-04-01T14:05:29.779484,1858.687515622511,96286,79,-1.8274181126714184,9.397469112487443,7.601181944143174,12.224150261946361,0.8902666416802063,True,walking_dual_task,P02,5,0.0
2026-04-01T14:05:29.780693,1927.243237410383,96286,79,-2.0226276281371103,9.378018681763336,7.569053123003721,12.220017270710303,0.004132991236058814,True,walking_dual_task,P02,5,0.0
2026-04-01T14:05:29.781139,1873.2667679640172,96296,78,-2.150539487904609,7.96666242211578,6.240352209441034,10.34574917223805,1.8742680984722533,True,walking_dual_task,P02,5,0.0
2026-04-01T14:05:29.840165,1953.6430334602762,96296,79,-2.202228344259271,8.018480392153585,6.350583512619681,10.463065919240275,0.11731674700222605,True,walking_dual_task,P02,5,0.0
2026-04-01T14:05:29.840802,1881.2938618465682,96237,78,-1.573218822928926,8.847147604624125,6.507517668892542,11.094810697518588,0.6317447782783123,True,walking_dual_task,P02,5,0.0
2026-04-01T14:05:29.841269,1887.891353776179,96237,80,-0.971337425103779,9.476562741187763,7.053929509611375,11.853550493739904,0.7587397962213167,True,walking_dual_task,P02,5,0.0
2026-04-01T14:05:29.899809,1849.2031934223296,96117,79,-0.9363874415758242,9.56916185582957,7.122983939260746,11.965892372187335,0.11234187844743104,True,walking_dual_task,P02,5,0.0
2026-04-01T14:05:29.900396,1798.1418462019267,96117,78,-1.3375464815689555,8.750654137688237,6.742537269769699,11.127658660384546,0.8382337118027898,True,walking_dual_task,P02,5,0.0
2026-04-01T14:05:29.900825,1921.496729708776,96066,78,-1.3058224909081784,8.836333679962657,6.72248703438426,11.179346904397793,0.05168824401324734,True,walking_dual_task,P02,5,0.0
2026-04-01T14:05:29.959952,1851.202804609376,96066,80,-2.183596325414111,7.23634958451036,6.186648910630336,9.767674900661303,1.4116720037364896,True,walking_dual_task,P02,5,0.0
2026-04-01T14:05:29.960023,1869.3304297043849,96076,78,-2.170949385840899,5.947746812329033,5.1085974719445915,8.135507452507914,1.632167448153389,True,walking_dual_task,P02,5,0.0
2026-04-01T14:05:29.960617,1872.5658977338737,96076,79,-2.2827154192877477,5.874840560230098,5.129865156790231,8.126503419086784,0.009004033421129876,True,walking_dual_task,P02,5,0.0
2026-04-01T14:05:30.019122,1898.0742595116574,96116,81,-1.794689491023271,4.783380751657348,4.0123197411064275,6.496179761166384,1.6303236579204006,True,walking_dual_task,P02,5,0.0
2026-04-01T14:05:30.020163,1849.6375029199748,96116,78,-1.8106951314846735,4.772470323622496,4.024780583486258,6.50030373092271,0.004123969756325785,True,walking_dual_task,P02,5,0.0
2026-04-01T14:05:30.020500,1853.2741802008968,96148,80,-1.6010393511221452,4.770846536758228,3.706041899604505,6.24972401332761,0.2505797175950999,True,walking_dual_task,P02,5,0.0
2026-04-01T14:05:30.139791,1813.8803457140173,96148,78,-1.3170221199869154,4.907282974404439,3.8472916443704808,6.373195937067793,0.12347192374018334,True,walking_dual_task,P02,5,0.0
2026-04-01T14:05:30.140541,1878.123639218412,96137,77,-1.2463216261881462,4.933405240153386,3.8863629124202013,6.4027823285281515,0.029586391460358463,True,walking_dual_task,P02,5,0.0
2026-04-01T14:05:30.141064,1827.2404434746873,96137,79,-1.5942499445828082,5.32747072598041,4.265803585245627,7.008613090325001,0.6058307617968497,True,walking_dual_task,P02,5,0.0
2026-04-01T14:05:30.141558,1894.2393899990182,96107,79,-1.5198125618610727,5.263602025658098,4.205106142884206,6.906392269530108,0.10222082079489336,True,walking_dual_task,P02,5,0.0
2026-04-01T14:05:30.142092,1882.8818075244972,96107,76,-1.8057985963488923,5.438289609223608,4.72054786101848,7.4242490901458345,0.5178568206157266,True,walking_dual_task,P02,5,0.0
2026-04-01T14:05:30.142778,1821.7988089769744,96114,79,-1.5422958199841572,5.818697670710768,5.2275510577195075,7.972653826709138,0.5484047365633034,True,walking_dual_task,P02,5,0.0
2026-04-01T14:05:30.199904,1848.9518333380843,96114,79,-1.5301842989983265,5.873238477242623,5.2087703692995815,7.997979929929653,0.025326103220515428,True,walking_dual_task,P02,5,0.0
2026-04-01T14:05:30.200187,1991.063998541085,96116,79,-1.326085735563785,6.340337850131476,5.90839688755826,8.767413598820562,0.7694336688909091,True,walking_dual_task,P02,5,0.0
2026-04-01T14:05:30.200568,1871.0665116698492,96116,78,-1.3652273884792476,6.42777356755266,5.9728815983367545,8.880058189321302,0.11264459050073938,True,walking_dual_task,P02,5,0.0
2026-04-01T14:05:30.259533,1750.8919628702602,96113,78,-0.9178078640962751,7.393549065725905,6.341075796193032,9.783464688736728,0.9034064994154267,True,walking_dual_task,P02,5,0.0
2026-04-01T14:05:30.259849,1812.5935007942123,96113,80,-0.8890004134145777,7.386121497297425,6.323702589604045,9.76392989270485,0.0195347960318788,True,walking_dual_task,P02,5,0.0
2026-04-01T14:05:30.260356,1973.5180527150371,96070,81,-1.203544723033798,8.921752627857082,6.931519191577456,11.361872563808477,1.5979426711036275,True,walking_dual_task,P02,5,0.0
2026-04-01T14:05:30.319549,1902.9189722726046,96070,78,-1.1103786547206387,8.86041189229199,6.775641563559614,11.209333533077029,0.15253903073144848,True,walking_dual_task,P02,5,0.0
2026-04-01T14:05:30.320538,1919.8797025815322,95969,79,-1.7397804838268311,9.155644441921385,6.787364877330864,11.529136275403085,0.3198027423260559,True,walking_dual_task,P02,5,0.0
2026-04-01T14:05:30.321050,1901.3188295362393,95969,77,-1.8368777303432844,9.213204600046978,6.834163811021533,11.617360018284458,0.08822374288137347,True,walking_dual_task,P02,5,0.0
2026-04-01T14:05:30.379735,1809.9789212478493,96001,80,-2.3335980169383825,8.528379770856837,5.877531901095427,10.617171114238165,1.0001889040462935,True,walking_dual_task,P02,5,0.0
2026-04-01T14:05:30.380165,1860.1441386611014,96001,80,-2.3242933127935936,8.65457693185809,5.785143582073746,10.66639243317797,0.049221318939805414,True,walking_dual_task,P02,5,0.0
2026-04-01T14:05:30.380962,1924.9201053170668,96093,79,-2.3377424277958583,8.54941583739528,5.857273707973721,10.623803749577753,0.042588683600216726,True,walking_dual_task,P02,5,0.0
2026-04-01T14:05:30.440458,1866.7102402106989,96093,80,-2.2532160681475255,8.604928843295024,5.823786152609292,10.63194564504788,0.00814189547012667,True,walking_dual_task,P02,5,0.0
2026-04-01T14:05:30.440816,1905.0187808642395,96111,79,-2.402087849659551,8.565671048033707,5.8350208531720495,10.638995013513146,0.007049368465265715,True,walking_dual_task,P02,5,0.0
2026-04-01T14:05:30.441305,1907.1340940420837,96111,80,-2.2854686655445087,8.624602784668518,5.830548749884418,10.658444489665296,0.019449476152150424,True,walking_dual_task,P02,5,0.0
2026-04-01T14:05:30.499359,1842.652469885536,95976,79,-2.2938916922338985,8.553861991462865,5.995434706879351,10.694659012289558,0.03621452262426139,True,walking_dual_task,P02,5,0.0
2026-04-01T14:05:30.499802,1891.653613063558,95976,79,-2.2603479456624433,8.444994228133517,5.885426937042813,10.538754697778005,0.1559043145115524,True,walking_dual_task,P02,5,0.0
2026-04-01T14:05:30.500353,1815.7256323355793,95901,80,-2.323416235741353,8.456108659510429,5.791087644666998,10.509078588257323,0.02967610952068256,True,walking_dual_task,P02,5,0.0
2026-04-01T14:05:30.560089,1900.8221296618162,95901,81,-2.3763677098115887,8.559388381739078,5.840530274964188,10.631182758962352,0.12210417070502899,True,walking_dual_task,P02,5,0.0
2026-04-01T14:05:30.561555,1897.6101334970983,95884,79,-2.3666426885349243,8.481283778150642,5.842207327907752,10.567145243772137,0.06403751519021483,True,walking_dual_task,P02,5,0.0
2026-04-01T14:05:30.561902,1879.106176355532,95884,79,-2.2604785381548735,8.547216966275876,5.8087717902456975,10.578587372669718,0.011442128897581227,True,walking_dual_task,P02,5,0.0
2026-04-01T14:05:30.619398,1989.5140166588817,95848,78,-2.2790795528226395,8.555060120995677,5.843638919577137,10.608080557025454,0.029493184355736446,True,walking_dual_task,P02,5,0.0
2026-04-01T14:05:30.619856,1922.6599830083696,95848,81,-3.064629845610101,7.650861122619921,5.84763436766245,10.105565778623587,0.5025147784018671,True,walking_dual_task,P02,5,0.0
2026-04-01T14:05:30.620253,1921.283024823603,95857,80,-3.0176152319519978,7.5773857238336,5.787683269702227,10.001002636048899,0.10456314257468868,True,walking_dual_task,P02,5,0.0
2026-04-01T14:05:30.681017,1805.4481743823023,95857,79,-3.595594034553459,7.238448483645735,4.994894917572186,9.501179303081177,0.49982333296772197,True,walking_dual_task,P02,5,0.0
2026-04-01T14:05:30.681397,1772.4793787042424,95892,79,-3.524158131688201,7.262895694535872,4.884648116738569,9.435524979099437,0.06565432398173954,True,walking_dual_task,P02,5,0.0
2026-04-01T14:05:30.681698,1849.0329760725037,95892,79,-3.56351016874268,6.938903645534235,4.58303610553025,9.047165769970983,0.38835920912845445,True,walking_dual_task,P02,5,0.0
2026-04-01T14:05:30.740278,1944.3191587865917,95941,78,-3.300078496255219,7.322540435602074,4.6396034374596615,9.275561253604065,0.22839548363308282,True,walking_dual_task,P02,5,0.0
2026-04-01T14:05:30.740883,1933.612661238492,95941,80,-3.1264529074955756,7.385957471626809,4.586290421560591,9.239109014746273,0.03645223885779281,True,walking_dual_task,P02,5,0.0
2026-04-01T14:05:30.741254,1858.6447095670342,95943,80,-3.217423485654207,8.18662473534572,4.835294453448409,10.037564988330717,0.7984559735844439,True,walking_dual_task,P02,5,0.0
2026-04-01T14:05:30.860289,1925.9223389754088,95943,80,-3.264214390938387,8.276622780967656,4.855163538105438,10.135590423364125,0.09802543503340821,True,walking_dual_task,P02,5,0.0
2026-04-01T14:05:30.861084,1960.0207564449083,95922,78,-3.4423564739153125,8.68352702294957,4.908443257609445,10.552074434203622,0.41648401083949693,True,walking_dual_task,P02,5,0.0
2026-04-01T14:05:30.861177,1914.3513847834508,95922,80,-3.4887572144670145,8.752067166207972,5.091803234428149,10.70964830241611,0.15757386821248787,True,walking_dual_task,P02,5,0.0
2026-04-01T14:05:30.861461,1885.7922556038857,95913,79,-3.5167217611830277,8.744123604640713,5.175362710653107,10.752274584739352,0.04262628232324239,True,walking_dual_task,P02,5,0.0
2026-04-01T14:05:30.861871,1911.0447521282456,95913,79,-3.5390925972070413,8.53555384345962,5.26180276084426,10.63331670365518,0.11895788108417271,True,walking_dual_task,P02,5,0.0
2026-04-01T14:05:30.862919,1825.1536171540847,95933,81,-3.5908934473701946,8.5665021781215,5.2437232488136525,10.666588434371853,0.033271730716673886,True,walking_dual_task,P02,5,0.0
2026-04-01T14:05:30.919689,1764.5526413223063,95933,78,-3.743322042195294,8.366558627605373,5.24175038585592,10.558774090222963,0.10781434414889013,True,walking_dual_task,P02,5,0.0
2026-04-01T14:05:30.920127,1923.7999464931727,95965,81,-3.7126283755445897,8.294000619996664,5.330100794086499,10.53489583311223,0.023878257110732548,True,walking_dual_task,P02,5,0.0
2026-04-01T14:05:30.920369,1865.6567308816354,95965,80,-3.894202067159528,8.468391879519228,5.304561740623044,10.72459071596947,0.18969488285723912,True,walking_dual_task,P02,5,0.0
2026-04-01T14:05:30.979200,1885.7414778434172,95988,79,-3.8326755331355824,8.291822163081529,5.3991136376188935,10.611038808636433,0.11355190733303644,True,walking_dual_task,P02,5,0.0
2026-04-01T14:05:30.980043,1953.8961520031542,95988,79,-3.8030993922909877,8.33918307769747,5.383248234647992,10.62943558928886,0.018396780652427225,True,walking_dual_task,P02,5,0.0
2026-04-01T14:05:30.980426,1823.1612149175148,96019,78,-3.6215545275236685,8.44807048253218,5.473321119813286,10.697793985408994,0.06835839612013395,True,walking_dual_task,P02,5,0.0
2026-04-01T14:05:31.039582,1877.8805493455045,96019,78,-3.5377234898165715,8.803007799643881,5.638264974745087,11.036234218991012,0.338440233582018,True,walking_dual_task,P02,5,0.0
2026-04-01T14:05:31.040221,1921.4523498238482,96041,80,-3.502013325644769,8.82558355252062,5.7031178984224455,11.076126404967688,0.039892185976675876,True,walking_dual_task,P02,5,0.0
2026-04-01T14:05:31.040735,1924.5104482166792,96041,79,-3.280173557142168,9.299719356874268,6.005888018433793,11.546211914371018,0.4700855094033294,True,walking_dual_task,P02,5,0.0
2026-04-01T14:05:31.100144,1814.5574513376341,96062,80,-3.3994289634936767,9.205563273511366,5.9500439333617186,11.476128932239982,0.07008298213103537,True,walking_dual_task,P02,5,0.0
2026-04-01T14:05:31.100198,1919.8494157066225,96062,81,-2.7002419397901054,9.754860433449627,6.176268659992108,11.857272163945769,0.3811432317057868,True,walking_dual_task,P02,5,0.0
2026-04-01T14:05:31.160608,1850.2305386552466,96082,77,-2.6750270696902727,9.770820302911511,6.225779280531618,11.890543589981927,0.0332714260361584,True,walking_dual_task,P02,5,0.0
2026-04-01T14:05:31.160664,1878.3879664294168,96082,80,-2.35677496893189,9.412660777064024,6.212788707094181,11.521775673795268,0.36876791618665905,True,walking_dual_task,P02,5,0.0
2026-04-01T14:05:31.161490,1844.1211808287803,95989,79,-2.3588294644660452,9.418797209163285,6.150643218729194,11.49383440431759,0.02794126947767772,True,walking_dual_task,P02,5,0.0
2026-04-01T14:05:31.161528,1861.2510585220023,95989,79,-2.373628015823797,8.301753753622886,5.371133461371789,10.168692148116344,1.3251422562012465,True,walking_dual_task,P02,5,0.0
2026-04-01T14:05:31.219506,1756.778437623274,95873,80,-2.281447337982746,8.226112713842541,5.425912128023186,10.115060788638868,0.05363135947747644,True,walking_dual_task,P02,5,0.0
2026-04-01T14:05:31.220027,1958.810150045235,95873,79,-2.201613061403842,7.938090599112404,5.114353013476403,9.696235825221862,0.4188249634170056,True,walking_dual_task,P02,5,0.0
2026-04-01T14:05:31.279902,1873.0763496263487,95852,78,-2.131523850166001,7.829017782843343,5.152804512263295,9.611883671242841,0.08435215397902063,True,walking_dual_task,P02,5,0.0
2026-04-01T14:05:31.279959,1988.5980448295877,95852,81,-2.174423866314418,8.767091242787828,5.798411236759457,10.73366577085122,1.121782099608378,True,walking_dual_task,P02,5,0.0
2026-04-01T14:05:31.280951,1835.5638480603036,95836,82,-2.1367511342680867,9.281374846925322,6.376662920042775,11.461738718657935,0.7280729478067158,True,walking_dual_task,P02,5,0.0
2026-04-01T14:05:31.340926,1815.4292440164215,95836,78,-2.210926900146331,9.381957290005957,6.326712363851464,11.52981394837738,0.0680752297194438,True,walking_dual_task,P02,5,0.0
2026-04-01T14:05:31.341618,1949.2605663834752,95809,79,-2.7582633899910243,8.001393365870365,5.944359190392352,10.342423260936535,1.1873906874408444,True,walking_dual_task,P02,5,0.0
2026-04-01T14:05:31.341661,1910.1190391230994,95809,78,-2.729295696694503,7.907326759221431,5.984963761640875,10.285653246403406,0.05677001453312869,True,walking_dual_task,P02,5,0.0
2026-04-01T14:05:31.342154,1915.149509171117,95830,80,-3.222236150702215,5.888601701553901,4.541338637411026,8.104455097665602,2.1811981487378045,True,walking_dual_task,P02,5,0.0
2026-04-01T14:05:31.399564,1925.7138667687036,95830,80,-3.2535194289148968,5.825446792988909,4.579577464653727,8.092820816441924,0.011634281223678045,True,walking_dual_task,P02,5,0.0
2026-04-01T14:05:31.400034,1945.952311640036,95878,79,-3.173183896015615,5.8197989952433025,4.5534515291465185,8.041957299765683,0.050863516676241005,True,walking_dual_task,P02,5,0.0
2026-04-01T14:05:31.400063,1832.9802793734377,95878,78,-3.159423801214533,5.812441059217586,4.669223007821257,8.097411519697312,0.05545421993162947,True,walking_dual_task,P02,5,0.0
2026-04-01T14:05:31.459865,1914.090629700437,95885,79,-3.1754083133282753,5.849845923323821,4.614542606940431,8.09925420975606,0.00184269005874782,True,walking_dual_task,P02,5,0.0
2026-04-01T14:05:31.519709,1838.9272126885676,95885,79,-3.2055904873420893,5.842631457077097,4.675975243272769,8.141062411716591,0.04180820196053148,True,walking_dual_task,P02,5,0.0
2026-04-01T14:05:31.579852,1899.8344434552475,95852,78,-3.1190829473177986,5.938611999455415,4.576627090805689,8.120425262301296,0.020637149415295042,True,walking_dual_task,P02,5,0.0
2026-04-01T14:05:31.580034,1842.1909229226376,95852,80,-3.20385824340693,5.792939548151447,4.541102022832868,8.027730926865972,0.0926943354353238,True,walking_dual_task,P02,5,0.0
2026-04-01T14:05:31.580869,1875.7008767061077,95838,79,-3.1616827470379643,5.860023421271371,4.545684460371525,8.062218026326857,0.03448709946088435,True,walking_dual_task,P02,5,0.0
2026-04-01T14:05:31.581294,1924.4123556904606,95838,80,-3.1395322586639827,5.929281255394616,4.548499539260975,8.10567005665929,0.04345203033243372,True,walking_dual_task,P02,5,0.0
2026-04-01T14:05:31.581978,1865.0630231525283,95842,79,-3.1976984007398137,5.7610140584008205,4.660163266265713,8.070420045539029,0.035250011120261604,True,walking_dual_task,P02,5,0.0
2026-04-01T14:05:31.582905,1875.2041687096262,95842,76,-3.2511104027094513,5.910014740489546,4.538185279781066,8.129767445445834,0.059347399906805265,True,walking_dual_task,P02,5,0.0
2026-04-01T14:05:31.583343,1890.2578287342446,95829,79,-3.2844934671850865,5.9489294945393585,4.667517967852051,8.243990747641798,0.11422330219596333,True,walking_dual_task,P02,5,0.0
2026-04-01T14:05:31.639902,1804.3765907570485,95829,79,-0.8918678656044635,7.278621995841575,5.815957394326113,9.359440520707594,1.1154497730657962,True,walking_dual_task,P02,5,0.0
2026-04-01T14:05:31.640584,1879.3817449926391,95808,79,-0.8497328379248029,7.189485775016157,5.872382001869505,9.321782124727456,0.03765839598013798,True,walking_dual_task,P02,5,0.0
2026-04-01T14:05:31.640954,1940.7094607960923,95808,79,-0.6749794319584297,8.614211135541243,5.895208878510732,10.460101263492692,1.1383191387652367,True,walking_dual_task,P02,5,0.0
2026-04-01T14:05:31.699801,1905.9251538840413,95778,78,-0.74734668424257,8.705454527568744,5.988358716435377,10.592634503027236,0.13253323953454377,True,walking_dual_task,P02,5,0.0
2026-04-01T14:05:31.700502,1831.6210205918246,95778,79,-0.971386177865105,10.290701049333851,6.584562063597435,12.255552895021697,1.6629183919944612,True,walking_dual_task,P02,5,0.0
2026-04-01T14:05:31.700526,1810.5910324215665,95765,80,-1.4567091449849139,11.04022582994417,7.1168175859882465,13.21581175945998,0.9602588644382823,True,walking_dual_task,P02,5,0.0
2026-04-01T14:05:31.759390,1822.5158611686998,95765,80,-1.4377227197367992,11.120356989059601,7.126077043892928,13.285720161830591,0.06990840237061136,True,walking_dual_task,P02,5,0.0
2026-04-01T14:05:31.760110,1872.0624861858432,95759,79,-2.4183979877605357,10.420589828105888,6.759287165501582,12.654062753856664,0.6316574079739272,True,walking_dual_task,P02,5,0.0
2026-04-01T14:05:31.760581,1854.0379512726647,95759,78,-2.431418370879914,10.559547181827055,6.72677159500884,12.754030267758573,0.09996751390190894,True,walking_dual_task,P02,5,0.0
2026-04-01T14:05:31.879887,1858.0894566945426,95727,79,-2.073218046030182,9.561723710991073,5.8200913820149065,11.384123026685819,1.3699072410727542,True,walking_dual_task,P02,5,0.0
2026-04-01T14:05:31.880219,1769.6171276140583,95727,78,-2.102679502971407,9.621074184465456,5.948057514873779,11.505030106672914,0.12090707998709505,True,walking_dual_task,P02,5,0.0
2026-04-01T14:05:31.881013,1899.1773046229955,95602,80,-2.6515108335387976,9.138819099500415,5.16796304954366,10.82849787898653,0.6765322276863834,True,walking_dual_task,P02,5,0.0
2026-04-01T14:05:31.881731,1799.2346417658237,95602,79,-3.4993809645248266,8.045940443402722,4.707307608038451,9.95698597319284,0.8715119057936906,True,walking_dual_task,P02,5,0.0
2026-04-01T14:05:31.882058,1856.5950783252151,95515,80,-3.5132340901668595,7.982641555044567,4.702793668576989,9.908665311627127,0.0483206615657128,True,walking_dual_task,P02,5,0.0
2026-04-01T14:05:31.883333,1864.3550600830392,95515,79,-4.112764122994601,7.276730166523599,3.732118880283368,9.15392494967889,0.7547403619482367,True,walking_dual_task,P02,5,0.0
2026-04-01T14:05:31.940042,1825.2672865092786,95532,77,-4.069323865354769,7.326105782636696,3.8423936649048476,9.21928477354017,0.06535982386128047,True,walking_dual_task,P02,5,0.0
2026-04-01T14:05:31.940456,1824.759809677297,95532,80,-4.258622477487446,6.617715904889356,3.235641730965482,8.508784085564292,0.7105006879758786,True,walking_dual_task,P02,5,0.0
2026-04-01T14:05:31.941102,1909.6493911530763,95618,79,-3.9192470275396314,7.032677957985114,4.0007852037893015,8.990291361822893,0.48150727625860057,True,walking_dual_task,P02,5,0.0
2026-04-01T14:05:32.000137,1869.2064625231303,95618,79,-3.848461105586645,7.011903090365613,4.065000014344944,8.972271894370813,0.018019467452079496,True,walking_dual_task,P02,5,0.0
2026-04-01T14:05:32.000409,1843.558376424521,95664,78,-3.2848419581738164,9.53721724021128,5.86845276470165,11.669937327539378,2.6976654331685648,True,walking_dual_task,P02,5,0.0
2026-04-01T14:05:32.000968,1891.1145124006189,95664,78,-3.393427651405338,9.534813919053576,5.838101881152693,11.683811932371164,0.01387460483178593,True,walking_dual_task,P02,5,0.0
2026-04-01T14:05:32.059575,1863.8054127668634,95647,78,-3.015481287833036,10.577136107940156,6.721084625421525,12.889604888639536,1.2057929562683718,True,walking_dual_task,P02,5,0.0
2026-04-01T14:05:32.119787,1853.054216966903,95647,79,-3.2820211589950805,9.999696859523635,6.483990166335012,12.36154232479052,0.5280625638490157,True,walking_dual_task,P02,5,0.0
2026-04-01T14:05:32.120436,1851.2006050041987,95620,80,-3.2354920993716556,9.986844670888132,6.527095718412978,12.361571668799566,2.934400904663903e-05,True,walking_dual_task,P02,5,0.0
2026-04-01T14:05:32.120993,1818.6766348521353,95620,79,-3.2003551207781857,8.709449431870544,5.932730946926708,11.013359105832478,1.3482125629670882,True,walking_dual_task,P02,5,0.0
2026-04-01T14:05:32.121475,1836.6787265300347,95634,79,-3.216389347165329,8.569098585028721,5.953255043714812,10.918601403477265,0.09475770235521352,True,walking_dual_task,P02,5,0.0
2026-04-01T14:05:32.122053,1863.592562884279,95634,79,-2.891800823458589,7.175424910280143,4.780014321998368,9.093831511752024,1.824769891725241,True,walking_dual_task,P02,5,0.0
2026-04-01T14:05:32.179861,1898.8510667561534,95674,78,-2.9898202281829067,7.292325371106027,4.661675922372644,9.156869373326082,0.06303786157405789,True,walking_dual_task,P02,5,0.0
2026-04-01T14:05:32.180744,1906.9909104487301,95674,80,-2.97457626196513,6.914080673859223,4.18803001927829,8.613490056025848,0.5433793173002339,True,walking_dual_task,P02,5,0.0
2026-04-01T14:05:32.180778,1885.825738185942,95695,77,-3.070108331484288,7.917636991788889,4.413642671205148,9.570516304247956,0.9570262482221086,True,walking_dual_task,P02,5,0.0
2026-04-01T14:05:32.239832,1831.1864476141136,95695,81,-3.134779612282939,7.870661497186819,4.373011230562316,9.534011896547433,0.03650440770052299,True,walking_dual_task,P02,5,0.0
2026-04-01T14:05:32.240411,1877.9974514201272,95676,80,-3.355508595130038,8.801832811703022,4.586897607413165,10.47718132123598,0.9431694246885467,True,walking_dual_task,P02,5,0.0
2026-04-01T14:05:32.240815,1836.6015386521142,95676,76,-3.375194183483707,8.851057375074863,4.478227605173134,10.477961391264241,0.0007800700282611928,True,walking_dual_task,P02,5,0.0
2026-04-01T14:05:32.299681,1888.315419204894,95635,77,-3.713844189578516,8.957661625382611,4.629003997675539,10.745232359973166,0.26727096870892453,True,walking_dual_task,P02,5,0.0
2026-04-01T14:05:32.300224,1881.5395367854485,95635,77,-3.771536083735034,8.939677813632663,4.659248751617923,10.763406652724994,0.018174292751828247,True,walking_dual_task,P02,5,0.0
2026-04-01T14:05:32.360669,1925.7778966288909,95618,79,-3.7691563681513647,8.413057676441403,4.730708741499433,10.361741378340069,0.40166527438492494,True,walking_dual_task,P02,5,0.0
2026-04-01T14:05:32.361929,1833.9930558356702,95618,78,-3.8134428087840657,8.459774699638894,4.817153849943933,10.455386422248912,0.0936450439088432,True,walking_dual_task,P02,5,0.0
2026-04-01T14:05:32.362255,1789.420459209267,95639,79,-3.9893183000514005,8.499779940241691,4.966457821332581,10.621987705826797,0.16660128357788473,True,walking_dual_task,P02,5,0.0
2026-04-01T14:05:32.362789,1883.49069949126,95639,78,-3.913421721735065,8.535022979437821,5.092266644820373,10.681416872944789,0.059429167117992066,True,walking_dual_task,P02,5,0.0
2026-04-01T14:05:32.419567,1868.91679016504,95671,79,-3.999632451141667,8.546798688604827,4.954931760778608,10.658150698959707,0.023266173985081906,True,walking_dual_task,P02,5,0.0
2026-04-01T14:05:32.420112,1882.6938980271464,95671,78,-3.976745911966716,8.564813450549934,4.967926300238602,10.670090403350267,0.011939704390560024,True,walking_dual_task,P02,5,0.0
2026-04-01T14:05:32.420136,1850.947191878207,95702,78,-3.9663847710329843,8.442832634653776,4.992619351639058,10.580164414555098,0.08992598879516933,True,walking_dual_task,P02,5,0.0
2026-04-01T14:05:32.479752,1852.7678110727852,95702,79,-3.9938786494397784,8.492104764977647,4.970552254620085,10.619477375168506,0.039312960613408166,True,walking_dual_task,P02,5,0.0
2026-04-01T14:05:32.480165,1905.2268317052497,95636,81,-3.999786183419222,8.579676226030134,4.945560808311519,10.680248375636443,0.0607710004679376,True,walking_dual_task,P02,5,0.0
2026-04-01T14:05:32.481289,1787.683641506461,95636,79,-4.004133301825727,8.498104384613203,5.021813755715471,10.652205172060153,0.02804320357629031,True,walking_dual_task,P02,5,0.0
2026-04-01T14:05:32.599954,1966.557888231903,95506,80,-3.99203674559517,8.570463546917503,5.014292148093281,10.701977786075515,0.04977261401536204,True,walking_dual_task,P02,5,0.0
2026-04-01T14:05:32.600661,1840.3153634427917,95506,78,-3.9943773067631168,8.465601824344953,5.031795604248835,10.62734356836527,0.07463421771024592,True,walking_dual_task,P02,5,0.0
2026-04-01T14:05:32.601355,1882.184979349658,95414,80,-3.882038684408952,8.468766295208637,4.982698474629193,10.564918882754448,0.062424685610821484,True,walking_dual_task,P02,5,0.0
2026-04-01T14:05:32.659695,1885.0786758419079,95414,78,-3.980319579972689,8.466781961789723,4.95152997076179,10.585225070755653,0.020306188001205427,True,walking_dual_task,P02,5,0.0
2026-04-01T14:05:32.660330,1759.042611556413,95407,79,-4.002151170408037,8.451529812021729,4.998448578327847,10.603304123926566,0.018079053170913184,True,walking_dual_task,P02,5,0.0
2026-04-01T14:05:32.661041,1855.563510228618,95407,80,-2.4774903789219316,9.335630672408065,5.248469922433765,10.9926518709522,0.38934774702563324,True,walking_dual_task,P02,5,0.0
2026-04-01T14:05:32.661650,1838.0290109392506,95409,78,-2.6138906900329797,9.325029671163248,5.210612160235832,10.997230651028175,0.004578780075975786,True,walking_dual_task,P02,5,0.0
2026-04-01T14:05:32.661864,1885.5383276091343,95409,79,-2.2985968052914147,8.49630976562307,5.104240216469302,10.17467911504537,0.8225515359828055,True,walking_dual_task,P02,5,0.0
2026-04-01T14:05:32.662237,1930.0200998023658,95402,79,-2.3602217067555116,8.444410452090453,5.135346235901801,10.161225091051039,0.013454023994331266,True,walking_dual_task,P02,5,0.0
2026-04-01T14:05:32.719584,1912.1119413245779,95402,76,-2.0657712971666076,6.988254211667312,4.723886462919504,8.684365912007477,1.4768591790435615,True,walking_dual_task,P02,5,0.0
2026-04-01T14:05:32.720202,1895.0493155242577,95402,79,-1.9789920093274773,5.810321029471473,4.136446512896571,7.401785567858249,1.2825803441492285,True,walking_dual_task,P02,5,0.0
2026-04-01T14:05:32.720706,1890.078369919991,95402,78,-2.043501243511779,5.8419049905452916,4.034272977004504,7.3877675723983725,0.014017995459876254,True,walking_dual_task,P02,5,0.0
2026-04-01T14:05:32.779621,1811.8135658976576,95417,78,-1.5610139665706644,5.127547569297587,3.581072981327287,6.446130031020982,0.9416375413773901,True,walking_dual_task,P02,5,0.0
2026-04-01T14:05:32.780497,1900.1913091754013,95417,76,-1.5951063941633652,5.147855586280137,3.6786851350304124,6.525144126269564,0.07901409524858138,True,walking_dual_task,P02,5,0.0
2026-04-01T14:05:32.781009,1816.1032640820943,95412,79,-0.819428163154298,5.230888608412127,3.938152357464135,6.598689425847113,0.07354529957754963,True,walking_dual_task,P02,5,0.0
2026-04-01T14:05:32.840515,1900.0398201239793,95412,79,-0.8609160229908696,5.328414544881056,3.89981165822815,6.658957045243241,0.06026761939612779,True,walking_dual_task,P02,5,0.0
2026-04-01T14:05:32.841077,1823.5896375385728,95414,78,-0.6251531575677247,6.073568899400845,4.514983112312684,7.593690022028475,0.9347329767852335,True,walking_dual_task,P02,5,0.0
2026-04-01T14:05:32.841638,1884.5522564126495,95414,78,-0.24178825615448557,6.343942073731581,4.790069449314804,7.952913172224063,0.3592231501955885,True,walking_dual_task,P02,5,0.0
2026-04-01T14:05:32.900069,1950.3540589614408,95419,80,-0.32530758656481945,6.362339021381479,4.761815030506099,7.953619630936839,0.0007064587127763033,True,walking_dual_task,P02,5,0.0
2026-04-01T14:05:32.901143,1867.4163754410447,95419,78,-0.8211953745415718,5.873432002646518,4.807459587165868,7.634345618002486,0.3192740129343532,True,walking_dual_task,P02,5,0.0
2026-04-01T14:05:32.901189,1902.2657104027965,95418,79,-0.8134626390197202,5.821914800084057,4.658986057660774,7.500837585896404,0.1335080321060822,True,walking_dual_task,P02,5,0.0
2026-04-01T14:05:32.959937,1868.7732457402706,95418,79,-1.7629037895748443,5.64325272811219,4.830991315998949,7.634959608269075,0.13412202237267135,True,walking_dual_task,P02,5,0.0
2026-04-01T14:05:32.960508,1910.976895668077,95437,80,-2.015235856365766,6.002738685809638,5.008236521080845,8.07319517526895,0.4382355669998743,True,walking_dual_task,P02,5,0.0
2026-04-01T14:05:32.960952,1898.624660182742,95437,80,-2.0251919016701243,6.058785946156686,5.09125638999295,8.168915534425611,0.09572035915666177,True,walking_dual_task,P02,5,0.0
2026-04-01T14:05:33.019636,1805.267370812388,95432,78,-1.9850490964865983,6.6666236624999184,5.235347011945489,8.705926102853885,0.5370105684282738,True,walking_dual_task,P02,5,0.0
2026-04-01T14:05:33.020239,1873.4816918261913,95432,79,-1.91409393001363,6.5509883413578365,5.104049498047713,8.522354434077618,0.18357166877626696,True,walking_dual_task,P02,5,0.0
2026-04-01T14:05:33.020730,1988.4626464215492,95440,78,-1.853334437167083,7.608050494297127,5.638763357342839,9.649504290888547,1.127149856810929,True,walking_dual_task,P02,5,0.0
2026-04-01T14:05:33.079737,1879.7605246164067,95440,80,-1.7476915573028222,8.768184046844715,6.374016831099332,10.980144253239448,1.3306399623509009,True,walking_dual_task,P02,5,0.0
2026-04-01T14:05:33.080453,1806.9806883430754,95413,79,-1.8475685352398794,8.739512523983452,6.399860067067214,10.988666776607324,0.008522523367876289,True,walking_dual_task,P02,5,0.0
2026-04-01T14:05:33.080939,1811.9309897971914,95413,78,-2.365235212400178,9.296679619068989,6.775527034463874,11.744375511041072,0.7557087344337479,True,walking_dual_task,P02,5,0.0
2026-04-01T14:05:33.140042,1870.7047150943995,95287,79,-2.3734174059269324,9.315375072687791,6.795315410208002,11.772239992958873,0.027864481917800887,True,walking_dual_task,P02,5,0.0
2026-04-01T14:05:33.140407,1830.6637499331691,95287,80,-2.3259638896038823,9.359150943336779,6.759083169679825,11.776630234942083,0.004390241983209364,True,walking_dual_task,P02,5,0.0
2026-04-01T14:05:33.140792,1801.0197321910612,95174,81,-2.218755769833731,9.429198193244677,7.041192685882198,11.97543528116536,0.19880504622327777,True,walking_dual_task,P02,5,0.0
2026-04-01T14:05:33.199749,1846.8693646608947,95174,78,-2.3320624163672914,9.389467480078936,6.933403035125372,11.90263383964988,0.07280144151548029,True,walking_dual_task,P02,5,0.0
2026-04-01T14:05:33.200180,1924.38836254815,95135,78,-2.2820339425593827,9.541700205669693,7.057596648570753,12.085586133232733,0.18295229358285248,True,walking_dual_task,P02,5,0.0
2026-04-01T14:05:33.320287,1995.1577206923187,95135,78,-3.115262943991349,9.257629335211957,6.032678558485834,11.480495403439582,0.6050907297931509,True,walking_dual_task,P02,5,0.0
2026-04-01T14:05:33.320908,1873.5352318314701,95110,79,-3.119251359517144,9.266788426328914,6.003879721350239,11.47386894167062,0.0066264617689615335,True,walking_dual_task,P02,5,0.0
2026-04-01T14:05:33.321285,1834.0457011480817,95110,78,-5.885515483461761,7.22090273930142,4.505838536266942,10.348106580018738,1.1257623616518817,True,walking_dual_task,P02,5,0.0
2026-04-01T14:05:33.321777,1936.1483039488055,95128,80,-6.0409194685806895,6.5364696288372395,4.097185483185517,9.798217803162725,0.5498887768560135,True,walking_dual_task,P02,5,0.0
2026-04-01T14:05:33.322500,1877.557907481732,95128,81,-6.073584244680996,6.425997433379111,4.041972910207781,9.722109524063473,0.07610827909925177,True,walking_dual_task,P02,5,0.0
2026-04-01T14:05:33.322869,1901.173841320797,95128,80,-3.4866161407834966,6.946161568826794,5.834824754121196,9.718581818594922,0.00352770546855119,True,walking_dual_task,P02,5,0.0
2026-04-01T14:05:33.323270,1804.2860535107725,95128,80,-3.460325310537026,6.983725273270923,5.971093885928379,9.81836198873506,0.09978017014013751,True,walking_dual_task,P02,5,0.0
2026-04-01T14:05:33.379895,1840.4965224011737,95025,79,-2.0763379153506927,8.804501439024556,7.458894654666152,11.7245696807139,1.9062076919788407,True,walking_dual_task,P02,5,0.0
2026-04-01T14:05:33.380937,1850.359085815879,95025,79,-1.9685285382141986,8.794157027312513,7.554359191887111,11.759279111699112,0.0347094309852114,True,walking_dual_task,P02,5,0.0
2026-04-01T14:05:33.380980,1898.3360258472555,94913,77,-2.052423807394894,8.719409214548746,7.4474538250755264,11.64925358177729,0.11002552992182224,True,walking_dual_task,P02,5,0.0
2026-04-01T14:05:33.440096,1863.58754984833,94913,79,-2.113664185711922,8.8335473346629,7.510109825472128,11.785621934982652,0.13636835320536278,True,walking_dual_task,P02,5,0.0
2026-04-01T14:05:33.440706,1908.2843240148482,94903,79,-2.120267805642848,8.764900575473458,7.4780733799208505,11.714973288107036,0.07064864687561645,True,walking_dual_task,P02,5,0.0
2026-04-01T14:05:33.441107,1864.887417374325,94903,78,-2.031556150191011,8.751943537463386,7.568173782796968,11.747382282063585,0.03240899395654928,True,walking_dual_task,P02,5,0.0
2026-04-01T14:05:33.500689,1958.417594391611,94957,78,-1.9738896007845754,8.806560656627074,7.471232336123437,11.7162734423226,0.031108839740985772,True,walking_dual_task,P02,5,0.0
2026-04-01T14:05:33.501218,1817.4872886640485,94957,79,-2.119090952791275,8.836305357976654,7.4745896669962475,11.766066867716495,0.04979342539389542,True,walking_dual_task,P02,5,0.0
2026-04-01T14:05:33.502740,1754.1138252720139,95029,81,-1.9679849862927312,8.767168935785364,7.408679384312398,11.64580380542318,0.12026306229331496,True,walking_dual_task,P02,5,0.0
2026-04-01T14:05:33.560281,1737.2649751067513,95029,79,-2.080592322818674,8.804515969018581,7.422146876525083,11.701992570463641,0.056188765040461774,True,walking_dual_task,P02,5,0.0
2026-04-01T14:05:33.619970,1885.1770787378719,95068,79,-2.013404033866541,8.88111709177037,7.456904910312513,11.770024105445525,0.06803153498188408,True,walking_dual_task,P02,5,0.0
2026-04-01T14:05:33.679482,1975.6637766723154,95068,77,-1.976105670863789,8.849072076877373,7.438712518973787,11.727979970315783,0.0420441351297427,True,walking_dual_task,P02,5,0.0
2026-04-01T14:05:33.680154,1930.03608396318,95094,78,-2.021608739875751,8.779689840575774,7.485358753044377,11.713259634091168,0.014720336224614883,True,walking_dual_task,P02,5,0.0
2026-04-01T14:05:33.681054,1873.8526916788553,95094,77,-4.12083937182902,7.4678525120535335,5.883029243094137,10.361475345977581,1.3517842881135866,True,walking_dual_task,P02,5,0.0
2026-04-01T14:05:33.681551,1937.8024520770437,95153,78,-3.9929851324898555,7.413547509204573,5.717262647469039,10.178001234017563,0.1834741119600185,True,walking_dual_task,P02,5,0.0
2026-04-01T14:05:33.682006,1841.5478731141322,95153,80,-5.412271484498981,6.577161147920865,5.041639080822686,9.897972318051771,0.2800289159657918,True,walking_dual_task,P02,5,0.0
2026-04-01T14:05:33.682734,1843.0112357822834,95262,78,-5.491392989175658,6.595239138543401,5.114369729809336,9.990463151893023,0.09249083384125178,True,walking_dual_task,P02,5,0.0
2026-04-01T14:05:33.739735,1848.127004296733,95262,80,-5.917088641084576,6.725055447953462,4.420359549688508,9.988888192037344,0.0015749598556791256,True,walking_dual_task,P02,5,0.0
2026-04-01T14:05:33.740309,1880.826911512263,95378,81,-5.810611724929583,6.688919884135911,4.350955999015017,9.870951116262438,0.11793707577490586,True,walking_dual_task,P02,5,0.0
2026-04-01T14:05:33.740798,1896.1456741764086,95378,78,-5.882650316515281,9.036557244912528,4.623351886167524,11.732021319888029,1.8610702036255908,True,walking_dual_task,P02,5,0.0
2026-04-01T14:05:33.741251,1898.034601786321,95368,80,-4.78479804312066,11.34523683378259,5.858697223723614,13.63572602714411,1.9037047072560807,True,walking_dual_task,P02,5,0.0
2026-04-01T14:05:33.800076,1916.4591081771628,95368,79,-4.765104744564923,11.187403165806405,5.7677534362644804,13.458498895586796,0.17722713155731284,True,walking_dual_task,P02,5,0.0
2026-04-01T14:05:33.800617,1872.0695410339836,95240,77,-3.910948137920508,10.892446324122162,6.034071337601935,13.051855008720235,0.4066438868665614,True,walking_dual_task,P02,5,0.0
2026-04-01T14:05:33.801045,1920.8402901863446,95240,79,-3.8529284501699586,10.920859535407137,5.924782622778884,13.008200481288899,0.04365452743133602,True,walking_dual_task,P02,5,0.0
2026-04-01T14:05:33.859968,1931.4426440559546,95180,80,-2.550341193500026,10.907334981819117,6.909228232060342,13.160988996712133,0.15278851542323402,True,walking_dual_task,P02,5,0.0
2026-04-01T14:05:33.860539,1867.404924165453,95180,79,-1.6650914712000506,10.55849509669843,8.137408516373258,13.433978028745319,0.2729890320331858,True,walking_dual_task,P02,5,0.0
2026-04-01T14:05:33.860904,1909.6531861152134,95161,79,-1.621587828690863,10.52990172846517,8.240297810119516,13.468885829820987,0.03490780107566849,True,walking_dual_task,P02,5,0.0
2026-04-01T14:05:33.919580,1935.5820831417625,95161,78,-1.4248893879992572,8.61083108184585,7.609830125203272,11.5795611411904,1.8893246886305874,True,walking_dual_task,P02,5,0.0
2026-04-01T14:05:33.919936,1861.4066971796904,95158,79,-1.4315204448657592,8.723609075305033,7.681489401699489,11.711357116544376,0.1317959753539757,True,walking_dual_task,P02,5,0.0
2026-04-01T14:05:33.920397,1920.4844628271944,95158,80,-1.4997581110516538,7.7796319459227945,6.956915370566718,10.543747866812597,1.167609249731779,True,walking_dual_task,P02,5,0.0
2026-04-01T14:05:33.979629,1945.1485871216062,95210,80,-1.245037041180323,8.534415911188821,6.6526905221912855,10.892413110193614,0.3486652433810171,True,walking_dual_task,P02,5,0.0
2026-04-01T14:05:34.040023,1828.6182342818665,95210,80,-1.193357778752929,8.645236522083472,6.701426928508267,11.003333139963171,0.11092002976955762,True,walking_dual_task,P02,5,0.0
2026-04-01T14:05:34.040397,1879.6219634870433,95270,79,-1.1313091631038363,9.549669905552474,7.047206270603586,11.922213382923985,0.9188802429608138,True,walking_dual_task,P02,5,0.0
2026-04-01T14:05:34.040724,1931.136497005651,95270,79,-1.173211754605875,9.455113818091446,7.028437477405451,11.839532782504836,0.08268060041914893,True,walking_dual_task,P02,5,0.0
2026-04-01T14:05:34.041470,1827.2738953531236,95289,80,-1.637350032718352,9.158215697500097,6.912852215682719,11.590571842987275,0.24896093951756093,True,walking_dual_task,P02,5,0.0
2026-04-01T14:05:34.041817,1780.2841928801063,95289,80,-2.035570303211863,7.522198883490066,5.973281281520624,9.818712327503128,1.771859515484147,True,walking_dual_task,P02,5,0.0
2026-04-01T14:05:34.099447,1922.5667614392999,95305,79,-2.0690910886837037,7.548919483484748,5.8722389231294025,9.785219122315143,0.03349320518798571,True,walking_dual_task,P02,5,0.0
2026-04-01T14:05:34.099789,1952.289518996634,95305,78,-2.3197391081703933,5.562389123047908,4.427818317689319,7.4784314759608455,2.306787646354297,True,walking_dual_task,P02,5,0.0
2026-04-01T14:05:34.100524,1873.298021548155,95414,79,-2.332619638111821,5.532217698990171,4.394735966201613,7.440446979701626,0.03798449625921929,True,walking_dual_task,P02,5,0.0
2026-04-01T14:05:34.160034,1811.617887168831,95414,80,-2.315286797304688,5.501791683170571,4.386931024984549,7.407795117087827,0.03265186261379949,True,walking_dual_task,P02,5,0.0
2026-04-01T14:05:34.160878,1857.8876354352276,95496,78,-2.557400747453797,4.712156316260112,3.7460983594866293,6.540486881792189,0.8673082352956376,True,walking_dual_task,P02,5,0.0
2026-04-01T14:05:34.161042,1840.2243916265786,95496,81,-2.3406216143612983,4.6489735033720825,3.490398751708978,6.266924893646212,0.27356198814597743,True,walking_dual_task,P02,5,0.0
2026-04-01T14:05:34.219497,1839.090556287834,95559,77,-2.3706608990513347,4.742061838109932,3.5468443364898476,6.378658818438209,0.11173392479199773,True,walking_dual_task,P02,5,0.0
2026-04-01T14:05:34.219960,1922.6881100590358,95559,78,-2.3102644540090167,4.584082589998738,3.5037476239927585,6.215093116922868,0.1635657015153411,True,walking_dual_task,P02,5,0.0
2026-04-01T14:05:34.340491,1872.203862725929,95616,80,-2.3700080736649025,4.572219049576013,3.54289770850161,6.250939887684776,0.0358467707619079,True,walking_dual_task,P02,5,0.0
2026-04-01T14:05:34.340566,1883.998482173021,95616,77,-2.4630713335445504,4.12212439226392,3.8056556559806936,6.127123702955895,0.12381618472888078,True,walking_dual_task,P02,5,0.0
2026-04-01T14:05:34.343228,1810.5379120321902,95675,79,-2.308919067012117,3.8485414181638133,3.8354852391842615,5.903670495999484,0.22345320695641124,True,walking_dual_task,P02,5,0.0
2026-04-01T14:05:34.343270,1822.4630609991775,95675,80,-2.355506472053181,4.0125482810848245,3.8965382029304667,6.068934372261558,0.16526387626207395,True,walking_dual_task,P02,5,0.0
2026-04-01T14:05:34.343285,1855.9331726336775,95723,80,-2.696238584576533,4.233041367442784,4.1540910413446746,6.51496846525148,0.4460340929899216,True,walking_dual_task,P02,5,0.0
2026-04-01T14:05:34.343297,1911.4776664764065,95723,79,-2.689359425228006,4.186909249269311,4.1199037143399,6.460376908130927,0.054591557120552636,True,walking_dual_task,P02,5,0.0
2026-04-01T14:05:34.343308,1837.0666532563253,95750,78,-2.676209404621137,5.165556941470209,4.478156567658698,7.341591212905988,0.8812143047750611,True,walking_dual_task,P02,5,0.0
2026-04-01T14:05:34.399659,1818.3069185200497,95750,79,-2.6279290705270126,5.093656062668779,4.599165267839702,7.348718558047138,0.007127345141149988,True,walking_dual_task,P02,5,0.0
2026-04-01T14:05:34.459935,1925.5081782782856,95657,80,-2.708217839003976,5.002921962177563,4.5530148979161,7.286536672781104,0.06218188526603452,True,walking_dual_task,P02,5,0.0
2026-04-01T14:05:34.460542,1891.0917990126097,95657,78,-2.709651740187341,5.04331840116645,4.59333313493045,7.340026044714992,0.05348937193388803,True,walking_dual_task,P02,5,0.0
2026-04-01T14:05:34.461044,1822.3031545076751,95513,79,-2.617653078848314,4.985516531499243,4.565275486314057,7.249084286514838,0.09094175820015327,True,walking_dual_task,P02,5,0.0
2026-04-01T14:05:34.461431,1934.0170325669787,95513,80,-2.6307519762023768,4.994435406281459,4.564369189871564,7.259387514746638,0.010303228231799189,True,walking_dual_task,P02,5,0.0
2026-04-01T14:05:34.519923,1886.9583756070444,95421,80,-2.713206454719681,4.9719603856576144,4.578773450200348,7.283340281130681,0.023952766384043755,True,walking_dual_task,P02,5,0.0
2026-04-01T14:05:34.521294,1889.5562676537804,95421,79,-2.7046860104408,5.0387336829654314,4.566123202724597,7.318035572842242,0.03469529171156083,True,walking_dual_task,P02,5,0.0
2026-04-01T14:05:34.522043,1849.3166313329295,95376,78,-2.6471865309353255,5.074299578787897,4.605592738480338,7.346264167425185,0.028228594582943245,True,walking_dual_task,P02,5,0.0
2026-04-01T14:05:34.522386,1872.7113037298777,95376,80,-2.6428004563974925,5.009314167821042,4.5423229946861925,7.260187385482715,0.08607678194247015,True,walking_dual_task,P02,5,0.0
2026-04-01T14:05:34.580310,1819.5429498120334,95363,79,-2.641057874052805,4.946904175809109,4.502328168920271,7.191523243332171,0.06866414215054384,True,walking_dual_task,P02,5,0.0
2026-04-01T14:05:34.580919,1765.3575579150822,95363,81,-2.6603548579367526,5.026998655757378,4.544089728360421,7.279900748947396,0.08837750561522473,True,walking_dual_task,P02,5,0.0
2026-04-01T14:05:34.581424,1807.5039876847886,95360,78,-2.695936182876287,5.04595685173163,4.572740771454065,7.3239136132669715,0.04401286431957541,True,walking_dual_task,P02,5,0.0
2026-04-01T14:05:34.639960,1870.720841158839,95360,78,-2.8577747018785984,8.915384886434527,6.3876568654347325,11.333716255072648,4.009802641805677,True,walking_dual_task,P02,5,0.0
2026-04-01T14:05:34.640253,1801.488912480158,95375,80,-2.829849047043757,8.898562985986922,6.322952975546302,11.27706536185726,0.056650893215389075,True,walking_dual_task,P02,5,0.0
2026-04-01T14:05:34.640589,1835.2804411035577,95375,81,-3.9733514044376066,7.267031665217324,4.7231773130827,9.53444673472125,1.7426186271360091,True,walking_dual_task,P02,5,0.0
2026-04-01T14:05:34.700032,1860.518044393343,95366,79,-4.039893639175081,7.162910293094695,4.612931765927219,9.429059548007407,0.10538718671384295,True,walking_dual_task,P02,5,0.0
2026-04-01T14:05:34.700699,1846.3184126488627,95366,80,-4.2665411235134325,6.5402460091069425,3.858058568322999,8.709925770916826,0.7191337770905815,True,walking_dual_task,P02,5,0.0
2026-04-01T14:05:34.701172,1856.8289265036797,95452,79,-3.9057424936285923,7.705662492720374,4.633794517448369,9.803270398606182,1.0933446276893566,True,walking_dual_task,P02,5,0.0
2026-04-01T14:05:34.759976,1928.4739652892722,95452,78,-3.937861549714794,7.634043436468208,4.735703059981405,9.808784646780802,0.0055142481746202066,True,walking_dual_task,P02,5,0.0
2026-04-01T14:05:34.760682,1813.304386410837,95494,79,-3.088489549650892,8.682285506765343,5.8339981897816084,10.906712804400112,1.0979281576193092,True,walking_dual_task,P02,5,0.0
2026-04-01T14:05:34.761134,1950.22957548001,95494,77,-2.96738529976193,8.59094962371511,5.944193839155667,10.860167188027548,0.046545616372563714,True,walking_dual_task,P02,5,0.0
2026-04-01T14:05:34.819654,1814.72053698629,95454,81,-3.499830393480243,8.17262783144573,6.015680559358555,10.734480474000307,0.12568671402724085,True,walking_dual_task,P02,5,0.0
2026-04-01T14:05:34.820307,1846.652419560872,95454,77,-3.588506540310675,8.163323371981615,6.031987149987172,10.765783605618504,0.031303131618196645,True,walking_dual_task,P02,5,0.0
2026-04-01T14:05:34.820661,1798.4727872964231,95470,78,-3.566161752883483,8.24593850216571,5.982582997536939,10.793716262328093,0.027932656709589665,True,walking_dual_task,P02,5,0.0
2026-04-01T14:05:34.879633,1800.0010940419431,95470,80,-3.479489087874238,8.148191328756774,5.5260294803419665,10.442072019492658,0.3516442428354356,True,walking_dual_task,P02,5,0.0
2026-04-01T14:05:34.880477,1810.2753315744765,95516,78,-3.294487934941163,8.10864918119854,5.438862858100761,10.304614087216107,0.13745793227655057,True,walking_dual_task,P02,5,0.0
2026-04-01T14:05:34.881103,1832.65486845946,95516,79,-3.646513534792843,7.7573514582326215,5.225509796749113,10.038900101200934,0.2657139860151734,True,walking_dual_task,P02,5,0.0
2026-04-01T14:05:34.940007,1834.5513777119227,95558,80,-3.635062008684915,7.784429796994197,5.093787858879245,9.987877543431393,0.051022557769540455,True,walking_dual_task,P02,5,0.0
2026-04-01T14:05:34.940410,1785.563076474006,95558,79,-3.744327282361945,8.044183424262378,4.9399124279221605,10.155373383394497,0.16749583996310413,True,walking_dual_task,P02,5,0.0
2026-04-01T14:05:34.941071,1842.890704672798,95589,81,-4.3137382548901435,8.452207768225513,5.228792409843964,10.834593852756836,0.6792204693623383,True,walking_dual_task,P02,5,0.0
2026-04-01T14:05:35.059819,1884.5270268847328,95589,79,-4.268806454508972,8.49157319695131,5.154646246441716,10.81202579682434,0.022568055932495668,True,walking_dual_task,P02,5,0.0
2026-04-01T14:05:35.060709,1809.5784830990403,95608,79,-4.2730101160005445,8.511039108780333,5.216583884781555,10.858597956900049,0.046572160075708524,True,walking_dual_task,P02,5,0.0
2026-04-01T14:05:35.060753,1908.0868770403504,95608,80,-4.741622015785886,8.399554645990918,5.490703670102743,11.09879833065061,0.2402003737505609,True,walking_dual_task,P02,5,0.0
2026-04-01T14:05:35.061059,1862.6312408612962,95552,81,-4.740622336028002,8.260470542599899,5.425406787564409,10.961017860060178,0.13778047059043175,True,walking_dual_task,P02,5,0.0
2026-04-01T14:05:35.061860,1848.057686164706,95552,80,-4.657856510019393,7.931066798302673,5.503946154379679,10.718715925771143,0.2423019342890349,True,walking_dual_task,P02,5,0.0
2026-04-01T14:05:35.062234,1858.8189374834126,95464,79,-4.365897604303835,7.94537413177666,5.514814717173397,10.611466126314685,0.10724979945645785,True,walking_dual_task,P02,5,0.0
2026-04-01T14:05:35.120501,1839.2081914218509,95464,80,-4.4293577991640065,7.939592719618137,5.452960402664926,10.601467833251203,0.009998293063482322,True,walking_dual_task,P02,5,0.0
2026-04-01T14:05:35.120556,1844.351667871696,95426,79,-4.294375864304598,8.20255256814258,5.438101669193014,10.737619962614813,0.13615212936361054,True,walking_dual_task,P02,5,0.0
2026-04-01T14:05:35.179779,1734.776935988986,95426,77,-4.229266496153767,8.172489554051317,5.558233165384528,10.750359832458967,0.012739869844153873,True,walking_dual_task,P02,5,0.0
2026-04-01T14:05:35.180319,1909.0408838838578,95433,78,-4.117765743465767,8.674301400798822,5.441689902068708,11.036824203557703,0.28646437109873624,True,walking_dual_task,P02,5,0.0
2026-04-01T14:05:35.180845,1882.0685820635379,95433,81,-4.486655012132065,8.438481277338017,5.2562000432624165,10.907138871430302,0.1296853321274014,True,walking_dual_task,P02,5,0.0
2026-04-01T14:05:35.181490,1930.2598746088668,95432,78,-4.525451002762745,8.328210633606213,5.269218061420353,10.844512811321513,0.0626260601087889,True,walking_dual_task,P02,5,0.0
2026-04-01T14:05:35.240116,1886.0059678963262,95432,80,-4.2088886718092,8.103750845355856,4.990439293778727,10.406248409498032,0.43826440182348136,True,walking_dual_task,P02,5,0.0
2026-04-01T14:05:35.240179,1887.0527523219541,95466,79,-4.2588677726768385,8.039965312118886,5.076117173099441,10.418539364049808,0.012290954551776423,True,walking_dual_task,P02,5,0.0
2026-04-01T14:05:35.240770,1925.903178138699,95466,79,-3.564392063178685,8.905158263324221,5.564330637899461,11.089116733210517,0.6705773691607089,True,walking_dual_task,P02,5,0.0
2026-04-01T14:05:35.299882,1864.526253481381,95489,79,-3.053851318443783,9.989752850887275,6.115185092868715,12.104406578474428,1.0152898452639114,True,walking_dual_task,P02,5,0.0
2026-04-01T14:05:35.299934,1865.118364443336,95489,78,-3.0785003483215427,9.944015964908955,6.18206286197264,12.106961597955177,0.002555019480748655,True,walking_dual_task,P02,5,0.0
2026-04-01T14:05:35.360122,1888.865421206032,95459,77,-2.665784739007942,9.67873059624206,5.679839719615098,11.53450534136064,0.5724562565945366,True,walking_dual_task,P02,5,0.0
2026-04-01T14:05:35.360190,1929.4024337108008,95459,79,-2.703954879582866,9.666080078236181,5.763120272273526,11.574023990919686,0.039518649559045826,True,walking_dual_task,P02,5,0.0
2026-04-01T14:05:35.361336,1946.4931406714695,95461,80,-2.9392458562009867,9.509380744317522,5.304420054096862,11.278491053944073,0.2955329369756132,True,walking_dual_task,P02,5,0.0
2026-04-01T14:05:35.361378,1859.0027889519156,95461,80,-3.02533240186309,9.61533589297983,5.290451644967607,11.384032637177803,0.10554158323373031,True,walking_dual_task,P02,5,0.0
2026-04-01T14:05:35.419453,1956.5969595813847,95463,78,-2.98491592273118,9.518547200481368,5.307269097664223,11.299538448476001,0.08449418870180203,True,walking_dual_task,P02,5,0.0
2026-04-01T14:05:35.420031,1922.9873420382462,95463,80,-2.9100618034571,9.5375901149552,5.281092157494463,11.283794542474649,0.01574390600135267,True,walking_dual_task,P02,5,0.0
2026-04-01T14:05:35.420066,1870.4019723161132,95467,77,-2.931970225962727,9.46272722303612,5.34548230954594,11.25672408053024,0.02707046194440821,True,walking_dual_task,P02,5,0.0
2026-04-01T14:05:35.479719,1900.1946687472155,95467,79,-2.8030630007938235,9.547006553849995,5.232804238660965,11.242096624999368,0.014627455530872524,True,walking_dual_task,P02,5,0.0
2026-04-01T14:05:35.480134,1914.8210049259692,95491,79,-2.9078412396735738,9.55527763896358,5.235918491688336,11.277132343128176,0.03503571812880857,True,walking_dual_task,P02,5,0.0
2026-04-01T14:05:35.480608,1853.0730638787766,95491,79,-2.97676081863561,9.526017606285626,5.2859605261954385,11.293692712798778,0.016560369670601816,True,walking_dual_task,P02,5,0.0
2026-04-01T14:05:35.539680,1953.1554384865312,95557,78,-3.006727013329178,9.433193184744237,5.229013502308433,11.196790754529284,0.09690195826949477,True,walking_dual_task,P02,5,0.0
2026-04-01T14:05:35.540564,1940.0115020938156,95557,78,-2.964698670721702,9.582527316835796,5.236215982277922,11.315132601924999,0.1183418473957154,True,walking_dual_task,P02,5,0.0
2026-04-01T14:05:35.540997,1853.9633066385313,95612,79,-2.9753227129338766,9.56241687560505,5.257826200228312,11.310928259907042,0.004204342017956719,True,walking_dual_task,P02,5,0.0
2026-04-01T14:05:35.599617,1852.0979297193833,95612,80,-2.9757991710758307,9.562461295006306,5.181093583387871,11.275627585411478,0.03530067449556462,True,walking_dual_task,P02,5,0.0
2026-04-01T14:05:35.600171,1924.0700625295933,95643,80,-2.9712726503389018,9.520526768008603,5.20846404866204,11.25153273333128,0.024094852080198237,True,walking_dual_task,P02,5,0.0
2026-04-01T14:05:35.600761,1872.2888806591184,95643,80,-3.6189766352912955,4.6346633563421555,3.3796387601074716,6.782260276797538,4.469272456533742,True,walking_dual_task,P02,5,0.0
2026-04-01T14:05:35.659887,1917.470893740081,95660,78,-3.3012426628198464,4.796973748329263,3.49097934228455,6.789410654043504,0.007150377245966233,True,walking_dual_task,P02,5,0.0
2026-04-01T14:05:35.660529,1812.3104510653986,95660,79,-3.08172364718505,5.714140223625489,3.713294939344201,7.479102783050487,0.6896921290069828,True,walking_dual_task,P02,5,0.0
2026-04-01T14:05:35.660990,1810.203510505967,95617,77,-3.18522892016797,5.622141259143483,3.738806864443046,7.4654425442330155,0.01366023881747136,True,walking_dual_task,P02,5,0.0
2026-04-01T14:05:35.719783,1827.5695512295886,95617,80,-3.2863081283888445,6.141081760865248,3.7787365472880774,7.924112328971431,0.45866978473841513,True,walking_dual_task,P02,5,0.0
2026-04-01T14:05:35.720540,1944.6853575398925,95474,81,-3.319043626066792,6.249537625210548,3.7483851157246955,8.007693931241587,0.0835816022701561,True,walking_dual_task,P02,5,0.0
2026-04-01T14:05:35.720585,1894.7741084673467,95474,79,-3.4753024297927233,6.146067020282026,3.8879837095655785,8.06029057306056,0.0525966418189725,True,walking_dual_task,P02,5,0.0
2026-04-01T14:05:35.779703,1912.546211339116,95400,78,-3.308642395442059,6.003465939505123,4.010671841069683,7.9419271215784875,0.11836345148207172,True,walking_dual_task,P02,5,0.0
2026-04-01T14:05:35.840588,1783.2297183993035,95400,79,-3.314068648929731,5.935327420111211,4.047788183450555,7.911747706532664,0.030179415045823887,True,walking_dual_task,P02,5,0.0
2026-04-01T14:05:35.841239,1932.216923979447,95377,79,-3.1847163754647556,5.880114196489167,4.056183062338979,7.821175256386501,0.09057245014616289,True,walking_dual_task,P02,5,0.0
2026-04-01T14:05:35.841780,1823.6838279722895,95377,79,-3.155461117213931,5.889218066792023,3.9651592456650318,7.769318640908059,0.05185661547844145,True,walking_dual_task,P02,5,0.0
2026-04-01T14:05:35.842310,1743.2057248664785,95373,78,-3.387915579779949,6.488174353412083,4.691688914488126,8.694039526383623,0.9247208854755637,True,walking_dual_task,P02,5,0.0
2026-04-01T14:05:35.842343,1772.0588318689809,95373,80,-3.609640865259416,7.962783019403669,5.464529348028721,10.310019475525804,1.6159799491421811,True,walking_dual_task,P02,5,0.0
2026-04-01T14:05:35.899711,1848.0496626444394,95343,80,-3.7257202422743045,7.971390319437991,5.543485751831132,10.39972544009105,0.08970596456524582,True,walking_dual_task,P02,5,0.0
2026-04-01T14:05:35.900533,1875.8909742811984,95343,79,-3.7077966185056486,8.527401625317932,5.975532095344214,11.053113501008013,0.6533880609169636,True,walking_dual_task,P02,5,0.0
2026-04-01T14:05:35.900579,1861.9144733759235,95328,81,-3.672601747010506,8.61952593681594,5.867420606559911,11.05490187843706,0.0017883774290456955,True,walking_dual_task,P02,5,0.0
2026-04-01T14:05:35.959785,1947.9648884743708,95328,79,-3.669659141039009,8.657196535145022,5.944749845392131,11.12445507806238,0.06955319962532158,True,walking_dual_task,P02,5,0.0
2026-04-01T14:05:35.960159,1848.0985299901383,95321,78,-3.7121236995931843,8.677952982182738,6.483430157288924,11.45083389655527,0.3263788184928895,True,walking_dual_task,P02,5,0.0
2026-04-01T14:05:36.079663,1867.0542311238532,95321,80,-2.4337487453172892,9.148715067372045,6.2907333902809555,11.366417506272128,0.08441639028314185,True,walking_dual_task,P02,5,0.0
2026-04-01T14:05:36.080400,1949.5200327587459,95300,79,-2.6045446405420587,9.122324836294144,6.272837396974812,11.373168081600266,0.006750575328137387,True,walking_dual_task,P02,5,0.0
2026-04-01T14:05:36.080880,1913.9322183789586,95300,78,-3.9704212497747537,8.23880359028334,5.852093825492661,10.857676162158175,0.5154919194420913,True,walking_dual_task,P02,5,0.0
2026-04-01T14:05:36.081667,1861.1913016831736,95270,80,-4.071263915549419,8.235967575165537,5.679658418439371,10.801151397854865,0.05652476430330999,True,walking_dual_task,P02,5,0.0
2026-04-01T14:05:36.082056,1890.294063645464,95270,79,-5.02734487522179,7.513673336383084,4.894895276643402,10.280539055399712,0.5206123424551521,True,walking_dual_task,P02,5,0.0
2026-04-01T14:05:36.082695,1856.2587640330926,95344,78,-5.227670776246088,7.204838527078207,4.336283277565763,9.901595457772668,0.3789435976270443,True,walking_dual_task,P02,5,0.0
2026-04-01T14:05:36.083178,1896.6253640724565,95344,79,-5.276446928855848,7.305748153472566,4.2864266837571545,9.979393868879285,0.07779841110661678,True,walking_dual_task,P02,5,0.0
2026-04-01T14:05:36.140527,1953.4408685030876,95449,79,-4.221414118561571,7.8116429010746256,5.102657275938111,10.241055280096123,0.2616614112168385,True,walking_dual_task,P02,5,0.0
2026-04-01T14:05:36.141611,1828.5868751486494,95449,78,-4.252251273616375,7.7659945750108825,5.0586076474393575,10.197147834752741,0.043907445343382534,True,walking_dual_task,P02,5,0.0
2026-04-01T14:05:36.142213,1879.5298564001537,95454,79,-3.7729919359695763,8.540078619818177,5.642509393194433,10.909001935734286,0.7118541009815456,True,walking_dual_task,P02,5,0.0
2026-04-01T14:05:36.199613,1976.1689767445396,95454,77,-4.044375595012993,8.182325100864489,5.665095815144789,10.742473113978212,0.1665288217560743,True,walking_dual_task,P02,5,0.0
2026-04-01T14:05:36.200161,1812.8276208767895,95443,81,-4.018797789111077,8.137720787916042,5.646871711448994,10.689265429270987,0.0532076847072247,True,walking_dual_task,P02,5,0.0
2026-04-01T14:05:36.200993,1932.1573657904232,95443,80,-4.201400697417721,7.6488946826800035,5.684397371160093,10.414880275847837,0.2743851534231503,True,walking_dual_task,P02,5,0.0
2026-04-01T14:05:36.259638,1880.0250748340734,95477,79,-4.2164971739369355,7.633855285397788,5.691565365770261,10.413861495576436,0.0010187802714014538,True,walking_dual_task,P02,5,0.0
2026-04-01T14:05:36.259986,1892.3869358005309,95477,78,-3.757826053970013,7.855861581730903,5.5602827104148735,10.332113126701138,0.08174836887529757,True,walking_dual_task,P02,5,0.0
2026-04-01T14:05:36.260417,1884.2245450292971,95507,78,-3.723547633900262,7.751767181079535,5.527511508503283,10.222919587291209,0.10919353940992949,True,walking_dual_task,P02,5,0.0
2026-04-01T14:05:36.321298,1820.2835301559176,95507,80,-3.3995871393097308,7.490213987622874,5.35022942746762,9.812515132456204,0.410404454835005,True,walking_dual_task,P02,5,0.0
2026-04-01T14:05:36.323430,1862.6288521776341,95478,79,-3.4203640402231863,7.904015954715423,5.280909732166815,10.102493057624045,0.2899779251678414,True,walking_dual_task,P02,5,0.0
2026-04-01T14:05:36.323982,1984.8150172897156,95478,78,-3.4839057743772117,7.727424577241795,5.249910214200191,9.970569055919672,0.13192400170437324,True,walking_dual_task,P02,5,0.0
2026-04-01T14:05:36.380247,1826.678778246988,95351,80,-3.8004075421959937,7.972020627074375,5.0976374795475135,10.197162263991244,0.2265932080715718,True,walking_dual_task,P02,5,0.0
2026-04-01T14:05:36.380886,1870.605319522825,95351,79,-3.9340820892609956,7.874835507666103,5.139652640115308,10.193432465018212,0.003729798973031606,True,walking_dual_task,P02,5,0.0
2026-04-01T14:05:36.381266,1908.114369350192,95317,81,-3.8271803040311005,7.979835798978349,5.098673538934555,10.213792650864391,0.02036018584617949,True,walking_dual_task,P02,5,0.0
2026-04-01T14:05:36.440127,1769.9701398675195,95317,77,-3.9739011334198038,7.900587731783797,5.158004188936975,10.237977531666068,0.02418488080167691,True,walking_dual_task,P02,5,0.0
2026-04-01T14:05:36.440177,1827.9437327850233,95337,78,-3.9298542846286257,7.929649081986552,5.087656641526229,10.208199614228265,0.029777917437803225,True,walking_dual_task,P02,5,0.0
2026-04-01T14:05:36.440632,1912.522146765103,95337,77,-3.8358936049286023,7.882064176287285,5.15209308282647,10.167845325414419,0.040354288813846395,True,walking_dual_task,P02,5,0.0
2026-04-01T14:05:36.499639,1930.0793338251463,95371,76,-3.8575467206159333,7.982964464927104,5.062018594696664,10.20942802526559,0.0415826998511708,True,walking_dual_task,P02,5,0.0
2026-04-01T14:05:36.500318,1852.1709096157972,95371,78,-3.883351050892873,7.933835135264945,5.195809546770865,10.24805309238543,0.03862506711984004,True,walking_dual_task,P02,5,0.0
2026-04-01T14:05:36.500569,1833.9370777264407,95419,78,-3.817864147142578,7.879409563400908,5.0974586388252225,10.131400016206266,0.11665307617916376,True,walking_dual_task,P02,5,0.0
2026-04-01T14:05:36.560491,1933.9852530387009,95419,79,-3.809378548047452,7.880842248926615,5.148929350535888,10.155319440155527,0.023919423949260832,True,walking_dual_task,P02,5,0.0
2026-04-01T14:05:36.561087,1905.8879655099392,95464,81,-3.852440111580337,7.8828475082270275,5.1116205069325185,10.154272197364381,0.0010472427911452087,True,walking_dual_task,P02,5,0.0
2026-04-01T14:05:36.561564,1849.940585806561,95464,79,-3.9156721464281175,7.988002657075832,5.167541997517181,10.288059345856603,0.13378714849222106,True,walking_dual_task,P02,5,0.0
2026-04-01T14:05:36.619904,1900.4932298490248,95477,79,-3.8347439669859047,7.827649932512866,5.121362930248297,10.10968461533914,0.17837473051746322,True,walking_dual_task,P02,5,0.0
2026-04-01T14:05:36.620602,1860.4989883250842,95477,79,-5.347368521521905,7.976887697722083,5.323751713583799,10.98031965631783,0.8706350409786907,True,walking_dual_task,P02,5,0.0
2026-04-01T14:05:36.621137,1930.0571626311732,95481,79,-5.259735237618635,7.8600234619508065,5.284057490873804,10.833561148538548,0.1467585077792819,True,walking_dual_task,P02,5,0.0
2026-04-01T14:05:36.680212,1935.693137488694,95481,79,-4.86100323598304,8.423708315497734,5.3344387777273425,11.092540345572084,0.2589791970335362,True,walking_dual_task,P02,5,0.0
2026-04-01T14:05:36.680615,1872.91562864661,95493,79,-4.8183902799998615,8.275439733936329,5.29854033711457,10.944145347373613,0.14839499819847113,True,walking_dual_task,P02,5,0.0
2026-04-01T14:05:36.799547,1911.6959974964734,95493,78,-4.592617746421528,9.41207077653793,5.936514552580176,12.038331242340089,1.0941858949664756,True,walking_dual_task,P02,5,0.0
2026-04-01T14:05:36.800357,1890.8687998938974,95503,80,-4.655062902706522,9.518035701457501,5.9601521528356525,12.156727681712933,0.1183964393728445,True,walking_dual_task,P02,5,0.0
2026-04-01T14:05:36.801129,1909.4847314761234,95503,78,-4.050728248717634,9.381482175329344,6.101657151801079,11.901715302808519,0.2550123789044143,True,walking_dual_task,P02,5,0.0
2026-04-01T14:05:36.801164,1922.0650599565358,95480,79,-4.201328179987588,8.653320310538419,5.486579712118205,11.074008660379565,0.8277066424289536,True,walking_dual_task,P02,5,0.0
2026-04-01T14:05:36.801762,1989.6179210113585,95480,79,-4.220520146505501,8.560569057118881,5.526440027198625,11.028947015149868,0.04506164522969769,True,walking_dual_task,P02,5,0.0
2026-04-01T14:05:36.802184,1900.7530621247595,95519,79,-3.7166471878424128,8.488371249446455,4.947189516026613,10.504313251936546,0.5246337632133216,True,walking_dual_task,P02,5,0.0
2026-04-01T14:05:36.803007,1868.379369796795,95519,80,-3.681960641752542,8.620474148446178,4.968464208476596,10.609196260902925,0.10488300896637881,True,walking_dual_task,P02,5,0.0
2026-04-01T14:05:36.859710,1902.8830379075123,95579,78,-3.158399673144384,8.633829221141681,4.944827342279796,10.438860711788255,0.17033554911466986,True,walking_dual_task,P02,5,0.0
2026-04-01T14:05:36.860479,1894.4199660398733,95579,79,-3.449932342047469,8.302677442138576,5.180217544219856,10.376470482700034,0.062390229088221005,True,walking_dual_task,P02,5,0.0
2026-04-01T14:05:36.860973,1836.1682799002706,95599,79,-3.516206153468351,8.207227989724204,5.0849626032357795,10.275171125840558,0.10129935685947622,True,walking_dual_task,P02,5,0.0
2026-04-01T14:05:36.920056,1843.129931018415,95599,80,-3.3875629598937342,6.945872360775433,4.614386580619425,9.000738257211388,1.2744328686291695,True,walking_dual_task,P02,5,0.0
2026-04-01T14:05:36.920463,1926.8514230076923,95601,79,-3.45208892708121,7.015944827037669,4.635130297078163,9.08982027585833,0.08908201864694121,True,walking_dual_task,P02,5,0.0
2026-04-01T14:05:36.920707,1888.201334035313,95601,78,-3.494259269884972,7.101428428596967,4.57839037992056,9.143401557550197,0.05358128169186749,True,walking_dual_task,P02,5,0.0
2026-04-01T14:05:36.979584,1887.1963546976483,95542,80,-3.1852800420197127,5.842125912848528,3.5863972622593487,7.559013788213823,1.5843877693363737,True,walking_dual_task,P02,5,0.0
2026-04-01T14:05:36.980068,1890.5257746825089,95542,80,-2.9458607729178845,5.469496361673573,2.975593612421891,6.888224988345167,0.6707887998686566,True,walking_dual_task,P02,5,0.0
2026-04-01T14:05:36.980721,1860.5504048648174,95467,79,-2.9772269132936566,5.540212438991596,3.0820787622246,7.004073347628022,0.11584835928285564,True,walking_dual_task,P02,5,0.0
2026-04-01T14:05:37.039717,1919.7016073810244,95467,78,-2.7301999708077536,5.530682387900047,3.113043970315139,6.908942199609276,0.095131148018746,True,walking_dual_task,P02,5,0.0
2026-04-01T14:05:37.040032,1872.3648917833234,95430,81,-2.6355060529239522,5.463972584683331,3.003814130159326,6.769326989421819,0.1396152101874577,True,walking_dual_task,P02,5,0.0
2026-04-01T14:05:37.040396,1968.8668091649206,95430,79,-2.754976347665964,5.75728525148632,3.450483246960999,7.255485013473552,0.4861580240517336,True,walking_dual_task,P02,5,0.0
2026-04-01T14:05:37.099507,1784.2244114421565,95433,77,-2.468693703277826,6.094156489629968,3.7887380266730837,7.588657836235686,0.33317282276213334,True,walking_dual_task,P02,5,0.0
2026-04-01T14:05:37.100244,1961.90361372237,95433,78,-2.515042679871835,6.0532830495983365,3.807414642940017,7.58050668645609,0.008151149779595634,True,walking_dual_task,P02,5,0.0
2026-04-01T14:05:37.160289,1890.6578062516041,95427,79,-2.4101212529912193,6.470754154277476,4.340216934895353,8.155784868494974,0.5752781820388844,True,walking_dual_task,P02,5,0.0
2026-04-01T14:05:37.161136,1878.4383994767406,95427,78,-2.402801092856343,6.491326178858253,4.348384280050912,8.174302080248564,0.01851721175358989,True,walking_dual_task,P02,5,0.0
2026-04-01T14:05:37.161352,1895.4009653974233,95409,78,-2.7255805975727303,6.205841797112296,4.641344323128139,8.214824351773123,0.04052227152455856,True,walking_dual_task,P02,5,0.0
2026-04-01T14:05:37.161610,1925.5608543839267,95409,78,-2.7558947275816985,6.246243370285904,4.692752828843492,8.284469874588947,0.06964552281582392,True,walking_dual_task,P02,5,0.0
2026-04-01T14:05:37.219530,1819.9204482388334,95413,80,-2.8213583025083575,5.937322993723838,4.830031216522243,8.157270901196918,0.12719897339202824,True,walking_dual_task,P02,5,0.0
2026-04-01T14:05:37.219956,1786.8244174474817,95413,80,-2.552476062443533,6.017285837467152,4.626424776059747,8.007912905849407,0.14935799534751126,True,walking_dual_task,P02,5,0.0
2026-04-01T14:05:37.279716,1949.6937056611087,95402,78,-2.519362301649295,6.033612586669689,4.536053422261143,7.957854478601475,0.05005842724793208,True,walking_dual_task,P02,5,0.0
2026-04-01T14:05:37.280176,1916.6681123912986,95402,81,-2.643950083152359,6.643135968102931,4.654154938679144,8.531288632213524,0.5734341536120491,True,walking_dual_task,P02,5,0.0
2026-04-01T14:05:37.280761,1810.4860456269153,95362,77,-2.5782204901457066,6.643679905335582,4.722886272969922,8.549348415392526,0.0180597831790017,True,walking_dual_task,P02,5,0.0
2026-04-01T14:05:37.339990,1854.635842152682,95362,81,-2.834198661269085,7.0547627610669,4.788638696063269,8.985177807250688,0.43582939185816194,True,walking_dual_task,P02,5,0.0
2026-04-01T14:05:37.399482,1918.1091665776692,95348,79,-3.388747585924556,7.476168283702929,4.593421959794707,9.406180293194437,0.4210024859437489,True,walking_dual_task,P02,5,0.0
2026-04-01T14:05:37.400258,1920.7553308891893,95348,80,-3.3364876722307937,7.576541037188117,4.556587835854382,9.449794536443624,0.04361424324918772,True,walking_dual_task,P02,5,0.0
2026-04-01T14:05:37.400461,1862.9186015148287,95345,80,-3.361274930015332,9.438158516006112,5.2095141281886095,11.292300154539154,1.8425056180955295,True,walking_dual_task,P02,5,0.0
2026-04-01T14:05:37.401282,1823.9731178497686,95345,78,-3.4815236872013613,9.513355572391214,5.159520782514753,11.368623317556649,0.07632316301749498,True,walking_dual_task,P02,5,0.0
2026-04-01T14:05:37.401802,1948.8940969780906,95289,79,-3.4472234714005565,9.398458911073742,5.255811657634346,11.30654393461775,0.06207938293889903,True,walking_dual_task,P02,5,0.0
2026-04-01T14:05:37.402316,1894.5636026526272,95289,79,-3.475121947463908,9.346523982633805,5.210966399407445,11.251140116603633,0.05540381801411698,True,walking_dual_task,P02,5,0.0
2026-04-01T14:05:37.460570,1923.1250497979365,95260,80,-3.520913598793416,9.387657870501577,5.1085669762216055,11.25266232561435,0.0015222090107176456,True,walking_dual_task,P02,5,0.0
2026-04-01T14:05:37.460943,1866.5661907991346,95260,78,-3.440296929245228,9.418624033971662,5.127077714925175,11.262017916411123,0.009355590796772617,True,walking_dual_task,P02,5,0.0
2026-04-01T14:05:37.520209,1845.3633997849536,95264,80,-3.4840317423987144,9.451887176326062,5.149745268646909,11.313554910283068,0.051536993871945214,True,walking_dual_task,P02,5,0.0
2026-04-01T14:05:37.520639,1975.892683154107,95264,78,-3.431680314954897,9.438685149601254,5.17756664121636,11.299221365279497,0.014333545003571757,True,walking_dual_task,P02,5,0.0
2026-04-01T14:05:37.520717,1849.1331252343798,95288,78,-3.4919822081949343,9.521494036735572,5.193479020484675,11.394077969285425,0.09485660400592799,True,walking_dual_task,P02,5,0.0
2026-04-01T14:05:37.520958,1873.6752496586905,95288,79,-3.4198737222953643,9.460688239421257,5.154469180286177,11.303482240906565,0.09059572837885987,True,walking_dual_task,P02,5,0.0
2026-04-01T14:05:37.579900,1978.6279261688196,95337,78,-3.391211041676983,9.50918024087248,5.141328857678557,11.329522655672205,0.026040414765640563,True,walking_dual_task,P02,5,0.0
2026-04-01T14:05:37.579961,1898.4879805018736,95337,78,-3.5494858705197703,9.424690536998728,5.222744422491881,11.344633134918155,0.015110479245949548,True,walking_dual_task,P02,5,0.0
2026-04-01T14:05:37.580827,1816.1773665855367,95315,79,-3.387057805565196,9.369469902700779,5.113309574852681,11.198440143347463,0.14619299157069143,True,walking_dual_task,P02,5,0.0
2026-04-01T14:05:37.639825,1877.2209905245898,95315,80,-1.814663142576426,8.277086480464144,6.295905869584523,10.556590057626398,0.6418500857210656,True,walking_dual_task,P02,5,0.0
2026-04-01T14:05:37.640464,1931.9481439437363,95154,79,-1.4859756998279656,8.505896734203452,6.924585264905713,11.068346042853985,0.5117559852275875,True,walking_dual_task,P02,5,0.0
2026-04-01T14:05:37.640752,1978.768107254794,95154,79,-2.0407032267235063,8.700797130014227,7.255188431996757,11.51112937730278,0.44278333444879436,True,walking_dual_task,P02,5,0.0
2026-04-01T14:05:37.699485,1926.7422858404607,95010,79,-2.1430549022717087,8.649264333698172,7.194174807474277,11.452449912085696,0.058679465217084115,True,walking_dual_task,P02,5,0.0
2026-04-01T14:05:37.700061,1853.552162415095,95010,79,-3.290109147337039,8.55153248735166,6.628825428338942,11.309060643705767,0.14338926837992894,True,walking_dual_task,P02,5,0.0
2026-04-01T14:05:37.700400,1926.078839253157,94998,80,-3.4136053855055377,8.451423247814022,6.5920165951163385,11.248730569799106,0.060330073906660786,True,walking_dual_task,P02,5,0.0
2026-04-01T14:05:37.819642,1909.80577655735,94998,79,-3.62280393086805,7.612433915250625,5.4696684048293225,10.049434356935674,1.1992962128634321,True,walking_dual_task,P02,5,0.0
2026-04-01T14:05:37.820207,1772.7902509297705,95064,78,-3.493731424357204,6.714040609189045,5.032805921851033,9.089204366411806,0.9602299905238674,True,walking_dual_task,P02,5,0.0
2026-04-01T14:05:37.820347,1909.424422074436,95064,80,-3.4543581569184174,6.745377187158379,5.074732488057614,9.120614754425981,0.03141038801417473,True,walking_dual_task,P02,5,0.0
2026-04-01T14:05:37.820956,1899.198068185775,95121,79,-2.9087872912367443,7.3247074603571765,4.476152014738982,9.063571026064965,0.05704372836101612,True,walking_dual_task,P02,5,0.0
2026-04-01T14:05:37.821462,1955.9381132482306,95121,76,-2.82395139657212,7.315645653566228,4.460758834036494,9.021737204894558,0.04183382117040679,True,walking_dual_task,P02,5,0.0
2026-04-01T14:05:37.822505,1895.565645638724,95153,77,-3.098949294053247,8.134805878274788,4.2349587588488875,9.680569667818009,0.658832462923451,True,walking_dual_task,P02,5,0.0
2026-04-01T14:05:37.880034,1929.6918463974932,95153,80,-3.6474955795685693,8.939030041270998,4.460650474236525,10.635219073203155,0.9546494053851458,True,walking_dual_task,P02,5,0.0
2026-04-01T14:05:37.880823,1846.3585786959184,95153,77,-3.686093160675491,8.988464692299091,4.367768267435887,10.651628042318503,0.01640896911534817,True,walking_dual_task,P02,5,0.0
2026-04-01T14:05:37.881157,1863.757433317766,95153,80,-3.82424467492454,9.288115762362573,4.785804991178539,11.12644917133612,0.47482112901761653,True,walking_dual_task,P02,5,0.0
2026-04-01T14:05:37.939778,1844.4402122576796,95140,80,-3.8915327487439506,9.158386622526145,4.798961051049985,11.047628697223095,0.07882047411302473,True,walking_dual_task,P02,5,0.0
2026-04-01T14:05:37.940298,1799.0611247766358,95140,79,-3.8847612998399326,9.089685270771707,4.725256364105052,10.956358719252188,0.09126997797090652,True,walking_dual_task,P02,5,0.0
2026-04-01T14:05:37.940327,1912.7318462126746,95135,79,-4.222805975580853,8.753704008834088,5.915970860525638,11.377967103321568,0.42160838406937984,True,walking_dual_task,P02,5,0.0
2026-04-01T14:05:37.999508,1860.072541655388,95135,77,-4.275914636268465,8.870878958372925,6.016779475513181,11.540258867448124,0.16229176412655555,True,walking_dual_task,P02,5,0.0
2026-04-01T14:05:38.000117,1767.6520031071893,95139,79,-4.198613953403191,8.804521847849275,6.046395613455138,11.476361096330871,0.06389777111725259,True,walking_dual_task,P02,5,0.0
2026-04-01T14:05:38.001040,1940.130025507895,95139,79,-4.110423568475968,8.474380333151617,6.329934773051807,11.348073764929449,0.12828733140142212,True,walking_dual_task,P02,5,0.0
2026-04-01T14:05:38.059872,1872.7261896644084,95150,79,-4.163403423357917,8.541172448386757,6.333780713926462,11.419384089819216,0.07131032488976707,True,walking_dual_task,P02,5,0.0
2026-04-01T14:05:38.119895,1924.5574648622069,95150,80,-4.205448220616481,8.365303059026246,6.169560018396123,11.212830188058328,0.20655390176088773,True,walking_dual_task,P02,5,0.0
2026-04-01T14:05:38.120418,1852.442423280707,95167,79,-4.069645758571524,8.338493720239477,5.643979170998898,10.860340464525125,0.3524897235332034,True,walking_dual_task,P02,5,0.0
2026-04-01T14:05:38.121009,1889.28839038891,95167,79,-4.421561569482022,8.301868250189038,5.594125134469503,10.943740639119723,0.08340017459459759,True,walking_dual_task,P02,5,0.0
2026-04-01T14:05:38.121816,1840.7130082018937,95213,78,-4.75356476495277,8.162757896023635,5.210609391047711,10.787837812544796,0.15590282657492693,True,walking_dual_task,P02,5,0.0
2026-04-01T14:05:38.122241,1792.338829894117,95213,81,-4.749441599099486,8.162777673084015,5.31374353523793,10.83623574871544,0.048397936170644584,True,walking_dual_task,P02,5,0.0
2026-04-01T14:05:38.179586,1879.085344248385,95261,79,-4.192961392742454,8.886860715134835,5.194015202921521,11.114630562435059,0.2783948137196184,True,walking_dual_task,P02,5,0.0
2026-04-01T14:05:38.180278,1862.6215098238679,95261,78,-4.089685785743604,8.87633083537057,5.248730332628956,11.093419176688625,0.02121138574643311,True,walking_dual_task,P02,5,0.0
2026-04-01T14:05:38.180790,1849.7476616935644,95276,79,-3.9733687035948404,10.458192019170248,5.943714396505554,12.668432420460338,1.5750132437717124,True,walking_dual_task,P02,5,0.0
2026-04-01T14:05:38.239557,1803.460131412874,95276,79,-3.4464730821103586,9.867732148770806,5.88186337992857,11.993607934468297,0.6748244859920405,True,walking_dual_task,P02,5,0.0
2026-04-01T14:05:38.240084,1758.8888030293408,95234,79,-3.443923263297154,9.819345945526775,6.008952678657534,12.016142248482163,0.022534314013865853,True,walking_dual_task,P02,5,0.0
2026-04-01T14:05:38.299685,1906.4768040638692,95234,79,-3.219086474910601,7.833810876641939,4.7462534284776465,9.708657589557978,2.307484658924185,True,walking_dual_task,P02,5,0.0
2026-04-01T14:05:38.300303,1796.3826218456102,95181,79,-3.3001054973211605,7.800788647899116,4.597418835246625,9.637388638491316,0.07126895106666176,True,walking_dual_task,P02,5,0.0
2026-04-01T14:05:38.300777,1847.0671471434578,95181,78,-2.4772321147670024,7.042033132827685,3.6971264200904774,8.33040535390727,1.306983284584046,True,walking_dual_task,P02,5,0.0
2026-04-01T14:05:38.301211,1957.216599475701,95133,79,-2.513317699395395,7.0671993959699355,3.69594956850088,8.361944533025428,0.03153917911815718,True,walking_dual_task,P02,5,0.0
2026-04-01T14:05:38.359804,1811.650023060604,95133,79,-2.9143080845897154,7.603572032632424,4.423458742925925,9.2668487911319,0.9049042581064732,True,walking_dual_task,P02,5,0.0
2026-04-01T14:05:38.360410,1812.2749638041957,95058,78,-3.5789957658344083,7.966338718004463,5.196810151251176,10.16260788429746,0.8957590931655588,True,walking_dual_task,P02,5,0.0
2026-04-01T14:05:38.360939,1888.9027930049642,95058,78,-3.544704714677186,7.991047242021714,4.9800455711693195,10.060945354657317,0.10166252964014255,True,walking_dual_task,P02,5,0.0
2026-04-01T14:05:38.419435,1766.1580565491047,95023,79,-3.5104668037944133,7.979790168713181,5.009616655714865,10.05468484610283,0.006260508554486677,True,walking_dual_task,P02,5,0.0
2026-04-01T14:05:38.419845,1791.1883852272156,95023,77,-3.483709552075915,7.962849131221972,5.169686793693427,10.11280673575421,0.05812188965137999,True,walking_dual_task,P02,5,0.0
2026-04-01T14:05:38.420613,1759.8060355749828,95129,78,-3.5710717618146757,7.951030830523884,5.092163522660622,10.094630955982835,0.018175779771375744,True,walking_dual_task,P02,5,0.0
2026-04-01T14:05:38.540143,1822.6110031790029,95129,78,-3.5013215269586166,8.025064661402698,5.025274047704275,10.09526099263255,0.0006300366497153931,True,walking_dual_task,P02,5,0.0
2026-04-01T14:05:38.599749,1814.3119348039822,95244,82,-3.5577986003003463,7.980885782889821,5.001573180280271,10.068177741653695,0.027083250978854778,True,walking_dual_task,P02,5,0.0
2026-04-01T14:05:38.600233,1850.1038048915582,95244,77,-3.578715568947948,8.012069587111109,5.049653932786453,10.124202143035612,0.05602440138191689,True,walking_dual_task,P02,5,0.0
2026-04-01T14:05:38.600619,1803.7625512414954,95275,76,-3.577790916518227,8.021127805914585,5.105366724377914,10.158929496335809,0.034727353300196384,True,walking_dual_task,P02,5,0.0
2026-04-01T14:05:38.600995,1823.2183122522908,95275,79,-3.5859755885243425,7.999297332445574,5.063727034526854,10.123700421020049,0.03522907531576003,True,walking_dual_task,P02,5,0.0
2026-04-01T14:05:38.601759,1827.678930346143,95255,79,-3.57955590593475,8.042283296849114,4.985331747080027,10.116574209629196,0.007126211390852788,True,walking_dual_task,P02,5,0.0
2026-04-01T14:05:38.602423,1869.3318649118155,95255,79,-3.580809884175461,8.018005981811053,5.062847824832066,10.136224516474233,0.01965030684503688,True,walking_dual_task,P02,5,0.0
2026-04-01T14:05:38.659743,1718.4268560129472,95205,78,-3.4547268158012283,7.981534728222211,4.987829636773826,10.025890408094067,0.11033410838016522,True,walking_dual_task,P02,5,0.0
2026-04-01T14:05:38.660351,1837.4032132873892,95205,79,-3.3537382229919963,6.40680950331631,3.753462919571213,8.147591789525157,1.8782986185689108,True,walking_dual_task,P02,5,0.0
2026-04-01T14:05:38.660814,1893.766415474523,95183,80,-3.7232573900944215,5.655433491931565,3.76728935742703,7.748486476540883,0.39910531298427365,True,walking_dual_task,P02,5,0.0
2026-04-01T14:05:38.661270,1853.5999764553528,95183,79,-3.9576577842246166,5.107501915725688,4.000403275301912,7.599530072394052,0.14895640414683076,True,walking_dual_task,P02,5,0.0
2026-04-01T14:05:38.661805,1762.6555902818016,95200,81,-3.9640673661914625,5.186110872587429,4.010619090079506,7.661242820338214,0.061712747944161706,True,walking_dual_task,P02,5,0.0
2026-04-01T14:05:38.720739,1783.5328969873374,95200,80,-3.425421462440849,6.068248409337009,4.3414677875675425,8.210084865776855,0.5488420454386409,True,walking_dual_task,P02,5,0.0
2026-04-01T14:05:38.721588,1864.9985301389142,95198,80,-3.4648683422515747,5.955439974872059,4.38433588530331,8.166699399304449,0.043385466472406264,True,walking_dual_task,P02,5,0.0
2026-04-01T14:05:38.722316,1849.225842834231,95198,77,-3.0643257165328865,6.603802019862386,4.587149624001463,8.604779769844205,0.43808037053975646,True,walking_dual_task,P02,5,0.0
2026-04-01T14:05:38.779757,1882.73888792944,95146,81,-3.1948917754743036,7.069311566762355,5.314543237747637,9.403556205544927,0.7987764357007219,True,walking_dual_task,P02,5,0.0
2026-04-01T14:05:38.780438,1792.414875984962,95146,81,-3.179858101109988,7.1082371081958895,5.3424142726850095,9.443512195709623,0.039955990164695976,True,walking_dual_task,P02,5,0.0
2026-04-01T14:05:38.780901,1837.3062665720638,95108,80,-3.1357985520683864,7.631253414122125,6.412263093656389,10.449228641960735,1.0057164462511121,True,walking_dual_task,P02,5,0.0
2026-04-01T14:05:38.839807,1815.6790623917236,95108,79,-3.0602780793863897,7.707449672867197,6.406796041811396,10.479366293069619,0.030137651108884,True,walking_dual_task,P02,5,0.0
2026-04-01T14:05:38.840246,1843.8146717035822,95058,78,-3.6149113812849007,7.838320739491342,7.541208843636387,11.461966983595044,0.982600690525425,True,walking_dual_task,P02,5,0.0
2026-04-01T14:05:38.840700,1924.3492140440067,95058,79,-3.021263870116797,8.191716478702194,8.027999870044683,11.860903682002972,0.3989366984079279,True,walking_dual_task,P02,5,0.0
2026-04-01T14:05:38.901817,1723.2725513874004,95002,79,-3.1080083095068702,8.185156479839804,7.961610147605113,11.834007706346823,0.026895975656149318,True,walking_dual_task,P02,5,0.0
2026-04-01T14:05:38.902342,1868.5296794102203,95002,78,-2.4903366676892738,8.655231677902592,7.2532074285198975,11.563902028197163,0.27010567814966,True,walking_dual_task,P02,5,0.0
2026-04-01T14:05:38.902737,1840.5688015811672,94840,79,-2.573859855706751,8.700384646968592,7.228035384435804,11.600256164442301,0.036354136245138946,True,walking_dual_task,P02,5,0.0
2026-04-01T14:05:38.960072,1794.2106971268392,94840,80,-4.351285807215111,7.7637076263344245,5.711328621997406,10.574881508164607,1.0253746562776946,True,walking_dual_task,P02,5,0.0
2026-04-01T14:05:38.960496,1895.4152136765047,94672,81,-4.2611872105514,7.76263502481394,5.660601355222741,10.50992990816706,0.0649515999975474,True,walking_dual_task,P02,5,0.0
2026-04-01T14:05:38.960517,1800.9171112699069,94672,78,-5.1394034329575655,6.949864780448954,4.1278594689388575,9.578794908991892,0.9311349991751676,True,walking_dual_task,P02,5,0.0
2026-04-01T14:05:39.019864,1767.2788816633818,94730,78,-4.552149151397189,7.443645129099249,4.31112212964972,9.732198555377128,0.15340364638523596,True,walking_dual_task,P02,5,0.0
2026-04-01T14:05:39.020542,1791.4357390867274,94730,81,-4.629198767303861,7.464525714979935,4.333955275210028,9.794477714729107,0.06227915935197892,True,walking_dual_task,P02,5,0.0
2026-04-01T14:05:39.020580,1802.8677302740691,94804,78,-3.017058640188218,8.872280955844495,5.9520294963280955,11.101651558346397,1.3071738436172904,True,walking_dual_task,P02,5,0.0
2026-04-01T14:05:39.080712,1857.8978444956872,94804,79,-3.081216689849278,8.87655441271917,6.059359406242184,11.18047185702757,0.07882029868117257,True,walking_dual_task,P02,5,0.0
2026-04-01T14:05:39.081489,1835.0753390000232,94699,79,-3.0470734844905536,9.529485673940195,6.6736946537889414,12.026385756399465,0.8459138993718955,True,walking_dual_task,P02,5,0.0
2026-04-01T14:05:39.081897,1823.7010147273156,94699,78,-3.982968856055349,9.46916389905211,6.992571861613116,12.426792309169818,0.4004065527703524,True,walking_dual_task,P02,5,0.0
2026-04-01T14:05:39.140185,1786.0407666610608,94578,80,-3.9224879842862164,9.507983780720712,7.044591103829748,12.466512398480784,0.0397200893109666,True,walking_dual_task,P02,5,0.0
2026-04-01T14:05:39.140681,1733.9418482999881,94578,80,-4.0499496020225,8.568286824834479,6.549340006712852,11.520047109933353,0.9464652885474312,True,walking_dual_task,P02,5,0.0
2026-04-01T14:05:39.141092,1824.0136659635518,94556,78,-4.180829162197145,8.455754144022226,6.549590290103353,11.483738223934019,0.03630888599933435,True,walking_dual_task,P02,5,0.0
2026-04-01T14:05:39.199413,1785.52479457804,94556,81,-4.1295208887669865,8.393263763787632,6.569209378238919,11.430412557489584,0.053325666444434816,True,walking_dual_task,P02,5,0.0
2026-04-01T14:05:39.199975,1733.2182937919708,94612,79,-3.93668037099627,7.505010472729611,5.709123489062549,10.218450251996837,1.2119623054927473,True,walking_dual_task,P02,5,0.0
2026-04-01T14:05:39.259556,1700.3845501961653,94612,79,-3.63053131132301,7.222318262095951,5.289184212829062,9.660129829290165,0.5583204227066716,True,walking_dual_task,P02,5,0.0
2026-04-01T14:05:39.260495,1712.2125166622623,94628,78,-3.53720617147947,7.19472034854472,5.217211479476877,9.565308359634896,0.09482146965526894,True,walking_dual_task,P02,5,0.0
2026-04-01T14:05:39.261093,1782.0049139735147,94628,76,-3.6766338914448293,7.689420094296562,5.501222672771593,10.144371299085455,0.5790629394505586,True,walking_dual_task,P02,5,0.0
2026-04-01T14:05:39.261555,1801.137121904831,94604,78,-3.6629217346929988,7.773999023307589,5.383262823727072,10.14059046989847,0.0037808291869847466,True,walking_dual_task,P02,5,0.0
2026-04-01T14:05:39.319546,1730.0406287135304,94604,79,-4.353937294458275,8.225253626790469,5.843516574438392,10.989006012594615,0.848415542696145,True,walking_dual_task,P02,5,0.0
2026-04-01T14:05:39.319917,1645.2336514596536,94590,79,-4.447283130727163,8.252737642303273,5.9055842136181695,11.079798316832122,0.09079230423750673,True,walking_dual_task,P02,5,0.0
2026-04-01T14:05:39.320511,1796.4714718273294,94590,78,-4.5917079586425595,8.257639508580654,6.305945873890555,11.35946062080286,0.27966230397073844,True,walking_dual_task,P02,5,0.0
2026-04-01T14:05:39.379856,1809.2024918719972,94585,79,-4.614186521911258,7.699381639703155,6.471297274700191,11.065662352987628,0.293798267815232,True,walking_dual_task,P02,5,0.0
2026-04-01T14:05:39.380677,1801.4294880045834,94585,78,-4.567818094085753,7.6961506925579295,6.4165415860967485,11.012161620196377,0.05350073279125134,True,walking_dual_task,P02,5,0.0
2026-04-01T14:05:39.381125,1738.7688469205523,94605,78,-4.545506306638554,7.671979364437602,6.555979113992571,11.068051187772582,0.055889567576205224,True,walking_dual_task,P02,5,0.0
2026-04-01T14:05:39.440458,1773.533971507827,94605,79,-4.421361924438827,7.599576487789465,6.527791821849145,10.950528303695691,0.11752288407689093,True,walking_dual_task,P02,5,0.0
2026-04-01T14:05:39.441267,1724.7313069446366,94609,78,-4.495936227844422,7.628955181549619,6.589319787889627,11.037822928186994,0.0872946244913031,True,walking_dual_task,P02,5,0.0
2026-04-01T14:05:39.441446,1723.9964172089358,94609,80,-4.53968127639855,7.639726057947728,6.591180050188789,11.064256630509606,0.026433702322611552,True,walking_dual_task,P02,5,0.0
2026-04-01T14:05:39.560041,1859.6696087704559,94630,78,-4.4832427139171385,7.755034529730976,6.517853025976863,11.078015790629953,0.013759160120347502,True,walking_dual_task,P02,5,0.0
2026-04-01T14:05:39.560793,1754.48203013918,94630,80,-4.509200252254577,7.608554030189057,6.579198683468877,11.023104674355473,0.05491111627448042,True,walking_dual_task,P02,5,0.0
2026-04-01T14:05:39.561282,1787.302446584048,94639,79,-4.547283700693709,7.712330904388114,6.4938143688384695,11.060174595832908,0.037069921477435486,True,walking_dual_task,P02,5,0.0
2026-04-01T14:05:39.561748,1827.453142098129,94639,79,-4.498465200897654,7.725407614651915,6.618058783918275,11.122806032814148,0.06263143698124018,True,walking_dual_task,P02,5,0.0
2026-04-01T14:05:39.562334,1782.0397237630254,94541,77,-4.539610160736135,7.721654100935142,6.571427417882949,11.109260136230992,0.013545896583156747,True,walking_dual_task,P02,5,0.0
2026-04-01T14:05:39.562533,1794.6801619980838,94541,80,-4.4998804530503325,7.652164993973067,6.597165257184933,11.060160153331381,0.049099982899610595,True,walking_dual_task,P02,5,0.0
2026-04-01T14:05:39.620298,1795.0384903495985,94372,81,-4.546780221914768,7.690549378032806,6.538296496219418,11.071001815320562,0.010841661989180906,True,walking_dual_task,P02,5,0.0
2026-04-01T14:05:39.620827,1780.5353287091598,94372,78,-3.6954248568709733,9.151039320227284,7.177310757804972,12.20292896100066,1.1319271456800983,True,walking_dual_task,P02,5,0.0
2026-04-01T14:05:39.621463,1785.0235196357141,94262,81,-3.835700078979603,7.865417310874419,6.332854510623962,10.801964211328299,1.4009647496723616,True,walking_dual_task,P02,5,0.0
2026-04-01T14:05:39.679733,1725.1596119087378,94262,78,-3.2109675330608622,7.68575676701091,5.643126188854448,10.061115383661987,0.7408488276663121,True,walking_dual_task,P02,5,0.0
2026-04-01T14:05:39.680120,1899.7862636966788,94313,79,-3.2830760874631992,7.735051296135095,5.668050356817743,10.135896704156748,0.07478132049476116,True,walking_dual_task,P02,5,0.0
2026-04-01T14:05:39.680464,1813.2016936108362,94313,80,-3.24552970821155,8.190255790121602,5.969556219960605,10.641867996633605,0.5059712924768576,True,walking_dual_task,P02,5,0.0
2026-04-01T14:05:39.739768,1786.624955687432,94302,78,-3.2217225411188872,8.144563610949072,5.841528241179152,10.527908849208513,0.11395914742509206,True,walking_dual_task,P02,5,0.0
2026-04-01T14:05:39.740374,1751.3929795107463,94302,77,-3.5170765139727282,7.825942685951699,6.129132782195102,10.544262648033676,0.01635379882516297,True,walking_dual_task,P02,5,0.0
2026-04-01T14:05:39.740417,1685.8224222766034,94271,80,-4.082451077056719,6.630890573806,5.0962833249725366,9.306300034210372,1.2379626138233046,True,walking_dual_task,P02,5,0.0
2026-04-01T14:05:39.799694,1779.953683293468,94271,80,-4.005656350940355,6.614703953595446,5.196968089333415,9.317084764940684,0.01078473073031283,True,walking_dual_task,P02,5,0.0
2026-04-01T14:05:39.800323,1702.7921369546295,94319,77,-4.357789550325426,4.978618194894892,3.9075621088539223,7.684140194583573,1.632944570357112,True,walking_dual_task,P02,5,0.0
2026-04-01T14:05:39.800805,1788.0535642898903,94319,79,-4.404705747721715,5.01227875173349,3.936232797204574,7.747147839229653,0.06300764464608033,True,walking_dual_task,P02,5,0.0
2026-04-01T14:05:39.859641,1816.4688031124376,94430,80,-4.049914590457665,4.189383524728413,3.230446230886626,6.662471415166999,1.0846764240626543,True,walking_dual_task,P02,5,0.0
2026-04-01T14:05:39.860303,1781.6014698174745,94430,79,-3.7170917138706137,4.192327644414291,3.197421256158276,6.451037480652134,0.21143393451486503,True,walking_dual_task,P02,5,0.0
2026-04-01T14:05:39.860540,1750.6385247607582,94495,79,-3.7839064817449923,4.187704029516333,3.0789553906107185,6.4292129844009605,0.02182449625117311,True,walking_dual_task,P02,5,0.0
2026-04-01T14:05:39.979764,1746.6889640059699,94495,78,-3.7769651717749655,4.4235679355135265,3.387063339197349,6.73094475186353,0.30173176746256924,True,walking_dual_task,P02,5,0.0
2026-04-01T14:05:39.980406,1863.2357658248768,94491,80,-3.8778526949287544,4.409220622542022,3.2821485592126067,6.726921077770829,0.00402367409270088,True,walking_dual_task,P02,5,0.0
2026-04-01T14:05:39.980964,1776.0161967586298,94491,80,-3.8951260678788557,4.821448466175119,3.60059237531792,7.168168374825562,0.4412472970547334,True,walking_dual_task,P02,5,0.0
2026-04-01T14:05:39.981432,1860.4055643953757,94462,79,-3.9552609281810045,4.818791856838956,3.7050591996260804,7.252055408107866,0.08388703328230385,True,walking_dual_task,P02,5,0.0
2026-04-01T14:05:39.981818,1743.9351327221818,94462,80,-3.9887850515963854,5.334384216679736,4.020092277836384,7.7799230768253995,0.5278676687175334,True,walking_dual_task,P02,5,0.0
2026-04-01T14:05:39.982352,1814.138059828217,94425,81,-4.077518373810605,5.329712693345475,4.0153976723500655,7.820192577519129,0.040269500693729476,True,walking_dual_task,P02,5,0.0
2026-04-01T14:05:40.039938,1807.6218365867,94425,77,-4.170557412693604,5.578911611898125,4.404652133283247,8.24128414272812,0.4210915652089904,True,walking_dual_task,P02,5,0.0
2026-04-01T14:05:40.040265,1731.1271646945959,94367,78,-4.220072164680788,5.695564213508842,4.3839941370861295,8.334738470961266,0.09345432823314681,True,walking_dual_task,P02,5,0.0
2026-04-01T14:05:40.159618,1761.4644221428177,94367,78,-4.561605670608799,5.849377822348953,4.67141282837367,8.766160220747294,0.4314217497860273,True,walking_dual_task,P02,5,0.0
2026-04-01T14:05:40.160344,1729.576753773687,94311,79,-4.420727167994937,5.880582806374377,4.71938130000273,8.7405173011264,0.025642919620892712,True,walking_dual_task,P02,5,0.0
2026-04-01T14:05:40.161126,1781.3984706325557,94311,79,-4.049789886862372,6.205315420350629,4.759747203486937,8.806925174819856,0.06640787369345524,True,walking_dual_task,P02,5,0.0
2026-04-01T14:05:40.161308,1818.2574301445925,94225,78,-3.911391420984594,6.050977491600633,4.479880090232809,8.484258192374492,0.32266698244536407,True,walking_dual_task,P02,5,0.0
2026-04-01T14:05:40.161540,1857.2165222002225,94225,80,-3.993635987860605,5.955986845114238,4.3926668644055145,8.40942506265175,0.0748331297227427,True,walking_dual_task,P02,5,0.0
2026-04-01T14:05:40.162250,1780.5222976219948,94083,78,-3.97030150280735,5.677529642029854,4.395494748863408,8.204755386153066,0.20466967649868373,True,walking_dual_task,P02,5,0.0
2026-04-01T14:05:40.279713,1714.7265330776306,94083,78,-4.07168242940581,5.676475541510364,4.385201336573513,8.2480884537924,0.043333067639334644,True,walking_dual_task,P02,5,0.0
2026-04-01T14:05:40.339741,1783.0804228110158,93943,80,-4.268101112896945,5.684141794977053,4.647341191881525,8.492581186487174,0.24449273269477345,True,walking_dual_task,P02,5,0.0
2026-04-01T14:05:40.340583,1825.558430942079,93943,78,-4.382819652079369,6.525992534891647,5.429164554266923,9.553717309268837,1.0611361227816634,True,walking_dual_task,P02,5,0.0
2026-04-01T14:05:40.340954,1756.0959869517303,93857,80,-4.410411693841635,6.554997485740171,5.338260802880089,9.535027621711485,0.018689687557351675,True,walking_dual_task,P02,5,0.0
2026-04-01T14:05:40.341566,1865.2471597529825,93857,79,-3.9349345675190333,7.795602647699837,6.313609491349348,10.775750345137803,1.2407227234263178,True,walking_dual_task,P02,5,0.0
2026-04-01T14:05:40.341641,1748.5944420371502,93712,80,-3.961644650353989,7.875188563847058,6.139895698789544,10.74297642387063,0.03277392126717338,True,walking_dual_task,P02,5,0.0
2026-04-01T14:05:40.342282,1804.7037678546671,93712,80,-3.7682766037092397,8.197494709512107,6.195493323466072,10.944540446983332,0.20156402311270227,True,walking_dual_task,P02,5,0.0
2026-04-01T14:05:40.399646,1733.809013000761,93604,78,-3.8098862598608623,8.235564124203787,6.339662795284881,11.069375506995343,0.1248350600120105,True,walking_dual_task,P02,5,0.0
2026-04-01T14:05:40.400039,1791.8927734949543,93604,79,-5.447791611479804,7.368615480552699,5.682574025480926,10.782697950764506,0.28667755623083657,True,walking_dual_task,P02,5,0.0
2026-04-01T14:05:40.400887,1857.2031466935243,93584,80,-6.416375746576678,7.479691640245303,5.026742245307578,11.062721290675851,0.2800233399113452,True,walking_dual_task,P02,5,0.0
2026-04-01T14:05:40.401359,1809.5189289442465,93584,78,-6.353451408732339,7.39601998155836,5.003896385333998,10.959308162739658,0.10341312793619295,True,walking_dual_task,P02,5,0.0
2026-04-01T14:05:40.401810,1690.8443928118356,93681,79,-6.246995450612219,7.530644579619072,4.931680769641389,10.95705412773737,0.002254035002287935,True,walking_dual_task,P02,5,0.0
2026-04-01T14:05:40.460521,1863.6070935296004,93681,77,-6.3508508379712785,7.479575102578591,4.960779775237354,10.994848159919172,0.037794032181801995,True,walking_dual_task,P02,5,0.0
2026-04-01T14:05:40.461256,1773.3214213384877,93669,80,-6.26124353772853,7.326572394723166,4.974076794202994,10.845426393115927,0.14942176680324515,True,walking_dual_task,P02,5,0.0
2026-04-01T14:05:40.461960,1750.8125282770252,93669,79,-6.396766798188436,7.378273079527668,5.003674008131222,10.972433307436258,0.12700691432033118,True,walking_dual_task,P02,5,0.0
2026-04-01T14:05:40.462552,1818.6691143663402,93522,79,-6.361103868718309,7.355335506591772,5.005023078738152,10.936857814832111,0.035575492604147385,True,walking_dual_task,P02,5,0.0
2026-04-01T14:05:40.519744,1726.3054061260466,93522,79,-6.375429420667851,7.3265277023025455,5.011415041501301,10.92878717830617,0.00807063652594131,True,walking_dual_task,P02,5,0.0
2026-04-01T14:05:40.520008,1740.5070466592392,93398,79,-6.448716617566914,7.362484296455274,5.02327164312771,11.001153531784071,0.07236635347790177,True,walking_dual_task,P02,5,0.0
2026-04-01T14:05:40.520734,1733.0897744930012,93398,78,-6.325746793876137,7.383072116747596,5.059985377563958,10.960304667411902,0.04084886437216895,True,walking_dual_task,P02,5,0.0
2026-04-01T14:05:40.579908,1777.1268005470013,93397,80,-6.3306299028765185,7.354114334687504,5.008405353473006,10.919889962794848,0.04041470461705465,True,walking_dual_task,P02,5,0.0
2026-04-01T14:05:40.580796,1732.5596166881166,93397,78,-6.417464294592419,7.429375135327854,5.050560459278517,11.04027281486395,0.1203828520691026,True,walking_dual_task,P02,5,0.0
2026-04-01T14:05:40.580932,1785.485622087372,93420,79,-6.3443823017636936,7.493312263456828,5.036896747998479,11.035000875333111,0.005271939530839376,True,walking_dual_task,P02,5,0.0
2026-04-01T14:05:40.639638,1738.3566727673879,93420,80,-3.76788929534414,6.652805532355173,6.2624759691462994,9.883087395011716,1.1519134803213955,True,walking_dual_task,P02,5,0.0
2026-04-01T14:05:40.640200,1788.418368742802,93368,78,-3.6495171728851954,7.274852982659177,6.146856507542042,10.199328724911313,0.3162413298995972,True,walking_dual_task,P02,5,0.0
2026-04-01T14:05:40.640701,1815.7029073620658,93368,81,-4.086871299878059,7.676690184993445,6.055851501092721,10.59751983350013,0.3981911085888168,True,walking_dual_task,P02,5,0.0
2026-04-01T14:05:40.700025,1759.8973135509268,93312,78,-4.138822939531175,7.640676732008316,5.971407802492574,10.54360030499601,0.053919528504119185,True,walking_dual_task,P02,5,0.0
2026-04-01T14:05:40.700500,1714.4725419301337,93312,79,-4.420148737515517,7.643683413706092,5.997696118126507,10.674079338102908,0.1304790331068979,True,walking_dual_task,P02,5,0.0
2026-04-01T14:05:40.700784,1666.4235615971736,93180,79,-4.5323772721740045,7.750864675084412,6.110492951652287,10.860776724570998,0.1866973864680901,True,walking_dual_task,P02,5,0.0
2026-04-01T14:05:40.759782,1777.8512085486227,93180,79,-4.827099235591487,7.640535605665272,6.205624447814361,10.963049126907988,0.10227240233698964,True,walking_dual_task,P02,5,0.0
2026-04-01T14:05:40.760393,1812.688316211101,92782,79,-4.857485072787544,7.652000353247948,6.39777679975405,11.094134424006755,0.13108529709876748,True,walking_dual_task,P02,5,0.0
2026-04-01T14:05:40.760762,1742.7038555203646,92782,77,-4.880887205777132,7.72714840333625,6.469638840161557,11.197683201663986,0.10354877765723103,True,walking_dual_task,P02,5,0.0
2026-04-01T14:05:40.819327,1813.09475240509,92384,79,-4.669989701051255,7.970760271881524,6.500475758046181,11.295928833021023,0.09824563135703634,True,walking_dual_task,P02,5,0.0
2026-04-01T14:05:40.820192,1774.6378201484233,92384,79,-4.687702310517833,7.8977582678232885,6.614565730212923,11.318198549606407,0.022269716585384458,True,walking_dual_task,P02,5,0.0
2026-04-01T14:05:40.820771,1897.1234431668763,92154,79,-4.932990828686691,8.151480500888496,6.448233068822461,11.504813887331158,0.18661533772475103,True,walking_dual_task,P02,5,0.0
2026-04-01T14:05:40.879588,1786.9506753458688,92154,81,-4.872799124360373,8.05574956105929,6.31841495506361,11.338502539632191,0.16631134769896683,True,walking_dual_task,P02,5,0.0
2026-04-01T14:05:40.880113,1702.7568962824864,92135,78,-5.254696366890845,7.573324315862648,5.96434679144278,10.97909412246958,0.3594084171626122,True,walking_dual_task,P02,5,0.0
2026-04-01T14:05:40.880854,1819.4181701495752,92135,79,-5.361368887504127,7.066415827411151,5.495721919097906,10.434628330987033,0.5444657914825459,True,walking_dual_task,P02,5,0.0
2026-04-01T14:05:40.999819,1807.0637618706194,92257,79,-5.311762326963479,7.163418859233611,5.5170463362658895,10.486524164253717,0.05189583326668412,True,walking_dual_task,P02,5,0.0
2026-04-01T14:05:40.999972,1742.892338652688,92257,79,-5.380830887803816,7.213098548829481,5.5122164284847335,10.553040399464344,0.0665162352106261,True,walking_dual_task,P02,5,0.0
2026-04-01T14:05:41.000456,1783.1315639844208,92476,81,-5.079160902301513,7.193675518983166,5.37247594028326,10.31553879701921,0.23750160244513374,True,walking_dual_task,P02,5,0.0
2026-04-01T14:05:41.001115,1850.5401582202287,92476,80,-5.064772124761646,7.179689673725946,5.2075283281309135,10.213628727100645,0.10191006991856533,True,walking_dual_task,P02,5,0.0
2026-04-01T14:05:41.001629,1876.1892283838658,92736,79,-4.596621687279053,7.783440083646653,5.308891588423656,10.483091164790899,0.2694624376902546,True,walking_dual_task,P02,5,0.0
2026-04-01T14:05:41.002178,1780.287285494742,92736,78,-4.4044165546562954,8.990351625744658,5.7722076659409245,11.55611045638658,1.0730192915956813,True,walking_dual_task,P02,5,0.0
2026-04-01T14:05:41.060260,1790.7172614783813,92977,81,-4.366071382873372,8.824960818002786,5.734902674039297,11.394367970200598,0.16174248618598241,True,walking_dual_task,P02,5,0.0
2026-04-01T14:05:41.060321,1721.524610772986,92977,78,-4.054623236800036,9.412010281919612,6.058811173978742,11.905255141377229,0.5108871711766305,True,walking_dual_task,P02,5,0.0
2026-04-01T14:05:41.060693,1811.6616706712578,93106,81,-3.976857715923267,9.42114654641446,6.054827147909119,11.884205119938516,0.021050021438712818,True,walking_dual_task,P02,5,0.0
2026-04-01T14:05:41.119553,1710.4392674063838,93106,81,-3.7159336043165707,8.4313571227648,5.556212173452291,10.759527833492754,1.1246772864457615,True,walking_dual_task,P02,5,0.0
2026-04-01T14:05:41.119946,1808.7706280960917,93283,79,-3.199306079743651,8.061083050051515,4.871264938100504,9.947152428151478,0.8123754053412764,True,walking_dual_task,P02,5,0.0
2026-04-01T14:05:41.179627,1868.2108474378856,93283,78,-3.2793605317829533,8.028572388291291,4.883022486817437,9.952692535098924,0.005540106947446333,True,walking_dual_task,P02,5,0.0
2026-04-01T14:05:41.180185,1786.604395846658,93511,78,-2.491562020621398,8.076528038269984,5.213767472505859,9.930838721524195,0.021853813574729486,True,walking_dual_task,P02,5,0.0
2026-04-01T14:05:41.180624,1861.5191328210053,93511,77,-2.5695136956000337,8.023445239897228,5.220096604095737,9.910977888462746,0.0198608330614487,True,walking_dual_task,P02,5,0.0
2026-04-01T14:05:41.240025,1771.1410868988353,93617,81,-3.1768826966044332,7.262080668694357,5.730928956133293,9.781305945877369,0.12967194258537695,True,walking_dual_task,P02,5,0.0
2026-04-01T14:05:41.299712,1822.7454587095376,93617,79,-3.194354223537863,7.414307697910414,5.763226504115803,9.919205476371113,0.13789953049374404,True,walking_dual_task,P02,5,0.0
2026-04-01T14:05:41.300411,1799.445401287347,93793,79,-4.5721489631500605,6.0448771060802775,5.474018822322227,9.34932978539027,0.5698756909808438,True,walking_dual_task,P02,5,0.0
2026-04-01T14:05:41.300980,1752.7633470297185,93793,79,-5.119835666074026,4.902801856562562,4.277245647011377,8.279191604087607,1.0701381813026618,True,walking_dual_task,P02,5,0.0
2026-04-01T14:05:41.359628,1823.0530314263196,94064,78,-4.992657237955672,4.851132282863486,4.195836049887723,8.1280471750039,0.15114442908370762,True,walking_dual_task,P02,5,0.0
2026-04-01T14:05:41.360300,1883.9900638104823,94064,80,-4.756734752622987,4.652186613025239,3.3448245383713204,7.446960251116789,0.6810869238871105,True,walking_dual_task,P02,5,0.0
2026-04-01T14:05:41.360918,1745.8128184341172,94239,80,-4.865953466225458,4.6479581082348655,3.370439101396884,7.526013383432348,0.07905313231555855,True,walking_dual_task,P02,5,0.0
2026-04-01T14:05:41.360952,1822.6400638375956,94239,79,-4.155848379521422,4.938739726316471,3.342969525900743,7.268952544140618,0.2570608392917295,True,walking_dual_task,P02,5,0.0
2026-04-01T14:05:41.361540,1842.1843155707415,94278,79,-3.636722309617298,5.177437975655703,3.6445295754218874,7.301657960706927,0.03270541656630854,True,walking_dual_task,P02,5,0.0
2026-04-01T14:05:41.362249,1917.990239977597,94278,77,-3.663212477841817,5.146240605083927,3.6291994613393928,7.285190920862452,0.01646703984447484,True,walking_dual_task,P02,5,0.0
2026-04-01T14:05:41.420392,1872.0689834706561,94221,79,-3.7008721315933273,5.162993190976495,3.6041580335312577,7.303622960910681,0.018432040048228515,True,walking_dual_task,P02,5,0.0
2026-04-01T14:05:41.420521,1811.0617439955581,94221,79,-3.6995193416427625,5.172479440486185,3.684944909438433,7.349816726084903,0.046193765174222357,True,walking_dual_task,P02,5,0.0
2026-04-01T14:05:41.421190,1753.4377311038115,94124,80,-3.813162205302207,5.177055349371657,3.657801572684707,7.397406331920506,0.047589605835603344,True,walking_dual_task,P02,5,0.0
2026-04-01T14:05:41.480246,1819.162065839985,94124,79,-3.8130108989043925,5.127992866348494,3.712174494661413,7.390236967195263,0.007169364725243099,True,walking_dual_task,P02,5,0.0
2026-04-01T14:05:41.480336,1844.1060545488656,94062,79,-3.666377096120009,5.118865619747537,3.8053076439327267,7.357001597727132,0.033235369468131104,True,walking_dual_task,P02,5,0.0
2026-04-01T14:05:41.481004,1792.027982932581,94062,79,-3.6801402047180973,5.189962900402727,3.5855632484078166,7.303109655637937,0.05389194208919523,True,walking_dual_task,P02,5,0.0
2026-04-01T14:05:41.540197,1895.230514146261,94039,79,-3.6663794410873782,5.090461265105688,3.6602121003309596,7.263076945549921,0.04003271008801601,True,walking_dual_task,P02,5,0.0
2026-04-01T14:05:41.540638,1778.6077559885089,94039,79,-3.759711746833793,5.1989454054369695,3.6017627933078544,7.357795931340512,0.09471898579059079,True,walking_dual_task,P02,5,0.0
2026-04-01T14:05:41.541196,1756.3143546979375,94008,78,-3.695976766556892,5.129194420736437,3.603746099592918,7.277078095978721,0.08071783536179034,True,walking_dual_task,P02,5,0.0
2026-04-01T14:05:41.599587,1773.3899723272068,94008,79,-3.714997906083501,5.22004428801118,3.7576596161843163,7.427656265747992,0.15057816976927096,True,walking_dual_task,P02,5,0.0
2026-04-01T14:05:41.600209,1852.8097845927737,93963,78,-3.7736344750054625,5.206960573922622,3.534548532012431,7.337968989746794,0.08968727600119841,True,walking_dual_task,P02,5,0.0
2026-04-01T14:05:41.600840,1824.9392423333497,93963,78,-2.97762975060814,7.49753922032035,4.867325920389848,9.421795736867121,2.0838267471203276,True,walking_dual_task,P02,5,0.0
2026-04-01T14:05:41.719908,1807.567232539864,93921,78,-3.8397829766055556,7.9106297931721885,5.184966068102991,10.208127651995378,0.7863319151282564,True,walking_dual_task,P02,5,0.0
2026-04-01T14:05:41.720555,1880.7391434696567,93921,80,-4.776927250324248,8.308917507277478,5.815794174461217,11.21073619247771,1.0026085404823313,True,walking_dual_task,P02,5,0.0
2026-04-01T14:05:41.721097,1822.2064079920356,93867,78,-4.732633235795922,8.282687776725346,5.788773000801307,11.158432999578473,0.05230319289923635,True,walking_dual_task,P02,5,0.0
2026-04-01T14:05:41.721142,1839.684264174063,93867,79,-4.585910875602579,8.842567515642768,6.167089630704091,11.71556969766339,0.5571366980849177,True,walking_dual_task,P02,5,0.0
2026-04-01T14:05:41.721664,1786.033645386666,93839,79,-4.5897657165807955,8.896900246978591,6.052304670564403,11.698340701275708,0.017228996387682827,True,walking_dual_task,P02,5,0.0
2026-04-01T14:05:41.722438,1812.8059519920234,93839,79,-4.197725700642201,9.005827189399842,6.089115961995412,11.653461186351153,0.04487951492455444,True,walking_dual_task,P02,5,0.0
2026-04-01T14:05:41.780292,1891.060397055377,93808,80,-5.406040844595416,8.315378236403161,5.719490375980906,11.449164292157723,0.20429689419342978,True,walking_dual_task,P02,5,0.0
2026-04-01T14:05:41.780676,1919.2638744332146,93808,79,-5.308264973633682,8.243786451704656,5.60862450950346,11.295767392267706,0.15339689989001748,True,walking_dual_task,P02,5,0.0
2026-04-01T14:05:41.781165,1931.0735237054432,93749,79,-5.9354133550520345,7.276009368804219,5.284282033563354,10.774649908024728,0.5211174842429784,True,walking_dual_task,P02,5,0.0
2026-04-01T14:05:41.840000,1838.1346324606,93749,79,-5.867140995939311,7.220055008463686,5.194167230930525,10.655135429188395,0.11951447883633293,True,walking_dual_task,P02,5,0.0
2026-04-01T14:05:41.900152,1827.1449611867893,93817,80,-4.633002392834033,6.726997278856727,5.736981762779154,9.981491036323797,0.6736443928645972,True,walking_dual_task,P02,5,0.0
2026-04-01T14:05:41.900879,1784.9008424639594,93817,78,-4.688134964799422,6.739889462470557,5.762220675992807,10.030349272748957,0.04885823642515952,True,walking_dual_task,P02,5,0.0
2026-04-01T14:05:41.901148,1808.0659016830186,93841,78,-3.262757699545568,7.601658933944772,6.7698830545849535,10.68934623476678,0.6589969620178238,True,walking_dual_task,P02,5,0.0
2026-04-01T14:05:41.901680,1895.0504858239983,93841,79,-3.4590753821159086,7.499137888525747,6.730151086310079,10.653506709757284,0.0358395250094965,True,walking_dual_task,P02,5,0.0
2026-04-01T14:05:41.902217,1864.0510678261683,93814,78,-3.3664826951711975,7.58771178415826,7.362741733111548,11.095789367361103,0.442282657603819,True,walking_dual_task,P02,5,0.0
2026-04-01T14:05:42.019763,1823.461456826642,93814,80,-3.3502128595142113,7.56033652906627,7.361444989222826,11.07129111559,0.024498251771102986,True,walking_dual_task,P02,5,0.0
2026-04-01T14:05:42.020557,1793.0142668970466,93785,78,-3.8517380686694396,7.136247937577976,7.353474185935001,10.946940366122204,0.124350749467796,True,walking_dual_task,P02,5,0.0
2026-04-01T14:05:42.021169,1912.3219752208076,93785,79,-3.820669155441619,7.114684552942744,7.201201896707174,10.820053504505607,0.12688686161659746,True,walking_dual_task,P02,5,0.0
2026-04-01T14:05:42.021231,1825.307120283762,93677,80,-4.23773677876888,6.871144816162355,6.912292908538367,10.627833144354264,0.19222036015134236,True,walking_dual_task,P02,5,0.0
2026-04-01T14:05:42.022013,1858.5376519234749,93677,80,-4.187763418951053,6.938479622289181,6.181263185276258,10.192540237236173,0.4352929071180913,True,walking_dual_task,P02,5,0.0
2026-04-01T14:05:42.022418,1783.4601185121987,93573,79,-4.123716165318495,6.964044003726367,6.2595984806588065,10.231594061387124,0.039053824150951044,True,walking_dual_task,P02,5,0.0
2026-04-01T14:05:42.080010,1889.4785644654005,93573,78,-4.2813636622086095,7.2940016434607635,5.240654185494582,9.949723165738357,0.2818708956487672,True,walking_dual_task,P02,5,0.0
2026-04-01T14:05:42.080393,1803.806415556162,93558,79,-4.212706537524303,7.340438906033724,5.362875768295291,10.019449895612153,0.06972672987379624,True,walking_dual_task,P02,5,0.0
2026-04-01T14:05:42.139958,1843.6625048341537,93558,77,-4.83171177598323,7.698943936695043,5.137282979049636,10.440826252427605,0.42137635681545227,True,walking_dual_task,P02,5,0.0
2026-04-01T14:05:42.140017,1882.7062067160475,93563,80,-4.999857762929229,7.76788049501824,4.9876894745106615,10.498361363972613,0.05753511154500757,True,walking_dual_task,P02,5,0.0
2026-04-01T14:05:42.140513,1884.80283490774,93563,80,-4.98114928825857,7.75718229941215,4.993641450479679,10.484377921182583,0.013983442790030054,True,walking_dual_task,P02,5,0.0
2026-04-01T14:05:42.199777,1945.9540259611877,93584,77,-5.227771934296729,7.532212679830217,4.981570668494665,10.434551910667848,0.04982601051473523,True,walking_dual_task,P02,5,0.0
2026-04-01T14:05:42.200401,1884.5363191168587,93584,80,-5.242662689333705,7.659331360175387,5.095357990864518,10.588368241337509,0.15381633066966138,True,walking_dual_task,P02,5,0.0
2026-04-01T14:05:42.200704,1850.9153435027645,93626,79,-5.556628366102781,7.369234339197157,5.316419906528203,10.651105772055312,0.06273753071780241,True,walking_dual_task,P02,5,0.0
2026-04-01T14:05:42.201242,1790.827994233046,93626,78,-5.362252335058182,7.171336593002313,5.4405136381027495,10.477643212161453,0.17346255989385817,True,walking_dual_task,P02,5,0.0
2026-04-01T14:05:42.260041,1867.8800552912685,93648,78,-5.400497097072141,7.183520499754616,5.402224602869124,10.485817389489668,0.008174177328214682,True,walking_dual_task,P02,5,0.0
2026-04-01T14:05:42.260557,1754.341216430104,93648,78,-5.294971873402665,7.189792858771241,5.591228565417269,10.535259150248812,0.049441760759144415,True,walking_dual_task,P02,5,0.0
2026-04-01T14:05:42.261042,1868.7717310062442,93641,78,-5.34710124219891,7.2789736129109,5.5305374478795795,10.59064648707418,0.05538733682536723,True,walking_dual_task,P02,5,0.0
2026-04-01T14:05:42.319524,1799.7408720498577,93641,79,-5.347475832936647,7.04820591816149,5.504683843840561,10.419896768648307,0.1707497184258724,True,walking_dual_task,P02,5,0.0
2026-04-01T14:05:42.320267,1816.8940893132071,93621,79,-5.3571436389155,7.118194371760194,5.557650395291287,10.500245568481372,0.08034879983306453,True,walking_dual_task,P02,5,0.0
2026-04-01T14:05:42.320303,1882.4110286126124,93621,79,-5.552006474704404,7.46608855260951,5.655310845914134,10.888057445406892,0.3878118769255199,True,walking_dual_task,P02,5,0.0
2026-04-01T14:05:42.380277,1835.2413725784068,93612,77,-5.409767765092207,7.579048950061703,5.879289266287001,11.012429910620984,0.12437246521409229,True,walking_dual_task,P02,5,0.0
2026-04-01T14:05:42.380346,1859.0587619421487,93612,78,-5.450404150406319,7.520221388455315,6.006134810012095,11.060483284657423,0.04805337403643861,True,walking_dual_task,P02,5,0.0
2026-04-01T14:05:42.381369,1852.8688262809776,93614,78,-5.51619408756588,7.490433191644579,5.892684052171555,11.011753354888791,0.048729929768631663,True,walking_dual_task,P02,5,0.0
2026-04-01T14:05:42.440392,1868.4166518309266,93614,78,-5.5004638135240365,7.5695166497483335,5.979111210109859,11.104163873861282,0.09241051897249086,True,walking_dual_task,P02,5,0.0
2026-04-01T14:05:42.441529,1843.5648336252661,93619,80,-5.522156998195501,7.6437003645974295,5.823489776322147,11.083023339838052,0.021140534023230018,True,walking_dual_task,P02,5,0.0
2026-04-01T14:05:42.441984,1865.7174091879085,93619,80,-5.3233303419131035,7.502235774327713,5.978463515248861,10.971026093574702,0.11199724626334984,True,walking_dual_task,P02,5,0.0
2026-04-01T14:05:42.499557,1798.1580402282577,93588,79,-5.443163085042337,7.452838297088788,5.893175807767707,10.949992883750175,0.021033209824526722,True,walking_dual_task,P02,5,0.0
2026-04-01T14:05:42.499960,1931.080080304898,93588,78,-5.439228194016092,7.606268303245369,5.88772915314216,11.050152733256443,0.10015984950626766,True,walking_dual_task,P02,5,0.0
2026-04-01T14:05:42.500577,1828.6582131639,93587,79,-5.434737878484488,7.558620574666285,5.947591255023887,11.047305668643336,0.002847064613106909,True,walking_dual_task,P02,5,0.0
2026-04-01T14:05:42.561932,1862.8045644223453,93587,78,-5.5271089469604044,7.497544316584979,5.905106673710538,11.028707490845253,0.018598177798082816,True,walking_dual_task,P02,5,0.0
2026-04-01T14:05:42.562457,1851.6874743411388,93660,78,-5.406532485419088,7.514775941011135,5.893832390387518,10.974502777140874,0.054204713704379515,True,walking_dual_task,P02,5,0.0
2026-04-01T14:05:42.563241,1828.1684179094152,93660,81,-5.42338291238458,7.541689656587334,5.923826238764626,11.017344616453535,0.04284183931266128,True,walking_dual_task,P02,5,0.0
2026-04-01T14:05:42.620248,1885.5096046841722,93541,79,-5.410013075864574,7.6477542355504475,5.949620653601978,11.09749396261033,0.08014934615679437,True,walking_dual_task,P02,5,0.0
2026-04-01T14:05:42.620405,1829.3054853896906,93541,78,-4.24819322369901,8.113605357631275,6.423197254977142,11.186384605475132,0.08889064286480242,True,walking_dual_task,P02,5,0.0
2026-04-01T14:05:42.620753,1853.7740593975166,93293,79,-4.87745011234265,7.456690556359801,6.015259005282516,10.750585777171827,0.4357988283033052,True,walking_dual_task,P02,5,0.0
2026-04-01T14:05:42.740151,1779.3072980824022,93293,79,-4.990719985668927,5.895530584794221,4.757555036087003,9.071873939434793,1.6787118377370334,True,walking_dual_task,P02,5,0.0
2026-04-01T14:05:42.740659,1895.5459448350066,93281,79,-5.116631583337049,5.982033429465673,4.7247483303214155,9.18084361568816,0.10896967625336629,True,walking_dual_task,P02,5,0.0
2026-04-01T14:05:42.741169,1874.4502034987456,93281,79,-4.614738580116555,5.300780961909312,3.9385130906151145,8.056424537839536,1.1244190778486232,True,walking_dual_task,P02,5,0.0
2026-04-01T14:05:42.741540,1771.7359890882353,93344,80,-4.710927707522546,5.325434057538966,3.8858417708684745,8.10264487898401,0.046220341144474375,True,walking_dual_task,P02,5,0.0
2026-04-01T14:05:42.742284,1855.8743633861272,93344,78,-4.221661621160604,5.397064159157236,3.7412492483426214,7.806899148821138,0.29574573016287253,True,walking_dual_task,P02,5,0.0
2026-04-01T14:05:42.742771,1835.2387045432808,93363,79,-4.010599883695975,5.390541030312616,3.6582865038346437,7.650222491583149,0.1566766572379894,True,walking_dual_task,P02,5,0.0
2026-04-01T14:05:42.800057,1851.0275191674905,93363,78,-3.969723519102694,5.488177839684209,3.6675307011110507,7.702569847895572,0.052347356312423265,True,walking_dual_task,P02,5,0.0
2026-04-01T14:05:42.800387,1857.935507445783,93377,80,-3.9961176409933254,5.414094271178502,3.6922817343297756,7.675566258168269,0.0270035897273031,True,walking_dual_task,P02,5,0.0
2026-04-01T14:05:42.801263,1903.0397373848555,93377,79,-3.788141333015051,5.531509415685891,3.777672798735732,7.695350735933131,0.01978447776486192,True,walking_dual_task,P02,5,0.0
2026-04-01T14:05:42.859841,1787.0350688294986,93379,78,-3.7832565676067422,5.540256865331497,3.7883631596751997,7.704490367297281,0.009139631364150524,True,walking_dual_task,P02,5,0.0
2026-04-01T14:05:42.860578,1886.8249577398706,93379,78,-3.6066573182157224,5.658767454047861,3.936701561985438,7.779925790016825,0.07543542271954351,True,walking_dual_task,P02,5,0.0
2026-04-01T14:05:42.860675,1830.884640569254,93361,79,-3.2876746791240428,5.630670839738141,3.84206566942644,7.56800683862112,0.21191895139570516,True,walking_dual_task,P02,5,0.0
2026-04-01T14:05:42.920015,1815.5364096616418,93361,79,-3.4061757027361135,5.582262292950811,3.801055638304605,7.563842224074848,0.0041646145462719275,True,walking_dual_task,P02,5,0.0
2026-04-01T14:05:42.920555,1788.2220818747005,93348,80,-3.3908998010606246,5.005581775115397,3.766732262902551,7.123364535708626,0.44047768836622136,True,walking_dual_task,P02,5,0.0
2026-04-01T14:05:42.981027,1858.067823729928,93348,79,-3.501345900524626,5.130232620285034,3.7121326362538385,7.235926931810335,0.11256239610170837,True,walking_dual_task,P02,5,0.0
2026-04-01T14:05:42.981626,1788.5940221848402,93350,81,-3.105758874774754,4.880821971217506,3.9180993586059736,6.987106975484934,0.24881995632540033,True,walking_dual_task,P02,5,0.0
2026-04-01T14:05:43.040406,1809.151378525925,93350,81,-3.0482825070914488,4.901188137139323,3.997247099987232,7.020801647748731,0.0336946722637963,True,walking_dual_task,P02,5,0.0
2026-04-01T14:05:43.040464,1837.2699142806407,93349,78,-2.4583484489549394,4.729481337696768,4.0650317964988725,6.703428550126272,0.31737309762245847,True,walking_dual_task,P02,5,0.0
2026-04-01T14:05:43.040908,1845.5490212712516,93349,79,-2.1871732248690314,5.289839927795142,4.728272387685575,7.424465835966219,0.7210372858399463,True,walking_dual_task,P02,5,0.0
2026-04-01T14:05:43.041415,1954.6603830311954,93317,77,-2.2841563163075684,5.3531008343494255,4.748636773259767,7.511498507248418,0.08703267128219938,True,walking_dual_task,P02,5,0.0
2026-04-01T14:05:43.099512,1848.136367446481,93317,78,-2.1611046653855945,7.299419963933137,6.141872685076636,9.78133453391241,2.2698360266639925,True,walking_dual_task,P02,5,0.0
2026-04-01T14:05:43.100015,1833.300448312132,93128,80,-2.223693621953837,7.300740638041902,6.142815179530491,9.796928371594072,0.015593837681661782,True,walking_dual_task,P02,5,0.0
2026-04-01T14:05:43.100281,1845.6854093018198,93128,78,-4.245561956567813,9.407067371369955,7.0126154800733564,12.477759763992637,2.6808313923985647,True,walking_dual_task,P02,5,0.0
2026-04-01T14:05:43.100499,1891.325303871498,92971,80,-5.184978213880484,8.747665412445436,7.097351467104169,12.40072768405609,0.07703207993654715,True,walking_dual_task,P02,5,0.0
2026-04-01T14:05:43.159781,1840.7022381996896,92971,78,-5.200888343894049,8.714607371533166,7.088144564774008,12.378829289426706,0.02189839462938359,True,walking_dual_task,P02,5,0.0
2026-04-01T14:05:43.160173,1916.5678619995704,92892,78,-4.155707921976951,8.21609231467421,6.331733625687464,11.174297828619565,1.2045314608071411,True,walking_dual_task,P02,5,0.0
2026-04-01T14:05:43.160486,1937.1843261452932,92892,79,-4.131116994360344,8.115631909347965,6.300795458026268,11.073826453083152,0.10047137553641328,True,walking_dual_task,P02,5,0.0
2026-04-01T14:05:43.219988,1851.6152139140997,92700,79,-5.724025429335215,7.886687010543604,5.343960110880915,11.114054560988972,0.04022810790582021,True,walking_dual_task,P02,5,0.0
2026-04-01T14:05:43.279672,1917.2743539865583,92700,78,-7.087703834325128,8.51323236624176,5.104874732455398,12.197147904276433,1.0830933432874605,True,walking_dual_task,P02,5,0.0
2026-04-01T14:05:43.280469,1838.019509087967,92442,80,-7.0497578502687155,8.486644310355468,5.20189637900808,12.1976203964483,0.00047249217186795534,True,walking_dual_task,P02,5,0.0
2026-04-01T14:05:43.281321,1803.5032973040295,92442,79,-7.0610106212324295,8.24419467645622,5.060903319799956,11.976533691716835,0.22108670473146574,True,walking_dual_task,P02,5,0.0
2026-04-01T14:05:43.281355,1757.3869435252918,92411,80,-7.0028718004293955,8.252535289370416,4.9541623580742655,11.903288487880703,0.07324520383613198,True,walking_dual_task,P02,5,0.0
2026-04-01T14:05:43.281956,1834.4127712083152,92411,79,-5.587638597097262,7.946387530785631,5.66944679819098,11.247640058195069,0.655648429685634,True,walking_dual_task,P02,5,0.0
2026-04-01T14:05:43.340086,1853.4068404415002,92385,79,-4.808598961535501,7.454650366113681,5.654763415392413,10.520018314524913,0.7276217436701558,True,walking_dual_task,P02,5,0.0
2026-04-01T14:05:43.340397,1751.1876181438695,92385,80,-4.7740876023219085,7.507121931933666,5.734683610804514,10.584677049943144,0.06465873541823086,True,walking_dual_task,P02,5,0.0
2026-04-01T14:05:43.340678,1835.9892062701151,92366,78,-4.2339725674600155,6.407580600726794,5.040376508600505,9.186349013904605,1.3983280360385386,True,walking_dual_task,P02,5,0.0
2026-04-01T14:05:43.459827,1879.5388743662422,92366,79,-4.134730113145043,6.3529884850116565,4.941465339207536,9.048454867977657,0.13789414592694804,True,walking_dual_task,P02,5,0.0
2026-04-01T14:05:43.460604,1860.4322275382779,92385,79,-4.267816593596064,6.377227379037542,4.910048061860401,9.109986799677541,0.06153193169988391,True,walking_dual_task,P02,5,0.0
2026-04-01T14:05:43.460719,1939.509059905651,92385,80,-4.235449247065612,6.4315758284041475,4.909687408336732,9.132865290179277,0.022878490501735627,True,walking_dual_task,P02,5,0.0
2026-04-01T14:05:43.461109,1907.0546992109357,92442,78,-4.080761204931429,6.403161757240672,5.004958726040458,9.094102723767277,0.038762566412000155,True,walking_dual_task,P02,5,0.0
2026-04-01T14:05:43.461666,1794.3032546546754,92442,79,-4.16372713748235,6.425793652929083,4.957407702985816,9.121586423372513,0.02748369960523611,True,walking_dual_task,P02,5,0.0
2026-04-01T14:05:43.462371,1786.1991796277032,92444,78,-4.174342980513398,6.389819927877999,4.88328033724935,9.060980348827295,0.060606074545217936,True,walking_dual_task,P02,5,0.0
2026-04-01T14:05:43.520248,1772.947678848556,92444,77,-4.120531330045021,6.337274493054946,4.9953034898888315,9.060512314339789,0.00046803448750587506,True,walking_dual_task,P02,5,0.0
2026-04-01T14:05:43.520503,1793.281961792701,92401,78,-4.139503265344539,6.387667951110935,4.929101098390371,9.06828687104687,0.0077745567070817145,True,walking_dual_task,P02,5,0.0
2026-04-01T14:05:43.520927,1795.8388709776423,92401,83,-4.181255621652935,6.379198150164447,4.962076030477442,9.099410208629157,0.03112333758228658,True,walking_dual_task,P02,5,0.0
2026-04-01T14:05:43.580462,1722.2825662006373,92351,79,-4.186454043845209,6.438448851672394,4.819370266392302,9.06677179824306,0.03263841038609705,True,walking_dual_task,P02,5,0.0
2026-04-01T14:05:43.580531,1750.3879053098608,92351,78,-4.200106279559899,6.517060946509509,4.979341848517172,9.214489751717798,0.14771795347473748,True,walking_dual_task,P02,5,0.0
2026-04-01T14:05:43.580899,1822.7614763592812,92349,80,-4.182120091245831,6.366808132899919,4.859170012960059,9.03536980281454,0.17911994890325822,True,walking_dual_task,P02,5,0.0
2026-04-01T14:05:43.640218,1864.4760741023006,92349,79,-5.604039683987169,8.221888246126927,5.9575490556520325,11.597288384014755,2.5619185812002154,True,walking_dual_task,P02,5,0.0
2026-04-01T14:05:43.640869,1810.5408742047955,92398,79,-5.656078971488367,8.135283909847399,5.878893269852944,11.521087609416792,0.0762007745979627,True,walking_dual_task,P02,5,0.0
2026-04-01T14:05:43.641338,1819.6867947750059,92398,80,-5.468886349175009,7.830675526858816,5.4229697697272625,10.983478421270473,0.5376091881463196,True,walking_dual_task,P02,5,0.0
2026-04-01T14:05:43.819971,1841.6104919330937,92465,82,-5.504071115896057,7.834628814590315,5.413714862643238,10.999296164994123,0.01581774372364997,True,walking_dual_task,P02,5,0.0
2026-04-01T14:05:43.820869,1898.77368553535,92465,77,-5.8229624444383274,7.860792362487584,5.096368571420822,11.030499572152126,0.03120340715800296,True,walking_dual_task,P02,5,0.0
2026-04-01T14:05:43.820915,1834.5313077212834,92537,79,-5.762753345785864,7.907135337990553,4.919929097840376,10.951612561876061,0.07888701027606437,True,walking_dual_task,P02,5,0.0
2026-04-01T14:05:43.821940,1807.8255434256896,92537,78,-5.915792656038196,7.893024783384426,4.922389654151859,11.023899622531832,0.07228706065577128,True,walking_dual_task,P02,5,0.0
2026-04-01T14:05:43.822388,1901.4632871211024,92586,78,-5.764517303730025,8.030246833193102,4.923345688920982,11.043272011484076,0.01937238895224347,True,walking_dual_task,P02,5,0.0
2026-04-01T14:05:43.822880,1837.3120229008725,92586,80,-5.82772958445511,7.920137884170572,4.870783413660397,10.973401809675815,0.06987020180826065,True,walking_dual_task,P02,5,0.0
2026-04-01T14:05:43.880222,1838.92394155784,92619,78,-5.811210348427348,8.06996053934839,4.881623433274601,11.078116995437671,0.10471518576185623,True,walking_dual_task,P02,5,0.0
2026-04-01T14:05:43.880881,1769.9245601235905,92619,79,-5.600267731363662,9.34840123259734,5.952564687734828,12.417271464788397,1.339154469350726,True,walking_dual_task,P02,5,0.0
2026-04-01T14:05:43.881252,1890.025260570271,92471,79,-5.538332793110092,9.398230558721693,5.929341418722163,12.415996030198425,0.0012754345899725905,True,walking_dual_task,P02,5,0.0
2026-04-01T14:05:43.881730,1866.6392539324443,92471,77,-4.7867215077140015,9.977440667212047,7.270797639314456,13.241092227305467,0.8250961971070421,True,walking_dual_task,P02,5,0.0
2026-04-01T14:05:43.882179,1788.029946479059,92277,79,-4.8203336386992826,9.977522005027009,7.210610298427262,13.220418398256514,0.02067382904895254,True,walking_dual_task,P02,5,0.0
2026-04-01T14:05:43.882590,1767.9243103005924,92277,80,-4.125463882027998,8.830183270501857,6.744921607305573,11.852660305655688,1.3677580926008268,True,walking_dual_task,P02,5,0.0
2026-04-01T14:05:43.940812,1896.1349752967192,92295,78,-3.7536375848108863,8.09741598792355,5.785662792933146,10.636344990320492,1.216315315335196,True,walking_dual_task,P02,5,0.0
2026-04-01T14:05:43.941442,1820.450019291781,92295,78,-3.885872241740639,8.054778602534132,5.923247890354062,10.7268041366269,0.09045914630640794,True,walking_dual_task,P02,5,0.0
2026-04-01T14:05:43.941994,1876.5858341973267,92339,78,-3.5756313106119233,8.796026222412262,6.1044909559167655,11.288047944869037,0.5612438082421374,True,walking_dual_task,P02,5,0.0
2026-04-01T14:05:44.000253,1777.7983836612323,92339,78,-3.5668612384758314,8.819515814499113,6.134549448531652,11.319852261987402,0.03180431711836462,True,walking_dual_task,P02,5,0.0
2026-04-01T14:05:44.001402,1918.9880707939699,92337,80,-3.6178783299376027,9.187168191378504,6.849449421289504,12.016990486877827,0.6971382248904252,True,walking_dual_task,P02,5,0.0
2026-04-01T14:05:44.001878,1798.4622237311985,92337,81,-3.62616914252808,7.5780017069168615,6.434857634722425,10.582183389991084,1.4348070968867432,True,walking_dual_task,P02,5,0.0
2026-04-01T14:05:44.059965,1836.8894376381668,92351,79,-3.616383790928425,7.600991772447332,6.4597279390898645,10.610437912506725,0.028254522515641867,True,walking_dual_task,P02,5,0.0
2026-04-01T14:05:44.060869,1869.0402167838681,92351,80,-3.755683038866547,5.56516218255432,5.164575355078902,8.470479549875025,2.1399583626317007,True,walking_dual_task,P02,5,0.0
2026-04-01T14:05:44.061283,1800.7221302584792,92438,80,-3.809693215450346,5.6051917109574845,5.189305187068573,8.535855249298203,0.06537569942317845,True,walking_dual_task,P02,5,0.0
2026-04-01T14:05:44.179729,1720.9882097515685,92438,80,-3.426833414432183,4.636243070652044,4.177344679389727,7.119560775136602,1.4162944741616013,True,walking_dual_task,P02,5,0.0
2026-04-01T14:05:44.239902,1819.7691845503864,92484,81,-3.5764823063908344,4.655620965094938,4.229015534045659,7.235371769699033,0.11581099456243127,True,walking_dual_task,P02,5,0.0
2026-04-01T14:05:44.240576,1774.4199929393592,92484,79,-3.084498815770497,4.73109208421812,3.7379758256279447,6.77272681619596,0.462644953503073,True,walking_dual_task,P02,5,0.0
2026-04-01T14:05:44.240638,1768.8155661601736,92460,79,-2.445916011802977,4.848998197341701,3.874083948540167,6.671117979390997,0.1016088368049628,True,walking_dual_task,P02,5,0.0
2026-04-01T14:05:44.241339,1827.0057377347393,92460,78,-2.400937226264091,4.911990381610622,3.8293473279027137,6.6750318374680155,0.003913858077018162,True,walking_dual_task,P02,5,0.0
2026-04-01T14:05:44.241574,1738.3034680412754,92435,79,-2.257199971921681,4.742080511214964,3.8303136001239544,6.50027549903714,0.17475633843087568,True,walking_dual_task,P02,5,0.0
2026-04-01T14:05:44.242916,1869.392874359315,92435,79,-2.225288860556305,4.60211184768447,3.8114630615665352,6.3764092278648405,0.12386627117229931,True,walking_dual_task,P02,5,0.0
2026-04-01T14:05:44.299620,1886.5928288387404,92419,79,-1.7168631102774867,4.343126306303318,3.4826766210741913,5.825753298837184,0.5506559290276565,True,walking_dual_task,P02,5,0.0
2026-04-01T14:05:44.300234,1867.1976371003548,92419,79,-2.1545808060514675,4.868053529825159,3.4652911385128706,6.352039538109347,0.5262862392721628,True,walking_dual_task,P02,5,0.0
2026-04-01T14:05:44.300704,1704.9594322625371,92423,79,-2.0941758846497294,4.712918451059471,3.517449060000283,6.242565246105334,0.1094742920040126,True,walking_dual_task,P02,5,0.0
2026-04-01T14:05:44.301238,1821.400929524233,92423,79,-2.597853502849566,5.951192384452131,3.7946758337809388,7.520977217257733,1.2784119711523987,True,walking_dual_task,P02,5,0.0
2026-04-01T14:05:44.301980,1890.663911155294,92397,79,-2.6004176354070587,5.832541956588466,3.7146031717588164,7.387759760410561,0.1332174568471718,True,walking_dual_task,P02,5,0.0
2026-04-01T14:05:44.359745,1797.7690515080997,92397,79,-2.3095139640014484,7.101123824435314,4.315276166103311,8.624466517392237,1.2367067569816763,True,walking_dual_task,P02,5,0.0
2026-04-01T14:05:44.360299,1713.3710182229247,92342,78,-2.3442385204937355,7.164062056461047,4.423497054959782,8.739940822741845,0.11547430534960768,True,walking_dual_task,P02,5,0.0
2026-04-01T14:05:44.360669,1873.5554549362107,92342,80,-2.333450608124678,7.17545057556588,4.402258651096207,8.735671922302116,0.004268900439729606,True,walking_dual_task,P02,5,0.0
2026-04-01T14:05:44.480105,1866.7511291792694,92265,81,-2.4192308416512467,7.006988330092597,4.3772271241932925,8.6087560437048,0.12691587859731612,True,walking_dual_task,P02,5,0.0
2026-04-01T14:05:44.481124,1854.4084635902739,92265,78,-2.351969024656581,7.1324195220422775,4.322914062600574,8.66549205319488,0.05673600949008062,True,walking_dual_task,P02,5,0.0
2026-04-01T14:05:44.481161,1795.7740708082745,92080,77,-2.2930810262136707,7.012577360417258,4.307071975642079,8.54314525406066,0.12234679913422042,True,walking_dual_task,P02,5,0.0
2026-04-01T14:05:44.481657,1801.4852699279038,92080,77,-2.355766141968602,7.175227735678338,4.401278662642375,8.740982841804712,0.19783758774405236,True,walking_dual_task,P02,5,0.0
2026-04-01T14:05:44.482163,1843.0815008137454,91958,78,-2.40487757385841,7.048535760192901,4.37318831484618,8.636554205530837,0.10442863627387489,True,walking_dual_task,P02,5,0.0
2026-04-01T14:05:44.482931,1766.0173243818995,91958,79,-2.35522063309352,7.101724324801827,4.46013316630272,8.71058783763673,0.07403363210589298,True,walking_dual_task,P02,5,0.0
2026-04-01T14:05:44.540367,1957.7874883581746,91921,79,-2.3220112791736245,7.1345724983807095,4.398311705013358,8.697068872310798,0.013518965325932442,True,walking_dual_task,P02,5,0.0
2026-04-01T14:05:44.540408,1852.6312092142848,91921,79,-2.381921234412284,7.018997461174398,4.4253479273754515,8.632704003106037,0.06436486920476092,True,walking_dual_task,P02,5,0.0
2026-04-01T14:05:44.541025,1806.664408642392,91924,78,-2.311924246982497,7.146263499625999,4.4265011380881605,8.71825602143962,0.08555201833358339,True,walking_dual_task,P02,5,0.0
2026-04-01T14:05:44.600198,1897.677698179594,91924,79,-2.3546949210443584,7.048880794370614,4.39592920740801,8.634552809554286,0.08370321188533403,True,walking_dual_task,P02,5,0.0
2026-04-01T14:05:44.600498,1838.5865050187629,91864,80,-2.393108173075723,7.067176611780806,4.358863324820818,8.641275454156721,0.006722644602435324,True,walking_dual_task,P02,5,0.0
2026-04-01T14:05:44.601227,1812.8305279703302,91864,79,-7.253417772433158,7.722455208442098,5.9479051734591515,12.150142376956158,3.5088669227994362,True,walking_dual_task,P02,5,0.0
2026-04-01T14:05:44.659910,1775.4047412413906,91846,78,-6.275024917724881,7.756536587745744,5.66902123682237,11.475086027505396,0.6750563494507613,True,walking_dual_task,P02,5,0.0
2026-04-01T14:05:44.660391,1839.6714124623227,91846,78,-6.343896769643081,7.779708566126112,5.567352401856638,11.478863374228425,0.0037773467230284297,True,walking_dual_task,P02,5,0.0
2026-04-01T14:05:44.660790,1823.2040149882196,91968,80,-4.853284470230603,6.55333099989171,5.346791992288367,9.751343597265057,1.7275197769633674,True,walking_dual_task,P02,5,0.0
2026-04-01T14:05:44.719953,1796.285951836162,91968,76,-4.008521320698322,8.149582283534627,5.888694891835016,10.824077886994269,1.0727342897292118,True,walking_dual_task,P02,5,0.0
2026-04-01T14:05:44.720438,1741.7943020372784,91957,80,-4.004203820492223,8.26423143181201,5.787797633089722,10.854942230900775,0.030864343906506164,True,walking_dual_task,P02,5,0.0
2026-04-01T14:05:44.720525,1873.348330633293,91957,81,-4.312199442588703,9.149091407267374,5.887632206177739,11.7032111237223,0.8482688928215243,True,walking_dual_task,P02,5,0.0
2026-04-01T14:05:44.780357,1874.891597150422,91798,77,-4.318036179384547,9.087824388184792,5.900983334720269,11.664287070953224,0.038924052769075956,True,walking_dual_task,P02,5,0.0
2026-04-01T14:05:44.781216,1682.070178508921,91798,78,-4.671735465942754,7.87269593855803,5.11703826067989,10.48754185526796,1.1767452156852638,True,walking_dual_task,P02,5,0.0
2026-04-01T14:05:44.781568,1762.903981994116,91827,78,-4.628066428392341,7.883706703824627,5.102038438534794,10.469127302971732,0.018414552296228237,True,walking_dual_task,P02,5,0.0
2026-04-01T14:05:44.839923,1863.5645242767798,91827,79,-4.216966174926913,6.663426378460264,4.435435716278671,9.047493841660145,1.4216334613115862,True,walking_dual_task,P02,5,0.0
2026-04-01T14:05:44.840913,1773.3757947213305,91919,81,-3.853007905854845,6.915812237048878,4.593315855394405,9.152741631233376,0.10524778957323022,True,walking_dual_task,P02,5,0.0
2026-04-01T14:05:44.841237,1879.571248042459,91919,80,-3.745438850818689,6.813600930290916,4.527258491582018,8.997196189485075,0.1555454417483002,True,walking_dual_task,P02,5,0.0
2026-04-01T14:05:44.899960,1783.6668827998851,91961,80,-3.7785729844615843,6.850865079629702,4.554607353306215,9.05297819951996,0.05578201003488381,True,walking_dual_task,P02,5,0.0
2026-04-01T14:05:44.900355,1740.9556516829016,91961,79,-3.7319828968382245,7.650025895097515,4.828705991397882,9.786061214263754,0.7330830147437943,True,walking_dual_task,P02,5,0.0
2026-04-01T14:05:44.901056,1829.8669493928483,91951,78,-4.201034766661547,8.242816517555625,5.443017737603268,10.73401878816367,0.9479575738999166,True,walking_dual_task,P02,5,0.0
2026-04-01T14:05:44.959767,1864.7083675951694,91951,80,-4.172399549025699,8.31398150872972,5.381319139479713,10.7466181752745,0.012599387110830307,True,walking_dual_task,P02,5,0.0
2026-04-01T14:05:44.960339,1880.2612428483023,91978,79,-4.7254629892782924,8.351827095522612,5.811411700243565,11.218534763785884,0.47191658851138385,True,walking_dual_task,P02,5,0.0
2026-04-01T14:05:44.960772,1819.5277062534574,91978,78,-4.754905309968144,8.351210884039508,5.818594987574465,11.234228739254418,0.01569397546853324,True,walking_dual_task,P02,5,0.0
2026-04-01T14:05:45.019777,1800.8764339707097,91991,77,-4.909286545323309,7.931319065778863,6.2503140471870084,11.228238606110176,0.005990133144241128,True,walking_dual_task,P02,5,0.0
2026-04-01T14:05:45.020334,1871.2976857425099,91991,79,-4.972831320410749,8.039672179886896,6.23967485620477,11.32691142423474,0.09867281812456419,True,walking_dual_task,P02,5,0.0
2026-04-01T14:05:45.020806,1872.1290184215816,91857,78,-4.697384572688675,7.460490636090394,6.264619531514954,10.815257751416036,0.5116536728187047,True,walking_dual_task,P02,5,0.0
2026-04-01T14:05:45.079792,1836.1700759976904,91857,79,-4.682087609148004,7.332473889499492,5.706763011047597,10.40453082960448,0.41072692181155546,True,walking_dual_task,P02,5,0.0
2026-04-01T14:05:45.080131,1875.0147524139581,91752,80,-4.644945601113954,7.268127333540756,5.805461117991676,10.397334916524681,0.00719591307979961,True,walking_dual_task,P02,5,0.0
2026-04-01T14:05:45.080961,1802.8963997303254,91752,79,-4.614505228910128,7.377796039588926,4.8027227270240465,9.939400308976706,0.45793460754797444,True,walking_dual_task,P02,5,0.0
2026-04-01T14:05:45.199822,1786.836632894188,91739,78,-4.707269085489342,7.398277249565804,4.966564623922277,10.077680917167543,0.13828060819083632,True,walking_dual_task,P02,5,0.0
2026-04-01T14:05:45.200636,1757.1008372188796,91739,78,-4.964403409445389,7.555788352049817,4.239687170230895,9.985498792454242,0.09218212471330034,True,walking_dual_task,P02,5,0.0
2026-04-01T14:05:45.201148,1808.0634197630106,91760,80,-4.980543707506861,8.006348993643597,4.32297091905151,10.372825911841435,0.38732711938719255,True,walking_dual_task,P02,5,0.0
2026-04-01T14:05:45.201182,1845.1793983338302,91760,78,-4.980456213572218,7.9695756523271175,4.408551186149234,10.380481864266857,0.00765595242542183,True,walking_dual_task,P02,5,0.0
2026-04-01T14:05:45.201553,1877.474064199138,91765,77,-4.7565870673527275,8.462827447768618,4.715194826105581,10.792480307517172,0.4119984432503152,True,walking_dual_task,P02,5,0.0
2026-04-01T14:05:45.202155,1705.1179993774313,91765,80,-4.747727326577233,8.378174819610747,4.733399089031348,10.730321291160417,0.06215901635675536,True,walking_dual_task,P02,5,0.0
2026-04-01T14:05:45.259629,1794.1669459100822,91774,80,-4.435607511684595,9.334771761938997,5.593982864344838,11.751817822438799,1.0214965312783821,True,walking_dual_task,P02,5,0.0
2026-04-01T14:05:45.260295,1998.710774809784,91774,80,-4.424417862526489,9.325054542707838,5.520441857335178,11.705015760217403,0.0468020622213956,True,walking_dual_task,P02,5,0.0
2026-04-01T14:05:45.319694,1851.5856544423937,91728,79,-3.8840193483140073,9.628660769971486,6.4602537305693035,12.228311117427461,0.523295357210058,True,walking_dual_task,P02,5,0.0
2026-04-01T14:05:45.320205,1879.4665640954277,91728,79,-3.9178527879947196,9.321037927654265,6.321218974480681,11.924308275137049,0.3040028422904122,True,walking_dual_task,P02,5,0.0
2026-04-01T14:05:45.320683,1796.074888060712,91688,79,-3.820451464535639,9.224457251172915,6.343634399949429,11.82912331374607,0.09518496139097898,True,walking_dual_task,P02,5,0.0
2026-04-01T14:05:45.380859,1814.7835204196817,91688,79,-4.125428804195272,8.790709150570338,5.700428286447829,11.260133784167024,0.5689895295790457,True,walking_dual_task,P02,5,0.0
2026-04-01T14:05:45.380917,1859.7130083732075,91729,78,-4.124116927429463,8.858687188664826,5.8283387850551565,11.377794695418913,0.11766091125188893,True,walking_dual_task,P02,5,0.0
2026-04-01T14:05:45.381632,1812.538334959412,91729,77,-4.154224389621714,8.850861347564818,5.720249028098451,11.327690665647879,0.050104029771034675,True,walking_dual_task,P02,5,0.0
2026-04-01T14:05:45.381826,1871.4324960350607,91767,78,-4.021213579436513,8.7615846953374,5.811671146443355,11.256600132340909,0.07109053330697002,True,walking_dual_task,P02,5,0.0
2026-04-01T14:05:45.500009,1804.3881962797939,91767,79,-4.158402401619475,8.777787180601013,5.712046858235242,11.268067164886496,0.01146703254558723,True,walking_dual_task,P02,5,0.0
2026-04-01T14:05:45.500479,1881.2894367274837,91743,80,-4.035651424085966,8.791610006889345,5.762380260550823,11.25983637523875,0.008230789647745596,True,walking_dual_task,P02,5,0.0
2026-04-01T14:05:45.500874,1863.4003011290806,91743,78,-4.044218919187174,8.767773909195585,5.778335053108972,11.252498477008125,0.0073378982306255836,True,walking_dual_task,P02,5,0.0
2026-04-01T14:05:45.501282,1818.2037626213344,91764,80,-4.0552324402938815,8.921833293391144,5.751924092114825,11.363478790464013,0.11098031345588844,True,walking_dual_task,P02,5,0.0
2026-04-01T14:05:45.501689,1820.3776731006617,91764,77,-4.092447442642534,8.787559899690763,5.808831827556545,11.300967315335376,0.06251147512863753,True,walking_dual_task,P02,5,0.0
2026-04-01T14:05:45.502421,1897.37463030989,91891,79,-4.0862558624275485,8.74776324197571,5.776599257985034,11.251219831566626,0.04974748376874949,True,walking_dual_task,P02,5,0.0
2026-04-01T14:05:45.560619,1817.8004567930395,91891,78,-4.1636796979849455,8.849269843545512,5.818570798993977,11.3798757257802,0.12865589421357448,True,walking_dual_task,P02,5,0.0
2026-04-01T14:05:45.561190,1828.3891061585396,92004,78,-4.088019171251358,8.838113910357352,5.716414541177096,11.291658578063354,0.08821714771684697,True,walking_dual_task,P02,5,0.0
2026-04-01T14:05:45.561218,1889.0947609901277,92004,79,-4.075722345649997,8.786752417428543,5.764101089489296,11.27135271623902,0.02030586182433325,True,walking_dual_task,P02,5,0.0
2026-04-01T14:05:45.619983,1826.0633077251566,92000,81,-4.118904448386661,8.764022829153236,5.773078046728673,11.273947850619102,0.0025951343800816318,True,walking_dual_task,P02,5,0.0
2026-04-01T14:05:45.620518,1816.480234730998,92000,78,-3.1572680036669616,5.404469172120683,3.2848192180779696,7.068710319063609,4.205237531555493,True,walking_dual_task,P02,5,0.0
2026-04-01T14:05:45.620916,1847.5153706737308,91859,80,-3.0870800119286987,5.430400079745244,3.4087725381958873,7.116111174181111,0.047400855117502694,True,walking_dual_task,P02,5,0.0
2026-04-01T14:05:45.679994,1874.4633657434724,91859,80,-3.093106178249225,5.407088907108686,3.4847763324576677,7.137757516654544,0.021646342473432334,True,walking_dual_task,P02,5,0.0
2026-04-01T14:05:45.680518,1776.7591359505745,91859,80,-2.7424438255048815,5.377698294693698,3.5601482453741307,7.008230348229278,0.12952716842526613,True,walking_dual_task,P02,5,0.0
2026-04-01T14:05:45.681037,1850.9835191274897,91766,80,-2.6164142281635376,5.1527285148797795,3.4607439886067937,6.735947113514909,0.27228323471436866,True,walking_dual_task,P02,5,0.0
2026-04-01T14:05:45.739945,1851.072542572855,91739,77,-2.5658488469403355,5.219391304429423,3.496245790281901,6.785967913287126,0.050020799772217295,True,walking_dual_task,P02,5,0.0
2026-04-01T14:05:45.740677,1774.151525402869,91739,78,-3.0825384352963323,5.634905404885611,3.516629877246387,7.322628477577582,0.5366605642904556,True,walking_dual_task,P02,5,0.0
2026-04-01T14:05:45.740739,1802.8276200131675,91720,79,-3.0167274794503185,5.53556274444622,3.468709043220539,7.195487614435285,0.127140863142297,True,walking_dual_task,P02,5,0.0
2026-04-01T14:05:45.800494,1788.1183896617042,91720,79,-3.4136646035325353,5.727919767297808,3.936076784669874,7.743053102028234,0.5475654875929488,True,walking_dual_task,P02,5,0.0
2026-04-01T14:05:45.801270,1741.7590374999024,91686,79,-3.552880155779064,6.195036746746104,4.41066032805933,8.393769250127123,0.6507161480988897,True,walking_dual_task,P02,5,0.0
2026-04-01T14:05:45.801764,1813.7353666777146,91686,79,-3.5584099881666975,6.328553072650905,4.367207667761964,8.47262464945796,0.07885539933083585,True,walking_dual_task,P02,5,0.0
2026-04-01T14:05:45.859708,1827.6802737933954,91673,78,-3.6814858935650974,7.381462394588606,4.734442396292641,9.510744990328453,1.0381203408704938,True,walking_dual_task,P02,5,0.0
2026-04-01T14:05:45.860240,1807.9922597081659,91673,79,-3.8844607267128803,7.374661560979599,4.733418746211078,9.585401468031856,0.07465647770340311,True,walking_dual_task,P02,5,0.0
2026-04-01T14:05:45.860783,1753.395358821663,91635,80,-3.8217287757340963,7.367393735389585,4.711821753499284,9.543865334563392,0.04153613346846363,True,walking_dual_task,P02,5,0.0
2026-04-01T14:05:45.920115,1799.1450610533525,91635,79,-4.891436794405782,8.609719115770764,5.8370204764987355,11.494530230035535,1.9506648954721424,True,walking_dual_task,P02,5,0.0
2026-04-01T14:05:45.920172,1810.2600739429513,91603,79,-5.025412941764181,8.547861238157596,5.867013804799295,11.52139566058529,0.026865430549754876,True,walking_dual_task,P02,5,0.0
2026-04-01T14:05:45.920852,1810.504759032154,91603,79,-5.037348625326491,8.62798289039178,5.894082978046437,11.59987862359209,0.07848296300680069,True,walking_dual_task,P02,5,0.0
2026-04-01T14:05:45.980277,1818.713116081512,91635,78,-4.940476397324092,8.953095614096057,6.2266541532510775,11.972361924526897,0.37248330093480675,True,walking_dual_task,P02,5,0.0
2026-04-01T14:05:45.980335,1837.848404601331,91635,77,-4.872068264370033,8.912644878529429,6.342820046887791,11.975126473263659,0.002764548736761796,True,walking_dual_task,P02,5,0.0
2026-04-01T14:05:45.980782,1863.6372799586145,91593,80,-3.7362846323807766,9.036017052165404,6.607865596565677,11.801411558091896,0.17371491517176274,True,walking_dual_task,P02,5,0.0
2026-04-01T14:05:46.040385,1830.0460102893408,91593,79,-3.6819595563555905,9.058309399947616,6.582285316507325,11.78712328550633,0.01428827258556531,True,walking_dual_task,P02,5,0.0
2026-04-01T14:05:46.041167,1872.3724606616445,91527,77,-4.105935366316557,8.444819760743691,6.116684339158075,11.206583481539672,0.5805398039666585,True,walking_dual_task,P02,5,0.0
2026-04-01T14:05:46.041370,1841.1527483406082,91527,79,-5.149901632608417,6.766300882702879,5.003942281485013,9.866293773106598,1.3402897084330743,True,walking_dual_task,P02,5,0.0
2026-04-01T14:05:46.099795,1769.6155780517356,91554,78,-5.166604912915353,6.8418330570258545,5.020180485156155,9.935124458702845,0.06883068559624661,True,walking_dual_task,P02,5,0.0
2026-04-01T14:05:46.100107,1777.0771305327357,91554,78,-5.427053931485173,6.086863370500947,4.178820009129696,9.163261249964313,0.771863208738532,True,walking_dual_task,P02,5,0.0
2026-04-01T14:05:46.101075,1810.94556208034,91699,80,-5.460285772926936,6.023796421366298,4.2136757992599705,9.157287141362493,0.005974108601819239,True,walking_dual_task,P02,5,0.0
2026-04-01T14:05:46.219719,1708.9853951124974,91699,80,-5.1041841057175885,6.479983381909603,4.663686214241545,9.475908880935448,0.31862173957295425,True,walking_dual_task,P02,5,0.0
2026-04-01T14:05:46.220511,1812.473655654198,91740,78,-4.895162338423148,7.869571589570519,5.174851543576976,10.61470017574462,1.138791294809172,True,walking_dual_task,P02,5,0.0
2026-04-01T14:05:46.220618,1886.4256943699675,91740,78,-4.938415774075579,7.822309940255925,5.1610791467940125,10.593074205278521,0.02162597046609882,True,walking_dual_task,P02,5,0.0
2026-04-01T14:05:46.220999,1857.9937308400606,91591,78,-4.874413594433347,8.624885362337311,5.169511333694012,11.174632111718394,0.5815579064398726,True,walking_dual_task,P02,5,0.0
2026-04-01T14:05:46.221791,1803.317807501293,91591,80,-4.844891143638424,8.606332190073575,5.149996973540105,11.138419671886801,0.03621243983159239,True,walking_dual_task,P02,5,0.0
2026-04-01T14:05:46.222412,1710.2909840002717,91417,77,-5.094833796205964,8.466486385907109,4.779465039580194,10.976429710897902,0.16198996098889928,True,walking_dual_task,P02,5,0.0
2026-04-01T14:05:46.280179,1869.6634236422492,91417,80,-5.122502317373482,8.434607235949771,4.6527564636502,10.910122452395832,0.06630725850206964,True,walking_dual_task,P02,5,0.0
2026-04-01T14:05:46.281059,1724.8110970504122,91413,80,-4.887777601509541,7.569386641048562,4.485308765143765,10.064987765624869,0.8451346867709635,True,walking_dual_task,P02,5,0.0
2026-04-01T14:05:46.340188,1820.0366472538847,91413,78,-4.412272945170874,6.45316665436963,4.501480620005229,9.020800418146809,1.0441873474780596,True,walking_dual_task,P02,5,0.0
2026-04-01T14:05:46.340712,1735.4481774620574,91432,78,-4.3906325488020075,6.5643235227103345,4.590528785307763,9.134601908027902,0.11380148988109262,True,walking_dual_task,P02,5,0.0
2026-04-01T14:05:46.341071,1833.0769003873934,91432,80,-4.220796705729168,6.3573365011397565,4.630355948277496,8.925864015744743,0.20873789228315864,True,walking_dual_task,P02,5,0.0
2026-04-01T14:05:46.341440,1801.3775310843237,91443,81,-4.1695727469960975,6.373523199599644,4.660376986091172,8.928955623185484,0.0030916074407407734,True,walking_dual_task,P02,5,0.0
2026-04-01T14:05:46.400023,1741.8506222834328,91443,78,-4.13444164800404,6.445821267928502,4.648349583568112,8.95820146066651,0.02924583748102627,True,walking_dual_task,P02,5,0.0
2026-04-01T14:05:46.400701,1806.8924763657328,91408,78,-4.141070287609103,6.470787620043726,4.708466049892617,9.010505429420787,0.05230396875427701,True,walking_dual_task,P02,5,0.0
2026-04-01T14:05:46.400750,1830.9500485442104,91408,80,-4.126062012619888,6.489054835495706,4.648136908276805,8.985399106780964,0.025106322639823375,True,walking_dual_task,P02,5,0.0
2026-04-01T14:05:46.460410,1792.5690611601046,91410,78,-4.136187713786692,6.412841884880192,4.647807645835214,8.935026902972256,0.050372203808707994,True,walking_dual_task,P02,5,0.0
2026-04-01T14:05:46.460843,1795.5602001911432,91410,79,-4.057142152601457,6.443321580687115,4.64427431518556,8.918860877559206,0.016166025413049567,True,walking_dual_task,P02,5,0.0
2026-04-01T14:05:46.461209,1715.613897482114,91415,79,-4.1555950652566285,6.454056133783173,4.597008019381974,8.947418267560293,0.028557390001086702,True,walking_dual_task,P02,5,0.0
2026-04-01T14:05:46.520039,1862.9408185845261,91415,77,-4.0135033926940995,6.450210796207618,4.732946157491701,8.950654061486,0.0032357939257074975,True,walking_dual_task,P02,5,0.0
2026-04-01T14:05:46.520874,1852.60368122183,91421,79,-4.112995859316424,6.458412300068681,4.587713798989976,8.92608213483808,0.02457192664792096,True,walking_dual_task,P02,5,0.0
2026-04-01T14:05:46.520915,1664.0354595558586,91421,80,-4.194893463458964,6.415048730721297,4.650631935351157,8.965397859850265,0.03931572501218561,True,walking_dual_task,P02,5,0.0
2026-04-01T14:05:46.580218,1826.7355388150074,91441,77,-4.214633798788047,6.392170676739721,4.786174368114201,9.02942130484845,0.06402344499818469,True,walking_dual_task,P02,5,0.0
2026-04-01T14:05:46.580908,1793.2224994686417,91441,79,-4.237482034299614,6.357417939324394,4.591112333384209,8.913547515103525,0.11587378974492424,True,walking_dual_task,P02,5,0.0
2026-04-01T14:05:46.581422,1783.9239626597232,91475,78,-4.149075213636247,6.445571047814429,4.574931069938002,8.92693707581264,0.01338956070911479,True,walking_dual_task,P02,5,0.0
2026-04-01T14:05:46.640067,1793.245172997735,91475,79,-5.944512190253698,8.832122776625726,4.620086573772635,11.605551166171294,2.6786140903586535,True,walking_dual_task,P02,5,0.0
2026-04-01T14:05:46.640369,1796.776480760402,91540,78,-5.9534675332364015,10.25507092124002,5.665252453153221,13.141740395659973,1.536189229488679,True,walking_dual_task,P02,5,0.0
2026-04-01T14:05:46.640612,1843.2998244492142,91540,79,-6.025477064327004,10.214812557470305,5.6859870084061646,13.152156389609557,0.010415993949584035,True,walking_dual_task,P02,5,0.0
2026-04-01T14:05:46.699933,1724.290560125666,91526,79,-4.9285657727578025,10.555005444280432,6.570772099180959,13.374376489562577,0.22222009995302017,True,walking_dual_task,P02,5,0.0
2026-04-01T14:05:46.760007,1738.1545781512007,91526,78,-4.667545365400828,8.998924126301366,6.0573868237300355,11.809256974987962,1.565119514574615,True,walking_dual_task,P02,5,0.0
2026-04-01T14:05:46.760581,1741.0964583473879,91456,79,-4.711976147818144,9.191527878749945,6.028457170493345,11.959481586587154,0.15022461159919231,True,walking_dual_task,P02,5,0.0
2026-04-01T14:05:46.761193,1837.2507226783546,91456,79,-4.78260559445687,9.074358536048393,6.017113045787152,11.892138097023025,0.06734348956412894,True,walking_dual_task,P02,5,0.0
2026-04-01T14:05:46.761234,1772.221412665537,91456,80,-4.003544194036215,7.947294436517372,4.689904595659022,10.058979077952428,1.8331590190705978,True,walking_dual_task,P02,5,0.0
2026-04-01T14:05:46.761956,1839.5483380644312,91456,80,-3.9931741640177645,7.985235102340119,4.683156563705022,10.081734718985478,0.022755641033050722,True,walking_dual_task,P02,5,0.0
2026-04-01T14:05:46.819626,1778.7020886701046,91341,79,-3.59509063958107,8.583569261253324,4.71331320763488,10.431570321039962,0.3498356020544833,True,walking_dual_task,P02,5,0.0
2026-04-01T14:05:46.820265,1832.740168302444,91341,80,-3.69245053385717,9.605930461458147,5.862843841685064,11.844029250526871,1.4124589294869097,True,walking_dual_task,P02,5,0.0
2026-04-01T14:05:46.820755,1773.0797187202422,91165,80,-3.6970717135708195,9.553340141381604,5.849665049281516,11.796322660092182,0.04770659043468939,True,walking_dual_task,P02,5,0.0
2026-04-01T14:05:46.939740,1743.5444876708564,91165,79,-3.9395145335346373,8.26861996599987,5.414785685088565,10.640007279955327,1.1563153801368546,True,walking_dual_task,P02,5,0.0
2026-04-01T14:05:46.940110,1805.8098842700433,91109,78,-3.987659151027898,8.244500330912613,5.455666582723237,10.660089543387418,0.02008226343209074,True,walking_dual_task,P02,5,0.0
2026-04-01T14:05:46.940521,1759.0119277448855,91109,79,-3.969974124067751,5.656150960972597,4.004469989410632,7.986771446283481,2.6733180971039365,True,walking_dual_task,P02,5,0.0
2026-04-01T14:05:46.941243,1744.4130417883102,91237,81,-3.5719245257996004,4.526270428889368,2.991543180157273,6.495775505064236,1.4909959412192455,True,walking_dual_task,P02,5,0.0
2026-04-01T14:05:46.999665,1737.4563868485338,91237,79,-3.462638625123461,4.4642737155121015,2.9150046614681395,6.357425440505779,0.13835006455845722,True,walking_dual_task,P02,5,0.0
2026-04-01T14:05:47.000322,1816.8185914064843,91325,79,-2.920900017444754,4.3377178798303495,2.7335765035339645,5.900838399548122,0.4565870409576567,True,walking_dual_task,P02,5,0.0
2026-04-01T14:05:47.000778,1822.2847080028025,91325,80,-2.9740905138868445,4.478279133397287,2.790740643995806,6.0570976319903735,0.1562592324422516,True,walking_dual_task,P02,5,0.0
2026-04-01T14:05:47.001708,1859.594675116075,91358,78,-2.7673308181129364,4.865621092326893,2.9215666709079566,6.314106451710658,0.25700881972028444,True,walking_dual_task,P02,5,0.0
2026-04-01T14:05:47.060352,1766.3329190469187,91358,79,-2.7314173781256432,4.836021036940717,2.933576050580935,6.2812107756229585,0.0328956760876995,True,walking_dual_task,P02,5,0.0
2026-04-01T14:05:47.060820,1817.1403967414867,91370,78,-2.8267851963525117,4.838234944441343,3.0630006893312878,6.386016375392016,0.10480559976905734,True,walking_dual_task,P02,5,0.0
2026-04-01T14:05:47.061664,1717.5195801349062,91370,80,-3.223065546469715,4.594042336132874,3.1186753493288655,6.4202423971009726,0.03422602170895672,True,walking_dual_task,P02,5,0.0
2026-04-01T14:05:47.119930,1711.9882223989946,91373,80,-3.113539218221991,4.735048313427956,2.9544946920980935,6.390919173291049,0.02932322380992325,True,walking_dual_task,P02,5,0.0
2026-04-01T14:05:47.120528,1876.2371556576954,91373,81,-3.470396043650396,4.768527005920845,3.2304425506452907,6.72445221404691,0.333533040755861,True,walking_dual_task,P02,5,0.0
2026-04-01T14:05:47.121036,1819.029090936184,91371,78,-3.4985408422545046,4.878729780985128,3.3560504007290093,6.877853341924891,0.15340112787798077,True,walking_dual_task,P02,5,0.0
2026-04-01T14:05:47.240782,1805.6767406348415,91371,81,-3.7513069600566045,5.596718786749641,4.1991379693029875,7.939038025590223,1.0611846836653323,True,walking_dual_task,P02,5,0.0
2026-04-01T14:05:47.241652,1757.723973245908,91367,79,-3.8539818514252135,6.186123673008569,4.85461961637048,8.75720468120513,0.8181666556149061,True,walking_dual_task,P02,5,0.0
2026-04-01T14:05:47.241680,1821.9748181044868,91367,79,-3.8772755873618285,6.106275714932117,4.89356842210569,8.733091147408901,0.02411353379622838,True,walking_dual_task,P02,5,0.0
2026-04-01T14:05:47.242150,1728.6377729121268,91370,80,-3.682305893482038,6.45934878870714,4.983454586198438,8.950831418368196,0.21774027095929505,True,walking_dual_task,P02,5,0.0
2026-04-01T14:05:47.242456,1737.9132282284017,91370,78,-3.7618076613546436,6.394254536116394,5.058889036713743,8.979423491486193,0.02859207311799672,True,walking_dual_task,P02,5,0.0
2026-04-01T14:05:47.242926,1781.5560649298143,91371,81,-3.613845648667023,6.5421421984495804,5.130579090146408,9.065447960104995,0.08602446861880253,True,walking_dual_task,P02,5,0.0
2026-04-01T14:05:47.299655,1789.4326182519317,91371,80,-3.7888570389347302,7.342078031326103,5.612259931804677,9.987943182743226,0.922495222638231,True,walking_dual_task,P02,5,0.0
2026-04-01T14:05:47.300438,1776.3693751634503,91325,80,-3.7891562697287573,7.356193811630336,5.659558529006835,10.025063360096395,0.037120177353168415,True,walking_dual_task,P02,5,0.0
2026-04-01T14:05:47.300484,1811.6491356006102,91325,78,-4.383273691837966,8.210884991205699,5.752745892263243,10.941928801510155,0.9168654414137603,True,walking_dual_task,P02,5,0.0
2026-04-01T14:05:47.301546,1818.8332824679528,91305,80,-4.3783690953338175,8.088593264337788,5.883759666950296,10.918520263721453,0.023408537788702333,True,walking_dual_task,P02,5,0.0
2026-04-01T14:05:47.420176,1828.7731464055917,91305,80,-4.741875894408832,8.913898056027394,6.390890279758057,11.949328186937144,1.0308079232156917,True,walking_dual_task,P02,5,0.0
2026-04-01T14:05:47.420656,1816.1242241609675,91230,79,-4.280943838797349,9.247388516458651,6.689927166482911,12.18998769556862,0.24065950863147556,True,walking_dual_task,P02,5,0.0
2026-04-01T14:05:47.421339,1848.1097098379098,91230,79,-4.316609028277587,9.228043898118448,6.6820613848235215,12.183589456279227,0.006398239289392649,True,walking_dual_task,P02,5,0.0
2026-04-01T14:05:47.421912,1870.3921656612674,90983,79,-4.214059409523839,9.241025058494735,6.67813869455636,12.155343568260626,0.02824588801860095,True,walking_dual_task,P02,5,0.0
2026-04-01T14:05:47.422385,1844.722996996526,90983,81,-4.216248267975756,9.174151706506938,6.801789047821092,12.173994547488169,0.018650979227542663,True,walking_dual_task,P02,5,0.0
2026-04-01T14:05:47.479551,1780.2961043013056,90864,80,-4.283474639414342,9.277140192091341,6.780647785174272,12.263387358997152,0.08939281150898282,True,walking_dual_task,P02,5,0.0
2026-04-01T14:05:47.480180,1824.6867468263038,90864,77,-4.209357479222277,9.242273305942037,6.811826602415029,12.228625757254262,0.03476160174288978,True,walking_dual_task,P02,5,0.0
2026-04-01T14:05:47.480681,1654.4672863268502,90940,79,-4.178021915790322,9.233760167555443,6.741038329052515,12.172090687902095,0.0565350693521669,True,walking_dual_task,P02,5,0.0
2026-04-01T14:05:47.481184,1891.339759095014,90940,78,-4.131810774151392,9.18615685235318,6.777160028481566,12.14031449514703,0.031776192755065935,True,walking_dual_task,P02,5,0.0
2026-04-01T14:05:47.539908,1782.509971371031,90940,78,-4.173109001765701,9.14838650906419,6.751592083725879,12.111639448269402,0.028675046877626897,True,walking_dual_task,P02,5,0.0
2026-04-01T14:05:47.540868,1815.4436912078274,90965,78,-4.134582294154653,9.230282986294567,6.720951702409703,12.14347917774556,0.03183972947615743,True,walking_dual_task,P02,5,0.0
2026-04-01T14:05:47.541280,1832.7282920580274,90902,78,-4.266794634558957,9.235509662127035,6.751648935761751,12.210034337564974,0.06655515981941384,True,walking_dual_task,P02,5,0.0
2026-04-01T14:05:47.600314,1777.7099633802823,90902,78,-4.2452829059753014,9.183813859678514,6.793236273869081,12.186587833909865,0.023446503655108586,True,walking_dual_task,P02,5,0.0
2026-04-01T14:05:47.601077,1780.0286642603883,90834,80,-4.200143759756194,9.239154862497035,6.834562963643312,12.235785266170142,0.04919743226027684,True,walking_dual_task,P02,5,0.0
2026-04-01T14:05:47.601803,1739.8554467816343,90834,79,-4.077989858521747,7.322090957266795,5.424215556982995,9.983242543448032,2.2525427227221098,True,walking_dual_task,P02,5,0.0
2026-04-01T14:05:47.660077,1691.0255461883764,90814,79,-3.7907680002237574,7.531611381688568,4.551390169415283,9.5817662521349,0.40147629131313245,True,walking_dual_task,P02,5,0.0
2026-04-01T14:05:47.660518,1759.1783910104973,90814,80,-3.8612810079801485,7.509734093282582,4.374848995856891,9.51025241047518,0.07151384165971919,True,walking_dual_task,P02,5,0.0
2026-04-01T14:05:47.661109,1859.3912950780507,90814,79,-3.772746983850031,7.775694618976163,3.8567450718399314,9.46411798113728,0.046134429337900684,True,walking_dual_task,P02,5,0.0
2026-04-01T14:05:47.719627,1869.1419907548511,90818,79,-4.323487876882752,8.10979922281617,4.009831851196414,10.026970745484956,0.5628527643476762,True,walking_dual_task,P02,5,0.0
2026-04-01T14:05:47.720066,1839.6948197676554,90838,79,-4.2050461574578035,8.055023190323082,4.00024479745235,9.928130248064733,0.09884049742022327,True,walking_dual_task,P02,5,0.0
2026-04-01T14:05:47.720091,1808.5242475861912,90838,78,-4.706329145592479,7.9869378323462525,4.466934379801695,10.290491373975852,0.3623611259111197,True,walking_dual_task,P02,5,0.0
2026-04-01T14:05:47.779537,1821.1645126814376,90838,78,-4.62548893030651,7.906125799643295,4.440324229902637,10.179314921488274,0.11117645248757846,True,walking_dual_task,P02,5,0.0
2026-04-01T14:05:47.780549,1817.1301865956755,90852,79,-4.639494755594312,7.999796344630955,4.356397349539041,10.222516862780354,0.04320194129208055,True,walking_dual_task,P02,5,0.0
2026-04-01T14:05:47.780570,1843.7363928237648,90883,78,-5.095815145611102,6.842444888733167,4.906563663402411,9.841785967831804,0.3807308949485506,True,walking_dual_task,P02,5,0.0
2026-04-01T14:05:47.840077,1786.4335975555541,90883,78,-5.060039198078532,6.838518310094739,4.94300364590683,9.83883196355342,0.0029540042783846587,True,walking_dual_task,P02,5,0.0
2026-04-01T14:05:47.840383,1728.9748400442672,90934,79,-5.093567568048603,6.872458591944862,4.940942217191882,9.878665277349079,0.039833313795659464,True,walking_dual_task,P02,5,0.0
2026-04-01T14:05:47.960251,1820.2800054145325,90934,79,-5.272255256191872,6.774933484994771,4.734894462929511,9.803857648274313,0.07480762907476546,True,walking_dual_task,P02,5,0.0
2026-04-01T14:05:48.020041,1787.9703950614557,90981,79,-5.283249354494847,6.785250567823647,4.8096948349299,9.853198131321257,0.04934048304694372,True,walking_dual_task,P02,5,0.0
2026-04-01T14:05:48.020613,1907.251987030539,90981,81,-5.616285150590002,7.3041177479467025,4.598886783395176,10.297696568412501,0.44449843709124437,True,walking_dual_task,P02,5,0.0
2026-04-01T14:05:48.020699,1815.9873742744512,91026,80,-5.936049976091106,7.602215925679168,4.613442127404753,10.691783039428648,0.3940864710161467,True,walking_dual_task,P02,5,0.0
2026-04-01T14:05:48.021523,1780.203666909093,91026,80,-5.824477109918577,7.5937019307215765,4.532638647437893,10.589318000931772,0.1024650384968755,True,walking_dual_task,P02,5,0.0
2026-04-01T14:05:48.022187,1797.9089619054998,90993,78,-5.991825940020444,7.672011847491855,4.5256817910791245,10.735154379777798,0.14583637884602574,True,walking_dual_task,P02,5,0.0
2026-04-01T14:05:48.022700,1758.3751489186648,90993,77,-5.970937631158548,7.740834618887777,4.468473534967587,10.748947507773144,0.0137931279953456,True,walking_dual_task,P02,5,0.0
2026-04-01T14:05:48.080170,1699.347925555018,90895,79,-5.608544668225485,7.734738202499458,4.8340939108475816,10.707493277867549,0.041454229905594886,True,walking_dual_task,P02,5,0.0
2026-04-01T14:05:48.081042,1777.735301817954,90895,81,-5.741424844884806,7.77886720412993,4.750777982676847,10.772401109763589,0.06490783189603988,True,walking_dual_task,P02,5,0.0
2026-04-01T14:05:48.081075,1843.6521307510532,90830,80,-5.452589328518174,8.849106126315126,5.64738817154001,11.829218181279277,1.0568170715156882,True,walking_dual_task,P02,5,0.0
2026-04-01T14:05:48.081640,1804.8504245803138,90830,80,-5.1115870588672,9.822341817667729,6.558448337748276,12.869342082732743,1.040123901453466,True,walking_dual_task,P02,5,0.0
2026-04-01T14:05:48.081747,1916.617705536884,90830,79,-5.074032460644262,9.834647090006444,6.4834476085862525,12.82580140536749,0.0435406773652538,True,walking_dual_task,P02,5,0.0
2026-04-01T14:05:48.082577,1772.9481062539103,90713,79,-4.965680804659229,9.370660222975241,6.295660181099209,12.332988120649823,0.4928132847176663,True,walking_dual_task,P02,5,0.0
2026-04-01T14:05:48.139733,1695.6031837827666,90713,79,-4.846972400662695,9.348937051175,6.307660496743067,12.275273780319182,0.05771434033064082,True,walking_dual_task,P02,5,0.0
2026-04-01T14:05:48.139965,1882.782038491582,90633,79,-4.443434302607552,8.627274107277719,5.709155808709001,11.25914859000492,1.0161251903142627,True,walking_dual_task,P02,5,0.0
2026-04-01T14:05:48.140601,1809.8464258160016,90633,79,-4.321510565098394,8.78924498847665,5.6723951786091735,11.318230784624758,0.059082194619838546,True,walking_dual_task,P02,5,0.0
2026-04-01T14:05:48.199899,1845.169794084505,90644,81,-4.294266198318448,8.817853857826817,5.630004487332385,11.308944219837432,0.009286564787325702,True,walking_dual_task,P02,5,0.0
2026-04-01T14:05:48.200410,1789.4203724510944,90641,80,-4.820316002424507,8.80264723273646,5.782398923527151,11.582667308441549,0.2737230886041164,True,walking_dual_task,P02,5,0.0
2026-04-01T14:05:48.201346,1787.6556806659294,90641,80,-4.864532335748887,8.76076872319646,5.698906208987762,11.527891196820132,0.05477611162141649,True,walking_dual_task,P02,5,0.0
2026-04-01T14:05:48.259397,1760.2539202195164,90641,81,-5.0732906571502,7.748940571780672,5.200313883467108,10.622034765688579,0.9058564311315536,True,walking_dual_task,P02,5,0.0
2026-04-01T14:05:48.260083,1667.8105367337175,90634,78,-5.181822209811222,6.181847379661534,3.994122000923887,9.00108487893461,1.6209498867539693,True,walking_dual_task,P02,5,0.0
2026-04-01T14:05:48.260634,1670.3389618921428,90688,79,-5.17324711469746,6.329512320882571,3.934720678031581,9.072333698892429,0.07124881995781962,True,walking_dual_task,P02,5,0.0
2026-04-01T14:05:48.320061,1782.1428995460699,90688,79,-4.564721611325362,5.510918957611109,3.100503580427504,7.7987199974420225,1.2736137014504063,True,walking_dual_task,P02,5,0.0
2026-04-01T14:05:48.320735,1902.046015476598,90688,78,-4.537999409138126,5.427735103196552,3.2074774267727975,7.767989342878059,0.030730654563963178,True,walking_dual_task,P02,5,0.0
2026-04-01T14:05:48.321242,1707.9237395357056,90785,80,-3.4134431724675625,5.295850410601044,2.776743386800038,6.885341654505345,0.8826476883727139,True,walking_dual_task,P02,5,0.0
2026-04-01T14:05:48.379949,1766.9645299283718,90822,79,-3.4136771928263627,5.33634702293379,2.8150888828973732,6.932136535341004,0.04679488083565886,True,walking_dual_task,P02,5,0.0
2026-04-01T14:05:48.380625,1809.601836435197,90822,79,-3.5268363349497465,5.328201128309431,2.8121672783278595,6.981159402172219,0.049022866831214706,True,walking_dual_task,P02,5,0.0
2026-04-01T14:05:48.380939,1750.5285916274145,90828,79,-3.5280537468441673,5.2438973840695695,2.856045313456725,6.935605081591005,0.045554320581214114,True,walking_dual_task,P02,5,0.0
2026-04-01T14:05:48.440172,1793.6954259670783,90828,79,-3.4640817703378004,5.356878497655738,2.7221087032099485,6.935840651451302,0.00023556986029671378,True,walking_dual_task,P02,5,0.0
2026-04-01T14:05:48.440660,1766.8655178239217,90825,79,-3.507330514079445,5.329905698005426,2.797110051108774,6.966569221836328,0.030728570385026188,True,walking_dual_task,P02,5,0.0
2026-04-01T14:05:48.441159,1797.979345224007,90825,79,-3.4688745083932817,5.306284443376847,2.767542299663894,6.917299713720143,0.04926950811618447,True,walking_dual_task,P02,5,0.0
2026-04-01T14:05:48.499758,1763.6442134236725,90825,78,-3.46141966749327,5.428824362366889,2.8272767130279055,7.03185990218572,0.11456018846557647,True,walking_dual_task,P02,5,0.0
2026-04-01T14:05:48.500210,1745.265314279994,90823,79,-3.494979468773269,5.386743804981382,2.874626410674741,7.035294400989963,0.003434498804243624,True,walking_dual_task,P02,5,0.0
2026-04-01T14:05:48.500818,1773.9059170870337,90829,79,-3.4115867776373725,5.353465556314441,2.829624887920919,6.950201062583493,0.08509333840647049,True,walking_dual_task,P02,5,0.0
2026-04-01T14:05:48.561207,1749.612731209398,90829,79,-3.494785309286593,5.351741066842893,2.867387564459787,7.005467025784699,0.05526596320120625,True,walking_dual_task,P02,5,0.0
2026-04-01T14:05:48.561894,1697.5860369256231,90689,80,-3.4955663661440113,5.376202136059101,2.8027513782133426,6.998424745323799,0.007042280460900052,True,walking_dual_task,P02,5,0.0
2026-04-01T14:05:48.562419,1756.8445321784611,90689,79,-3.462414652548935,5.283041969002232,2.8180589022559857,6.916668536875882,0.08175620844791709,True,walking_dual_task,P02,5,0.0
2026-04-01T14:05:48.680647,1857.6058150305537,90689,78,-3.465028519710646,5.306107829781383,2.795794914642685,6.926591668953595,0.009923132077712893,True,walking_dual_task,P02,5,0.0
2026-04-01T14:05:48.681314,1798.6353515818014,90464,78,-2.7358820784862057,6.894007741838496,5.291905536802484,9.111347743465393,2.1847560745117978,True,walking_dual_task,P02,5,0.0
2026-04-01T14:05:48.681843,1748.4306382192121,90464,78,-2.693697310239606,7.732040865585534,5.555465072754922,9.894627497833186,0.7832797543677934,True,walking_dual_task,P02,5,0.0
2026-04-01T14:05:48.681880,1825.4099475647092,90348,80,-2.581006740484046,7.696973650379178,5.570348742019335,9.845495633881102,0.04913186395208413,True,walking_dual_task,P02,5,0.0
2026-04-01T14:05:48.682473,1806.6286741313513,90227,79,-3.3821364645435135,7.845808797333919,5.934687423579854,10.402695687403053,0.5572000535219512,True,walking_dual_task,P02,5,0.0
2026-04-01T14:05:48.682812,1839.9144211106006,90227,81,-4.524784632078481,8.084746796551645,6.047172353223412,11.063683844029313,0.6609881566262601,True,walking_dual_task,P02,5,0.0
2026-04-01T14:05:48.740137,1829.9602910011324,90168,81,-4.444385236311313,8.055834615409855,6.099970504872769,11.038961529052239,0.024722314977074333,True,walking_dual_task,P02,5,0.0
2026-04-01T14:05:48.740306,1765.6900090018557,90168,80,-4.548958210775176,8.044493456786588,6.179231826440406,11.117095022736612,0.07813349368437272,True,walking_dual_task,P02,5,0.0
2026-04-01T14:05:48.740869,1754.5484099173182,90168,79,-4.0677948635938925,8.266397035928007,6.454445686575673,11.249006361845277,0.13191133910866526,True,walking_dual_task,P02,5,0.0
2026-04-01T14:05:48.799365,1728.9489734102353,90188,80,-4.049468601949843,8.192027924402764,6.341506522233091,11.123049152273719,0.12595720957155798,True,walking_dual_task,P02,5,0.0
2026-04-01T14:05:48.800023,1744.2718026935183,90171,81,-5.003425709575567,8.708238365289196,6.133726770639178,11.76818968043905,0.6451405281653315,True,walking_dual_task,P02,5,0.0
2026-04-01T14:05:48.800383,1880.2963164650266,90171,78,-6.551608203861936,8.45375122009289,5.380700528703335,11.972527633199324,0.2043379527602731,True,walking_dual_task,P02,5,0.0
2026-04-01T14:05:48.860318,1743.2534345684392,90202,78,-6.461059873928959,8.350127185377126,5.38260302606786,11.850836849889712,0.12169078330961192,True,walking_dual_task,P02,5,0.0
2026-04-01T14:05:48.860977,1700.1220664980733,90202,78,-6.5607677854684345,7.957351661123139,4.567029217927512,11.279223167888077,0.5716136820016349,True,walking_dual_task,P02,5,0.0
2026-04-01T14:05:48.861460,1775.2972835952464,90518,79,-6.469254703893615,7.8863454909824515,4.584779860864926,11.183286994420806,0.09593617346727079,True,walking_dual_task,P02,5,0.0
2026-04-01T14:05:48.919905,1730.3289925659974,90518,78,-5.477239436392241,7.011154283831809,4.7925734388184615,10.105701183081347,1.0775858113394587,True,walking_dual_task,P02,5,0.0
2026-04-01T14:05:48.979617,1856.3177559491535,90654,79,-5.534835177564341,7.096178434203789,4.674707658531037,10.141155777602046,0.03545459452069899,True,walking_dual_task,P02,5,0.0
2026-04-01T14:05:48.980683,1791.366155979986,90654,81,-4.184156308249864,6.8985563563311185,5.230924893890174,9.615602896275592,0.5255528813264547,True,walking_dual_task,P02,5,0.0
2026-04-01T14:05:48.981337,1765.564927697198,90576,80,-4.20036074526961,7.834842429305732,5.754690438242418,10.589818143974425,0.974215247698833,True,walking_dual_task,P02,5,0.0
2026-04-01T14:05:49.039619,1795.7677197874357,90576,79,-4.178054987570351,7.892102118623006,5.742043143751131,10.616613339226149,0.026795195251724024,True,walking_dual_task,P02,5,0.0
2026-04-01T14:05:49.040682,1820.2944303217778,90431,81,-3.6532746062717676,7.871411616905482,5.5815143370061655,10.31788924566406,0.29872409356208784,True,walking_dual_task,P02,5,0.0
2026-04-01T14:05:49.041076,1805.6788443636447,90431,78,-3.6353820582515515,7.8454411037251495,5.604676299411435,10.304336234938262,0.013553010725798842,True,walking_dual_task,P02,5,0.0
2026-04-01T14:05:49.041726,1827.1291060981357,90391,80,-4.0354870528795255,7.137548622263022,5.199123936641613,9.708792190467712,0.5955440444705502,True,walking_dual_task,P02,5,0.0
2026-04-01T14:05:49.100297,1786.3114840628102,90391,78,-4.0198619958613575,7.1296867500071945,5.124095456329066,9.656504433001146,0.052287757466565665,True,walking_dual_task,P02,5,0.0
2026-04-01T14:05:49.159847,1766.1623076484302,90414,79,-3.8277344577254118,7.257739076570636,5.101258796831039,9.661737364195163,0.005232931194017354,True,walking_dual_task,P02,5,0.0
2026-04-01T14:05:49.160314,1712.538523302009,90414,77,-4.074170334043124,7.862238155760532,5.058969432295818,10.198373617670482,0.5366362534753186,True,walking_dual_task,P02,5,0.0
2026-04-01T14:05:49.160630,1785.6183797307426,90325,79,-4.088083134202243,7.854561733184803,5.041783952493177,10.189511723148348,0.00886189452213415,True,walking_dual_task,P02,5,0.0
2026-04-01T14:05:49.161196,1757.5727889442398,90325,78,-4.888390278570266,8.246934239001272,5.11265827767185,10.864969329099749,0.6754576059514008,True,walking_dual_task,P02,5,0.0
2026-04-01T14:05:49.161887,1882.665659591057,90146,79,-4.897734401283063,8.303155141448723,4.985199921250979,10.852760285905088,0.012209043194660651,True,walking_dual_task,P02,5,0.0
2026-04-01T14:05:49.219329,1813.5756138995673,90146,80,-5.3897134041785,8.248795853288314,4.771548363975285,10.948028014129443,0.09526772822435525,True,walking_dual_task,P02,5,0.0
2026-04-01T14:05:49.219937,1779.940828012834,90114,79,-5.6454293976448335,8.376666201118123,4.839390845675801,11.20085324812168,0.2528252339922368,True,walking_dual_task,P02,5,0.0
2026-04-01T14:05:49.220376,1799.8708478595245,90114,77,-5.769069674259959,8.295311685976543,4.7888836293553725,11.181581609480512,0.01927163864116821,True,walking_dual_task,P02,5,0.0
2026-04-01T14:05:49.220984,1793.388930905065,90114,78,-5.9503525899671175,8.230053122971691,4.790998448040024,11.229164549555163,0.04758294007465125,True,walking_dual_task,P02,5,0.0
2026-04-01T14:05:49.279868,1750.936390913943,90155,78,-5.982415452645095,8.215007123144808,4.799158798035006,11.238663703934003,0.009499154378840302,True,walking_dual_task,P02,5,0.0
2026-04-01T14:05:49.280695,1734.9787091750738,90155,77,-6.159945922252009,8.394336380706147,4.630549876262429,11.395253801213464,0.1565900972794605,True,walking_dual_task,P02,5,0.0
2026-04-01T14:05:49.280816,1833.7768001424472,90248,78,-6.4924148326230435,8.515273009154734,4.44930908442307,11.595588648621186,0.20033484740772245,True,walking_dual_task,P02,5,0.0
2026-04-01T14:05:49.339987,1865.6964480197828,90248,78,-6.331729539390187,8.39921449299349,4.47783106035105,11.43191034186075,0.1636783067604366,True,walking_dual_task,P02,5,0.0
2026-04-01T14:05:49.340511,1780.1115096124433,90373,78,-6.283614868105526,8.600042966650262,4.591168310338245,11.598421500047392,0.1665111581866423,True,walking_dual_task,P02,5,0.0
2026-04-01T14:05:49.340993,1814.19316773565,90373,80,-6.240099231992251,8.668958635195102,4.578833371690678,11.62133371388767,0.02291221384027864,True,walking_dual_task,P02,5,0.0
2026-04-01T14:05:49.400118,1724.3057866445552,90519,80,-6.2459375689636225,8.582592572246249,4.533917972409445,11.542488620618391,0.07884509326927969,True,walking_dual_task,P02,5,0.0
2026-04-01T14:05:49.400749,1785.1341733262313,90519,78,-6.264836942564823,8.504334056105739,4.508752048053831,11.484804076935507,0.05768454368288367,True,walking_dual_task,P02,5,0.0
2026-04-01T14:05:49.401586,1724.5678003503156,90569,78,-6.227468270710399,8.53242032614849,4.601522427393825,11.52204696807755,0.03724289114204282,True,walking_dual_task,P02,5,0.0
2026-04-01T14:05:49.459678,1867.213882532417,90569,79,-6.194704925171525,8.620219514226166,4.551350096881156,11.549776676965234,0.027729708887683557,True,walking_dual_task,P02,5,0.0
2026-04-01T14:05:49.460395,1850.0562809153496,90383,78,-6.231959108084489,8.589240722114047,4.527381417425148,11.537311342167463,0.012465334797770566,True,walking_dual_task,P02,5,0.0
2026-04-01T14:05:49.460507,1864.628278797098,90383,79,-6.279994560556675,8.587078743437683,4.525037372207959,11.560805172932353,0.023493830764889978,True,walking_dual_task,P02,5,0.0
2026-04-01T14:05:49.519819,1779.3712143285766,90275,80,-6.149403371658515,8.604818238935112,4.531785091774679,11.506308481459495,0.05449669147285796,True,walking_dual_task,P02,5,0.0
2026-04-01T14:05:49.520384,1671.6915557582417,90275,80,-6.289325485198574,8.607067321158338,4.3383759042102605,11.509071570546089,0.0027630890865939506,True,walking_dual_task,P02,5,0.0
2026-04-01T14:05:49.520818,1767.0635581102506,90283,80,-6.179006702971996,8.685852616224466,4.521834947058217,11.57890974118821,0.06983817064212161,True,walking_dual_task,P02,5,0.0
2026-04-01T14:05:49.579731,1858.045361799593,90283,78,-6.250617467200954,8.60177188033808,4.506840541941197,11.54869299415035,0.03021674703786026,True,walking_dual_task,P02,5,0.0
2026-04-01T14:05:49.580364,1884.6945666708298,90217,79,-6.2228945323777,8.642885472847233,4.572086490021407,11.58998966911042,0.04129667496006917,True,walking_dual_task,P02,5,0.0
2026-04-01T14:05:49.581102,1797.1547925390983,90217,78,-6.321394513671597,8.532461542128146,4.501887710620007,11.533859784322187,0.05612988478823233,True,walking_dual_task,P02,5,0.0
2026-04-01T14:05:49.699560,1802.0034075342598,90207,78,-3.7297610206079734,5.576505024085193,4.499351846683199,8.07791387641299,3.4559459079091965,True,walking_dual_task,P02,5,0.0
2026-04-01T14:05:49.699949,1836.650918527556,90207,79,-3.7195710121579717,4.464725106990961,3.4344027325150006,6.750118585964829,1.3277952904481616,True,walking_dual_task,P02,5,0.0
2026-04-01T14:05:49.700517,1795.937676930938,90368,80,-3.703126017514852,4.596777520036149,3.483211628040982,6.853923629281625,0.10380504331679585,True,walking_dual_task,P02,5,0.0
2026-04-01T14:05:49.701255,1767.6003400397437,90368,79,-3.2500039849467526,4.132691729991185,2.8359328052333836,5.973623834248872,0.8802997950327534,True,walking_dual_task,P02,5,0.0
2026-04-01T14:05:49.701755,1822.3027688748953,90492,79,-3.051665373276604,4.298445270585412,3.0731952731475607,6.101952349991767,0.12832851574289528,True,walking_dual_task,P02,5,0.0
2026-04-01T14:05:49.702455,1756.0274101111795,90492,80,-3.0216705646301834,4.280393204498055,2.9447850771818427,6.010325959301916,0.0916263906898509,True,walking_dual_task,P02,5,0.0
2026-04-01T14:05:49.760336,1742.442250845852,90447,80,-3.086210024783695,4.332151348125945,3.0049655704312346,6.109177170423357,0.09885121112144102,True,walking_dual_task,P02,5,0.0
2026-04-01T14:05:49.760929,1683.2906620598635,90447,77,-2.8719405049564437,4.254286888019011,3.1822293110520032,6.039336269632488,0.06984090079086869,True,walking_dual_task,P02,5,0.0
2026-04-01T14:05:49.761385,1835.7415606119062,90332,78,-3.007653368453852,4.35375925167317,3.2261518794310815,6.19752001654357,0.1581837469110816,True,walking_dual_task,P02,5,0.0
2026-04-01T14:05:49.819597,1732.4318261031947,90332,79,-2.417412691420263,4.193049501468938,3.288460398981043,5.851454523285234,0.3460654932583358,True,walking_dual_task,P02,5,0.0
2026-04-01T14:05:49.820129,1779.4422427166846,90255,78,-2.744560275585952,4.2928723287398185,3.751391270116494,6.327266423874588,0.4758119005893535,True,walking_dual_task,P02,5,0.0
2026-04-01T14:05:49.820509,1731.5843864493688,90255,78,-2.609823817998278,4.3568725871836955,3.787875048146228,6.335733302650345,0.008466878775757358,True,walking_dual_task,P02,5,0.0
2026-04-01T14:05:49.879433,1808.6179210306007,90208,79,-2.5498788419535003,5.233589434355197,4.369526933640697,7.279086900143998,0.9433535974936529,True,walking_dual_task,P02,5,0.0
2026-04-01T14:05:49.940072,1787.9848978097084,90208,79,-2.522000495146525,5.175464406002683,4.478906922575956,7.294280330260062,0.015193430116063666,True,walking_dual_task,P02,5,0.0
2026-04-01T14:05:49.940356,1692.7991584392505,90152,80,-1.9647287600816983,6.292968420250216,5.062686175959573,8.31218394618471,1.0179036159246486,True,walking_dual_task,P02,5,0.0
2026-04-01T14:05:49.940657,1706.8610755220839,90152,78,-1.9735790069289516,6.338177444636351,5.004729518186771,8.313532640610587,0.0013486944258769284,True,walking_dual_task,P02,5,0.0
2026-04-01T14:05:49.941118,1781.8268980458438,90032,79,-1.6979475867478648,7.41700322720909,5.088461452366517,9.153545915763624,0.8400132751530371,True,walking_dual_task,P02,5,0.0
2026-04-01T14:05:49.941948,1840.8727306119488,89919,80,-1.9212268448824137,7.5429083387094495,5.232197565901478,9.378830959362405,0.225285043598781,True,walking_dual_task,P02,5,0.0
2026-04-01T14:05:49.999595,1756.581133256985,89919,79,-1.8908503892211137,7.5075751608453,5.272882694075379,9.367085560388492,0.011745398973912913,True,walking_dual_task,P02,5,0.0
2026-04-01T14:05:49.999829,1746.6079495160905,89846,78,-2.591160702374051,7.744240218595472,5.966281194352218,10.113549408537052,0.7464638481485597,True,walking_dual_task,P02,5,0.0
2026-04-01T14:05:50.060087,1825.8620613282783,89846,79,-2.6145953891844598,7.722788884220523,5.8644155735343695,10.04335338512477,0.07019602341228293,True,walking_dual_task,P02,5,0.0
2026-04-01T14:05:50.060708,1787.0235120312532,89846,78,-3.805632226270059,8.898201640797513,6.856222040465899,11.860379831611091,1.817026446486322,True,walking_dual_task,P02,5,0.0
2026-04-01T14:05:50.061341,1829.3183969757483,89770,79,-3.754476738082942,8.921454288532624,6.904743113056297,11.889655994034538,0.02927616242344655,True,walking_dual_task,P02,5,0.0
2026-04-01T14:05:50.061892,1833.281198661513,89770,81,-4.485690344156612,10.03361148265024,7.471469470504114,13.289756705715332,1.4001007116807944,True,walking_dual_task,P02,5,0.0
2026-04-01T14:05:50.123432,1804.0172551649355,89729,80,-4.401234425732005,10.738739984720464,6.8480133001984855,13.47541046088682,0.1856537551714883,True,walking_dual_task,P02,5,0.0
2026-04-01T14:05:50.124141,1763.2057199254277,89729,79,-4.552246585426558,10.712047591757576,6.806812347990773,13.483456786869112,0.008046325982292046,True,walking_dual_task,P02,5,0.0
2026-04-01T14:05:50.179718,1811.554374608929,89727,80,-5.755551922966058,9.97643157318181,5.867758238708561,12.926180859800366,0.557275927068746,True,walking_dual_task,P02,5,0.0
2026-04-01T14:05:50.181541,1763.5412609768891,89726,80,-5.722265898179075,9.824581828699397,5.868075310974304,12.794570839756203,0.1316100200441639,True,walking_dual_task,P02,5,0.0
2026-04-01T14:05:50.182088,1842.6921460327192,89726,80,-5.928018614996974,8.459044458259715,4.213400915493971,11.155697428724503,1.6388734110316996,True,walking_dual_task,P02,5,0.0
2026-04-01T14:05:50.239815,1652.7418960808582,89875,79,-5.795394534614637,7.884635506461768,3.537551165234091,10.405207500489738,0.7504899282347655,True,walking_dual_task,P02,5,0.0
2026-04-01T14:05:50.240282,1819.3984846223732,89875,80,-5.721775577833957,7.700625261631783,3.5472916604792277,10.228471210678757,0.17673628981098055,True,walking_dual_task,P02,5,0.0
2026-04-01T14:05:50.240687,1834.053618612397,90028,79,-4.698683668841966,8.25121874742294,4.699035566749987,10.594393531262059,0.36592232058330154,True,walking_dual_task,P02,5,0.0
2026-04-01T14:05:50.299608,1856.873167988944,90028,79,-4.847806161545059,8.221467570102083,4.670867302518024,10.625947249252016,0.031553717989957875,True,walking_dual_task,P02,5,0.0
2026-04-01T14:05:50.300177,1748.6002317138834,89962,81,-3.80573426074747,9.159078469644848,6.141372310483942,11.665709816917177,1.0397625676651607,True,walking_dual_task,P02,5,0.0
2026-04-01T14:05:50.300572,1835.9988904353015,89962,79,-3.9623554192492154,9.170852194943642,6.142166403102361,11.727361108678952,0.061651291761775084,True,walking_dual_task,P02,5,0.0
2026-04-01T14:05:50.419692,1854.9258639038735,89760,79,-4.362134101364956,8.923162125979749,6.703451161309512,11.982791566111477,0.25543045743252435,True,walking_dual_task,P02,5,0.0
2026-04-01T14:05:50.420654,1728.532724605885,89760,79,-4.029038406486737,7.167428366589619,5.995284245324867,10.17588389543529,1.8069076706761873,True,walking_dual_task,P02,5,0.0
2026-04-01T14:05:50.421186,1760.7811513192414,89760,80,-3.9371324537681778,7.184175009295419,5.968687431538605,10.136005730962586,0.03987816447270376,True,walking_dual_task,P02,5,0.0
2026-04-01T14:05:50.422101,1739.2412324719412,89584,80,-3.4927081102941573,6.03305429735163,4.76352134108193,8.443215599844088,1.6927901311184979,True,walking_dual_task,P02,5,0.0
2026-04-01T14:05:50.422549,1770.8041005628643,89584,80,-3.4367712663564514,6.073350981384637,4.866094699277303,8.507400690144653,0.0641850903005654,True,walking_dual_task,P02,5,0.0
2026-04-01T14:05:50.422952,1777.5827201954332,89610,79,-3.4083535736327804,6.0262721085994,4.903883628272157,8.484156071726527,0.02324461841812564,True,walking_dual_task,P02,5,0.0
2026-04-01T14:05:50.479453,1723.613813780576,89610,80,-3.390400121685457,6.0033289290325555,4.80857040801304,8.405778999242285,0.0783770724842423,True,walking_dual_task,P02,5,0.0
2026-04-01T14:05:50.480903,1805.8958801860094,89599,81,-3.4886993076817934,6.090444091417854,4.833927961073823,8.522405272160988,0.11662627291870287,True,walking_dual_task,P02,5,0.0
2026-04-01T14:05:50.481266,1697.9269031441468,89599,78,-3.4653078327462588,6.007937459551456,4.809249341051535,8.43993780296862,0.08246746919236791,True,walking_dual_task,P02,5,0.0
2026-04-01T14:05:50.481807,1736.9485344348448,89544,79,-3.45538145554693,6.0976568350589035,4.840492575843749,8.517713792930392,0.07777598996177204,True,walking_dual_task,P02,5,0.0
2026-04-01T14:05:50.540030,1760.739543627675,89544,80,-3.392353900758709,6.15734325218564,4.840466671415763,8.535283153493834,0.01756936056344216,True,walking_dual_task,P02,5,0.0
2026-04-01T14:05:50.540721,1780.2029199712188,89538,81,-3.3897854500717286,6.180984397713551,4.817652173467478,8.538441660327267,0.0031585068334329947,True,walking_dual_task,P02,5,0.0
2026-04-01T14:05:50.541044,1863.6683955832987,89538,78,-3.4102954064801803,6.141961433662282,4.832051803486677,8.526577838947668,0.01186382137959896,True,walking_dual_task,P02,5,0.0
2026-04-01T14:05:50.600328,1685.3833939769672,89642,78,-3.487636294572092,5.964609425256146,4.821512458614914,8.425387522698871,0.10119031624879682,True,walking_dual_task,P02,5,0.0
2026-04-01T14:05:50.601353,1665.4460425408183,89642,79,-3.4577185660262857,6.094481814634428,4.839663195526055,8.515918395386494,0.09053087268762283,True,walking_dual_task,P02,5,0.0
2026-04-01T14:05:50.601732,1797.9706146809579,89765,78,-3.4191888130854675,6.141036059236732,4.847733353610245,8.538366043223952,0.022447647837458007,True,walking_dual_task,P02,5,0.0
2026-04-01T14:05:50.660364,1813.128778593596,89898,79,-5.597323911870869,7.401190615122451,5.2555005336668525,10.664330422260491,2.125964379036539,True,walking_dual_task,P02,5,0.0
2026-04-01T14:05:50.662003,1853.133624049675,89898,79,-5.725834282842553,8.137688745334831,5.144269959251336,11.201369102220497,0.5370386799600055,True,walking_dual_task,P02,5,0.0
2026-04-01T14:05:50.719750,1786.705111495477,89898,78,-5.781548833925808,8.154834692141257,5.192275205990984,11.264428862129149,0.06305975990865242,True,walking_dual_task,P02,5,0.0
2026-04-01T14:05:50.721272,1802.833617767508,90030,81,-5.710859191354813,8.25298748898684,5.012089966929777,11.218144277617986,0.04628458451116302,True,walking_dual_task,P02,5,0.0
2026-04-01T14:05:50.722691,1712.3269241002497,90030,78,-5.533170265351834,8.128621571276671,5.00060727635302,11.031615247402026,0.18652903021595968,True,walking_dual_task,P02,5,0.0
2026-04-01T14:05:50.723607,1809.5531641681805,90125,81,-5.513085661907473,8.155425966036358,5.032676692715653,11.055899823010028,0.0242845756080019,True,walking_dual_task,P02,5,0.0
2026-04-01T14:05:50.779753,1856.1889522501226,90187,81,-4.728451615281801,8.43909733577324,5.211561697539158,10.988038671572525,0.06786115143750315,True,walking_dual_task,P02,5,0.0
2026-04-01T14:05:50.780695,1744.0039145055312,90187,78,-4.77881576414771,8.453358372131381,5.23152529306949,11.030195137320835,0.04215646574830956,True,walking_dual_task,P02,5,0.0
2026-04-01T14:05:50.840050,1823.7211533211105,90187,78,-4.552019989052072,9.326520266088421,5.8492752246137165,11.912971371902456,0.8827762345816215,True,walking_dual_task,P02,5,0.0
2026-04-01T14:05:50.840618,1755.5526774304387,90197,80,-4.528082405629263,10.033287676595409,6.704604941257197,12.888837003074444,0.9758656311719882,True,walking_dual_task,P02,5,0.0
2026-04-01T14:05:50.840959,1826.4046945379382,90107,77,-4.5572874240616805,9.994313431964219,6.716073406995267,12.874813072429447,0.014023930644997407,True,walking_dual_task,P02,5,0.0
2026-04-01T14:05:50.899448,1779.8318873889862,90107,80,-4.0456735176383996,9.284069884700905,6.313488789108541,11.934050801196138,0.940762271233309,True,walking_dual_task,P02,5,0.0
2026-04-01T14:05:50.960348,1881.391528612016,90081,78,-4.007635250431277,9.255398891455862,6.265056380015403,11.873267468781854,0.060783332414283464,True,walking_dual_task,P02,5,0.0
2026-04-01T14:05:50.960914,1749.6744114912003,90081,79,-3.7350512523860937,8.447803275627368,5.358332564636073,10.678376089784946,1.1948913789969087,True,walking_dual_task,P02,5,0.0
2026-04-01T14:05:50.961604,1788.059945564961,90072,79,-3.6660262760631586,8.346585587069418,5.3851067724752895,10.58794666448692,0.09042942529802644,True,walking_dual_task,P02,5,0.0
2026-04-01T14:05:50.962040,1755.8429963226513,90072,82,-3.4132485219301305,8.558047386616883,5.394104264137728,10.67646015102511,0.08851348653819002,True,walking_dual_task,P02,5,0.0
2026-04-01T14:05:50.962644,1711.3854713767787,90072,78,-3.7395070299277124,7.955436957442499,5.455094378029392,10.345576092414024,0.33088405861108505,True,walking_dual_task,P02,5,0.0
2026-04-01T14:05:50.963138,1752.6353256586915,89887,79,-3.7850177091369486,7.952127455491281,5.379563230688877,10.319999548441768,0.025576543972256616,True,walking_dual_task,P02,5,0.0
2026-04-01T14:05:51.019717,1828.1067304708147,89887,80,-4.0715004165793145,6.302869072477476,4.215835708494621,8.606773199522394,1.713226348919374,True,walking_dual_task,P02,5,0.0
2026-04-01T14:05:51.020681,1748.0180446887166,89923,79,-4.049922277141554,6.410739018263235,4.227777492515524,8.681794039102225,0.07502083957983174,True,walking_dual_task,P02,5,0.0
2026-04-01T14:05:51.020936,1710.128103604018,89923,79,-4.3305937926384885,5.439973824445262,3.036548111061903,7.58735673593131,1.0944373031709151,True,walking_dual_task,P02,5,0.0
2026-04-01T14:05:51.140161,1684.5429540666228,90221,79,-3.929869243388508,4.766205107728172,2.4956561773153223,6.662498266749283,0.924858469182027,True,walking_dual_task,P02,5,0.0
2026-04-01T14:05:51.140432,1764.2516345398317,90221,79,-3.907258482229691,4.81893352677113,2.4898715047920206,6.684927022247138,0.022428755497855057,True,walking_dual_task,P02,5,0.0
2026-04-01T14:05:51.141131,1795.056455575279,90462,77,-2.947308447853928,4.856387324142767,2.4840380809701164,6.200126621013104,0.48480040123403434,True,walking_dual_task,P02,5,0.0
2026-04-01T14:05:51.141413,1778.6844732807124,90462,79,-2.9124733734681123,4.786773821139235,2.4740385932536033,6.125077283333893,0.07504933767921074,True,walking_dual_task,P02,5,0.0
2026-04-01T14:05:51.141798,1708.3031031575779,90582,79,-2.7896917024244656,5.649482433521876,2.8902924606804508,6.932014286591916,0.8069370032580228,True,walking_dual_task,P02,5,0.0
2026-04-01T14:05:51.142437,1723.4475346768215,90582,78,-2.3853459807819526,5.893627043573808,3.327222906802888,7.176010552412184,0.24399626582026812,True,walking_dual_task,P02,5,0.0
2026-04-01T14:05:51.200186,1636.372966853529,90703,78,-2.389234994712322,5.892096679825759,3.3274762291024387,7.176165076112276,0.0001545237000915023,True,walking_dual_task,P02,5,0.0
2026-04-01T14:05:51.200760,1758.2561915982449,90703,78,-2.323349678950257,5.376484749501731,3.5219353288824484,6.834366865565038,0.34179821054723813,True,walking_dual_task,P02,5,0.0
2026-04-01T14:05:51.201234,1769.069698888735,90790,80,-2.353650834528727,5.324871937474004,3.3268147450176166,6.705343372940908,0.12902349262412915,True,walking_dual_task,P02,5,0.0
2026-04-01T14:05:51.260059,1872.6265554377107,90790,79,-2.831694734850925,5.032438561731354,3.386467668405827,6.694183760410315,0.011159612530593499,True,walking_dual_task,P02,5,0.0
2026-04-01T14:05:51.260612,1716.9081510127653,90863,78,-2.6599786674356167,5.139762293404404,3.777102097159475,6.910799027339802,0.2166152669294874,True,walking_dual_task,P02,5,0.0
2026-04-01T14:05:51.261121,1775.1659460017477,90863,79,-2.724811196751445,5.092582424083976,3.747184354596089,6.8847935620003,0.026005465339502543,True,walking_dual_task,P02,5,0.0
2026-04-01T14:05:51.319784,1723.5107268106726,90928,80,-2.150279610600089,5.767037609918022,4.023968790899374,7.353553564645029,0.4687600026447294,True,walking_dual_task,P02,5,0.0
2026-04-01T14:05:51.320181,1779.6735298474994,90928,79,-2.154232732284457,5.696281123761359,4.144102055954165,7.3662690119170415,0.012715447272012348,True,walking_dual_task,P02,5,0.0
2026-04-01T14:05:51.440080,1836.044394273386,90962,79,-1.8344726123493154,6.691332567016979,4.9620945245355195,8.53004122840606,1.1637722164890176,True,walking_dual_task,P02,5,0.0
2026-04-01T14:05:51.440735,1757.7742486277994,90962,79,-1.8508956249222182,7.3757852487565385,5.458957266462562,9.360995517956152,0.8309542895500925,True,walking_dual_task,P02,5,0.0
2026-04-01T14:05:51.441245,1751.9207174485236,90906,79,-1.8790375896344056,7.322833721761553,5.4736052014693675,9.333543265093903,0.027452252862248727,True,walking_dual_task,P02,5,0.0
2026-04-01T14:05:51.441679,1798.8953046313736,90906,80,-1.8077879194352122,7.362653808114349,5.434789646601238,9.328113783750744,0.005429481343158571,True,walking_dual_task,P02,5,0.0
2026-04-01T14:05:51.442184,1868.345562493124,90795,79,-1.7957620897340074,7.346440319246047,5.503605470660375,9.353321336501415,0.025207552750670104,True,walking_dual_task,P02,5,0.0
2026-04-01T14:05:51.442785,1759.314317004577,90795,80,-1.7680302570592517,7.346618477435469,5.49274288945699,9.341785615852762,0.011535720648652159,True,walking_dual_task,P02,5,0.0
2026-04-01T14:05:51.499667,1800.4381325728061,90675,79,-1.7667551359799414,7.331495482147066,5.4719146600405075,9.31740842520175,0.024377190651012626,True,walking_dual_task,P02,5,0.0
2026-04-01T14:05:51.499714,1746.7100994467598,90675,79,-1.8746651913949306,7.393336526327181,5.469611487088177,9.385757528885902,0.06834910368415237,True,walking_dual_task,P02,5,0.0
2026-04-01T14:05:51.500440,1751.5694020769906,90586,80,-1.8340824252835883,7.401735171895918,5.426028510737656,9.359023843166185,0.02673368571971757,True,walking_dual_task,P02,5,0.0
2026-04-01T14:05:51.501579,1664.2904957222954,90586,79,-1.8055351313587689,7.33903928254322,5.379444303469208,9.276846216005229,0.08217762716095578,True,walking_dual_task,P02,5,0.0
2026-04-01T14:05:51.560788,1723.9264831992962,90466,79,-1.8415761312120562,7.251528573237048,5.5174391341188285,9.29613919292462,0.01929297691939169,True,walking_dual_task,P02,5,0.0
2026-04-01T14:05:51.560961,1772.3717314516405,90466,80,-1.7968697191780678,7.366541827342002,5.366704866224118,9.2895748235768,0.0065643693478207865,True,walking_dual_task,P02,5,0.0
2026-04-01T14:05:51.561354,1810.4647163758557,90213,79,-1.818688931994976,7.282926339832087,5.459053504562161,9.281697617809655,0.007877205767144346,True,walking_dual_task,P02,5,0.0
2026-04-01T14:05:51.623305,1703.3841394016981,90213,78,-1.869449912102831,7.353365906153785,5.475184544871895,9.356520663368954,0.07482304555929886,True,walking_dual_task,P02,5,0.0
2026-04-01T14:05:51.624159,1767.599356051351,90162,80,-5.841289279501644,7.76436358515014,4.137055156359458,10.560361153672101,1.203840490303147,True,walking_dual_task,P02,5,0.0
2026-04-01T14:05:51.624704,1828.5102351327298,90162,79,-5.696705729998255,9.006885610360225,4.930112736309067,11.74233606081115,1.1819749071390486,True,walking_dual_task,P02,5,0.0
2026-04-01T14:05:51.679923,1713.994261626354,90200,77,-5.814643386207935,8.952028736918352,4.942306284620165,11.763302581604355,0.02096652079320549,True,walking_dual_task,P02,5,0.0
2026-04-01T14:05:51.680767,1730.0650545703818,90200,79,-5.702891831416994,8.905327489448268,4.9366530929595465,11.670406021017124,0.09289656058723139,True,walking_dual_task,P02,5,0.0
2026-04-01T14:05:51.681236,1734.2225954602955,90167,80,-5.155903983431584,9.891901844025325,6.077055973750527,12.70290034938062,1.0324943283634962,True,walking_dual_task,P02,5,0.0
2026-04-01T14:05:51.740958,1823.429397035766,90167,79,-4.91714321733771,8.462611142671346,5.772774222892377,11.363054474936137,1.3398458744444834,True,walking_dual_task,P02,5,0.0
2026-04-01T14:05:51.741459,1722.5276768274086,90042,78,-4.846475242380675,8.595995230146046,5.990183479351074,11.54390550844873,0.18085103351259413,True,walking_dual_task,P02,5,0.0
2026-04-01T14:05:51.741968,1836.9529802697216,90042,80,-4.56909097193158,7.108062564097694,5.245868592635908,9.94586763515972,1.5980378732890106,True,walking_dual_task,P02,5,0.0
2026-04-01T14:05:51.800093,1846.014345653888,90056,79,-4.457765082687959,7.096939511531832,5.293274072317824,9.912465403089474,0.033402232070246285,True,walking_dual_task,P02,5,0.0
2026-04-01T14:05:51.800655,1808.7307129013186,90056,80,-4.089004764345024,6.430698249964971,4.573279788484262,8.887560293393092,1.0249051096963822,True,walking_dual_task,P02,5,0.0
2026-04-01T14:05:51.801580,1649.5435042371153,90120,80,-3.9912400672307897,6.491242347467604,4.6510395452207485,8.92739566385586,0.03983537046276808,True,walking_dual_task,P02,5,0.0
2026-04-01T14:05:51.860247,1744.4006938346115,90120,79,-3.6795718968762245,7.380432109960254,4.428904801379752,9.360834643005841,0.4334389791499813,True,walking_dual_task,P02,5,0.0
2026-04-01T14:05:51.860774,1736.6225934634801,90107,79,-3.570046784953686,8.45578540879551,5.080864362043583,10.490982965949462,1.1301483229436204,True,walking_dual_task,P02,5,0.0
2026-04-01T14:05:51.861211,1700.91376758666,90107,79,-3.55682954430784,8.410116113146868,5.117885236664768,10.467752325095626,0.023230640853835638,True,walking_dual_task,P02,5,0.0
2026-04-01T14:05:51.919951,1737.2438535407332,90029,79,-3.395399431616214,8.669712123896659,5.506477933590433,10.817298407854837,0.3495460827592112,True,walking_dual_task,P02,5,0.0
2026-04-01T14:05:51.920720,1816.8263487216582,90029,78,-3.4706056762126694,8.70399340241488,5.419852795405009,10.824943844330134,0.007645436475296918,True,walking_dual_task,P02,5,0.0
2026-04-01T14:05:51.921125,1732.3531226411458,89969,78,-3.91954612724595,8.339899769097762,5.405469609337155,10.683439132586154,0.1415047117439805,True,walking_dual_task,P02,5,0.0
2026-04-01T14:05:51.980028,1751.51005688791,89969,79,-4.009393336237884,8.44157892078808,5.330579894579335,10.758743960753774,0.07530482816762074,True,walking_dual_task,P02,5,0.0
2026-04-01T14:05:51.980454,1718.000634559428,90019,80,-4.563737378732296,7.756691943136557,5.377315950376917,10.483772965537547,0.27497099521622737,True,walking_dual_task,P02,5,0.0
2026-04-01T14:05:51.980803,1768.9701517484648,90019,79,-4.839659560872543,7.783206931257152,5.509445491084928,10.693671232048908,0.20989826651136134,True,walking_dual_task,P02,5,0.0
2026-04-01T14:05:52.039769,1795.584631675254,90102,78,-4.7523408543133145,7.810919316927453,5.536043458206524,10.688450839213187,0.005220392835720844,True,walking_dual_task,P02,5,0.0
2026-04-01T14:05:52.160257,1873.4228975416436,90102,78,-5.124445418405791,8.429584148321645,5.740563393025402,11.413671531509875,0.7252206922966877,True,walking_dual_task,P02,5,0.0
2026-04-01T14:05:52.160538,1858.8759062938816,90128,80,-5.142744093581712,8.462021800100995,5.6868796956808545,11.419029312100097,0.00535778059022185,True,walking_dual_task,P02,5,0.0
2026-04-01T14:05:52.219856,1713.2303390065367,90128,78,-4.933595238131276,8.313209489757003,5.757669456419732,11.251691942267447,0.16733736983264969,True,walking_dual_task,P02,5,0.0
2026-04-01T14:05:52.279988,1751.6744169563337,90143,78,-4.611430450341816,7.898960803040464,5.500815379606026,10.673230176793695,0.5784617654737527,True,walking_dual_task,P02,5,0.0
2026-04-01T14:05:52.281019,1752.2484080458669,90143,80,-4.763866976316587,7.881456422252592,5.340605153097287,10.645837088045058,0.027393088748636885,True,walking_dual_task,P02,5,0.0
2026-04-01T14:05:52.281636,1839.2440403209257,90184,79,-4.538475161357326,7.677337806249585,4.9795412903377025,10.214455641085562,0.4313814469594952,True,walking_dual_task,P02,5,0.0
2026-04-01T14:05:52.282163,1764.947652388985,90246,78,-4.489764392164612,7.655597923477982,5.020255426638827,10.196525310702969,0.01793033038259395,True,walking_dual_task,P02,5,0.0
2026-04-01T14:05:52.282684,1768.7376193043165,90246,79,-4.2821307006478,8.33583307345178,5.103635735787363,10.67098187091932,0.4744565602163515,True,walking_dual_task,P02,5,0.0
2026-04-01T14:05:52.282844,1749.6023575794393,90246,80,-4.416230515771855,8.376518567336928,5.13084455849412,10.770084547523458,0.0991026766041383,True,walking_dual_task,P02,5,0.0
2026-04-01T14:05:52.283364,1732.679924793466,90196,78,-4.533526969385667,9.454028297842111,5.852063205018229,12.007421105053108,1.23733655752965,True,walking_dual_task,P02,5,0.0
2026-04-01T14:05:52.283809,1807.9388442786617,90003,78,-4.099143554999662,9.58474814859695,6.164998953918644,12.111052268830562,0.10363116377745385,True,walking_dual_task,P02,5,0.0
2026-04-01T14:05:52.284845,1752.6943880989486,90003,77,-3.9783960759327823,9.752846957483538,6.101692819948363,12.17276938014118,0.06171711131061741,True,walking_dual_task,P02,5,0.0
2026-04-01T14:05:52.285385,1788.6359101389862,89918,80,-3.470954949530471,9.048776494941848,5.7533250001702285,11.270697976375105,0.9020714037660742,True,walking_dual_task,P02,5,0.0
2026-04-01T14:05:52.286028,1787.2493029949735,89918,81,-3.4839968880183925,8.943553505479507,5.875909355388323,11.253963496201534,0.016734480173571598,True,walking_dual_task,P02,5,0.0
2026-04-01T14:05:52.340113,1714.7618282520114,89973,79,-3.154061069631709,7.875162064589141,4.853790935415852,9.773718085725376,1.480245410476158,True,walking_dual_task,P02,5,0.0
2026-04-01T14:05:52.340864,1687.8940348666615,89973,79,-3.1427582772456524,8.129471558242408,4.547396693701234,9.830770778293695,0.057052692568319685,True,walking_dual_task,P02,5,0.0
2026-04-01T14:05:52.341355,1766.1578183424317,89973,78,-3.1725056224546524,8.097283125115503,4.6307742685400015,9.852657319675684,0.021886541381988422,True,walking_dual_task,P02,5,0.0
2026-04-01T14:05:52.406149,1790.2573243929246,90055,79,-3.2978690397128534,8.253006649236763,5.004160114921816,10.19949397819407,0.3468366585183862,True,walking_dual_task,P02,5,0.0
2026-04-01T14:05:52.407092,1814.8753283997864,90055,78,-3.2368858893333647,8.290981047627438,4.999266938978199,10.208352801497568,0.008858823303498298,True,walking_dual_task,P02,5,0.0
2026-04-01T14:05:52.407778,1786.7421503490496,90075,79,-3.2788920111843547,8.337215864332505,4.999010743830466,10.259162227317521,0.050809425819952736,True,walking_dual_task,P02,5,0.0
2026-04-01T14:05:52.465901,1917.9081044550742,90075,79,-3.2170568195048546,8.146086835834945,5.016265485741328,10.093121654885854,0.16604057243166714,True,walking_dual_task,P02,5,0.0
2026-04-01T14:05:52.467125,1728.649031727308,90181,80,-3.2776189468388304,8.225858869622353,5.107628775060401,10.222299731833665,0.12917807694781125,True,walking_dual_task,P02,5,0.0
2026-04-01T14:05:52.467767,1779.8929930127756,90181,79,-3.2282945660839304,8.161447473442758,5.089787779767892,10.14578978247858,0.07650994935508493,True,walking_dual_task,P02,5,0.0
2026-04-01T14:05:52.530015,1775.8418531924108,90377,79,-3.219644081097427,8.247198135038694,5.013826782273914,10.174519354258392,0.02872957177981128,True,walking_dual_task,P02,5,0.0
2026-04-01T14:05:52.530646,1843.5442817630665,90377,79,-3.2738435671516073,8.28928453655951,5.035890345928855,10.236722200316077,0.062202846057685335,True,walking_dual_task,P02,5,0.0
2026-04-01T14:05:52.580080,1782.2465113943008,90552,78,-3.289536801723733,8.180517266188422,5.02612573256655,10.149081485132994,0.08764071518308292,True,walking_dual_task,P02,5,0.0
2026-04-01T14:05:52.580412,1802.9391947424892,90552,79,-3.2128703609616305,8.305495164162307,5.1128031168480375,10.268619264045201,0.11953777891220696,True,walking_dual_task,P02,5,0.0
2026-04-01T14:05:52.580711,1799.7552860864448,90724,79,-3.249102767584725,8.25170672460482,5.040503630016584,10.200686717443363,0.06793254660183834,True,walking_dual_task,P02,5,0.0
2026-04-01T14:05:52.581058,1688.919597959606,90724,79,-3.2853950514596346,8.337639300305112,5.070579748752262,10.296641624073565,0.09595490663020279,True,walking_dual_task,P02,5,0.0
2026-04-01T14:05:52.642032,1760.4673480444294,90885,80,-3.280374240905416,8.230540623211564,5.113348734356468,10.229808863799777,0.0668327602737886,True,walking_dual_task,P02,5,0.0
2026-04-01T14:05:52.642258,1782.591243258522,90965,78,-3.087718922749485,5.840353879258677,3.5910902303946406,7.519286576777943,2.710522287021834,True,walking_dual_task,P02,5,0.0
2026-04-01T14:05:52.699863,1752.9709859226407,90965,79,-3.188991988573886,5.426319706366596,3.6040685440049143,7.25285637033966,0.2664302064382831,True,walking_dual_task,P02,5,0.0
2026-04-01T14:05:52.700061,1775.7695694933952,91026,80,-3.2839587982655725,5.448082671163417,3.6795117089715346,7.3487955881896445,0.09593921784998471,True,walking_dual_task,P02,5,0.0
2026-04-01T14:05:52.700555,1800.3404528407427,91026,79,-3.4008521573084067,4.791023820354901,3.802751951957583,6.998616081140223,0.3501795070494218,True,walking_dual_task,P02,5,0.0
2026-04-01T14:05:52.760362,1708.2053329734642,91063,78,-3.143434739430797,4.917350439385364,3.7015225737547675,6.9110626294948245,0.08755345164539818,True,walking_dual_task,P02,5,0.0
2026-04-01T14:05:52.760871,1737.7181458994428,91063,79,-3.2561925757756724,4.954364451766137,3.7650515325253546,7.02311399978899,0.11205137029416523,True,walking_dual_task,P02,5,0.0
2026-04-01T14:05:52.761058,1832.7052937893213,91063,79,-2.839286289681673,6.123690720294927,4.098482824577989,7.896752252411195,0.8736382526222055,True,walking_dual_task,P02,5,0.0
2026-04-01T14:05:52.761584,1740.9351670821536,91077,80,-2.9556714465786764,6.2239879382745,4.001007791553736,7.967564427350472,0.0708121749392765,True,walking_dual_task,P02,5,0.0
2026-04-01T14:05:52.819709,1805.5558692832751,91077,79,-3.0221116500715928,7.268403200108487,4.63984705648168,9.137342316690749,1.1697778893402768,True,walking_dual_task,P02,5,0.0
2026-04-01T14:05:52.820247,1685.4478840890729,91074,80,-3.1306596656531696,7.9069011873270405,5.119575269920586,9.926236309532621,0.7888939928418726,True,walking_dual_task,P02,5,0.0
2026-04-01T14:05:52.820565,1729.2146256206129,91074,78,-3.1404096993095094,7.947432630591594,5.14183522702648,9.973080166087092,0.046843856554470875,True,walking_dual_task,P02,5,0.0
2026-04-01T14:05:52.879570,1780.8083169101235,91080,79,-3.4608012372103643,8.641898316086788,5.558117332385757,10.842150155279507,0.8690699891924147,True,walking_dual_task,P02,5,0.0
2026-04-01T14:05:52.880103,1798.88934175939,91080,77,-3.394848346606038,8.668324645070207,5.647811980492376,10.888646730231379,0.046496574951872205,True,walking_dual_task,P02,5,0.0
2026-04-01T14:05:52.881434,1821.3639977104026,90938,80,-4.068830941992708,8.976237850246799,6.516820603616194,11.815125135115458,0.9264784048840795,True,walking_dual_task,P02,5,0.0
2026-04-01T14:05:52.940765,1796.7056995161954,90938,78,-3.877745973342037,9.604647304414343,7.095094830128141,12.554940634048222,0.7398154989327637,True,walking_dual_task,P02,5,0.0
2026-04-01T14:05:52.941306,1820.6208134138265,90822,78,-3.9874965086551755,9.64000456782691,7.042457749037006,12.586740150699555,0.03179951665133274,True,walking_dual_task,P02,5,0.0
2026-04-01T14:05:52.941558,1749.0464946900422,90822,80,-4.041986714631935,9.52409682497132,7.039693352331417,12.514126394900643,0.07261375579891194,True,walking_dual_task,P02,5,0.0
2026-04-01T14:05:52.999403,1791.3812755177617,90699,81,-4.081484145225128,9.541562803264563,6.989293405927401,12.51200047436485,0.002125920535792858,True,walking_dual_task,P02,5,0.0
2026-04-01T14:05:52.999854,1835.9964538682536,90699,78,-5.1530154261315815,8.170774878558131,6.277246454380838,11.520371224360067,0.9916292500047827,True,walking_dual_task,P02,5,0.0
2026-04-01T14:05:53.000564,1795.8356588583872,90575,78,-5.5210177501888875,7.5080775736112155,5.213311864907484,10.678552638351773,0.8418185860082943,True,walking_dual_task,P02,5,0.0
2026-04-01T14:05:53.060131,1732.711125528897,90575,80,-5.487505540300442,7.48604788759471,5.159856749331808,10.619686987092146,0.05886565125962662,True,walking_dual_task,P02,5,0.0
2026-04-01T14:05:53.060835,1845.2240692409082,90614,79,-5.477289392663878,7.595773472321937,5.545335913968248,10.883346182703367,0.2636591956112202,True,walking_dual_task,P02,5,0.0
2026-04-01T14:05:53.060959,1694.6658165931012,90614,81,-5.5365009870601165,7.633433677587639,5.606224076220721,10.970501414367698,0.08715523166433137,True,walking_dual_task,P02,5,0.0
2026-04-01T14:05:53.180061,1785.8164911054275,90675,78,-5.096492034357474,8.361782965572074,6.6450624258153335,11.834293390928892,0.8637919765611937,True,walking_dual_task,P02,5,0.0
2026-04-01T14:05:53.180123,1785.3623093749857,90675,80,-4.708908283733346,7.989494729900063,6.25422379673707,11.185756950845375,0.6485364400835163,True,walking_dual_task,P02,5,0.0
2026-04-01T14:05:53.180421,1806.7493544768095,90617,78,-4.729439802656483,7.957502156633608,6.252409757933311,11.170589474189784,0.015167476655591372,True,walking_dual_task,P02,5,0.0
2026-04-01T14:05:53.180771,1691.3651440294088,90617,78,-4.718189938673149,8.020820847329134,6.365184749355128,11.274327485742521,0.10373801155273732,True,walking_dual_task,P02,5,0.0
2026-04-01T14:05:53.181700,1765.4013278395564,90515,79,-4.972948521623101,6.682036931459982,5.429533631111172,9.942820022683494,1.3315074630590278,True,walking_dual_task,P02,5,0.0
2026-04-01T14:05:53.182266,1721.4301844355687,90515,79,-5.000909837756578,6.862368910467692,5.416430321895628,10.071689217836024,0.12886919515253048,True,walking_dual_task,P02,5,0.0
2026-04-01T14:05:53.239920,1841.4773673737795,90565,78,-4.714180736834275,6.463978774465957,4.378213813384106,9.120048125530543,0.951641092305481,True,walking_dual_task,P02,5,0.0
2026-04-01T14:05:53.240384,1714.8318921419698,90565,79,-4.649489489394462,7.04374853218372,4.190118823079822,9.422804340967593,0.30275621543705,True,walking_dual_task,P02,5,0.0
2026-04-01T14:05:53.240784,1824.7646377987708,90605,79,-4.692490274366966,7.062601334802385,4.315959987098422,9.514584236823781,0.09177989585618818,True,walking_dual_task,P02,5,0.0
2026-04-01T14:05:53.299690,1791.5766367966876,90605,79,-4.780256150981221,7.971761136040937,4.144427073864344,10.177234410667086,0.6626501738433053,True,walking_dual_task,P02,5,0.0
2026-04-01T14:05:53.300464,1768.2492385233836,90665,81,-4.739679161416335,8.121375559242278,4.1538868397024915,10.27988693539358,0.10265252472649422,True,walking_dual_task,P02,5,0.0
2026-04-01T14:05:53.359748,1708.3697760447956,90665,77,-4.647762505234856,8.784243791745048,4.610164344024568,10.955284139482366,0.6753972040887852,True,walking_dual_task,P02,5,0.0
2026-04-01T14:05:53.360397,1742.2148793611734,90675,81,-4.53800528392727,8.331729459938686,4.734200791037642,10.603012066409406,0.35227207307296027,True,walking_dual_task,P02,5,0.0
2026-04-01T14:05:53.360755,1787.7375517693563,90675,81,-4.7831248305111576,8.368631728903388,4.748739354442471,10.745362051354602,0.1423499849451968,True,walking_dual_task,P02,5,0.0
2026-04-01T14:05:53.361235,1750.4236464176934,90720,80,-4.659195885602597,7.6313947706808305,4.579514454439443,10.045807338626929,0.6995547127276733,True,walking_dual_task,P02,5,0.0
2026-04-01T14:05:53.419432,1736.3726275340248,90720,78,-4.73431388096377,7.689455696343852,4.553587190082358,10.11319005691099,0.06738271828406006,True,walking_dual_task,P02,5,0.0
2026-04-01T14:05:53.479658,1796.329977860256,90794,79,-4.758998012108337,7.586757964068664,4.569693647280413,10.054305471518427,0.05888458539256192,True,walking_dual_task,P02,5,0.0
2026-04-01T14:05:53.480715,1691.3541834407642,90794,79,-4.791296436552931,7.5587859410185105,4.519690669221591,10.025934878629155,0.028370592889272572,True,walking_dual_task,P02,5,0.0
2026-04-01T14:05:53.481210,1712.4999961551207,90863,79,-4.744449234324664,7.506817610236799,4.583266984505778,9.993420106335263,0.03251477229389188,True,walking_dual_task,P02,5,0.0
2026-04-01T14:05:53.481494,1827.5091784026233,90863,78,-4.764422310934856,7.625489765527618,4.56807471320992,10.085391450338859,0.0919713440035963,True,walking_dual_task,P02,5,0.0
2026-04-01T14:05:53.482064,1778.4640063828485,90909,78,-4.862909238427779,7.578796663873676,4.486945904547976,10.060751894558818,0.024639555780041178,True,walking_dual_task,P02,5,0.0
2026-04-01T14:05:53.540104,1684.795493413052,90909,80,-4.7903662792799455,7.588590716980471,4.527753436931854,10.051610286175682,0.009141608383135491,True,walking_dual_task,P02,5,0.0
2026-04-01T14:05:53.540630,1706.6784694076064,90894,79,-4.6646388859456875,7.667010480007581,4.573209468682982,10.072544389640305,0.02093410346462221,True,walking_dual_task,P02,5,0.0
2026-04-01T14:05:53.599714,1760.2488625783458,90894,79,-4.78887244557373,7.549079559496383,4.535297182920324,10.024511062041203,0.04803332759910184,True,walking_dual_task,P02,5,0.0
2026-04-01T14:05:53.600170,1739.4755800827918,90730,79,-4.70172940947479,7.634784358999819,4.609372546069035,10.081790858612539,0.057279796571336306,True,walking_dual_task,P02,5,0.0
2026-04-01T14:05:53.600877,1811.202861737579,90730,80,-4.786816228910934,7.560862643877175,4.5183789738642055,10.024769427792371,0.05702143082016775,True,walking_dual_task,P02,5,0.0
2026-04-01T14:05:53.659713,1804.259351253113,90640,80,-4.776426035441832,7.624270942630569,4.559666748287549,10.086342941528736,0.06157351373636466,True,walking_dual_task,P02,5,0.0
2026-04-01T14:05:53.660204,1813.2366243847034,90640,79,-4.856315856376688,9.566508717847297,7.104632310288056,12.867699600547605,2.7813566590188685,True,walking_dual_task,P02,5,0.0
2026-04-01T14:05:53.660550,1816.2753420400045,90527,78,-3.6051562106436417,10.492147923954992,7.785662801255593,13.553555423435968,0.6858558228883638,True,walking_dual_task,P02,5,0.0
2026-04-01T14:05:53.719498,1759.3189601115803,90527,79,-3.5796679823170123,10.4572260338889,7.695797942538248,13.468218336507812,0.08533708692815622,True,walking_dual_task,P02,5,0.0
2026-04-01T14:05:53.719872,1873.2302893940396,90283,79,-3.3151618876003823,8.098017682084471,5.8874369627376,10.546568290707638,2.921650045800174,True,walking_dual_task,P02,5,0.0
2026-04-01T14:05:53.720168,1771.2724142027093,90283,77,-3.4010011841151258,6.987198480027989,4.413469473961776,8.936803928208919,1.6097643624987192,True,walking_dual_task,P02,5,0.0
2026-04-01T14:05:53.779545,1798.5780164463797,90297,79,-3.3654919752596246,6.995366453024551,4.45546007638776,8.950576101007321,0.013772172798402593,True,walking_dual_task,P02,5,0.0
2026-04-01T14:05:53.780228,1792.9985125494452,90297,80,-3.754938298132828,7.8481198508302805,4.659284967422753,9.869218977377724,0.9186428763704022,True,walking_dual_task,P02,5,0.0
2026-04-01T14:05:53.780248,1771.8057961120583,90397,79,-3.878861850083593,7.823136519764918,4.596945747929401,9.868077040047856,0.0011419373298675595,True,walking_dual_task,P02,5,0.0
2026-04-01T14:05:53.780891,1737.2622396862876,90397,77,-3.692607473678929,7.671173576435338,4.880643319351249,9.81340579030528,0.05467124974257587,True,walking_dual_task,P02,5,0.0
2026-04-01T14:05:53.899896,1815.2436721328643,90397,78,-3.6053151449960508,7.729459299646813,4.873581074794857,9.823168065966962,0.009762275661682196,True,walking_dual_task,P02,5,0.0
2026-04-01T14:05:53.900209,1836.3836943273154,90397,78,-3.840914620223641,6.492080702886625,4.592310293597992,8.831140968489105,0.9920270974778571,True,walking_dual_task,P02,5,0.0
2026-04-01T14:05:53.900548,1777.38204558167,90450,78,-3.991614439780234,5.723819261629747,4.084457824175319,8.08565943464927,0.7454815338398362,True,walking_dual_task,P02,5,0.0
2026-04-01T14:05:53.901551,1750.2857373052425,90450,80,-4.016419878411374,5.728698572298487,3.992839074680052,8.05558066487107,0.0300787697781999,True,walking_dual_task,P02,5,0.0
2026-04-01T14:05:53.901611,1871.795601194896,90597,79,-4.347235419066845,6.0339751275876115,3.731328705982293,8.320464262360767,0.2648835974896979,True,walking_dual_task,P02,5,0.0
2026-04-01T14:05:53.902050,1864.224169844288,90597,78,-4.4207027618802295,6.006601921802948,3.631377380050466,8.295105860219298,0.025358402141469227,True,walking_dual_task,P02,5,0.0
2026-04-01T14:05:53.961521,1736.6917721924308,90792,80,-4.374231131904719,6.508213776315455,3.6712429663227595,8.658450754685912,0.3633448944666142,True,walking_dual_task,P02,5,0.0
2026-04-01T14:05:53.961898,1854.7512243848369,90792,78,-4.634253249392435,6.71816861174004,3.641873085878652,8.937188162331637,0.27873740764572474,True,walking_dual_task,P02,5,0.0
2026-04-01T14:05:53.961919,1790.191829581908,90959,78,-4.664392634383082,6.759061333671379,3.6203473755228424,8.974875145620345,0.03768698328870812,True,walking_dual_task,P02,5,0.0
2026-04-01T14:05:54.019652,1730.5942409294196,90959,79,-4.706460143255118,6.34977152984525,3.432740318081565,8.617080227818759,0.357794917801586,True,walking_dual_task,P02,5,0.0
2026-04-01T14:05:54.020088,1812.5855987522234,91171,79,-4.821768257127214,6.406229539596388,3.367285703017318,8.696426797552071,0.07934656973331222,True,walking_dual_task,P02,5,0.0
2026-04-01T14:05:54.020583,1806.741345171587,91171,78,-4.613267363327407,5.524700324947352,3.218346316285847,7.884307354331505,0.8121194432205661,True,walking_dual_task,P02,5,0.0
2026-04-01T14:05:54.079545,1711.814179678044,91401,80,-4.263066011277514,5.254643677372514,3.362819409846784,7.556028479029363,0.32827887530214195,True,walking_dual_task,P02,5,0.0
2026-04-01T14:05:54.080149,1746.372346297623,91401,80,-4.184962998490746,5.295231352129344,3.2389953863958754,7.4862862277903846,0.0697422512389787,True,walking_dual_task,P02,5,0.0
2026-04-01T14:05:54.080384,1829.5552117553518,91588,77,-4.194790136356172,5.691055679467553,3.684508807864844,7.972451579665099,0.4861653518747149,True,walking_dual_task,P02,5,0.0
2026-04-01T14:05:54.139624,1670.3096721520108,91588,80,-4.134603281108125,5.752107507206154,3.7002371071084035,7.99208606781918,0.019634488154080643,True,walking_dual_task,P02,5,0.0
2026-04-01T14:05:54.140144,1793.066921931086,91741,80,-3.938453860998433,6.135297199943457,4.145769752484785,8.386936114426128,0.39485004660694756,True,walking_dual_task,P02,5,0.0
2026-04-01T14:05:54.140426,1762.7161854782973,91741,77,-3.4487465219250004,6.058661291391638,4.2675558922087395,8.173938004990172,0.2129981094359561,True,walking_dual_task,P02,5,0.0
2026-04-01T14:05:54.200792,1774.5123358643043,91830,75,-3.513634027530627,5.977619246703368,4.3144325939600945,8.166509936674593,0.0074280683155780736,True,walking_dual_task,P02,5,0.0
2026-04-01T14:05:54.201445,1732.5669745190996,91830,74,-3.2882207087550612,6.165511046046293,4.591252584290234,8.360952229331073,0.19444229265647905,True,walking_dual_task,P02,5,0.0
2026-04-01T14:05:54.201913,1723.6094535896452,91727,76,-3.2872455755154144,6.30294109803084,4.517457574324451,8.422616748660314,0.06166451932924133,True,walking_dual_task,P02,5,0.0
2026-04-01T14:05:54.259623,1800.4399888035557,91727,76,-3.4180520556889995,7.55392459002314,5.287298522121781,9.83363524995651,1.411018501296196,True,walking_dual_task,P02,5,0.0
2026-04-01T14:05:54.259942,1793.1053357171015,91616,75,-3.5587832640591572,8.07427409984602,5.646637504849073,10.475846298565093,0.6422110486085835,True,walking_dual_task,P02,5,0.0
2026-04-01T14:05:54.260405,1877.1184862290852,91616,74,-3.6637155016775367,8.016893386780687,5.774310519627437,10.537364605503612,0.06151830693851856,True,walking_dual_task,P02,5,0.0
2026-04-01T14:05:54.320378,1780.7309341866687,91561,76,-3.853953810378594,7.3682437594897925,5.794237226142344,10.134947513658158,0.4024170918454537,True,walking_dual_task,P02,5,0.0
2026-04-01T14:05:54.320899,1762.6459359626904,91561,74,-3.8832571428549443,7.445009562755802,5.760018168937924,10.182615711768477,0.04766819811031908,True,walking_dual_task,P02,5,0.0
2026-04-01T14:05:54.321182,1747.254800581485,91581,74,-3.3362032289070607,8.535241402434721,6.281381695362134,11.110191437830233,0.9275757260617556,True,walking_dual_task,P02,5,0.0
2026-04-01T14:05:54.399406,1770.3257656063872,91581,76,-3.3063342217364835,8.546020131602003,6.202154619129683,11.06494591017797,0.04524552765226275,True,walking_dual_task,P02,5,0.0
2026-04-01T14:05:54.400077,1695.4464051056198,91575,75,-3.344016203845977,8.474268049965781,6.336494734282019,11.097154088857154,0.03220817867918413,True,walking_dual_task,P02,5,0.0
2026-04-01T14:05:54.400100,1736.698650830045,91575,76,-3.3114401642246816,8.535456540501507,6.369857069527209,11.153238695654105,0.05608460679695071,True,walking_dual_task,P02,5,0.0
