timestamp,gsr_filtered,ppg_ir,hr_bpm_avg,imu_ax_mps2,imu_ay_mps2,imu_az_mps2,svm,jerk,hr_valid_flag,label,patient_id,day,progression
2026-04-03T17:49:56.110857,1233.5480895523933,91331,87,-4.7883708061129955,1.364058469054039,8.610681185536494,9.946505967563958,,True,hand_fine_motor,P10,4,0.34
2026-04-03T17:49:56.171370,1218.858367993269,91331,88,-4.879694503261531,1.4245403886636787,8.438205075073164,9.851093271971664,0.09541269559229448,True,hand_fine_motor,P10,4,0.34
2026-04-03T17:49:56.171945,1193.1423599597845,91464,89,-4.578211339277353,1.4016707241585695,8.521024093008796,9.774075479537045,0.07701779243461893,True,hand_fine_motor,P10,4,0.34
2026-04-03T17:49:56.172191,1197.0909903304923,91464,88,-4.857713044916622,1.4834424391665522,8.422441733236536,9.835420796632851,0.061345317095806706,True,hand_fine_motor,P10,4,0.34
2026-04-03T17:49:56.216655,1167.635699173314,91611,87,-4.533321572023506,1.6208273056316949,8.50262707551198,9.771015956147261,0.06440484048559014,True,hand_fine_motor,P10,4,0.34
2026-04-03T17:49:56.261784,1176.9893456765521,91611,90,-4.639957310461266,1.4736063871596037,8.674300882805793,9.947070696070572,0.17605473992331078,True,hand_fine_motor,P10,4,0.34
2026-04-03T17:49:56.263107,1287.3167595362222,91753,88,-4.898498676714541,1.4662549354899062,8.600375320661055,10.005580866589323,0.05851017051875118,True,hand_fine_motor,P10,4,0.34
2026-04-03T17:49:56.263536,1281.4667506851695,91753,86,-4.664297240746859,1.4289396125930494,8.51417864067352,9.812684397848408,0.1928964687409156,True,hand_fine_motor,P10,4,0.34
2026-04-03T17:49:56.305502,1238.3067651332024,91872,87,-4.775673776306815,1.522608856831615,8.504318634015982,9.871617556281146,0.05893315843273861,True,hand_fine_motor,P10,4,0.34
2026-04-03T17:49:56.306341,1064.7059215206634,91872,88,-4.791266876015199,1.4677736427163552,8.394513430178407,9.776423347671628,0.09519420860951833,True,hand_fine_motor,P10,4,0.34
2026-04-03T17:49:56.319991,1226.6225048054687,91995,87,-4.875362635010349,1.5299563589388274,8.583210775836315,9.989065747383238,0.21264239971161025,True,hand_fine_motor,P10,4,0.34
2026-04-03T17:49:56.366182,1190.212407936996,91995,87,-4.8535039636914,1.4690478162646643,8.61398737992003,9.995768144242925,0.006702396859687099,True,hand_fine_motor,P10,4,0.34
2026-04-03T17:49:56.366819,1288.0985931076723,91996,88,-4.711216303040356,1.6687130007271225,8.441670166938998,9.810298534714263,0.18546960952866165,True,hand_fine_motor,P10,4,0.34
2026-04-03T17:49:56.466243,1148.7597007088243,91996,88,-4.6479941359923185,1.5369889101850747,8.457035256065481,9.771777203793864,0.03852133092039978,True,hand_fine_motor,P10,4,0.34
2026-04-03T17:49:56.475062,1208.8412928194264,91665,87,-4.708558839592775,1.5146739134677814,8.718546124193225,10.023862026670747,0.25208482287688305,True,hand_fine_motor,P10,4,0.34
2026-04-03T17:49:56.476050,1169.166044585126,91665,87,-4.685645502634284,1.3369926335659874,8.442797444200538,9.748007579108961,0.2758544475617857,True,hand_fine_motor,P10,4,0.34
2026-04-03T17:49:56.476763,1242.1851228679418,91203,87,-4.823777508045991,1.427450556009466,8.489742154004434,9.868240287835617,0.1202327087266557,True,hand_fine_motor,P10,4,0.34
2026-04-03T17:49:56.477831,1270.75446758034,91203,87,-4.837981358331933,1.618181691959858,8.554577926389431,9.960189712572278,0.09194942473666146,True,hand_fine_motor,P10,4,0.34
2026-04-03T17:49:56.477861,1252.4212581662193,90951,86,-4.882685257980712,1.6087975639389693,8.627026857251947,10.042630996207345,0.08244128363506675,True,hand_fine_motor,P10,4,0.34
2026-04-03T17:49:56.521127,1185.1872241889196,90951,88,-4.535496430934691,1.6710725652829368,8.44500356146572,9.730431467649895,0.3121995285574499,True,hand_fine_motor,P10,4,0.34
2026-04-03T17:49:56.521165,1196.4902956831884,90931,88,-4.59597307701089,1.5678082971633942,8.49828676306423,9.787842933380983,0.057411465731087574,True,hand_fine_motor,P10,4,0.34
2026-04-03T17:49:56.576074,1241.755285576136,90931,86,-4.615875854583428,1.55846217223368,8.511688391629848,9.807341817404751,0.019498884023768426,True,hand_fine_motor,P10,4,0.34
2026-04-03T17:49:56.577021,1198.3580881548412,90978,86,-4.681533561795011,1.5085610812517063,8.655745573757962,9.955623760654627,0.14828194324987543,True,hand_fine_motor,P10,4,0.34
2026-04-03T17:49:56.577044,1174.9212864934943,90978,86,-4.61634305845604,1.537379850622554,8.747916669200416,10.01000529918591,0.054381538531282914,True,hand_fine_motor,P10,4,0.34
2026-04-03T17:49:56.606123,1168.9666962891492,91112,86,-4.626388039769316,1.3630663920634523,8.62197953114361,9.879268561950973,0.13073673723493684,True,hand_fine_motor,P10,4,0.34
2026-04-03T17:49:56.620290,1178.034122101767,91112,86,-4.5773840344527565,1.4525149246175348,8.340594824065919,9.624331988472493,0.25493657347847964,True,hand_fine_motor,P10,4,0.34
2026-04-03T17:49:56.681660,1248.5040836624958,91230,86,-4.480507189151275,1.579518848206416,8.57376619710786,9.802004451465269,0.17767246299277595,True,hand_fine_motor,P10,4,0.34
2026-04-03T17:49:56.682520,1368.8039822429262,91230,85,-4.751933818903784,1.3249882467134912,8.423884857898129,9.762085072990082,0.03991937847518656,True,hand_fine_motor,P10,4,0.34
2026-04-03T17:49:56.682682,1206.0378743686765,91301,87,-4.655912590295897,1.550030694868089,8.494186570289978,9.809756505357496,0.04767143236741411,True,hand_fine_motor,P10,4,0.34
2026-04-03T17:49:56.695045,1082.9426749295267,91301,86,-4.757388799977464,1.6567358827087122,8.502601357810553,9.882901994305492,0.07314548894799522,True,hand_fine_motor,P10,4,0.34
2026-04-03T17:49:56.726157,1227.5427795321448,91389,85,-4.683373432143578,1.46042175800237,8.637214988958565,9.933191892923722,0.050289898618229856,True,hand_fine_motor,P10,4,0.34
2026-04-03T17:49:56.740310,1204.3832030013118,91389,86,-4.6307525502026765,1.3327701552611886,8.440879600729025,9.719495557999236,0.21369633492448514,True,hand_fine_motor,P10,4,0.34
2026-04-03T17:49:56.758760,1221.0285899453418,91532,84,-4.515496372020424,1.317303427105924,8.438715655776093,9.661103338844645,0.05839221915459092,True,hand_fine_motor,P10,4,0.34
2026-04-03T17:49:56.785267,1108.3817557088605,91532,87,-4.743900230633327,1.303664935313238,8.300180149201429,9.64868499698097,0.012418341863675408,True,hand_fine_motor,P10,4,0.34
2026-04-03T17:49:56.800232,1188.7033179326481,91733,86,-4.6804520660790745,1.4525788002986892,8.481209405977772,9.795280991476808,0.14659599449583816,True,hand_fine_motor,P10,4,0.34
2026-04-03T17:49:56.817454,1215.383519067826,91733,86,-4.659732492684301,1.4521789610631528,8.776233402618622,10.042121457917702,0.24684046644089364,True,hand_fine_motor,P10,4,0.34
2026-04-03T17:49:56.876728,1114.471766038176,91891,84,-4.6377131224016175,1.4734757558413247,8.660315466668534,9.933809832635541,0.10831162528216076,True,hand_fine_motor,P10,4,0.34
2026-04-03T17:49:56.876760,1240.7863509741178,91891,88,-4.505503557356865,1.5355677716460578,8.398879235478221,9.653947539676224,0.27986229295931686,True,hand_fine_motor,P10,4,0.34
2026-04-03T17:49:56.876774,1277.5860568635544,92050,87,-4.589316442171315,1.6469562473033754,8.50057426739742,9.799696585224195,0.14574904554797108,True,hand_fine_motor,P10,4,0.34
2026-04-03T17:49:56.920347,1253.391649518174,92050,86,-4.635174891846126,1.6369021009889586,8.332035046614315,9.674042732189683,0.12565385303451215,True,hand_fine_motor,P10,4,0.34
2026-04-03T17:49:56.921129,1212.6674455185916,92186,86,-4.512561404856775,1.593620170525172,8.677070110665596,9.909307815680865,0.23526508349118203,True,hand_fine_motor,P10,4,0.34
2026-04-03T17:49:56.935045,1173.7959212011267,92186,85,-4.56801314499782,1.484075502706072,8.602080160969583,9.852157493988393,0.057150321692471806,True,hand_fine_motor,P10,4,0.34
2026-04-03T17:49:56.980823,1222.5133640942227,92298,87,-4.633588978145715,1.2146580149004929,8.376513218397305,9.64943079199702,0.20272670199137366,True,hand_fine_motor,P10,4,0.34
2026-04-03T17:49:56.981080,1261.5611876624935,92298,85,-4.572081788478096,1.2896328437528186,8.575888977477433,9.80372156409177,0.1542907720947504,True,hand_fine_motor,P10,4,0.34
2026-04-03T17:49:57.047689,1183.01608598992,92421,85,-4.747337601776715,1.4803982535236904,8.457450655122813,9.811078680660774,0.007357116569004063,True,hand_fine_motor,P10,4,0.34
2026-04-03T17:49:57.048244,1241.2175357974052,92421,87,-4.83966334876421,1.2090235839864867,8.481370139025762,9.839599523921947,0.028520843261173212,True,hand_fine_motor,P10,4,0.34
2026-04-03T17:49:57.048278,1211.0867200446517,92483,86,-4.586890126094943,1.541064689908064,8.477315731867426,9.76111281694437,0.07848670697757676,True,hand_fine_motor,P10,4,0.34
2026-04-03T17:49:57.055104,1139.15837415122,92483,86,-4.576097864890986,1.6478467289288738,8.461875904840477,9.76009294730441,0.0010198696399612572,True,hand_fine_motor,P10,4,0.34
2026-04-03T17:49:57.085224,1236.9847895970424,92238,84,-4.643204591879577,1.6681540466906224,8.49894055029284,9.827211063315668,0.06711811601125817,True,hand_fine_motor,P10,4,0.34
2026-04-03T17:49:57.100110,1249.705487094727,92238,85,-4.418054657691708,1.626951671007139,8.633241797728,9.833567136913343,0.00635607359767576,True,hand_fine_motor,P10,4,0.34
2026-04-03T17:49:57.115107,1286.6224927143796,91825,86,-4.703552769846819,1.356225481848359,8.353858401987452,9.682443204935666,0.15112393197767737,True,hand_fine_motor,P10,4,0.34
2026-04-03T17:49:57.167441,1172.664842187358,91825,87,-4.557700696757146,1.7289238651829175,8.50787603405558,9.805394840784174,0.12295163584850854,True,hand_fine_motor,P10,4,0.34
2026-04-03T17:49:57.168465,1224.2615444159162,91382,87,-4.688536679720711,1.7682510047198523,8.593543122670363,9.947767147152891,0.142372306368717,True,hand_fine_motor,P10,4,0.34
2026-04-03T17:49:57.225459,1226.672656444265,91382,86,-4.526977879265987,1.490917099554753,8.435084808478635,9.688499277149964,0.25926787000292784,True,hand_fine_motor,P10,4,0.34
2026-04-03T17:49:57.226819,1328.2889575563063,91138,86,-4.596982059417976,1.3956556049575213,8.452652942602246,9.722522326554076,0.03402304940411227,True,hand_fine_motor,P10,4,0.34
2026-04-03T17:49:57.227093,1238.2303166040358,91138,88,-4.555076358399748,1.4341871653958789,8.54305082556565,9.787202402343405,0.06468007578932955,True,hand_fine_motor,P10,4,0.34
2026-04-03T17:49:57.287897,1369.4881546159877,91141,87,-4.68756106712571,1.3819244865678517,8.459872642491222,9.769973857272083,0.017228545071322543,True,hand_fine_motor,P10,4,0.34
2026-04-03T17:49:57.344269,1148.2890667113602,91141,86,-4.655304730495546,1.5227398227085527,8.591614552169009,9.889713813578174,0.11973995630609124,True,hand_fine_motor,P10,4,0.34
2026-04-03T17:49:57.344737,1285.2101986718537,91261,86,-4.676311860112633,1.5085145674703078,8.406462814118967,9.737151835031906,0.1525619785462684,True,hand_fine_motor,P10,4,0.34
2026-04-03T17:49:57.345056,1214.2453718162758,91261,86,-4.6069040592325345,1.3759687737085087,8.629336768253022,9.878375784364433,0.14122394933252735,True,hand_fine_motor,P10,4,0.34
2026-04-03T17:49:57.345348,1219.7653589482895,91412,85,-4.664224235145903,1.6114836653606275,8.555142779718029,9.876352327697104,0.002023456667329171,True,hand_fine_motor,P10,4,0.34
2026-04-03T17:49:57.345628,1223.8854957578126,91412,86,-4.717448177127348,1.5655385950289382,8.49394099784855,9.841354686796922,0.03499764090018154,True,hand_fine_motor,P10,4,0.34
2026-04-03T17:49:57.400988,1205.0104051516491,91504,87,-4.636847067551697,1.5970652847126154,8.553435632084572,9.859626228397858,0.018271541600935137,True,hand_fine_motor,P10,4,0.34
2026-04-03T17:49:57.401349,1166.2198662280252,91504,88,-4.590497928926776,1.5798418130075462,8.60620906919046,9.881062996065966,0.021436767668108203,True,hand_fine_motor,P10,4,0.34
2026-04-03T17:49:57.401975,1287.8146054073925,91581,85,-4.598899624347342,1.3773597881008783,8.378727248017857,9.656607480755149,0.22445551531081698,True,hand_fine_motor,P10,4,0.34
2026-04-03T17:49:57.521708,1132.6310402154213,91581,87,-4.597987030613563,1.3490415756924854,8.676688319312891,9.911928071628555,0.2553205908734064,True,hand_fine_motor,P10,4,0.34
2026-04-03T17:49:57.522566,1335.800318672876,91687,86,-4.681581862312229,1.5086067683114983,8.393982615440038,9.728928371780507,0.18299969984804854,True,hand_fine_motor,P10,4,0.34
2026-04-03T17:49:57.523128,1234.2107084846684,91687,87,-4.7111064170895975,1.4546343977674843,8.3657353729806,9.710613432479434,0.01831493930107264,True,hand_fine_motor,P10,4,0.34
2026-04-03T17:49:57.523617,1142.9722903195425,91861,84,-4.559698294046418,1.7299757566296257,8.539977899205459,9.834372739029863,0.12375930655042922,True,hand_fine_motor,P10,4,0.34
2026-04-03T17:49:57.523965,1233.02290886738,91861,87,-4.662992056666605,1.6355166937984265,8.524873387537344,9.8535209975811,0.019148258551236808,True,hand_fine_motor,P10,4,0.34
2026-04-03T17:49:57.524658,1180.4436824161728,92042,86,-4.567959499706663,1.5009002795980748,8.413198302278634,9.690245678708152,0.1632753188729481,True,hand_fine_motor,P10,4,0.34
2026-04-03T17:49:57.582377,1317.129713929546,92042,85,-4.52438547466141,1.3369550406335917,8.449899315990152,9.677722415649953,0.012523263058199063,True,hand_fine_motor,P10,4,0.34
2026-04-03T17:49:57.583580,1156.924492977037,92196,85,-4.678886649290334,1.3281610651665936,8.535283514867636,9.823800525820086,0.1460781101701336,True,hand_fine_motor,P10,4,0.34
2026-04-03T17:49:57.584264,1281.4702231399117,92196,87,-4.462459802997976,1.620892476408348,8.717122289598379,9.92618058093156,0.10238005511147286,True,hand_fine_motor,P10,4,0.34
2026-04-03T17:49:57.643136,1126.759134194884,92311,86,-4.4265116699631,1.6404540651675052,8.695012823387973,9.893853804414405,0.03232677651715399,True,hand_fine_motor,P10,4,0.34
2026-04-03T17:49:57.646289,1146.0116760507608,92311,86,-4.697383325779108,1.5914680166116397,8.763709818247179,10.069795943098717,0.1759421386843112,True,hand_fine_motor,P10,4,0.34
2026-04-03T17:49:57.646682,1199.370534776077,92440,86,-4.44529913134577,1.4355655041845756,8.34812979041855,9.56623247060314,0.5035634724955766,True,hand_fine_motor,P10,4,0.34
2026-04-03T17:49:57.701395,1332.2452604180862,92440,86,-4.563561001906048,1.5884883002975176,8.439685788085338,9.725105670372404,0.15887319976926406,True,hand_fine_motor,P10,4,0.34
2026-04-03T17:49:57.701621,1243.2436609690383,92550,87,-4.727667147085504,1.5379762301441813,8.304974775188336,9.679298195356658,0.04580747501574578,True,hand_fine_motor,P10,4,0.34
2026-04-03T17:49:57.701977,1230.9647889161204,92550,85,-4.522150352004921,1.547722189138047,8.634115156376048,9.868800956268755,0.18950276091209695,True,hand_fine_motor,P10,4,0.34
2026-04-03T17:49:57.761400,1126.9463256278495,92673,88,-4.738749547165489,1.4911041890731696,8.721296650962474,10.03693948609445,0.16813852982569522,True,hand_fine_motor,P10,4,0.34
2026-04-03T17:49:57.761965,1215.9568971375634,92673,87,-4.62554197058183,1.4757071026008513,8.663591061731568,9.93132217074825,0.10561731534619945,True,hand_fine_motor,P10,4,0.34
2026-04-03T17:49:57.762023,1130.2007246958208,92692,86,-4.339482510105011,1.549663417383579,8.72182645836976,9.86421927638488,0.06710289436337114,True,hand_fine_motor,P10,4,0.34
2026-04-03T17:49:57.823968,1347.8980032210438,92692,85,-4.586161812407416,1.5549608272704734,8.50916447426862,9.790641623207588,0.07357765317729204,True,hand_fine_motor,P10,4,0.34
2026-04-03T17:49:57.824327,1210.8164107775503,92394,86,-4.362518111280728,1.7755516147149628,8.48470116089686,9.704344470261441,0.08629715294614648,True,hand_fine_motor,P10,4,0.34
2026-04-03T17:49:57.824607,1204.3392589454475,92394,86,-4.612337403234093,1.6625399016511893,8.608923915044445,9.907132088595505,0.20278761833406378,True,hand_fine_motor,P10,4,0.34
2026-04-03T17:49:57.881905,1288.9467577509963,91955,88,-4.470076948652242,1.4442543574272388,8.448967181125031,9.66708358314686,0.24004850544864453,True,hand_fine_motor,P10,4,0.34
2026-04-03T17:49:57.882233,1245.669683022373,91955,87,-4.599503731466309,1.492277935109625,8.804323414334753,10.044821491474636,0.37773790832777543,True,hand_fine_motor,P10,4,0.34
2026-04-03T17:49:57.882462,1262.2711998367117,91643,84,-4.623136811119276,1.6648768813246038,8.491956124529104,9.811143043765217,0.23367844770941915,True,hand_fine_motor,P10,4,0.34
2026-04-03T17:49:57.940528,1241.5575682140006,91643,86,-4.68744794237957,1.4693760334348547,8.466885578777845,9.788737689011155,0.02240535475406169,True,hand_fine_motor,P10,4,0.34
2026-04-03T17:49:58.000140,1306.7429058739656,91538,86,-4.60710784135897,1.4439582138383584,8.490744228464244,9.767455939927318,0.021281749083836843,True,hand_fine_motor,P10,4,0.34
2026-04-03T17:49:58.001025,1199.7747415229724,91538,88,-4.724872602059628,1.4331762974121125,8.468928767027288,9.80312041475264,0.03566447482532098,True,hand_fine_motor,P10,4,0.34
2026-04-03T17:49:58.001513,1207.5422622878982,91529,86,-4.494832032559046,1.5321126579387245,8.54815308068871,9.778640257644353,0.024480157108285994,True,hand_fine_motor,P10,4,0.34
2026-04-03T17:49:58.002190,1240.6563698420557,91529,85,-4.492411581987287,1.4896038970099745,8.571828694581162,9.79167650411337,0.013036246469017243,True,hand_fine_motor,P10,4,0.34
2026-04-03T17:49:58.002846,1193.7388847743532,91624,85,-4.42291415888258,1.6964050273397244,8.52770767082982,9.755088815216252,0.03658768889711794,True,hand_fine_motor,P10,4,0.34
2026-04-03T17:49:58.063500,1194.9616663696447,91624,87,-4.488918451355898,1.5577394950170025,8.769945660146371,9.974411665816659,0.21932285060040613,True,hand_fine_motor,P10,4,0.34
2026-04-03T17:49:58.064016,1098.9692318803795,91739,86,-4.709109251707616,1.7032511404183914,8.671471949198123,10.013550826634113,0.039139160817454055,True,hand_fine_motor,P10,4,0.34
2026-04-03T17:49:58.064325,1194.6435074705837,91739,87,-4.519247633712519,1.6178135778220084,8.601204357499704,9.8499561596422,0.16359466699191216,True,hand_fine_motor,P10,4,0.34
2026-04-03T17:49:58.121252,1284.2301659977982,91820,86,-4.546668073749811,1.7081291663007006,8.445662959106308,9.742644335109604,0.10731182453259613,True,hand_fine_motor,P10,4,0.34
2026-04-03T17:49:58.183209,1112.4448014609804,91820,85,-4.353384787270214,1.6691550316991517,8.601119796731302,9.783521829259923,0.04087749415031894,True,hand_fine_motor,P10,4,0.34
2026-04-03T17:49:58.183521,1189.2406357548143,91895,86,-4.58840644254619,1.5354827496406331,8.586700975356564,9.856095301722316,0.07257347246239298,True,hand_fine_motor,P10,4,0.34
2026-04-03T17:49:58.183757,1327.4115696829454,91895,87,-4.614971786991152,1.5450505670841048,8.64911973662032,9.924334641071226,0.06823933934891002,True,hand_fine_motor,P10,4,0.34
2026-04-03T17:49:58.183960,1180.9611167142627,92024,86,-4.641358368719745,1.5439207647822133,8.439943900994404,9.754924494158995,0.16941014691223089,True,hand_fine_motor,P10,4,0.34
2026-04-03T17:49:58.184145,1183.8524283502363,92024,85,-4.450254682206792,1.5213894148215625,8.512487948478954,9.725319715106233,0.02960477905276271,True,hand_fine_motor,P10,4,0.34
2026-04-03T17:49:58.241815,1257.966101035531,92195,86,-4.5232129402330035,1.345421436311007,8.27875065466353,9.529287829951842,0.1960318851543903,True,hand_fine_motor,P10,4,0.34
2026-04-03T17:49:58.242437,1292.099214614725,92195,86,-4.6942470897952875,1.7335290814675206,8.531070935629266,9.890412030096803,0.3611242001449604,True,hand_fine_motor,P10,4,0.34
2026-04-03T17:49:58.242482,1304.8594894610433,92332,87,-4.701446417388844,1.6541252283191972,8.59885951495948,9.938818523574602,0.04840649347779902,True,hand_fine_motor,P10,4,0.34
2026-04-03T17:49:58.300802,1347.4116283485685,92332,86,-4.772781656155778,1.5849492038920805,8.379246405030397,9.772577911302118,0.16624061227248355,True,hand_fine_motor,P10,4,0.34
2026-04-03T17:49:58.363053,1220.4765801682436,92417,86,-4.746912253489718,1.5170226027577154,8.481884304955866,9.837524835153673,0.06494692385155432,True,hand_fine_motor,P10,4,0.34
2026-04-03T17:49:58.363400,1252.3213436797112,92417,87,-4.630314746870771,1.6028587100035716,8.285627625465432,9.626037390702322,0.21148744445135037,True,hand_fine_motor,P10,4,0.34
2026-04-03T17:49:58.363621,1221.6610099726245,92511,85,-4.762040706695086,1.455943611940119,8.438231727703112,9.797987455788343,0.17195006508602084,True,hand_fine_motor,P10,4,0.34
2026-04-03T17:49:58.363818,1391.3881625607135,92511,88,-4.600492028353186,1.5772562719197682,8.343960769647355,9.657843733239089,0.14014372254925433,True,hand_fine_motor,P10,4,0.34
2026-04-03T17:49:58.364004,1153.264985034937,92609,87,-4.739484318318653,1.6588605935025598,8.526628396481197,9.895348497346802,0.23750476410771348,True,hand_fine_motor,P10,4,0.34
2026-04-03T17:49:58.420679,1145.9820167174398,92609,86,-4.753971027326645,1.4539256603207678,8.477628499511491,9.827732461261336,0.06761603608546629,True,hand_fine_motor,P10,4,0.34
2026-04-03T17:49:58.499725,1236.4199617819559,92709,87,-4.659803936816829,1.1414169798394989,8.533994546736842,9.790080100549417,0.037652360711918575,True,hand_fine_motor,P10,4,0.34
2026-04-03T17:49:58.499770,1249.6957677125615,92709,85,-4.490303893427912,1.4453659752052557,8.469784007249457,9.694800306714603,0.09527979383481444,True,hand_fine_motor,P10,4,0.34
2026-04-03T17:49:58.541103,1264.0858316155213,92804,87,-4.5203301097346005,1.560674636899986,8.68483754008145,9.9144083394242,0.21960803270959772,True,hand_fine_motor,P10,4,0.34
2026-04-03T17:49:58.541160,1191.894569634794,92804,84,-4.592437758928555,1.7215334501749775,8.591117913948398,9.892495590146561,0.02191274927763942,True,hand_fine_motor,P10,4,0.34
2026-04-03T17:49:58.542759,1234.7120931536567,92764,87,-4.7406558264613325,1.7726770231398614,8.60102223129887,9.979668577494303,0.08717298734774204,True,hand_fine_motor,P10,4,0.34
2026-04-03T17:49:58.543452,1196.0195287798385,92764,87,-4.698367222373321,1.7542600396392796,8.239791903008918,9.64604859244647,0.3336199850478341,True,hand_fine_motor,P10,4,0.34
2026-04-03T17:49:58.544266,1230.260439672711,92435,85,-4.72627403088167,1.7315174907013253,8.38929404868091,9.783459187364356,0.13741059491788654,True,hand_fine_motor,P10,4,0.34
2026-04-03T17:49:58.544601,1258.0090769736344,92435,85,-4.604022802151777,1.6064448868205246,8.356674300335849,9.675313767471263,0.10814541989309312,True,hand_fine_motor,P10,4,0.34
2026-04-03T17:49:58.600208,1322.2452041235344,92079,85,-4.569982130754571,1.7225825034103315,8.349426840872324,9.6728980004728,0.002415766998462132,True,hand_fine_motor,P10,4,0.34
2026-04-03T17:49:58.600874,1239.0559598595148,92079,87,-4.792027046894705,1.7254352815939864,8.746742163234545,10.12156848513335,0.4486704846605498,True,hand_fine_motor,P10,4,0.34
2026-04-03T17:49:58.601440,1252.6894663678315,91760,87,-4.541913615590353,1.898458968102277,8.546831482686965,9.863136120854364,0.2584323642789865,True,hand_fine_motor,P10,4,0.34
2026-04-03T17:49:58.660819,1132.1534458781503,91760,85,-4.6763564314153205,1.496324061180143,8.514487738748954,9.828723041321917,0.0344130795324471,True,hand_fine_motor,P10,4,0.34
2026-04-03T17:49:58.663805,1247.6353198898669,91578,85,-4.67249884229589,1.5255832650846768,8.530362818250522,9.84513786297347,0.01641482165155317,True,hand_fine_motor,P10,4,0.34
2026-04-03T17:49:58.664055,1207.3726296039515,91578,86,-4.739624900714035,1.1151751731993333,8.46801425971722,9.768056376227712,0.0770814867457581,True,hand_fine_motor,P10,4,0.34
2026-04-03T17:49:58.724810,1244.9486454571595,91528,87,-4.682232107150718,1.0982050108743093,8.461659539279824,9.732884151669932,0.035172224557779685,True,hand_fine_motor,P10,4,0.34
2026-04-03T17:49:58.727177,1146.9833790174782,91528,86,-4.651742236339595,1.4952599504308008,8.55446495038528,9.851567324039268,0.11868317236933557,True,hand_fine_motor,P10,4,0.34
2026-04-03T17:49:58.727415,1210.4065844477093,91553,87,-4.614482480564982,1.556954503973764,8.23811931878404,9.56996164054006,0.2816056834992082,True,hand_fine_motor,P10,4,0.34
2026-04-03T17:49:58.782830,1103.7911989499416,91553,86,-4.665419932476314,1.622591916565652,8.482287601002945,9.81570937936631,0.24574773882625145,True,hand_fine_motor,P10,4,0.34
2026-04-03T17:49:58.783261,1143.9678744423393,91453,84,-4.764763276359102,1.8013043875410708,8.273026300321982,9.715484071426099,0.100225307940212,True,hand_fine_motor,P10,4,0.34
2026-04-03T17:49:58.783683,1176.9343569935402,91453,85,-4.826091021314819,1.800554679124009,8.4367786524587,9.884957548169528,0.16947347674342872,True,hand_fine_motor,P10,4,0.34
2026-04-03T17:49:58.840602,1182.4744623152994,91325,87,-4.820197365989251,1.6470352283438618,7.8977152908809085,9.397921818482507,0.4870357296870207,True,hand_fine_motor,P10,4,0.34
2026-04-03T17:49:58.840900,1251.0448268268503,91325,86,-4.610392635964424,1.6344645190624323,7.912277818317707,9.302222035410217,0.09569978307228943,True,hand_fine_motor,P10,4,0.34
2026-04-03T17:49:58.841447,1254.547616099324,91345,87,-4.660751702366721,1.5925838221695159,8.140203812991045,9.514297019684864,0.212074984274647,True,hand_fine_motor,P10,4,0.34
2026-04-03T17:49:58.901719,1167.4335438153955,91345,87,-5.100186571348564,1.1160567340431284,8.156190104567482,9.68405507615543,0.16975805647056497,True,hand_fine_motor,P10,4,0.34
2026-04-03T17:49:58.902514,1135.3914510369918,91545,86,-4.803558427084805,1.15740792531155,8.19058070278298,9.565530770260077,0.11852430589535246,True,hand_fine_motor,P10,4,0.34
2026-04-03T17:49:58.902554,1225.8363902504796,91545,85,-4.8825964136513385,0.9522114913382599,8.798198402510872,10.107163281197272,0.5416325109371947,True,hand_fine_motor,P10,4,0.34
2026-04-03T17:49:58.961342,1278.213433424403,91852,86,-4.697887283510297,0.5321045260499998,8.48365669137298,9.712142452223825,0.3950208289734469,True,hand_fine_motor,P10,4,0.34
2026-04-03T17:49:58.961832,1202.9205470549118,91852,88,-4.589128937356754,0.6282520340256025,8.44148824091474,9.628786462656874,0.08335598956695023,True,hand_fine_motor,P10,4,0.34
2026-04-03T17:49:58.962096,1221.8451469627307,92248,87,-4.640323724026727,0.762893198599421,8.46922907144812,9.687231356837543,0.05844489418066878,True,hand_fine_motor,P10,4,0.34
2026-04-03T17:49:59.021932,1209.6270334045257,92248,85,-4.8540517075599015,0.5569346207816747,8.259758991643302,9.596645911542366,0.09058544529517754,True,hand_fine_motor,P10,4,0.34
2026-04-03T17:49:59.024101,1221.6499553067463,92683,86,-4.871732932097312,0.4050684016751888,8.359509180015301,9.683969015980857,0.08732310443849123,True,hand_fine_motor,P10,4,0.34
2026-04-03T17:49:59.024545,1169.9081849815525,92683,84,-5.260125337797185,1.6026784196684454,9.168088486069893,10.690712940427044,1.0067439244461873,True,hand_fine_motor,P10,4,0.34
2026-04-03T17:49:59.081476,1257.3890329356177,93308,86,-5.377624250376533,1.3527342719062898,8.992127701241051,10.564425833146554,0.12628710728048986,True,hand_fine_motor,P10,4,0.34
2026-04-03T17:49:59.082060,1144.03846776211,93308,87,-4.925132124592426,0.4888919665822805,9.201699740139956,10.448311820929385,0.1161140122171691,True,hand_fine_motor,P10,4,0.34
2026-04-03T17:49:59.082093,1198.8177989027822,94233,85,-4.934102608426817,-1.0283082669743997,8.82339404585496,10.161450139170144,0.2868616817592411,True,hand_fine_motor,P10,4,0.34
2026-04-03T17:49:59.141369,1273.6635993290856,94233,86,-5.120127064384584,-0.8134046273827035,8.848738396557755,10.255608195226971,0.09415805605682692,True,hand_fine_motor,P10,4,0.34
2026-04-03T17:49:59.141932,1286.9218302432819,95035,86,-5.155893712012684,1.0714809378546806,8.114634210854797,9.673603245209767,0.582004950017204,True,hand_fine_motor,P10,4,0.34
2026-04-03T17:49:59.142144,1310.2947169775382,95035,86,-5.054215691496029,1.0748987582399778,8.038039079840232,9.555656745910735,0.11794649929903223,True,hand_fine_motor,P10,4,0.34
2026-04-03T17:49:59.264136,1234.0322389035161,95237,87,-5.066008920598866,1.6489919990810136,8.234852340955657,9.807977063286971,0.2523203173762365,True,hand_fine_motor,P10,4,0.34
2026-04-03T17:49:59.264483,1267.2814098639872,95237,85,-5.492335434325464,0.23547961802199902,8.456223748979701,10.086075513620706,0.2780984503337347,True,hand_fine_motor,P10,4,0.34
2026-04-03T17:49:59.264701,1198.2391040348086,94932,87,-5.382703921907687,0.0730645749869091,8.498678914151801,10.06013833050455,0.025937183116155893,True,hand_fine_motor,P10,4,0.34
2026-04-03T17:49:59.264895,1136.246740846195,94932,87,-5.340610124960537,0.3328212844602242,8.568520218827645,10.102100041807095,0.04196171130254456,True,hand_fine_motor,P10,4,0.34
2026-04-03T17:49:59.265117,1219.6190360843784,94662,88,-5.426601598950957,0.1401634848319273,8.729922224454995,10.28003855835427,0.17793851654717585,True,hand_fine_motor,P10,4,0.34
2026-04-03T17:49:59.265297,1305.1826489443822,94662,87,-5.1973868883779595,0.25918538826457205,8.570821899865564,10.026913561619455,0.25312499673481526,True,hand_fine_motor,P10,4,0.34
2026-04-03T17:49:59.320796,1221.936345148232,94670,86,-5.172520604819922,0.1951278827514506,8.717033234530957,10.1380329803089,0.11111941868944442,True,hand_fine_motor,P10,4,0.34
2026-04-03T17:49:59.321721,1198.6586378726822,94670,86,-5.222216498412744,0.2665949354663582,8.529415091849694,10.004675898048067,0.13335708226083298,True,hand_fine_motor,P10,4,0.34
2026-04-03T17:49:59.322196,1333.8790555408852,94721,85,-5.498600374996614,0.390728614015209,8.526988275873613,10.153659635353609,0.14898373730554226,True,hand_fine_motor,P10,4,0.34
2026-04-03T17:49:59.380176,1265.3321255312242,94721,85,-5.442023344732387,0.20430479085309164,8.463620410875969,10.064304694889465,0.08935494046414405,True,hand_fine_motor,P10,4,0.34
2026-04-03T17:49:59.380630,1236.5876938078209,94631,87,-5.315670713732605,0.2900532471056155,8.740609598753748,10.234194749994607,0.16989005510514232,True,hand_fine_motor,P10,4,0.34
2026-04-03T17:49:59.381312,1260.638375936131,94631,87,-5.332013729175945,0.39520479441901957,8.525799680757217,10.063588695592264,0.17060605440234333,True,hand_fine_motor,P10,4,0.34
2026-04-03T17:49:59.442137,1219.4489615644993,94456,86,-5.113752169040166,0.24958065861866993,8.652910406457064,10.05413398825043,0.009454707341834734,True,hand_fine_motor,P10,4,0.34
2026-04-03T17:49:59.442965,1211.9421855054286,94456,85,-5.451294020589851,0.20533315870513008,8.457265895103678,10.064000925351026,0.009866937100596829,True,hand_fine_motor,P10,4,0.34
2026-04-03T17:49:59.443401,1225.2770851692392,94450,87,-3.808152319603671,-0.752613256004685,9.3332323887716,10.108297464223737,0.04429653887271101,True,hand_fine_motor,P10,4,0.34
2026-04-03T17:49:59.517069,1186.6950781699295,94450,88,-3.344481035395184,-0.41075876584823845,9.13849343411298,9.739935236189472,0.36836222803426466,True,hand_fine_motor,P10,4,0.34
2026-04-03T17:49:59.518670,1271.11625909813,94444,85,-3.4676173110322357,-0.3306128787497189,9.22588532768493,9.861573645770623,0.12163840958115024,True,hand_fine_motor,P10,4,0.34
2026-04-03T17:49:59.518711,1335.880866375474,94444,86,-3.075828650008103,0.2655963906067481,8.805657167153411,9.331176853556803,0.5303967922138195,True,hand_fine_motor,P10,4,0.34
2026-04-03T17:49:59.562366,1187.222042092284,94582,87,-2.9456330440797975,0.5597152420308242,8.732740062789926,9.233135122307733,0.09804173124907045,True,hand_fine_motor,P10,4,0.34
2026-04-03T17:49:59.562414,1231.3462248316546,94582,83,-2.978211477088411,0.4188515161104767,8.865308057207796,9.361563285263987,0.12842816295625425,True,hand_fine_motor,P10,4,0.34
2026-04-03T17:49:59.562428,1224.1638894545208,94864,87,-2.8505616572103203,1.5673839600621908,8.610193175870403,9.20422841772319,0.15733486754079706,True,hand_fine_motor,P10,4,0.34
2026-04-03T17:49:59.620863,1287.2597986587268,94864,86,-2.7976822752155472,1.4976955047027414,8.616614695805454,9.182383500694826,0.021844917028364108,True,hand_fine_motor,P10,4,0.34
2026-04-03T17:49:59.621316,1258.5496218192443,95188,85,-2.554821837788049,1.4069804920476832,8.926423003394028,9.390832570297668,0.20844906960284248,True,hand_fine_motor,P10,4,0.34
2026-04-03T17:49:59.621719,1192.2923552206935,95188,85,-2.4868193863103953,1.7380453126261977,9.21121720143671,9.698020133043377,0.3071875627457086,True,hand_fine_motor,P10,4,0.34
2026-04-03T17:49:59.680509,1235.8578083712891,95465,85,-2.3639695973691386,1.5398331561827612,9.138106016446836,9.563703256269887,0.13431687677348947,True,hand_fine_motor,P10,4,0.34
2026-04-03T17:49:59.681477,1266.5539492642354,95465,87,-2.2867386310167657,1.5724495267339718,9.397930948319436,9.799126348307311,0.23542309203742384,True,hand_fine_motor,P10,4,0.34
2026-04-03T17:49:59.681709,1263.8809132801432,95745,87,-2.3949399425865443,1.4704221711714065,9.546119030331884,9.951194261561444,0.1520679132541325,True,hand_fine_motor,P10,4,0.34
2026-04-03T17:49:59.741444,1295.6649806676771,95745,86,-2.560215419157828,0.12707428690562478,9.770363887695833,10.101032688041203,0.14983842647975898,True,hand_fine_motor,P10,4,0.34
2026-04-03T17:49:59.742327,1317.6159353429714,96013,85,-2.607917613536812,-0.31337251393037935,9.833744046869269,10.178504732563589,0.07747204452238599,True,hand_fine_motor,P10,4,0.34
2026-04-03T17:49:59.742724,1159.1752574606394,96013,85,-2.6491478164908857,-0.2785807662239162,9.684787091173531,10.044435892487432,0.13406884007615716,True,hand_fine_motor,P10,4,0.34
2026-04-03T17:49:59.801693,1229.8137802363829,96280,86,-3.3500126539733577,-1.1706064558876397,9.689103997214055,10.318509607747469,0.27407371526003743,True,hand_fine_motor,P10,4,0.34
2026-04-03T17:49:59.801953,1261.6807650706744,96280,87,-3.088295489419925,-0.8676721785562904,9.693500928150542,10.210503625358912,0.10800598238855663,True,hand_fine_motor,P10,4,0.34
2026-04-03T17:49:59.802183,1229.9777904440778,96467,86,-3.72766002600346,-0.2734372939179827,9.27626998730422,10.000970057975893,0.2095335673830192,True,hand_fine_motor,P10,4,0.34
2026-04-03T17:49:59.860965,1201.4791912716767,96467,86,-3.6155466844143125,0.4362693123999149,9.455728624332831,10.13278404769136,0.1318139897154662,True,hand_fine_motor,P10,4,0.34
2026-04-03T17:49:59.861279,1289.091834963299,96263,85,-3.3324461477892937,0.4730436773971081,9.27743371248613,9.869130860324798,0.26365318736656107,True,hand_fine_motor,P10,4,0.34
2026-04-03T17:49:59.862021,1125.5893384105077,96263,85,-3.548818370166556,0.5230553359672365,9.321598332614935,9.987987494161422,0.11885663383662326,True,hand_fine_motor,P10,4,0.34
2026-04-03T17:49:59.982875,1278.8436872307122,95530,86,-3.659195410352631,0.38117651681494946,9.206969345350734,9.914801617498206,0.07318587666321541,True,hand_fine_motor,P10,4,0.34
2026-04-03T17:49:59.982921,1298.3715712726344,95530,88,-3.4049447802422117,0.40231601810977347,9.56246268211729,10.158553030910072,0.24375141341186612,True,hand_fine_motor,P10,4,0.34
2026-04-03T17:49:59.982935,1220.4252571000577,95179,85,-3.3595896372116067,0.5011547106721812,9.643098863808584,10.223862003747652,0.0653089728375793,True,hand_fine_motor,P10,4,0.34
2026-04-03T17:49:59.983723,1220.7894123204976,95179,86,-3.3710332250235737,0.4598264826024716,9.343591044717146,9.9437417006494,0.28012030309825064,True,hand_fine_motor,P10,4,0.34
2026-04-03T17:49:59.984965,1257.0005627535181,95170,86,-3.2477935429675586,0.879033968270943,9.337559707435412,9.925264979084298,0.018476721565102494,True,hand_fine_motor,P10,4,0.34
2026-04-03T17:49:59.985210,1261.4755339035466,95170,86,-3.0908987215931916,0.3984563824900312,9.5232053684406,10.020172797182159,0.09490781809786064,True,hand_fine_motor,P10,4,0.34
2026-04-03T17:50:00.040892,1231.4194932159523,95248,87,-3.005500399657756,0.5322991611050656,9.35745485844462,9.842679334260815,0.17749346292134405,True,hand_fine_motor,P10,4,0.34
2026-04-03T17:50:00.049088,1112.572421475859,95248,86,-2.8576221042250842,0.4151585862287324,9.237918618314886,9.678713816457435,0.16396551780337987,True,hand_fine_motor,P10,4,0.34
2026-04-03T17:50:00.049149,1162.0469994278917,95402,86,-2.9933326887620972,0.37844106150434476,9.371176217590156,9.844907410624621,0.16619359416718638,True,hand_fine_motor,P10,4,0.34
2026-04-03T17:50:00.102563,1367.2118723584626,95402,87,-2.8416317948969443,1.3591680914702642,9.145495852486274,9.672760906095208,0.1721465045294135,True,hand_fine_motor,P10,4,0.34
2026-04-03T17:50:00.103094,1246.9251968502901,95556,87,-2.542741857579958,2.4616599658988916,9.119765103888493,9.782403666384905,0.109642760289697,True,hand_fine_motor,P10,4,0.34
2026-04-03T17:50:00.103499,1168.3523841143192,95556,86,-2.6000719487530066,2.5803622211579613,9.096796915515997,9.8066486351461,0.024244968761195196,True,hand_fine_motor,P10,4,0.34
2026-04-03T17:50:00.163738,1347.4513289583392,95591,86,-2.871888089295446,2.543393342995838,9.224183741401895,9.990102931890924,0.1834542967448236,True,hand_fine_motor,P10,4,0.34
2026-04-03T17:50:00.164157,1255.20408007253,95591,86,-2.9009886162306846,2.5969293266966322,9.237010876781596,10.024078352503963,0.033975420613039375,True,hand_fine_motor,P10,4,0.34
2026-04-03T17:50:00.164300,1177.2716795081578,95600,86,-3.0876402022881977,2.966762110241589,9.36838845514423,10.300577735449167,0.2764993829452038,True,hand_fine_motor,P10,4,0.34
2026-04-03T17:50:00.220294,1248.9851863536753,95600,85,-3.0630398040274716,3.0768502661153114,9.280454619419695,10.245782466178895,0.05479526927027223,True,hand_fine_motor,P10,4,0.34
2026-04-03T17:50:00.221580,1209.5284659611432,95645,85,-2.9517839954093645,3.0479643305511073,9.333188528693292,10.25239110783425,0.006608641655354575,True,hand_fine_motor,P10,4,0.34
2026-04-03T17:50:00.281650,1312.1378231328217,95645,86,-3.136917432139542,2.8547210488893437,9.204108943176818,10.134362569046969,0.11802853878728037,True,hand_fine_motor,P10,4,0.34
2026-04-03T17:50:00.282276,1202.0971549814683,95717,84,-3.2342473164372336,2.9751454295134745,9.3523626440764,10.333369879035207,0.19900730998823768,True,hand_fine_motor,P10,4,0.34
2026-04-03T17:50:00.282730,1236.6276779226848,95717,87,-2.980095253551266,3.0414895070183903,9.263701188990488,10.19547869697375,0.13789118206145723,True,hand_fine_motor,P10,4,0.34
2026-04-03T17:50:00.283168,1240.6069402830767,95824,86,-3.0442215909315515,3.163788349000589,9.310187934353893,10.293514520558784,0.09803582358503427,True,hand_fine_motor,P10,4,0.34
2026-04-03T17:50:00.346523,1334.9746477320928,95824,86,-2.9661380384817506,3.0409798444676994,9.413162264488498,10.327301539868843,0.03378701931005956,True,hand_fine_motor,P10,4,0.34
2026-04-03T17:50:00.347418,1363.7771841480323,95916,86,-3.100909570839192,3.1510437673113882,9.30459433558011,10.301465562712108,0.025835977156734913,True,hand_fine_motor,P10,4,0.34
2026-04-03T17:50:00.347976,1230.0451742407975,95916,86,-3.120591078617173,2.9999405753941617,9.373382217992779,10.324632019613317,0.02316645690120822,True,hand_fine_motor,P10,4,0.34
2026-04-03T17:50:00.401373,1285.6750251666613,95993,85,-2.908155836271436,3.0668084557739705,9.323497416869692,10.236712780713454,0.08791923889986286,True,hand_fine_motor,P10,4,0.34
2026-04-03T17:50:00.402798,1268.1155333248478,95993,86,-2.986091449104084,3.1253006442476323,9.14564341310842,10.115682858763448,0.12102992195000617,True,hand_fine_motor,P10,4,0.34
2026-04-03T17:50:00.403199,1262.5326994889135,96011,86,-3.109547338950877,3.001935312033593,9.452378574432608,10.3936692743806,0.27798641561715165,True,hand_fine_motor,P10,4,0.34
2026-04-03T17:50:00.461525,1173.491259121419,96011,86,-3.0449502772822243,3.044942253261218,9.33200289432314,10.27762976257036,0.1160395118102393,True,hand_fine_motor,P10,4,0.34
2026-04-03T17:50:00.462210,1288.1859879205101,96112,87,-3.0518907013381225,2.507030447926727,8.29755553109576,9.189595546669267,1.088034215901093,True,hand_fine_motor,P10,4,0.34
2026-04-03T17:50:00.462502,1274.6314891106622,96112,85,-3.177012074085646,2.906999230185405,8.412190124524955,9.450343535255197,0.26074798858592985,True,hand_fine_motor,P10,4,0.34
2026-04-03T17:50:00.524349,1248.1885345034927,96215,86,-2.8753523056159955,2.803249025395222,8.518036898213646,9.417155015136982,0.03318852011821427,True,hand_fine_motor,P10,4,0.34
2026-04-03T17:50:00.525950,1233.8012084708332,96215,87,-3.243731948715864,3.180591657665853,8.799674369938444,9.903142393446899,0.48598737830991645,True,hand_fine_motor,P10,4,0.34
2026-04-03T17:50:00.526013,1101.0094236051968,95944,89,-3.516823062629366,2.9634624134345704,8.979561613432308,10.088740292975546,0.1855978995286467,True,hand_fine_motor,P10,4,0.34
2026-04-03T17:50:00.581331,1247.368138338797,95944,85,-3.460862238363113,3.2659751058467386,8.954576970248821,10.14044424771661,0.051703954741064706,True,hand_fine_motor,P10,4,0.34
2026-04-03T17:50:00.582839,1332.318115479337,95422,86,-3.379661694538204,3.1108210495035498,8.934398728016072,10.046034113158207,0.09441013455840341,True,hand_fine_motor,P10,4,0.34
2026-04-03T17:50:00.642612,1122.1666065619377,95422,86,-3.363611627819369,3.0350180921312964,8.689449609751872,9.799579201311806,0.246454911846401,True,hand_fine_motor,P10,4,0.34
2026-04-03T17:50:00.643019,1209.8089323375298,95254,86,-3.3592545279941026,2.3057716859667012,9.239757356864429,10.098232026715614,0.2986528254038081,True,hand_fine_motor,P10,4,0.34
2026-04-03T17:50:00.643287,1249.9355764824088,95254,85,-3.394543688248648,2.096468075598435,8.948899081712137,9.798004899881427,0.3002271268341872,True,hand_fine_motor,P10,4,0.34
2026-04-03T17:50:00.643541,1244.6175703411857,95241,86,-3.5553775990085428,2.2450776061282456,8.943754279856066,9.882905642953087,0.0849007430716604,True,hand_fine_motor,P10,4,0.34
2026-04-03T17:50:00.701774,1268.0923682886732,95241,86,-3.9824747454215723,1.9028351629312779,9.161076445493972,10.168884324024576,0.28597868107148905,True,hand_fine_motor,P10,4,0.34
2026-04-03T17:50:00.702163,1265.8984256834044,95263,86,-3.7023066592537264,1.7149679819150379,9.083109286497985,9.957462733478552,0.21142159054602416,True,hand_fine_motor,P10,4,0.34
2026-04-03T17:50:00.702459,1284.9932671582624,95263,85,-3.6598059140752492,1.73335213561179,9.17440599585196,10.028380444092381,0.07091771061382879,True,hand_fine_motor,P10,4,0.34
2026-04-03T17:50:00.760800,1280.7931546232664,95317,86,-3.9496502955455726,2.549970114504174,9.06512459580581,10.211687861438536,0.18330741734615508,True,hand_fine_motor,P10,4,0.34
2026-04-03T17:50:00.761232,1212.5881402698078,95317,85,-4.059033531251646,2.739204719038261,8.954121481186062,10.205649768655809,0.006038092782727489,True,hand_fine_motor,P10,4,0.34
2026-04-03T17:50:00.761722,1269.239328295714,95420,85,-3.9400276498276305,3.0884646993844282,8.805205528157176,10.128873405953875,0.07677636270193311,True,hand_fine_motor,P10,4,0.34
2026-04-03T17:50:00.821693,1260.432474617872,95420,86,-3.9590527344324555,3.045903925628105,8.515063742419743,9.872078799100274,0.25679460685360134,True,hand_fine_motor,P10,4,0.34
2026-04-03T17:50:00.822512,1275.099632538937,95428,85,-4.343793047456169,2.25575603978379,8.48581102484432,9.796221827802748,0.07585697129752589,True,hand_fine_motor,P10,4,0.34
2026-04-03T17:50:00.823117,1312.4537274025931,95428,87,-4.543712408611449,2.101245925047057,8.428602768869611,9.803157732337729,0.006935904534980608,True,hand_fine_motor,P10,4,0.34
2026-04-03T17:50:00.881878,1233.5505678895674,95379,87,-4.59671785425467,2.000249544660125,8.490484383866415,9.859976589486212,0.05681885714848356,True,hand_fine_motor,P10,4,0.34
2026-04-03T17:50:00.883135,1226.7455245804595,95379,85,-4.661981637962629,2.089841336280941,8.65694062892568,10.05207096355141,0.19209437406519747,True,hand_fine_motor,P10,4,0.34
2026-04-03T17:50:00.883473,1330.2963986349598,95361,87,-4.242042992223009,1.8011672603623863,8.080436589587931,9.302289380900872,0.7497815826505381,True,hand_fine_motor,P10,4,0.34
2026-04-03T17:50:01.013841,1189.7538657280274,95361,85,-4.34636127890883,1.840918527320726,8.219120694138342,9.478068493941361,0.17577911304048932,True,hand_fine_motor,P10,4,0.34
2026-04-03T17:50:01.014146,1235.6497222785363,95445,86,-4.803894283732058,1.6366071109536162,8.461036562929294,9.866358134799478,0.3882896408581171,True,hand_fine_motor,P10,4,0.34
2026-04-03T17:50:01.014556,1213.3193635862485,95445,85,-4.800751700141961,2.3355952976005545,8.367099208815112,9.925249188345058,0.05889105354557955,True,hand_fine_motor,P10,4,0.34
2026-04-03T17:50:01.015111,1380.7377379469983,95491,85,-4.603921508180688,2.1579389749128453,8.252327028677527,9.692971436106593,0.23227775223846514,True,hand_fine_motor,P10,4,0.34
2026-04-03T17:50:01.015883,1263.685783398834,95491,86,-4.611318491617311,2.4714702884551762,8.293878388684941,9.80616348752883,0.11319205142223687,True,hand_fine_motor,P10,4,0.34
2026-04-03T17:50:01.016099,1161.5894667669481,95598,87,-4.785950550664567,2.7526147686324767,8.123887451726178,9.822411010857474,0.01624752332864432,True,hand_fine_motor,P10,4,0.34
2026-04-03T17:50:01.062068,1226.8636930743114,95598,85,-5.042108382062729,1.9867114333428542,7.962725001802917,9.631971174696263,0.19043983616121096,True,hand_fine_motor,P10,4,0.34
2026-04-03T17:50:01.063910,1130.0710858217187,95702,86,-5.2177432675407465,2.11522785008369,8.006830999595289,9.788175331481172,0.1562041567849093,True,hand_fine_motor,P10,4,0.34
2026-04-03T17:50:01.064269,1201.9913910193025,95702,86,-4.993441236711409,2.1590749173468318,7.601273987612701,9.347482341142115,0.4406929903390573,True,hand_fine_motor,P10,4,0.34
2026-04-03T17:50:01.122725,1194.768878013204,95858,87,-5.322603058173981,2.27531094390364,7.856278118038886,9.758496250668303,0.4110139095261882,True,hand_fine_motor,P10,4,0.34
2026-04-03T17:50:01.123152,1218.115809711298,95858,88,-5.4718671118365,2.311600634277901,7.666538943845213,9.698486818029252,0.060009432639050786,True,hand_fine_motor,P10,4,0.34
2026-04-03T17:50:01.123461,1176.7537659510854,95994,85,-5.652854749950809,2.0886077746522087,8.065094906514872,10.067909669413567,0.3694228513843143,True,hand_fine_motor,P10,4,0.34
2026-04-03T17:50:01.181378,1269.885599842228,95994,86,-5.815158885318245,1.8851972312022105,7.937219542621274,10.018457742077734,0.04945192733583248,True,hand_fine_motor,P10,4,0.34
2026-04-03T17:50:01.181679,1181.9562464793555,96037,84,-5.853623410209944,1.818016925838095,8.129834577106195,10.181566815687217,0.16310907360948335,True,hand_fine_motor,P10,4,0.34
2026-04-03T17:50:01.181995,1345.6488679646309,96037,85,-5.829773157700653,1.7104704017555818,8.15995929461124,10.173342604829609,0.008224210857608938,True,hand_fine_motor,P10,4,0.34
2026-04-03T17:50:01.241699,1256.837791203823,95524,85,-5.763387174814088,1.9732676516853527,8.23426464571193,10.242730651912153,0.06938804708254409,True,hand_fine_motor,P10,4,0.34
2026-04-03T17:50:01.242137,1174.7663098920766,95524,86,-5.962122737533747,1.7712896653642611,8.216468924813428,10.305083027732861,0.06235237582070852,True,hand_fine_motor,P10,4,0.34
2026-04-03T17:50:01.242411,1113.3841993554618,94992,86,-5.718725112781886,1.7541258663188304,8.282803420638762,10.216927472356655,0.0881555553762059,True,hand_fine_motor,P10,4,0.34
2026-04-03T17:50:01.302809,1242.7149178041832,94992,85,-5.7656658627501525,1.8187328207089335,8.138110258805252,10.13802399378092,0.07890347857573587,True,hand_fine_motor,P10,4,0.34
2026-04-03T17:50:01.303408,1182.7446991624624,94938,87,-5.584519916056851,1.7926936987384938,8.163718714048938,10.052209539819849,0.08581445396107057,True,hand_fine_motor,P10,4,0.34
2026-04-03T17:50:01.303494,1288.454536674153,94938,86,-5.527374827145166,1.6615291789224125,8.274642131850861,10.088719150733159,0.03650961091330984,True,hand_fine_motor,P10,4,0.34
2026-04-03T17:50:01.370649,1293.3490426444068,95129,87,-5.696621913998026,1.634425776304895,8.283554984470664,10.185289982619109,0.09657083188595017,True,hand_fine_motor,P10,4,0.34
2026-04-03T17:50:01.444298,1227.2241118316047,95129,86,-5.697709794821804,1.802356529830109,8.253759447143596,10.190040774105945,0.0047507914868365475,True,hand_fine_motor,P10,4,0.34
2026-04-03T17:50:01.444747,1276.0973624275045,95373,85,-5.663038121199789,1.8939567020927366,8.217224433616616,10.1577482811886,0.03229249291734604,True,hand_fine_motor,P10,4,0.34
2026-04-03T17:50:01.445394,1234.100856133709,95373,86,-5.671606568654888,1.8623973177212934,8.190763815900892,10.135297564775101,0.022450716413498384,True,hand_fine_motor,P10,4,0.34
2026-04-03T17:50:01.481833,1184.9338754766945,95666,87,-5.877263996369499,1.6199340636729853,8.4427322552065,10.413747950991203,0.2784503862161021,True,hand_fine_motor,P10,4,0.34
2026-04-03T17:50:01.484501,1218.904416595024,95666,87,-5.613948663777958,1.8584780210316745,8.205602077762071,10.114458246132877,0.2992897048583263,True,hand_fine_motor,P10,4,0.34
2026-04-03T17:50:01.484884,1236.0474595172946,96029,86,-5.0635809051488785,1.4500041868576947,8.667197467049103,10.142123823820905,0.02766557768802791,True,hand_fine_motor,P10,4,0.34
2026-04-03T17:50:01.485191,1170.2078021324564,96029,87,-4.816485339694881,0.3993067439935585,8.576623539604556,9.844615190214062,0.2975086336068422,True,hand_fine_motor,P10,4,0.34
2026-04-03T17:50:01.485470,1194.0476074208063,96228,86,-4.779377490541367,0.09307126012537861,8.583719831123759,9.82503728215736,0.019577908056701787,True,hand_fine_motor,P10,4,0.34
2026-04-03T17:50:01.543332,1201.5742600326948,96228,88,-5.222092686721084,0.3195768042720973,8.90035601550575,10.3241812539922,0.49914397183484027,True,hand_fine_motor,P10,4,0.34
2026-04-03T17:50:01.545107,1159.3101944634263,96439,85,-4.759001251221419,0.23870400708106626,9.121630349685619,10.29122017782291,0.03296107616929156,True,hand_fine_motor,P10,4,0.34
2026-04-03T17:50:01.545420,1210.3007537972705,96439,86,-4.878115054930052,0.17102662841406563,9.1244396763999,10.347978353525031,0.056758175702121605,True,hand_fine_motor,P10,4,0.34
2026-04-03T17:50:01.601267,1191.1114497216229,96822,86,-4.731735224117768,1.1769110157776534,8.578147305249212,9.867068914362052,0.48090943916297846,True,hand_fine_motor,P10,4,0.34
2026-04-03T17:50:01.601308,1302.80634640704,96822,87,-4.722718009041274,1.4797749669952447,8.789357203477604,10.086951937834947,0.21988302347289412,True,hand_fine_motor,P10,4,0.34
2026-04-03T17:50:01.601933,1184.5944375710276,97151,85,-4.864188978441784,1.9193687293209578,7.913197464125578,9.484882964134727,0.6020689737002201,True,hand_fine_motor,P10,4,0.34
2026-04-03T17:50:01.721727,1251.762322124303,97151,88,-4.8650673280979335,2.1184804906125736,8.652583601203549,10.150075993402643,0.6651930292679165,True,hand_fine_motor,P10,4,0.34
2026-04-03T17:50:01.722220,1309.2684813562753,97283,87,-5.494132328575609,0.43424122930570697,8.797044215233957,10.38084979247411,0.23077379907146778,True,hand_fine_motor,P10,4,0.34
2026-04-03T17:50:01.722937,1285.5394174480004,97283,85,-4.267549711118622,-0.2640745149147085,9.070675112608798,10.027904211987503,0.3529455804866082,True,hand_fine_motor,P10,4,0.34
2026-04-03T17:50:01.723240,1180.849274254526,97390,86,-4.358815197867823,-0.0327003870092365,9.028981376981303,10.026108115831848,0.0017960961556546806,True,hand_fine_motor,P10,4,0.34
2026-04-03T17:50:01.724982,1222.5936914370727,97390,85,-3.5816452018727456,0.646074735482726,10.662568925355352,11.266586484107806,1.2404783682759586,True,hand_fine_motor,P10,4,0.34
2026-04-03T17:50:01.783046,1217.4541400581716,97515,85,-3.1781778898977464,1.7113954212225975,10.158142584509248,10.780424377307082,0.4861621068007249,True,hand_fine_motor,P10,4,0.34
2026-04-03T17:50:01.783113,1230.282747103373,97515,87,-3.4368135550973413,1.775225871457492,10.08367813819707,10.800170327450692,0.019745950143610358,True,hand_fine_motor,P10,4,0.34
2026-04-03T17:50:01.783671,1236.159243295077,97669,85,-2.9776074865511752,1.1436331823491925,9.401418397212701,9.927774729474132,0.8723955979765599,True,hand_fine_motor,P10,4,0.34
2026-04-03T17:50:01.784008,1228.1314864716878,97669,84,-2.9239349093070426,1.0694349228618008,9.427521809616826,9.928305690242505,0.0005309607683727791,True,hand_fine_motor,P10,4,0.34
2026-04-03T17:50:01.840631,1113.6609290261867,97711,86,-2.913100841251809,0.7014541904755486,8.774985894555183,9.272463100076491,0.6558425901660137,True,hand_fine_motor,P10,4,0.34
2026-04-03T17:50:01.841009,1218.923560574428,97711,85,-2.868195905289908,0.6212056074836625,8.697497713676873,9.179265255852746,0.09319784422374511,True,hand_fine_motor,P10,4,0.34
2026-04-03T17:50:01.841310,1233.9472445710012,97516,86,-2.8902381702067252,0.8983314471507144,8.276277453904152,8.812334796378428,0.3669304594743181,True,hand_fine_motor,P10,4,0.34
2026-04-03T17:50:01.900380,1212.377018633241,97516,85,-3.3809298770181058,1.5201263075732274,8.557496617229226,9.325889725821312,0.5135549294428845,True,hand_fine_motor,P10,4,0.34
2026-04-03T17:50:01.901173,1121.6687265673145,96712,86,-3.3606005873660325,1.7289841775240395,8.55925621303722,9.35648916604672,0.030599440225406838,True,hand_fine_motor,P10,4,0.34
2026-04-03T17:50:01.901555,1258.5021661078451,96712,86,-3.4480344899878634,2.790978584466359,8.624321457724962,9.698320674697808,0.34183150865108836,True,hand_fine_motor,P10,4,0.34
2026-04-03T17:50:01.978581,1105.4250992392667,96043,86,-3.1139800799476696,2.9302885093769566,8.349944102501267,9.38109957315203,0.317221101545778,True,hand_fine_motor,P10,4,0.34
2026-04-03T17:50:01.978634,1204.0022275236233,96043,86,-3.0527995036378686,3.2504927602187412,8.061397212748199,9.212568209535846,0.16853136361618404,True,hand_fine_motor,P10,4,0.34
2026-04-03T17:50:01.978650,1306.6570797435804,95881,85,-3.19484568992535,3.7197972614886234,8.554478053640626,9.860173701270782,0.6476054917349359,True,hand_fine_motor,P10,4,0.34
2026-04-03T17:50:02.023177,1237.0657514786933,95881,86,-3.060514310864263,3.733715817097328,8.773448983041009,10.014029593918277,0.15385589264749555,True,hand_fine_motor,P10,4,0.34
2026-04-03T17:50:02.023227,1241.1163813057917,95895,85,-3.2532005239978545,3.873651439955985,8.727154365155313,10.087205383101033,0.07317578918275558,True,hand_fine_motor,P10,4,0.34
2026-04-03T17:50:02.023242,1073.4562951005505,95895,85,-3.4337634850730416,3.9813106181918747,8.55351727670178,10.040130662137031,0.04707472096400167,True,hand_fine_motor,P10,4,0.34
2026-04-03T17:50:02.081530,1227.729982963394,95951,85,-3.4585656265657927,4.062118051069122,8.621916116665219,10.139029380413861,0.09889871827683017,True,hand_fine_motor,P10,4,0.34
2026-04-03T17:50:02.081921,1232.362058878393,95951,87,-3.744354395929398,4.788363742227758,8.453088730339582,10.411691805522832,0.27266242510897065,True,hand_fine_motor,P10,4,0.34
2026-04-03T17:50:02.082143,1187.3396420623426,96059,87,-3.6124227364945076,5.079713744044431,8.23015384927882,10.324171740695489,0.08752006482734309,True,hand_fine_motor,P10,4,0.34
2026-04-03T17:50:02.140750,1272.1953628116266,96059,86,-3.3989710827686705,4.916775591899288,8.135049061032706,10.094885332087896,0.2292864086075923,True,hand_fine_motor,P10,4,0.34
2026-04-03T17:50:02.141126,1155.8093077537417,96051,86,-3.366529366602012,4.418954296670786,7.531664644665834,9.358773924610437,0.7361114074774591,True,hand_fine_motor,P10,4,0.34
2026-04-03T17:50:02.141630,1245.3074489892338,96051,85,-3.3846894551501205,4.726560420063775,7.781177801097103,9.713044017433681,0.35427009282324384,True,hand_fine_motor,P10,4,0.34
2026-04-03T17:50:02.201652,1186.4268395810218,96070,88,-3.027890535744231,4.697527092927072,7.248547451324252,9.152940622517589,0.5601033949160925,True,hand_fine_motor,P10,4,0.34
2026-04-03T17:50:02.204800,1230.2913318177025,96070,87,-3.1587496070236103,4.827097030753924,7.337278816109624,9.333500160685498,0.18055953816790904,True,hand_fine_motor,P10,4,0.34
2026-04-03T17:50:02.204869,1100.8998135719633,96142,86,-3.1301411509610357,4.728891752817606,7.193027274276152,9.159685704394374,0.17381445629112413,True,hand_fine_motor,P10,4,0.34
2026-04-03T17:50:02.267954,1210.2573730606086,96142,86,-3.2742665385401435,4.753629675910549,7.111120393260899,9.15892186387416,0.0007638405202143872,True,hand_fine_motor,P10,4,0.34
2026-04-03T17:50:02.270894,1263.7091787162801,96310,88,-3.0690601914576017,4.649181277378892,7.133790381133216,9.051242025858604,0.10767983801555481,True,hand_fine_motor,P10,4,0.34
2026-04-03T17:50:02.271251,1269.9172281112876,96310,85,-3.1425218468073703,4.764438286721719,7.236426255492985,9.216353980660118,0.16511195480151386,True,hand_fine_motor,P10,4,0.34
2026-04-03T17:50:02.320657,1157.679053943312,96441,86,-3.408623876930718,4.776851316659059,7.339281675622342,9.396918683801381,0.18056470314126294,True,hand_fine_motor,P10,4,0.34
2026-04-03T17:50:02.321291,1142.2745394848212,96441,86,-3.1594988275362477,4.779279215307626,7.392208658470902,9.352469807994387,0.04444887580699408,True,hand_fine_motor,P10,4,0.34
2026-04-03T17:50:02.321812,1179.3462140406693,96526,86,-3.1509556445953564,4.732232021692678,7.206270630872419,9.178936637035648,0.17353317095873955,True,hand_fine_motor,P10,4,0.34
2026-04-03T17:50:02.386680,1235.58518120554,96526,87,-3.3202421503571253,4.766801547247216,7.1847580367656985,9.239434667484577,0.06049803044892954,True,hand_fine_motor,P10,4,0.34
2026-04-03T17:50:02.442996,1145.528871400737,96595,87,-3.180173887226759,4.806669279484191,7.206842972623852,9.22800959835835,0.011425069126227427,True,hand_fine_motor,P10,4,0.34
2026-04-03T17:50:02.443280,1156.8252577563992,96595,85,-3.070329551356828,4.844561786743142,7.177297483183273,9.187507911377049,0.04050168698130108,True,hand_fine_motor,P10,4,0.34
2026-04-03T17:50:02.443493,1294.2866068416115,96656,85,-3.1953537609602107,4.619851450879403,7.1365606820048315,9.082059868433612,0.10544804294343635,True,hand_fine_motor,P10,4,0.34
2026-04-03T17:50:02.443681,1194.2312594925306,96656,85,-3.239356091938096,4.78114411942197,7.188063985208598,9.220684944000238,0.13862507556662607,True,hand_fine_motor,P10,4,0.34
2026-04-03T17:50:02.443884,1188.6344233359828,96704,88,-3.151436160288263,4.962572040277791,7.9084136310238575,9.854018331964035,0.6333333879637966,True,hand_fine_motor,P10,4,0.34
2026-04-03T17:50:02.501429,1141.3889855201774,96704,87,-3.321721715168269,4.850176979013394,7.968698125990822,9.902434130250075,0.04841579828604026,True,hand_fine_motor,P10,4,0.34
2026-04-03T17:50:02.501731,1210.2801586682492,96457,87,-3.3039173698381434,4.7578698965691695,7.912270197017744,9.805978564631504,0.09645556561857127,True,hand_fine_motor,P10,4,0.34
2026-04-03T17:50:02.501962,1198.8002520574987,96457,87,-3.359939952512485,4.411923079158833,7.852416731861838,9.613257006432717,0.19272155819878733,True,hand_fine_motor,P10,4,0.34
2026-04-03T17:50:02.568917,1269.0556363297385,95832,84,-3.2925477286049794,4.450270630723844,7.690377749412033,9.475636609773334,0.13762039665938275,True,hand_fine_motor,P10,4,0.34
2026-04-03T17:50:02.569318,1175.176288130585,95832,86,-3.2098758064367936,4.767500522931526,7.826772056106492,9.710341124139259,0.23470451436592477,True,hand_fine_motor,P10,4,0.34
2026-04-03T17:50:02.569552,1139.2303651469056,95553,86,-2.900003835095825,5.845668574047886,7.292847950777286,9.78608678452925,0.07574566038999109,True,hand_fine_motor,P10,4,0.34
2026-04-03T17:50:02.620506,1199.5521528630018,95553,84,-2.934990614011941,5.6711987609124455,7.378983210673714,9.75838401137799,0.02770277315126002,True,hand_fine_motor,P10,4,0.34
2026-04-03T17:50:02.621047,1193.020276192757,95495,86,-2.600803870983542,5.5249761817623195,7.274939315367326,9.498120057497754,0.2602639538802354,True,hand_fine_motor,P10,4,0.34
2026-04-03T17:50:02.621395,1230.4035299111706,95495,86,-2.731464739778456,5.4008330167511,7.261976814363372,9.45336998915376,0.04475006834399409,True,hand_fine_motor,P10,4,0.34
2026-04-03T17:50:02.809657,1195.783582805528,95490,87,-2.5189429582484597,6.522062643254133,6.617661544488996,9.626828089607141,0.17345810045338084,True,hand_fine_motor,P10,4,0.34
2026-04-03T17:50:02.810597,1079.738388293453,95490,86,-2.3652893343489914,7.04056757567736,6.031537714707682,9.56784367696325,0.058984412643891204,True,hand_fine_motor,P10,4,0.34
2026-04-03T17:50:02.811094,1080.1802214863362,95567,85,-2.620115841913516,7.00264967028442,6.24920267372578,9.744467327005726,0.17662365004247604,True,hand_fine_motor,P10,4,0.34
2026-04-03T17:50:02.811483,1162.2874120660413,95567,87,-2.9123999615404226,6.220292778268348,6.248770883026431,9.285540012940386,0.45892731406534004,True,hand_fine_motor,P10,4,0.34
2026-04-03T17:50:02.811781,1088.6615763392895,95614,86,-2.910303845868642,6.139546720305038,6.187193323877491,9.18941040726337,0.09612960567701556,True,hand_fine_motor,P10,4,0.34
2026-04-03T17:50:02.812353,1197.0712671138704,95614,87,-3.806649919595428,4.596979913747766,6.800076855844085,9.047864564809903,0.14154584245346769,True,hand_fine_motor,P10,4,0.34
2026-04-03T17:50:02.862494,1177.1689657470613,95621,86,-4.000690452096872,5.199547608863115,7.174696824568903,9.721990226019171,0.6741256612092688,True,hand_fine_motor,P10,4,0.34
2026-04-03T17:50:02.865843,1242.6611320967004,95621,88,-4.179211146355989,5.2040768294628945,7.022661366741391,9.688446424721601,0.0335438012975704,True,hand_fine_motor,P10,4,0.34
2026-04-03T17:50:02.866202,1200.6458135867772,95639,86,-4.95730244143099,5.402608788619038,7.849731227878497,10.741569232128617,1.053122807407016,True,hand_fine_motor,P10,4,0.34
2026-04-03T17:50:02.866624,1163.0503558922362,95639,85,-5.08676218907748,5.391058075020451,7.81947729894283,10.774176625856557,0.03260739372793964,True,hand_fine_motor,P10,4,0.34
2026-04-03T17:50:02.866653,1174.8886308242058,95670,87,-5.093378371923317,4.001018576549051,8.048486875093978,10.330962872260594,0.4432137535959626,True,hand_fine_motor,P10,4,0.34
2026-04-03T17:50:02.867077,1161.978206304098,95670,87,-4.690242134727099,3.5194660223097176,8.404062723921806,10.247598871549082,0.08336400071151218,True,hand_fine_motor,P10,4,0.34
2026-04-03T17:50:02.920386,1194.9022202327556,95715,86,-4.758789783937817,3.704139428885806,8.109300616459969,10.105814445380215,0.14178442616886677,True,hand_fine_motor,P10,4,0.34
2026-04-03T17:50:02.921010,1148.7010542183448,95715,88,-4.750805506627071,3.4482861187891767,8.173108508643576,10.062829264818829,0.042985180561386116,True,hand_fine_motor,P10,4,0.34
2026-04-03T17:50:02.921426,1154.4995260497055,95756,86,-4.280335838841071,3.978952344220657,8.102433471196377,9.990133372783855,0.0726958920349734,True,hand_fine_motor,P10,4,0.34
2026-04-03T17:50:02.980218,1192.4621579775137,95756,84,-4.420654920200597,3.669076844570666,8.052756441742426,9.891976603534934,0.0981567692489218,True,hand_fine_motor,P10,4,0.34
2026-04-03T17:50:02.980694,1270.448747558718,95866,86,-3.8607214229806184,2.150319103129724,8.18977266580436,9.305988312302052,0.5859882912328818,True,hand_fine_motor,P10,4,0.34
2026-04-03T17:50:02.981456,1199.0477167189028,95866,87,-3.866398086669667,1.7227852362165286,8.362970027817337,9.373168664912608,0.06718035261055633,True,hand_fine_motor,P10,4,0.34
2026-04-03T17:50:03.041487,1148.1260786718256,96033,86,-3.8109589042155925,1.8595485955187936,8.301504544612756,9.32181883823872,0.05134982667388854,True,hand_fine_motor,P10,4,0.34
2026-04-03T17:50:03.042000,1119.5998517486773,96033,85,-4.234247308589694,1.3245155019867667,9.232269926867218,10.242948774051305,0.9211299358125853,True,hand_fine_motor,P10,4,0.34
2026-04-03T17:50:03.042245,1167.4674605726273,96200,86,-4.1912085592942425,1.3718926605126638,9.046672380390385,10.064323117705834,0.17862565634547067,True,hand_fine_motor,P10,4,0.34
2026-04-03T17:50:03.101964,1130.4801931096404,96200,86,-4.2783835233991345,1.3167707847452124,8.652922413474375,9.742254213807957,0.32206890389787723,True,hand_fine_motor,P10,4,0.34
2026-04-03T17:50:03.102462,1121.5573419765433,96275,85,-4.207808240975356,1.460964505118476,8.360808417347062,9.473287965095206,0.26896624871275066,True,hand_fine_motor,P10,4,0.34
2026-04-03T17:50:03.161665,1190.6711442864641,96275,85,-4.939187144184116,0.8741029055073141,8.880590757511237,10.199241037306845,0.7259530722116381,True,hand_fine_motor,P10,4,0.34
2026-04-03T17:50:03.162346,1195.7579984045387,96026,86,-5.101837943878713,2.086152495422838,8.778532726110749,10.36549176176205,0.16625072445520495,True,hand_fine_motor,P10,4,0.34
2026-04-03T17:50:03.162472,1129.6689533511233,96026,88,-5.051330618774965,2.133742996883986,8.9305951236553,10.479710370977852,0.1142186092158024,True,hand_fine_motor,P10,4,0.34
2026-04-03T17:50:03.163165,1176.1990231476766,95378,87,-4.420270947570945,2.211189540680769,8.348348348095419,9.7017047252482,0.7780056457296514,True,hand_fine_motor,P10,4,0.34
2026-04-03T17:50:03.223984,1144.8053632086283,95378,87,-4.575300764747953,2.366815925655185,8.440939444198333,9.888612309847195,0.1869075845989947,True,hand_fine_motor,P10,4,0.34
2026-04-03T17:50:03.224533,1206.1909539732878,94974,85,-4.5093643330578885,2.4352234050986046,8.302357545679433,9.756732062391325,0.1318802474558698,True,hand_fine_motor,P10,4,0.34
2026-04-03T17:50:03.224670,1126.2808332443863,94974,86,-4.431821412380404,2.4731832046317175,8.26890046506328,9.702184861979779,0.05454720041154637,True,hand_fine_motor,P10,4,0.34
2026-04-03T17:50:03.293486,1208.1980070904667,94881,86,-4.561746124888841,2.2665867049454698,8.375632392371614,9.802966947364384,0.10078208538460487,True,hand_fine_motor,P10,4,0.34
2026-04-03T17:50:03.293544,1276.6057881703157,94881,86,-4.438293919835744,2.4386400726379764,8.42564908662839,9.830411021606803,0.027444074242419347,True,hand_fine_motor,P10,4,0.34
2026-04-03T17:50:03.293820,1103.1454493115602,94898,87,-4.513931081366211,2.3069948755609744,8.318884964926085,9.741747595932765,0.08866342567403862,True,hand_fine_motor,P10,4,0.34
2026-04-03T17:50:03.341235,1162.827310516879,94898,87,-4.465783224491358,2.251649815395452,8.394070872730849,9.771057901565584,0.029310305632819222,True,hand_fine_motor,P10,4,0.34
2026-04-03T17:50:03.342256,1143.8686544766847,94931,86,-4.603682060555435,2.2948662983455206,8.560388691848935,9.987019294939664,0.21596139337408005,True,hand_fine_motor,P10,4,0.34
2026-04-03T17:50:03.343331,1276.315039083165,94931,86,-4.285118294377015,2.256435002071724,8.465816562916018,9.753142457296633,0.2338768376430309,True,hand_fine_motor,P10,4,0.34
2026-04-03T17:50:03.460460,1141.4829626799317,95051,84,-4.534324471559847,2.279409176395617,8.353430233755843,9.774231492912843,0.02108903561621034,True,hand_fine_motor,P10,4,0.34
2026-04-03T17:50:03.460885,1140.0664462101079,95051,86,-4.634352214980593,2.2227515596281737,8.341667974123832,9.798023756801584,0.02379226388874045,True,hand_fine_motor,P10,4,0.34
2026-04-03T17:50:03.461103,1215.6398345948421,95125,86,-4.454016507347243,2.1390006780950883,8.207985466959876,9.5804286112072,0.21759514559438387,True,hand_fine_motor,P10,4,0.34
2026-04-03T17:50:03.462033,1217.3850322226872,95125,87,-4.429353492887034,2.259754807558783,8.529280674687469,9.872907017835868,0.29247840662866764,True,hand_fine_motor,P10,4,0.34
2026-04-03T17:50:03.462624,1157.521451004725,95140,88,-6.611601213497703,1.904213533348766,7.914805106149411,10.48729896852577,0.6143919506899032,True,hand_fine_motor,P10,4,0.34
2026-04-03T17:50:03.463374,1241.5548324695653,95140,86,-6.724968219174883,2.2159395756112805,7.748368667402544,10.49632329711971,0.009024328593939757,True,hand_fine_motor,P10,4,0.34
2026-04-03T17:50:03.524282,1017.8866570552123,95186,88,-6.868098797600837,2.1748063497751042,7.7709961306342805,10.596647800835939,0.10032450371622836,True,hand_fine_motor,P10,4,0.34
2026-04-03T17:50:03.524603,1214.4644638600894,95186,86,-7.016375507150763,1.9101325626923833,6.995879981291449,10.090612884113499,0.5060349167224398,True,hand_fine_motor,P10,4,0.34
2026-04-03T17:50:03.525006,1180.82748158012,95283,86,-7.094777439823601,1.7828398783580386,6.751610348976379,9.954829343434199,0.13578354067930043,True,hand_fine_motor,P10,4,0.34
2026-04-03T17:50:03.581626,1136.9635073227778,95283,86,-6.609101441576771,1.7074214042919766,6.5582485828260815,9.466051668516648,0.4887776749175501,True,hand_fine_motor,P10,4,0.34
2026-04-03T17:50:03.582707,1176.3445883689938,95400,86,-5.719514426792067,2.447238453562031,6.448369546683216,8.960094371013442,0.5059572975032065,True,hand_fine_motor,P10,4,0.34
2026-04-03T17:50:03.583431,1143.8780437325381,95400,86,-5.600858678687848,2.513366695913465,6.562268014137694,8.986099909089296,0.026005538075853707,True,hand_fine_motor,P10,4,0.34
2026-04-03T17:50:03.641479,1139.9182004748113,95521,85,-5.305077430595225,4.220330956614017,6.649935971138501,9.49614070810912,0.5100407990198246,True,hand_fine_motor,P10,4,0.34
2026-04-03T17:50:03.641959,1170.1294620863941,95521,86,-5.231297156470723,3.9650039077036823,6.63458999910272,9.333033289536578,0.16310741857254207,True,hand_fine_motor,P10,4,0.34
2026-04-03T17:50:03.641989,1129.8808424450535,95574,86,-5.2164293477490755,5.636567410751753,6.923771883788761,10.340243924335166,1.0072106347985876,True,hand_fine_motor,P10,4,0.34
2026-04-03T17:50:03.700210,1212.8960021049193,95574,87,-4.887178503749548,6.163367262607365,6.5180909101757845,10.21553321440482,0.12471070993034594,True,hand_fine_motor,P10,4,0.34
2026-04-03T17:50:03.701111,1165.4199474240318,95700,85,-5.159413330049103,6.156818550232386,6.453164203183801,10.30384825218359,0.08831503777877003,True,hand_fine_motor,P10,4,0.34
2026-04-03T17:50:03.701505,1220.4577878053321,95700,84,-5.033745534598842,5.146311273427158,6.37707012380176,9.617179274297753,0.6866689778858373,True,hand_fine_motor,P10,4,0.34
2026-04-03T17:50:03.760279,1109.965386525169,95850,86,-4.974575883968145,5.142141593187615,6.4594855677280485,9.639137886213396,0.02195861191564319,True,hand_fine_motor,P10,4,0.34
2026-04-03T17:50:03.761284,1156.1397384567997,95850,86,-5.140187036251798,4.22677533680691,6.323398112998274,9.180006329570821,0.4591315566425749,True,hand_fine_motor,P10,4,0.34
2026-04-03T17:50:03.761777,1149.9532310451032,95940,87,-5.711234730202077,3.9753790990337734,6.341176846990608,9.414476349182184,0.23447001961136316,True,hand_fine_motor,P10,4,0.34
2026-04-03T17:50:03.821843,1146.5738957579686,95940,85,-5.56355055634881,4.156201658863664,6.3387115490641435,9.402466225646831,0.01201012353535269,True,hand_fine_motor,P10,4,0.34
2026-04-03T17:50:03.822343,1194.5840891351097,95635,86,-6.595634221198275,4.22775584535181,6.5844072674508505,10.233803268160267,0.8313370425134359,True,hand_fine_motor,P10,4,0.34
2026-04-03T17:50:03.822586,1138.3794918619628,95635,86,-6.588465877887025,4.216923602396455,6.5427533546641845,10.197938456006653,0.03586481215361381,True,hand_fine_motor,P10,4,0.34
2026-04-03T17:50:03.881182,1285.2879700977742,95035,86,-6.298171838730196,3.9897049232814368,6.248768689002034,9.727888980332908,0.4700494756737452,True,hand_fine_motor,P10,4,0.34
2026-04-03T17:50:03.881693,1134.882881509524,95035,87,-6.7970511124893305,4.6255957923526365,5.913617402546897,10.127532327459063,0.3996433471261547,True,hand_fine_motor,P10,4,0.34
2026-04-03T17:50:03.882225,1109.357238428367,94678,86,-7.026383043039406,4.5673400356402105,5.877622962231166,10.236068842813665,0.10853651535460251,True,hand_fine_motor,P10,4,0.34
2026-04-03T17:50:03.941047,1106.176172284747,94678,85,-7.677771727550132,3.0842814259314797,6.135126259103207,10.300521580476,0.06445273766233406,True,hand_fine_motor,P10,4,0.34
2026-04-03T17:50:03.941567,1173.07114538054,94516,85,-7.667359594368581,3.2101547902972896,6.255113627124188,10.402881495780834,0.10235991530483446,True,hand_fine_motor,P10,4,0.34
2026-04-03T17:50:03.941671,1211.9893264256636,94516,85,-8.002108754302258,3.1098939867293383,5.860248428254834,10.394599403788458,0.00828209199237584,True,hand_fine_motor,P10,4,0.34
2026-04-03T17:50:04.000289,1218.5775827790317,94238,87,-7.230439109702345,2.093942158202761,6.081005027097681,9.676903720746596,0.7176956830418622,True,hand_fine_motor,P10,4,0.34
2026-04-03T17:50:04.000781,1204.8960843115092,94238,87,-7.569911059428735,1.0110606885848912,6.13866563999071,9.798418903234632,0.12151518248803583,True,hand_fine_motor,P10,4,0.34
2026-04-03T17:50:04.001582,1203.1385095243745,93943,85,-7.388399824958614,1.1979516353981625,5.911135030347421,9.537560350592914,0.260858552641718,True,hand_fine_motor,P10,4,0.34
2026-04-03T17:50:04.060761,1226.771969622603,93943,88,-7.253808016574519,1.1874867004227432,5.261565284144475,9.039464842805463,0.4980955077874505,True,hand_fine_motor,P10,4,0.34
2026-04-03T17:50:04.061185,1059.3082860941709,94000,87,-7.326974998297221,1.370464065731596,5.289295166138161,9.139987841111532,0.1005229983060687,True,hand_fine_motor,P10,4,0.34
2026-04-03T17:50:04.061681,1193.2931230262616,94000,86,-7.6398065368439525,2.298238323020798,5.952144497783953,9.953721285645125,0.8137334445335931,True,hand_fine_motor,P10,4,0.34
2026-04-03T17:50:04.120360,1123.6018419858294,94104,85,-7.720678894487633,2.1577323465370863,5.563364137548423,9.75785386230185,0.1958674233432749,True,hand_fine_motor,P10,4,0.34
2026-04-03T17:50:04.121739,1107.2846001384346,94104,87,-7.643987550284026,1.487617469282946,6.47630271677196,10.128477095944922,0.37062323364307126,True,hand_fine_motor,P10,4,0.34
2026-04-03T17:50:04.121987,1109.6945998091517,94185,85,-8.180479471554557,0.37226350250921836,6.652574363863413,10.550619420989397,0.4221423250444758,True,hand_fine_motor,P10,4,0.34
2026-04-03T17:50:04.187102,1263.1506348354349,94185,85,-8.002982478929773,0.5297094503115244,6.663540138822516,10.427419999285782,0.12319942170361564,True,hand_fine_motor,P10,4,0.34
2026-04-03T17:50:04.187127,1157.0465952571503,94179,87,-7.867458741777819,-0.21598050655975093,6.142166182137264,9.983474347229059,0.44394565205672265,True,hand_fine_motor,P10,4,0.34
2026-04-03T17:50:04.187147,1146.0205404255385,94179,85,-7.997129547471465,-0.39530454097094275,6.135082126487183,10.087099651430826,0.10362530420176697,True,hand_fine_motor,P10,4,0.34
2026-04-03T17:50:04.243412,1113.746086884484,94204,87,-8.095296776470608,-0.17511632792970314,5.919276279285124,10.03007115119083,0.05702850023999595,True,hand_fine_motor,P10,4,0.34
2026-04-03T17:50:04.243855,1131.26370211104,94204,86,-8.214125108779415,-0.18285224156595856,6.254684655506194,10.326004376560702,0.2959332253698719,True,hand_fine_motor,P10,4,0.34
2026-04-03T17:50:04.244170,1187.8296311646045,94264,86,-8.100510483781163,-0.3949214211302054,6.2282048929016005,10.225691625248604,0.1003127513120976,True,hand_fine_motor,P10,4,0.34
2026-04-03T17:50:04.300918,1165.582605998651,94264,87,-7.904884641260628,-0.21029901950239654,6.06260951764816,9.964269217193998,0.2614224080546066,True,hand_fine_motor,P10,4,0.34
2026-04-03T17:50:04.361662,1259.1779912584882,94555,86,-8.094965280329502,-0.2725819361525998,6.1663996380414705,10.179746966290212,0.2154777490962143,True,hand_fine_motor,P10,4,0.34
2026-04-03T17:50:04.362091,1185.9543625225954,94555,88,-8.099877706601655,-0.1603235500186032,6.216866235076237,10.211912077932519,0.032165111642306954,True,hand_fine_motor,P10,4,0.34
2026-04-03T17:50:04.362625,1086.8579956364342,95272,86,-7.963371877773169,-0.48502383500991475,6.1668550407026235,10.083681910754407,0.12823016717811164,True,hand_fine_motor,P10,4,0.34
2026-04-03T17:50:04.362759,1076.847985954259,95272,86,-8.19454219445421,-0.18283119054915262,6.013117220954291,10.165703504129219,0.08202159337481163,True,hand_fine_motor,P10,4,0.34
2026-04-03T17:50:04.363380,1211.6118840992997,95754,86,-7.828253102897521,-0.08333966137531376,6.177774518708992,9.972632057094703,0.19307144703451584,True,hand_fine_motor,P10,4,0.34
2026-04-03T17:50:04.420610,1157.7962874259938,95754,87,-8.267976426677942,-0.2697901475717307,6.213453483723264,10.345976276322196,0.3733442192274925,True,hand_fine_motor,P10,4,0.34
2026-04-03T17:50:04.481738,1185.887347342031,96012,86,-7.912283586191282,-0.08084314865788628,6.124175936679962,10.005813213647693,0.34016306267450247,True,hand_fine_motor,P10,4,0.34
2026-04-03T17:50:04.483194,1109.8412313219158,96012,88,-7.9991083897231405,-0.17801860098006497,6.1894178026440585,10.115647205617702,0.10983399197000843,True,hand_fine_motor,P10,4,0.34
2026-04-03T17:50:04.484047,1193.1534460604742,95832,87,-8.837736979238096,0.013114602739078232,6.128817875956083,10.754914014702132,0.6392668090844307,True,hand_fine_motor,P10,4,0.34
2026-04-03T17:50:04.485074,1195.1108833462722,95832,85,-7.572565248025901,0.2435470914207769,6.064727670532701,9.704843189824043,1.0500708248780892,True,hand_fine_motor,P10,4,0.34
2026-04-03T17:50:04.485968,1262.88056017118,95140,87,-7.538900190700661,0.24407731317651998,6.123744213516464,9.71570033567989,0.010857145855846184,True,hand_fine_motor,P10,4,0.34
2026-04-03T17:50:04.542671,1168.7282453584721,95140,85,-7.266156064811693,-0.10804258582642147,6.813822157640309,9.961770402619297,0.24607006693940825,True,hand_fine_motor,P10,4,0.34
2026-04-03T17:50:04.544000,1158.4679747446146,94491,88,-7.269599760592074,0.1600338662887226,6.921935106297883,10.039216958177503,0.07744655555820579,True,hand_fine_motor,P10,4,0.34
2026-04-03T17:50:04.544353,1243.5716980196983,94491,86,-7.273560756131566,0.0676175996116089,6.817794994898363,9.96953292814541,0.06968403003209289,True,hand_fine_motor,P10,4,0.34
2026-04-03T17:50:04.602299,1247.5865916749055,93880,87,-7.03554698507909,-0.1732066784726789,6.992524085218872,9.920902933457672,0.04862999468773843,True,hand_fine_motor,P10,4,0.34
2026-04-03T17:50:04.602713,1141.7287168218247,93880,87,-6.9205190296518175,0.003009647192971976,7.048054223900299,9.87768500412865,0.04321792932902113,True,hand_fine_motor,P10,4,0.34
2026-04-03T17:50:04.603031,1287.379232364425,93455,88,-7.751943769648754,-0.14944944298762342,6.877095144005145,10.363850875205827,0.48616587107717635,True,hand_fine_motor,P10,4,0.34
2026-04-03T17:50:04.661452,1199.160736518603,93455,87,-8.203492965517826,-1.094911019535997,7.332718765470127,11.057345588769467,0.6934947135636396,True,hand_fine_motor,P10,4,0.34
2026-04-03T17:50:04.662000,1240.749489839893,93272,86,-8.260147817054317,-1.0170914953935781,7.212399699829227,11.01286640705706,0.044479181712405946,True,hand_fine_motor,P10,4,0.34
2026-04-03T17:50:04.662032,1157.8891741608827,93272,86,-7.508408778714029,-1.6544295543668888,8.29224483114085,11.308168016005718,0.2953016089486571,True,hand_fine_motor,P10,4,0.34
2026-04-03T17:50:04.721261,1133.3824250968778,93411,85,-7.374427090048277,-1.684541718480794,8.105407066591615,11.086815567280508,0.22135244872520943,True,hand_fine_motor,P10,4,0.34
2026-04-03T17:50:04.783062,1308.9120283459245,93411,86,-5.781073688193941,0.020822644168487406,9.070660749067455,10.756306661466631,0.33050890581387726,True,hand_fine_motor,P10,4,0.34
2026-04-03T17:50:04.783353,1195.1444451482578,94157,86,-6.001650800855213,0.027043088930473205,9.121218682342567,10.918661727298817,0.16235506583218573,True,hand_fine_motor,P10,4,0.34
2026-04-03T17:50:04.783559,1141.2033351894736,94157,87,-3.653724256750677,0.38606720491158864,7.616301901487954,8.456169551616474,2.4624921756823426,True,hand_fine_motor,P10,4,0.34
2026-04-03T17:50:04.783750,1174.4522008260133,95872,86,-3.2187012874559935,0.6568920874591853,7.293606678182475,7.99926518928241,0.45690436233406473,True,hand_fine_motor,P10,4,0.34
2026-04-03T17:50:04.783927,1197.3794291843358,95872,86,-3.236863568365994,0.6629625624153218,7.438044098932664,8.138876159338361,0.13961097005595136,True,hand_fine_motor,P10,4,0.34
2026-04-03T17:50:04.851424,1203.439794026863,96293,87,-3.240602741057768,0.48683805906251626,7.389045413736677,8.083100243555432,0.055775915782929175,True,hand_fine_motor,P10,4,0.34
2026-04-03T17:50:04.851759,1216.2906683289839,96293,87,-3.834977584632726,1.6241476087356361,8.324015564414601,9.307746432204397,1.2246461886489648,True,hand_fine_motor,P10,4,0.34
2026-04-03T17:50:04.852008,1128.9929268486533,95772,86,-3.7821450209820533,1.6197429129403695,8.25451966896952,9.223084247103273,0.08466218510112355,True,hand_fine_motor,P10,4,0.34
2026-04-03T17:50:04.903016,1246.8331160595471,95772,88,-3.519349384575894,2.3228497413509355,8.500005627722528,9.488495491010337,0.2654112439070637,True,hand_fine_motor,P10,4,0.34
2026-04-03T17:50:04.904008,1285.2900907464232,95319,85,-4.014245873641821,3.7904802642256286,8.385397916789374,10.039761391110346,0.5512659001000095,True,hand_fine_motor,P10,4,0.34
2026-04-03T17:50:04.904296,1286.6488027245848,95319,86,-3.9886475226269553,3.770402960475118,8.236231929315032,9.897513017803316,0.1422483733070301,True,hand_fine_motor,P10,4,0.34
2026-04-03T17:50:04.962456,1222.4925872498404,95200,86,-3.7397702796466175,4.358825358650142,7.5386666554397195,9.477169155057767,0.4203438627455487,True,hand_fine_motor,P10,4,0.34
2026-04-03T17:50:04.962796,1219.1399709636537,95200,88,-3.745460476314562,4.336998286482645,7.788018363595325,9.66908777229196,0.191918617234192,True,hand_fine_motor,P10,4,0.34
2026-04-03T17:50:04.963051,1178.3692265846253,95203,85,-3.467513933913779,5.10108123177012,6.953443492089545,9.294894244298105,0.37419352799385486,True,hand_fine_motor,P10,4,0.34
2026-04-03T17:50:05.056620,1192.397742273681,95203,87,-3.4499856953700268,4.989791997251676,6.9715867228101995,9.241398536355748,0.05349570794235703,True,hand_fine_motor,P10,4,0.34
2026-04-03T17:50:05.057077,1274.3412628965468,95276,85,-3.1443585696687935,5.649960310058725,6.9835295111422955,9.517285682004287,0.27588714564853944,True,hand_fine_motor,P10,4,0.34
2026-04-03T17:50:05.057495,1267.0349408083844,95276,85,-2.9002304337197113,6.367641145336982,7.000578929767327,9.897792464805713,0.3805067828014259,True,hand_fine_motor,P10,4,0.34
2026-04-03T17:50:05.080742,1239.6337294482862,95312,86,-2.6887052646504968,6.459897574301362,7.0983313413606375,9.967232339138414,0.06943987433270138,True,hand_fine_motor,P10,4,0.34
2026-04-03T17:50:05.204556,1253.739919818176,95312,86,-2.6531925837608332,6.2969026562177834,7.7252908930041695,10.313609132109827,0.34637679297141233,True,hand_fine_motor,P10,4,0.34
2026-04-03T17:50:05.204926,1210.1232638553054,95344,88,-2.693430669106862,6.2141817529667,7.579538800469152,10.164646184496885,0.14896294761294193,True,hand_fine_motor,P10,4,0.34
2026-04-03T17:50:05.205285,1229.5265580847265,95344,88,-3.0647980495473073,5.557736232677134,7.848314020352458,10.093436088794647,0.07121009570223791,True,hand_fine_motor,P10,4,0.34
2026-04-03T17:50:05.205550,1269.2401781223,95172,87,-2.9525144891024384,5.200388593254331,7.634525425760248,9.697801905885132,0.39563418290951446,True,hand_fine_motor,P10,4,0.34
2026-04-03T17:50:05.205768,1230.9567798458972,95172,85,-2.9754850764391643,5.431550638326893,7.50042186183816,9.7268485072176,0.029046601332467503,True,hand_fine_motor,P10,4,0.34
2026-04-03T17:50:05.205973,1138.0963427840093,94736,86,-3.021430017017124,5.755849559442713,7.236462966975199,9.72755055350896,0.000702046291360503,True,hand_fine_motor,P10,4,0.34
2026-04-03T17:50:05.269472,1170.105647264181,94736,87,-2.942453339362212,5.844912728814432,7.2371483961407534,9.756913106589783,0.029362553080822806,True,hand_fine_motor,P10,4,0.34
2026-04-03T17:50:05.277066,1117.8436674762884,94503,85,-2.9830080822965788,5.982666720050876,7.167828142787337,9.80144880039605,0.04453569380626732,True,hand_fine_motor,P10,4,0.34
2026-04-03T17:50:05.283641,1208.7897751283479,94503,86,-3.0370492808686413,5.7994851885395144,7.081237524958988,9.643734840371817,0.15771396002423366,True,hand_fine_motor,P10,4,0.34
2026-04-03T17:50:05.283923,1239.4633471136501,94434,87,-2.92711063034364,5.785961996612266,7.1496301325246865,9.652074590491782,0.008339750119965572,True,hand_fine_motor,P10,4,0.34
2026-04-03T17:50:05.284134,1216.7026214032535,94434,86,-2.8943634517276844,6.001247383129184,7.20368097075923,9.81250882662994,0.16043423613815833,True,hand_fine_motor,P10,4,0.34
2026-04-03T17:50:05.343894,1256.6045469700448,94416,85,-2.9567554642249547,5.716492712710225,7.087755859630054,9.573764930026922,0.23874389660301887,True,hand_fine_motor,P10,4,0.34
2026-04-03T17:50:05.345614,1262.4751683771024,94416,87,-2.950787951469881,5.918982455260418,7.14562507452957,9.736604158841326,0.16283922881440382,True,hand_fine_motor,P10,4,0.34
2026-04-03T17:50:05.345860,1188.0296076710658,94475,87,-3.079746546710358,5.841550620653691,7.167223200969257,9.745647277536055,0.009043118694728847,True,hand_fine_motor,P10,4,0.34
2026-04-03T17:50:05.386617,1264.3301536865827,94475,87,-2.836660391935722,6.080753273277052,7.258307522016481,9.884595623180926,0.1389483456448719,True,hand_fine_motor,P10,4,0.34
2026-04-03T17:50:05.387468,1188.1374098153283,94509,87,-2.9945426075680484,5.883632346602864,7.3792899655446265,9.901430978102084,0.01683535492115773,True,hand_fine_motor,P10,4,0.34
2026-04-03T17:50:05.387922,1212.1544103513359,94509,87,-2.696290926336133,5.8241350721750385,7.215862957924481,9.657080942289369,0.2443500358127153,True,hand_fine_motor,P10,4,0.34
2026-04-03T17:50:05.440353,1247.940942910065,94479,86,-3.156394069053816,5.712411994411614,7.208153838265773,9.723783012241757,0.06670206995238814,True,hand_fine_motor,P10,4,0.34
2026-04-03T17:50:05.440836,1176.0244488983737,94479,85,-2.8349150642088095,5.6591246052542346,7.024078311219348,9.455163184272072,0.268619827969685,True,hand_fine_motor,P10,4,0.34
2026-04-03T17:50:05.441604,1137.4988463514633,94440,86,-2.5936515251804617,6.00746655265904,6.878112801264655,9.493425004828802,0.03826182055673044,True,hand_fine_motor,P10,4,0.34
2026-04-03T17:50:05.504450,1213.9039137501113,94440,86,-2.550275433112327,5.834236081348314,7.169660575529213,9.588860631271094,0.09543562644229198,True,hand_fine_motor,P10,4,0.34
2026-04-03T17:50:05.505083,1187.574201134265,94412,86,-2.7651626794567052,5.564581419580084,7.231048790413259,9.534083995242183,0.054776636028911696,True,hand_fine_motor,P10,4,0.34
2026-04-03T17:50:05.505508,1149.9382487674118,94412,86,-2.965129848204605,5.5484331883490725,7.665246503492888,9.916305250525381,0.3822212552831985,True,hand_fine_motor,P10,4,0.34
2026-04-03T17:50:05.575615,1197.8215994489292,94466,87,-2.720327002896686,5.01591991630614,7.82374460354242,9.68352266641353,0.2327825841118507,True,hand_fine_motor,P10,4,0.34
2026-04-03T17:50:05.579523,1190.2937645257202,94466,86,-2.730293624603973,5.203967522790182,7.745721273269052,9.722755746082528,0.03923307966899792,True,hand_fine_motor,P10,4,0.34
2026-04-03T17:50:05.579851,1187.6225760166276,94509,86,-2.7448801175202107,5.288293499086462,8.099285795774207,10.054792160640007,0.33203641455747857,True,hand_fine_motor,P10,4,0.34
2026-04-03T17:50:05.620831,1159.193717195666,94509,86,-2.7859665827502114,5.141866086400233,8.159714654315943,10.0389909797017,0.015801180938307624,True,hand_fine_motor,P10,4,0.34
2026-04-03T17:50:05.621733,1283.9973824782917,94584,87,-2.4524276890025134,5.413734704790668,7.949152592688298,9.925318733697383,0.11367224600431669,True,hand_fine_motor,P10,4,0.34
2026-04-03T17:50:05.621939,1208.5218034288864,94584,86,-2.7000206307464927,5.493723179288755,7.835014013753294,9.942763719048227,0.017444985350843822,True,hand_fine_motor,P10,4,0.34
2026-04-03T17:50:05.680933,1270.3040920872857,94649,86,-2.53280858831104,5.458475338504144,7.889150765420275,9.922135463982105,0.020628255066121426,True,hand_fine_motor,P10,4,0.34
2026-04-03T17:50:05.681343,1128.5536421565703,94649,86,-2.6486717794842667,5.105586920251523,7.938419864026953,9.803111237421387,0.1190242265607182,True,hand_fine_motor,P10,4,0.34
2026-04-03T17:50:05.682156,1240.2333473001727,94704,86,-2.7158387230835745,5.084507511535444,7.961802971914548,9.829460980554728,0.026349743133341264,True,hand_fine_motor,P10,4,0.34
2026-04-03T17:50:05.743088,1144.7926317375072,94704,86,-2.8907899062275795,4.874240881651184,8.008502148299522,9.810759252658533,0.018701727896194953,True,hand_fine_motor,P10,4,0.34
2026-04-03T17:50:05.743573,1171.5104124806976,94780,86,-2.802485634910389,4.710071961584508,8.046810595370294,9.736008647025086,0.07475060563344726,True,hand_fine_motor,P10,4,0.34
2026-04-03T17:50:05.743908,1222.5425306949437,94780,86,-2.959782324570009,5.184399783164025,7.750057121568818,9.782724462443364,0.04671581541827763,True,hand_fine_motor,P10,4,0.34
2026-04-03T17:50:05.800473,1178.8291190537466,94755,88,-3.068310893126391,4.745355689383816,7.955424200891084,9.758161024074615,0.02456343836874808,True,hand_fine_motor,P10,4,0.34
2026-04-03T17:50:05.800986,1239.2646654795756,94755,85,-2.8059616440100887,4.834810227088507,7.970061352528551,9.735023813154472,0.023137210920143758,True,hand_fine_motor,P10,4,0.34
2026-04-03T17:50:05.801472,1299.373469688346,94441,87,-2.8225124641595944,5.09536492175487,7.943932937974646,9.850654334572134,0.11563052141766228,True,hand_fine_motor,P10,4,0.34
2026-04-03T17:50:05.861484,1268.4937614295964,94441,87,-2.9229876294715065,4.97985021283088,7.802966689317619,9.707165084558703,0.14348925001343105,True,hand_fine_motor,P10,4,0.34
2026-04-03T17:50:05.862081,1236.3481425054276,94142,87,-2.837190299117219,4.871379255640241,7.836431178783324,9.65347803983074,0.053687044727963595,True,hand_fine_motor,P10,4,0.34
2026-04-03T17:50:05.862527,1160.9840525110762,94142,85,-3.1265484951337386,4.95718648980082,8.17834505393505,10.061527280105675,0.40804924027493605,True,hand_fine_motor,P10,4,0.34
2026-04-03T17:50:05.921879,1214.4888839617815,94050,87,-2.81958908336195,4.733892984597438,7.716592436190231,9.481857635237043,0.5796696448686323,True,hand_fine_motor,P10,4,0.34
2026-04-03T17:50:05.922482,1135.0558132653023,94050,86,-2.9107723978100837,4.594213013805111,7.772352978331521,9.486245832142881,0.0043881969058379156,True,hand_fine_motor,P10,4,0.34
2026-04-03T17:50:05.922808,1258.3792678226177,94063,86,-2.8997078901728783,4.686608369345493,7.843903724179484,9.586419012861207,0.10017318071832548,True,hand_fine_motor,P10,4,0.34
2026-04-03T17:50:05.981843,1199.7343439929714,94063,87,-3.225182581404928,4.714568243848881,8.053635596171818,9.87370258440226,0.2872835715410531,True,hand_fine_motor,P10,4,0.34
2026-04-03T17:50:05.982345,1240.5049446873181,94119,86,-2.915312545045412,4.980657007364911,8.401965606990094,10.193086751389727,0.31938416698746686,True,hand_fine_motor,P10,4,0.34
2026-04-03T17:50:05.982801,1052.4574032097732,94119,87,-3.0205189275813042,5.163756562884149,8.266556674065798,10.204110724514303,0.011023973124576258,True,hand_fine_motor,P10,4,0.34
2026-04-03T17:50:06.041361,1222.4546426672218,94184,87,-3.1107576156150136,5.105483462116273,8.033341134253087,10.013857603557794,0.19025312095650904,True,hand_fine_motor,P10,4,0.34
2026-04-03T17:50:06.042367,1304.5072295103892,94184,86,-3.078321404071281,4.972284097145836,7.704429331567761,9.67253343931229,0.3413241642455045,True,hand_fine_motor,P10,4,0.34
2026-04-03T17:50:06.043232,1187.7466753926963,94264,87,-3.066699162608247,4.773894856199956,7.767002809351333,9.618786227610324,0.053747211701965725,True,hand_fine_motor,P10,4,0.34
2026-04-03T17:50:06.136645,1231.6255890423824,94264,87,-3.1779011616392165,3.04860848468988,8.046440611660563,9.172691862427923,0.4460943651824003,True,hand_fine_motor,P10,4,0.34
2026-04-03T17:50:06.137149,1237.1659529154897,94331,85,-3.171548577692244,2.9969023388225358,8.064204586839207,9.169053365942428,0.0036384964854949686,True,hand_fine_motor,P10,4,0.34
2026-04-03T17:50:06.138064,1202.8725980490685,94331,87,-2.9113945186742374,5.042079939163355,8.274785321167705,10.117848598772985,0.9487952328305571,True,hand_fine_motor,P10,4,0.34
2026-04-03T17:50:06.160885,1120.1320822662533,94355,87,-2.843078507207999,5.1765611652682,8.59124902608311,10.425422807928939,0.3075742091559537,True,hand_fine_motor,P10,4,0.34
2026-04-03T17:50:06.161182,1209.6359303941101,94355,87,-2.880803866522412,5.079932434052075,8.574790874959062,10.374573870824088,0.05084893710485083,True,hand_fine_motor,P10,4,0.34
2026-04-03T17:50:06.220578,1289.626883267972,94453,87,-2.785332166415045,4.7707440023092955,8.10690445746097,9.810197423866505,0.5643764469575832,True,hand_fine_motor,P10,4,0.34
2026-04-03T17:50:06.221029,1143.2609273255164,94453,86,-2.8555349340880025,4.723072551316165,8.170428436941497,9.859888180297759,0.049690756431253646,True,hand_fine_motor,P10,4,0.34
2026-04-03T17:50:06.221373,1299.0378509099583,94558,87,-2.8235917336396983,4.944360611036896,8.223760747587837,10.00248034058643,0.14259216028867172,True,hand_fine_motor,P10,4,0.34
2026-04-03T17:50:06.222327,1178.5986001499655,94558,86,-2.7539493067976366,4.663085399815088,8.142135485925676,9.77869993923272,0.2237804013537108,True,hand_fine_motor,P10,4,0.34
2026-04-03T17:50:06.289401,1274.0594353855195,94681,86,-2.916121083640339,4.870767105887341,8.173097306747847,9.951263937802814,0.1725639985700944,True,hand_fine_motor,P10,4,0.34
2026-04-03T17:50:06.291098,1122.454975620575,94681,87,-2.8617836533669943,4.749489452531608,8.128873256381928,9.840022162409435,0.11124177539337943,True,hand_fine_motor,P10,4,0.34
2026-04-03T17:50:06.291357,1263.2268507425727,94803,86,-2.838203470755241,4.743846454941104,8.213908394597073,9.900897395907942,0.060875233498506987,True,hand_fine_motor,P10,4,0.34
2026-04-03T17:50:06.341882,1267.3860292729241,94803,87,-2.935454167766603,4.78931400385901,7.967463290243842,9.74858405513342,0.15231334077452097,True,hand_fine_motor,P10,4,0.34
2026-04-03T17:50:06.342212,1074.5006201833703,94933,86,-2.902514590990148,4.895550532595615,8.177602061421231,9.963141143387896,0.21455708825447495,True,hand_fine_motor,P10,4,0.34
2026-04-03T17:50:06.343602,1256.487974676745,94933,87,-2.7866871445516916,4.8593521033003455,8.23198142810404,9.95713042689052,0.006010716497375057,True,hand_fine_motor,P10,4,0.34
2026-04-03T17:50:06.405976,1252.8379522479177,95024,87,-2.9536609802266396,4.8361827326934606,8.205471944132627,9.972088368845487,0.014957941954966358,True,hand_fine_motor,P10,4,0.34
2026-04-03T17:50:06.407865,1234.0819714523043,95024,86,-2.7393325641374107,4.718544143823188,8.308157443384767,9.93952120769514,0.032567161150346635,True,hand_fine_motor,P10,4,0.34
2026-04-03T17:50:06.407891,1220.0631762190171,95091,87,-3.1083148589058576,4.554813038444318,8.24330989829179,9.917666114391666,0.021855093303473794,True,hand_fine_motor,P10,4,0.34
2026-04-03T17:50:06.461747,1199.951596250356,95091,85,-2.9225116283282886,4.73313042872351,8.150395150460245,9.867752478739439,0.04991363565222784,True,hand_fine_motor,P10,4,0.34
2026-04-03T17:50:06.462026,1282.8846955555596,94975,87,-1.6728589228336612,4.902796370072646,8.992359090770297,10.377783541752107,0.5100310630126685,True,hand_fine_motor,P10,4,0.34
2026-04-03T17:50:06.462243,1138.9367885003744,94975,87,-1.8110679476872122,4.978553210333495,9.19552365880359,10.612427363185034,0.23464382143292717,True,hand_fine_motor,P10,4,0.34
2026-04-03T17:50:06.522344,1221.9463366420046,94560,87,-1.479713790667782,4.997824284446616,9.293642190826755,10.655495561052609,0.043068197867574654,True,hand_fine_motor,P10,4,0.34
2026-04-03T17:50:06.523846,1268.3307790594588,94560,84,-1.007380763722637,5.574836940318247,8.790795145661026,10.458092665836958,0.19740289521565124,True,hand_fine_motor,P10,4,0.34
2026-04-03T17:50:06.524135,1291.5277611626752,94328,86,-0.5536136781168729,4.891567254779232,8.119440912027837,9.495221905597466,0.9628707602394915,True,hand_fine_motor,P10,4,0.34
2026-04-03T17:50:06.581812,1202.7221204023126,94328,84,-0.4102350844545542,4.950238048133859,8.211916827027622,9.597329187421309,0.10210728182384265,True,hand_fine_motor,P10,4,0.34
2026-04-03T17:50:06.582140,1147.7957497673838,94377,86,-0.14389473452122142,4.446165907776472,8.124405329513534,9.262562222858458,0.33476696456285104,True,hand_fine_motor,P10,4,0.34
2026-04-03T17:50:06.582400,1245.553297018061,94377,86,-0.3433854692468626,4.374805789725831,8.190997071530363,9.29243091468145,0.029868691822992233,True,hand_fine_motor,P10,4,0.34
2026-04-03T17:50:06.641603,1196.741110112539,94478,85,-0.47063691608357316,4.1317749170852744,8.065649898533712,9.074567282132662,0.21786363254878793,True,hand_fine_motor,P10,4,0.34
2026-04-03T17:50:06.641877,1286.9958908401265,94478,87,-0.4091125661873837,4.341518159719934,8.131197134551588,9.226728556965917,0.15216127483325437,True,hand_fine_motor,P10,4,0.34
2026-04-03T17:50:06.642088,1246.9463822454545,94631,86,-0.8780415399457391,3.8681699449214,8.078663732730343,8.999916853793488,0.22681170317242838,True,hand_fine_motor,P10,4,0.34
2026-04-03T17:50:06.701826,1118.3585807947695,94631,87,-1.397311200270224,4.063125292288111,7.8377195927020855,8.938194121021208,0.0617227327722798,True,hand_fine_motor,P10,4,0.34
2026-04-03T17:50:06.701895,1164.9556212616333,94794,85,-1.308269352367085,3.9430147101653925,7.83769942807677,8.870651950550117,0.06754217047109101,True,hand_fine_motor,P10,4,0.34
2026-04-03T17:50:06.702407,1280.7610159860192,94794,85,-1.884674765803233,3.930537781111816,8.128309685116303,9.22336947968357,0.3527175291334519,True,hand_fine_motor,P10,4,0.34
2026-04-03T17:50:06.760284,1156.237128316721,94837,85,-1.8076112040608148,4.011666354787124,7.878449990954205,9.023907106522291,0.19946237316127835,True,hand_fine_motor,P10,4,0.34
2026-04-03T17:50:06.760419,1237.4660300453709,94837,88,-1.8791283584948837,3.9353317792048705,8.0086393876002,9.119005671713378,0.09509856519108695,True,hand_fine_motor,P10,4,0.34
2026-04-03T17:50:06.761546,1178.0625217722213,94760,85,-3.7350927054102554,4.284270856789936,6.897162185611949,8.937378838730282,0.18162683298309545,True,hand_fine_motor,P10,4,0.34
2026-04-03T17:50:06.821582,1246.5446921468397,94760,87,-3.7012290299488817,4.355005678647892,6.752936626172043,8.846882155329503,0.09049668340077943,True,hand_fine_motor,P10,4,0.34
2026-04-03T17:50:06.821969,1190.090009105028,94726,88,-3.554046021800958,4.235901116612762,6.770494751862329,8.741493040653628,0.10538911467587475,True,hand_fine_motor,P10,4,0.34
2026-04-03T17:50:06.822210,1194.7852553664131,94726,86,-4.978729507907195,4.634211011791941,8.146959470802202,10.613039519082797,1.8715464784291687,True,hand_fine_motor,P10,4,0.34
2026-04-03T17:50:06.941663,1208.6202203883747,94584,85,-4.884912361329639,4.556726302384437,8.094996819613911,10.495479830968787,0.11755968811401019,True,hand_fine_motor,P10,4,0.34
2026-04-03T17:50:06.941710,1212.029176149545,94584,86,-5.3696386061817,3.7343972932322242,10.131337240662468,12.05913496850961,1.5636551375408239,True,hand_fine_motor,P10,4,0.34
2026-04-03T17:50:06.943246,1144.9481255818228,94522,84,-4.844565111819738,3.9831685797222565,8.051003439937165,10.205591577514147,1.8535433909954637,True,hand_fine_motor,P10,4,0.34
2026-04-03T17:50:06.944181,1156.6516775743005,94522,87,-4.9651214537963835,4.0185455730945865,8.062471349121372,10.286135514827238,0.08054393731309162,True,hand_fine_motor,P10,4,0.34
2026-04-03T17:50:06.944443,1189.0259787552677,94517,86,-4.642058789740444,4.0373522404389,7.972675408069064,10.070376163938105,0.21575935088913312,True,hand_fine_motor,P10,4,0.34
2026-04-03T17:50:06.944867,1124.1683527937603,94517,86,-4.698105116796394,4.121120619674799,7.849947530354566,10.033817971225957,0.036558192712147886,True,hand_fine_motor,P10,4,0.34
2026-04-03T17:50:07.001080,1144.0970780922073,94547,86,-4.8073225980325756,3.158861998685881,7.721657139905531,9.628745955447704,0.4050720157782539,True,hand_fine_motor,P10,4,0.34
2026-04-03T17:50:07.001206,1107.1025637844818,94547,85,-4.591428118846416,3.291326974360882,7.8245427070127445,9.650777895929188,0.022031940481484824,True,hand_fine_motor,P10,4,0.34
2026-04-03T17:50:07.001762,1152.7127897457817,94540,86,-4.412064728010637,4.2112546976075675,7.12851472894153,9.381721778704255,0.26905611722493283,True,hand_fine_motor,P10,4,0.34
2026-04-03T17:50:07.061569,1097.0888807603849,94540,86,-4.595669541488122,3.862330749122612,7.729180278719502,9.786623786123902,0.404902007419647,True,hand_fine_motor,P10,4,0.34
2026-04-03T17:50:07.062086,1172.528477432049,94594,87,-4.490712640063222,3.6830356222586604,7.745783329885268,9.681343440038594,0.10528034608530845,True,hand_fine_motor,P10,4,0.34
2026-04-03T17:50:07.126491,1115.6866641356248,94594,86,-4.906356082919389,4.2517145845284094,7.939047780840046,10.255627069426469,0.5742836293878746,True,hand_fine_motor,P10,4,0.34
2026-04-03T17:50:07.127140,1042.155456648651,94636,86,-4.8988286885038015,4.347956264746924,7.9231874887466915,10.280084930645856,0.02445786121938731,True,hand_fine_motor,P10,4,0.34
2026-04-03T17:50:07.127721,1099.2216892779838,94636,86,-5.339487443218354,3.2833729927571453,7.909356885333815,10.092006277516425,0.1880786531294305,True,hand_fine_motor,P10,4,0.34
2026-04-03T17:50:07.181033,1212.5545671960426,94307,87,-5.58603069369818,1.2842703894344802,6.857721034156478,8.937641026939298,1.1543652505771274,True,hand_fine_motor,P10,4,0.34
2026-04-03T17:50:07.182637,1247.9053347475044,94307,86,-5.603558426138632,1.1088146839935282,6.896390093935825,8.954860879227835,0.017219852288537396,True,hand_fine_motor,P10,4,0.34
2026-04-03T17:50:07.184018,1223.6345618770126,93820,86,-5.900193944443382,0.8665577177683977,7.208315458243994,9.355373996042577,0.4005131168147411,True,hand_fine_motor,P10,4,0.34
2026-04-03T17:50:07.184357,1209.1372149287831,93820,84,-5.9749841589412584,0.8714292750375081,7.252235967687781,9.436882494341852,0.08150849829927509,True,hand_fine_motor,P10,4,0.34
2026-04-03T17:50:07.240629,1197.4669021917343,93517,86,-5.917348721425995,0.9443592848878367,7.053952488568474,9.255542991143042,0.1813395031988101,True,hand_fine_motor,P10,4,0.34
2026-04-03T17:50:07.301301,1167.1350609034569,93517,88,-5.967538885603317,0.9483508810570812,7.278558640272702,9.459825877080286,0.20428288593724453,True,hand_fine_motor,P10,4,0.34
2026-04-03T17:50:07.302199,1195.2179303041432,93566,86,-5.976404279292625,0.8811451885670323,7.139410126706741,9.352272553246339,0.10755332383394745,True,hand_fine_motor,P10,4,0.34
2026-04-03T17:50:07.302555,1195.7363515649113,93566,84,-6.0228953827463645,0.8544613947389285,7.234219174846864,9.451946896609646,0.09967434336330783,True,hand_fine_motor,P10,4,0.34
2026-04-03T17:50:07.303053,1199.530917204748,93770,87,-5.968204702788694,0.8936741263662007,7.221481226999432,9.411052647309477,0.040894249300169605,True,hand_fine_motor,P10,4,0.34
2026-04-03T17:50:07.307202,1195.2045769395045,93770,87,-5.849606982762799,0.8212789511487941,7.157207905648674,9.279979847664931,0.13107279964454577,True,hand_fine_motor,P10,4,0.34
2026-04-03T17:50:07.364486,1141.9307287647525,94186,86,-6.085046491329061,0.9534773320061916,7.215649543465488,9.486965171138738,0.20698532347380727,True,hand_fine_motor,P10,4,0.34
2026-04-03T17:50:07.364888,1281.1564286062808,94186,86,-5.905003413312601,0.9185860439910677,7.071204235418749,9.258228500661057,0.22873667047768187,True,hand_fine_motor,P10,4,0.34
2026-04-03T17:50:07.365112,1243.0646572770563,94573,86,-5.996835171457776,0.7478971049493236,7.220043070874299,9.415434355275627,0.15720585461457048,True,hand_fine_motor,P10,4,0.34
2026-04-03T17:50:07.422310,1183.3269549221955,94573,86,-5.976321219979637,0.9684435550456051,7.351081976016154,9.523271730965037,0.10783737568941021,True,hand_fine_motor,P10,4,0.34
2026-04-03T17:50:07.422601,1182.1170968858828,94753,88,-5.982358890491474,1.0250356075337272,7.187098854470094,9.407109324084617,0.11616240688042012,True,hand_fine_motor,P10,4,0.34
2026-04-03T17:50:07.422816,1196.8570669186545,94753,84,-6.019522445585785,0.7185650712485178,7.103622002929088,9.33875964970872,0.0683496743758969,True,hand_fine_motor,P10,4,0.34
2026-04-03T17:50:07.485229,1149.469200506472,94831,87,-7.472318077531522,-0.3523302317126232,8.468482490753878,11.29933049964413,1.9605708499354098,True,hand_fine_motor,P10,4,0.34
2026-04-03T17:50:07.485614,1232.0822654450242,94831,85,-7.157884875215898,1.2686332432660261,7.46592433323567,10.42040173613113,0.8789287635130005,True,hand_fine_motor,P10,4,0.34
2026-04-03T17:50:07.485867,1127.990159331358,94931,86,-7.4085071361893995,1.370365679552622,7.419943468662919,10.574471200056223,0.15406946392509369,True,hand_fine_motor,P10,4,0.34
2026-04-03T17:50:07.543923,1182.1973244277156,94931,86,-6.344261173407506,1.968005577003906,6.746124234889136,9.46746470709466,1.1070064929615633,True,hand_fine_motor,P10,4,0.34
2026-04-03T17:50:07.544266,1086.8681397542884,95032,88,-6.159731419177974,1.685091962588916,6.7370278925894365,9.282745870932702,0.1847188361619576,True,hand_fine_motor,P10,4,0.34
2026-04-03T17:50:07.544425,1062.3100888947527,95032,85,-5.703407210286634,1.9021779704994473,7.4771721387453525,9.594542095912274,0.31179622497957205,True,hand_fine_motor,P10,4,0.34
2026-04-03T17:50:07.664484,1275.7748587852,95150,85,-5.074752818033336,1.4416423598729708,8.181647213314184,9.73502953159615,0.140487435683875,True,hand_fine_motor,P10,4,0.34
2026-04-03T17:50:07.664863,1172.455729686009,95150,86,-4.993074421655671,1.592294197874118,8.282193288460046,9.801067220470857,0.06603768887470807,True,hand_fine_motor,P10,4,0.34
2026-04-03T17:50:07.665122,1213.4019623773452,95194,86,-4.004183481062534,1.1880094890276451,8.146432159009095,9.154736960577916,0.6463302598929417,True,hand_fine_motor,P10,4,0.34
2026-04-03T17:50:07.665355,1134.3766232833907,95194,86,-4.262380781312997,1.465939821953485,8.239988248727226,9.392245515618626,0.23750855504071033,True,hand_fine_motor,P10,4,0.34
2026-04-03T17:50:07.665863,1117.5397578742466,95238,86,-4.193671558353877,1.8486952090276012,8.47108445150528,9.631397972244859,0.23915245662623263,True,hand_fine_motor,P10,4,0.34
2026-04-03T17:50:07.666150,1144.286962767433,95238,86,-4.101670341192544,1.8037760750478125,8.351529385111219,9.477623688832006,0.1537742834128526,True,hand_fine_motor,P10,4,0.34
2026-04-03T17:50:07.748966,1018.8654134915478,95272,87,-3.476585177514148,2.493213683415732,7.612625299388306,8.732400753319181,0.7452229355128246,True,hand_fine_motor,P10,4,0.34
2026-04-03T17:50:07.749367,1068.6291591902395,95272,87,-3.3983301640256713,2.48970426331468,7.657305183057564,8.739656623058726,0.007255869739545062,True,hand_fine_motor,P10,4,0.34
2026-04-03T17:50:07.749611,1208.146291715444,95319,86,-3.6463325734420704,4.0465688079108,7.152648123827461,8.990597062297576,0.2509404392388497,True,hand_fine_motor,P10,4,0.34
2026-04-03T17:50:07.780457,1176.9970845919838,95319,87,-3.7222715108460944,3.902841436872107,7.038010868320952,8.86685251171047,0.12374455058710687,True,hand_fine_motor,P10,4,0.34
2026-04-03T17:50:07.780897,1114.7635591064045,95272,86,-4.19774822155374,3.722321728964509,6.958334059449196,8.93841048891634,0.07155797720587032,True,hand_fine_motor,P10,4,0.34
2026-04-03T17:50:07.781441,1156.104140942559,95272,85,-5.151909784637803,3.3830196128499743,7.380801489513729,9.615780090953743,0.6773696020374036,True,hand_fine_motor,P10,4,0.34
2026-04-03T17:50:07.881941,1120.5536676188472,94894,82,-5.140651086422216,3.3290264261828173,7.428551885939345,9.627673325401648,0.011893234447905243,True,hand_fine_motor,P10,4,0.34
2026-04-03T17:50:07.882322,1090.0486173153329,94894,79,-5.856793000864256,3.393218384464313,6.923401645159423,9.682429736374818,0.05475641097316952,True,hand_fine_motor,P10,4,0.34
2026-04-03T17:50:07.882630,1103.0979793192942,94574,81,-5.650451483320351,3.5237969607653494,7.052522877754572,9.699630195389302,0.017200459014484082,True,hand_fine_motor,P10,4,0.34
2026-04-03T17:50:07.900410,1141.7183207624269,94574,84,-6.02615281383927,3.3403757468030952,6.6730596437092276,9.591785697880974,0.10784449750832792,True,hand_fine_motor,P10,4,0.34
2026-04-03T17:50:07.900937,1229.4843097377338,94547,83,-6.7457609139107735,3.9716768471135877,8.28881229576378,11.40104892367142,1.8092632257904455,True,hand_fine_motor,P10,4,0.34
2026-04-03T17:50:07.901382,1155.1810836613217,94547,84,-6.661067771669626,3.9303687991451954,8.289466053130145,11.337233798509532,0.06381512516188792,True,hand_fine_motor,P10,4,0.34
2026-04-03T17:50:07.961574,1249.0017705146165,94523,82,-6.391803505611825,3.5279072735485943,7.227063179047129,10.272863475148858,1.0643703233606736,True,hand_fine_motor,P10,4,0.34
2026-04-03T17:50:07.961626,1095.9249365970693,94523,82,-6.21527837603509,4.031329425061303,7.376667988619044,10.454498210784266,0.18163473563540755,True,hand_fine_motor,P10,4,0.34
2026-04-03T17:50:07.962170,1099.0837353707047,94554,82,-5.919513799003307,3.560918433928113,6.87969992731611,9.749413048978532,0.7050851618057337,True,hand_fine_motor,P10,4,0.34
2026-04-03T17:50:08.021605,1136.2119150927836,94554,82,-5.845066831522935,3.560147968702557,6.756260179775956,9.616990768470808,0.13242228050772376,True,hand_fine_motor,P10,4,0.34
2026-04-03T17:50:08.023064,1127.5119768389309,94606,83,-5.976883260884412,2.448387205457001,7.305479722720211,9.751295678070786,0.13430490959997776,True,hand_fine_motor,P10,4,0.34
2026-04-03T17:50:08.023327,1114.605439244709,94606,83,-5.871438733263905,2.467212273233716,6.486862095472372,9.09067153984473,0.6606241382260567,True,hand_fine_motor,P10,4,0.34
2026-04-03T17:50:08.081913,1172.5786379198062,94654,81,-5.837536413657772,2.3393531503826748,6.493877170214109,9.039902944435509,0.050768595409220296,True,hand_fine_motor,P10,4,0.34
2026-04-03T17:50:08.081950,1176.1056077238336,94654,80,-5.882353423851112,2.7439329998416224,7.05501232338781,9.586680812140697,0.5467778677051882,True,hand_fine_motor,P10,4,0.34
2026-04-03T17:50:08.082759,1159.015327120749,94650,82,-5.903540514317853,2.7099236603628736,7.32477281642762,9.790187621361698,0.2035068092210004,True,hand_fine_motor,P10,4,0.34
2026-04-03T17:50:08.144372,1156.4970633938565,94650,83,-6.338489314171486,1.9433633619598076,7.836542888330559,10.264721739195764,0.4745341178340663,True,hand_fine_motor,P10,4,0.34
2026-04-03T17:50:08.144784,1152.435654096818,94619,81,-6.254296293726941,1.9220718038450542,7.6903641801262985,10.097142336910595,0.16757940228516865,True,hand_fine_motor,P10,4,0.34
2026-04-03T17:50:08.145091,1250.6607803275149,94619,82,-6.412975206820656,1.280978199302235,7.056316183736852,9.620746033195692,0.47639630371490327,True,hand_fine_motor,P10,4,0.34
2026-04-03T17:50:08.200793,1186.1088647815254,94647,81,-6.586390794474771,2.2905705377949355,7.270293161159559,10.073947574578678,0.4532015413829864,True,hand_fine_motor,P10,4,0.34
2026-04-03T17:50:08.201450,1096.682637901942,94647,82,-6.625115220319816,2.4405249713032853,7.072525439375184,9.993444346604294,0.08050322797438447,True,hand_fine_motor,P10,4,0.34
2026-04-03T17:50:08.201965,1053.9562260569598,94705,82,-6.492991421162875,2.401100164103835,7.143512530983942,9.94756205678953,0.045882289814763055,True,hand_fine_motor,P10,4,0.34
2026-04-03T17:50:08.266380,1094.4432941053906,94705,83,-6.636465171372185,2.139424958199967,7.146324747174117,9.984476276434242,0.036914219644710755,True,hand_fine_motor,P10,4,0.34
2026-04-03T17:50:08.266800,1050.8377094011869,94791,83,-6.551915266782829,2.4078107948662204,7.174898485705197,10.010210525615879,0.025734249181637026,True,hand_fine_motor,P10,4,0.34
2026-04-03T17:50:08.267152,1128.6616828067038,94791,81,-6.73625420846661,2.4278641325752504,7.219899186241051,10.168509687599933,0.15829916198405414,True,hand_fine_motor,P10,4,0.34
2026-04-03T17:50:08.321000,1143.7470736568084,94868,81,-6.381659013297783,2.277698051740565,7.3957553882719935,10.030487422855474,0.13802226474445867,True,hand_fine_motor,P10,4,0.34
2026-04-03T17:50:08.321388,1053.1779141197458,94868,82,-6.640198087483673,2.355986898808453,7.18410163840518,10.06251565262459,0.03202822976911612,True,hand_fine_motor,P10,4,0.34
2026-04-03T17:50:08.321995,1128.4860466035095,94911,80,-6.375126640370203,2.329816540330923,7.26126259075345,9.939628725673456,0.1228869269511339,True,hand_fine_motor,P10,4,0.34
2026-04-03T17:50:08.380906,1187.7310078491307,94911,83,-6.587526605010575,2.2093376458309057,7.222526711902699,10.022054265925515,0.08242554025205884,True,hand_fine_motor,P10,4,0.34
2026-04-03T17:50:08.381271,1066.563953803562,94964,81,-6.596129289456068,2.3159994070236007,7.066067133202434,9.939923520202635,0.08213074572288015,True,hand_fine_motor,P10,4,0.34
2026-04-03T17:50:08.381563,1130.6143649156556,94964,81,-6.487901994464299,2.3402710136363143,7.236819074602943,9.99706412030938,0.057140600106745154,True,hand_fine_motor,P10,4,0.34
2026-04-03T17:50:08.442588,1266.8487661765023,94860,83,-6.6074738013916,2.299033797700487,7.354164237373649,10.15027083723932,0.15320671692994026,True,hand_fine_motor,P10,4,0.34
2026-04-03T17:50:08.443234,1128.1233674261018,94860,83,-6.741488655718728,2.4140260566610388,7.300134564809167,10.2258083182575,0.07553748101817881,True,hand_fine_motor,P10,4,0.34
2026-04-03T17:50:08.443781,1152.6925869865931,94534,84,-6.898250643103864,2.3834612064570897,6.9082856165315665,10.049435776069505,0.1763725421879947,True,hand_fine_motor,P10,4,0.34
2026-04-03T17:50:08.501549,1192.4720950871206,94534,81,-6.630290514442186,0.9851424904904211,7.094469962696236,9.760264447445614,0.2891713286238904,True,hand_fine_motor,P10,4,0.34
2026-04-03T17:50:08.502038,1198.2505736920866,94180,81,-6.768997944586461,0.9690467675263462,7.029699660326834,9.806888503795085,0.04662405634947042,True,hand_fine_motor,P10,4,0.34
2026-04-03T17:50:08.502392,1217.6962886740762,94180,82,-7.6729683324426246,2.062144052556754,6.3576667239919304,10.175795167824322,0.3689066640292378,True,hand_fine_motor,P10,4,0.34
2026-04-03T17:50:08.561583,1197.8695611474582,93992,82,-7.348552303055956,1.936052534745407,6.357099904472988,9.907685883368204,0.26810928445611815,True,hand_fine_motor,P10,4,0.34
2026-04-03T17:50:08.684359,1086.5489395547402,93992,82,-7.3412032593407215,-0.19948186938435394,5.481835364870826,9.164255413219143,0.743430470149061,True,hand_fine_motor,P10,4,0.34
2026-04-03T17:50:08.684722,1140.502297941478,93915,83,-9.101123165817208,3.1921664129393315,5.932799597689785,11.323359941007823,2.1591045277886796,True,hand_fine_motor,P10,4,0.34
2026-04-03T17:50:08.684947,1122.0371352056166,93915,82,-9.05126255209578,3.0566242491474838,5.826617712944688,11.19007504712317,0.13328489388465314,True,hand_fine_motor,P10,4,0.34
2026-04-03T17:50:08.685162,1171.3278955556193,93854,82,-7.858974740406238,-0.655818333891315,5.047565151118121,9.36330580576077,1.826769241362399,True,hand_fine_motor,P10,4,0.34
2026-04-03T17:50:08.685352,1097.885571284333,93854,83,-8.014354905681484,-0.735098301186048,4.9205627363214886,9.433037247286958,0.06973144152618715,True,hand_fine_motor,P10,4,0.34
2026-04-03T17:50:08.685522,1253.359479621661,93873,82,-7.575761800264419,-2.382602351815511,7.3063633632161125,10.791288450253242,1.3582512029662848,True,hand_fine_motor,P10,4,0.34
2026-04-03T17:50:08.753387,1091.347572517244,93873,84,-8.378379984481182,1.5800451016790908,6.1087136228969205,10.488573583393567,0.3027148668596755,True,hand_fine_motor,P10,4,0.34
2026-04-03T17:50:08.753754,1131.2582932743464,93883,83,-8.502526287478906,1.7081164607364758,5.981294441774055,10.535012971605964,0.04643938821239679,True,hand_fine_motor,P10,4,0.34
2026-04-03T17:50:08.754022,1191.9537826390115,93883,82,-8.622931520197382,3.0299435068200844,5.646190172038746,10.743135906957598,0.20812293535163384,True,hand_fine_motor,P10,4,0.34
2026-04-03T17:50:08.754549,1144.1932399893708,93912,82,-8.522814831553747,3.248624207263806,5.510945706997216,10.656568607128841,0.0865672998287561,True,hand_fine_motor,P10,4,0.34
2026-04-03T17:50:08.754783,1191.8747443840853,93912,82,-8.016243949300778,-2.566675542840739,6.68959983615036,10.751685280212635,0.09511667308379401,True,hand_fine_motor,P10,4,0.34
2026-04-03T17:50:08.800926,1216.7930572488979,93862,83,-9.061759548901135,1.016522609011254,5.52698054615158,10.662847569681842,0.08883771053079315,True,hand_fine_motor,P10,4,0.34
2026-04-03T17:50:08.801045,1267.8166174807332,93862,80,-8.936335904576612,1.2206636537121787,5.314692141172334,10.468718723433065,0.1941288462487769,True,hand_fine_motor,P10,4,0.34
2026-04-03T17:50:08.801738,1158.3953748753195,93915,81,-8.988282264986982,1.1071256685560582,5.59950262252218,10.647505573639677,0.17878685020661145,True,hand_fine_motor,P10,4,0.34
2026-04-03T17:50:08.860846,1191.0427925684721,93915,81,-8.789704794915755,0.8844682722666303,6.281696098820352,10.839783225892766,0.19227765225308957,True,hand_fine_motor,P10,4,0.34
2026-04-03T17:50:08.861471,1188.8693928873638,94004,82,-9.08255061193744,0.8910945280061983,6.216864307240014,11.042471502833168,0.20268827694040148,True,hand_fine_motor,P10,4,0.34
2026-04-03T17:50:08.861913,1227.934018584977,94004,82,-7.4215850906999545,-2.1717415021528783,6.1919484994036,9.906392513419787,1.136078989413381,True,hand_fine_motor,P10,4,0.34
2026-04-03T17:50:08.921715,1088.454043350302,94142,82,-7.430437124067648,-2.1449640383871054,6.2996420411403795,9.974856210853366,0.06846369743357883,True,hand_fine_motor,P10,4,0.34
2026-04-03T17:50:08.923243,1206.3753912432758,94142,82,-6.891003695835282,2.330921289941088,6.058168729878024,9.466812259445524,0.5080439514078421,True,hand_fine_motor,P10,4,0.34
2026-04-03T17:50:08.923281,1128.4933766987087,94249,82,-7.344282199140903,5.197983208684003,6.980381732368775,11.38785491600444,1.9210426565589156,True,hand_fine_motor,P10,4,0.34
2026-04-03T17:50:08.982127,1126.7444305144538,94249,82,-7.089353159565208,5.239155770988247,6.925208615014276,11.210093477539989,0.1777614384644508,True,hand_fine_motor,P10,4,0.34
2026-04-03T17:50:08.982501,1235.5426041326205,94285,83,-6.756142664429929,2.4056004542220997,7.6603576998746,10.49349595404277,0.7165975234972191,True,hand_fine_motor,P10,4,0.34
2026-04-03T17:50:08.982778,1089.006704023717,94285,82,-6.5546190106645135,2.137146525070055,7.719364304701734,10.349831443713803,0.143664510328966,True,hand_fine_motor,P10,4,0.34
2026-04-03T17:50:09.042306,1127.3121696213661,94317,82,-5.344583013131585,2.014524104521687,6.926337423820219,8.977584589440864,1.3722468542729391,True,hand_fine_motor,P10,4,0.34
2026-04-03T17:50:09.044198,1213.3948201398507,94317,82,-5.006017692155867,0.49348167809940396,7.269684185010351,8.840364554167829,0.13722003527303528,True,hand_fine_motor,P10,4,0.34
2026-04-03T17:50:09.044521,1211.8181434587368,94376,82,-4.87976789997297,0.6467082623801927,7.347230992164234,8.843764446572289,0.0033998924044595924,True,hand_fine_motor,P10,4,0.34
2026-04-03T17:50:09.101606,1209.1663718482178,94376,81,-5.24587161890595,-1.186073082691591,8.26328069895037,9.859398881735853,1.0156344351635642,True,hand_fine_motor,P10,4,0.34
2026-04-03T17:50:09.101909,1175.096985801484,94337,82,-5.438092613968818,-1.0937892370301991,8.341405444986638,10.017398413300633,0.15799953156477997,True,hand_fine_motor,P10,4,0.34
2026-04-03T17:50:09.102122,1163.8356549781565,94337,83,-5.63132330203028,-0.04907366284938546,8.112211764273678,9.875332402749535,0.14206601055109758,True,hand_fine_motor,P10,4,0.34
2026-04-03T17:50:09.160205,1171.1930057249847,93998,81,-5.619131989632051,-0.23383459901735512,8.176831788929588,9.924207829396426,0.04887542664689093,True,hand_fine_motor,P10,4,0.34
2026-04-03T17:50:09.161635,1141.218797477308,93998,83,-5.554970491434963,1.3286961960980526,7.927141116405554,9.77050137002427,0.153706459372156,True,hand_fine_motor,P10,4,0.34
2026-04-03T17:50:09.161894,1178.1779870583339,93697,82,-5.841717325172808,1.1671897264475908,7.687844965828554,9.725788059759703,0.044713310264567596,True,hand_fine_motor,P10,4,0.34
2026-04-03T17:50:09.224851,1219.8520426810817,93697,82,-5.64138954060535,1.2836409370733386,7.712438431559537,9.641302638377166,0.08448542138253679,True,hand_fine_motor,P10,4,0.34
2026-04-03T17:50:09.225194,1199.2804841607729,93584,82,-5.7682414489888,1.1991247363245556,7.824260735516552,9.794363971409469,0.15306133303230318,True,hand_fine_motor,P10,4,0.34
2026-04-03T17:50:09.281841,1012.2855117994013,93584,82,-5.56230746330223,1.1716884029072248,7.584435760057611,9.478174076701464,0.31618989470800507,True,hand_fine_motor,P10,4,0.34
2026-04-03T17:50:09.282118,1165.4646381399868,93584,80,-5.701744634887703,1.2375313276857924,7.752335955449516,9.70258153455202,0.22440745785055682,True,hand_fine_motor,P10,4,0.34
2026-04-03T17:50:09.282330,1169.741818300991,93568,82,-5.792125585673552,1.4172058108003898,7.792218022257926,9.812025928256702,0.10944439370468118,True,hand_fine_motor,P10,4,0.34
2026-04-03T17:50:09.283064,1151.8561528181815,93574,82,-5.829452539103894,1.0842611174110262,7.711095038444571,9.727236286238693,0.0847896420180092,True,hand_fine_motor,P10,4,0.34
2026-04-03T17:50:09.403856,1227.6242798105845,93574,82,-5.603300549042496,1.1420739503061534,7.631631002462996,9.53640926704712,0.1908270191915733,True,hand_fine_motor,P10,4,0.34
2026-04-03T17:50:09.404152,1133.9333175670113,93574,82,-5.678791603744346,1.190762344621693,7.903784132232727,9.8049167589052,0.268507491858081,True,hand_fine_motor,P10,4,0.34
2026-04-03T17:50:09.404693,1135.0930700997872,93646,83,-5.76369138428966,1.2092152206706674,7.6421541852281605,9.648049565276745,0.15686719362845558,True,hand_fine_motor,P10,4,0.34
2026-04-03T17:50:09.405080,1042.1987505974453,93691,81,-5.608625743288207,1.218231054934251,7.797823450157751,9.682294159511553,0.03424459423480819,True,hand_fine_motor,P10,4,0.34
2026-04-03T17:50:09.405521,1168.061897799669,93691,81,-5.72249806987423,1.349349878238632,7.751301292145538,9.72884376353295,0.04654960402139707,True,hand_fine_motor,P10,4,0.34
2026-04-03T17:50:09.405695,1119.2568494854117,93691,83,-5.813306981950452,1.3786773950154072,7.705491908060158,9.750379221912393,0.02153545837944293,True,hand_fine_motor,P10,4,0.34
2026-04-03T17:50:09.460395,1204.6471274946716,93713,83,-5.6762872540942135,1.095584909671794,7.815875139970279,9.721545529847527,0.028833692064866412,True,hand_fine_motor,P10,4,0.34
2026-04-03T17:50:09.460741,1130.9096768360218,93791,83,-3.6993365065974695,2.5218638362288237,8.429450376481398,9.544659315401777,0.1768862144457497,True,hand_fine_motor,P10,4,0.34
2026-04-03T17:50:09.461557,1209.2700524781824,93791,81,-3.976380547065122,2.7023339727016276,9.002956802610516,10.206245261836806,0.6615859464350287,True,hand_fine_motor,P10,4,0.34
2026-04-03T17:50:09.521427,1164.353835054394,93791,82,-4.166408437864793,2.555556707670962,9.18334062128016,10.403056008870049,0.19681074703324342,True,hand_fine_motor,P10,4,0.34
2026-04-03T17:50:09.521914,1183.6004142050836,93932,83,-3.8637552221203952,2.9746593626323974,9.067020247790934,10.295050214253934,0.10800579461611548,True,hand_fine_motor,P10,4,0.34
2026-04-03T17:50:09.522371,1163.8961604961094,93932,81,-3.7036494733640204,3.0047628911871973,9.270293215356823,10.42515974709721,0.1301095328432762,True,hand_fine_motor,P10,4,0.34
2026-04-03T17:50:09.581126,1125.763249722986,94063,83,-3.4778996041268924,3.4327073703716504,8.98081125486062,10.224198567243354,0.20096117985385575,True,hand_fine_motor,P10,4,0.34
2026-04-03T17:50:09.581743,1201.7285585339946,94139,83,-3.487978180099835,3.567321960703018,9.295693803379171,10.549962134640507,0.3257635673971535,True,hand_fine_motor,P10,4,0.34
2026-04-03T17:50:09.582110,1185.298712634757,94139,81,-3.4026437045997553,3.4823304189826296,9.181408235523913,10.39244275975434,0.15751937488616718,True,hand_fine_motor,P10,4,0.34
2026-04-03T17:50:09.640687,1201.4006764356338,94139,81,-3.0695916836987647,3.8661607787283807,9.031382837239486,10.292495723797712,0.09994703595662813,True,hand_fine_motor,P10,4,0.34
2026-04-03T17:50:09.641427,1115.2904451893426,94228,83,-3.109890952079756,3.9008232386542128,9.166481277955691,10.436101891614726,0.14360616781701374,True,hand_fine_motor,P10,4,0.34
2026-04-03T17:50:09.641859,1162.5860224224707,94314,83,-2.585865168199584,4.525797852559014,8.603887081965668,10.059643024956271,0.37645886665845474,True,hand_fine_motor,P10,4,0.34
2026-04-03T17:50:09.700399,1163.712793315819,94314,84,-2.6124793368389465,4.637904024681532,8.828167021394796,10.308818311776102,0.24917528681983114,True,hand_fine_motor,P10,4,0.34
2026-04-03T17:50:09.700874,1209.3979326158103,94314,82,-2.0126097429622045,5.047441910756439,8.257354346911528,9.884895984803569,0.4239223269725336,True,hand_fine_motor,P10,4,0.34
2026-04-03T17:50:09.701472,1236.125404761281,94421,84,-2.1755114401676336,4.902404323764988,8.165678535045386,9.769581573315762,0.11531441148780708,True,hand_fine_motor,P10,4,0.34
2026-04-03T17:50:09.761138,1115.973318780047,94540,81,-1.7380787496953265,5.339869433116665,8.125062723088767,9.876829833352543,0.10724826003678167,True,hand_fine_motor,P10,4,0.34
2026-04-03T17:50:09.761588,1134.0370634562682,94540,83,-1.834209867182544,5.313934959286987,7.745011485678676,9.570132365944414,0.30669746740812975,True,hand_fine_motor,P10,4,0.34
2026-04-03T17:50:09.761905,1160.29007792944,94540,80,-0.795041973292593,5.813372152029613,7.264989468137915,9.338493427177921,0.23163893876649233,True,hand_fine_motor,P10,4,0.34
2026-04-03T17:50:09.821321,1195.4355601772825,94460,83,-0.2973561004165687,6.162133220599891,6.696538534334123,9.1051597910579,0.23333363612002067,True,hand_fine_motor,P10,4,0.34
2026-04-03T17:50:09.822102,1154.700329256803,94170,80,-0.34929936554564794,6.267684696497131,6.662390781941601,9.153869806413862,0.048710015355961644,True,hand_fine_motor,P10,4,0.34
2026-04-03T17:50:09.822557,1173.2342735578968,94170,81,0.2864809922713271,5.714911601802363,6.220534266536436,8.452060845527678,0.7018089608861846,True,hand_fine_motor,P10,4,0.34
2026-04-03T17:50:09.881959,1165.6724509280168,94059,83,0.07534091944041556,5.78867840331635,6.284227923137084,8.544354539758933,0.09229369423125533,True,hand_fine_motor,P10,4,0.34
2026-04-03T17:50:09.882543,1140.1333701728006,94059,81,0.5979959221997362,6.303146848475689,5.748776996441001,8.551941082071703,0.007586542312770561,True,hand_fine_motor,P10,4,0.34
2026-04-03T17:50:09.882941,1156.6996296709735,94081,83,0.4561611075154764,6.020557019996781,5.824737760164739,8.389443352316722,0.1624977297549819,True,hand_fine_motor,P10,4,0.34
2026-04-03T17:50:09.940759,1008.6511372160036,94081,84,1.0874830776569528,6.962031815205573,4.97827438569879,8.627613940101256,0.23817058778453415,True,hand_fine_motor,P10,4,0.34
2026-04-03T17:50:09.941277,1178.9845566119893,94151,82,2.060402381605116,7.485598121345847,4.28613604762421,8.868506042573586,0.24089210247232984,True,hand_fine_motor,P10,4,0.34
2026-04-03T17:50:09.941373,1075.6608698092678,94151,82,1.8794066960726956,7.231315585811879,4.105586733413425,8.525252902784118,0.3432531397894678,True,hand_fine_motor,P10,4,0.34
2026-04-03T17:50:10.000832,1218.7708509420293,94228,83,2.5406295601037217,7.896872220366043,3.6030660065506557,9.044195601269504,0.518942698485386,True,hand_fine_motor,P10,4,0.34
2026-04-03T17:50:10.001633,1136.803002554555,94228,82,2.469946644569768,7.873140600559776,3.4878000704233387,8.958332918263824,0.08586268300567923,True,hand_fine_motor,P10,4,0.34
2026-04-03T17:50:10.002085,1053.7406490847563,94326,81,2.560450429878194,9.02915734150015,3.29137297727272,9.94558820668494,0.9872552884211157,True,hand_fine_motor,P10,4,0.34
2026-04-03T17:50:10.064570,1143.6013494606484,94326,82,2.5541064224807393,9.098467713742544,3.027850862740688,9.92337922294479,0.02220898374014979,True,hand_fine_motor,P10,4,0.34
2026-04-03T17:50:10.065631,1220.6213792478875,94357,83,2.867032252344729,9.238425661338155,3.0684759870296054,10.14809969989621,0.22472047695142017,True,hand_fine_motor,P10,4,0.34
2026-04-03T17:50:10.065702,1180.1468436309822,94357,82,2.914235496325342,9.383686824700044,2.927786475955481,10.25272064385252,0.10462094395630928,True,hand_fine_motor,P10,4,0.34
2026-04-03T17:50:10.136479,1289.9146266804778,94377,81,3.084802792244338,9.274602267164136,2.813186281300307,10.17095239072629,0.0817682531262296,True,hand_fine_motor,P10,4,0.34
2026-04-03T17:50:10.136890,1178.361698730191,94377,83,3.1985783140383286,9.541565994737375,3.0095103789474598,10.503786821140146,0.33283443041385574,True,hand_fine_motor,P10,4,0.34
2026-04-03T17:50:10.137239,1224.7928634734,94426,84,3.0128199663834043,9.657539685969251,3.202511219070232,10.61137291042871,0.10758608928856361,True,hand_fine_motor,P10,4,0.34
2026-04-03T17:50:10.182299,1153.350743006575,94426,83,3.025825844539452,9.87809035680988,3.2601494527529007,10.83332200172543,0.2219490912967199,True,hand_fine_motor,P10,4,0.34
2026-04-03T17:50:10.243593,1102.1434887224427,94486,82,2.7867654317165385,9.78213317483866,3.5407450605491966,10.770007734699771,0.06331426702565857,True,hand_fine_motor,P10,4,0.34
2026-04-03T17:50:10.244097,1093.7309196710494,94486,80,2.579657922152618,9.854326477462166,3.576447577946426,10.795988264051399,0.02598052935162798,True,hand_fine_motor,P10,4,0.34
2026-04-03T17:50:10.244390,1183.2902759219214,94486,83,2.8155751584062108,9.690532288550585,3.457482278548309,10.667148785619858,0.12883947843154075,True,hand_fine_motor,P10,4,0.34
2026-04-03T17:50:10.244639,1242.3963966875626,94556,81,2.835407809336697,9.769251737534923,3.810564672488462,10.862698563423075,0.19554977780321714,True,hand_fine_motor,P10,4,0.34
2026-04-03T17:50:10.244860,1182.156853572301,94556,82,2.7586875401844977,9.68824078911625,3.431109691551644,10.641657777232112,0.22104078619096335,True,hand_fine_motor,P10,4,0.34
2026-04-03T17:50:10.300833,1175.5300038030316,94616,81,2.664656265438234,9.728421321941445,3.6942715176538865,10.741983824056566,0.10032604682445445,True,hand_fine_motor,P10,4,0.34
2026-04-03T17:50:10.301452,1142.189739126007,94616,82,2.7691424808714773,10.002184692865704,3.6507770031984035,11.00181900581201,0.2598351817554434,True,hand_fine_motor,P10,4,0.34
2026-04-03T17:50:10.301524,1203.3742098400878,94682,82,2.7631219766314983,9.860772182876657,3.51087830892536,10.825707256360696,0.17611174945131403,True,hand_fine_motor,P10,4,0.34
2026-04-03T17:50:10.423263,1111.16626666736,94682,82,2.5451867750449093,9.772017101870098,3.5640824841805907,10.708546956200363,0.1171603001603323,True,hand_fine_motor,P10,4,0.34
2026-04-03T17:50:10.423823,1112.3171063304146,94780,83,2.807682422555826,9.656938054859769,3.498297749187924,10.647892764453491,0.060654191746872144,True,hand_fine_motor,P10,4,0.34
2026-04-03T17:50:10.423887,1111.2105181902507,94780,83,2.6359096919984064,9.885859145559015,3.6169701910704424,10.85176042461757,0.20386766016407876,True,hand_fine_motor,P10,4,0.34
2026-04-03T17:50:10.424184,1130.154063710185,94876,82,3.051815057616639,9.876226769168953,3.545456016291311,10.92811459975605,0.07635417513847997,True,hand_fine_motor,P10,4,0.34
2026-04-03T17:50:10.424735,1167.1480242213702,94876,81,2.8022568380381965,9.909861537502847,3.764774985313001,10.965013897339512,0.03689929758346189,True,hand_fine_motor,P10,4,0.34
2026-04-03T17:50:10.425223,1239.5875151825858,94887,81,2.7036339524096986,9.851479017702907,3.6407451064156935,10.84510490104881,0.11990899629070206,True,hand_fine_motor,P10,4,0.34
2026-04-03T17:50:10.481513,1151.6481587246685,94887,83,2.8559558468181514,8.057808924989137,3.0295620182720593,9.069896057462074,1.7752088435867357,True,hand_fine_motor,P10,4,0.34
2026-04-03T17:50:10.481710,1113.2088846034762,94558,82,3.1492951944755636,8.582696742456733,2.9556488065227446,9.608152968308925,0.5382569108468509,True,hand_fine_motor,P10,4,0.34
2026-04-03T17:50:10.481863,1039.8720034144503,94558,82,3.258619539820544,8.598289438107479,2.9405232483145967,9.653800264178326,0.04564729586940075,True,hand_fine_motor,P10,4,0.34
2026-04-03T17:50:10.541259,1251.1115142971958,94255,81,3.458455748524229,8.893096826203386,2.9015146898120165,9.973308118168413,0.3195078539900873,True,hand_fine_motor,P10,4,0.34
2026-04-03T17:50:10.600566,1065.7714672002655,94255,84,3.4278575172274026,8.932910873290073,2.8922984370957647,9.995623746309333,0.022315628140919586,True,hand_fine_motor,P10,4,0.34
2026-04-03T17:50:10.600720,1159.5668574673712,94164,82,3.5249146458715237,8.72407804960222,3.215150251049383,9.943427588767051,0.052196157542281796,True,hand_fine_motor,P10,4,0.34
2026-04-03T17:50:10.607202,1195.3375893986263,94164,82,3.4046395750345715,9.050919338641881,3.440137531703798,10.263783792906507,0.32035620413945587,True,hand_fine_motor,P10,4,0.34
2026-04-03T17:50:10.607678,1288.802174531094,94158,81,3.3193354176753322,9.151840271622572,3.6563559191700965,10.399187784628989,0.13540399172248208,True,hand_fine_motor,P10,4,0.34
2026-04-03T17:50:10.607920,1250.1873920216408,94158,83,3.4531422353979853,9.395049961973886,3.8140096883575967,10.711574346881065,0.31238656225207606,True,hand_fine_motor,P10,4,0.34
2026-04-03T17:50:10.661055,1191.6784251972722,94194,81,3.4804098827402767,9.457686029370693,3.7989310349558334,10.770002552942147,0.05842820606108212,True,hand_fine_motor,P10,4,0.34
2026-04-03T17:50:10.661680,1230.6839506180634,94194,81,3.3224515682255866,9.302669165576901,4.048753300878902,10.675708000819323,0.09429455212282356,True,hand_fine_motor,P10,4,0.34
2026-04-03T17:50:10.661903,1189.9129566212264,94281,82,3.688594412187616,9.316898412507783,4.118736588035202,10.833942765597001,0.15823476477767784,True,hand_fine_motor,P10,4,0.34
2026-04-03T17:50:10.720813,1145.4180707233795,94281,83,3.6542100564473694,9.495468409016036,4.155950467469468,10.990409261320632,0.15646649572363103,True,hand_fine_motor,P10,4,0.34
2026-04-03T17:50:10.721414,1108.5185988490591,94311,81,3.7992809385130863,9.463057902687963,4.161864633418162,11.013860256343861,0.02345099502322867,True,hand_fine_motor,P10,4,0.34
2026-04-03T17:50:10.721842,1180.4396973969313,94311,83,3.786088156131662,9.292481442730688,4.275832421120052,10.907218608930327,0.1066416474135341,True,hand_fine_motor,P10,4,0.34
2026-04-03T17:50:10.782326,1136.561181303336,94329,83,-43.95147787182687,-22.881891746408098,48.15707148061464,57.96468650409919,0.19518432679548248,True,hand_fine_motor,P10,4,0.34
2026-04-03T17:50:10.782650,1162.7749781018176,94329,82,4.024422978447536,9.36132012241961,4.36050137477293,11.083513296029894,0.37147901389504945,True,hand_fine_motor,P10,4,0.34
2026-04-03T17:50:10.782831,1066.8852325098862,94399,83,4.12014163417645,9.182320724191747,4.15421955156791,10.887980577233987,0.1955327187959064,True,hand_fine_motor,P10,4,0.34
2026-04-03T17:50:10.842804,1191.6653358120625,94399,82,4.410970705033518,9.454157302020452,4.028195128005123,11.183206554530535,0.295225977296548,True,hand_fine_motor,P10,4,0.34
2026-04-03T17:50:10.843433,1221.2920484555714,94502,82,4.531449189687455,9.4979918005616,4.061581331180612,11.280173886605178,0.0969673320746427,True,hand_fine_motor,P10,4,0.34
2026-04-03T17:50:10.843683,1244.2410592729207,94649,81,4.470134467021638,9.5383460475606,4.420392784515905,11.423748064697069,0.14357417809189066,True,hand_fine_motor,P10,4,0.34
2026-04-03T17:50:10.907010,1085.6535537848808,94649,82,4.531690458612451,9.326620671677253,4.312083781101423,11.230144170992398,0.19360389370467068,True,hand_fine_motor,P10,4,0.34
2026-04-03T17:50:10.907761,1171.6482202278164,94777,80,4.536319890135174,9.12488823616536,4.502537813164758,11.140674585819454,0.08946958517294412,True,hand_fine_motor,P10,4,0.34
2026-04-03T17:50:10.908325,1236.9562941573208,94777,81,4.626790319736557,8.61517834133907,4.2688003302533115,10.670105096739043,0.4705694890804111,True,hand_fine_motor,P10,4,0.34
2026-04-03T17:50:10.978470,1144.474375144653,94944,80,4.505624627775109,7.974562718561175,4.140502288009626,10.051769149542398,0.6183359471966448,True,hand_fine_motor,P10,4,0.34
2026-04-03T17:50:10.978808,1212.6683791319501,94944,82,4.675732778591095,8.02775227495129,4.195041157588616,10.193412280421079,0.14164313087868052,True,hand_fine_motor,P10,4,0.34
2026-04-03T17:50:11.020859,1213.199951817327,94944,82,4.455144804865056,6.9669733787929164,4.201299323660732,9.275664358961972,0.9177479214591067,True,hand_fine_motor,P10,4,0.34
2026-04-03T17:50:11.021208,1177.5927059228943,95147,82,4.342835617506211,6.840474383842669,4.328463720570403,9.186289195152876,0.08937516380909649,True,hand_fine_motor,P10,4,0.34
2026-04-03T17:50:11.021658,1164.8611064707982,95147,82,4.667492156296641,6.019776577131174,4.093042292272173,8.647322607258065,0.5389665878948104,True,hand_fine_motor,P10,4,0.34
2026-04-03T17:50:11.022685,1114.9540412339009,95364,83,4.480172403721314,6.291455576736664,4.2630095768875655,8.82199573190511,0.17467312464704499,True,hand_fine_motor,P10,4,0.34
2026-04-03T17:50:11.144532,1166.3827670273965,95525,82,3.976078199014671,5.479162670725812,4.3427404217246,8.042997935312163,0.7789977965929467,True,hand_fine_motor,P10,4,0.34
2026-04-03T17:50:11.145019,1162.7637071867061,95525,82,3.918292558876812,5.2970208981569025,4.068943672345891,7.7438846570170465,0.2991132782951169,True,hand_fine_motor,P10,4,0.34
2026-04-03T17:50:11.145497,1257.0210632392323,95273,81,3.885957484422996,5.34412221567474,4.24739145442653,7.85497562020067,0.11109096318362344,True,hand_fine_motor,P10,4,0.34
2026-04-03T17:50:11.146062,1231.8363151220185,95273,82,4.312599136533144,5.109620672429192,4.0138723407494385,7.798583582701127,0.0563920374995428,True,hand_fine_motor,P10,4,0.34
2026-04-03T17:50:11.146108,1215.5661595913955,94961,83,4.2929171639220876,5.113310467646169,4.212337549187014,7.8942301298560835,0.09564654715495635,True,hand_fine_motor,P10,4,0.34
2026-04-03T17:50:11.200559,1035.8145408217592,94961,82,4.3131472330072596,5.51005670939955,4.403570209939665,8.267732130896915,0.37350200104083164,True,hand_fine_motor,P10,4,0.34
2026-04-03T17:50:11.200997,1079.4866304097402,94937,81,4.860954122949534,5.094070777984193,4.174123539190125,8.185459021762533,0.08227310913438224,True,hand_fine_motor,P10,4,0.34
2026-04-03T17:50:11.201409,1201.146403967753,94937,82,4.79694693412668,5.126907181097597,4.169241191263585,8.165687309917423,0.019771711845109508,True,hand_fine_motor,P10,4,0.34
2026-04-03T17:50:11.202097,1224.646738043557,94937,81,4.761077092689952,4.963054770424681,4.294559539552307,8.108206298283974,0.057481011633448986,True,hand_fine_motor,P10,4,0.34
2026-04-03T17:50:11.261805,1227.7047362054336,95005,82,4.80629088557142,5.180850596206309,4.267505782191345,8.255498202893314,0.1472919046093395,True,hand_fine_motor,P10,4,0.34
2026-04-03T17:50:11.262286,1196.421782169912,95005,82,4.662303454867991,5.124251555942333,4.134465580330057,8.06776506529444,0.18773313759887422,True,hand_fine_motor,P10,4,0.34
2026-04-03T17:50:11.262577,1199.1871798009365,95047,83,4.809946118331357,4.983132582952379,4.233341000023368,8.117165023763615,0.04939995846917533,True,hand_fine_motor,P10,4,0.34
2026-04-03T17:50:11.320976,1247.7342467023166,95047,83,4.582951341678441,5.07403263597115,4.332594760468494,8.094481302068194,0.022683721695420545,True,hand_fine_motor,P10,4,0.34
2026-04-03T17:50:11.321505,1161.9918183306404,95199,82,4.807059728341431,5.159364366162361,4.309120218804178,8.264101944844032,0.169620642775838,True,hand_fine_motor,P10,4,0.34
2026-04-03T17:50:11.321848,1184.4348299324688,95199,82,4.771506558081236,5.118033202988414,4.1961270474362955,8.158984060465526,0.10511788437850633,True,hand_fine_motor,P10,4,0.34
2026-04-03T17:50:11.381140,1037.8220839398746,95258,83,4.684198371611605,5.168722774593798,4.334717380981737,8.212623471108278,0.05363941064275224,True,hand_fine_motor,P10,4,0.34
2026-04-03T17:50:11.442098,1140.091281729895,95258,81,4.8806479777793195,5.21726047452255,4.290938743953757,8.333827862775909,0.12120439166763042,True,hand_fine_motor,P10,4,0.34
2026-04-03T17:50:11.442577,1231.673384711237,95196,82,4.849442317427943,5.025502650151633,4.431156987055021,8.270908046923779,0.0629198158521298,True,hand_fine_motor,P10,4,0.34
2026-04-03T17:50:11.442929,1182.3593396147219,95196,83,4.692764755687209,5.112240245756466,4.416786413380435,8.225876464181441,0.04503158274233776,True,hand_fine_motor,P10,4,0.34
2026-04-03T17:50:11.443251,1209.7143235923895,95227,82,4.820948802922675,5.143202822573097,4.285769120276701,8.249963611243553,0.02408714706211157,True,hand_fine_motor,P10,4,0.34
2026-04-03T17:50:11.443580,1229.1104652454587,95227,82,4.499545600516513,4.8975689086045415,7.645970693236298,10.133753483654798,1.8837898724112456,True,hand_fine_motor,P10,4,0.34
2026-04-03T17:50:11.500560,1169.3460561254858,95458,81,4.328184989114839,6.5284504364347224,6.953512606657173,10.47402444010534,0.3402709564505422,True,hand_fine_motor,P10,4,0.34
2026-04-03T17:50:11.501155,1212.4543887084158,95458,82,4.186796623839426,6.612755771184047,6.9977064844477495,10.498842836294065,0.02481839618872428,True,hand_fine_motor,P10,4,0.34
2026-04-03T17:50:11.501253,1330.0300023171012,95714,85,4.443057479036167,5.226742348679685,7.729295190708846,10.334485932382691,0.16435690391137392,True,hand_fine_motor,P10,4,0.34
2026-04-03T17:50:11.562767,1210.9609012544638,95714,82,4.478334029366037,5.169105590786929,7.725591533377138,10.317940338452779,0.016545593929912172,True,hand_fine_motor,P10,4,0.34
2026-04-03T17:50:11.563168,1197.7925265584454,95792,83,4.639458948540384,4.854147911566825,7.906036156526677,10.372691983803778,0.05475164535099886,True,hand_fine_motor,P10,4,0.34
2026-04-03T17:50:11.563419,1182.8873990511368,95792,81,5.35884854315965,5.911565898891173,7.547639491792883,10.983202219003747,0.6105102351999694,True,hand_fine_motor,P10,4,0.34
2026-04-03T17:50:11.622308,1211.5304569053026,95864,82,5.206736507062675,5.875119228955036,7.43020906194923,10.809030378007497,0.17417184099624983,True,hand_fine_motor,P10,4,0.34
2026-04-03T17:50:11.622710,1246.1183721644259,95864,83,5.194928696824753,5.066403245687746,7.84371386769757,10.685484231017321,0.12354614699017574,True,hand_fine_motor,P10,4,0.34
2026-04-03T17:50:11.622959,1360.1290659298684,95735,83,5.1630704419771165,5.020570810486829,7.804206256538394,10.619277891953066,0.0662063390642551,True,hand_fine_motor,P10,4,0.34
2026-04-03T17:50:11.680819,1241.0014494946597,95735,81,5.088215413953629,5.058228880687023,7.770211415448028,10.576001179508749,0.04327671244431741,True,hand_fine_motor,P10,4,0.34
2026-04-03T17:50:11.681235,1187.6443561723233,95642,80,5.111112219806689,4.825754269530118,8.213328049638486,10.810648918743212,0.2346477392344628,True,hand_fine_motor,P10,4,0.34
2026-04-03T17:50:11.681731,1262.187601681531,95642,83,3.132881062587429,4.226982630374664,6.381293940657299,8.270625022746323,2.540023895996889,True,hand_fine_motor,P10,4,0.34
2026-04-03T17:50:11.741000,1262.8437303927792,95666,82,3.256095199661983,4.0621815178491945,6.664803749749585,8.457132117679937,0.18650709493361362,True,hand_fine_motor,P10,4,0.34
2026-04-03T17:50:11.741394,1256.5571301818302,95666,83,3.8645270691150553,4.598040792414497,7.843483134429095,9.879108070909256,1.4219759532293192,True,hand_fine_motor,P10,4,0.34
2026-04-03T17:50:11.741636,1318.2089214959874,95678,82,3.953756031506835,4.593224446608008,8.116932115182403,10.129880776004898,0.25077270509564187,True,hand_fine_motor,P10,4,0.34
2026-04-03T17:50:11.802533,1366.702766652133,95678,81,3.940391976377827,4.599432819580743,7.814995660474804,9.887144601075644,0.24273617492925403,True,hand_fine_motor,P10,4,0.34
2026-04-03T17:50:11.802810,1277.6316780569473,95542,83,4.1616210802425435,4.7301087147245875,7.6636462244191454,9.920911849305305,0.03376724822966182,True,hand_fine_motor,P10,4,0.34
2026-04-03T17:50:11.803042,1337.9000262314783,95542,83,4.161456885382651,5.021958268311914,7.013566654254276,9.577468635878303,0.3434432134270029,True,hand_fine_motor,P10,4,0.34
2026-04-03T17:50:11.860949,1205.0703380376,95333,83,4.5024531254790965,5.647806883960003,7.99098220078363,10.771518151072451,1.1940495151941484,True,hand_fine_motor,P10,4,0.34
2026-04-03T17:50:11.861337,1385.678899365142,95333,82,4.501306739432233,5.643712653433833,7.8352522780770535,10.6538459317797,0.11767221929275173,True,hand_fine_motor,P10,4,0.34
2026-04-03T17:50:11.861660,1358.5839487691462,95255,82,4.714850424095809,4.675984675319761,7.26517721015542,9.842634154553513,0.8112117772261858,True,hand_fine_motor,P10,4,0.34
2026-04-03T17:50:11.921630,1391.2945871976194,95255,82,4.8760475917928705,4.57790442997708,7.149709555363065,9.790372608511014,0.052261546042499774,True,hand_fine_motor,P10,4,0.34
2026-04-03T17:50:11.921920,1312.1367187063768,95168,81,5.653401131570737,3.8456121256327243,7.976986674869342,10.506283519223235,0.7159109107122212,True,hand_fine_motor,P10,4,0.34
2026-04-03T17:50:11.922138,1364.1420329889133,95168,81,5.681002379420168,3.642252046382885,7.8322399268980645,10.338460730536926,0.1678227886863084,True,hand_fine_motor,P10,4,0.34
2026-04-03T17:50:11.981461,1393.2675850848166,95310,83,5.26322659160189,4.3761582216183035,6.660594412339172,9.550698030032493,0.7877627005044339,True,hand_fine_motor,P10,4,0.34
2026-04-03T17:50:11.981722,1412.7050067341552,95310,82,5.448783585664086,3.51957582794962,7.657338716311232,10.035511585784183,0.48481355575169083,True,hand_fine_motor,P10,4,0.34
2026-04-03T17:50:11.981927,1380.1882749209262,95411,83,5.48099846290057,3.6815795398065574,7.747795677822141,10.179573170006693,0.14406158422250925,True,hand_fine_motor,P10,4,0.34
2026-04-03T17:50:12.057455,1474.5229146366594,95411,82,4.9910299875797115,5.741151979519678,7.360170188921866,10.585051327166854,0.4054781571601609,True,hand_fine_motor,P10,4,0.34
2026-04-03T17:50:12.057804,1365.01184141014,95430,82,4.967996586037607,5.9248158004531,7.2329583073884445,10.587734329147079,0.002683001980225086,True,hand_fine_motor,P10,4,0.34
2026-04-03T17:50:12.058027,1405.338766302508,95430,81,5.393887557173194,3.878352970422611,7.788564309746951,10.237059086948639,0.3506752421984398,True,hand_fine_motor,P10,4,0.34
2026-04-03T17:50:12.101357,1402.8672051833464,95592,83,5.1878404594466785,1.752964408191942,8.244940858218001,9.897758463640757,0.33930062330788147,True,hand_fine_motor,P10,4,0.34
2026-04-03T17:50:12.162616,1421.3339223289013,95592,84,5.151244163659627,1.9927913918996625,8.017322543650604,9.735707202571108,0.1620512610696494,True,hand_fine_motor,P10,4,0.34
2026-04-03T17:50:12.163071,1494.988545001434,95888,82,4.876013856816192,3.98454690267865,8.063818966576454,10.231192573557967,0.4954853709868594,True,hand_fine_motor,P10,4,0.34
2026-04-03T17:50:12.163499,1510.3602921440017,96220,83,4.830676450089864,3.662747042915083,8.18239023468178,10.183450339568202,0.04774223398976574,True,hand_fine_motor,P10,4,0.34
2026-04-03T17:50:12.163866,1304.7141665840643,96220,81,4.737641299527479,3.60159689137554,6.149691698566258,8.55777151122704,1.6256788283411616,True,hand_fine_motor,P10,4,0.34
2026-04-03T17:50:12.164158,1390.4743387571823,96587,83,5.3720625306774,4.589286688210474,5.339111590245998,8.855886218396952,0.29811470716991195,True,hand_fine_motor,P10,4,0.34
2026-04-03T17:50:12.220457,1461.1794024723215,96587,82,5.272249161993894,4.757163328346828,5.268657503306592,8.842282852627033,0.013603365769919051,True,hand_fine_motor,P10,4,0.34
2026-04-03T17:50:12.221003,1365.4198306607223,96587,83,5.21045143961249,4.630157639795761,5.294672057658482,8.75332600627147,0.088956846355563,True,hand_fine_motor,P10,4,0.34
2026-04-03T17:50:12.221543,1397.444226702714,96645,82,5.207051164120608,4.699653410265504,5.30418001338127,8.79400077420643,0.04067476793495928,True,hand_fine_motor,P10,4,0.34
2026-04-03T17:50:12.280532,1345.6946248802399,96645,82,5.2621142629471525,4.69720496883655,5.356286097426152,8.856826846735535,0.06282607252910566,True,hand_fine_motor,P10,4,0.34
2026-04-03T17:50:12.281016,1433.6779155285394,96647,82,5.37741541872649,4.728459335461345,5.031600884740129,8.75168165188763,0.10514519484790519,True,hand_fine_motor,P10,4,0.34
2026-04-03T17:50:12.281620,1414.3625436233394,96647,83,5.22512810191135,4.72294243977031,5.15392761958825,8.72760670967258,0.02407494221504969,True,hand_fine_motor,P10,4,0.34
2026-04-03T17:50:12.341440,1429.8592899974399,96825,82,5.173160602457902,4.577120319409057,5.484539802663271,8.819965866383358,0.09235915671077777,True,hand_fine_motor,P10,4,0.34
2026-04-03T17:50:12.341803,1419.4292714717571,96825,84,5.261874161883894,4.711023344427795,5.371547991143078,8.873251290727554,0.05328542434419603,True,hand_fine_motor,P10,4,0.34
2026-04-03T17:50:12.343908,1488.410289183467,97042,81,5.400284194272454,4.496757383606754,5.366153669935473,8.841917300862562,0.03133398986499181,True,hand_fine_motor,P10,4,0.34
2026-04-03T17:50:12.423825,1308.9105978669686,97042,81,5.184310454665411,4.721319443498275,5.263886088035774,8.767920444764796,0.07399685609776618,True,hand_fine_motor,P10,4,0.34
2026-04-03T17:50:12.461360,1376.5972165547926,97032,83,5.088355965014786,4.760003985718019,5.470486399688159,8.85862437514573,0.0907039303809345,True,hand_fine_motor,P10,4,0.34
2026-04-03T17:50:12.461657,1376.6246318481137,97032,82,5.18074343981207,4.609083746709266,5.227502390595436,8.683924044866831,0.17470033027889897,True,hand_fine_motor,P10,4,0.34
2026-04-03T17:50:12.462203,1522.5342904541185,96527,82,5.279089415061752,4.802159602418153,5.316075593673394,8.898886538043051,0.21496249317621974,True,hand_fine_motor,P10,4,0.34
2026-04-03T17:50:12.520647,1494.021654021603,96527,81,7.088028411643358,6.837825666725747,4.5819543313161715,10.86233456063032,1.9634480225872686,True,hand_fine_motor,P10,4,0.34
2026-04-03T17:50:12.521090,1378.8972740903337,96085,82,6.915473803432692,5.7315417174060155,4.6522660782433425,10.115232476176859,0.747102084453461,True,hand_fine_motor,P10,4,0.34
2026-04-03T17:50:12.521511,1407.558546102003,96085,82,6.941357160422249,5.728185803117593,4.451301724784275,10.040350535148194,0.0748819410286643,True,hand_fine_motor,P10,4,0.34
2026-04-03T17:50:12.522454,1414.7217051202101,95982,82,7.121169724866273,4.712892157354325,3.746389191430072,9.32511891135271,0.7152316237954839,True,hand_fine_motor,P10,4,0.34
2026-04-03T17:50:12.523013,1412.8516868593663,95982,82,7.019013954756047,4.614056522407425,3.904461075203301,9.262877024812989,0.06224188653972185,True,hand_fine_motor,P10,4,0.34
2026-04-03T17:50:12.581176,1458.3677752616147,95995,81,7.347226897924023,5.681653400002915,3.898844458564989,10.072929889531936,0.8100528647189478,True,hand_fine_motor,P10,4,0.34
2026-04-03T17:50:12.581736,1342.6212933866955,95995,84,7.419460293920186,5.7829913201499386,3.8114067320457194,10.149788221390196,0.07685833185825963,True,hand_fine_motor,P10,4,0.34
2026-04-03T17:50:12.582402,1399.6731784977862,96045,83,5.798560187967926,3.6074880345693128,6.182707998764149,9.212119645935434,0.9376685754547616,True,hand_fine_motor,P10,4,0.34
2026-04-03T17:50:12.642227,1425.541426938089,96045,82,7.419395821301734,4.342532338354338,3.9419617385917562,9.457488240083842,0.24536859414840784,True,hand_fine_motor,P10,4,0.34
2026-04-03T17:50:12.642981,1434.993545121463,96143,81,7.586471478539934,4.355312516626726,4.1270072665515904,9.6724084689572,0.21492022887335693,True,hand_fine_motor,P10,4,0.34
2026-04-03T17:50:12.643567,1364.629281520197,96143,82,6.173171115567105,0.9444632757125498,6.736425685450247,9.18583058393935,0.4865778850178497,True,hand_fine_motor,P10,4,0.34
2026-04-03T17:50:12.700685,1375.2405453216977,96213,82,5.947252339802325,1.095980606568732,6.778264841925402,9.083823982802672,0.10200660113667759,True,hand_fine_motor,P10,4,0.34
2026-04-03T17:50:12.701385,1300.827731012647,96213,81,6.152610707978424,1.1579088163226807,6.99052875534239,9.384181564213119,0.3003575814104469,True,hand_fine_motor,P10,4,0.34
2026-04-03T17:50:12.701417,1420.00498292049,96293,82,5.787488753768789,3.2680584137481445,7.201304231758726,9.799694613048736,0.4155130488356171,True,hand_fine_motor,P10,4,0.34
2026-04-03T17:50:12.762459,1407.9397395699214,96293,82,6.94653374441719,4.3046683264927825,7.255662714101343,10.928364099179591,1.128669486130855,True,hand_fine_motor,P10,4,0.34
2026-04-03T17:50:12.763925,1364.799709169325,96428,83,6.728602549697983,4.443207550022742,7.066806419615256,10.72175072349179,0.2066133756878017,True,hand_fine_motor,P10,4,0.34
2026-04-03T17:50:12.764216,1384.1420859378763,96428,82,5.834091295479047,3.1960892526711095,8.049678958128549,10.44265000294282,0.2791007205489695,True,hand_fine_motor,P10,4,0.34
2026-04-03T17:50:12.881219,1434.063964271163,96595,81,5.976017604769169,3.006799630660478,8.028602793424781,10.450458996907228,0.007808993964408373,True,hand_fine_motor,P10,4,0.34
2026-04-03T17:50:12.881861,1462.3541622814635,96595,81,5.2807465292612,2.85263506993391,8.227314475669479,10.183934123416236,0.26652487349099196,True,hand_fine_motor,P10,4,0.34
2026-04-03T17:50:12.882470,1404.586607454689,96777,82,5.514250938620725,3.157388475351613,7.62794615739392,9.927820907856033,0.2561132155602035,True,hand_fine_motor,P10,4,0.34
2026-04-03T17:50:12.882831,1387.5199242103695,96777,82,5.673401962558504,3.307252208811312,7.712970558855418,10.129922104499148,0.202101196643115,True,hand_fine_motor,P10,4,0.34
2026-04-03T17:50:12.883150,1412.360142053369,96942,82,4.325123654760403,1.1730487383051158,7.513116329226423,8.748122938544928,1.3817991659542201,True,hand_fine_motor,P10,4,0.34
2026-04-03T17:50:12.883745,1384.9169363352985,96942,83,4.201305621333838,1.185673295815041,7.710457924439507,8.860471290671406,0.11234835212647809,True,hand_fine_motor,P10,4,0.34
2026-04-03T17:50:12.941200,1317.1018533482127,96976,83,5.842332569383872,2.013542730623131,5.735785332397673,8.431277338498425,0.4291939521729802,True,hand_fine_motor,P10,4,0.34
2026-04-03T17:50:12.941230,1315.8417856195074,96976,80,6.032956837798278,1.952100852763401,5.51192759743906,8.401702909857438,0.029574428640987804,True,hand_fine_motor,P10,4,0.34
2026-04-03T17:50:12.943453,1437.412665976007,97135,82,5.522899802444739,5.000774593440668,6.200223399722768,9.69293242361235,1.291229513754912,True,hand_fine_motor,P10,4,0.34
2026-04-03T17:50:13.008848,1458.5955164594752,97135,83,6.234231337481094,7.640614956798612,6.047469289431406,11.567909149621723,1.8749767260093737,True,hand_fine_motor,P10,4,0.34
2026-04-03T17:50:13.064384,1351.99241724807,97257,82,6.205876170473331,7.859502706591043,5.745966843506116,11.545597290951747,0.022311858669976203,True,hand_fine_motor,P10,4,0.34
2026-04-03T17:50:13.065555,1351.9564196322629,97257,81,6.846682063535744,6.547949202496746,5.397808750050263,10.903624779849086,0.6419725111026615,True,hand_fine_motor,P10,4,0.34
2026-04-03T17:50:13.065592,1377.939388118819,97220,82,6.8135010665395015,6.690239837724244,5.358425251171482,10.94969529450019,0.04607051465110423,True,hand_fine_motor,P10,4,0.34
2026-04-03T17:50:13.120954,1342.900017125682,97220,84,6.656182428999303,7.691885468809664,5.633276359581024,11.627711259608176,0.6780159651079867,True,hand_fine_motor,P10,4,0.34
2026-04-03T17:50:13.183952,1351.8561216193834,96713,82,5.819409468213999,5.664364928700176,6.288592171948034,10.27117072729849,1.3565405323096869,True,hand_fine_motor,P10,4,0.34
2026-04-03T17:50:13.184293,1334.031045787261,96085,81,5.735028990454626,5.640171133074746,6.282124583541572,10.206232273217283,0.06493845408120613,True,hand_fine_motor,P10,4,0.34
2026-04-03T17:50:13.184533,1327.3232983949918,96085,82,4.749040838694284,4.948807497419845,6.740348538346857,9.616464160620556,0.5897681125967278,True,hand_fine_motor,P10,4,0.34
2026-04-03T17:50:13.184749,1353.1495810545614,95845,83,4.809284191824832,4.8873882734714345,6.884340069267843,9.716476561116641,0.10001240049608562,True,hand_fine_motor,P10,4,0.34
2026-04-03T17:50:13.184977,1318.750510804569,95845,83,6.6455695432618285,6.072924717149796,5.317258601836059,10.455488903599761,0.7390123424831199,True,hand_fine_motor,P10,4,0.34
2026-04-03T17:50:13.185183,1393.7133141578722,95845,82,6.426394277424779,6.243413982155897,5.220918009111773,10.36999259495229,0.08549630864747115,True,hand_fine_motor,P10,4,0.34
2026-04-03T17:50:13.186036,1382.5015490484227,95836,81,7.804628849047183,5.993534441876781,3.839602959920827,10.56301270789615,0.19302011294385935,True,hand_fine_motor,P10,4,0.34
2026-04-03T17:50:13.241422,1425.367547184377,95836,82,7.489394748500289,6.03033959537524,3.596790346118017,10.26610588920365,0.2969068186924986,True,hand_fine_motor,P10,4,0.34
2026-04-03T17:50:13.241675,1266.379339611732,95893,83,7.641661419795829,5.916151119533711,3.695665082993084,10.34667935763017,0.08057346842652002,True,hand_fine_motor,P10,4,0.34
2026-04-03T17:50:13.241913,1437.6061005342633,95893,81,7.641807978715283,5.979589141891697,3.865378023204193,10.444800752128094,0.09812139449792312,True,hand_fine_motor,P10,4,0.34
2026-04-03T17:50:13.309543,1296.6619969167382,96010,80,7.546906879618555,5.9811757432517165,3.8882680235152587,10.385032255317643,0.0597684968104506,True,hand_fine_motor,P10,4,0.34
2026-04-03T17:50:13.309896,1325.370270794655,96010,80,7.635222830340724,5.934514310657743,3.7414487555356684,10.3688729649204,0.016159290397244064,True,hand_fine_motor,P10,4,0.34
2026-04-03T17:50:13.310117,1366.079834287561,96105,82,7.551580158175435,6.198259833108131,3.812820731460179,10.487248913529378,0.11837594860897838,True,hand_fine_motor,P10,4,0.34
2026-04-03T17:50:13.361575,1242.473284721983,96105,81,7.700096222015732,6.0159177923818525,3.857755457787819,10.505475995169814,0.018227081640436182,True,hand_fine_motor,P10,4,0.34
2026-04-03T17:50:13.361859,1268.7694841510981,96161,82,7.705691101369837,6.03241658037285,3.766190680048695,10.485795982536244,0.019680012633569888,True,hand_fine_motor,P10,4,0.34
2026-04-03T17:50:13.362074,1346.2567299765212,96161,82,7.705645185981065,5.890474666764105,3.6938773959240394,10.378795197331018,0.10700078520522638,True,hand_fine_motor,P10,4,0.34
2026-04-03T17:50:13.420827,1395.8211877654494,96209,82,7.466256157986266,5.941868076992774,3.74923482925446,10.25219679219768,0.12659840513333798,True,hand_fine_motor,P10,4,0.34
2026-04-03T17:50:13.421174,1172.3590900440831,96209,82,7.574621392608671,5.954170659414371,3.931138622389164,10.405810316896789,0.15361352469910905,True,hand_fine_motor,P10,4,0.34
2026-04-03T17:50:13.421394,1333.6045451941911,96295,82,7.616109789547154,5.9799662541476435,3.852107130173222,10.421317290511405,0.015506973614616726,True,hand_fine_motor,P10,4,0.34
2026-04-03T17:50:13.482827,1284.3872049376419,96295,83,5.99007554801543,5.7632665192700605,5.348158248353419,9.884282608894907,0.5370346816164986,True,hand_fine_motor,P10,4,0.34
2026-04-03T17:50:13.483274,1376.4452578718344,96387,82,5.968660452604495,5.759548938163968,4.9967657416145,9.683231869895655,0.20105073899925152,True,hand_fine_motor,P10,4,0.34
2026-04-03T17:50:13.483611,1359.1038606992954,96387,81,6.027446954482108,5.8503101695452395,5.154171431308179,9.85503571846868,0.171803848573024,True,hand_fine_motor,P10,4,0.34
2026-04-03T17:50:13.546797,1331.507369140928,96436,82,5.81478524814748,5.330608953617059,4.5272888387345995,9.095244005950955,0.7597917125177247,True,hand_fine_motor,P10,4,0.34
2026-04-03T17:50:13.547220,1263.2515442969634,96436,80,5.971093377216467,5.76050694959718,4.574327212973129,9.474273897620982,0.37902989167002765,True,hand_fine_motor,P10,4,0.34
2026-04-03T17:50:13.547552,1372.0442293332367,96551,82,5.927384995175899,5.667479495011633,4.7392164044627885,9.471767988910143,0.002505908710839222,True,hand_fine_motor,P10,4,0.34
2026-04-03T17:50:13.603869,1382.4080204102984,96551,82,5.894610062001697,5.616179040684403,4.7988885904214085,9.450779147951305,0.020988840958837685,True,hand_fine_motor,P10,4,0.34
2026-04-03T17:50:13.604294,1326.5404405507559,96662,82,6.553073774107255,6.0294265863105565,4.7056801941199,10.071751929924266,0.6209727819729611,True,hand_fine_motor,P10,4,0.34
2026-04-03T17:50:13.604627,1363.174831554268,96662,82,6.233062842674941,5.928463627770979,4.9214592122496255,9.910525423224298,0.1612265066999683,True,hand_fine_motor,P10,4,0.34
2026-04-03T17:50:13.662926,1264.7166587344377,96765,82,6.337071321542513,5.96813958822287,4.727358159814665,9.905810327782172,0.004715095442126227,True,hand_fine_motor,P10,4,0.34
2026-04-03T17:50:13.664348,1419.739050169877,96765,82,6.309991842388064,6.065883388312046,4.805150242969432,9.9850091231362,0.07919879535402785,True,hand_fine_motor,P10,4,0.34
2026-04-03T17:50:13.664389,1303.0781522703821,96805,82,6.139150113482394,5.772001491561662,5.027317817001056,9.812190875008355,0.17281824812784485,True,hand_fine_motor,P10,4,0.34
2026-04-03T17:50:13.721614,1288.4138741742167,96805,81,6.316747363547352,6.887545160992348,5.211955818786486,10.700656945093316,0.8884660700849611,True,hand_fine_motor,P10,4,0.34
2026-04-03T17:50:13.722060,1290.6830872422172,96501,84,6.3675073699753195,6.809046144850872,5.019671461766799,10.5879819178857,0.11267502720761513,True,hand_fine_motor,P10,4,0.34
2026-04-03T17:50:13.722694,1248.2729118343677,96501,83,5.825979641393291,6.83838561320068,5.258542133384904,10.409506325726662,0.17847559215903885,True,hand_fine_motor,P10,4,0.34
2026-04-03T17:50:13.782077,1313.5256723606185,95948,80,5.7577654790169275,7.1347968151769745,5.210959826819886,10.545676423157941,0.13617009743127895,True,hand_fine_motor,P10,4,0.34
2026-04-03T17:50:13.783629,1238.567699174446,95948,81,5.7780681877684525,7.173679043059064,4.855122650711924,10.412490525747556,0.13318589741038522,True,hand_fine_motor,P10,4,0.34
2026-04-03T17:50:13.784009,1257.5597656344876,95755,81,5.607339726722486,7.074434688732914,4.97065592839417,10.305207680319105,0.10728284542845046,True,hand_fine_motor,P10,4,0.34
2026-04-03T17:50:13.841444,1306.8186808187795,95755,82,5.186779825902908,6.68718548591075,4.953440793053053,9.806003792353481,0.4992038879656242,True,hand_fine_motor,P10,4,0.34
2026-04-03T17:50:13.900921,1301.3753138429079,95718,84,4.929480131134541,6.821360878650674,5.572980787549986,10.094000864792779,0.28799707243929795,True,hand_fine_motor,P10,4,0.34
2026-04-03T17:50:13.901531,1324.367181966374,95718,83,4.95215415299925,6.807351132205119,5.259803683598879,9.926197407980679,0.1678034568121003,True,hand_fine_motor,P10,4,0.34
2026-04-03T17:50:13.901889,1372.0494522948086,95744,81,4.993953159052103,6.732816296831177,5.134497974478656,9.830231578737472,0.09596582924320707,True,hand_fine_motor,P10,4,0.34
2026-04-03T17:50:13.902354,1219.6373914850558,95744,82,5.076872203190791,6.783494317295325,5.012172553212875,9.844404513402004,0.014172934664532733,True,hand_fine_motor,P10,4,0.34
2026-04-03T17:50:13.902849,1316.9194268680048,95857,82,4.746459061564118,6.211877296733786,5.241899479481138,9.412428131240388,0.4319763821616167,True,hand_fine_motor,P10,4,0.34
2026-04-03T17:50:13.961083,1359.3328308315358,95857,81,4.712400925216436,6.152916772257112,5.130045750009599,9.29421737875197,0.11821075248841773,True,hand_fine_motor,P10,4,0.34
2026-04-03T17:50:13.962236,1277.5210981423859,95996,82,4.369738976409136,6.037355644574436,5.592566697930528,9.317783221980728,0.023565843228757544,True,hand_fine_motor,P10,4,0.34
2026-04-03T17:50:13.962264,1270.4880891223415,95996,83,4.951443179727799,6.47054508533991,5.153189090783765,9.640544645862194,0.32276142388146667,True,hand_fine_motor,P10,4,0.34
2026-04-03T17:50:14.021095,1310.561171794177,96063,81,4.903334361985372,6.431911335041256,5.094038581709847,9.55831577000923,0.08222887585296412,True,hand_fine_motor,P10,4,0.34
2026-04-03T17:50:14.021361,1275.0506956903844,96063,82,4.742841060888852,6.322993639086802,4.833161454711695,9.264676979587378,0.29363879042185204,True,hand_fine_motor,P10,4,0.34
2026-04-03T17:50:14.022243,1260.3179748821353,96143,83,4.907983879528837,6.375507808571496,5.030988549072143,9.489270328100368,0.22459334851298962,True,hand_fine_motor,P10,4,0.34
2026-04-03T17:50:14.103435,1335.9510429542731,96143,81,4.459823054989282,6.467866231396983,5.205097919349382,9.424243185480444,0.0650271426199236,True,hand_fine_motor,P10,4,0.34
2026-04-03T17:50:14.103901,1274.1751240439414,96266,81,5.112249332743837,6.954440863860373,5.233728415063678,10.094119777955667,0.669876592475223,True,hand_fine_motor,P10,4,0.34
2026-04-03T17:50:14.104374,1258.3199888756142,96442,82,5.171021037956146,6.82200871176752,5.191411525059125,10.011494147275606,0.08262563068006124,True,hand_fine_motor,P10,4,0.34
2026-04-03T17:50:14.140923,1269.569009792878,96442,83,5.549017716905103,7.171190272607132,5.081452837003006,10.394168099619506,0.3826739523439002,True,hand_fine_motor,P10,4,0.34
2026-04-03T17:50:14.141338,1395.7952797238895,96442,82,5.465488016027839,7.129005162623904,5.214297337883833,10.386682366854425,0.007485732765081465,True,hand_fine_motor,P10,4,0.34
2026-04-03T17:50:14.141760,1184.7928949452103,96630,83,5.603882953029989,6.506980829402492,5.358644425002527,10.122221778793543,0.26446058806088146,True,hand_fine_motor,P10,4,0.34
2026-04-03T17:50:14.200722,1323.9135678855425,96630,82,5.460156436768999,6.494046872042665,5.130879793537822,9.915234770090509,0.20698700870303455,True,hand_fine_motor,P10,4,0.34
2026-04-03T17:50:14.201205,1203.9423960950678,96754,81,4.715114409750527,5.970294570674271,5.739967699496311,9.530160037949033,0.3850747321414758,True,hand_fine_motor,P10,4,0.34
2026-04-03T17:50:14.201789,1310.4686303999702,96754,81,4.790846457049332,6.36745810325542,5.585519536807105,9.731123314797172,0.20096327684813886,True,hand_fine_motor,P10,4,0.34
2026-04-03T17:50:14.262114,1267.084789638091,96872,82,4.755944833426924,6.195166313864715,5.5346592120131,9.572436968095733,0.15868634670143855,True,hand_fine_motor,P10,4,0.34
2026-04-03T17:50:14.262562,1293.701212845989,96872,83,4.606402660413579,6.296793237581233,5.632413280121344,9.622506425292805,0.0500694571970719,True,hand_fine_motor,P10,4,0.34
2026-04-03T17:50:14.262851,1308.0497839692857,96998,82,4.826198830359474,6.187381673181485,5.631434661275103,9.658620163563524,0.03611373827071951,True,hand_fine_motor,P10,4,0.34
2026-04-03T17:50:14.322760,1350.6353101586853,96998,80,4.790120630451825,6.284551665271984,5.758641265493672,9.777668153112971,0.11904798954944695,True,hand_fine_motor,P10,4,0.34
2026-04-03T17:50:14.323166,1293.884500349545,97105,82,4.978115811940844,6.274479360427837,5.816236872695533,9.89845137588873,0.12078322277575815,True,hand_fine_motor,P10,4,0.34
2026-04-03T17:50:14.323436,1284.5118043682744,97105,81,4.813258745567004,6.438663896624467,5.424132716920246,9.697683654163875,0.2007677217248549,True,hand_fine_motor,P10,4,0.34
2026-04-03T17:50:14.382307,1214.362990392636,97125,83,4.847430088462816,6.074846506386379,5.702907227697667,9.639734923036821,0.057948731127053676,True,hand_fine_motor,P10,4,0.34
2026-04-03T17:50:14.382649,1214.3297273151368,97125,83,4.833952108545743,6.363331368623591,5.895804153821551,9.930739434445064,0.2910045114082429,True,hand_fine_motor,P10,4,0.34
2026-04-03T17:50:14.382914,1231.5202913249684,96610,83,4.735372882155528,5.93574259635774,5.513884427011509,9.38401395873374,0.5467254757113231,True,hand_fine_motor,P10,4,0.34
2026-04-03T17:50:14.457725,1275.726156544392,96610,82,4.9649424223062395,6.018642777094949,5.7322160733982646,9.681581236927094,0.2975672781933536,True,hand_fine_motor,P10,4,0.34
2026-04-03T17:50:14.458848,1299.2322941153195,96101,81,4.852739874498807,6.302097877791718,5.751442222864252,9.815529002237387,0.1339477653102925,True,hand_fine_motor,P10,4,0.34
2026-04-03T17:50:14.459132,1210.903600005998,96101,82,6.344504291038977,6.404201525827791,5.339664888796738,10.477526091930082,0.6619970896926954,True,hand_fine_motor,P10,4,0.34
2026-04-03T17:50:14.503200,1254.8075240662465,95952,84,6.2427304267072055,6.562523624509939,5.193615941861455,10.44088339434669,0.03664269758339245,True,hand_fine_motor,P10,4,0.34
2026-04-03T17:50:14.503640,1275.491323272016,95952,83,5.733423314951494,6.6619478732641175,5.177990424245589,10.201239003576806,0.2396443907698842,True,hand_fine_motor,P10,4,0.34
2026-04-03T17:50:14.503966,1309.4085225133692,95899,86,6.154082688581523,5.7214756973952,4.754184939508507,9.654547753925721,0.5466912496510847,True,hand_fine_motor,P10,4,0.34
2026-04-03T17:50:14.621235,1340.3127943984157,95899,87,5.977654208574943,5.988275793515382,4.936524291067146,9.795972074929164,0.14142432100344315,True,hand_fine_motor,P10,4,0.34
2026-04-03T17:50:14.621557,1203.3048750422802,95976,86,6.064386770026888,6.151571617770122,5.159341523210325,10.061681033413567,0.265708958484403,True,hand_fine_motor,P10,4,0.34
2026-04-03T17:50:14.621960,1273.1508021339603,95976,84,5.9506654955751594,6.30594938917291,5.2113520870570795,10.11600751849825,0.054326485084683185,True,hand_fine_motor,P10,4,0.34
2026-04-03T17:50:14.622476,1323.5353722103862,96181,85,6.178242684295709,6.44488071641317,4.77256728917613,10.123466236648483,0.007458718150232357,True,hand_fine_motor,P10,4,0.34
2026-04-03T17:50:14.623546,1234.4590639518808,96181,85,6.068278501098036,6.190990035218031,4.368792357016177,9.70766234691857,0.4158038897299132,True,hand_fine_motor,P10,4,0.34
2026-04-03T17:50:14.623881,1326.3469643401006,96362,87,6.126376553495144,6.203869117452104,4.629420482979601,9.871778751062145,0.16411640414357542,True,hand_fine_motor,P10,4,0.34
2026-04-03T17:50:14.681729,1180.1779065710384,96362,85,6.276736864585714,6.1801017976326245,4.475497884978436,9.880342363238116,0.008563612175970903,True,hand_fine_motor,P10,4,0.34
2026-04-03T17:50:14.682428,1297.6570569293997,96438,85,5.709531788816459,6.448790698099438,5.170951654417981,10.046113463809155,0.16577110057103894,True,hand_fine_motor,P10,4,0.34
2026-04-03T17:50:14.683049,1211.2105544272954,96438,83,5.868993533115296,6.507177658911163,5.159964663303558,10.16925176711262,0.12313830330346498,True,hand_fine_motor,P10,4,0.34
2026-04-03T17:50:14.741363,1181.4425866172185,96520,85,6.254293047085123,6.205084916777269,4.396456052319134,9.846221923316964,0.3230298437956556,True,hand_fine_motor,P10,4,0.34
2026-04-03T17:50:14.741789,1266.4978198715576,96520,85,6.657353719000931,6.145682971265816,3.9957226562796246,9.902301614731217,0.05607969141425251,True,hand_fine_motor,P10,4,0.34
2026-04-03T17:50:14.742295,1303.8766073630236,96670,85,6.570437128225902,6.2814306816723215,3.9008690693209367,9.891602244359031,0.010699370372185157,True,hand_fine_motor,P10,4,0.34
2026-04-03T17:50:14.801030,1301.6861802325502,96670,85,6.7482645284645955,6.770063659670061,3.952763528509743,10.343943910058458,0.4523416656994268,True,hand_fine_motor,P10,4,0.34
2026-04-03T17:50:14.802131,1291.7051263451451,96845,85,6.754093474686296,6.768630749532114,3.9697884500393967,10.353326094853665,0.009382184795207138,True,hand_fine_motor,P10,4,0.34
2026-04-03T17:50:14.802542,1266.1081468832017,96845,85,6.992900192389098,6.818545043053978,3.941932814125935,10.53242820606693,0.1791021112132647,True,hand_fine_motor,P10,4,0.34
2026-04-03T17:50:14.862222,1239.8005735605489,96983,85,6.491453330071185,6.6923067171573205,4.431080779769575,10.322810296127921,0.2096179099390092,True,hand_fine_motor,P10,4,0.34
2026-04-03T17:50:14.862854,1329.1979160001345,96983,84,6.436206729796062,6.573150670099504,4.477552772565972,10.23130224515017,0.09150805097775105,True,hand_fine_motor,P10,4,0.34
2026-04-03T17:50:14.862892,1240.4856763044727,97073,85,5.786883812589917,6.05387379312255,4.425980974503297,9.47241889646654,0.7588833486836304,True,hand_fine_motor,P10,4,0.34
2026-04-03T17:50:14.921000,1316.153596896294,97073,85,5.906358954407717,6.006253247928811,4.5265365334480085,9.562932979228032,0.09051408276149253,True,hand_fine_motor,P10,4,0.34
2026-04-03T17:50:14.922308,1336.6145417648167,97143,86,5.726533038251384,5.874668517095983,4.3449484115324735,9.28350620847651,0.2794267707515221,True,hand_fine_motor,P10,4,0.34
2026-04-03T17:50:14.922720,1295.2648967474977,97143,85,5.784091024629436,5.875744333723345,4.407246691709263,9.349005501017905,0.06549929254139464,True,hand_fine_motor,P10,4,0.34
2026-04-03T17:50:14.980342,1270.68077379073,97232,84,5.951160341037557,6.271235007729454,4.347414422191833,9.677019690234761,0.3280141892168569,True,hand_fine_motor,P10,4,0.34
2026-04-03T17:50:14.981382,1192.8010775204568,97232,86,6.5145803766376815,5.667561887764809,3.0584087675005978,9.160506504797729,0.5165131854370326,True,hand_fine_motor,P10,4,0.34
2026-04-03T17:50:14.981589,1250.155002228929,97336,85,6.582141192692256,5.80477213386487,3.107234644938088,9.309933906603948,0.1494274018062196,True,hand_fine_motor,P10,4,0.34
2026-04-03T17:50:15.041930,1318.4175320023833,97336,85,6.466170483199305,5.958856946803948,3.3979325845525397,9.426838424383623,0.11690451777967503,True,hand_fine_motor,P10,4,0.34
2026-04-03T17:50:15.042430,1324.3023886230364,97158,85,6.710650301069506,5.881495718938574,3.370434961446971,9.538587483714823,0.11174905933119916,True,hand_fine_motor,P10,4,0.34
2026-04-03T17:50:15.042876,1324.4466582158743,97158,85,5.759927945089042,5.838912649962699,3.586653307857663,8.951745797177132,0.5868416865376904,True,hand_fine_motor,P10,4,0.34
2026-04-03T17:50:15.101632,1329.6821587203492,96491,84,5.967108099990007,6.221286608044294,3.7149762836044,9.386790448504792,0.4350446513276598,True,hand_fine_motor,P10,4,0.34
2026-04-03T17:50:15.102141,1251.241309478818,96491,86,5.991533258646214,6.420837349381932,4.025376827778785,9.66070813461933,0.2739176861145385,True,hand_fine_motor,P10,4,0.34
2026-04-03T17:50:15.102545,1277.5769940354667,96213,86,6.261271766358622,6.58721895328467,3.322110751163417,9.67633182118658,0.015623686567248996,True,hand_fine_motor,P10,4,0.34
2026-04-03T17:50:15.171489,1280.9825283789712,96213,85,6.255611419665204,6.710687378335817,3.4844902401937774,9.813647209758818,0.13731538857223846,True,hand_fine_motor,P10,4,0.34
2026-04-03T17:50:15.171909,1275.709050998382,96250,85,5.817106024363584,6.413880338806447,3.642840003179138,9.393980348498562,0.41966686126025543,True,hand_fine_motor,P10,4,0.34
2026-04-03T17:50:15.172279,1280.8412081004196,96250,85,6.299383177735106,5.514178441612854,2.8150596019014813,8.832494147642427,0.5614862008561357,True,hand_fine_motor,P10,4,0.34
2026-04-03T17:50:15.221238,1378.4909251690306,96291,86,6.448465628986595,5.305573699237212,2.712183831546301,8.779963689125388,0.052530458517038525,True,hand_fine_motor,P10,4,0.34
2026-04-03T17:50:15.221534,1230.4886792069956,96291,85,6.582095215374326,5.3802290854324655,2.765875264171475,8.93984946254369,0.159885773418301,True,hand_fine_motor,P10,4,0.34
2026-04-03T17:50:15.222389,1333.1569847367964,96378,86,6.4761619335809355,5.496191638098353,2.8610620364707415,8.962949954629845,0.023100492086156166,True,hand_fine_motor,P10,4,0.34
2026-04-03T17:50:15.344819,1303.2542933215116,96378,86,6.428072058958407,5.378869597194235,2.8606796287214595,8.856400876031087,0.10654907859875884,True,hand_fine_motor,P10,4,0.34
2026-04-03T17:50:15.346789,1266.4892870026579,96494,84,6.397249906696082,5.578833049072901,2.818551189141364,8.943847905905,0.08744702987391406,True,hand_fine_motor,P10,4,0.34
2026-04-03T17:50:15.346824,1281.0763351365943,96494,86,6.396844780773284,5.256518162666082,2.9044444990631777,8.774189660127204,0.16965824577779642,True,hand_fine_motor,P10,4,0.34
2026-04-03T17:50:15.347268,1219.956207739921,96636,83,6.2863804956190785,5.368524638203696,2.822832086527236,8.735446039866988,0.038743620260216716,True,hand_fine_motor,P10,4,0.34
2026-04-03T17:50:15.348400,1233.1169373624145,96636,87,6.326366857127666,5.371135000904243,2.881455810588124,8.784918690419056,0.04947265055206884,True,hand_fine_motor,P10,4,0.34
2026-04-03T17:50:15.350398,1376.6929949897074,96661,85,6.327497188184947,5.604073209481247,3.0189795116934763,8.975360410353382,0.19044171993432535,True,hand_fine_motor,P10,4,0.34
2026-04-03T17:50:15.401639,1243.608438115329,96661,86,6.561792955654536,5.438388307178788,2.8459684218474086,8.98513942188373,0.009779011530348214,True,hand_fine_motor,P10,4,0.34
2026-04-03T17:50:15.401929,1226.6170255632314,96767,85,6.492356310531293,5.4687118870642735,2.7165017294711316,8.912737055070863,0.0724023668128666,True,hand_fine_motor,P10,4,0.34
2026-04-03T17:50:15.402147,1348.0744539053835,96767,85,6.520680996259607,5.473938476462144,2.8309431064658934,8.972041126249959,0.05930407117909553,True,hand_fine_motor,P10,4,0.34
2026-04-03T17:50:15.462409,1296.670237898356,96957,85,6.4029848133933,5.283854601565304,2.8916546708426796,8.790847553361074,0.18119357288888516,True,hand_fine_motor,P10,4,0.34
2026-04-03T17:50:15.462710,1312.7471660488718,96957,84,6.138114830326128,6.550497982564544,4.638682107887772,10.10459544899695,1.313747895635876,True,hand_fine_motor,P10,4,0.34
2026-04-03T17:50:15.462926,1299.5353651329274,97049,85,6.024393566375869,6.284994239622586,4.713700282177245,9.900173775488888,0.20442167350806173,True,hand_fine_motor,P10,4,0.34
2026-04-03T17:50:15.520228,1337.2491434767733,97049,85,5.205109927312392,3.3338214196792344,5.718726925619038,8.420889042346909,1.479284733141979,True,hand_fine_motor,P10,4,0.34
2026-04-03T17:50:15.521116,1332.0744124501518,97214,85,4.6268980928193395,4.6542361089797595,7.562371909258451,10.01297001959996,1.592080977253051,True,hand_fine_motor,P10,4,0.34
2026-04-03T17:50:15.521701,1356.8504942075751,97214,86,4.6400290035178005,4.7250587036921905,7.550763435790854,10.043409648625302,0.030439629025341475,True,hand_fine_motor,P10,4,0.34
2026-04-03T17:50:15.581440,1203.9387524955127,97390,84,4.485885842466403,3.8649128909835575,8.34528277798037,10.23252012414279,0.18911047551748794,True,hand_fine_motor,P10,4,0.34
2026-04-03T17:50:15.587365,1350.286193814256,97390,84,4.613366373314653,3.869480071632042,8.433602778105236,10.362513263588724,0.1299931394459346,True,hand_fine_motor,P10,4,0.34
2026-04-03T17:50:15.587800,1375.6412982213935,97438,85,5.1270587722574845,2.7237899893896866,7.073470892562281,9.150942794510724,1.2115704690779996,True,hand_fine_motor,P10,4,0.34
2026-04-03T17:50:15.641228,1304.7432234468372,97438,85,5.5090006023153935,1.912045281085825,7.063418785606163,9.159524536464104,0.008581741953380018,True,hand_fine_motor,P10,4,0.34
2026-04-03T17:50:15.641697,1256.5797878822325,97522,86,5.583949901586927,2.165748330248396,6.998579030731405,9.211464095506193,0.051939559042088135,True,hand_fine_motor,P10,4,0.34
2026-04-03T17:50:15.642169,1307.1913787347069,97522,85,5.866439246223617,3.876319479980467,7.210027177048046,10.071020506099675,0.8595564105934823,True,hand_fine_motor,P10,4,0.34
2026-04-03T17:50:15.706098,1264.4334564907822,97597,84,5.826785251512309,4.050089916192963,7.3657126288911385,10.227823679937766,0.15680317383809061,True,hand_fine_motor,P10,4,0.34
2026-04-03T17:50:15.706519,1316.377526186383,97597,84,7.554903357233791,5.386255497831855,5.431234333114056,10.751121774320259,0.5232980943824934,True,hand_fine_motor,P10,4,0.34
2026-04-03T17:50:15.706825,1255.1206989832517,97525,85,7.706476293049806,5.383287312882753,5.386339841109272,10.834307362831467,0.08318558851120805,True,hand_fine_motor,P10,4,0.34
2026-04-03T17:50:15.762850,1408.9856549724227,97525,85,8.332655314819888,5.8179582965452745,3.188519334256771,10.651217718217264,0.18308964461420274,True,hand_fine_motor,P10,4,0.34
2026-04-03T17:50:15.763275,1271.2583820505936,96926,85,8.258725021315511,5.962703629733833,3.5141919297972524,10.775431243026707,0.12421352480944314,True,hand_fine_motor,P10,4,0.34
2026-04-03T17:50:15.763552,1333.6202977748653,96926,85,7.803462703319822,8.245627410280266,2.3302709137289597,11.589416037171153,0.8139847941444458,True,hand_fine_motor,P10,4,0.34
2026-04-03T17:50:15.821763,1311.243103063515,96264,87,7.8504170075719895,8.24142466267019,2.4204561250549395,11.63652592127736,0.047109884106207645,True,hand_fine_motor,P10,4,0.34
2026-04-03T17:50:15.822059,1354.3973364718345,96264,85,6.581743604828089,7.809561049993697,2.347386546627353,10.479447326675258,1.157078594602103,True,hand_fine_motor,P10,4,0.34
2026-04-03T17:50:15.822272,1246.3319531004586,96118,85,6.4755744903408505,7.609253176930119,2.421244786810244,10.280866948279707,0.1985803783955511,True,hand_fine_motor,P10,4,0.34
2026-04-03T17:50:15.881584,1240.252278163708,96118,84,4.2419745923390995,9.279702232994378,4.1017890784345,10.996903910603923,0.7160369623242158,True,hand_fine_motor,P10,4,0.34
2026-04-03T17:50:15.881876,1320.5628523574535,96029,84,4.430916172053087,9.649629605813606,3.6232089726003087,11.219447977163913,0.22254406655999048,True,hand_fine_motor,P10,4,0.34
2026-04-03T17:50:15.882113,1307.1987495966387,96029,86,4.317561102514511,9.603493631900173,3.793056651193007,11.191769411985444,0.027678565178469228,True,hand_fine_motor,P10,4,0.34
2026-04-03T17:50:15.942268,1286.0137213421294,95982,85,3.416108540153749,8.841520996742403,4.347294265677943,10.427907677302503,0.7638617346829406,True,hand_fine_motor,P10,4,0.34
2026-04-03T17:50:15.942627,1350.0249770936884,95982,85,3.4367318533868962,8.789257976875298,4.442918983788821,10.430805851546719,0.002898174244215568,True,hand_fine_motor,P10,4,0.34
2026-04-03T17:50:15.942881,1269.941159893511,95977,84,1.9129977009543795,7.452289202564373,5.952481252950133,9.727703101412844,0.7031027501338745,True,hand_fine_motor,P10,4,0.34
2026-04-03T17:50:16.000346,1318.473714000742,95977,84,4.712804449360358,7.8029801714007,4.277044202564511,10.06926672821184,0.34156362679899566,True,hand_fine_motor,P10,4,0.34
2026-04-03T17:50:16.000946,1189.061150333027,96062,86,4.509648167479534,7.9081153115046385,4.219802277823879,10.03403934806084,0.035227380150999466,True,hand_fine_motor,P10,4,0.34
2026-04-03T17:50:16.001439,1325.9255813609054,96062,85,5.070880541607633,6.78044715639074,4.984080605621924,9.824935246158052,0.2091041019027884,True,hand_fine_motor,P10,4,0.34
2026-04-03T17:50:16.060938,1213.3775240430941,96210,85,4.978118102564957,6.877026025884787,4.9345582214296435,9.819623803611853,0.00531144254619953,True,hand_fine_motor,P10,4,0.34
2026-04-03T17:50:16.126376,1244.2635342587091,96210,84,4.867607841122481,5.167714563966221,7.226625590693476,10.130300950003976,0.3106771463921234,True,hand_fine_motor,P10,4,0.34
2026-04-03T17:50:16.127944,1266.7704852295433,96523,85,4.793388600886821,5.081705351574899,7.109738576455157,9.96738110964316,0.16291984036081608,True,hand_fine_motor,P10,4,0.34
2026-04-03T17:50:16.138302,1257.3731958414749,96523,85,4.260066121010279,5.138878345401199,6.736423963903483,9.483440400280166,0.4839407093629937,True,hand_fine_motor,P10,4,0.34
2026-04-03T17:50:16.138968,1296.8112135894226,96795,85,2.8864582911292334,2.2584444407213304,7.773237748200765,8.593918654973823,0.8895217453063431,True,hand_fine_motor,P10,4,0.34
2026-04-03T17:50:16.138986,1261.0594497662132,96795,85,3.023501203064017,2.210537104224406,7.757318061578906,8.614175371013797,0.02025671603997381,True,hand_fine_motor,P10,4,0.34
2026-04-03T17:50:16.186439,1343.1599312474027,96974,85,3.5428046276584055,4.6098401801388125,7.1410633780722765,9.208521992471162,0.5943466214573654,True,hand_fine_motor,P10,4,0.34
2026-04-03T17:50:16.186479,1240.4941948342282,96974,86,3.4868127676887632,4.377547080078038,7.17401156896966,9.098748469263652,0.10977352320750988,True,hand_fine_motor,P10,4,0.34
2026-04-03T17:50:16.186794,1258.8934122865921,97037,83,4.469792462493824,6.528902159757068,6.195262069008013,10.049222864139123,0.9504743948754708,True,hand_fine_motor,P10,4,0.34
2026-04-03T17:50:16.241593,1240.057682186101,97037,85,5.5142256885480165,6.8204822060370995,5.285116149262379,10.240025155159802,0.19080229102067925,True,hand_fine_motor,P10,4,0.34
2026-04-03T17:50:16.366030,1269.547291873503,97136,87,5.223836946410493,6.791856763900601,5.156917327846366,10.000579336731834,0.23944581842796886,True,hand_fine_motor,P10,4,0.34
2026-04-03T17:50:16.366535,1306.2169828762708,97136,85,5.331071015426849,6.669378709075507,5.1569066961370345,9.974698853061025,0.025880483670809085,True,hand_fine_motor,P10,4,0.34
2026-04-03T17:50:16.366867,1314.5352239400427,97250,85,5.390890346292637,6.947908078334519,5.085277837279395,10.158502649163518,0.18380379610249342,True,hand_fine_motor,P10,4,0.34
2026-04-03T17:50:16.367181,1316.3861763654302,97250,86,5.444769524042629,6.670321822195043,5.54128042231504,10.239360189988764,0.08085754082524588,True,hand_fine_motor,P10,4,0.34
2026-04-03T17:50:16.367465,1133.648753743552,97342,84,5.524494343077629,6.814360038284787,5.185066970325427,10.1902139312592,0.04914625872956435,True,hand_fine_motor,P10,4,0.34
2026-04-03T17:50:16.367738,1291.7766063518916,97342,86,5.558187973844691,6.771351832117068,5.223231977853597,10.199353483499792,0.009139552240592153,True,hand_fine_motor,P10,4,0.34
2026-04-03T17:50:16.368011,1423.005263448783,97410,84,5.460388899713953,6.770026457809169,5.027081627062924,10.045927277295467,0.15342620620432434,True,hand_fine_motor,P10,4,0.34
2026-04-03T17:50:16.421622,1355.358515221363,97410,85,5.358064170220064,6.721600666777258,5.281128622216729,10.08856217209436,0.042634894798892375,True,hand_fine_motor,P10,4,0.34
2026-04-03T17:50:16.422106,1372.2823808730432,97505,85,5.4077327324273465,6.716781515500708,5.345362485898699,10.145522526611984,0.05696035451762427,True,hand_fine_motor,P10,4,0.34
2026-04-03T17:50:16.422521,1238.3826521869012,97505,85,5.531329577325294,6.751820645590877,5.083978091359423,10.100966397164354,0.044556129447629544,True,hand_fine_motor,P10,4,0.34
2026-04-03T17:50:16.422903,1184.511459012657,97446,87,5.25988272148799,6.926146938109209,5.121195135692929,10.092795314972577,0.008171082191777757,True,hand_fine_motor,P10,4,0.34
2026-04-03T17:50:16.481667,1328.7127269192154,97446,85,5.543284839107429,6.840342801732684,5.040557423123311,10.14522131786675,0.05242600289417254,True,hand_fine_motor,P10,4,0.34
2026-04-03T17:50:16.482262,1346.225037777303,96808,86,6.016353150842449,6.57092340558531,3.93233146415043,9.738417242122468,0.40680407574428123,True,hand_fine_motor,P10,4,0.34
2026-04-03T17:50:16.482295,1289.8414107717329,96808,87,5.908295745327012,6.174977674427247,4.147826124183766,9.499619437134601,0.2387978049878665,True,hand_fine_motor,P10,4,0.34
2026-04-03T17:50:16.543672,1239.0514523903917,96368,85,5.896580438987988,6.21198887593888,4.1795282842455475,9.530316015067534,0.030696577932932456,True,hand_fine_motor,P10,4,0.34
2026-04-03T17:50:16.558578,1352.1302458000384,96368,86,6.082313719547182,6.377033770019707,4.205832927852998,9.76473914162463,0.23442312655709685,True,hand_fine_motor,P10,4,0.34
2026-04-03T17:50:16.559009,1282.612669456059,96361,83,5.751625291014252,6.271034343542206,4.171305887426316,9.476648037813689,0.2880911038109417,True,hand_fine_motor,P10,4,0.34
2026-04-03T17:50:16.601932,1298.4651250420527,96361,86,5.7323522511542935,6.977197322864061,4.398366877638377,10.044240937164016,0.567592899350327,True,hand_fine_motor,P10,4,0.34
2026-04-03T17:50:16.601979,1294.0940072872902,96456,85,6.033731357024493,6.68244820100012,4.633809010128209,10.125868554851763,0.08162761768774729,True,hand_fine_motor,P10,4,0.34
2026-04-03T17:50:16.602431,1279.6891764824838,96456,84,6.009904601987188,7.066676330436134,4.497260378263467,10.309326776954522,0.1834582221027592,True,hand_fine_motor,P10,4,0.34
2026-04-03T17:50:16.661418,1318.548414180165,96569,85,6.049387699398858,7.1757712822083715,4.294316445945673,10.32123726934538,0.011910492390857286,True,hand_fine_motor,P10,4,0.34
2026-04-03T17:50:16.662350,1367.8092776217645,96569,83,6.110033011259931,7.260578731560344,4.250208491486473,10.397729518360064,0.07649224901468443,True,hand_fine_motor,P10,4,0.34
2026-04-03T17:50:16.663087,1343.4392345261263,96755,84,5.87367561067858,6.695137164202394,4.40990917242032,9.938421692399722,0.4593078259603427,True,hand_fine_motor,P10,4,0.34
2026-04-03T17:50:16.721518,1322.5922144045721,96755,85,5.771016563807428,6.686088263636427,4.458805342778379,9.893904867829763,0.04451682456995876,True,hand_fine_motor,P10,4,0.34
2026-04-03T17:50:16.722728,1353.1786427237225,96859,85,5.654480502197605,6.5873611729652435,4.470627347113498,9.764885347487803,0.1290195203419593,True,hand_fine_motor,P10,4,0.34
2026-04-03T17:50:16.723408,1394.9076002238146,96859,85,5.876300712385496,7.007147909334806,4.639808934256389,10.254699353568725,0.4898140060809215,True,hand_fine_motor,P10,4,0.34
2026-04-03T17:50:16.782011,1305.4221818865103,96863,84,5.948429955349831,7.07010784985823,4.666078343014533,10.350967638123473,0.09626828455474801,True,hand_fine_motor,P10,4,0.34
2026-04-03T17:50:16.782333,1216.419236848403,96863,85,6.1205709832292134,7.009157256204094,4.686957588942048,10.419080863660065,0.06811322553659238,True,hand_fine_motor,P10,4,0.34
2026-04-03T17:50:16.782555,1325.4415816056553,96919,85,5.979559347810276,6.915011926967589,4.737335292824136,10.296352054039644,0.12272880962042088,True,hand_fine_motor,P10,4,0.34
2026-04-03T17:50:16.841557,1404.5419810397218,96919,86,5.927449016898081,7.0008680833591095,4.764325704627923,10.336614783782002,0.04026272974235745,True,hand_fine_motor,P10,4,0.34
2026-04-03T17:50:16.841832,1260.7023040949134,97022,87,6.109427136122358,7.038973848533898,4.601362678012012,10.394459642835418,0.05784485905341619,True,hand_fine_motor,P10,4,0.34
2026-04-03T17:50:16.842067,1422.251185148783,97022,85,5.993216496723329,6.92619162455437,4.994795702085878,10.4325815837797,0.03812194094428101,True,hand_fine_motor,P10,4,0.34
2026-04-03T17:50:16.901839,1205.2552420821487,97127,83,5.9737225777259075,6.863348108983634,4.84223267152098,10.307188071722893,0.1253935120568066,True,hand_fine_motor,P10,4,0.34
2026-04-03T17:50:16.902177,1242.3799289419687,97127,86,5.922421010602972,6.595848214975883,4.828754882343858,10.094412217439492,0.21277585428340018,True,hand_fine_motor,P10,4,0.34
2026-04-03T17:50:16.902411,1306.5616615966053,97233,85,5.891702136899583,6.759966440145226,4.819483165611238,10.180212096289887,0.08579987885039486,True,hand_fine_motor,P10,4,0.34
2026-04-03T17:50:16.961782,1216.6600556337426,97233,86,5.687705936892855,6.543681312157826,4.894313926505963,9.956107309126395,0.22410478716349225,True,hand_fine_motor,P10,4,0.34
2026-04-03T17:50:16.963668,1332.509339823292,97307,85,5.798207620075203,6.280392046894593,4.720913472479523,9.764709923127961,0.19139738599843348,True,hand_fine_motor,P10,4,0.34
2026-04-03T17:50:16.963988,1240.6666340363945,97307,84,5.909235835422297,6.045128158500226,4.750290426997339,9.696798531069621,0.06791139205834007,True,hand_fine_motor,P10,4,0.34
2026-04-03T17:50:17.103889,1292.2895973330915,97389,86,5.772924741869789,6.156864674684617,4.461663095651817,9.546731392302448,0.1500671387671737,True,hand_fine_motor,P10,4,0.34
2026-04-03T17:50:17.104390,1218.7364227150179,97389,86,5.9699555595698826,5.84242205694504,4.378646898040401,9.4311618336468,0.11556955865564689,True,hand_fine_motor,P10,4,0.34
2026-04-03T17:50:17.104751,1235.8087165130912,97462,84,5.735432385420592,6.025182506911952,4.42321797881124,9.421404681755694,0.009757151891106375,True,hand_fine_motor,P10,4,0.34
2026-04-03T17:50:17.105024,1300.0834047063993,97462,85,5.949122791460996,5.7567302932626205,4.191172530138978,9.278897177716745,0.1425075040389494,True,hand_fine_motor,P10,4,0.34
2026-04-03T17:50:17.105584,1399.230628192325,97566,84,5.863325943680243,5.811601995518695,4.126242590030759,9.229257109211686,0.04964006850505953,True,hand_fine_motor,P10,4,0.34
2026-04-03T17:50:17.105907,1210.5673691877494,97566,84,5.80336331107188,5.881613634589792,4.186782866716207,9.262912902533204,0.033655793321518246,True,hand_fine_motor,P10,4,0.34
2026-04-03T17:50:17.140422,1351.1166462717592,97662,85,6.057653115135137,6.128360205571032,4.082555046326047,9.5351568303209,0.2722439277876969,True,hand_fine_motor,P10,4,0.34
2026-04-03T17:50:17.203445,1187.2638097800486,97662,85,5.995695791793526,5.858917225319264,4.279631931182113,9.41225416928734,0.12290266103356018,True,hand_fine_motor,P10,4,0.34
2026-04-03T17:50:17.203948,1332.7362480043994,97520,86,6.191904110195929,6.001283678293501,4.098861720079445,9.547552026438288,0.1352978571509471,True,hand_fine_motor,P10,4,0.34
2026-04-03T17:50:17.203979,1241.7911178637187,97520,85,6.199025399301569,6.116712649025107,4.172157921515722,9.656551726884505,0.10899970044621732,True,hand_fine_motor,P10,4,0.34
2026-04-03T17:50:17.204328,1266.6945997165515,96798,84,6.0752958609366345,6.130110545573308,4.092379876258152,9.551703939636402,0.10484778724810262,True,hand_fine_motor,P10,4,0.34
2026-04-03T17:50:17.205094,1255.9753237500006,96798,84,5.993132832388178,6.134155993289472,4.159133679734456,9.531206841872638,0.02049709776376396,True,hand_fine_motor,P10,4,0.34
2026-04-03T17:50:17.262267,1282.6324936110711,96396,85,6.028589438549046,6.232384632299026,4.018284663594146,9.556836320727593,0.025629478854954257,True,hand_fine_motor,P10,4,0.34
2026-04-03T17:50:17.273252,1273.91480711908,96396,85,6.27628711224256,6.126557952375798,4.040237357115859,9.656604484028314,0.09976816330072147,True,hand_fine_motor,P10,4,0.34
2026-04-03T17:50:17.273525,1333.8711347792441,96423,85,6.1579939762990765,6.20601858980079,4.123722445503418,9.666470056677225,0.00986557264891097,True,hand_fine_motor,P10,4,0.34
2026-04-03T17:50:17.322092,1301.8110174584554,96423,85,6.118400628440742,6.244324408879436,3.926626460652099,9.583569738616442,0.08290031806078346,True,hand_fine_motor,P10,4,0.34
2026-04-03T17:50:17.322424,1371.61027526653,96535,85,6.128153604479915,6.013946760303184,3.9150305133576055,9.436592931581952,0.14697680703448945,True,hand_fine_motor,P10,4,0.34
2026-04-03T17:50:17.322679,1317.7604485391794,96535,87,6.023041543715398,6.214865255673489,4.044028434977323,9.552787319228049,0.11619438764609669,True,hand_fine_motor,P10,4,0.34
2026-04-03T17:50:17.392226,1233.976469350565,96687,85,6.096304577103048,6.136373193004151,3.963929553801656,9.51486957178761,0.03791774744043863,True,hand_fine_motor,P10,4,0.34
2026-04-03T17:50:17.392521,1294.0319188079375,96687,85,6.298250710040698,6.238053464447392,4.110647696895045,9.771320152355095,0.2564505805674848,True,hand_fine_motor,P10,4,0.34
2026-04-03T17:50:17.392738,1291.4519548375094,96854,84,5.970890995210286,6.375414119154413,4.017717474307297,9.614546176016367,0.15677397633872836,True,hand_fine_motor,P10,4,0.34
2026-04-03T17:50:17.441381,1265.5783944173204,96854,85,6.1242164764913545,6.302049594045474,4.076929441689437,9.687270524211195,0.07272434819482854,True,hand_fine_motor,P10,4,0.34
2026-04-03T17:50:17.441877,1316.6497314590679,96899,83,6.181304774047732,6.433783189831536,3.9793907929803747,9.76921930998998,0.08194878577878484,True,hand_fine_motor,P10,4,0.34
2026-04-03T17:50:17.442181,1264.7291895871863,96899,86,6.061676961636336,6.3141837196685415,5.025917015176625,10.093199962172646,0.3239806521826658,True,hand_fine_motor,P10,4,0.34
2026-04-03T17:50:17.503753,1361.9648508013097,96892,85,6.363226372418581,5.884208414920395,4.866992725385285,9.939928406473388,0.15327155569925743,True,hand_fine_motor,P10,4,0.34
2026-04-03T17:50:17.505156,1291.7476177106112,96892,86,6.0109369215625685,6.069586473371017,4.890984376254267,9.843422717809892,0.09650568866349651,True,hand_fine_motor,P10,4,0.34
2026-04-03T17:50:17.505418,1234.8268998681124,96951,85,6.198364591248301,6.04958842772198,4.623982542208547,9.818271655516455,0.02515106229343722,True,hand_fine_motor,P10,4,0.34
2026-04-03T17:50:17.561660,1329.6256451313461,96951,84,6.223861248165051,6.060657530957477,4.637275845992547,9.847453773224228,0.029182117707772903,True,hand_fine_motor,P10,4,0.34
2026-04-03T17:50:17.563581,1205.9522673323813,97072,85,6.152883725103376,6.073264824372198,4.527022100026917,9.75891658206641,0.08853719115781722,True,hand_fine_motor,P10,4,0.34
2026-04-03T17:50:17.564012,1280.4394519926655,97072,85,6.211731020212072,5.954252771727204,4.473220570414792,9.697857011147775,0.06105957091863523,True,hand_fine_motor,P10,4,0.34
2026-04-03T17:50:17.682093,1350.0346536283246,97204,85,6.3033353296685855,5.798086681923319,4.457575109481794,9.655041237924173,0.04281577322360164,True,hand_fine_motor,P10,4,0.34
2026-04-03T17:50:17.683059,1324.4845323575323,97204,85,6.023155721484934,6.159307894508777,4.464649370180033,9.703018735592744,0.047977497668570734,True,hand_fine_motor,P10,4,0.34
2026-04-03T17:50:17.686887,1377.1385131746606,97316,84,6.122144930575952,5.873439126254857,4.56670124461499,9.634973065783129,0.06804566980961546,True,hand_fine_motor,P10,4,0.34
2026-04-03T17:50:17.687636,1252.6060744827657,97316,84,6.106089431776409,5.95379799049709,4.4781255483726685,9.632530668909741,0.0024423968733877643,True,hand_fine_motor,P10,4,0.34
2026-04-03T17:50:17.687656,1249.3307565669202,97405,86,6.360692032049365,5.983184488930154,4.521605836365909,9.833708308395614,0.20117763948587353,True,hand_fine_motor,P10,4,0.34
2026-04-03T17:50:17.687663,1177.3180750727547,97405,85,6.351948090649136,5.953527755086896,4.660474130701541,9.874804119567614,0.04109581117199923,True,hand_fine_motor,P10,4,0.34
2026-04-03T17:50:17.740681,1213.4176278654156,97487,86,6.3197443901774175,6.078509318640202,4.572844385880224,9.889304852791778,0.014500733224164009,True,hand_fine_motor,P10,4,0.34
2026-04-03T17:50:17.740949,1266.1149930035501,97487,85,6.125414431779664,6.231876479758062,4.575008993871454,9.863452423670983,0.02585242912079444,True,hand_fine_motor,P10,4,0.34
2026-04-03T17:50:17.741597,1298.192814730392,97561,85,6.085475775143496,6.011988056563801,4.56348925107461,9.695486060368383,0.16796636330260029,True,hand_fine_motor,P10,4,0.34
2026-04-03T17:50:17.801409,1336.8989223194817,97561,85,6.379065973920524,6.267001540447388,4.378156159221109,9.956708410018155,0.2612223496497723,True,hand_fine_motor,P10,4,0.34
2026-04-03T17:50:17.802035,1334.640698805167,97624,84,6.279114863831442,5.972609928271484,4.472211873958791,9.75192452155235,0.20478388846580486,True,hand_fine_motor,P10,4,0.34
2026-04-03T17:50:17.802083,1320.7089985878833,97624,84,6.433387366540311,6.298256320221053,4.553567228001371,10.08917638774806,0.3372518661957091,True,hand_fine_motor,P10,4,0.34
2026-04-03T17:50:17.861464,1328.8578166543755,97570,84,6.467212261168116,6.344735786360159,4.310779738568692,10.033111610272101,0.056064777475958394,True,hand_fine_motor,P10,4,0.34
2026-04-03T17:50:17.862008,1357.0859318401513,97570,85,6.607427669963578,6.324802201970283,4.72181676456091,10.293530826006055,0.260419215733954,True,hand_fine_motor,P10,4,0.34
2026-04-03T17:50:17.862041,1289.773525926166,96927,79,6.446706720886044,6.287488050524222,4.5764707804468925,10.101317653399796,0.1922131726062588,True,hand_fine_motor,P10,4,0.34
2026-04-03T17:50:17.921490,1408.3033254407733,96927,80,6.5773760720272625,6.114243626119989,4.755518447278366,10.161732471130625,0.060414817730828574,True,hand_fine_motor,P10,4,0.34
2026-04-03T17:50:17.922015,1300.0939650592168,96442,81,6.536535952880106,6.1947293297462505,4.647855527959366,10.134275244974113,0.02745722615651225,True,hand_fine_motor,P10,4,0.34
2026-04-03T17:50:17.922428,1346.0730311816385,96442,80,6.404149376094399,6.35550106929552,4.573423904009171,10.115420370845161,0.018854874128951593,True,hand_fine_motor,P10,4,0.34
2026-04-03T17:50:17.981472,1262.7976513411063,96428,80,6.335517750418834,6.227320401618781,4.689396900835129,10.045334630755299,0.07008574008986201,True,hand_fine_motor,P10,4,0.34
2026-04-03T17:50:17.983038,1174.177121537317,96428,80,6.307006081376546,6.438211920023663,4.79958052543751,10.211017170576813,0.16568253982151404,True,hand_fine_motor,P10,4,0.34
2026-04-03T17:50:17.983329,1334.0999622432287,96524,79,6.2969626780631005,5.883089285589268,4.924100899390579,9.925182526206456,0.28583464437035744,True,hand_fine_motor,P10,4,0.34
2026-04-03T17:50:18.101612,1306.1985454130383,96524,79,6.0637841040465,5.907749550084677,4.786654575933126,9.725381454540189,0.1998010716662666,True,hand_fine_motor,P10,4,0.34
2026-04-03T17:50:18.102153,1334.454066272662,96665,80,6.024338291828839,5.604676092691563,5.047451939172533,9.653072932317468,0.07230852222272155,True,hand_fine_motor,P10,4,0.34
2026-04-03T17:50:18.103011,1247.4838294629649,96665,80,6.067006987949938,5.920094030168994,5.1002566191514305,9.89286129990075,0.23978836758328193,True,hand_fine_motor,P10,4,0.34
2026-04-03T17:50:18.103355,1250.2135000888409,96833,80,6.217811017656949,6.008583194291901,4.888976531816717,9.933093042083005,0.04023174218225556,True,hand_fine_motor,P10,4,0.34
2026-04-03T17:50:18.103646,1146.1481427985607,96833,81,5.988716825143478,5.853999809978375,4.9277700747818,9.716839038334353,0.21625400374865222,True,hand_fine_motor,P10,4,0.34
2026-04-03T17:50:18.103903,1234.6966760703156,96866,80,5.950755365008127,5.792662899577236,4.742687692797474,9.563447047677117,0.1533919906572354,True,hand_fine_motor,P10,4,0.34
2026-04-03T17:50:18.162419,1305.3197039396857,96866,81,6.092765028767944,5.900831836658155,4.947704796749243,9.81943912940406,0.25599208172694254,True,hand_fine_motor,P10,4,0.34
2026-04-03T17:50:18.162770,1317.6217399682507,96857,80,6.238341196252891,5.752027382073749,4.630652904907812,9.66672986126763,0.15270926813643015,True,hand_fine_motor,P10,4,0.34
2026-04-03T17:50:18.162994,1293.1364146921765,96857,79,6.118385275243514,5.632373382468431,4.70855672745627,9.55660895671311,0.1101209045545204,True,hand_fine_motor,P10,4,0.34
2026-04-03T17:50:18.228312,1328.8603106120913,96891,81,6.35641878886545,5.614733729550137,4.630897249000837,9.663048380505668,0.10643942379255833,True,hand_fine_motor,P10,4,0.34
2026-04-03T17:50:18.228675,1393.6862846855431,96891,80,6.346494150724638,5.597666123984116,4.770008437696703,9.714156398600917,0.05110801809524901,True,hand_fine_motor,P10,4,0.34
2026-04-03T17:50:18.228896,1324.3507715828841,97015,79,6.202557320881657,5.785990722056931,4.662569420744166,9.679305737386855,0.03485066121406177,True,hand_fine_motor,P10,4,0.34
2026-04-03T17:50:18.280937,1408.975887587314,97015,81,6.485780397170257,5.844701952579227,4.642236499137312,9.8881872953906,0.20888155800374442,True,hand_fine_motor,P10,4,0.34
2026-04-03T17:50:18.281746,1259.0381181846078,97137,79,6.408446477063494,5.868221749226306,4.798732677691038,9.926331047240966,0.03814375185036667,True,hand_fine_motor,P10,4,0.34
2026-04-03T17:50:18.282335,1426.079371183294,97137,80,6.407154875993393,5.936205599736134,4.717262139187753,9.926869225345863,0.0005381781048967582,True,hand_fine_motor,P10,4,0.34
2026-04-03T17:50:18.340548,1379.6221015212361,97235,80,6.252937123012358,5.817743804699021,4.589724922187232,9.69592391176862,0.23094531357724257,True,hand_fine_motor,P10,4,0.34
2026-04-03T17:50:18.340975,1335.410960682495,97235,81,6.293471732430864,5.8755459439964905,4.701262254531311,9.809775398692917,0.11385148692429681,True,hand_fine_motor,P10,4,0.34
2026-04-03T17:50:18.341565,1331.3757987315998,97298,79,6.315385391065022,5.7650078848393225,4.646532771674564,9.731889608302325,0.07788579039059229,True,hand_fine_motor,P10,4,0.34
2026-04-03T17:50:18.402374,1398.6535837515596,97298,81,6.378665471994299,5.6961771872423155,4.964398917120258,9.888329705282729,0.15644009698040406,True,hand_fine_motor,P10,4,0.34
2026-04-03T17:50:18.402729,1262.659884373901,97331,79,6.283877889886555,5.866005334043743,4.668547846248381,9.782253263269416,0.1060764420133129,True,hand_fine_motor,P10,4,0.34
2026-04-03T17:50:18.402953,1322.7327179652832,97331,81,6.238889331991817,5.79654060541911,4.787685762307436,9.76962425304654,0.012629010222875436,True,hand_fine_motor,P10,4,0.34
2026-04-03T17:50:18.463281,1250.6770328635855,97383,82,6.200871989654514,5.468791571488967,4.705229057383537,9.513026603921437,0.2565976491251032,True,hand_fine_motor,P10,4,0.34
2026-04-03T17:50:18.463605,1347.6880584053351,97383,80,6.387314521205029,5.822675331871444,4.7052541599808375,9.840769864355016,0.3277432604335786,True,hand_fine_motor,P10,4,0.34
2026-04-03T17:50:18.463846,1308.5433731195076,97415,79,5.5275122158961185,4.461015773135208,6.23886051551376,9.453963907117403,0.3868059572376126,True,hand_fine_motor,P10,4,0.34
2026-04-03T17:50:18.523129,1333.848569969775,97415,80,5.461119343846231,4.273476821525649,6.0189908496369195,9.182302515157154,0.2716613919602491,True,hand_fine_motor,P10,4,0.34
2026-04-03T17:50:18.523632,1258.6429152951905,97271,80,4.633463618948327,4.251419371008232,6.6484825127144545,9.151277041930905,0.031025473226248934,True,hand_fine_motor,P10,4,0.34
2026-04-03T17:50:18.582942,1294.7271626637373,97271,78,4.5447920392934025,4.0791848052618,7.3997823980234925,9.59435578316761,0.4430787412367039,True,hand_fine_motor,P10,4,0.34
2026-04-03T17:50:18.583700,1310.3599361524693,96571,80,4.646208772676187,4.204687061485773,7.208840717494234,9.551650838180896,0.0427049449867134,True,hand_fine_motor,P10,4,0.34
2026-04-03T17:50:18.583997,1342.87112577254,96571,80,4.05226069865359,4.274080227948032,7.861198483659554,9.822780673733892,0.27112983555299586,True,hand_fine_motor,P10,4,0.34
2026-04-03T17:50:18.584208,1377.6125820769946,96131,81,4.025699692527432,4.305420390821849,8.083637474727094,10.00440390922579,0.18162323549189807,True,hand_fine_motor,P10,4,0.34
2026-04-03T17:50:18.641230,1355.8274388757943,96131,81,3.448446269297217,3.105341126177033,10.214540522168873,11.219258587856253,1.2148546786304628,True,hand_fine_motor,P10,4,0.34
2026-04-03T17:50:18.641667,1210.5258680291824,96030,80,3.834148080129574,1.7736390184598132,10.206859911173597,11.04655946955825,0.17269911829800222,True,hand_fine_motor,P10,4,0.34
2026-04-03T17:50:18.641918,1194.3390689207056,96030,81,3.736455814199684,1.6885716592559445,10.279694600170652,11.067271451115973,0.02071198155772258,True,hand_fine_motor,P10,4,0.34
2026-04-03T17:50:18.701706,1377.8712445218343,96059,79,4.77486982131553,4.048047737189814,8.599856332443022,10.636898101972102,0.4303733491438706,True,hand_fine_motor,P10,4,0.34
2026-04-03T17:50:18.702021,1337.9299030272734,96059,80,4.879671239030583,4.011481029190575,8.428951258974003,10.533299140095545,0.10359896187655693,True,hand_fine_motor,P10,4,0.34
2026-04-03T17:50:18.702265,1344.5938145834257,96104,76,5.233550381848932,4.086085689821274,7.73588468388293,10.194609247354594,0.33868989274095185,True,hand_fine_motor,P10,4,0.34
2026-04-03T17:50:18.824211,1314.009111322839,96104,76,5.433080585937986,3.943227110897061,7.55600436602757,10.107453026397774,0.0871562209568193,True,hand_fine_motor,P10,4,0.34
2026-04-03T17:50:18.824647,1405.2428894353984,96237,76,4.4570325587023305,2.478045213823717,7.526252072297072,9.091222006245543,1.0162310201522313,True,hand_fine_motor,P10,4,0.34
2026-04-03T17:50:18.824890,1304.3285484947226,96237,77,4.332638247286664,3.7259436026352604,7.949093045703908,9.78991778112197,0.6986957748764269,True,hand_fine_motor,P10,4,0.34
2026-04-03T17:50:18.825089,1283.9333098988602,96269,76,4.361974478657308,3.9262401437415497,7.833332216022376,9.787914825199461,0.0020029559225083204,True,hand_fine_motor,P10,4,0.34
2026-04-03T17:50:18.825323,1402.9973584706709,96269,76,4.814209693132853,3.342079366150811,8.21563401260351,10.091716984148583,0.30380215894912155,True,hand_fine_motor,P10,4,0.34
2026-04-03T17:50:18.825539,1233.1995618339683,96281,77,4.951859900578435,3.339872160358719,8.14518012048395,10.100476311423279,0.00875932727469575,True,hand_fine_motor,P10,4,0.34
2026-04-03T17:50:18.881934,1188.571608569624,96281,75,4.7881078912042,4.54589683294115,6.89536160961756,9.546578807140492,0.5538975042827872,True,hand_fine_motor,P10,4,0.34
2026-04-03T17:50:18.882267,1357.2223007966602,96360,76,4.570771458862725,4.585879524762524,5.990225915650427,8.820717049385511,0.7258617577549806,True,hand_fine_motor,P10,4,0.34
2026-04-03T17:50:18.882479,1274.7525146009432,96360,76,4.682695746258353,4.734067220190429,5.946163225962273,8.927255401695064,0.10653835230955266,True,hand_fine_motor,P10,4,0.34
2026-04-03T17:50:19.001440,1413.2636186215784,96505,77,4.370463752700067,4.801597039357545,6.902690996058999,9.476467196645924,0.5492117949508604,True,hand_fine_motor,P10,4,0.34
2026-04-03T17:50:19.065620,1310.9375358232214,96505,76,4.453491843035445,4.755303094022442,7.010259470536936,9.57027872928764,0.09381153264171616,True,hand_fine_motor,P10,4,0.34
2026-04-03T17:50:19.066141,1313.1460247910645,96587,76,5.343354658493974,4.708357961015656,6.903638015413166,9.918683962268714,0.34840523298107406,True,hand_fine_motor,P10,4,0.34
2026-04-03T17:50:19.066171,1290.193383797702,96587,76,5.283162065443947,4.516790282881804,7.068097053931808,9.913182729733219,0.005501232535495504,True,hand_fine_motor,P10,4,0.34
2026-04-03T17:50:19.066713,1352.6124100142504,96590,77,4.554992414736993,2.677514142912588,7.4799186272324265,9.157850214642469,0.7553325150907497,True,hand_fine_motor,P10,4,0.34
2026-04-03T17:50:19.067097,1351.845463711449,96590,76,6.371784873315576,4.9445648354540275,8.162636073192028,11.475059544385706,2.3172093297432372,True,hand_fine_motor,P10,4,0.34
2026-04-03T17:50:19.067382,1274.415260867176,96355,76,6.32170610239629,4.9569644807130935,8.103198875689655,11.410403013351624,0.06465653103408187,True,hand_fine_motor,P10,4,0.34
2026-04-03T17:50:19.120269,1338.3279799801985,96355,78,5.624724267155782,4.262072696591239,6.654444365242234,9.699712189681907,1.710690823669717,True,hand_fine_motor,P10,4,0.34
2026-04-03T17:50:19.121012,1348.634931474385,95964,77,5.716635668101301,4.019976212654323,6.619625423894366,9.625984254339047,0.07372793534286082,True,hand_fine_motor,P10,4,0.34
2026-04-03T17:50:19.121489,1306.5559598770071,95964,77,5.815156930192119,5.83597783195678,7.345774226233678,11.037893202991745,1.4119089486526981,True,hand_fine_motor,P10,4,0.34
2026-04-03T17:50:19.122151,1391.2886378417709,95457,75,6.430218902669851,5.009904780456995,7.139956124496253,10.836320155164762,0.20157304782698304,True,hand_fine_motor,P10,4,0.34
2026-04-03T17:50:19.122754,1396.7602852984533,95457,75,6.547708452385537,4.920940783666323,6.920120087793227,10.72269584588087,0.11362430928389244,True,hand_fine_motor,P10,4,0.34
2026-04-03T17:50:19.182385,1373.349959717634,95172,76,6.401331637275429,3.6928113873771236,7.435906033342702,10.48363492352857,0.2390609223522997,True,hand_fine_motor,P10,4,0.34
2026-04-03T17:50:19.182656,1348.0562078647406,95172,78,6.489661629949377,3.550536734630727,7.1726844904515294,10.303854714366045,0.17978020916252468,True,hand_fine_motor,P10,4,0.34
2026-04-03T17:50:19.183033,1318.0432138341737,94230,76,5.761641756232894,1.5743345266343596,8.181565552934774,10.129810453601213,0.17404426076483226,True,hand_fine_motor,P10,4,0.34
2026-04-03T17:50:19.253304,1298.3131893868565,94230,76,5.929551159564524,1.4569565649090102,8.27734443470477,10.285753753452514,0.15594329985130173,True,hand_fine_motor,P10,4,0.34
2026-04-03T17:50:19.253811,1433.4955874587995,93012,77,6.037852801635612,1.4717166575283729,8.248633120276976,10.32770859035032,0.04195483689780488,True,hand_fine_motor,P10,4,0.34
2026-04-03T17:50:19.254315,1308.421904692243,93012,75,5.92817898179611,1.5886712258837705,8.24850962927521,10.281298235554013,0.04641035479630595,True,hand_fine_motor,P10,4,0.34
2026-04-03T17:50:19.301637,1285.8420264814677,92217,76,5.823391491528349,1.2860953296371989,8.155563847274593,10.103422753081835,0.177875482472178,True,hand_fine_motor,P10,4,0.34
2026-04-03T17:50:19.302140,1379.7502373067748,92217,74,5.82106459128936,1.711736764334797,8.24192324735812,10.23445819482792,0.13103544174608395,True,hand_fine_motor,P10,4,0.34
2026-04-03T17:50:19.361118,1324.1349059167087,91966,75,5.748710481345899,1.556899949187827,8.25044881768892,10.175535137938532,0.05892305688938748,True,hand_fine_motor,P10,4,0.34
2026-04-03T17:50:19.361267,1301.7135208654001,91966,77,5.870422219251714,1.5313668287141369,8.251850813223932,10.242069285065137,0.06653414712660499,True,hand_fine_motor,P10,4,0.34
2026-04-03T17:50:19.361733,1272.6295615100719,91895,75,5.95885805756986,1.4305919434932362,8.34757854457171,10.355513034941676,0.11344374987653971,True,hand_fine_motor,P10,4,0.34
2026-04-03T17:50:19.362388,1333.320377293495,91895,75,5.858698796299223,1.4534665056805205,8.303739112343344,10.265914460716772,0.08959857422490458,True,hand_fine_motor,P10,4,0.34
2026-04-03T17:50:19.421682,1335.7085818046628,92172,77,5.979873564007817,1.3970528575274297,8.13128660671252,10.189625430247547,0.07628903046922453,True,hand_fine_motor,P10,4,0.34
2026-04-03T17:50:19.423135,1313.7119024413435,92172,76,5.919940029694085,1.4750025105404014,8.164877653812983,10.192475139190162,0.0028497089426142708,True,hand_fine_motor,P10,4,0.34
2026-04-03T17:50:19.423172,1283.13374466733,94025,74,5.831436812000958,1.5474401782913556,8.364484257187314,10.313332307575699,0.1208571683855375,True,hand_fine_motor,P10,4,0.34
2026-04-03T17:50:19.480671,1378.229567620563,94025,76,4.629858479487463,3.513507333480334,6.543685893075631,8.752151072150154,1.5611812354255452,True,hand_fine_motor,P10,4,0.34
2026-04-03T17:50:19.481812,1343.5614238082442,95067,77,4.7103822294169335,3.6452297940347247,6.5262581923305545,8.835578475203928,0.08342740305377383,True,hand_fine_motor,P10,4,0.34
2026-04-03T17:50:19.481834,1403.0146337855442,95067,77,5.20838143578213,4.486849392574208,6.267896509796031,9.302987762528591,0.4674092873246636,True,hand_fine_motor,P10,4,0.34
2026-04-03T17:50:19.540733,1272.0273598109425,95422,77,7.354890942250743,6.044406018878122,4.81655994896918,10.669044691792516,1.3660569292639249,True,hand_fine_motor,P10,4,0.34
2026-04-03T17:50:19.601279,1254.0366915771028,95422,77,7.208551643460997,6.112426643216803,4.777124258287174,10.589895771171058,0.07914892062145817,True,hand_fine_motor,P10,4,0.34
2026-04-03T17:50:19.601853,1321.9778168748153,95645,77,7.407811485337821,6.1778522077199245,4.818561253807573,10.782395905337019,0.1925001341659609,True,hand_fine_motor,P10,4,0.34
2026-04-03T17:50:19.602323,1308.6970554669635,95645,78,8.520945712057497,7.050334774894775,3.2269908521743247,11.520729413797477,0.7383335084604585,True,hand_fine_motor,P10,4,0.34
2026-04-03T17:50:19.602589,1226.66014907355,95885,76,8.646331203691973,6.996021165163841,3.4139674601265715,11.634368450679261,0.1136390368817839,True,hand_fine_motor,P10,4,0.34
2026-04-03T17:50:19.603303,1235.2723487991457,95885,74,8.473054024346142,6.743758431602884,2.6369723124358195,11.145606545175388,0.488761905503873,True,hand_fine_motor,P10,4,0.34
2026-04-03T17:50:19.721626,1268.7384027745748,95987,77,8.689738031608156,6.652993041555154,2.542018684837833,11.235467167101827,0.08986062192643907,True,hand_fine_motor,P10,4,0.34
2026-04-03T17:50:19.722280,1257.1012550642174,95987,77,7.810545357707026,6.62013679316618,2.8157998658598586,10.618830388965057,0.6166367781367708,True,hand_fine_motor,P10,4,0.34
2026-04-03T17:50:19.722673,1322.4321499524583,95994,77,7.3092506473908845,5.6574930984324245,3.0573353997295563,9.735485243768492,0.8833451451965644,True,hand_fine_motor,P10,4,0.34
2026-04-03T17:50:19.723334,1295.4489222582608,95994,76,7.443606350183505,5.360680245452924,3.0943573497996235,9.680868535350553,0.05461670841793875,True,hand_fine_motor,P10,4,0.34
2026-04-03T17:50:19.724980,1269.6420192980452,96045,76,7.237684458132373,5.290186118777305,2.935216590638161,9.433220124684492,0.24764841066606103,True,hand_fine_motor,P10,4,0.34
2026-04-03T17:50:19.725011,1295.2125468604393,96045,76,7.309455521341688,5.330681532289988,3.0623157948442525,9.551025266667585,0.11780514198309255,True,hand_fine_motor,P10,4,0.34
2026-04-03T17:50:19.782033,1284.2336175647092,96151,75,6.991009300502835,5.941903684450962,4.144985719347748,10.067836761122312,0.5168114944547266,True,hand_fine_motor,P10,4,0.34
2026-04-03T17:50:19.844422,1374.8362039176504,96151,76,7.833362233082234,6.378172590650386,3.871750008235061,10.818183655173872,0.7503468940515603,True,hand_fine_motor,P10,4,0.34
2026-04-03T17:50:19.844868,1258.603965946934,96197,77,7.85029367837322,6.423612620047102,3.9338939007961904,10.879587820862351,0.061404165688479395,True,hand_fine_motor,P10,4,0.34
2026-04-03T17:50:19.845164,1372.2116700726226,96197,75,8.125773374936855,5.660509928713415,4.163965433570832,10.74281963573198,0.13676818513037148,True,hand_fine_motor,P10,4,0.34
2026-04-03T17:50:19.845417,1295.0131383903004,96170,78,8.022611477336786,5.583594487645984,4.39138744475413,10.715554395770233,0.027265239961746346,True,hand_fine_motor,P10,4,0.34
2026-04-03T17:50:19.845675,1213.456651863264,96170,75,6.364959487869614,4.144845760010602,6.0081757066912225,9.684556312964153,1.0309980828060805,True,hand_fine_motor,P10,4,0.34
2026-04-03T17:50:19.901601,1252.300828138312,95748,74,6.5475462245364415,3.9142055866060637,5.836101934894786,9.604761982014036,0.07979433095011679,True,hand_fine_motor,P10,4,0.34
2026-04-03T17:50:19.901872,1218.93374520021,95748,75,6.584137863483545,3.7516703283462784,6.301431163808941,9.855655045210037,0.2508930631960009,True,hand_fine_motor,P10,4,0.34
2026-04-03T17:50:19.902078,1196.5493459382562,95358,77,6.319436019713104,3.786740317199554,7.2004157519452185,10.301488282671237,0.4458332374611995,True,hand_fine_motor,P10,4,0.34
2026-04-03T17:50:19.961682,1139.4081689343034,95358,77,6.298511384775644,3.917411038253057,6.989384657184824,10.191606977943463,0.10988130472777335,True,hand_fine_motor,P10,4,0.34
2026-04-03T17:50:19.961968,1192.2798703372628,95226,77,6.186183284346338,2.6203022289459597,7.108490175991609,9.780873170669091,0.41073380727437225,True,hand_fine_motor,P10,4,0.34
2026-04-03T17:50:19.962176,1275.027132782621,95226,76,6.415923366118842,2.2213550410123855,7.084954194523881,9.813004983013226,0.03213181234413476,True,hand_fine_motor,P10,4,0.34
2026-04-03T17:50:20.028576,1315.591537638872,95165,77,6.080436986041687,2.125790058120186,6.32233907532279,9.025667216099858,0.7873377669133674,True,hand_fine_motor,P10,4,0.34
2026-04-03T17:50:20.029038,1239.3951546044466,95165,76,6.508053896609866,5.389330873289624,4.505027763765591,9.575746860442289,0.5500796443424303,True,hand_fine_motor,P10,4,0.34
2026-04-03T17:50:20.029334,1337.726662613344,95137,77,6.511214545462834,5.342594524764761,4.643525146140725,9.617772969660617,0.0420261092183285,True,hand_fine_motor,P10,4,0.34
2026-04-03T17:50:20.080752,1254.2064104986782,95137,75,6.666497379215434,4.27713395222868,4.8242525883794976,9.274129349371824,0.3436436202887929,True,hand_fine_motor,P10,4,0.34
2026-04-03T17:50:20.142542,1266.8093327108393,95264,75,6.450585696129896,4.2780779405040965,4.902772516720812,9.162378787130354,0.11175056224147006,True,hand_fine_motor,P10,4,0.34
2026-04-03T17:50:20.142904,1152.6999269192836,95264,75,6.249151613349751,3.7971958637613286,4.525135380099997,8.599269883113955,0.5631089040163992,True,hand_fine_motor,P10,4,0.34
2026-04-03T17:50:20.143152,1254.5695533157643,95297,77,6.3492131520424335,4.231599628305245,4.559919393352169,8.888858640917343,0.2895887578033882,True,hand_fine_motor,P10,4,0.34
2026-04-03T17:50:20.143376,1361.7873088457993,95297,77,6.596438925353539,7.017855359623907,4.11161943443847,10.472283166443384,1.5834245255260413,True,hand_fine_motor,P10,4,0.34
2026-04-03T17:50:20.144138,1282.5289487285913,95298,75,6.827295860816765,7.258577292384277,4.114187554922853,10.78079089481493,0.30850772837154494,True,hand_fine_motor,P10,4,0.34
2026-04-03T17:50:20.201225,1225.4997551053707,95298,76,6.9926528503678345,7.522104110057822,3.9320020577716255,10.9972671291838,0.2164762343688711,True,hand_fine_motor,P10,4,0.34
2026-04-03T17:50:20.201525,1318.6266375961134,95285,75,6.431873985857196,7.999593116079054,3.2657770789135654,10.771619791002797,0.22564733818100358,True,hand_fine_motor,P10,4,0.34
2026-04-03T17:50:20.202309,1229.5289068264397,95285,77,6.560445032382324,7.897490846524682,3.3322782559358806,10.794159488762158,0.022539697759361488,True,hand_fine_motor,P10,4,0.34
2026-04-03T17:50:20.261365,1285.821507655867,95294,76,6.4182565680533,8.038037322229476,3.3902957531465185,10.83042781522118,0.03626832645902134,True,hand_fine_motor,P10,4,0.34
2026-04-03T17:50:20.261859,1260.9845753545335,95294,79,6.474130393129833,8.13102644497036,3.244793267453838,10.888371721454432,0.05794390623325185,True,hand_fine_motor,P10,4,0.34
2026-04-03T17:50:20.262290,1231.0443466886895,95347,77,6.494791710534657,7.902479131011602,3.2368728221132272,10.728878853162563,0.15949286829186882,True,hand_fine_motor,P10,4,0.34
2026-04-03T17:50:20.322505,1284.765819814322,95347,76,6.3546442420045315,7.975501422718097,3.250364277943371,10.70303668710661,0.02584216605595202,True,hand_fine_motor,P10,4,0.34
2026-04-03T17:50:20.322970,1163.3023117770717,95423,77,6.522242267647241,7.925332054782044,3.291511757219876,10.778895213534486,0.07585852642787572,True,hand_fine_motor,P10,4,0.34
2026-04-03T17:50:20.323264,1273.081284294305,95423,78,6.534506000819142,7.999075168463873,3.2848126100101855,10.838586905513035,0.05969169197854818,True,hand_fine_motor,P10,4,0.34
2026-04-03T17:50:20.381592,1235.2857517250309,95547,77,6.496136692717781,7.921077893270253,3.3344555061928123,10.773201030543735,0.0653858749692997,True,hand_fine_motor,P10,4,0.34
2026-04-03T17:50:20.382334,1217.75403185279,95547,76,6.533199758014726,7.970158696192016,3.3203064993948352,10.827306404204716,0.054105373660981115,True,hand_fine_motor,P10,4,0.34
2026-04-03T17:50:20.383003,1239.0680810188464,95665,76,6.588216533882716,7.933765369470469,3.1037833541921467,10.769526505139153,0.057779899065563356,True,hand_fine_motor,P10,4,0.34
2026-04-03T17:50:20.442558,1266.6391131699042,95665,77,6.42034183230448,7.8316437258281155,3.297058817022045,10.650165704572137,0.1193608005670157,True,hand_fine_motor,P10,4,0.34
2026-04-03T17:50:20.443173,1205.753054023324,95700,76,6.4546487120025695,7.721018709338756,3.0973097998091013,10.529479944484866,0.12068576008727128,True,hand_fine_motor,P10,4,0.34
2026-04-03T17:50:20.443635,1215.6237845609087,95700,76,6.513267004234467,7.892299723925908,3.3558869690541675,10.769076996186719,0.2395970517018533,True,hand_fine_motor,P10,4,0.34
2026-04-03T17:50:20.561587,1221.3122525189974,95698,75,6.699331055707392,6.6872368502960065,3.212197465558158,9.99591845923428,0.7731585369524385,True,hand_fine_motor,P10,4,0.34
2026-04-03T17:50:20.562049,1260.1939692697733,95698,77,6.856742803389236,6.640150709785924,3.005293606582187,10.006913259455402,0.010994800221121537,True,hand_fine_motor,P10,4,0.34
2026-04-03T17:50:20.562428,1351.1362374443404,95423,76,6.801111587894538,6.30211680718617,3.7772980121267534,10.011981589816697,0.005068330361295281,True,hand_fine_motor,P10,4,0.34
2026-04-03T17:50:20.563442,1272.6132403007123,95423,76,6.315142122872751,5.342060544079515,4.617429614970098,9.473082240638249,0.5388993491784486,True,hand_fine_motor,P10,4,0.34
2026-04-03T17:50:20.563806,1292.6180187980096,95030,77,6.170252628599856,5.027407310384462,4.548244337474041,9.166971600185922,0.30611064045232617,True,hand_fine_motor,P10,4,0.34
2026-04-03T17:50:20.564056,1231.05191407267,95030,76,5.8681376356301564,3.6884120031125662,5.4076185775381465,8.79100455554083,0.37596704464509223,True,hand_fine_motor,P10,4,0.34
2026-04-03T17:50:20.621109,1304.5924209495674,94875,76,5.8278344181289246,3.5938535519182646,5.36179772618001,8.696454002306501,0.09455055323432937,True,hand_fine_motor,P10,4,0.34
2026-04-03T17:50:20.621740,1280.3661671857753,94875,77,5.291423230087536,3.0971608213480946,5.902884853636068,8.5109114992749,0.18554250303160025,True,hand_fine_motor,P10,4,0.34
2026-04-03T17:50:20.622061,1337.9141150781652,94854,74,6.00718402532966,4.176737379033869,4.291543850665691,8.482260528289677,0.028650970985223623,True,hand_fine_motor,P10,4,0.34
2026-04-03T17:50:20.680919,1246.2700358166833,94854,77,5.926468453646636,4.543542266657113,4.3387259139165355,8.636628231958307,0.15436770366862973,True,hand_fine_motor,P10,4,0.34
2026-04-03T17:50:20.681280,1272.721224373122,94899,75,6.1865464659344935,5.730385385158641,4.044418258411647,9.352432458274148,0.7158042263158411,True,hand_fine_motor,P10,4,0.34
2026-04-03T17:50:20.681612,1222.0170095711285,94899,76,6.379054977189636,5.77571483658518,3.772699681278443,9.395982501083987,0.043550042809838985,True,hand_fine_motor,P10,4,0.34
2026-04-03T17:50:20.741431,1279.5256308218416,94994,75,6.551295553907075,6.356232360993571,3.781706333640164,9.880408192755938,0.4844256916719516,True,hand_fine_motor,P10,4,0.34
2026-04-03T17:50:20.742413,1210.8979977415809,94994,76,6.524172465495799,6.199968891032319,3.9428549732670843,9.826013736481292,0.054394456274646785,True,hand_fine_motor,P10,4,0.34
2026-04-03T17:50:20.743158,1171.3664228413306,95020,77,6.586436328584983,6.972946571030493,3.516036852738437,10.215950398409575,0.38993666192828336,True,hand_fine_motor,P10,4,0.34
2026-04-03T17:50:20.802529,1252.3254673196557,95020,77,6.366647114450971,7.790112150936043,3.343100160182993,10.601715025651453,0.385764627241878,True,hand_fine_motor,P10,4,0.34
2026-04-03T17:50:20.802981,1327.9880275788335,94977,76,6.7193095186337075,7.736373158278525,3.422621133847104,10.80346821521639,0.20175318956493626,True,hand_fine_motor,P10,4,0.34
2026-04-03T17:50:20.803257,1266.8495265692036,94977,76,6.354212967507834,7.093210885864904,3.1343226758966622,10.025649193166352,0.7778190220500374,True,hand_fine_motor,P10,4,0.34
2026-04-03T17:50:20.864291,1295.7643505774702,94962,76,6.367700444513487,7.124633487653031,2.94365955466135,9.998657052734298,0.026992140432053446,True,hand_fine_motor,P10,4,0.34
2026-04-03T17:50:20.865522,1368.7804383204161,94962,75,5.981027234249074,7.713606453345059,2.8553654690233614,10.169833983679707,0.17117693094540876,True,hand_fine_motor,P10,4,0.34
2026-04-03T17:50:20.865859,1271.9434431225498,94994,74,6.341062597485796,8.2941711012014,2.431778272132088,10.719883147033435,0.5500491633537283,True,hand_fine_motor,P10,4,0.34
2026-04-03T17:50:20.921756,1237.166170446142,94994,76,6.2919702615628195,8.38329834941486,2.7541696335763186,10.837621111581948,0.11773796454851215,True,hand_fine_motor,P10,4,0.34
2026-04-03T17:50:20.922334,1207.3089703249518,95052,76,6.087603950641794,7.682834867172242,2.10606166414369,10.025984699234424,0.8116364123475233,True,hand_fine_motor,P10,4,0.34
2026-04-03T17:50:20.922612,1259.1250813685383,95052,76,5.960555601869535,7.570082950894473,2.081614839647527,9.857357622965814,0.16862707626860995,True,hand_fine_motor,P10,4,0.34
2026-04-03T17:50:20.980549,1302.7264573571254,95114,76,5.787225356259168,8.492755150928344,2.634801469815646,10.609479071240571,0.7521214482747567,True,hand_fine_motor,P10,4,0.34
2026-04-03T17:50:20.980759,1384.8293852297743,95114,76,5.633738579869106,8.75574551598265,2.8950667084620516,10.806641530716245,0.197162459475674,True,hand_fine_motor,P10,4,0.34
2026-04-03T17:50:20.981840,1210.5393811870813,95183,76,5.807764889952054,8.747577133334737,2.762785194785634,10.857403960115294,0.050762429399048514,True,hand_fine_motor,P10,4,0.34
2026-04-03T17:50:21.042847,1225.500395320351,95183,76,6.267698626749866,7.438957761175879,2.539932736752286,10.053526592969602,0.8038773671456916,True,hand_fine_motor,P10,4,0.34
2026-04-03T17:50:21.043702,1310.0175459922286,95252,77,6.122836857154808,7.278695878602687,2.585403953760369,9.856614960352305,0.19691163261729727,True,hand_fine_motor,P10,4,0.34
2026-04-03T17:50:21.043737,1206.5817227468062,95252,76,6.100453323852414,7.300316835519014,2.8190725504950067,9.92256653796883,0.06595157761652537,True,hand_fine_motor,P10,4,0.34
2026-04-03T17:50:21.101501,1312.3305183440625,95371,78,5.407138266209846,6.37111916530437,3.287114256836044,8.979611560970456,0.942954976998374,True,hand_fine_motor,P10,4,0.34
2026-04-03T17:50:21.101985,1228.4667704867343,95371,75,5.4757790158157436,6.268524139957004,3.304373064283225,8.95530189726914,0.02430966370131671,True,hand_fine_motor,P10,4,0.34
2026-04-03T17:50:21.102480,1259.9388306974688,95444,77,5.2662588686026055,6.570803375518177,3.356009796521395,9.064863000906536,0.10956110363739668,True,hand_fine_motor,P10,4,0.34
2026-04-03T17:50:21.162443,1262.3698255896884,95444,76,5.142856683138421,6.88499434361848,3.515844352346213,9.285110849359029,0.2202478484524928,True,hand_fine_motor,P10,4,0.34
2026-04-03T17:50:21.162811,1255.546268372455,95130,76,5.0332009804316264,7.0212258742008515,3.3416402397994975,9.262682353304179,0.0224284960548502,True,hand_fine_motor,P10,4,0.34
2026-04-03T17:50:21.163038,1197.7546766570695,95130,77,5.038036169598173,7.055013458064756,3.2219278977834955,9.248558953597572,0.014123399706607032,True,hand_fine_motor,P10,4,0.34
2026-04-03T17:50:21.224020,1210.7342566816026,94802,76,6.268130159143882,7.046697466332684,2.092080180842092,9.66034162734739,0.41178267374981914,True,hand_fine_motor,P10,4,0.34
2026-04-03T17:50:21.224331,1231.7117459900844,94802,75,6.3464461404621,7.243930865097025,2.1368290099643796,9.864986123148727,0.20464449580133603,True,hand_fine_motor,P10,4,0.34
2026-04-03T17:50:21.224544,1263.4081049473775,94655,78,6.362589389738288,7.15071746086278,2.4909060258073876,9.890395177994742,0.025409054846015522,True,hand_fine_motor,P10,4,0.34
2026-04-03T17:50:21.282485,1245.8902490428823,94655,76,6.5460567208737155,6.981474189425183,2.1590770482940647,9.810884473429303,0.07951070456543974,True,hand_fine_motor,P10,4,0.34
2026-04-03T17:50:21.282536,1301.435101591719,94608,77,6.244125786416486,6.9484060716184075,2.341501063948122,9.630788181928052,0.1800962915012505,True,hand_fine_motor,P10,4,0.34
2026-04-03T17:50:21.282551,1336.9234070214068,94608,76,6.4535417269124595,7.2724773979187285,2.3662859474184357,10.006819550146238,0.37603136821818595,True,hand_fine_motor,P10,4,0.34
2026-04-03T17:50:21.342308,1187.1100894560686,94636,76,6.381376052220654,7.131175675770797,2.3111884814093373,9.844654338023227,0.1621652121230106,True,hand_fine_motor,P10,4,0.34
2026-04-03T17:50:21.342919,1249.102269045246,94636,76,6.426639899661874,6.923856252511525,2.3579229834332396,9.736595226318675,0.10805911170455218,True,hand_fine_motor,P10,4,0.34
2026-04-03T17:50:21.343204,1242.1683256608294,94753,76,6.252692594673564,7.057476472643157,2.224684091736047,9.687794287319523,0.048800938999152166,True,hand_fine_motor,P10,4,0.34
2026-04-03T17:50:21.402332,1251.2247031287984,94753,78,6.517216258521303,7.227316714876492,2.09241008409159,9.954214917183359,0.26642062986383586,True,hand_fine_motor,P10,4,0.34
2026-04-03T17:50:21.402672,1191.8626146420747,94817,78,6.262414137213897,7.088387535087495,2.1801814158594364,9.706506049017799,0.24770886816556015,True,hand_fine_motor,P10,4,0.34
2026-04-03T17:50:21.402923,1287.4564600963306,94817,76,6.330467590980567,7.056006299324844,2.3240864824187897,9.760298294331426,0.05379224531362681,True,hand_fine_motor,P10,4,0.34
2026-04-03T17:50:21.484718,1279.4937052182283,94795,76,6.4351854306417104,6.95847812016154,2.2504398894198734,9.741483920399517,0.018814373931908435,True,hand_fine_motor,P10,4,0.34
2026-04-03T17:50:21.485474,1278.8981375965207,94795,76,6.287949972832794,7.099528736885694,2.4430776422725407,9.793377941899601,0.051894021500084264,True,hand_fine_motor,P10,4,0.34
2026-04-03T17:50:21.486107,1320.0916764675862,94838,74,5.826293373917632,5.8227207619394195,4.622793784038741,9.445633590195213,0.3477443517043888,True,hand_fine_motor,P10,4,0.34
2026-04-03T17:50:21.520875,1188.067845955372,94838,78,6.060249047963753,5.8057289558102365,4.611893724630214,9.576151155812157,0.1305175656169446,True,hand_fine_motor,P10,4,0.34
2026-04-03T17:50:21.521381,1314.1925181864406,94952,75,5.336838606046976,5.232456887489443,5.327979498314238,9.178660954675577,0.3974902011365806,True,hand_fine_motor,P10,4,0.34
2026-04-03T17:50:21.584586,1310.124606868483,94952,77,5.573273537712851,5.639673692089656,5.45997580438394,9.626974242402259,0.4483132877266822,True,hand_fine_motor,P10,4,0.34
2026-04-03T17:50:21.642001,1199.1244561427413,95048,77,5.389047203268516,5.514474914462771,5.498145510989925,9.469998278844303,0.15697596355795618,True,hand_fine_motor,P10,4,0.34
2026-04-03T17:50:21.642614,1214.264115172979,95048,76,5.772033407775986,5.801537619060717,4.876578944724074,9.526553973498755,0.05655569465445254,True,hand_fine_motor,P10,4,0.34
2026-04-03T17:50:21.643081,1276.0335922670624,95127,76,5.659033843926975,5.722517644999776,4.913551779170753,9.42946781799677,0.09708615550198552,True,hand_fine_motor,P10,4,0.34
2026-04-03T17:50:21.643617,1266.1835795305187,95127,76,5.9104921653781854,6.694915956808641,4.697925476495075,10.090902887672112,0.6614350696753419,True,hand_fine_motor,P10,4,0.34
2026-04-03T17:50:21.643644,1350.8173410670834,95181,76,6.452457013060492,6.17241620755709,4.667481767832162,10.075629478983068,0.015273408689044032,True,hand_fine_motor,P10,4,0.34
2026-04-03T17:50:21.644307,1161.713970546481,95181,74,6.321888516236734,5.969094326461631,4.650470593929994,9.860184492945855,0.21544498603721252,True,hand_fine_motor,P10,4,0.34
2026-04-03T17:50:21.701588,1355.156866038625,95239,74,6.44216473169703,5.883630649754999,4.21370290167463,9.688853812326755,0.17133068061909995,True,hand_fine_motor,P10,4,0.34
2026-04-03T17:50:21.701638,1271.5808988074978,95239,77,6.649382707110009,5.9384863751607195,4.232210313480741,9.868713946159138,0.17986013383238308,True,hand_fine_motor,P10,4,0.34
2026-04-03T17:50:21.702150,1290.1737530372009,95320,75,6.68288327090049,8.137692894061683,4.017160940164768,11.270339678542486,1.4016257323833479,True,hand_fine_motor,P10,4,0.34
2026-04-03T17:50:21.762172,1268.7551124911804,95320,75,5.8247473863984105,8.62142793033985,3.8840942408272903,11.105984411344494,0.1643552671979922,True,hand_fine_motor,P10,4,0.34
2026-04-03T17:50:21.763399,1187.7569093706024,95279,75,5.981906119822278,8.589251086190579,3.9768450274849947,11.197041190449617,0.09105677910512355,True,hand_fine_motor,P10,4,0.34
2026-04-03T17:50:21.765205,1259.5013006619474,95279,75,4.918166231078387,7.641708940724143,3.1638626450968217,9.622582888616869,1.574458301832749,True,hand_fine_motor,P10,4,0.34
2026-04-03T17:50:21.821168,1331.487122242072,94795,78,4.603512402417198,7.7115612988488005,3.3811340640595606,9.596487464914205,0.026095423702663822,True,hand_fine_motor,P10,4,0.34
2026-04-03T17:50:21.881239,1300.9792930697486,94795,74,5.261627036698092,7.731061447275646,3.3572911146009403,9.936067320778507,0.3395798558643026,True,hand_fine_motor,P10,4,0.34
2026-04-03T17:50:21.881743,1310.4676275064685,94421,75,5.090963048977529,7.752723026437199,3.5544605505763007,9.932613397102866,0.003453923675641235,True,hand_fine_motor,P10,4,0.34
2026-04-03T17:50:21.882016,1258.8872498317949,94421,76,4.65095316047072,4.492147656564119,6.159494111580679,8.93029246888724,1.0023209282156262,True,hand_fine_motor,P10,4,0.34
2026-04-03T17:50:21.882532,1196.4576069330478,94234,77,3.992424787155074,3.8370835969209676,8.052487074356751,9.772676925670506,0.8423844567832663,True,hand_fine_motor,P10,4,0.34
2026-04-03T17:50:21.883073,1259.831657180069,94234,76,3.7134915751900377,3.859504901160743,8.39744748131516,9.960066363360111,0.18738943768960503,True,hand_fine_motor,P10,4,0.34
2026-04-03T17:50:21.941496,1308.498549587917,94212,76,4.9068919649647205,6.217342102323807,6.566489536113808,10.288426332586324,0.3283599692262129,True,hand_fine_motor,P10,4,0.34
2026-04-03T17:50:22.002436,1340.800167295813,94212,77,4.985595563884589,5.990956010546278,6.631947986840637,10.233789676707541,0.05463665587878275,True,hand_fine_motor,P10,4,0.34
2026-04-03T17:50:22.065962,1359.7100752825627,94283,76,6.224888777939493,7.73419094678977,4.102586987252574,10.742354019817817,0.508564343110276,True,hand_fine_motor,P10,4,0.34
2026-04-03T17:50:22.066036,1214.6450997277755,94283,76,6.576872433474318,6.866528854982567,3.579668418239007,10.159650363424932,0.5827036563928853,True,hand_fine_motor,P10,4,0.34
2026-04-03T17:50:22.066048,1330.1658434202145,94387,74,6.622147980486198,6.96247510932617,3.5475506041830256,10.242754454378142,0.08310409095320992,True,hand_fine_motor,P10,4,0.34
2026-04-03T17:50:22.066055,1261.8627229751767,94387,77,5.602098720609181,6.120245976317306,4.647596330607679,9.510051132268277,0.7327033221098649,True,hand_fine_motor,P10,4,0.34
2026-04-03T17:50:22.066062,1266.9632715123269,94437,76,5.527074937863984,5.823133340970105,4.593200539568515,9.24959082728389,0.2604603049843863,True,hand_fine_motor,P10,4,0.34
2026-04-03T17:50:22.066069,1242.0205665702083,94437,77,5.632488842307957,5.533453596860549,4.840602871821515,9.261505030502292,0.011914203218401198,True,hand_fine_motor,P10,4,0.34
2026-04-03T17:50:22.066076,1232.4036149853887,94438,78,5.630333343376237,6.027797723086949,4.549833922721738,9.419978114217459,0.1584730837151671,True,hand_fine_motor,P10,4,0.34
2026-04-03T17:50:22.120752,1353.8693162267753,94438,76,5.8222115125224265,5.92944257289233,4.446284055841365,9.424748167829517,0.004770053612057623,True,hand_fine_motor,P10,4,0.34
2026-04-03T17:50:22.121195,1313.600920422889,94482,78,5.878966963139873,6.206420915666207,4.106125833582416,9.483785240995386,0.05903707316586981,True,hand_fine_motor,P10,4,0.34
2026-04-03T17:50:22.121804,1352.5578938410583,94482,77,5.798406861092366,6.208084292266656,4.123901437832784,9.442901872603057,0.04088336839232909,True,hand_fine_motor,P10,4,0.34
2026-04-03T17:50:22.182474,1309.5553933811145,94577,76,5.861119621539883,6.413487012063617,3.9447633474054262,9.541839274424076,0.09893740182101851,True,hand_fine_motor,P10,4,0.34
2026-04-03T17:50:22.182839,1300.519712683124,94577,77,5.778822518339948,6.405065758589398,4.061283655183779,9.534866648159802,0.006972626264273529,True,hand_fine_motor,P10,4,0.34
2026-04-03T17:50:22.183079,1295.125052120687,94692,77,5.865889515359162,6.498404124100235,4.1738029336172415,9.698378570420696,0.16351192226089317,True,hand_fine_motor,P10,4,0.34
2026-04-03T17:50:22.301938,1206.1603618530648,94692,76,6.102867229219746,6.583444784315429,4.040870312557932,9.8445602506423,0.14618168022160383,True,hand_fine_motor,P10,4,0.34
2026-04-03T17:50:22.302420,1305.9402134509905,94794,76,5.969727864207645,6.467557545290572,4.326613482685111,9.807473456650024,0.03708679399227499,True,hand_fine_motor,P10,4,0.34
2026-04-03T17:50:22.302736,1260.8505148162371,94794,77,5.918938995312795,6.507732520713271,4.380474601212233,9.827155189740774,0.019681733090749276,True,hand_fine_motor,P10,4,0.34
2026-04-03T17:50:22.304078,1308.7940162937189,94878,74,5.926184300735642,6.426824801906216,4.192555988131289,9.69542485476,0.13173033498077302,True,hand_fine_motor,P10,4,0.34
2026-04-03T17:50:22.304402,1263.455744880423,94878,75,5.856048466224312,6.494795314134915,4.359698650538648,9.77152199684294,0.07609714208293994,True,hand_fine_motor,P10,4,0.34
2026-04-03T17:50:22.304802,1321.7755290330056,94942,77,5.86112586520837,6.47328072755672,4.339504740887097,9.7512799765853,0.020242020257640547,True,hand_fine_motor,P10,4,0.34
2026-04-03T17:50:22.361437,1356.135517773051,94942,77,5.856818677168594,6.3949333028197275,4.3189989994015985,9.687685447080522,0.06359452950477795,True,hand_fine_motor,P10,4,0.34
2026-04-03T17:50:22.361896,1364.4940438479148,95000,75,6.096498932265448,6.5322435761514885,4.2719887061143815,9.903907959712416,0.2162225126318944,True,hand_fine_motor,P10,4,0.34
2026-04-03T17:50:22.362518,1252.5528593463337,95000,76,6.134299638504724,6.3983756567113925,4.28079125270675,9.843475851984742,0.06043210772767438,True,hand_fine_motor,P10,4,0.34
2026-04-03T17:50:22.425361,1317.7037492081681,95045,76,5.89784559255863,6.463660943215594,4.5182763578929315,9.847756935912267,0.004281083927525131,True,hand_fine_motor,P10,4,0.34
2026-04-03T17:50:22.425415,1287.4687581756589,95045,76,5.941442189189433,6.581707681767144,4.3010601725329245,9.854883556057967,0.007126620145699647,True,hand_fine_motor,P10,4,0.34
2026-04-03T17:50:22.425428,1239.8076808775554,94813,75,6.018643912967509,6.711142394957245,4.2030773371014005,9.946324240549808,0.0914406844918414,True,hand_fine_motor,P10,4,0.34
2026-04-03T17:50:22.481286,1284.4275186537475,94813,76,6.094555156233536,6.420671694478328,4.004659024748141,9.716270964991903,0.23005327555790522,True,hand_fine_motor,P10,4,0.34
2026-04-03T17:50:22.481879,1205.2393837920524,94365,75,6.398917184773591,6.987837776902889,3.943845796209699,10.263037445034623,0.5467664800427201,True,hand_fine_motor,P10,4,0.34
2026-04-03T17:50:22.482384,1313.8456226857024,94365,76,6.193308681449167,6.926636415774955,4.011991558902908,10.120841898219808,0.14219554681481483,True,hand_fine_motor,P10,4,0.34
2026-04-03T17:50:22.542006,1251.2178388719865,94147,77,6.472106276785815,7.060204625432601,3.991109105841328,10.376107213484246,0.2552653152644382,True,hand_fine_motor,P10,4,0.34
2026-04-03T17:50:22.542037,1330.6191754042195,94147,77,6.079949848126569,7.012692419590292,4.218398039111235,10.195024626938913,0.18108258654533316,True,hand_fine_motor,P10,4,0.34
2026-04-03T17:50:22.542052,1355.197533477757,94098,74,6.235882482053126,7.081681135266171,4.123076538425743,10.297387929629467,0.10236330269055394,True,hand_fine_motor,P10,4,0.34
2026-04-03T17:50:22.602095,1243.9893923117795,94098,76,6.03758244191107,7.331317325541816,4.170991074837091,10.372935072438905,0.07554714280943742,True,hand_fine_motor,P10,4,0.34
2026-04-03T17:50:22.602134,1208.4230335582697,94088,76,5.846601181997665,7.258399648068102,4.076489105196426,10.17275155782332,0.2001835146155848,True,hand_fine_motor,P10,4,0.34
2026-04-03T17:50:22.602642,1261.6722787646083,94088,75,5.903894370780687,6.915147411167707,3.875670946599255,9.884131613137741,0.2886199446855784,True,hand_fine_motor,P10,4,0.34
2026-04-03T17:50:22.662023,1115.78415504263,94154,75,5.801193815070599,6.71281136003484,3.894006914973497,9.689116362666287,0.19501525047145485,True,hand_fine_motor,P10,4,0.34
2026-04-03T17:50:22.663875,1225.4568140910835,94154,76,5.696802236292801,6.59983559016929,3.6420139322966096,9.44857931224258,0.24053705042370588,True,hand_fine_motor,P10,4,0.34
2026-04-03T17:50:22.664846,1353.7130128398142,94235,74,5.497872805054222,6.853236053364217,3.9902059713654525,9.64962141628398,0.20104210404139877,True,hand_fine_motor,P10,4,0.34
2026-04-03T17:50:22.730158,1221.0603033270736,94235,74,5.43421635483889,6.877705578756572,3.874706596835379,9.583678449886419,0.06594296639756081,True,hand_fine_motor,P10,4,0.34
2026-04-03T17:50:22.783035,1201.377009730613,94247,76,5.677124623548959,6.674128944449221,3.8884490711830346,9.58612420833493,0.002445758448510915,True,hand_fine_motor,P10,4,0.34
2026-04-03T17:50:22.783327,1232.7646945031772,94247,76,5.373889361949435,6.581246920108808,3.858381505439457,9.331591811659585,0.25453239667534433,True,hand_fine_motor,P10,4,0.34
2026-04-03T17:50:22.783549,1245.5663353781647,94257,77,5.589235534092621,6.4707538195874745,3.6770566500985487,9.307575111558513,0.02401670010107182,True,hand_fine_motor,P10,4,0.34
2026-04-03T17:50:22.783741,1260.6588792086234,94257,77,5.616453025004774,6.793622415495177,3.792823645581842,9.59600757153143,0.2884324599729169,True,hand_fine_motor,P10,4,0.34
2026-04-03T17:50:22.783919,1327.4972094608972,94301,77,5.792824849400859,6.745158956585232,3.700279375306707,9.630475405750138,0.034467834218707694,True,hand_fine_motor,P10,4,0.34
2026-04-03T17:50:22.841909,1256.1404537201904,94301,76,5.837240735057725,6.750452759134559,3.765043291561803,9.685945634766858,0.05547022901671994,True,hand_fine_motor,P10,4,0.34
2026-04-03T17:50:22.842205,1203.9734644289956,94397,77,5.945606787030472,6.833666046912938,3.6823849736688907,9.777995234250012,0.09204959948315405,True,hand_fine_motor,P10,4,0.34
2026-04-03T17:50:22.842431,1301.3137069378854,94397,76,6.356982042694436,7.296830714923879,4.086969104483999,10.505154717299638,0.7271594830496255,True,hand_fine_motor,P10,4,0.34
2026-04-03T17:50:22.902090,1286.4982554859703,94495,76,6.1244989452141905,7.1165944634124125,3.884747898307446,10.16103687228848,0.34411784501115683,True,hand_fine_motor,P10,4,0.34
2026-04-03T17:50:22.902434,1258.8684353665333,94495,76,6.195544797322175,7.580848541147193,3.9023264048481874,10.539553657978823,0.3785167856903424,True,hand_fine_motor,P10,4,0.34
2026-04-03T17:50:22.902663,1316.9402221725807,94570,75,6.289965424328249,7.491390019063702,3.954945348446497,10.551122317847078,0.011568659868254727,True,hand_fine_motor,P10,4,0.34
2026-04-03T17:50:23.021383,1328.8348619229712,94570,76,6.237646687814558,7.236999363259526,3.863300191336409,10.305701545950312,0.24542077189676625,True,hand_fine_motor,P10,4,0.34
2026-04-03T17:50:23.021897,1276.746356198856,94642,76,6.194696991902894,7.271400465875897,4.063282309207663,10.380645388459762,0.07494384250944996,True,hand_fine_motor,P10,4,0.34
2026-04-03T17:50:23.022235,1195.5064941263724,94642,77,5.981824923869545,7.19101047559908,3.975851431222636,10.163673336110211,0.21697205234955064,True,hand_fine_motor,P10,4,0.34
2026-04-03T17:50:23.022964,1274.1668995394307,94727,75,6.044494540408976,7.590390069318662,4.0681736501703085,10.521405443256395,0.35773210714618386,True,hand_fine_motor,P10,4,0.34
2026-04-03T17:50:23.023440,1261.6468793569588,94727,76,6.0483307823211785,7.295696463155924,4.108894289998724,10.329206379062425,0.1921990641939697,True,hand_fine_motor,P10,4,0.34
2026-04-03T17:50:23.024142,1284.679035008327,94815,76,5.873856270441305,7.39446951708715,3.996838920236181,10.25451550680228,0.07469087226014537,True,hand_fine_motor,P10,4,0.34
2026-04-03T17:50:23.080404,1163.764491116522,94815,76,5.897588019952867,7.114950909241665,3.8822634235272555,10.023773749624835,0.23074175717744438,True,hand_fine_motor,P10,4,0.34
2026-04-03T17:50:23.080979,1176.093254624792,94838,76,5.712435665577261,7.085090237392717,3.6848202053023025,9.818774101218585,0.2049996484062504,True,hand_fine_motor,P10,4,0.34
2026-04-03T17:50:23.081553,1292.6814409932456,94838,77,5.864466313920201,6.963177031637023,3.905681971822468,9.90616733081171,0.08739322959312545,True,hand_fine_motor,P10,4,0.34
2026-04-03T17:50:23.140853,1252.927118405968,94489,76,5.94382721791716,7.085129117385655,3.7869504055219516,9.993454356745806,0.08728702593409565,True,hand_fine_motor,P10,4,0.34
2026-04-03T17:50:23.141414,1264.8222146606668,94489,77,5.990694842282082,6.898864436943069,3.8770624212299376,9.925440455253172,0.06801390149263398,True,hand_fine_motor,P10,4,0.34
2026-04-03T17:50:23.141848,1272.8263687811693,94137,77,5.928208444249919,6.672269467186739,3.9210085870635822,9.748699582049639,0.17674087320353316,True,hand_fine_motor,P10,4,0.34
2026-04-03T17:50:23.201740,1234.3668279787955,94137,77,6.042189761786214,7.003967417247912,3.8064754788246433,10.002643264167618,0.25394368211797946,True,hand_fine_motor,P10,4,0.34
2026-04-03T17:50:23.202522,1313.800368385549,93976,76,5.950982776725712,6.706245960513404,3.949467123437603,9.79725581226207,0.20538745190554764,True,hand_fine_motor,P10,4,0.34
2026-04-03T17:50:23.202611,1281.327448322788,93976,77,5.96783170246225,6.829465529735263,3.751754886354535,9.814900884779263,0.017645072517192162,True,hand_fine_motor,P10,4,0.34
2026-04-03T17:50:23.263356,1339.3687753029524,93966,76,6.029457084821745,6.824361190980743,3.565623693553764,9.779567000982366,0.035333883796896615,True,hand_fine_motor,P10,4,0.34
2026-04-03T17:50:23.273547,1301.8934559244267,93966,75,5.847315241655924,6.6013340427437734,3.838498163574915,9.617836286346193,0.16173071463617283,True,hand_fine_motor,P10,4,0.34
2026-04-03T17:50:23.273576,1245.8903050604447,94003,77,5.83387080679231,6.657183642360098,3.927027952733756,9.683681695512442,0.06584540916624881,True,hand_fine_motor,P10,4,0.34
2026-04-03T17:50:23.321164,1144.3079028644797,94003,76,5.694990278654476,6.71002871899163,3.8286934363597935,9.597723329690538,0.08595836582190408,True,hand_fine_motor,P10,4,0.34
2026-04-03T17:50:23.321757,1294.8915937616775,94095,76,5.943711712236024,6.692635426945491,3.78179805735162,9.717050705989243,0.11932737629870438,True,hand_fine_motor,P10,4,0.34
2026-04-03T17:50:23.322052,1258.438894424367,94095,76,5.915097895822577,6.727431204575104,3.8365195352513113,9.745029290557337,0.027978584568094433,True,hand_fine_motor,P10,4,0.34
2026-04-03T17:50:23.381521,1325.0875114512846,94169,76,5.889209716242738,7.020399233186093,3.958801720647242,9.98202922950075,0.23699993894341276,True,hand_fine_motor,P10,4,0.34
2026-04-03T17:50:23.382092,1267.9298880790268,94169,76,5.902297903329759,6.681140240391216,3.868205129029632,9.717909567992328,0.26411966150842225,True,hand_fine_motor,P10,4,0.34
2026-04-03T17:50:23.382589,1287.0564377485346,94174,75,5.983761754885275,6.698827815904372,3.718406671066817,9.721432354226206,0.00352278623387825,True,hand_fine_motor,P10,4,0.34
2026-04-03T17:50:23.442778,1245.634917906029,94174,77,5.868123434027347,6.555802085931258,3.9036944408852423,9.625603561059425,0.09582879316678117,True,hand_fine_motor,P10,4,0.34
2026-04-03T17:50:23.442830,1232.9501495730406,94218,76,5.844802823848932,6.8145391601295255,3.844860669791646,9.766402489387888,0.1407989283284632,True,hand_fine_motor,P10,4,0.34
2026-04-03T17:50:23.442844,1278.157042672388,94218,76,5.987152324904049,6.577926029261986,3.9763520762776343,9.743022100075713,0.0233803893121749,True,hand_fine_motor,P10,4,0.34
2026-04-03T17:50:23.512219,1222.68616155035,94294,75,6.122750653236137,6.235687070510698,4.009427749611091,9.614956041625426,0.12806605845028685,True,hand_fine_motor,P10,4,0.34
2026-04-03T17:50:23.512266,1284.9623852621,94294,77,5.965423622885905,6.360051264877993,3.95487343142441,9.574839682780492,0.040116358844933586,True,hand_fine_motor,P10,4,0.34
2026-04-03T17:50:23.512275,1207.6595887318285,94387,76,5.920043253023119,6.407379338975275,3.7802551072332244,9.50745764055537,0.06738204222512323,True,hand_fine_motor,P10,4,0.34
2026-04-03T17:50:23.562322,1339.5277190569425,94387,75,6.125282260802651,6.64709808914637,4.006772703504104,9.88722525680398,0.37976761624861055,True,hand_fine_motor,P10,4,0.34
2026-04-03T17:50:23.562667,1255.6964671263993,94476,75,6.0714317413725984,6.630365967856768,4.061450359839766,9.865060328416774,0.022164928387205407,True,hand_fine_motor,P10,4,0.34
2026-04-03T17:50:23.562883,1285.4859342424375,94476,77,6.235471337345287,6.675845598049742,4.055062299310228,9.994575903916179,0.12951557549940418,True,hand_fine_motor,P10,4,0.34
2026-04-03T17:50:23.621520,1298.8969324426334,94551,76,5.823046816190678,6.583723419484067,4.007331450999907,9.659813333909947,0.334762570006232,True,hand_fine_motor,P10,4,0.34
2026-04-03T17:50:23.622037,1255.9538282521908,94551,77,6.000942339071104,6.41291474498943,4.033569517751843,9.664702144292697,0.004888810382750464,True,hand_fine_motor,P10,4,0.34
2026-04-03T17:50:23.622120,1327.875597988051,94608,78,5.9587302208760775,6.086342923519764,4.284392374699165,9.534466636799424,0.13023550749327306,True,hand_fine_motor,P10,4,0.34
2026-04-03T17:50:23.682366,1285.7361067451084,94608,75,5.88137417933151,6.120270725866983,4.101998940763898,9.427336384432238,0.10713025236718643,True,hand_fine_motor,P10,4,0.34
2026-04-03T17:50:23.682677,1260.1763606092788,94698,75,5.978649123907992,6.089524378237986,4.266233502119906,9.540822857310097,0.11348647287785951,True,hand_fine_motor,P10,4,0.34
2026-04-03T17:50:23.683046,1309.170609858953,94698,77,5.859891712766469,6.274895814012797,4.2002782835030015,9.557980227063215,0.01715736975311799,True,hand_fine_motor,P10,4,0.34
2026-04-03T17:50:23.744145,1132.7228505209723,94788,77,6.005498479416525,6.232675863712407,4.191358706279001,9.61663913293403,0.05865890587081424,True,hand_fine_motor,P10,4,0.34
2026-04-03T17:50:23.745169,1248.140489511557,94788,77,5.88469047926484,6.56284496090562,4.118438709724295,9.729442605997018,0.11280347306298921,True,hand_fine_motor,P10,4,0.34
2026-04-03T17:50:23.745524,1279.1500159716331,94808,75,6.131907264132861,6.272417989178849,4.069556709260841,9.66978830878886,0.059654297208158624,True,hand_fine_motor,P10,4,0.34
2026-04-03T17:50:23.804408,1240.8552281609554,94808,75,6.201413631087768,6.723922733216527,4.029599840137223,9.995316043914826,0.32552773512596644,True,hand_fine_motor,P10,4,0.34
2026-04-03T17:50:23.805116,1263.8682911815877,94406,76,6.01209987793101,6.74059781054489,4.014207026603569,9.884071116608485,0.11124492730634117,True,hand_fine_motor,P10,4,0.34
2026-04-03T17:50:23.805432,1208.4647782619215,94406,76,6.141140881197325,6.61660823497554,4.125228376167382,9.925251886647299,0.04118077003881382,True,hand_fine_motor,P10,4,0.34
2026-04-03T17:50:23.862038,1262.4250843650873,94034,77,6.036069698496896,6.455777710751034,4.16282724223823,9.769356882848689,0.15589500379861043,True,hand_fine_motor,P10,4,0.34
2026-04-03T17:50:23.862212,1201.4843107583606,94034,76,6.074158609296939,6.435104607603614,4.3837467198545195,9.875384014079282,0.1060271312305936,True,hand_fine_motor,P10,4,0.34
2026-04-03T17:50:23.862557,1247.8942096223643,93875,76,6.080208629004513,6.371954151150241,4.531899830497592,9.90499130490511,0.029607290825827803,True,hand_fine_motor,P10,4,0.34
2026-04-03T17:50:23.922812,1391.641599363837,93875,75,5.9785985502532535,6.244186461503902,4.641158228206012,9.811924117641926,0.09306718726318408,True,hand_fine_motor,P10,4,0.34
2026-04-03T17:50:24.044473,1226.0091981356109,93836,76,6.123629534184023,6.2090531823743005,4.612431718685307,9.865379184451935,0.053455066810009555,True,hand_fine_motor,P10,4,0.34
2026-04-03T17:50:24.044883,1254.7660271828233,93836,75,6.190803788054105,6.221318853426976,4.606065267267479,9.911947188343914,0.046568003891978904,True,hand_fine_motor,P10,4,0.34
2026-04-03T17:50:24.045146,1250.8472876412602,93871,76,6.301814142338399,6.390750834711615,4.863724742482704,10.208348352529017,0.2964011641851023,True,hand_fine_motor,P10,4,0.34
2026-04-03T17:50:24.045378,1115.0442242896643,93871,76,6.139818615898432,6.663739224210201,4.645655936266639,10.182578856192569,0.025769496336447872,True,hand_fine_motor,P10,4,0.34
2026-04-03T17:50:24.045629,1273.1330929260953,93975,77,6.2535555624797965,6.608906922841865,4.531663422429531,10.164673199960482,0.017905656232086287,True,hand_fine_motor,P10,4,0.34
2026-04-03T17:50:24.045859,1236.709588689274,93975,76,5.97380992665433,6.784092107176255,4.261343252990818,9.993465719071406,0.1712074808890769,True,hand_fine_motor,P10,4,0.34
2026-04-03T17:50:24.100907,1341.6488268636883,94019,76,6.266119070897305,6.867245019506467,4.545654462912383,10.348249942130048,0.3547842230586422,True,hand_fine_motor,P10,4,0.34
2026-04-03T17:50:24.160762,1233.7778813883715,94019,76,6.287072424488241,7.15075991971643,4.149684088449914,10.386555017623397,0.038305075493349605,True,hand_fine_motor,P10,4,0.34
2026-04-03T17:50:24.161408,1235.08669095917,94021,76,6.572245179269915,7.791412361395157,3.8226685474888464,10.886381772916948,0.4998267552935509,True,hand_fine_motor,P10,4,0.34
2026-04-03T17:50:24.162048,1305.477332678482,94021,75,6.38234777969092,7.607805406429487,4.110133745534657,10.747384132392687,0.138997640524261,True,hand_fine_motor,P10,4,0.34
2026-04-03T17:50:24.162597,1215.3887958396251,94043,76,6.9244085441269165,6.819807222720863,4.150926215965552,10.568225616982426,0.1791585154102613,True,hand_fine_motor,P10,4,0.34
2026-04-03T17:50:24.163065,1258.346723472318,94043,76,6.743147854396764,6.761418315522728,4.179316720735766,10.423699385341244,0.14452623164118172,True,hand_fine_motor,P10,4,0.34
2026-04-03T17:50:24.164267,1148.4452222869531,94110,78,6.988332635465856,6.365498452761341,4.606502036410338,10.515523029667937,0.0918236443266931,True,hand_fine_motor,P10,4,0.34
2026-04-03T17:50:24.164700,1311.5001105864862,94110,75,7.021251462227706,6.498461842443366,4.632822919196362,10.629723731789,0.11420070212106204,True,hand_fine_motor,P10,4,0.34
2026-04-03T17:50:24.223397,1304.1847816773686,94231,76,6.58307410230959,5.788473597380457,5.12449716674825,10.154002286590282,0.47572144519871706,True,hand_fine_motor,P10,4,0.34
2026-04-03T17:50:24.223654,1342.6934557260665,94231,76,6.487367034285315,5.642467543983165,5.263309822053758,10.080962320401898,0.07303996618838404,True,hand_fine_motor,P10,4,0.34
2026-04-03T17:50:24.223862,1158.572983487318,94350,77,6.532001717772606,5.588857241077765,5.301383346425718,10.099853320117653,0.018890999715754475,True,hand_fine_motor,P10,4,0.34
2026-04-03T17:50:24.281717,1292.2218668056134,94350,75,6.603950070755744,5.69206832389831,5.386152782005627,10.248045673789138,0.14819235367148487,True,hand_fine_motor,P10,4,0.34
2026-04-03T17:50:24.282666,1293.8025445608937,94438,76,6.599827200903913,5.5990618561234555,5.237754957168969,10.116387188212792,0.13165848557634519,True,hand_fine_motor,P10,4,0.34
2026-04-03T17:50:24.282716,1302.2797260626346,94438,77,6.636221613425073,5.8053837492189055,5.398694262768218,10.338656465954921,0.22226927774212868,True,hand_fine_motor,P10,4,0.34
2026-04-03T17:50:24.342750,1260.3984954071288,94481,77,6.710929616038816,5.56881005334737,5.323846736948249,10.217219083498414,0.12143738245650759,True,hand_fine_motor,P10,4,0.34
2026-04-03T17:50:24.342801,1192.0639229098467,94481,75,6.533136066026076,5.569763757038777,5.286803550946675,10.082382007875706,0.1348370756227073,True,hand_fine_motor,P10,4,0.34
2026-04-03T17:50:24.343093,1238.2047112269029,94478,74,6.728476024863551,5.629560605940775,5.289760727931584,10.244311142868082,0.16192913499237527,True,hand_fine_motor,P10,4,0.34
2026-04-03T17:50:24.402841,1308.8625531532964,94478,76,6.436302235719393,5.764645162628288,5.407103094664761,10.192834944061117,0.051476198806964746,True,hand_fine_motor,P10,4,0.34
2026-04-03T17:50:24.403263,1310.8167428684167,94454,76,6.3916020444563575,5.542264372171924,5.231811210591499,9.946915080014296,0.24591986404682054,True,hand_fine_motor,P10,4,0.34
2026-04-03T17:50:24.403853,1190.2208618882016,94454,77,6.497310298343323,5.544876589366713,5.4412874797273885,10.12760124320183,0.18068616318753428,True,hand_fine_motor,P10,4,0.34
2026-04-03T17:50:24.462422,1202.1020893873667,94074,76,6.603244011219079,5.85277461006138,5.299197631348641,10.292681751806514,0.16508050860468337,True,hand_fine_motor,P10,4,0.34
2026-04-03T17:50:24.462818,1270.1920075499347,94074,75,6.448510176884865,5.637579490327881,5.330719430798805,10.088714271950078,0.20396747985643593,True,hand_fine_motor,P10,4,0.34
2026-04-03T17:50:24.463129,1251.775425558913,93441,76,5.307445330338632,5.32200093019539,6.582866737765085,9.99133646329198,0.09737780865809853,True,hand_fine_motor,P10,4,0.34
2026-04-03T17:50:24.521010,1299.2034630601627,93441,76,5.320382012966739,5.2459418302611285,6.831989894358057,10.124349676250525,0.13301321295854507,True,hand_fine_motor,P10,4,0.34
2026-04-03T17:50:24.521347,1392.1526394380696,93194,75,5.596812894345687,5.644366862225351,6.843425414354162,10.488835171339582,0.3644854950890579,True,hand_fine_motor,P10,4,0.34
2026-04-03T17:50:24.521887,1281.0838665428744,93194,76,5.286550907028802,4.229202614285052,7.023928946227916,9.755478106527685,0.7333570648118979,True,hand_fine_motor,P10,4,0.34
2026-04-03T17:50:24.581600,1331.5776207396648,93141,76,5.357982207799383,4.317272849480386,6.905805579831576,9.748690625021812,0.006787481505872606,True,hand_fine_motor,P10,4,0.34
2026-04-03T17:50:24.582185,1274.4238866443782,93141,78,4.696948321570525,4.50791189491781,6.668383895650719,9.319331358397957,0.42935926662385526,True,hand_fine_motor,P10,4,0.34
2026-04-03T17:50:24.583158,1247.682408937204,93291,76,4.6600221116928875,4.241320468621729,6.44944673030894,9.016649517759296,0.30268184063866066,True,hand_fine_motor,P10,4,0.34
2026-04-03T17:50:24.642046,1270.2963467408301,93291,75,4.927744150340277,3.7224909822844077,7.041012567477365,9.36565318062631,0.34900366286701434,True,hand_fine_motor,P10,4,0.34
2026-04-03T17:50:24.761490,1218.3058124497925,93406,77,4.8485449426517615,3.773638443782265,7.145858862048366,9.424013690653286,0.05836051002697573,True,hand_fine_motor,P10,4,0.34
2026-04-03T17:50:24.762295,1313.2916274052823,93406,76,5.180514461141321,4.743790912478888,6.874036620295005,9.828207454086854,0.40419376343356817,True,hand_fine_motor,P10,4,0.34
2026-04-03T17:50:24.763270,1229.8440288971547,93272,76,5.884203003169669,5.3774474810015755,7.0613727220173494,10.649120673214847,0.8209132191279931,True,hand_fine_motor,P10,4,0.34
2026-04-03T17:50:24.763744,1262.2213703704242,93272,76,5.943673564843745,5.13778634505325,7.069581682448994,10.568968215377332,0.08015245783751546,True,hand_fine_motor,P10,4,0.34
2026-04-03T17:50:24.764441,1239.7873949082364,93176,76,5.233311543937573,4.686123992897335,5.634271244436799,9.005127442107952,1.56384077326938,True,hand_fine_motor,P10,4,0.34
2026-04-03T17:50:24.764724,1324.4064071885107,93176,74,5.143398914679462,4.569722991639231,5.8598664624196894,9.037419740901333,0.032292298793381136,True,hand_fine_motor,P10,4,0.34
2026-04-03T17:50:24.826114,1306.6082769351196,93076,76,5.967175378204017,5.1533888448691965,7.025717342361671,10.560554093201173,1.5231343522998397,True,hand_fine_motor,P10,4,0.34
2026-04-03T17:50:24.826163,1269.561513049086,93076,76,5.8576524207443015,4.438683286542874,6.382181870152667,9.733768367091546,0.8267857261096268,True,hand_fine_motor,P10,4,0.34
2026-04-03T17:50:24.826178,1314.8460457778037,93328,77,5.7312508048127855,4.367784789460719,6.189779692534671,9.499376421472423,0.23439194561912302,True,hand_fine_motor,P10,4,0.34
2026-04-03T17:50:24.826189,1316.136475039161,93328,74,6.960832746241493,3.8492769247002747,7.1685330550123885,10.707847193763232,1.2084707722908092,True,hand_fine_motor,P10,4,0.34
2026-04-03T17:50:24.826199,1358.381431146391,93282,76,6.969741174581862,3.97042467654925,7.2382271730329695,10.80432768668397,0.09648049292073857,True,hand_fine_motor,P10,4,0.34
2026-04-03T17:50:24.880971,1293.1650973931964,93282,75,6.476096381566072,2.479887878878626,6.8929871455246525,9.77767559410264,1.0266520925813314,True,hand_fine_motor,P10,4,0.34
2026-04-03T17:50:24.942467,1230.7576653713477,92766,78,6.583667283737075,1.4008737248492087,7.897188927881459,10.376546393602078,0.5988707994994389,True,hand_fine_motor,P10,4,0.34
2026-04-03T17:50:24.942961,1288.0002921683113,92766,77,6.568745410453165,1.2927993969646192,7.854481746463892,10.320495630233854,0.056050763368224565,True,hand_fine_motor,P10,4,0.34
2026-04-03T17:50:24.943420,1336.852652121819,92317,76,7.253247417003887,5.1448160934039615,7.516785047765247,11.643916359263715,1.323420729029861,True,hand_fine_motor,P10,4,0.34
2026-04-03T17:50:24.943844,1357.7619653843549,92317,77,7.503948160543689,5.2896172954044065,7.507315584952608,11.859556333187205,0.21563997392349066,True,hand_fine_motor,P10,4,0.34
2026-04-03T17:50:24.943907,1297.5100935762803,91612,77,6.7845332383923065,4.043715998173339,5.6047304775686975,9.684757821593704,2.174798511593501,True,hand_fine_motor,P10,4,0.34
2026-04-03T17:50:25.001134,1430.5488846232056,91612,75,5.10051449152957,4.291237162209426,5.708716178723346,8.776070012815989,0.9086878087777155,True,hand_fine_motor,P10,4,0.34
2026-04-03T17:50:25.001663,1333.0791732079383,91838,76,5.14173079774437,3.94485091404596,5.6819086052509435,8.618777739850756,0.15729227296523263,True,hand_fine_motor,P10,4,0.34
2026-04-03T17:50:25.002166,1404.121931953281,91838,77,4.361997952377536,5.982433137533661,6.74129815087866,10.013073111719834,1.3942953718690774,True,hand_fine_motor,P10,4,0.34
2026-04-03T17:50:25.061662,1347.5271870542476,93752,76,4.620333212150653,5.611085328483482,6.688233701393905,9.877460584547334,0.1356125271724995,True,hand_fine_motor,P10,4,0.34
2026-04-03T17:50:25.062179,1464.8130827996833,93752,76,4.898101534710719,4.895530466970916,7.011297329076897,9.854740353459183,0.02272023108815091,True,hand_fine_motor,P10,4,0.34
2026-04-03T17:50:25.121792,1309.9412211751644,94727,76,4.6298572506876905,3.1667809057494174,6.934143916229389,8.91888060900837,0.9358597444508128,True,hand_fine_motor,P10,4,0.34
2026-04-03T17:50:25.122247,1345.9645190608433,94727,75,4.738331029457357,3.430243725843721,6.864388466846113,9.018768318743893,0.09988770973552263,True,hand_fine_motor,P10,4,0.34
2026-04-03T17:50:25.122659,1352.2191498708617,94439,78,5.550215416543448,3.2738685451470397,5.519202440987679,8.48437988338241,0.5343884353614836,True,hand_fine_motor,P10,4,0.34
2026-04-03T17:50:25.122688,1224.9715339770412,94439,75,5.364277072757661,3.3506818452008726,5.420601177645704,8.32979318279669,0.15458670058571933,True,hand_fine_motor,P10,4,0.34
2026-04-03T17:50:25.182944,1311.3746861644772,93704,77,5.559005605687526,3.2720350016126747,5.785290922044592,8.664776248036377,0.3349830652396868,True,hand_fine_motor,P10,4,0.34
2026-04-03T17:50:25.182999,1257.1622015419748,93704,77,6.511199805861793,4.773915767062299,5.2667654228761345,9.639751691950591,0.9749754439142144,True,hand_fine_motor,P10,4,0.34
2026-04-03T17:50:25.183013,1281.8853076915464,93422,75,7.041438569241219,5.590541454894272,5.125358506735238,10.349169566001537,0.7094178740509456,True,hand_fine_motor,P10,4,0.34
2026-04-03T17:50:25.242335,1453.32171610893,93422,77,6.994204937692352,5.633558135772978,5.004978166480955,10.281327075165201,0.06784249083633576,True,hand_fine_motor,P10,4,0.34
2026-04-03T17:50:25.242381,1315.5285830361133,93423,75,6.943696131556606,5.698882802552423,5.002428723664912,10.281851696069618,0.0005246209044162953,True,hand_fine_motor,P10,4,0.34
2026-04-03T17:50:25.242395,1348.997862820951,93423,75,7.054878403022722,5.589870399813944,5.108756653198739,10.349751441931103,0.06789974586148517,True,hand_fine_motor,P10,4,0.34
2026-04-03T17:50:25.325333,1457.6185064044748,93512,76,7.181401218986784,5.733694733606293,5.154904563771591,10.536641771828565,0.18689032989746224,True,hand_fine_motor,P10,4,0.34
2026-04-03T17:50:25.325631,1365.6146753854023,93512,77,6.9754750948327935,5.823138684111766,5.009481660919086,10.375986866034292,0.16065490579427255,True,hand_fine_motor,P10,4,0.34
2026-04-03T17:50:25.325839,1362.335813011886,93635,76,7.1340454514000315,5.528330175346948,5.04467464647717,10.339525197952886,0.03646166808140627,True,hand_fine_motor,P10,4,0.34
2026-04-03T17:50:25.361801,1320.497382510998,93635,76,7.099864917054915,5.5729282609759405,4.868491277209857,10.255136203809288,0.08438899414359824,True,hand_fine_motor,P10,4,0.34
2026-04-03T17:50:25.362893,1349.8463073286864,93732,76,7.012423347890588,5.518430340238835,5.02467946469002,10.24082801110277,0.014308192706517175,True,hand_fine_motor,P10,4,0.34
2026-04-03T17:50:25.362918,1448.056071272962,93732,76,6.8927857024060915,5.688045451637713,4.916415735559174,10.1997793840869,0.04104862701587031,True,hand_fine_motor,P10,4,0.34
2026-04-03T17:50:25.423198,1324.6911864460392,93759,78,6.8559975613718915,5.713936576790375,5.132753107235786,10.295578090858173,0.09579870677127289,True,hand_fine_motor,P10,4,0.34
2026-04-03T17:50:25.423655,1405.9092834798769,93759,75,7.2147576679948475,5.715417821147298,5.091326000876781,10.5185706978364,0.22299260697822731,True,hand_fine_motor,P10,4,0.34
2026-04-03T17:50:25.423926,1323.356081081342,93815,76,7.180450599739051,5.779034112970773,4.996130974633121,10.484151411051888,0.03441928678451234,True,hand_fine_motor,P10,4,0.34
2026-04-03T17:50:25.481904,1322.8582857426338,93815,76,6.851455808572086,5.578642401615504,5.0390232090058,10.171305355893002,0.31284605515888586,True,hand_fine_motor,P10,4,0.34
2026-04-03T17:50:25.482204,1426.096985127676,93884,77,6.524526416349722,1.292628133139388,8.569199285995921,10.847649922971415,0.676344567078413,True,hand_fine_motor,P10,4,0.34
2026-04-03T17:50:25.482419,1345.175937552673,93884,76,6.438819980122402,1.4077497038044735,8.382679931337993,10.663464952642823,0.1841849703285927,True,hand_fine_motor,P10,4,0.34
2026-04-03T17:50:25.541176,1404.716744947205,93934,77,7.414385337916672,3.5599123303045643,6.4219561502717575,10.434922449859483,0.22854250278333943,True,hand_fine_motor,P10,4,0.34
2026-04-03T17:50:25.541437,1388.2688054006385,93934,76,6.26155597776809,3.1333024694197857,5.510612534101391,8.910191812109927,1.5247306377495562,True,hand_fine_motor,P10,4,0.34
2026-04-03T17:50:25.542198,1409.4976382313973,93973,76,6.114377452471595,3.19227346645072,5.6090710640946195,8.890326187377033,0.019865624732894105,True,hand_fine_motor,P10,4,0.34
2026-04-03T17:50:25.601551,1292.1350034891864,93973,76,5.3862410908344565,3.8180767371020212,3.7482248304407952,7.592001872926936,1.298324314450097,True,hand_fine_motor,P10,4,0.34
2026-04-03T17:50:25.602327,1409.6832535684257,94140,76,5.2994049205423375,3.9086102264615468,3.8529543554873174,7.629297718645984,0.03729584571904798,True,hand_fine_motor,P10,4,0.34
2026-04-03T17:50:25.602749,1277.7385778317478,94140,77,4.7029215337040675,7.1258993727599815,3.79383879748356,9.34286495911024,1.7135672404642568,True,hand_fine_motor,P10,4,0.34
2026-04-03T17:50:25.662561,1414.4521031796096,94296,76,6.23274151172572,10.195709049183316,3.755878642110068,12.526219467255318,3.1833545081450776,True,hand_fine_motor,P10,4,0.34
2026-04-03T17:50:25.662604,1390.9786539645263,94296,75,6.230288363708676,10.215236510087278,3.6857646037033494,12.520080301894888,0.006139165360430354,True,hand_fine_motor,P10,4,0.34
2026-04-03T17:50:25.662933,1424.3407758977855,94431,76,6.625113861294542,7.734664300268619,3.503085781483652,10.769808517582838,1.7502717843120497,True,hand_fine_motor,P10,4,0.34
2026-04-03T17:50:25.786693,1296.7453394805564,94431,75,6.485928431008806,7.996927196360482,3.4999250932620667,10.87509024580963,0.10528172822679238,True,hand_fine_motor,P10,4,0.34
2026-04-03T17:50:25.786772,1426.6183107548957,94536,76,6.030701746108416,6.473834871602451,3.7453818789561706,9.60769415179856,1.2673960940110707,True,hand_fine_motor,P10,4,0.34
2026-04-03T17:50:25.786788,1321.5664392898966,94536,77,6.169903599037728,5.841010519564948,4.025651701936438,9.401648043635266,0.20604610816329405,True,hand_fine_motor,P10,4,0.34
2026-04-03T17:50:25.786799,1294.1734509323605,94563,76,6.151167960419122,5.7994457214450845,3.765883115982497,9.254853515670385,0.14679452796488057,True,hand_fine_motor,P10,4,0.34
2026-04-03T17:50:25.787309,1315.4112789401975,94563,75,6.960397068672913,6.486482156829914,4.0646460911928965,10.346155129859257,1.0913016141888718,True,hand_fine_motor,P10,4,0.34
2026-04-03T17:50:25.787635,1344.5280885423697,94216,75,7.040158458246519,6.302748552476606,3.9663670756835865,10.247952879089205,0.0982022507700524,True,hand_fine_motor,P10,4,0.34
2026-04-03T17:50:25.840585,1357.492553578607,94216,76,7.409300384555979,6.556691232582537,3.8274157616374715,10.60834782237258,0.3603949432833744,True,hand_fine_motor,P10,4,0.34
2026-04-03T17:50:25.840923,1263.4145640959423,93835,77,7.627939212452317,6.259187988800603,3.5335222057535245,10.4808716281885,0.1274761941840783,True,hand_fine_motor,P10,4,0.34
2026-04-03T17:50:25.841665,1286.8825676509318,93835,76,7.738300554774392,6.117974490586332,3.137163893568477,10.351459058441785,0.1294125697467159,True,hand_fine_motor,P10,4,0.34
2026-04-03T17:50:25.901629,1469.6157530412497,93701,75,7.434950679406182,6.407047547573209,3.8997589723127435,10.561101738180541,0.2096426797387565,True,hand_fine_motor,P10,4,0.34
2026-04-03T17:50:25.902159,1379.1314411276812,93701,76,7.568528513863535,6.179047693366726,3.75000154195583,10.465455834636977,0.09564590354356461,True,hand_fine_motor,P10,4,0.34
2026-04-03T17:50:25.902571,1324.8637952372444,93685,76,7.3781373834853525,6.204869893268592,3.772099011351754,10.35210377620974,0.11335205842723717,True,hand_fine_motor,P10,4,0.34
2026-04-03T17:50:25.975605,1354.4255621694192,93685,77,7.114166689500504,6.158666097680806,4.368872304817933,10.374371354666588,0.022267578456848014,True,hand_fine_motor,P10,4,0.34
2026-04-03T17:50:25.976957,1266.3133165059478,93712,77,6.9344481099586615,4.957817006358679,4.467857701741988,9.62435829036221,0.7500130643043779,True,hand_fine_motor,P10,4,0.34
2026-04-03T17:50:25.977000,1310.5149063812873,93712,76,6.7499013637779255,5.050778238842833,4.675610445492289,9.64016920373787,0.015810913375659652,True,hand_fine_motor,P10,4,0.34
2026-04-03T17:50:26.026444,1281.901627662686,93826,77,6.303973236191691,5.199628784012099,5.173475767107151,9.671663226508315,0.03149402277044544,True,hand_fine_motor,P10,4,0.34
2026-04-03T17:50:26.026818,1324.3882411971965,93826,76,6.394286470550309,5.210632538866689,4.963261826348408,9.626606820653183,0.04505640585513149,True,hand_fine_motor,P10,4,0.34
2026-04-03T17:50:26.027086,1286.0218529123192,93877,76,6.123654224743511,4.766611335542433,5.332824909769106,9.415877346620151,0.2107294740330321,True,hand_fine_motor,P10,4,0.34
2026-04-03T17:50:26.082538,1360.0466789681777,93877,77,6.179716047142395,4.759806820281839,5.4768560914282745,9.531033733857296,0.11515638723714439,True,hand_fine_motor,P10,4,0.34
2026-04-03T17:50:26.083058,1309.108864146499,93843,75,5.607116744376371,4.487895344543058,5.326028831450428,8.941339157088178,0.5896945767691175,True,hand_fine_motor,P10,4,0.34
2026-04-03T17:50:26.083400,1285.5075935922825,93843,75,6.3921955086202,4.617121063170066,5.975343167890527,9.893568431382528,0.9522292742943499,True,hand_fine_motor,P10,4,0.34
2026-04-03T17:50:26.141755,1430.388761146579,93841,77,6.298159651369298,4.694610383429321,5.86101972568196,9.80090474758181,0.09266368380071732,True,hand_fine_motor,P10,4,0.34
2026-04-03T17:50:26.141811,1259.7739761008456,93841,75,6.699933649169299,3.907514224481056,6.939239573559369,10.407248636265267,0.6063438886834565,True,hand_fine_motor,P10,4,0.34
2026-04-03T17:50:26.142351,1298.2615680771155,93877,77,6.89376790722246,3.8735475654707097,6.672102981386007,10.34627299537541,0.06097564088985763,True,hand_fine_motor,P10,4,0.34
2026-04-03T17:50:26.201504,1315.2422164388036,93877,76,6.824171615705094,4.584362184724303,5.94475204484824,10.1452339428942,0.20103905248121023,True,hand_fine_motor,P10,4,0.34
2026-04-03T17:50:26.202657,1386.3670456605423,93833,75,6.928838762867267,4.38235583720665,5.314404195114668,9.770196581172948,0.375037361721251,True,hand_fine_motor,P10,4,0.34
2026-04-03T17:50:26.202949,1402.7775937609197,93833,77,6.899092647874309,4.356450470211943,5.228988137338786,9.691153543505177,0.07904303766777154,True,hand_fine_motor,P10,4,0.34
2026-04-03T17:50:26.261809,1321.389932254912,93961,76,6.912878388954285,4.557286337501008,5.227159275481987,9.791830292325429,0.10067674882025202,True,hand_fine_motor,P10,4,0.34
2026-04-03T17:50:26.262089,1284.4691119867416,93961,75,6.6602428492518575,4.554328018502236,5.0603997165961605,9.52409490727867,0.267735385046759,True,hand_fine_motor,P10,4,0.34
2026-04-03T17:50:26.262299,1332.7676612064688,94177,76,7.06678677642516,4.322357560752743,5.274155872068249,9.82033453550977,0.29623962823110084,True,hand_fine_motor,P10,4,0.34
2026-04-03T17:50:26.322316,1406.1141619289888,94177,74,6.893759931235206,4.60302467767399,5.406747210876525,9.896700337743932,0.0763658022341609,True,hand_fine_motor,P10,4,0.34
2026-04-03T17:50:26.322647,1360.4372837962815,94360,75,6.932066807933744,4.3846364981965475,5.181673774080036,9.701975600462147,0.19472473728178485,True,hand_fine_motor,P10,4,0.34
2026-04-03T17:50:26.322896,1343.8901002782284,94360,75,6.802393717206734,4.496077293673922,5.281896849777168,9.715230601806107,0.013255001343960515,True,hand_fine_motor,P10,4,0.34
2026-04-03T17:50:26.382745,1367.045892312006,94450,77,6.828664853282505,4.259418819605618,5.26001575353642,9.614628338459974,0.10060226334613276,True,hand_fine_motor,P10,4,0.34
2026-04-03T17:50:26.383211,1367.352258316047,94450,77,6.914929147883765,4.335298885872473,5.1859520505355245,9.669806627877996,0.05517828941802172,True,hand_fine_motor,P10,4,0.34
2026-04-03T17:50:26.383237,1366.208726685803,94607,76,7.103558613063606,4.5913324425849265,5.10882098410657,9.881342541133296,0.2115359132553003,True,hand_fine_motor,P10,4,0.34
2026-04-03T17:50:26.502680,1421.6962612193533,94607,75,6.918822246149526,4.242278137647484,5.397418652519512,9.7467509038418,0.13459163729149637,True,hand_fine_motor,P10,4,0.34
2026-04-03T17:50:26.561360,1429.712526439549,94682,77,6.9046254518198555,4.465493591769289,5.150849334388856,9.702872487754606,0.04387841608719434,True,hand_fine_motor,P10,4,0.34
2026-04-03T17:50:26.563204,1429.5108031132543,94682,76,6.795771292293638,4.316866522449625,5.3651238507818855,9.674833226678242,0.028039261076363786,True,hand_fine_motor,P10,4,0.34
2026-04-03T17:50:26.563237,1209.9960727642892,94272,78,4.362389264166014,7.455989324682756,4.484099893550196,9.732901353513812,0.058068126835570055,True,hand_fine_motor,P10,4,0.34
2026-04-03T17:50:26.564470,1398.6430142231106,94272,76,4.612286950201478,7.351595149836614,4.5400182801202345,9.794432507395515,0.061531153881702494,True,hand_fine_motor,P10,4,0.34
2026-04-03T17:50:26.564498,1320.361871180463,93876,77,4.954217450530908,7.587313872124053,4.450298417097347,10.095383021088908,0.3009505136933939,True,hand_fine_motor,P10,4,0.34
2026-04-03T17:50:26.624574,1310.7360014768994,93876,75,4.965138461738865,7.536306581225286,4.272791268203206,9.985252227765292,0.11013079332361642,True,hand_fine_motor,P10,4,0.34
2026-04-03T17:50:26.624609,1410.6624388158755,93757,76,4.998926358135659,7.633500968000488,4.546522428037516,10.19462936801412,0.2093771402488276,True,hand_fine_motor,P10,4,0.34
2026-04-03T17:50:26.624881,1336.6212645041785,93757,77,5.112714760218991,8.005546713711382,4.081744984253023,10.338726832702902,0.14409746468878204,True,hand_fine_motor,P10,4,0.34
2026-04-03T17:50:26.625891,1304.1314792755652,93780,74,5.226113179674864,8.183654181689517,4.183515377183959,10.572901949956327,0.2341751172534252,True,hand_fine_motor,P10,4,0.34
2026-04-03T17:50:26.625923,1321.7524182638572,93780,76,5.013651443100585,8.018850138257042,4.041506925766164,10.284572745804535,0.28832920415179153,True,hand_fine_motor,P10,4,0.34
2026-04-03T17:50:26.682782,1207.298528568955,93917,77,4.846311981845517,7.514172658194426,4.467301702351753,9.995314655495893,0.2892580903086426,True,hand_fine_motor,P10,4,0.34
2026-04-03T17:50:26.684239,1322.0607638896745,93917,77,5.0675729151733,7.721310802591231,4.358526083498048,10.212525906030441,0.21721125053454848,True,hand_fine_motor,P10,4,0.34
2026-04-03T17:50:26.684522,1254.42371134467,94077,76,4.778432675082814,7.649120012116893,4.357575281852376,10.016532240604882,0.19599366542555963,True,hand_fine_motor,P10,4,0.34
2026-04-03T17:50:26.684727,1344.582947292933,94077,77,4.758830082935739,7.759370883722186,4.32100269135958,10.075979581566575,0.05944734096169313,True,hand_fine_motor,P10,4,0.34
2026-04-03T17:50:26.743423,1261.899927522903,94168,76,4.56576107439191,7.3966678621412125,4.467050881160213,9.772994076849697,0.3029855047168777,True,hand_fine_motor,P10,4,0.34
2026-04-03T17:50:26.743740,1286.4484711397808,94168,75,4.6397748255275975,7.326655927466153,4.504396617342436,9.772255952307049,0.0007381245426483218,True,hand_fine_motor,P10,4,0.34
2026-04-03T17:50:26.744013,1261.1841551569237,94183,77,4.934135820390348,7.378306197086803,4.1953114101870765,9.817623768533531,0.04536781622648256,True,hand_fine_motor,P10,4,0.34
2026-04-03T17:50:26.812329,1230.0165440274427,94183,78,4.54800163333404,7.625039120488351,4.423410764846173,9.919279371020046,0.10165560248651495,True,hand_fine_motor,P10,4,0.34
2026-04-03T17:50:26.812659,1312.2618031224672,94239,77,4.536692297301772,7.4822501368622785,4.277147608647843,9.739591150409487,0.17968822061055967,True,hand_fine_motor,P10,4,0.34
2026-04-03T17:50:26.812875,1310.43705253039,94239,78,4.753544303493167,7.723432522686026,4.125876492254678,9.96345573619396,0.2238645857844741,True,hand_fine_motor,P10,4,0.34
2026-04-03T17:50:26.861747,1310.7131692782216,94347,76,4.746253956905955,7.4588414915377905,4.059221492564037,9.728233248901104,0.235222487292857,True,hand_fine_motor,P10,4,0.34
2026-04-03T17:50:26.862036,1289.0371029678952,94347,78,4.6591229565723316,7.7561817157434865,4.150109632573628,9.9543554032631,0.22612215436199712,True,hand_fine_motor,P10,4,0.34
2026-04-03T17:50:26.862255,1341.5487221568972,94471,76,4.3715992253110985,7.639689402817725,4.1437031464396625,9.72861807884758,0.22573732441552075,True,hand_fine_motor,P10,4,0.34
2026-04-03T17:50:26.921992,1352.591256463954,94471,76,4.468404238623244,7.6921594838678695,3.9138534554668514,9.718755210204359,0.00986286864322139,True,hand_fine_motor,P10,4,0.34
2026-04-03T17:50:26.922826,1224.686031868651,94556,77,4.774809026019539,8.212039904367753,3.9716758644335006,10.296145385434762,0.5773901752304038,True,hand_fine_motor,P10,4,0.34
2026-04-03T17:50:26.923105,1372.740717138502,94556,76,4.814373277975838,8.215343833912824,3.9945745836918056,10.326020069405919,0.029874683971156557,True,hand_fine_motor,P10,4,0.34
2026-04-03T17:50:26.981694,1221.0510335231563,94611,77,5.005326184989935,8.080482429524745,3.7059628252525845,10.202041314078185,0.12397875532773384,True,hand_fine_motor,P10,4,0.34
2026-04-03T17:50:26.981979,1405.9830993751018,94611,77,4.83067087654308,8.225132702552164,3.687563569214177,10.226745042733302,0.024703728655117274,True,hand_fine_motor,P10,4,0.34
2026-04-03T17:50:26.982198,1349.670240957638,94577,75,4.889788862024767,7.216636584990766,3.7557890940220924,9.491882344076119,0.7348626986571833,True,hand_fine_motor,P10,4,0.34
2026-04-03T17:50:27.041596,1274.6741229244185,94577,76,4.6649676972262375,7.228097614805392,3.661174012757103,9.34941248940315,0.14246985467296902,True,hand_fine_motor,P10,4,0.34
2026-04-03T17:50:27.041624,1276.4880959297234,94523,76,5.301094368829979,8.551576992844009,4.741032459250519,11.122430460625363,1.7730179712222132,True,hand_fine_motor,P10,4,0.34
2026-04-03T17:50:27.043696,1243.807619230835,94523,76,5.092719561969782,8.463827064024395,4.787665269151651,10.976971341678105,0.14545911894725805,True,hand_fine_motor,P10,4,0.34
2026-04-03T17:50:27.100884,1339.9307437385612,94421,77,5.704555895519208,5.772085667731356,4.265590718414703,9.168107498156768,1.808863843521337,True,hand_fine_motor,P10,4,0.34
2026-04-03T17:50:27.101406,1324.1710144428798,94421,75,5.347116557121046,1.2970448670135313,7.578822154755123,9.365496576043967,0.19738907788719828,True,hand_fine_motor,P10,4,0.34
2026-04-03T17:50:27.101737,1380.839619399229,94466,75,5.110399150051695,1.277166412654555,7.618752710309854,9.262436309055827,0.1030602669881393,True,hand_fine_motor,P10,4,0.34
2026-04-03T17:50:27.161672,1288.895718362873,94466,78,5.375229701266381,3.415847667982546,8.914268689284437,10.95560568371256,1.6931693746567333,True,hand_fine_motor,P10,4,0.34
2026-04-03T17:50:27.161954,1332.1566074739496,94005,76,5.4185876948145,3.4821473153140867,8.812001708368236,10.915027102129839,0.04057858158272154,True,hand_fine_motor,P10,4,0.34
2026-04-03T17:50:27.162159,1238.8356979698951,94005,78,5.973203718469137,2.8724749683487842,8.505815003981624,10.783281689174348,0.1317454129554907,True,hand_fine_motor,P10,4,0.34
2026-04-03T17:50:27.222161,1359.1110989270142,93681,76,5.927959321021619,2.367822943828313,7.078085705151714,9.531347462687524,1.2519342264868243,True,hand_fine_motor,P10,4,0.34
2026-04-03T17:50:27.222498,1458.652775378784,93681,75,5.126913713965801,2.493179071394983,6.969729496118759,9.004349802265592,0.526997660421932,True,hand_fine_motor,P10,4,0.34
2026-04-03T17:50:27.222719,1223.2741052376405,93702,76,5.10326885971718,2.427786053321361,6.9193009608828495,8.933880677652636,0.07046912461295562,True,hand_fine_motor,P10,4,0.34
2026-04-03T17:50:27.281273,1340.0910899815867,93702,76,4.99566799102523,2.5441929556885277,6.990117814070097,8.96054482310698,0.026664145454343924,True,hand_fine_motor,P10,4,0.34
2026-04-03T17:50:27.281684,1380.3233310957835,93798,75,5.051190770241692,2.484149632484924,7.031344875334453,9.006960550032508,0.04641572692552742,True,hand_fine_motor,P10,4,0.34
2026-04-03T17:50:27.282062,1310.0444987235878,93798,75,5.508822528720376,2.4328535140043748,7.082983987574456,9.29701909440745,0.2900585443749417,True,hand_fine_motor,P10,4,0.34
2026-04-03T17:50:27.341719,1228.6618579688827,93998,77,5.223779079622301,2.5011516013694153,6.953613979289622,9.049661572606151,0.24735752180129822,True,hand_fine_motor,P10,4,0.34
2026-04-03T17:50:27.343164,1341.0903976119396,93998,76,5.443239638867939,2.4165665798695732,6.781069291320057,9.025051386821552,0.02461018578459928,True,hand_fine_motor,P10,4,0.34
2026-04-03T17:50:27.343221,1308.079555342856,94203,77,5.2955793012007115,2.3649112389471587,6.9916685285916875,9.08401861056567,0.05896722374411745,True,hand_fine_motor,P10,4,0.34
2026-04-03T17:50:27.403061,1378.7511879120743,94203,76,5.235063182395377,2.4323838472224315,6.914853625851023,9.007640000069122,0.0763786104965476,True,hand_fine_motor,P10,4,0.34
2026-04-03T17:50:27.403106,1319.7312681986296,94327,75,5.24682452908492,2.3643569449270085,6.927393877945937,9.006005626371472,0.001634373697649849,True,hand_fine_motor,P10,4,0.34
2026-04-03T17:50:27.403390,1397.0485254959733,94327,77,5.2310339166553925,2.443162830481559,6.89170308822092,8.990457825363483,0.015547801007988582,True,hand_fine_motor,P10,4,0.34
2026-04-03T17:50:27.461725,1184.0658235191327,94305,75,5.157209385921225,2.3535951150368892,7.019443558138374,9.022682887126743,0.03222506176325979,True,hand_fine_motor,P10,4,0.34
2026-04-03T17:50:27.524521,1227.4355574227907,94305,76,5.202707218233962,2.4267207510742783,6.993406353685065,9.047920668867567,0.025237781740823806,True,hand_fine_motor,P10,4,0.34
2026-04-03T17:50:27.524577,1293.9794051657743,94259,75,3.2033439515159596,7.47092950965568,4.077069191755053,9.093882196527298,0.04596152765973116,True,hand_fine_motor,P10,4,0.34
2026-04-03T17:50:27.524593,1318.81335290453,94259,77,3.177496951531151,7.481280603415866,4.049527119795448,9.081008547402377,0.012873649124921727,True,hand_fine_motor,P10,4,0.34
2026-04-03T17:50:27.524605,1264.1160307937196,94237,77,2.5564060591968967,7.839213221191854,5.0630017151512146,9.675870102188842,0.5948615547864655,True,hand_fine_motor,P10,4,0.34
2026-04-03T17:50:27.525524,1443.4963830341906,94237,76,2.3946711641546368,7.773508866349615,5.098891330939155,9.600030358513262,0.07583974367558,True,hand_fine_motor,P10,4,0.34
2026-04-03T17:50:27.580603,1329.308716770227,94210,77,4.336591577107769,10.417899379049803,6.059126939593137,12.808265817383383,3.2082354588701207,True,hand_fine_motor,P10,4,0.34
2026-04-03T17:50:27.581187,1349.3762595019202,94210,76,6.067811096165429,9.226149077549797,5.3094088601230105,12.252754006502947,0.5555118108804358,True,hand_fine_motor,P10,4,0.34
2026-04-03T17:50:27.581516,1409.8343982882068,94138,77,6.051936906324804,9.195312394124977,5.1449065468548385,12.151122323454507,0.10163168304844028,True,hand_fine_motor,P10,4,0.34
2026-04-03T17:50:27.641463,1241.6162514529965,94138,76,5.0287756829064385,3.5462871791313226,5.271207457465924,8.102491325851986,4.048630997602521,True,hand_fine_motor,P10,4,0.34
2026-04-03T17:50:27.641652,1314.4032496750754,94254,75,4.911067393342153,3.457980042646587,5.416708684345875,8.08807405309562,0.014417272756366728,True,hand_fine_motor,P10,4,0.34
2026-04-03T17:50:27.642115,1352.5553561846345,94254,78,4.714177588182101,-1.6386423490354483,7.2990207247735075,8.84218992227853,0.7541158691829111,True,hand_fine_motor,P10,4,0.34
2026-04-03T17:50:27.701346,1266.950137569652,94501,76,4.665177204798636,1.2741427433741628,7.866460445685542,9.234095409199595,0.39190548692106475,True,hand_fine_motor,P10,4,0.34
2026-04-03T17:50:27.702352,1366.0059358925348,94501,75,4.908179978938877,1.232620903900961,7.773957053629321,9.275990150386273,0.041894741186677464,True,hand_fine_motor,P10,4,0.34
2026-04-03T17:50:27.703158,1319.2538282381208,94873,75,5.045635112953275,5.551485543482888,6.586316166140012,9.982834571048635,0.7068444206623621,True,hand_fine_motor,P10,4,0.34
2026-04-03T17:50:27.761497,1284.383991038438,94873,75,4.896432115485448,5.61126929426777,6.476424451514788,9.86942066336866,0.11341390767997517,True,hand_fine_motor,P10,4,0.34
2026-04-03T17:50:27.822316,1251.1808825683056,95242,77,5.681833047234682,8.637028452270007,4.379638558141571,11.227765635331465,1.358344971962806,True,hand_fine_motor,P10,4,0.34
2026-04-03T17:50:27.889002,1279.0403705792032,95242,77,5.382250574424373,9.25264992159516,4.758406672048543,11.714204449047426,0.4864388137159601,True,hand_fine_motor,P10,4,0.34
2026-04-03T17:50:27.889379,1314.4296400470396,94891,77,5.468568750860245,9.260911820011314,4.833549027454336,11.791222503274001,0.07701805422657593,True,hand_fine_motor,P10,4,0.34
2026-04-03T17:50:27.889656,1345.1619264794995,94891,76,5.29222041265259,9.360540573646166,4.271490336042875,11.570347722427382,0.2208747808466196,True,hand_fine_motor,P10,4,0.34
2026-04-03T17:50:27.890049,1335.6985149717511,94213,76,5.272940723891103,9.370287209063587,4.264238054813135,11.566758943028354,0.003588779399027686,True,hand_fine_motor,P10,4,0.34
2026-04-03T17:50:27.890339,1244.3739633631042,94213,76,4.961593956154987,7.999029267772716,3.77786710603898,10.142690160077333,1.4240687829510215,True,hand_fine_motor,P10,4,0.34
2026-04-03T17:50:27.890769,1275.681158759622,93932,77,5.010635299620521,8.944887486433666,3.086254230999283,10.70712115505946,0.5644309949821267,True,hand_fine_motor,P10,4,0.34
2026-04-03T17:50:27.941243,1298.5771050035628,93932,78,5.284899068011385,8.947068280226322,3.078404079864933,10.837747028281692,0.1306258732222325,True,hand_fine_motor,P10,4,0.34
2026-04-03T17:50:27.943924,1299.0473743948398,93735,77,5.189376161114317,9.191819952144499,3.7397253190576705,11.198425087314032,0.36067805903233996,True,hand_fine_motor,P10,4,0.34
2026-04-03T17:50:27.944290,1303.2049028046968,93735,75,4.926923567282541,9.29377249582047,3.957211752147466,11.23869689480267,0.040271807488638345,True,hand_fine_motor,P10,4,0.34
2026-04-03T17:50:27.944566,1312.2914276454128,93516,75,4.51259669018725,4.876599671095442,4.032691293775218,7.772216692251158,3.4664802025515122,True,hand_fine_motor,P10,4,0.34
2026-04-03T17:50:28.002486,1326.4808318748965,93516,77,3.968862394393966,1.7121238528573937,5.7006774782875675,7.154086979105926,0.6181297131452324,True,hand_fine_motor,P10,4,0.34
2026-04-03T17:50:28.002839,1265.550451154117,93420,76,3.924265537729855,1.61044970080933,5.787893218771064,7.175870411409832,0.021783432303906558,True,hand_fine_motor,P10,4,0.34
2026-04-03T17:50:28.003096,1290.5729220290818,93420,75,3.8864329940347337,1.6300611210133962,5.947106568790969,7.289001112355377,0.11313070094554512,True,hand_fine_motor,P10,4,0.34
2026-04-03T17:50:28.061940,1256.5666209181152,93559,76,6.0655565542727485,1.1752920538599971,9.328189849034738,11.188718138579695,3.8997170262243177,True,hand_fine_motor,P10,4,0.34
2026-04-03T17:50:28.062235,1254.754695611154,93559,75,6.008906950061178,1.165707450088559,9.500503005254814,11.30156599531858,0.11284785673888464,True,hand_fine_motor,P10,4,0.34
2026-04-03T17:50:28.062447,1197.3479752539058,93775,76,6.849485755891661,1.4736423866495116,9.687267965095606,11.955343476097221,0.6537774807786416,True,hand_fine_motor,P10,4,0.34
2026-04-03T17:50:28.121807,1283.102049226109,93775,75,5.041163429157649,3.0314143815680774,6.732435190882098,8.940273232495858,3.0150702436013628,True,hand_fine_motor,P10,4,0.34
2026-04-03T17:50:28.122115,1244.2734915221736,94113,74,4.952009515791383,3.20203342504522,6.660652230616604,8.896049934482898,0.044223298012960655,True,hand_fine_motor,P10,4,0.34
2026-04-03T17:50:28.122331,1273.7224548433487,94113,75,5.898985817044181,4.7379845100862745,4.674740830473147,8.893803051540925,0.0022468829419732828,True,hand_fine_motor,P10,4,0.34
2026-04-03T17:50:28.249787,1372.4952521251494,94474,76,5.827019364674096,4.73078575985477,4.509476887773005,8.756133300909168,0.13766975063175657,True,hand_fine_motor,P10,4,0.34
2026-04-03T17:50:28.250275,1343.164113648409,94474,76,6.473034747174078,6.342959999636006,4.296976875811364,10.0298220655385,1.2736887646293322,True,hand_fine_motor,P10,4,0.34
2026-04-03T17:50:28.250620,1276.507882089244,94690,77,6.5694916196156745,6.3249743281215185,4.1600070126998,10.023431485140621,0.0063905803978787645,True,hand_fine_motor,P10,4,0.34
2026-04-03T17:50:28.250922,1356.315667498286,94690,75,7.618084985418116,10.000175789591085,3.9588711928328872,13.179961903936546,3.156530418795924,True,hand_fine_motor,P10,4,0.34
2026-04-03T17:50:28.251210,1337.8200910725784,94747,76,7.687969067305186,9.984853409774775,3.9222359442174928,13.197958205595441,0.01799630165889532,True,hand_fine_motor,P10,4,0.34
2026-04-03T17:50:28.251572,1303.9981652021947,94747,75,7.681277329513918,9.795048462002603,4.080317236877599,13.099388708617074,0.09856949697836725,True,hand_fine_motor,P10,4,0.34
2026-04-03T17:50:28.302216,1327.0312120542255,94745,77,7.5872899645513225,9.809685563189118,3.9323491967111264,13.010006535728447,0.0893821728886266,True,hand_fine_motor,P10,4,0.34
2026-04-03T17:50:28.302249,1324.9271152973922,94745,75,7.5858045370889045,9.997038237154465,3.8276173390239294,13.12005558235344,0.11004904662499371,True,hand_fine_motor,P10,4,0.34
2026-04-03T17:50:28.302256,1364.7297752475008,94500,76,7.656361516806525,9.953174448482775,4.144231395841107,13.223471826273213,0.10341624391977255,True,hand_fine_motor,P10,4,0.34
2026-04-03T17:50:28.363692,1248.8586492922107,94500,77,7.731614192258349,9.832238486413186,3.8821395998308397,13.096632374172,0.12683945210121372,True,hand_fine_motor,P10,4,0.34
2026-04-03T17:50:28.364104,1237.8117567442478,94315,77,7.896149424221796,9.971645972375752,3.912462879347894,13.307526626323577,0.21089425215157753,True,hand_fine_motor,P10,4,0.34
2026-04-03T17:50:28.364365,1283.1267460194542,94315,75,7.83971416674247,9.76238282736494,4.011163911892796,13.147420758929242,0.16010586739433563,True,hand_fine_motor,P10,4,0.34
2026-04-03T17:50:28.422001,1281.7668692847699,94437,77,7.774715860489145,9.854921438075277,3.954351797132294,13.160645174058168,0.013224415128926026,True,hand_fine_motor,P10,4,0.34
2026-04-03T17:50:28.422903,1321.8014405539275,94437,77,7.737165179135178,10.095532650327176,4.1118465430133595,13.367527314216899,0.20688214015873108,True,hand_fine_motor,P10,4,0.34
2026-04-03T17:50:28.424791,1340.7283068071338,94392,76,7.760095298420151,9.867226982051507,3.9564976573595474,13.16188136508529,0.20564594913160938,True,hand_fine_motor,P10,4,0.34
2026-04-03T17:50:28.481596,1333.383070883681,94392,76,7.861593679846336,9.883850821820277,3.920984657821304,13.223814991970633,0.06193362688534343,True,hand_fine_motor,P10,4,0.34
2026-04-03T17:50:28.482359,1269.1912972881828,93903,75,6.780093230533303,3.7803358713509,7.761895584028958,10.977596575403657,2.2462184165669754,True,hand_fine_motor,P10,4,0.34
2026-04-03T17:50:28.482990,1317.4308870530253,93903,77,6.753556161689966,3.711075404954977,7.650559868294236,10.85880600198367,0.11879057341998767,True,hand_fine_motor,P10,4,0.34
2026-04-03T17:50:28.540969,1401.7470655740954,93527,76,6.689614374755008,4.214265910700739,7.784490343114069,11.095461574493392,0.23665557250972213,True,hand_fine_motor,P10,4,0.34
2026-04-03T17:50:28.541016,1242.2232877466554,93527,75,6.4812444801382805,4.213891807239849,7.898579941885084,11.052193414557829,0.04326815993556288,True,hand_fine_motor,P10,4,0.34
2026-04-03T17:50:28.541679,1338.5928594164122,93528,76,6.260466584517954,4.920495734754392,7.091517403465913,10.662754766722433,0.38943864783539617,True,hand_fine_motor,P10,4,0.34
2026-04-03T17:50:28.601099,1249.6327405566733,93528,76,4.950890122867747,5.331520316490114,6.229970004593788,9.578567124157694,1.0841876425647392,True,hand_fine_motor,P10,4,0.34
2026-04-03T17:50:28.601679,1260.3270344723737,93758,75,5.1293590056920415,5.262587893975346,6.227491691746708,9.632590924661141,0.05402380050344746,True,hand_fine_motor,P10,4,0.34
2026-04-03T17:50:28.602334,1211.6733982273242,93758,77,3.801867893579057,5.843657132164531,5.8378816628546915,9.093040771272266,0.5395501533888751,True,hand_fine_motor,P10,4,0.34
2026-04-03T17:50:28.661268,1227.4218399035826,93911,74,3.77663265024978,5.6413348187518855,5.967755310656001,9.038900163186776,0.054140608085489816,True,hand_fine_motor,P10,4,0.34
2026-04-03T17:50:28.662159,1281.4212141016699,93911,75,3.987653943771659,5.359178710624313,4.791888690596654,8.22097181911936,0.8179283440674165,True,hand_fine_motor,P10,4,0.34
2026-04-03T17:50:28.662597,1290.929845754493,93903,74,3.7974561658010457,5.172047649593921,5.2537365330826695,8.292918532090972,0.07194671297161293,True,hand_fine_motor,P10,4,0.34
2026-04-03T17:50:28.721530,1306.621458170125,93903,76,3.9527955478182104,5.427992291458301,5.4885111270244895,8.672453363982642,0.3795348318916698,True,hand_fine_motor,P10,4,0.34
2026-04-03T17:50:28.723454,1221.3831124382405,93826,75,4.8149723003217755,5.716611950371545,5.036113243302861,9.012549419746179,0.34009605576353685,True,hand_fine_motor,P10,4,0.34
2026-04-03T17:50:28.723782,1309.8691498944434,93826,77,4.673434262534204,5.8533082214814955,4.97712612168681,8.992996684813615,0.01955273493256371,True,hand_fine_motor,P10,4,0.34
2026-04-03T17:50:28.780969,1261.2978928437155,93820,75,5.050861401843197,6.003250222384364,3.8080299611754374,8.720740009792582,0.27225667502103335,True,hand_fine_motor,P10,4,0.34
2026-04-03T17:50:28.781347,1205.3138849629136,93820,75,5.498207204090219,6.657353594102487,2.8855762816437975,9.103690999435566,0.3829509896429837,True,hand_fine_motor,P10,4,0.34
2026-04-03T17:50:28.782197,1224.0684242480188,93894,75,5.604456051902369,6.565466182160117,3.2674432526468795,9.229921951785988,0.12623095235042214,True,hand_fine_motor,P10,4,0.34
2026-04-03T17:50:28.842736,1282.3693073616985,93894,75,6.12522603691447,7.423018029185234,2.362003759711356,9.909523319806787,0.6796013680207995,True,hand_fine_motor,P10,4,0.34
2026-04-03T17:50:28.842800,1365.9000168694631,94019,74,6.089711837409906,7.3335404024148545,2.6593442798352966,9.896338570159879,0.013184749646908855,True,hand_fine_motor,P10,4,0.34
2026-04-03T17:50:28.843972,1357.1435279806637,94019,76,6.086079425415101,7.537503076503095,2.284468048371058,9.953547591928363,0.05720902176848419,True,hand_fine_motor,P10,4,0.34
2026-04-03T17:50:28.964701,1304.8360507076022,94133,76,6.457838413887123,6.737547791961857,1.9596255958319997,9.53616063752526,0.4173869544031028,True,hand_fine_motor,P10,4,0.34
2026-04-03T17:50:28.965125,1322.7406682323133,94133,75,6.354828097514018,6.929029938967917,2.18180722186108,9.651713775150634,0.11555313762537445,True,hand_fine_motor,P10,4,0.34
2026-04-03T17:50:28.965352,1268.7281096569586,94200,75,6.667047855465927,7.605412767571033,1.5331452143836704,10.229485066248097,0.5777712910974628,True,hand_fine_motor,P10,4,0.34
2026-04-03T17:50:28.965545,1227.5805253724313,94200,75,6.740569521221345,7.488776956860577,1.2762995554064869,10.156081839723177,0.07340322652492048,True,hand_fine_motor,P10,4,0.34
2026-04-03T17:50:28.965735,1213.1379426793903,94287,73,6.873716688587682,7.890402473609764,1.6187908819537904,10.58899977476686,0.43291793504368314,True,hand_fine_motor,P10,4,0.34
2026-04-03T17:50:28.965937,1347.9296451325226,94287,76,7.016010396740699,8.105413644890328,1.6488042699630872,10.846229195559,0.2572294207921395,True,hand_fine_motor,P10,4,0.34
2026-04-03T17:50:29.046278,1239.686279002178,94400,74,6.8207260326799375,7.699626372902386,1.9380757838682963,10.46721967091493,0.37900952464406856,True,hand_fine_motor,P10,4,0.34
2026-04-03T17:50:29.047353,1166.2135197223945,94400,74,6.899989201503059,7.452901031054202,1.6902723508564395,10.29624229413903,0.17097737677589997,True,hand_fine_motor,P10,4,0.34
2026-04-03T17:50:29.047610,1249.9702586047563,94479,76,6.6264952726361,7.852024341232914,1.7432899342384645,10.421314007763124,0.1250717136240933,True,hand_fine_motor,P10,4,0.34
2026-04-03T17:50:29.082143,1274.175641034245,94479,73,6.817574580160464,7.873437694425168,1.8621908652492314,10.580080297552705,0.15876628978958074,True,hand_fine_motor,P10,4,0.34
2026-04-03T17:50:29.082571,1286.3195120949986,94402,74,6.654990091916181,8.131333106047766,2.4993378551325396,10.800655578209568,0.22057528065686327,True,hand_fine_motor,P10,4,0.34
2026-04-03T17:50:29.083754,1243.0282574992202,94402,75,6.471305716896353,7.2362924646863735,2.455299068506604,10.013501876557552,0.7871537016520165,True,hand_fine_motor,P10,4,0.34
2026-04-03T17:50:29.145359,1163.7444088322254,93991,75,6.4312553252213895,7.154666430295884,2.551418863473064,9.952890786293072,0.06061109026448008,True,hand_fine_motor,P10,4,0.34
2026-04-03T17:50:29.145739,1319.1771276924364,93991,76,6.191173905435191,7.219266529616907,2.475651023051442,9.827374600620669,0.12551618567240297,True,hand_fine_motor,P10,4,0.34
2026-04-03T17:50:29.145963,1337.8832739624431,93668,73,6.390779203648822,7.193284739871397,2.3465982357555095,9.904136886105112,0.07676228548444364,True,hand_fine_motor,P10,4,0.34
2026-04-03T17:50:29.201824,1281.1864479204303,93668,73,6.509888232788331,7.878564574090008,2.1886316747094026,10.451819609955164,0.5476827238500519,True,hand_fine_motor,P10,4,0.34
2026-04-03T17:50:29.202593,1139.497199390431,93550,76,6.161644742998032,7.8273558028037975,2.2860613107936736,10.220540157903066,0.23127945205209777,True,hand_fine_motor,P10,4,0.34
2026-04-03T17:50:29.261100,1245.0966463186305,93550,76,6.118282131131837,7.45233524034927,2.119102841885221,9.872247648087276,0.3482925098157903,True,hand_fine_motor,P10,4,0.34
2026-04-03T17:50:29.261727,1308.9612600152982,93527,75,5.999447353143198,7.412881604784826,1.793872923465204,9.703718993006536,0.1685286550807401,True,hand_fine_motor,P10,4,0.34
2026-04-03T17:50:29.262439,1268.612512019361,93527,75,6.030879435879752,7.417176030102862,1.9013012414249377,9.746843255243913,0.04312426223737731,True,hand_fine_motor,P10,4,0.34
2026-04-03T17:50:29.263028,1384.8337615903463,93573,75,5.909647510170655,7.382093671096348,1.8920599329163985,9.643605728826463,0.1032375264174501,True,hand_fine_motor,P10,4,0.34
2026-04-03T17:50:29.320622,1297.5469667487268,93573,75,6.137210334128116,7.466465499678152,1.8022060566072986,9.831653188232643,0.18804745940617984,True,hand_fine_motor,P10,4,0.34
2026-04-03T17:50:29.321233,1348.6401401591188,93647,75,6.072210543885489,7.503626257793566,1.7912847874463336,9.817578575986028,0.014074612246615104,True,hand_fine_motor,P10,4,0.34
2026-04-03T17:50:29.381132,1236.1053239378393,93647,74,6.026100372856321,7.426293693571704,1.9992413728062934,9.770398650703171,0.047179925282856416,True,hand_fine_motor,P10,4,0.34
2026-04-03T17:50:29.382012,1293.9740260777903,93646,74,6.032339093521614,7.2651849254526235,1.6962327723393458,9.594229127877405,0.17616952282576648,True,hand_fine_motor,P10,4,0.34
2026-04-03T17:50:29.382031,1278.1295763174585,93646,75,6.030146331608299,7.399518943108039,1.9146496080934448,9.735575406302193,0.14134627842478764,True,hand_fine_motor,P10,4,0.34
2026-04-03T17:50:29.382843,1141.6489276180293,93632,74,6.266741343462872,7.158490175799139,1.9355240473001842,9.708876454078347,0.026698952223846106,True,hand_fine_motor,P10,4,0.34
2026-04-03T17:50:29.442728,1349.9869707019766,93632,75,5.987993703801524,7.455910122231022,1.9967517848610026,9.769016431447913,0.06013997736956611,True,hand_fine_motor,P10,4,0.34
2026-04-03T17:50:29.443021,1273.4317103150574,93657,75,6.0224179831101745,7.3671544613517,2.0224172870589125,9.7280344830648,0.040981948383112865,True,hand_fine_motor,P10,4,0.34
2026-04-03T17:50:29.443228,1253.5668500837205,93657,72,6.081254265284012,7.454893806760523,1.7905514627918075,9.785865809933082,0.05783132686828196,True,hand_fine_motor,P10,4,0.34
2026-04-03T17:50:29.505918,1273.449148231188,93736,75,6.184683840350917,7.660881347900076,1.9087478816817132,10.02909446099325,0.24322865106016778,True,hand_fine_motor,P10,4,0.34
2026-04-03T17:50:29.506294,1224.215936228092,93736,75,6.204152536301102,7.634434667950908,2.0159457303498285,10.041919068615211,0.012824607621961803,True,hand_fine_motor,P10,4,0.34
2026-04-03T17:50:29.506526,1192.8995848769653,93833,73,6.0123646514883475,7.5748688919573155,1.88135646522073,9.852241855640628,0.1896772129745834,True,hand_fine_motor,P10,4,0.34
2026-04-03T17:50:29.562257,1264.9229546548088,93833,74,5.919449650621439,7.577953097954964,1.7170757290834084,9.76798886058204,0.08425299505858774,True,hand_fine_motor,P10,4,0.34
2026-04-03T17:50:29.562587,1285.7070593837095,93913,74,6.20834354595314,7.725453227930509,2.0655224690531377,10.123859947257435,0.35587108667539447,True,hand_fine_motor,P10,4,0.34
2026-04-03T17:50:29.562935,1302.2856837562824,93913,76,6.00097025600815,7.527832439206496,1.866046424401281,9.806224273607297,0.31763567365013756,True,hand_fine_motor,P10,4,0.34
2026-04-03T17:50:29.623667,1340.9727842469497,93971,75,6.095281968464136,7.576186267970225,1.8308943291102222,9.894606343176703,0.08838206956940553,True,hand_fine_motor,P10,4,0.34
2026-04-03T17:50:29.624047,1202.752125843856,93971,74,5.885768952183011,7.33234439713208,1.7396302500621685,9.562001041809559,0.3326053013671437,True,hand_fine_motor,P10,4,0.34
2026-04-03T17:50:29.624279,1314.771420205986,94026,75,6.004063741547664,7.259224304891425,1.7186500956774575,9.5759530634118,0.013952021602241516,True,hand_fine_motor,P10,4,0.34
2026-04-03T17:50:29.683959,1355.1321968140105,94026,74,5.900568892865313,7.44035474009297,1.7274008730163186,9.651917203020924,0.0759641396091233,True,hand_fine_motor,P10,4,0.34
2026-04-03T17:50:29.683993,1187.5436972849338,94073,75,5.916043116081631,7.933902354463977,1.9268698475564199,10.082618713951648,0.4307015109307244,True,hand_fine_motor,P10,4,0.34
2026-04-03T17:50:29.684002,1357.077364913232,94073,74,5.925528778365442,7.796297246632756,1.7520607473749643,9.948058047859526,0.13456066609212236,True,hand_fine_motor,P10,4,0.34
2026-04-03T17:50:29.741186,1232.7734884651911,94057,76,5.995761172418494,7.91003698732459,1.8140550488232046,10.09002640718473,0.14196835932520457,True,hand_fine_motor,P10,4,0.34
2026-04-03T17:50:29.804048,1204.6514783237462,94057,75,5.910588012385191,7.820561512693256,1.9504079875889946,9.995014974677202,0.09501143250752797,True,hand_fine_motor,P10,4,0.34
2026-04-03T17:50:29.804469,1292.7090020406429,93713,76,5.947664030864465,7.755104336156647,1.7966489014477933,9.937016552456182,0.05799842222102036,True,hand_fine_motor,P10,4,0.34
2026-04-03T17:50:29.804802,1269.129572505939,93713,75,5.942300211514401,7.713320496851512,1.7094002831705186,9.8857621971711,0.05125435528508149,True,hand_fine_motor,P10,4,0.34
2026-04-03T17:50:29.805167,1321.7907850884096,93379,75,6.0568936576585415,7.544578924542756,1.8306038020878717,9.846712253796065,0.03904994337503531,True,hand_fine_motor,P10,4,0.34
2026-04-03T17:50:29.805581,1271.7089649672148,93379,76,5.883988378477094,7.459914184959631,1.5929054439875883,9.63374208905868,0.21297016473738495,True,hand_fine_motor,P10,4,0.34
2026-04-03T17:50:29.861068,1376.2662834716427,93226,75,5.948511837137263,7.603535402528722,1.6213627591879824,9.789145054137844,0.15540296507916374,True,hand_fine_motor,P10,4,0.34
2026-04-03T17:50:29.861421,1358.3338412427474,93226,77,5.7720645498077365,7.392315700611438,1.4882474521979199,9.496206667065916,0.29293838707192776,True,hand_fine_motor,P10,4,0.34
2026-04-03T17:50:29.862021,1355.0834681348877,93206,74,5.78389862656139,7.399479331083192,1.4621715159222766,9.504931521870137,0.008724854804221138,True,hand_fine_motor,P10,4,0.34
2026-04-03T17:50:29.982014,1254.2439547022454,93206,75,5.856769545265219,7.4540980572991575,1.3286309638730505,9.572386723923112,0.06745520205297417,True,hand_fine_motor,P10,4,0.34
2026-04-03T17:50:29.982760,1228.0206223224889,93231,73,5.838758546343117,7.435260093464476,1.590405231395451,9.586635636134826,0.014248912211714426,True,hand_fine_motor,P10,4,0.34
2026-04-03T17:50:29.983291,1336.3701033838634,93231,76,5.820368244371701,7.68765526996415,1.3416147443996997,9.735330511712931,0.148694875578105,True,hand_fine_motor,P10,4,0.34
2026-04-03T17:50:29.983584,1352.9576099475253,93304,75,5.61045102020568,7.475990044882569,1.6835479270874971,9.497469211537927,0.23786130017500362,True,hand_fine_motor,P10,4,0.34
2026-04-03T17:50:29.983818,1234.19143063425,93304,75,5.655176856253461,7.557094693230584,1.7669708905655857,9.602754376014456,0.10528516447652869,True,hand_fine_motor,P10,4,0.34
2026-04-03T17:50:29.984127,1373.5669449642435,93320,75,5.759228217535157,7.767745072365924,1.5520069237717744,9.79363562025634,0.19088124424188457,True,hand_fine_motor,P10,4,0.34
2026-04-03T17:50:30.047101,1231.0056524605131,93320,76,5.785029251080674,7.616687991590891,1.4236786533395338,9.669920387732185,0.12371523252415528,True,hand_fine_motor,P10,4,0.34
2026-04-03T17:50:30.047281,1259.4272637901868,93294,76,5.73390866861877,7.659971614590618,1.6803734798611452,9.714758297982309,0.044837910250123514,True,hand_fine_motor,P10,4,0.34
2026-04-03T17:50:30.047324,1306.4708885300358,93294,75,5.854221114279282,7.808597168019594,1.6787322646161351,9.902738843549303,0.18798054556699384,True,hand_fine_motor,P10,4,0.34
2026-04-03T17:50:30.102177,1224.2824680296787,93291,75,5.841885795129069,7.9182674693166115,1.3916386043687163,9.93796998205055,0.03523113850124737,True,hand_fine_motor,P10,4,0.34
2026-04-03T17:50:30.102728,1262.4941465650184,93291,74,5.891303580178614,7.826070200772209,1.5994214195074055,9.925370599550387,0.012599382500162903,True,hand_fine_motor,P10,4,0.34
2026-04-03T17:50:30.103140,1342.7266628765572,93327,73,5.659646772016367,7.718515690439251,1.639025910803269,9.710483612253134,0.21488698729725364,True,hand_fine_motor,P10,4,0.34
2026-04-03T17:50:30.162242,1263.0311161641291,93327,74,5.660687393061459,7.571259904765524,1.496004093376749,9.57107029306937,0.1394133191837632,True,hand_fine_motor,P10,4,0.34
2026-04-03T17:50:30.224343,1256.9128863066321,93376,75,5.771091616628469,7.813467993163685,1.6104441515949828,9.846284116006364,0.27521382293699403,True,hand_fine_motor,P10,4,0.34
2026-04-03T17:50:30.224483,1346.802764524852,93376,76,5.842613640427214,7.724288716087057,1.6143152852847296,9.818695644589452,0.02758847141691234,True,hand_fine_motor,P10,4,0.34
2026-04-03T17:50:30.224514,1267.8218462473637,93423,75,5.84280120687459,7.49685150861475,1.4753910363269072,9.618621896890854,0.20007374769859787,True,hand_fine_motor,P10,4,0.34
2026-04-03T17:50:30.224574,1394.0576075814142,93423,76,5.698303909041021,7.310357496836634,1.312413289484275,9.361325911096285,0.2572959857945687,True,hand_fine_motor,P10,4,0.34
2026-04-03T17:50:30.224598,1265.654780178831,93485,77,5.8639115837149065,7.593433631397464,1.3102129455940816,9.683096164908529,0.3217702538122431,True,hand_fine_motor,P10,4,0.34
2026-04-03T17:50:30.281265,1189.9499697377496,93485,75,5.7442047121788145,7.395804867341929,1.2601053370552573,9.448898500443901,0.2341976644646273,True,hand_fine_motor,P10,4,0.34
2026-04-03T17:50:30.282603,1276.3733042216077,93535,76,5.892329824289475,7.527705425376476,1.3267744180896055,9.651229459812397,0.20233095936849566,True,hand_fine_motor,P10,4,0.34
2026-04-03T17:50:30.282677,1288.6238057102362,93535,75,5.881338519933052,7.432329399210775,1.4732803495201812,9.591674414444196,0.05955504536820122,True,hand_fine_motor,P10,4,0.34
2026-04-03T17:50:30.341682,1361.2652127078093,93603,76,5.964138666894413,7.335357108917687,1.378823632478146,9.554034151225048,0.037640263219147485,True,hand_fine_motor,P10,4,0.34
2026-04-03T17:50:30.341995,1263.2560669956667,93603,75,6.023449434884916,7.442310207250465,1.470302279999023,9.686677093313795,0.13264294208874716,True,hand_fine_motor,P10,4,0.34
2026-04-03T17:50:30.342245,1247.7605546678844,93530,76,5.977001507217471,7.499293807761699,1.382180508075323,9.688879067741336,0.002201974427540776,True,hand_fine_motor,P10,4,0.34
2026-04-03T17:50:30.402329,1322.7032914652887,93530,75,5.754655946369088,7.621374561892131,1.3350761673861407,9.642813056699795,0.04606601104154073,True,hand_fine_motor,P10,4,0.34
2026-04-03T17:50:30.402703,1319.9649614525738,93202,74,6.138376913131972,7.249650836674862,1.2995462091928274,9.58780103731818,0.05501201938161593,True,hand_fine_motor,P10,4,0.34
2026-04-03T17:50:30.403014,1248.359150269026,93202,77,6.0082353768612355,7.516063951586226,1.3344879449992966,9.71447207744452,0.12667104012634134,True,hand_fine_motor,P10,4,0.34
2026-04-03T17:50:30.461855,1172.1870051003807,92889,75,5.811044248099001,7.408389292964885,1.3669263951780344,9.514250098631823,0.20022197881269754,True,hand_fine_motor,P10,4,0.34
2026-04-03T17:50:30.558216,1258.3356260328815,92889,74,5.954987072990754,7.404647944648305,1.2945583343545757,9.589919890422351,0.0756697917905278,True,hand_fine_motor,P10,4,0.34
2026-04-03T17:50:30.558302,1301.4311821988924,92776,75,5.478812819633852,8.040601073308325,1.6081223796724573,9.861780423466882,0.2718605330445314,True,hand_fine_motor,P10,4,0.34
2026-04-03T17:50:30.558319,1254.2965901901227,92776,75,5.546045622109642,8.044303710692885,1.6469366979973723,9.908675225255863,0.04689480178898009,True,hand_fine_motor,P10,4,0.34
2026-04-03T17:50:30.558333,1265.3474457355694,92745,75,5.553118303538622,7.972089823036126,1.6542692904760532,9.855351131495214,0.05332409376064895,True,hand_fine_motor,P10,4,0.34
2026-04-03T17:50:30.558345,1266.2526002205059,92745,75,5.171213347253422,7.7914971812039635,1.6430888938525543,9.494662549065284,0.36068858242992974,True,hand_fine_motor,P10,4,0.34
2026-04-03T17:50:30.581425,1334.598204512041,92771,74,5.37979659538163,7.6726615645288865,1.624553789654168,9.510579472721858,0.015916923656574156,True,hand_fine_motor,P10,4,0.34
2026-04-03T17:50:30.581855,1313.7576725512256,92771,74,5.6980472284990205,7.910927098583454,1.378951112419999,9.846421479286358,0.3358420065644996,True,hand_fine_motor,P10,4,0.34
2026-04-03T17:50:30.581988,1269.7243296648417,92836,75,5.550771761299062,7.760812641581593,1.570859111092118,9.669998880592948,0.17642259869341004,True,hand_fine_motor,P10,4,0.34
2026-04-03T17:50:30.701820,1302.7780846573212,92836,75,5.559159261678238,7.912692033528328,1.2379587821228213,9.749230167577368,0.07923128698442028,True,hand_fine_motor,P10,4,0.34
2026-04-03T17:50:30.704774,1206.0513079167508,92851,74,5.529652018103564,7.723074195456162,1.3452842620844505,9.593368345667217,0.1558618219101504,True,hand_fine_motor,P10,4,0.34
2026-04-03T17:50:30.705142,1277.3575910066302,92851,76,5.447997582040202,7.725787907398456,1.189840652844607,9.528074161297328,0.06529418436988976,True,hand_fine_motor,P10,4,0.34
2026-04-03T17:50:30.705399,1322.3269792122567,92843,75,5.920484223220938,7.755555215568516,0.9771328022353925,9.805894077153008,0.2778199158556802,True,hand_fine_motor,P10,4,0.34
2026-04-03T17:50:30.705629,1361.2572107035257,92843,74,5.522934906976527,7.706338858075878,1.0996167188368395,9.544612381366544,0.26128169578646343,True,hand_fine_motor,P10,4,0.34
2026-04-03T17:50:30.705986,1249.8995106614855,92876,76,5.537077693666376,8.150319479597636,1.0301008274584775,9.906969502321942,0.36235712095539796,True,hand_fine_motor,P10,4,0.34
2026-04-03T17:50:30.762605,1298.2104834626828,92876,75,5.7977878512311705,8.186530283576642,1.196314037448463,10.102711978869706,0.195742476547764,True,hand_fine_motor,P10,4,0.34
2026-04-03T17:50:30.829182,1278.1296256669882,92950,76,5.741979473703559,8.15488773142927,1.0853678838656948,10.032474551773142,0.07023742709656489,True,hand_fine_motor,P10,4,0.34
2026-04-03T17:50:30.829618,1336.2284029685088,92950,75,5.653878825592834,8.06586017228245,1.1249282202325288,9.914126769109561,0.11834778266358015,True,hand_fine_motor,P10,4,0.34
2026-04-03T17:50:30.829877,1197.9345508804818,93028,75,5.6802245145642125,8.063167428770097,1.2493713281086332,9.941858389442848,0.027731620333286244,True,hand_fine_motor,P10,4,0.34
2026-04-03T17:50:30.830150,1281.8559456901382,93028,75,5.651096296146801,8.372145946548688,1.3795952634646826,10.194655471844545,0.2527970824016972,True,hand_fine_motor,P10,4,0.34
2026-04-03T17:50:30.830424,1337.831680194554,93105,75,5.528854397656681,8.425109820944618,1.5827799333905208,10.200779321356226,0.006123849511681101,True,hand_fine_motor,P10,4,0.34
2026-04-03T17:50:30.882090,1387.1578314639726,93105,75,5.578770369100469,8.734052960031475,1.6084943440596315,10.487784036423507,0.2870047150672814,True,hand_fine_motor,P10,4,0.34
2026-04-03T17:50:30.882447,1271.248299058906,93157,74,5.715763468033308,8.316472959829335,1.3940109701104806,10.187096794419155,0.3006872420043525,True,hand_fine_motor,P10,4,0.34
2026-04-03T17:50:30.882740,1334.3068894438488,93157,75,5.464352421675241,8.224834565539759,1.597300973058596,10.002920644356808,0.18417615006234733,True,hand_fine_motor,P10,4,0.34
2026-04-03T17:50:30.941824,1351.1505315096479,93215,75,5.520539603081147,8.003538050714655,1.403672271910643,9.823608027876288,0.17931261648051944,True,hand_fine_motor,P10,4,0.34
2026-04-03T17:50:30.942151,1212.6935399355075,93215,75,5.493505612502201,7.833490259116614,1.4653901096262862,9.679335810253646,0.14427221762264253,True,hand_fine_motor,P10,4,0.34
2026-04-03T17:50:30.942397,1282.9977684559074,93274,75,5.749158199508811,7.814920598884537,1.1038494563979737,9.76443995282061,0.08510414256696386,True,hand_fine_motor,P10,4,0.34
2026-04-03T17:50:31.007656,1278.1116109995687,93274,76,5.41333853276806,7.834539305318389,1.1806137867665634,9.595732859476314,0.16870709334429534,True,hand_fine_motor,P10,4,0.34
2026-04-03T17:50:31.007699,1285.6514097332933,93247,76,5.550285192258967,7.879998551426592,1.1523297701814568,9.707105994329144,0.11137313485282974,True,hand_fine_motor,P10,4,0.34
2026-04-03T17:50:31.007716,1277.385458713001,93247,74,5.60212577426208,7.670143318148372,1.1081272200207395,9.562575889755779,0.14453010457336468,True,hand_fine_motor,P10,4,0.34
2026-04-03T17:50:31.063094,1221.3447530875276,92956,76,5.459751419045209,7.672655673894937,0.9815997826470871,9.467949555273895,0.09462633448188384,True,hand_fine_motor,P10,4,0.34
2026-04-03T17:50:31.063506,1338.724788822829,92956,75,5.658270154934247,7.704632793545069,0.9709903239487803,9.608340639194257,0.14039108392036148,True,hand_fine_motor,P10,4,0.34
2026-04-03T17:50:31.063800,1337.6809044038046,92635,76,5.634526829555781,7.850693661647001,1.0801923976008474,9.723584687646989,0.11524404845273217,True,hand_fine_motor,P10,4,0.34
2026-04-03T17:50:31.122505,1325.937891231793,92635,75,5.624467012372207,7.661522194454421,0.9884406213614173,9.555656250166086,0.16792843748090291,True,hand_fine_motor,P10,4,0.34
2026-04-03T17:50:31.122921,1288.7443564443654,92549,74,5.573091841394931,8.013518031511992,0.9370442563648683,9.805808271242967,0.2501520210768806,True,hand_fine_motor,P10,4,0.34
2026-04-03T17:50:31.123230,1253.2810421754493,92549,74,5.600398049067113,7.7621068504738195,0.9399484295571123,9.617601786120812,0.188206485122155,True,hand_fine_motor,P10,4,0.34
2026-04-03T17:50:31.182173,1287.073653848799,92546,76,5.444614159923766,7.927742294506383,1.1187976383649874,9.682181024653422,0.06457923853261072,True,hand_fine_motor,P10,4,0.34
2026-04-03T17:50:31.182568,1270.7384777439024,92546,76,5.666071396736596,8.068216913333272,0.8723474219069545,9.897549154109889,0.21536812945646666,True,hand_fine_motor,P10,4,0.34
2026-04-03T17:50:31.182862,1182.5106448793624,92562,76,5.437013003852078,8.316431755839092,1.085317278562061,9.995101857846715,0.09755270373682556,True,hand_fine_motor,P10,4,0.34
2026-04-03T17:50:31.241255,1392.6489615255828,92562,76,5.608142164892357,8.231894960114767,1.2487814582950556,10.038665663652115,0.04356380580539998,True,hand_fine_motor,P10,4,0.34
2026-04-03T17:50:31.242024,1255.804469771439,92645,74,5.384273384260387,8.131157438664461,1.089709877387462,9.812929673939328,0.22573598971278663,True,hand_fine_motor,P10,4,0.34
2026-04-03T17:50:31.242398,1198.0063912215974,92645,78,5.499367281202462,8.102828997108682,1.0940955976754287,9.85372637263681,0.04079669869748237,True,hand_fine_motor,P10,4,0.34
2026-04-03T17:50:31.301885,1320.6366853603674,92687,76,5.63321338664366,8.139769661296963,1.1659760900309208,9.967368932720188,0.11364256008337748,True,hand_fine_motor,P10,4,0.34
2026-04-03T17:50:31.365131,1206.3729411869742,92687,75,5.446413143914508,8.267415231272478,1.1399491286530106,9.965593547621618,0.0017753850985702258,True,hand_fine_motor,P10,4,0.34
2026-04-03T17:50:31.365624,1224.0181079795107,92681,76,5.450977549311949,8.126763715555887,1.1834863288081408,9.856880065317545,0.10871348230407207,True,hand_fine_motor,P10,4,0.34
2026-04-03T17:50:31.365953,1416.499994856313,92681,75,5.498295703011294,8.117640113041798,1.177759043278366,9.874940658385835,0.018060593068289776,True,hand_fine_motor,P10,4,0.34
2026-04-03T17:50:31.366282,1320.0821552244067,92714,75,5.534953370296903,8.245516900863453,1.1898080915369884,10.001994854451425,0.12705419606558976,True,hand_fine_motor,P10,4,0.34
2026-04-03T17:50:31.366551,1329.2506776920754,92714,75,5.495708651504802,8.072374856146839,1.2221341769303082,9.841730607306701,0.16026424714472398,True,hand_fine_motor,P10,4,0.34
2026-04-03T17:50:31.420693,1264.543580672838,92786,74,5.479184449561912,8.196376096944604,1.1814391544530871,9.929644597394248,0.08791399008754652,True,hand_fine_motor,P10,4,0.34
2026-04-03T17:50:31.421414,1300.7916167419303,92786,76,5.460882397512541,8.191532557573403,1.09591880900587,9.905729667075526,0.02391493031872116,True,hand_fine_motor,P10,4,0.34
2026-04-03T17:50:31.421757,1333.0293077978667,92864,75,5.609240399475549,8.257374506792198,1.3186662656623798,10.06909590403857,0.16336623696304287,True,hand_fine_motor,P10,4,0.34
2026-04-03T17:50:31.485265,1388.0241977990718,92864,75,5.607716107111813,8.3193279014068,1.174184240181092,10.101307108437828,0.03221120439925862,True,hand_fine_motor,P10,4,0.34
2026-04-03T17:50:31.485301,1304.128872756348,92930,74,5.333715945819043,7.805530096990748,1.1415014388368303,9.522491870334113,0.578815238103715,True,hand_fine_motor,P10,4,0.34
2026-04-03T17:50:31.485558,1303.0599107516816,92930,74,5.485674527877073,7.69064880262584,1.092736662002396,9.509614999757549,0.012876870576564059,True,hand_fine_motor,P10,4,0.34
2026-04-03T17:50:31.543228,1335.115129948295,92994,75,5.619625353628187,7.655289644024392,0.9921065305233431,9.548189567502044,0.038574567744495525,True,hand_fine_motor,P10,4,0.34
2026-04-03T17:50:31.543617,1298.5094878787947,92994,74,5.673801244265875,7.545034806291398,0.9132130194018766,9.484383417301663,0.0638061502003815,True,hand_fine_motor,P10,4,0.34
2026-04-03T17:50:31.543845,1374.8664025240546,93063,76,5.707942158023111,7.498259444551103,0.6716938050887026,9.447521947311468,0.03686146999019435,True,hand_fine_motor,P10,4,0.34
2026-04-03T17:50:31.605312,1245.5588698491586,93063,76,5.687907706456524,7.758277490134737,0.6696540428578883,9.643215243279327,0.19569329596785856,True,hand_fine_motor,P10,4,0.34
2026-04-03T17:50:31.721152,1231.261324337573,93134,75,5.738293807204328,7.8874336445912165,0.5630717209254343,9.770193195558363,0.1269779522790362,True,hand_fine_motor,P10,4,0.34
2026-04-03T17:50:31.721725,1336.2561752540032,93134,76,5.666569797095196,7.854508933101389,0.6647281082992694,9.707996049828417,0.06219714572994661,True,hand_fine_motor,P10,4,0.34
2026-04-03T17:50:31.722063,1261.871029385429,93209,74,5.551379380136255,7.9614736051332455,0.5956939538970798,9.724079713481624,0.016083663653207125,True,hand_fine_motor,P10,4,0.34
2026-04-03T17:50:31.723096,1337.4235750649896,93209,73,5.4541557451884115,8.012270809892517,0.6327978532113447,9.713121617011513,0.01095809647011059,True,hand_fine_motor,P10,4,0.34
2026-04-03T17:50:31.723429,1184.9412536898406,93119,74,5.853758918215098,8.105424932100295,0.8415672703432291,10.033575747110739,0.3204541300992254,True,hand_fine_motor,P10,4,0.34
2026-04-03T17:50:31.723924,1283.1986039057708,93119,74,5.616837444677857,8.104830648224208,0.8345424259782342,9.896140852730793,0.13743489437994505,True,hand_fine_motor,P10,4,0.34
2026-04-03T17:50:31.780380,1240.0850233082422,92756,74,5.591688646985624,8.03076465931956,0.9907990889912323,9.835743275063141,0.06039757766765241,True,hand_fine_motor,P10,4,0.34
2026-04-03T17:50:31.781136,1206.1351188124004,92756,73,5.613965983733572,8.043291074712322,0.931278845500922,9.852838457375727,0.017095182312585777,True,hand_fine_motor,P10,4,0.34
2026-04-03T17:50:31.781621,1338.2103213347025,92485,78,5.759157052667726,7.857960864234153,1.2764287164434132,9.825716725475518,0.027121731900209056,True,hand_fine_motor,P10,4,0.34
2026-04-03T17:50:31.782537,1359.2058417910762,92485,75,5.602221519222544,7.760864531013351,1.341474705021471,9.665167282742377,0.16054944273314042,True,hand_fine_motor,P10,4,0.34
2026-04-03T17:50:31.783322,1329.3130352873625,92425,73,5.688950488952161,7.945776603727332,1.4470664129821,9.878943501491976,0.21377621874959907,True,hand_fine_motor,P10,4,0.34
2026-04-03T17:50:31.841247,1284.944698540132,92425,75,5.704281132019356,8.008883294983637,1.166110176640119,9.90155784762396,0.02261434613198432,True,hand_fine_motor,P10,4,0.34
2026-04-03T17:50:31.842637,1342.3137567955444,92422,75,5.446438641356511,7.984174675353879,1.2926590232667583,9.750984897488896,0.15057295013506433,True,hand_fine_motor,P10,4,0.34
2026-04-03T17:50:31.842669,1237.2001601473642,92422,76,5.40216509724915,7.7510867188143004,1.1281941518683296,9.515017346533124,0.23596755095577215,True,hand_fine_motor,P10,4,0.34
2026-04-03T17:50:31.901221,1209.5433051027085,92458,74,5.575045293003683,7.930753346624809,1.1778226149570923,9.765513031907105,0.2504956853739806,True,hand_fine_motor,P10,4,0.34
2026-04-03T17:50:31.902488,1272.969344562928,92458,74,5.480074215756778,7.696635929253781,0.7762461308908062,9.480083126924859,0.2854299049822462,True,hand_fine_motor,P10,4,0.34
2026-04-03T17:50:31.902519,1324.9752114247756,92548,76,5.798306523425963,8.001263227348687,0.6691557702607079,9.90395583682599,0.423872709901131,True,hand_fine_motor,P10,4,0.34
2026-04-03T17:50:31.960974,1268.7625268845904,92548,76,5.719076261357695,7.745824673028908,0.6590483859554822,9.65090554940618,0.25305028741980884,True,hand_fine_motor,P10,4,0.34
2026-04-03T17:50:31.961745,1288.633735938507,92587,75,5.5399251582621725,7.7384000098761705,0.6116350294522853,9.536650506401646,0.11425504300453504,True,hand_fine_motor,P10,4,0.34
2026-04-03T17:50:32.025344,1314.1404320695324,92587,74,5.687944647318281,7.8613194290287245,0.6322519000698554,9.723826404318576,0.18717589791693,True,hand_fine_motor,P10,4,0.34
2026-04-03T17:50:32.025616,1197.2343954506807,92602,76,5.692884288604129,7.819294088992374,0.5962288611007722,9.690499493235441,0.0333269110831349,True,hand_fine_motor,P10,4,0.34
2026-04-03T17:50:32.027667,1216.8878500117544,92602,74,5.587595265173191,8.11298175624915,0.8377000024148168,9.886527960748566,0.1960284675131252,True,hand_fine_motor,P10,4,0.34
2026-04-03T17:50:32.027910,1234.0673817543995,92667,76,5.70241336595743,8.145554586814315,0.849240401551629,9.979418168543155,0.09289020779458923,True,hand_fine_motor,P10,4,0.34
2026-04-03T17:50:32.082534,1305.0240242722864,92667,74,5.526511493860893,8.10973141311107,0.880855111729103,9.85322173770774,0.12619643083541554,True,hand_fine_motor,P10,4,0.34
2026-04-03T17:50:32.082888,1274.0022462428717,92745,75,5.7543221218433604,8.23158674467645,0.9791270694491193,10.091081866440136,0.2378601287323967,True,hand_fine_motor,P10,4,0.34
2026-04-03T17:50:32.083114,1319.928154211047,92745,75,5.485669217728675,7.995129199246346,0.8076489578600204,9.729694471981626,0.36138739445851087,True,hand_fine_motor,P10,4,0.34
2026-04-03T17:50:32.142193,1294.4356340735224,92835,74,5.656465074409718,8.007401891972027,1.2148071372779665,9.878756934875746,0.14906246289412017,True,hand_fine_motor,P10,4,0.34
2026-04-03T17:50:32.142672,1366.7602638311087,92835,74,5.887741305020285,7.899075536522604,1.0236808768648897,9.904989376278538,0.026232441402791906,True,hand_fine_motor,P10,4,0.34
2026-04-03T17:50:32.142916,1276.5962809178898,92918,74,5.564188808782114,7.795844212767486,1.1897269414557041,9.651467985997881,0.2535213902806568,True,hand_fine_motor,P10,4,0.34
2026-04-03T17:50:32.202688,1430.2912136393213,92918,77,5.530319449011489,7.8447084695445986,1.1130099048628737,9.6624362988111,0.010968312813218972,True,hand_fine_motor,P10,4,0.34
2026-04-03T17:50:32.202955,1275.198136937725,92992,75,5.688470398080394,7.9069412919868185,0.9593465002723311,9.787684188425159,0.12524788961405875,True,hand_fine_motor,P10,4,0.34
2026-04-03T17:50:32.203168,1208.3165612776113,92992,75,5.5279964604547915,8.037835094413035,0.7875356553141576,9.787019478889864,0.0006647095352949606,True,hand_fine_motor,P10,4,0.34
2026-04-03T17:50:32.261784,1373.1531960374655,93057,75,5.6397950151326155,8.171980069048468,0.8556498413840689,9.965976254873413,0.17895677598354887,True,hand_fine_motor,P10,4,0.34
2026-04-03T17:50:32.262048,1224.7291795759522,93057,76,5.644279510137056,8.208542294378498,0.8550070417568849,9.99845462202072,0.03247836714730745,True,hand_fine_motor,P10,4,0.34
2026-04-03T17:50:32.262272,1302.7637761504532,93137,75,5.670187115120768,8.00318576214313,0.9826704234066466,9.857365034576445,0.14108958744427547,True,hand_fine_motor,P10,4,0.34
2026-04-03T17:50:32.322235,1248.874639652587,93137,77,5.66001794980279,8.026269941178096,0.9779174703798136,9.86980926561516,0.012444231038715614,True,hand_fine_motor,P10,4,0.34
2026-04-03T17:50:32.322598,1301.9201885668303,93212,76,5.684679875066891,8.007893962167284,0.8086302275386428,9.85372182660922,0.016087439005939785,True,hand_fine_motor,P10,4,0.34
2026-04-03T17:50:32.322817,1265.4338715540362,93212,74,5.76400843531359,8.233525700842886,0.868510396459459,10.088064681472098,0.2343428548628772,True,hand_fine_motor,P10,4,0.34
2026-04-03T17:50:32.445725,1316.0317790092047,93272,76,5.73277048547942,8.033757327663146,0.714233057985021,9.895253564213697,0.19281111725840105,True,hand_fine_motor,P10,4,0.34
2026-04-03T17:50:32.446214,1350.9453473504727,93272,75,5.739682797670102,8.132827045404117,1.0001217687430735,10.00435294862394,0.1090993844102428,True,hand_fine_motor,P10,4,0.34
2026-04-03T17:50:32.446560,1345.1367654689539,93004,77,5.7136335623982,8.231710689897811,0.7296503873432275,10.046843238315763,0.042490289691823335,True,hand_fine_motor,P10,4,0.34
2026-04-03T17:50:32.446861,1313.28671927539,93004,74,5.723752311338458,8.125665814670072,0.772941175277229,9.969213786136253,0.07762945217950978,True,hand_fine_motor,P10,4,0.34
2026-04-03T17:50:32.447171,1279.8690931137207,92603,76,5.656983738517249,8.228175049405007,0.8322446506730138,10.019828382765521,0.05061459662926815,True,hand_fine_motor,P10,4,0.34
2026-04-03T17:50:32.447447,1380.5777981614979,92603,77,5.594727101278317,8.077665024194971,0.854822568791455,9.863080918505943,0.15674746425957764,True,hand_fine_motor,P10,4,0.34
2026-04-03T17:50:32.519594,1317.1590305788936,92425,76,5.782609597643615,8.111450330949365,1.1950190156034162,10.033058889385249,0.16997797087930522,True,hand_fine_motor,P10,4,0.34
2026-04-03T17:50:32.520064,1146.9087261884183,92425,74,5.587145823543423,8.257610560390901,1.3801304595190893,10.065241711251172,0.03218282186592347,True,hand_fine_motor,P10,4,0.34
2026-04-03T17:50:32.520401,1153.462342234282,92393,77,5.412910331516763,7.650657166043306,1.1862790704672763,9.446661387093295,0.6185803241578771,True,hand_fine_motor,P10,4,0.34
2026-04-03T17:50:32.560917,1215.568376146829,92393,75,5.372434462491122,7.868308796076743,1.404554519445313,9.630478117013462,0.18381672992016718,True,hand_fine_motor,P10,4,0.34
2026-04-03T17:50:32.561500,1322.8866907751587,92396,75,5.491546699413987,7.752737401551794,0.802830100447029,9.53449309294671,0.0959850240667528,True,hand_fine_motor,P10,4,0.34
2026-04-03T17:50:32.562012,1262.1223510037826,92396,76,5.440807997846404,7.875384734699366,0.6175673117360102,9.591947965532864,0.05745487258615434,True,hand_fine_motor,P10,4,0.34
2026-04-03T17:50:32.622168,1367.1089088260167,92480,74,5.61494884917748,7.811494028803071,0.6276337375627552,9.640591976089048,0.048644010556184725,True,hand_fine_motor,P10,4,0.34
2026-04-03T17:50:32.622256,1240.7742335116375,92480,76,5.562825272096588,7.698363148549534,0.403599874981909,9.506456386788265,0.13413558930078295,True,hand_fine_motor,P10,4,0.34
2026-04-03T17:50:32.623164,1270.454948263922,92480,75,5.677075908278085,8.02611061215048,0.514055449573974,9.84438395391315,0.3379275671248845,True,hand_fine_motor,P10,4,0.34
2026-04-03T17:50:32.694814,1340.9185806189953,92571,76,5.495063263122045,7.987446402614551,0.476243145445451,9.706792870662143,0.13759108325100655,True,hand_fine_motor,P10,4,0.34
2026-04-03T17:50:32.696150,1203.6408229186984,92571,73,5.687537029272082,8.297666676972378,0.6336972625709494,10.079728268265411,0.37293539760326766,True,hand_fine_motor,P10,4,0.34
2026-04-03T17:50:32.696479,1323.0934892382527,92599,75,5.767160527020739,8.269544270146918,0.5834516747931664,10.098807792861729,0.01907952459631801,True,hand_fine_motor,P10,4,0.34
2026-04-03T17:50:32.742491,1265.6783127758117,92619,75,5.409699143918541,8.058424092954244,0.8100300913923055,9.73956839077479,0.3592394020869385,True,hand_fine_motor,P10,4,0.34
2026-04-03T17:50:32.742900,1355.225107381938,92619,76,5.413903294218167,7.984997559046729,0.8840652492254062,9.687729675316943,0.051838715457847684,True,hand_fine_motor,P10,4,0.34
2026-04-03T17:50:32.743217,1395.9577051299586,92619,75,5.436103119399515,7.877768154451663,0.8185749294951064,9.606274675192033,0.08145500012490992,True,hand_fine_motor,P10,4,0.34
2026-04-03T17:50:32.801649,1301.6109696536178,92683,75,5.709628843640377,8.142571625399624,0.8794431122248021,9.98372447509109,0.3774497998990576,True,hand_fine_motor,P10,4,0.34
2026-04-03T17:50:32.801999,1345.8759679904908,92762,74,5.657046830842513,7.996121879634443,1.0187087444261387,9.847736362549734,0.1359881125413569,True,hand_fine_motor,P10,4,0.34
2026-04-03T17:50:32.802027,1341.0082993891351,92762,75,5.79513234344817,8.199667500428397,0.7937963827681214,10.072150648841415,0.22441428629168136,True,hand_fine_motor,P10,4,0.34
2026-04-03T17:50:32.862167,1314.601691469532,92846,74,5.826408054797604,8.129581137641527,0.9846227472930875,10.050204089917491,0.02194655892392383,True,hand_fine_motor,P10,4,0.34
2026-04-03T17:50:32.862634,1353.6064062055218,92846,76,5.414997577488225,8.114895496216203,1.0816520631507751,9.81548260985835,0.23472148005914129,True,hand_fine_motor,P10,4,0.34
2026-04-03T17:50:32.863015,1252.7299763240974,92846,75,5.475101819041743,7.862500983479314,0.9303150459527352,9.626066056744751,0.18941655311359895,True,hand_fine_motor,P10,4,0.34
2026-04-03T17:50:32.941728,1181.5260689480579,92915,76,5.436192474447809,8.096218668848296,0.7548553259026431,9.781142669243419,0.155076612498668,True,hand_fine_motor,P10,4,0.34
2026-04-03T17:50:32.942095,1236.8212991224523,92998,75,5.346744149868763,7.98644713535844,0.6840822902402114,9.635298616537588,0.14584405270583112,True,hand_fine_motor,P10,4,0.34
2026-04-03T17:50:32.942310,1309.9779932149256,92998,76,5.563451760585364,8.179275403215051,0.5824784499404185,9.90917871262014,0.2738800960825518,True,hand_fine_motor,P10,4,0.34
2026-04-03T17:50:32.986288,1310.652923971884,93085,73,5.4627405553675485,8.146706559526658,0.725302516670894,9.835467751102698,0.07371096151744183,True,hand_fine_motor,P10,4,0.34
2026-04-03T17:50:32.986700,1344.9971645205455,93085,77,5.411418705312574,8.058988173944881,0.5557103528795367,9.723145416391127,0.11232233471157116,True,hand_fine_motor,P10,4,0.34
2026-04-03T17:50:32.986978,1259.7685249895264,93171,75,5.476143563031075,8.343643571022701,0.6450204905518271,10.001029336844626,0.2778839204534993,True,hand_fine_motor,P10,4,0.34
2026-04-03T17:50:33.041289,1369.8185596579824,93171,75,5.4753324654094735,8.188993544555855,0.5835815186138494,9.86810256677605,0.13292677006857545,True,hand_fine_motor,P10,4,0.34
2026-04-03T17:50:33.041945,1396.088025676357,93267,73,5.524531248534696,8.190863143228134,0.6754805618050375,9.902876275936494,0.034773709160443644,True,hand_fine_motor,P10,4,0.34
2026-04-03T17:50:33.042794,1276.6424967526157,93267,74,5.494885372370004,8.261822204399234,0.5179523658572449,9.935781098931637,0.032904822995142524,True,hand_fine_motor,P10,4,0.34
2026-04-03T17:50:33.102429,1186.7968442916472,93212,75,5.48994691667466,7.848995732725755,0.6439971517781337,9.600051223392043,0.33572987553959344,True,hand_fine_motor,P10,4,0.34
2026-04-03T17:50:33.103753,1208.509907838579,93212,75,5.6310219191200614,7.882011563726948,0.4793291058459759,9.698673648290628,0.09862242489858453,True,hand_fine_motor,P10,4,0.34
2026-04-03T17:50:33.104243,1274.1870272758695,92824,75,5.5282324511036665,8.323545045856084,0.45548678452984626,10.002510903503797,0.3038372552131694,True,hand_fine_motor,P10,4,0.34
2026-04-03T17:50:33.160769,1264.0071881240672,92824,76,5.274468394841635,8.266232005529398,0.5390512379721576,9.82044727365211,0.18206362985168667,True,hand_fine_motor,P10,4,0.34
2026-04-03T17:50:33.161472,1302.533772270646,92508,77,5.423746114890905,8.217801575760397,0.6240987496924334,9.86604195747879,0.04559468382668008,True,hand_fine_motor,P10,4,0.34
2026-04-03T17:50:33.162049,1260.4827238187079,92508,76,5.293110783680592,7.968953664085665,0.8626550748662687,9.605488954074781,0.26055300340400933,True,hand_fine_motor,P10,4,0.34
2026-04-03T17:50:33.222010,1291.6113674158692,92439,76,5.091747431923411,8.01882014089802,0.5488770808253034,9.514653667497608,0.09083528657717288,True,hand_fine_motor,P10,4,0.34
2026-04-03T17:50:33.222805,1202.9328921134268,92439,74,5.439529363173064,7.9509408816814195,0.6715856593632371,9.656964735085099,0.14231106758749057,True,hand_fine_motor,P10,4,0.34
2026-04-03T17:50:33.222826,1295.031156776781,92441,75,5.544736527439128,7.9491598590028625,0.6540434242360789,9.713959976419842,0.056995241334742985,True,hand_fine_motor,P10,4,0.34
2026-04-03T17:50:33.283931,1277.4084917916305,92441,76,5.269764545042147,8.176830302494349,0.5461323909595786,9.74316338487805,0.029203408458208457,True,hand_fine_motor,P10,4,0.34
2026-04-03T17:50:33.284320,1247.613945674089,92502,76,5.219082847835421,8.286905295351348,0.6663892228141821,9.816093914738946,0.07293052986089599,True,hand_fine_motor,P10,4,0.34
2026-04-03T17:50:33.284599,1293.5040118302718,92502,74,5.460810424853103,8.26836366871636,0.7218475222782655,9.935157376697777,0.11906346195883089,True,hand_fine_motor,P10,4,0.34
2026-04-03T17:50:33.342602,1277.8084034920423,92502,75,5.5396029991792535,7.854033115007923,0.7124480487409272,9.637459197439519,0.2976981792582585,True,hand_fine_motor,P10,4,0.34
2026-04-03T17:50:33.342956,1286.0067933515923,92605,75,5.220010202361189,7.963945103332252,0.49103858880947504,9.534885789423209,0.1025734080163101,True,hand_fine_motor,P10,4,0.34
2026-04-03T17:50:33.343212,1222.9530103189538,92657,74,5.448163105927911,7.989902870721702,0.6715604566939932,9.693916781123923,0.159030991700714,True,hand_fine_motor,P10,4,0.34
2026-04-03T17:50:33.468356,1249.5023084343775,92657,76,5.50796208951894,8.12151115030888,0.5922137410017577,9.830936214786494,0.1370194336625712,True,hand_fine_motor,P10,4,0.34
2026-04-03T17:50:33.468683,1230.9147691430987,92657,76,5.340956928104506,8.036090496390486,0.4565578627770616,9.659866275270511,0.17106993951598248,True,hand_fine_motor,P10,4,0.34
2026-04-03T17:50:33.468922,1330.3120232772276,92648,73,5.505116235747782,8.074608779474191,0.6569900263392197,9.794756127916852,0.13488985264634046,True,hand_fine_motor,P10,4,0.34
2026-04-03T17:50:33.469133,1280.500102115103,92673,74,5.319347421857485,8.060784528125113,0.7025726663295412,9.683249070160102,0.11150705775675007,True,hand_fine_motor,P10,4,0.34
2026-04-03T17:50:33.469323,1360.9542993294438,92673,75,5.288515452233981,7.963119585180927,0.6716649541576758,9.58283898576269,0.10041008439741184,True,hand_fine_motor,P10,4,0.34
2026-04-03T17:50:33.469495,1230.687121508503,92758,75,4.931533799936291,7.337962777981116,0.607499074151519,8.861985018947243,0.7208539668154472,True,hand_fine_motor,P10,4,0.34
2026-04-03T17:50:33.523375,1264.870625689489,92758,75,4.889044742100543,7.341453807156073,0.6208351076165416,8.842236070345363,0.01974894860187959,True,hand_fine_motor,P10,4,0.34
2026-04-03T17:50:33.523665,1374.3484467100166,92758,76,4.970370164672596,7.189517325875748,0.4122466910959265,8.75006778758054,0.09216828276482225,True,hand_fine_motor,P10,4,0.34
2026-04-03T17:50:33.523946,1272.8489551440139,92851,73,5.353293950110822,7.227531654811605,0.5936429542070434,9.01373296113639,0.2636651735558484,True,hand_fine_motor,P10,4,0.34
2026-04-03T17:50:33.583668,1334.9134860192962,92851,75,5.207362254431326,7.929867885360655,0.43022666067958376,9.496553127725337,0.48282016658894733,True,hand_fine_motor,P10,4,0.34
2026-04-03T17:50:33.583977,1341.7653552325173,92944,75,5.431480995229549,8.319807025434795,0.4279775954666064,9.945015815182765,0.4484626874574289,True,hand_fine_motor,P10,4,0.34
2026-04-03T17:50:33.584196,1172.7083389838813,92944,75,5.457975052007348,8.282809258385836,0.40324474280824096,9.927589193844558,0.017426621338207937,True,hand_fine_motor,P10,4,0.34
2026-04-03T17:50:33.642840,1268.2973645286918,93033,75,5.30527577120301,8.272188373733966,0.49038927811687694,9.839488459424356,0.08810073442020183,True,hand_fine_motor,P10,4,0.34
2026-04-03T17:50:33.643197,1299.4764146865987,93033,75,5.35802528950731,8.303982434794106,0.6085594572102354,9.901257692501945,0.06176923307758919,True,hand_fine_motor,P10,4,0.34
2026-04-03T17:50:33.643414,1299.93891271022,93091,74,5.082046967952312,8.582244171616304,0.3944554607145735,9.981869139404848,0.08061144690290334,True,hand_fine_motor,P10,4,0.34
2026-04-03T17:50:33.701916,1327.054546189963,93144,74,5.182424896271838,8.342781524513185,0.18006887637578262,9.823031923571051,0.15883721583379717,True,hand_fine_motor,P10,4,0.34
2026-04-03T17:50:33.764936,1321.041054174339,93144,76,5.339512415525175,8.487116730191197,0.4025082326256703,10.035116148045834,0.2120842244747827,True,hand_fine_motor,P10,4,0.34
2026-04-03T17:50:33.765297,1217.6542652036721,93184,75,5.271118321630283,8.402489947836502,0.4317017517158656,9.928388191773852,0.10672795627198184,True,hand_fine_motor,P10,4,0.34
2026-04-03T17:50:33.766243,1308.4495895624937,93184,74,5.270979129265927,8.787481672044473,0.33174267513699696,10.252468401325682,0.3240802095518305,True,hand_fine_motor,P10,4,0.34
2026-04-03T17:50:33.766529,1382.4634744864409,93176,74,5.162000957271837,8.782831791396173,0.48243376572741414,10.198878884325895,0.053589516999787534,True,hand_fine_motor,P10,4,0.34
2026-04-03T17:50:33.766801,1186.7322289676247,93176,75,5.614017747031347,8.935734763853684,0.26705690227710743,10.55631898073282,0.35744009640692553,True,hand_fine_motor,P10,4,0.34
2026-04-03T17:50:33.821527,1368.7884508203838,92871,75,5.958158623983515,8.604889720043772,0.4382629760392781,10.475488328418438,0.08083065231438269,True,hand_fine_motor,P10,4,0.34
2026-04-03T17:50:33.822219,1233.8046842553488,92871,74,5.8971403261387465,8.360158505779562,0.24290479860966466,10.233646320306255,0.24184200811218304,True,hand_fine_motor,P10,4,0.34
2026-04-03T17:50:33.822559,1337.3099371942294,92487,76,5.77281514794636,8.203412137512942,0.4684402077049994,10.04195208405459,0.19169423625166537,True,hand_fine_motor,P10,4,0.34
2026-04-03T17:50:33.882006,1282.5025297719499,92487,74,5.730060246643498,8.254477249569279,0.3291953684454212,10.053773156602793,0.011821072548203304,True,hand_fine_motor,P10,4,0.34
2026-04-03T17:50:33.883228,1251.62062776654,92359,75,5.571288614767603,7.76058764700007,0.6110456020736119,9.572844623392918,0.48092853320987494,True,hand_fine_motor,P10,4,0.34
2026-04-03T17:50:33.883921,1381.454582165386,92359,75,5.283171284910937,7.34190838024927,0.7816351708640149,9.078902523433852,0.4939420999590656,True,hand_fine_motor,P10,4,0.34
2026-04-03T17:50:33.941194,1284.6143855608357,92345,79,5.28011424708404,7.45755363240103,0.833412219627767,9.175472117020602,0.0965695935867501,True,hand_fine_motor,P10,4,0.34
2026-04-03T17:50:33.941809,1271.061232980054,92345,77,5.361863601720392,8.103680869500701,0.6871558607106235,9.741222104801562,0.5657499877809595,True,hand_fine_motor,P10,4,0.34
2026-04-03T17:50:33.942561,1275.9082313445517,92321,77,5.184632262723327,7.777849292946928,0.41776709382715127,9.356809320925132,0.38441278387642974,True,hand_fine_motor,P10,4,0.34
2026-04-03T17:50:34.000584,1339.4213375596412,92321,79,5.4472898960535625,8.083723151578495,0.5412860514944093,9.762814030419499,0.4060047094943666,True,hand_fine_motor,P10,4,0.34
2026-04-03T17:50:34.001199,1281.621109151746,92323,79,5.600042431690501,8.076484338970243,0.30166143863389794,9.832653463736243,0.06983943331674425,True,hand_fine_motor,P10,4,0.34
2026-04-03T17:50:34.001511,1283.1412819339284,92323,78,5.43640547935865,7.885639551379687,0.6443617461175287,9.599636333223463,0.2330171305127795,True,hand_fine_motor,P10,4,0.34
2026-04-03T17:50:34.062163,1233.2806367202172,92284,77,5.120665922799653,8.209729760997917,0.88819044593315,9.716468726331776,0.11683239310831262,True,hand_fine_motor,P10,4,0.34
2026-04-03T17:50:34.064277,1380.7951909843866,92284,80,4.917545925484613,8.13819467593047,1.1684383000016856,9.580068818829236,0.13639990750253972,True,hand_fine_motor,P10,4,0.34
2026-04-03T17:50:34.064313,1386.3708352934818,92148,78,4.868406965216427,7.091913783217047,1.0943357352963712,8.671458827042795,0.9086099917864416,True,hand_fine_motor,P10,4,0.34
2026-04-03T17:50:34.182127,1266.247160849539,92148,76,4.667699947150877,6.760756544700319,1.087606939280649,8.287227564614835,0.38423126242796,True,hand_fine_motor,P10,4,0.34
2026-04-03T17:50:34.183087,1147.922610339151,92050,78,4.318763859052431,6.828462768904787,1.0300661979363501,8.1449776812897,0.14224988332513533,True,hand_fine_motor,P10,4,0.34
2026-04-03T17:50:34.183578,1125.9345663909926,92050,79,4.716525451059,7.576801812363365,1.0057315722314972,8.981371500483839,0.8363938191941394,True,hand_fine_motor,P10,4,0.34
2026-04-03T17:50:34.183938,1207.4061953252112,92047,79,4.401650322231885,7.688143879796002,1.0614969662517622,8.922379597675189,0.058991902808649854,True,hand_fine_motor,P10,4,0.34
2026-04-03T17:50:34.184363,1205.8373627836786,92047,80,4.614024613882234,8.471766581564669,0.6498140071984608,9.668625051887075,0.7462454542118859,True,hand_fine_motor,P10,4,0.34
2026-04-03T17:50:34.241814,1180.6012903293686,92088,80,4.824560235304422,8.269855666399472,0.8177115254966982,9.609138689086043,0.05948636280103159,True,hand_fine_motor,P10,4,0.34
2026-04-03T17:50:34.242298,1255.6084930315633,92088,78,4.911521421265781,8.69448155190323,0.42184378507273673,9.99474883661129,0.3856101475252469,True,hand_fine_motor,P10,4,0.34
2026-04-03T17:50:34.242546,1161.459116930908,92088,78,4.961628778127626,8.845394869550843,0.6554158458775192,10.163087152103339,0.1683383154920488,True,hand_fine_motor,P10,4,0.34
2026-04-03T17:50:34.243396,1208.3397177704364,92137,79,4.799589942909599,8.8887120865595,0.4124619257574657,10.110162759225368,0.052924392877971016,True,hand_fine_motor,P10,4,0.34
2026-04-03T17:50:34.317017,1210.2973806825366,92137,77,4.838274338498986,8.966092536386896,0.5219435420718916,10.201575319858259,0.09141256063289127,True,hand_fine_motor,P10,4,0.34
2026-04-03T17:50:34.318237,1231.8157788144208,92201,79,4.976181440111878,8.842879654316917,0.4834181913030627,10.15837563064729,0.04319968921096873,True,hand_fine_motor,P10,4,0.34
2026-04-03T17:50:34.318896,1306.5143658677757,92201,77,4.950947558681468,8.88942384102224,0.5587783375948175,10.190484344952099,0.03210871430480822,True,hand_fine_motor,P10,4,0.34
2026-04-03T17:50:34.364166,1165.4682199169445,92255,78,5.042693297170254,8.657435491963005,0.42751447701106066,10.028096210890707,0.1623881340613913,True,hand_fine_motor,P10,4,0.34
2026-04-03T17:50:34.364516,1250.28757438725,92255,77,4.978859266092821,8.766141257304643,0.5380684069052366,10.09573126351363,0.06763505262292213,True,hand_fine_motor,P10,4,0.34
2026-04-03T17:50:34.422805,1264.253687971734,92295,79,4.84726214380838,8.828077676694171,0.610995260211175,10.089807776392188,0.0059234871214410845,True,hand_fine_motor,P10,4,0.34
2026-04-03T17:50:34.423147,1233.831690643414,92295,79,4.920375353149491,8.746281459534583,0.5010701522693268,10.047815896142533,0.04199188024965572,True,hand_fine_motor,P10,4,0.34
2026-04-03T17:50:34.423408,1307.1123254937233,92328,78,4.93056144510214,8.79145000430203,0.310640697754852,10.08446959364604,0.03665369750350678,True,hand_fine_motor,P10,4,0.34
2026-04-03T17:50:34.423645,1294.962067551336,92328,80,4.9519048544231685,8.549324463048897,0.288415562512571,9.884103095296279,0.2003664983497604,True,hand_fine_motor,P10,4,0.34
2026-04-03T17:50:34.481047,1300.0682213405028,92231,78,4.789760496776781,8.727417270190516,0.49678765776236067,9.96776884771151,0.08366575241523044,True,hand_fine_motor,P10,4,0.34
2026-04-03T17:50:34.483101,1274.205574172846,92231,78,3.197117171357877,8.838439707401479,0.6752970728327614,9.423141769353736,0.5446270783577738,True,hand_fine_motor,P10,4,0.34
2026-04-03T17:50:34.483134,1132.832771577268,91860,79,3.281088302182971,8.87517782130786,0.4641479575018612,9.47363473715395,0.05049296780021528,True,hand_fine_motor,P10,4,0.34
2026-04-03T17:50:34.541598,1177.182218559481,91860,78,3.0814659410386662,9.406957343864029,0.7674459604540707,9.928507043723943,0.45487230656999245,True,hand_fine_motor,P10,4,0.34
2026-04-03T17:50:34.542056,1163.579020483141,91570,79,3.0720811670959263,9.201215550653464,0.6730436055661332,9.723838645401623,0.20466839832232075,True,hand_fine_motor,P10,4,0.34
2026-04-03T17:50:34.542481,1244.1876627445974,91570,77,3.025954839095019,9.029146600305857,0.4841760271629486,9.535004847578039,0.1888337978235839,True,hand_fine_motor,P10,4,0.34
2026-04-03T17:50:34.603388,1295.8981167710208,91431,80,2.991718372240363,9.610871017433775,0.5116751279477857,10.078741586582595,0.5437367390045562,True,hand_fine_motor,P10,4,0.34
2026-04-03T17:50:34.603429,1251.8693518944026,91431,77,2.8294658714932783,9.67240265838084,0.7256565657605487,10.103852124572555,0.02511053798995988,True,hand_fine_motor,P10,4,0.34
2026-04-03T17:50:34.603437,1242.8787015230912,91372,77,2.7093340436754563,10.489744736941784,1.9448646156266642,11.007167391274347,0.9033152667017923,True,hand_fine_motor,P10,4,0.34
2026-04-03T17:50:34.662780,1187.5990546024057,91372,79,2.638772154475554,10.535855286674149,1.87859357403215,11.022544121996974,0.01537673072262713,True,hand_fine_motor,P10,4,0.34
2026-04-03T17:50:34.664219,1216.8398284158675,91365,79,1.8749215812475162,9.745551638815666,2.527352780933225,10.241026304035222,0.7815178179617526,True,hand_fine_motor,P10,4,0.34
2026-04-03T17:50:34.664601,1219.3731528876,91365,79,1.5042565669174204,7.94776585732868,2.74153816473243,8.540831426197224,1.7001948778379976,True,hand_fine_motor,P10,4,0.34
2026-04-03T17:50:34.722993,1234.864833642893,91352,79,1.4441899242646856,7.841232057502752,2.58073052264895,8.380380346230616,0.16045107996660768,True,hand_fine_motor,P10,4,0.34
2026-04-03T17:50:34.723398,1371.7713013640684,91352,77,1.438394882106973,7.722106971329963,2.464731673949876,8.232546273061944,0.14783407316867248,True,hand_fine_motor,P10,4,0.34
2026-04-03T17:50:34.723659,1218.1410834416558,91312,78,0.9538532871577282,8.671150663861953,2.747047192922711,9.145761762092851,0.9132154890309074,True,hand_fine_motor,P10,4,0.34
2026-04-03T17:50:34.844735,1215.3098660675357,91312,77,0.8613794623549281,8.356656795843515,2.7300309111397985,8.83338871314193,0.31237304895092066,True,hand_fine_motor,P10,4,0.34
2026-04-03T17:50:34.845048,1156.8742738830492,91272,77,0.915739889765045,8.590950221612198,3.0123313012962627,9.149707379184036,0.3163186660421058,True,hand_fine_motor,P10,4,0.34
2026-04-03T17:50:34.845284,1239.1017086374356,91272,79,0.3270265334574234,8.629159997781809,2.391805403920998,8.960473297272227,0.18923408191180968,True,hand_fine_motor,P10,4,0.34
2026-04-03T17:50:34.845492,1175.87909997306,91252,78,0.3359196442048426,8.711074131926946,2.3231780575371825,9.021796430108127,0.061323132835900296,True,hand_fine_motor,P10,4,0.34
2026-04-03T17:50:34.845674,1233.5033536221201,91258,79,-0.3210984718558092,9.197365997335435,2.0325213558526363,9.42474342247932,0.40294699237119325,True,hand_fine_motor,P10,4,0.34
2026-04-03T17:50:34.845846,1283.3794390606422,91258,78,-0.41051766812927815,8.894307276162804,2.2555157160018444,9.185019206500344,0.23972421597897586,True,hand_fine_motor,P10,4,0.34
2026-04-03T17:50:34.901315,1158.8360037524262,91258,76,-0.6111226376142214,8.60782440268869,1.7131778764457666,8.797902605852755,0.38711660064758924,True,hand_fine_motor,P10,4,0.34
2026-04-03T17:50:34.901767,1211.5812609573222,91287,77,-0.7057499272093465,8.503238174794044,1.972537674465245,8.757513762148221,0.04038884370453388,True,hand_fine_motor,P10,4,0.34
2026-04-03T17:50:34.902076,1266.4858952078641,91287,78,-0.9841544596859597,8.745063795972486,1.5400420350841304,8.934004156366536,0.17649039421831425,True,hand_fine_motor,P10,4,0.34
2026-04-03T17:50:34.962469,1186.67440763454,91280,79,-1.124332849447486,8.771885026654573,1.6582898480326094,8.997778420103565,0.0637742637370291,True,hand_fine_motor,P10,4,0.34
2026-04-03T17:50:34.962798,1197.094960532629,91280,80,-1.0263897617736586,8.760129473324678,1.543725767443126,8.954129414831648,0.04364900527191651,True,hand_fine_motor,P10,4,0.34
2026-04-03T17:50:34.963011,1167.6449381654936,91242,79,-1.4830115684606495,8.169887613132477,1.5815745558477343,8.452677977961102,0.5014514368705463,True,hand_fine_motor,P10,4,0.34
2026-04-03T17:50:35.022594,1307.4974797988107,91242,78,-1.4154866348357882,8.305888737444143,1.865759575060178,8.629742112260884,0.17706413429978163,True,hand_fine_motor,P10,4,0.34
2026-04-03T17:50:35.022881,1268.9354280827345,91252,78,-1.916072175284674,7.932132681480013,1.524792252071092,8.301509071818176,0.32823304044270785,True,hand_fine_motor,P10,4,0.34
2026-04-03T17:50:35.023102,1152.7594730948922,91252,78,-1.68150617619953,7.998343046685461,1.5837867273317152,8.325222814479558,0.023713742661382042,True,hand_fine_motor,P10,4,0.34
2026-04-03T17:50:35.081832,1226.6226961748566,91270,78,-2.145339914699503,7.339603014549419,1.519635907075837,7.7962522439220745,0.5289705705574832,True,hand_fine_motor,P10,4,0.34
2026-04-03T17:50:35.082121,1256.9428185861964,91270,76,-3.0953987040891664,8.195110275960992,1.25682337229379,8.849911330718646,1.0536590867965714,True,hand_fine_motor,P10,4,0.34
2026-04-03T17:50:35.082329,1278.8698068456374,91286,78,-2.88832840287345,8.12864430658825,1.3598909553768541,8.7330752107371,0.11683611998154575,True,hand_fine_motor,P10,4,0.34
2026-04-03T17:50:35.148509,1263.9872900680195,91053,77,-3.9753003782363483,8.150848244610716,0.9930843862028687,9.122804218111861,0.38972900737476124,True,hand_fine_motor,P10,4,0.34
2026-04-03T17:50:35.201747,1318.9100154733273,91053,77,-3.9382756830772765,8.056879630628828,1.3516326148212898,9.069191555139197,0.05361266297266454,True,hand_fine_motor,P10,4,0.34
2026-04-03T17:50:35.202300,1251.6965822737156,91053,79,-4.842238364590944,7.64600654250408,1.068572035930453,9.113206604895124,0.044015049755927294,True,hand_fine_motor,P10,4,0.34
2026-04-03T17:50:35.202711,1174.652483650138,90505,80,-5.745360797513622,7.400527262166302,1.1496732901716538,9.439211997079372,0.32600539218424807,True,hand_fine_motor,P10,4,0.34
2026-04-03T17:50:35.202937,1228.8078471440992,90505,79,-5.861914068511273,7.277124871566647,1.3508713718099437,9.441580185867192,0.002368188787819747,True,hand_fine_motor,P10,4,0.34
2026-04-03T17:50:35.261519,1285.273890700112,89983,77,-6.270103829372965,7.192870668112684,1.5160259687095505,9.661776504200201,0.22019631833300934,True,hand_fine_motor,P10,4,0.34
2026-04-03T17:50:35.262343,1227.2871590435848,89983,79,-6.4026390233837365,7.0285539257851735,1.4860666449105195,9.623032309232991,0.03874419496720982,True,hand_fine_motor,P10,4,0.34
2026-04-03T17:50:35.262655,1262.9115237420654,89604,78,-6.313332543557376,7.084812150350388,1.5752195807804064,9.619461925646732,0.0035703835862594957,True,hand_fine_motor,P10,4,0.34
2026-04-03T17:50:35.263541,1323.9055963224823,89604,78,-6.321179269518832,7.356425045712186,1.4153525599007815,9.80191408243277,0.182452156786038,True,hand_fine_motor,P10,4,0.34
2026-04-03T17:50:35.321333,1234.9450013833266,89330,78,-6.374349694501704,7.30872077577911,1.3723729931449273,9.794546494780283,0.007367587652487018,True,hand_fine_motor,P10,4,0.34
2026-04-03T17:50:35.322488,1223.7198129513802,89330,77,-6.246478965838174,7.168751941462967,1.4868147257158535,9.623934844827936,0.17061164995234712,True,hand_fine_motor,P10,4,0.34
2026-04-03T17:50:35.324161,1261.7411041658327,89099,78,-6.469295136811809,7.441195317393517,1.4997173887414912,9.97358108027752,0.34964623544958506,True,hand_fine_motor,P10,4,0.34
2026-04-03T17:50:35.381597,1408.9675148171298,89099,77,-6.477093711461707,7.275819020867297,1.6163396586659187,9.874352599722547,0.09922848055497369,True,hand_fine_motor,P10,4,0.34
2026-04-03T17:50:35.383135,1172.969556049984,88829,80,-6.430833180896251,7.2891830353524645,1.4122780802174153,9.822542140365139,0.05181045935740869,True,hand_fine_motor,P10,4,0.34
2026-04-03T17:50:35.383446,1209.3458718471134,88829,77,-6.531915047804353,7.332908718728922,1.6830844002946728,9.963445065210069,0.14090292484493006,True,hand_fine_motor,P10,4,0.34
2026-04-03T17:50:35.441692,1243.5083306109386,88722,78,-6.43056295004286,7.181164009847038,1.498614824852761,9.755362770499863,0.20808229471020567,True,hand_fine_motor,P10,4,0.34
2026-04-03T17:50:35.502002,1278.2664805774511,88722,79,-6.4547828413327535,7.152200263823329,1.4916830954869646,9.749015775962198,0.006346994537665296,True,hand_fine_motor,P10,4,0.34
2026-04-03T17:50:35.502490,1217.433243876934,88655,79,-6.505264393998363,7.156751668328016,1.4882870407337951,9.785323581443533,0.03630780548133572,True,hand_fine_motor,P10,4,0.34
2026-04-03T17:50:35.502826,1278.97102563167,88655,77,-6.9658186250497485,5.469055118868531,5.77184424700694,10.57106328720149,0.7857397057579565,True,hand_fine_motor,P10,4,0.34
2026-04-03T17:50:35.503100,1275.5635361059467,88552,78,-7.170248387386106,5.468535109216619,5.608976100887627,10.619696374090761,0.04863308688927148,True,hand_fine_motor,P10,4,0.34
2026-04-03T17:50:35.503512,1297.6211976050843,88552,77,-7.182740258614263,5.72898122762831,5.406009773404672,10.660109061326835,0.04041268723607416,True,hand_fine_motor,P10,4,0.34
2026-04-03T17:50:35.562752,1234.3229367629554,88544,79,-6.921678764053939,5.819987698014495,5.41767578644018,10.54196872717689,0.1181403341499454,True,hand_fine_motor,P10,4,0.34
2026-04-03T17:50:35.562812,1299.2446857682382,88544,76,-7.355574989082893,5.524188804553417,5.458917456426385,10.696771716945811,0.15480298976892115,True,hand_fine_motor,P10,4,0.34
2026-04-03T17:50:35.563141,1289.0361998635458,88572,78,-7.682084426980991,5.5243212959484875,5.338697190366342,10.864356152785092,0.16758443583928084,True,hand_fine_motor,P10,4,0.34
2026-04-03T17:50:35.628607,1293.7363154998632,88572,78,-7.781461481383193,5.5477735141573765,5.390718373889269,10.97218202260716,0.10782586982206865,True,hand_fine_motor,P10,4,0.34
2026-04-03T17:50:35.628834,1305.1505555375975,88628,78,-7.568407772087322,5.333226468098111,5.377311798647542,10.70698757562033,0.2651944469868308,True,hand_fine_motor,P10,4,0.34
2026-04-03T17:50:35.628871,1306.0143750518293,88628,77,-7.539567337951746,5.542718524139536,5.478057309387884,10.843242880535618,0.13625530491528792,True,hand_fine_motor,P10,4,0.34
2026-04-03T17:50:35.684095,1176.266109672862,88594,80,-7.816577654272482,5.527220698996477,5.820846832818557,11.204075719657594,0.3608328391219757,True,hand_fine_motor,P10,4,0.34
2026-04-03T17:50:35.686057,1363.7701204372247,88594,78,-7.8279236003917445,3.9538794069345315,5.732704106205198,10.477282406590602,0.7267933130669917,True,hand_fine_motor,P10,4,0.34
2026-04-03T17:50:35.686359,1317.9400990295642,88446,78,-8.051034538695385,3.8685302559264585,5.801913473917195,10.651144701068818,0.17386229447821577,True,hand_fine_motor,P10,4,0.34
2026-04-03T17:50:35.742273,1298.414298009044,88446,78,-7.70614748843677,4.022680046643455,5.910677789012685,10.512030051171449,0.139114649897369,True,hand_fine_motor,P10,4,0.34
2026-04-03T17:50:35.742621,1273.064934120982,88424,79,-7.483274780345196,3.914437512512684,5.855339672562911,10.276537605565704,0.235492445605745,True,hand_fine_motor,P10,4,0.34
2026-04-03T17:50:35.742841,1269.5692799284939,88424,78,-7.414163513662375,3.948971530596543,5.731772558006484,10.169435255386635,0.1071023501790691,True,hand_fine_motor,P10,4,0.34
2026-04-03T17:50:35.802306,1385.092249716453,88342,77,-7.811356266970376,4.169780680711543,6.169933765326019,10.792239819577896,0.6228045641912612,True,hand_fine_motor,P10,4,0.34
2026-04-03T17:50:35.802629,1336.3292166603314,88342,78,-7.4397348067805815,2.9261259011013356,6.316291127982191,10.188591678821227,0.6036481407566683,True,hand_fine_motor,P10,4,0.34
2026-04-03T17:50:35.803012,1286.2726512636225,87871,78,-7.62186639111645,3.140255858599323,6.363679203396506,10.413955403459296,0.22536372463806842,True,hand_fine_motor,P10,4,0.34
2026-04-03T17:50:35.923578,1315.3473332587268,87871,78,-7.664730833861927,2.104052784635819,6.547506126322035,10.2978140083375,0.11614139512179555,True,hand_fine_motor,P10,4,0.34
2026-04-03T17:50:35.924015,1372.7616782356563,87588,78,-7.705225678341922,1.867816208564698,6.537789210807801,10.276279867155798,0.021534141181701827,True,hand_fine_motor,P10,4,0.34
2026-04-03T17:50:35.924316,1335.6489492959734,87588,78,-8.406514610844177,2.546208722450294,7.022608584632982,11.245874714471055,0.9695948473152569,True,hand_fine_motor,P10,4,0.34
2026-04-03T17:50:35.924581,1338.4590718641646,87467,78,-8.496765818536884,2.6108870438444334,6.870692039649145,11.23468600515696,0.011188709314096101,True,hand_fine_motor,P10,4,0.34
2026-04-03T17:50:35.924834,1314.7682064976734,87467,79,-8.610380884629667,1.7354973230066568,7.413414336998551,11.493881940779403,0.2591959356224436,True,hand_fine_motor,P10,4,0.34
2026-04-03T17:50:35.925035,1235.540727617981,87190,78,-8.839725673994444,1.6480088328672235,7.365249278511181,11.623406559150135,0.12952461837073237,True,hand_fine_motor,P10,4,0.34
2026-04-03T17:50:35.981344,1276.8249221259807,87190,80,-8.971314226817984,1.50414690267333,7.606634811240313,11.857817253301786,0.2344106941516504,True,hand_fine_motor,P10,4,0.34
2026-04-03T17:50:35.982307,1315.2057470043094,86904,77,-9.41253007352746,1.8485029515413567,7.578115063245107,12.224586433033158,0.3667691797313726,True,hand_fine_motor,P10,4,0.34
2026-04-03T17:50:35.982949,1338.1385423050785,86904,77,-9.46268001107017,1.9816264673178725,7.388358696246953,12.16786754827195,0.056718884761208344,True,hand_fine_motor,P10,4,0.34
2026-04-03T17:50:36.041570,1345.9213489449407,86630,78,-9.16187146578706,2.1406442148309766,7.663605442381383,12.134788617301497,0.03307893097045245,True,hand_fine_motor,P10,4,0.34
2026-04-03T17:50:36.042800,1330.50120206388,86630,79,-9.138035876700057,2.38694657640795,7.720140270068297,12.198433482706426,0.0636448654049282,True,hand_fine_motor,P10,4,0.34
2026-04-03T17:50:36.043148,1362.3009020788058,86916,79,-8.70259626640096,4.507028258838986,7.725906262110812,12.479507725582454,0.2810742428760289,True,hand_fine_motor,P10,4,0.34
2026-04-03T17:50:36.102448,1360.7798312571008,86916,80,-8.701407788469265,7.1071295092861035,7.0617243941717,13.270031604417474,0.7905238788350193,True,hand_fine_motor,P10,4,0.34
2026-04-03T17:50:36.102779,1406.617310738405,87125,79,-8.551580979633968,7.210927041916903,7.1591628353487815,13.28083651575175,0.010804911334275857,True,hand_fine_motor,P10,4,0.34
2026-04-03T17:50:36.103030,1386.073312546904,87125,77,-8.173684038121683,9.218278978566,6.756245626149564,14.05107230934999,0.7702357935982409,True,hand_fine_motor,P10,4,0.34
2026-04-03T17:50:36.161794,1297.696008056446,87081,79,-8.158196865793306,9.137579513744171,6.597668578960018,13.913330519643138,0.1377417897068529,True,hand_fine_motor,P10,4,0.34
2026-04-03T17:50:36.162061,1312.0648361762235,87081,77,-6.447921665341816,9.17314225860842,5.405412541629679,12.447518525564018,1.4658119940791199,True,hand_fine_motor,P10,4,0.34
2026-04-03T17:50:36.162267,1343.7115883407828,87187,78,-6.039928138998354,10.92455612016534,4.0384261349161825,13.120043597262937,0.6725250716989191,True,hand_fine_motor,P10,4,0.34
2026-04-03T17:50:36.222573,1249.6339975571004,87187,77,-6.062244042399722,11.179345876437187,4.074197827036926,13.353938182740569,0.23389458547763198,True,hand_fine_motor,P10,4,0.34
2026-04-03T17:50:36.222926,1333.7268847348487,87420,78,-5.771337670746142,10.56786629765005,3.416060052638309,12.516293496000026,0.8376446867405427,True,hand_fine_motor,P10,4,0.34
2026-04-03T17:50:36.223148,1349.0245290492,87420,78,-5.735909214958153,10.71158105551974,3.3239107151935063,12.597103066728852,0.08080957072882633,True,hand_fine_motor,P10,4,0.34
2026-04-03T17:50:36.281647,1328.2670189897976,87454,77,-5.835048972916589,10.355872682563124,3.4768702551457267,12.384689027380105,0.21241403934874725,True,hand_fine_motor,P10,4,0.34
2026-04-03T17:50:36.282102,1365.1272726024058,87454,78,-5.891672388951364,10.73599187640339,3.2310190416485876,12.665417843736037,0.28072881635593205,True,hand_fine_motor,P10,4,0.34
2026-04-03T17:50:36.282356,1374.496095306551,87740,76,-5.694140027012967,10.663020337628977,3.441995477274922,12.56863422307696,0.09678362065907642,True,hand_fine_motor,P10,4,0.34
2026-04-03T17:50:36.341833,1357.3353135026905,87740,79,-5.853238499851536,10.617227226716698,3.2446672572385205,12.550449415462154,0.018184807614806786,True,hand_fine_motor,P10,4,0.34
2026-04-03T17:50:36.342101,1304.842664241501,88099,79,-5.657242813656886,10.42492532599762,3.3653377161099405,12.329191467763454,0.22125794769869955,True,hand_fine_motor,P10,4,0.34
2026-04-03T17:50:36.342313,1331.376963742741,88099,81,-5.766279380273413,10.506537939605252,3.311345614182753,12.433918414735487,0.10472694697203266,True,hand_fine_motor,P10,4,0.34
2026-04-03T17:50:36.401746,1251.3519696723156,88425,78,-5.663220448419354,10.402272595996017,3.219504383217537,12.273734129528869,0.16018428520661843,True,hand_fine_motor,P10,4,0.34
2026-04-03T17:50:36.402006,1404.9629811166908,88425,79,-5.846560126795029,10.431652213097756,3.3358074692396587,12.414879970547116,0.1411458410182469,True,hand_fine_motor,P10,4,0.34
2026-04-03T17:50:36.402212,1324.4695285069258,88646,78,-5.819201762486545,10.551372789146194,3.2692053094926106,12.485282545608486,0.0704025750613706,True,hand_fine_motor,P10,4,0.34
2026-04-03T17:50:36.489518,1372.0667445746687,88646,78,-5.839882226669271,10.614185530261945,3.4573179110518737,12.598341399972847,0.11305885436436114,True,hand_fine_motor,P10,4,0.34
2026-04-03T17:50:36.489859,1374.5184585620468,88694,78,-5.78309671234718,10.519525175763945,3.387587166337437,12.47318581267137,0.12515558730147802,True,hand_fine_motor,P10,4,0.34
2026-04-03T17:50:36.490074,1404.713208910339,88694,78,-1.141401205224889,8.334416032568067,-1.6707403480248106,8.57651797792872,3.896667834742649,True,hand_fine_motor,P10,4,0.34
2026-04-03T17:50:36.533788,1375.7620718959345,88961,78,-1.019967572521465,8.336069296649598,-1.5723793285226482,8.544165372949237,0.03235260497948289,True,hand_fine_motor,P10,4,0.34
2026-04-03T17:50:36.534578,1429.0496626307056,88961,77,-0.6362501664963601,6.040124859654094,-0.961442990661671,6.149170287028202,2.3949950859210354,True,hand_fine_motor,P10,4,0.34
2026-04-03T17:50:36.534905,1423.3211682228061,89388,77,-0.4384302238891659,6.289656593314436,-1.0491677794580023,6.391615926547534,0.24244563951933173,True,hand_fine_motor,P10,4,0.34
2026-04-03T17:50:36.581090,1337.4473380204447,89388,77,1.1367398846835663,6.749581978764819,-0.5814053670709413,6.869284289819144,0.47766836327161055,True,hand_fine_motor,P10,4,0.34
2026-04-03T17:50:36.581907,1448.1827003265657,89884,77,1.9902451639510939,4.082443544283762,-0.04632298351843542,4.541978305066739,2.327305984752405,True,hand_fine_motor,P10,4,0.34
2026-04-03T17:50:36.582409,1400.0445005038594,89884,78,2.039777348673965,3.907173461639674,-0.20799021984270394,4.412477311335998,0.12950099373074142,True,hand_fine_motor,P10,4,0.34
2026-04-03T17:50:36.640881,1326.735810420697,90345,78,2.2306553328346195,2.601607889307752,0.5737372160101981,3.474674260509465,0.9378030508265329,True,hand_fine_motor,P10,4,0.34
2026-04-03T17:50:36.701333,1379.6484310545177,90345,76,2.1052948918735197,2.5690523996501144,0.5449369032798207,3.3658955780672914,0.10877868244217348,True,hand_fine_motor,P10,4,0.34
2026-04-03T17:50:36.701880,1382.4100666141107,90804,79,2.9384877948981525,5.246555800056156,0.8151664950407962,6.0684062733559125,2.702510695288621,True,hand_fine_motor,P10,4,0.34
2026-04-03T17:50:36.702229,1420.134391889386,90804,76,2.839178083013042,5.279984685301184,0.9889213896118261,6.075947331808304,0.0075410584523911695,True,hand_fine_motor,P10,4,0.34
2026-04-03T17:50:36.702567,1310.8350485603726,91211,79,3.002965736976565,5.09239529223244,1.4347041568509133,6.083475079877586,0.0075277480692825804,True,hand_fine_motor,P10,4,0.34
2026-04-03T17:50:36.703394,1371.795351196606,91211,78,3.3420147552143527,5.204036464370294,1.7481568253556536,6.427060792664379,0.3435857127867923,True,hand_fine_motor,P10,4,0.34
2026-04-03T17:50:36.763774,1376.7491388100375,91419,78,3.192333690972097,4.881849913832933,2.7778630124085097,6.460648256283067,0.03358746361868814,True,hand_fine_motor,P10,4,0.34
2026-04-03T17:50:36.764342,1247.9553353491476,91419,78,3.25455691315373,4.892109514064538,2.801373380611249,6.509421557723451,0.04877330144038439,True,hand_fine_motor,P10,4,0.34
2026-04-03T17:50:36.764615,1343.0754776622612,91575,79,2.9967637293328804,7.181082323413091,4.154198826516823,8.820765503929623,2.311343946206172,True,hand_fine_motor,P10,4,0.34
2026-04-03T17:50:36.824616,1365.4275199457436,91575,79,3.019718540051755,7.309306194092662,4.192704260990462,8.951168980656172,0.13040347672654917,True,hand_fine_motor,P10,4,0.34
2026-04-03T17:50:36.825724,1372.8661356714788,91690,78,2.997045536097564,7.995683595906719,5.686522269434812,10.259131231837918,1.3079622511817455,True,hand_fine_motor,P10,4,0.34
2026-04-03T17:50:36.827908,1367.8570142095161,91690,78,2.5462014285593115,8.029713391402451,7.0459715947986705,10.982037815340789,0.722906583502871,True,hand_fine_motor,P10,4,0.34
2026-04-03T17:50:36.881915,1346.725202239428,91764,78,2.4667259714193484,8.001273847844963,7.149093011224225,11.009752544422492,0.027714729081703027,True,hand_fine_motor,P10,4,0.34
2026-04-03T17:50:36.882548,1457.4560356414795,91764,78,1.1241712441139313,8.45456133833374,8.427743143848584,11.990422132203147,0.980669587780655,True,hand_fine_motor,P10,4,0.34
2026-04-03T17:50:36.942016,1370.3718561704754,91814,79,1.0969360329820914,8.400475318484686,8.23599497420491,11.815365735010213,0.1750563971929342,True,hand_fine_motor,P10,4,0.34
2026-04-03T17:50:36.942506,1310.7411404253853,91814,78,0.2582146221461806,7.8244619014218735,9.02997172922371,11.951119958751645,0.13575422374143287,True,hand_fine_motor,P10,4,0.34
2026-04-03T17:50:36.942817,1332.6705694520551,91797,78,0.24522054523887277,6.609500418174824,8.126519840302418,10.47787925147495,1.4732407072766946,True,hand_fine_motor,P10,4,0.34
2026-04-03T17:50:36.943274,1320.0008267915123,91797,77,0.14007381490025225,6.6422296568020185,8.244983696252955,10.588606690155132,0.11072743868018087,True,hand_fine_motor,P10,4,0.34
2026-04-03T17:50:37.001696,1341.226182726933,91782,76,0.7491616162129016,6.729923274384247,7.294313530601163,9.952895070732772,0.6357116194223593,True,hand_fine_motor,P10,4,0.34
2026-04-03T17:50:37.002181,1367.13962844361,91782,77,0.8940691986485529,6.644160274676947,7.332923943795078,9.935592536585348,0.017302534147423998,True,hand_fine_motor,P10,4,0.34
2026-04-03T17:50:37.002593,1261.619684421997,91791,78,2.08317812405155,7.094517939487767,6.401614872036605,9.780209039694444,0.15538349689090403,True,hand_fine_motor,P10,4,0.34
2026-04-03T17:50:37.061476,1397.3945139446191,91791,78,1.9909283639464956,7.131933555093158,6.449049321036949,9.819292700077614,0.03908366038317013,True,hand_fine_motor,P10,4,0.34
2026-04-03T17:50:37.062540,1374.9636713935959,91701,79,2.116204733573805,6.4782133640576784,6.449936763713808,9.383349887996431,0.43594281208118346,True,hand_fine_motor,P10,4,0.34
2026-04-03T17:50:37.062832,1233.0324936461507,91701,76,1.789737436364461,6.542562098056302,7.029173689237899,9.768191319354964,0.38484143135853266,True,hand_fine_motor,P10,4,0.34
2026-04-03T17:50:37.121897,1284.3690637518832,91235,77,1.9490668483037707,6.153241986968404,6.978149590600837,9.50556785458661,0.2626234647683532,True,hand_fine_motor,P10,4,0.34
2026-04-03T17:50:37.122181,1286.9580721711875,91235,79,1.1747881153116992,4.787350691759941,7.748383003903717,9.183479348098736,0.3220885064878747,True,hand_fine_motor,P10,4,0.34
2026-04-03T17:50:37.122396,1333.4306457752357,90827,78,1.0778175313076417,4.705677363163981,7.755469809810795,9.135228625922544,0.048250722176192085,True,hand_fine_motor,P10,4,0.34
2026-04-03T17:50:37.187625,1363.5681914653642,90827,77,1.7073107043451032,4.9489600356212415,7.802403556306242,9.395989385413749,0.26076075949120536,True,hand_fine_motor,P10,4,0.34
2026-04-03T17:50:37.188178,1454.501539463435,90714,79,2.8982321308103027,7.229125084247047,6.937851983671302,10.430426123370173,1.0344367379564243,True,hand_fine_motor,P10,4,0.34
2026-04-03T17:50:37.188284,1442.3917077674987,90714,77,2.73945852926104,7.2987098077266985,7.183032853583592,10.600554649008146,0.17012852563797232,True,hand_fine_motor,P10,4,0.34
2026-04-03T17:50:37.242561,1369.367340062158,90837,79,2.921549112833471,6.832580215919313,6.914278713071894,10.150214369544575,0.45034027946357114,True,hand_fine_motor,P10,4,0.34
2026-04-03T17:50:37.243625,1336.85291437686,90837,78,2.8850165618615504,6.7710099108190605,6.943359548912548,10.11830705207647,0.03190731746810371,True,hand_fine_motor,P10,4,0.34
2026-04-03T17:50:37.244012,1236.689297966383,91031,78,2.9206517425309273,6.772953960390912,6.758266049646382,10.003862851345314,0.1144442007311568,True,hand_fine_motor,P10,4,0.34
2026-04-03T17:50:37.301287,1385.7275301785937,91031,78,2.8166189562292794,6.88143530565411,7.009824468388599,10.218861643456794,0.21499879211147999,True,hand_fine_motor,P10,4,0.34
2026-04-03T17:50:37.301781,1411.6926303527978,91301,80,2.836585498985798,6.80395267440831,7.054159119259093,10.202997116949055,0.015864526507739285,True,hand_fine_motor,P10,4,0.34
2026-04-03T17:50:37.301818,1377.1026265687617,91301,78,2.8217797301667615,6.825819411517263,6.764593424365053,10.015686480775484,0.1873106361735708,True,hand_fine_motor,P10,4,0.34
2026-04-03T17:50:37.360647,1247.8272168325984,91583,78,3.009965374288057,6.85976270641678,6.83996126006778,10.144028094499124,0.12834161372363972,True,hand_fine_motor,P10,4,0.34
2026-04-03T17:50:37.362194,1291.0503423217313,91583,79,2.770361055265355,6.933000761334874,7.0544925854906415,10.271672968506316,0.12764487400719204,True,hand_fine_motor,P10,4,0.34
2026-04-03T17:50:37.362454,1347.8523864212914,91831,78,2.968254928607525,6.931706169517937,6.905462528598232,10.224700507868686,0.04697246063762961,True,hand_fine_motor,P10,4,0.34
2026-04-03T17:50:37.433529,1325.0867751561202,91831,78,2.805557848057289,6.8335079143928645,6.786859816708429,10.031423200449542,0.1932773074191445,True,hand_fine_motor,P10,4,0.34
2026-04-03T17:50:37.433996,1348.2152221744718,92023,78,2.7719293941368974,7.004836575124442,6.781812270378955,10.136286582419809,0.1048633819702669,True,hand_fine_motor,P10,4,0.34
2026-04-03T17:50:37.434426,1422.5841015210578,92023,78,2.740215846651986,6.955230406862323,6.804915259915956,10.108950716737219,0.0273358656825895,True,hand_fine_motor,P10,4,0.34
2026-04-03T17:50:37.484045,1405.2534830467725,92224,78,2.8891536599333247,6.943312975436599,6.980437390882453,10.260765571515714,0.151814854778495,True,hand_fine_motor,P10,4,0.34
2026-04-03T17:50:37.484478,1361.7084780661553,92224,79,2.2742446512049286,4.899064328373871,7.375436018455553,9.141667051988442,1.119098519527272,True,hand_fine_motor,P10,4,0.34
2026-04-03T17:50:37.484808,1318.7684226435492,92443,77,2.3751222524450144,5.083940894964473,7.242600175493127,9.162036784449445,0.0203697324610026,True,hand_fine_motor,P10,4,0.34
2026-04-03T17:50:37.541599,1371.072629572215,92443,77,2.017809254087306,5.486601296588049,7.04934345633146,9.157925045496125,0.004111738953319843,True,hand_fine_motor,P10,4,0.34
2026-04-03T17:50:37.542370,1348.5907068293702,92599,77,1.7019795084173734,5.475559671651843,7.212952907311004,9.214400556084966,0.05647551058884126,True,hand_fine_motor,P10,4,0.34
2026-04-03T17:50:37.542404,1365.7798303267568,92599,79,1.9737809553818844,5.569691156030216,6.695051769448518,8.929781017974918,0.28461953811004825,True,hand_fine_motor,P10,4,0.34
2026-04-03T17:50:37.668584,1313.169832875902,92708,78,1.6998846464535693,5.217368922482327,6.038188833936041,8.159060649290632,0.7707203686842856,True,hand_fine_motor,P10,4,0.34
2026-04-03T17:50:37.668624,1160.8515505606968,92708,78,1.7744739369681557,5.20292154678695,5.988176455489392,8.12880111929654,0.030259529994092205,True,hand_fine_motor,P10,4,0.34
2026-04-03T17:50:37.668633,1469.4814050550378,92778,79,1.8956513508415578,5.690538827525296,5.323922467607286,8.019967371044228,0.10883374825231229,True,hand_fine_motor,P10,4,0.34
2026-04-03T17:50:37.668641,1314.703035740014,92778,79,1.8579030968205714,5.672369680888095,5.243097839065409,7.944662149131726,0.07530522191250189,True,hand_fine_motor,P10,4,0.34
2026-04-03T17:50:37.668648,1386.1979076451303,92838,77,2.233815855317741,5.951952851387706,4.742030808055638,7.931111662633428,0.013550486498298042,True,hand_fine_motor,P10,4,0.34
2026-04-03T17:50:37.668655,1220.802821279214,92838,77,2.4359023231543637,5.95703442260354,4.662636953462192,7.9473305329414545,0.016218870308026823,True,hand_fine_motor,P10,4,0.34
2026-04-03T17:50:37.723002,1230.4072032899037,92783,76,2.2215034519492134,6.1228828380952995,3.9273641542439504,7.605850447918663,0.34148008502279126,True,hand_fine_motor,P10,4,0.34
2026-04-03T17:50:37.723054,1368.298412275722,92783,77,2.0736281437486266,6.373677575240158,3.4582612181388384,7.542099851138857,0.06375059677980666,True,hand_fine_motor,P10,4,0.34
2026-04-03T17:50:37.723614,1181.3685859091122,92332,78,2.4915439592247917,6.893629623832094,3.511082622926953,8.127584012260014,0.5854841611211574,True,hand_fine_motor,P10,4,0.34
2026-04-03T17:50:37.781880,1353.5851335882578,92332,78,2.5084353334163207,6.802445824592166,2.9000930161415543,7.808716701271462,0.31886731098855225,True,hand_fine_motor,P10,4,0.34
2026-04-03T17:50:37.782177,1422.7527252085704,91885,78,2.3764598828592627,6.742437356279221,2.905952724280025,7.717032092322766,0.09168460894869579,True,hand_fine_motor,P10,4,0.34
2026-04-03T17:50:37.782397,1400.0000767052613,91885,78,2.0226670512952696,7.125412334845866,2.3562313001998128,7.772677073056001,0.055644980733235094,True,hand_fine_motor,P10,4,0.34
2026-04-03T17:50:37.840743,1304.1283936226525,91741,78,1.800738859300273,6.996646694281277,2.3340762497764884,7.592340702560828,0.18033637049517282,True,hand_fine_motor,P10,4,0.34
2026-04-03T17:50:37.841545,1324.6845156915624,91741,77,1.639892787794944,8.230858150617829,2.0390798898540186,8.63678881577296,1.0444481132121313,True,hand_fine_motor,P10,4,0.34
2026-04-03T17:50:37.901218,1251.9426020068022,91712,77,1.6607620778968744,8.362738465973287,2.0739165642507866,8.774659836433738,0.1378710206607785,True,hand_fine_motor,P10,4,0.34
2026-04-03T17:50:37.901944,1315.293698858262,91712,78,1.8647932420599598,9.638866831892562,1.7477099934779277,9.971945540359398,1.19728570392566,True,hand_fine_motor,P10,4,0.34
2026-04-03T17:50:37.902268,1308.9458957209183,91711,77,2.096121289502666,9.514790138534547,1.8237004702102944,9.912156135054866,0.059789405304531584,True,hand_fine_motor,P10,4,0.34
2026-04-03T17:50:37.903122,1266.7139786242378,91711,77,2.036628994377448,9.865877869178423,1.835448981493135,10.239740072577412,0.32758393752254555,True,hand_fine_motor,P10,4,0.34
2026-04-03T17:50:37.960470,1250.4316733668652,91745,78,1.99141189270468,12.087819450795552,1.7317162933003767,12.372547907440849,2.1328078348634367,True,hand_fine_motor,P10,4,0.34
2026-04-03T17:50:37.960847,1300.031725524303,91745,77,2.7314956857357604,12.192513467497966,1.5684523921232054,12.59279541018075,0.2202475027399018,True,hand_fine_motor,P10,4,0.34
2026-04-03T17:50:37.962510,1298.680006984717,91749,78,2.8122281516102503,14.071714479606282,1.6253352169121988,14.44172739458841,1.8489319844076597,True,hand_fine_motor,P10,4,0.34
2026-04-03T17:50:38.021027,1214.719151394168,91749,78,2.823570543240048,14.227875675088185,1.5651517142572582,14.589540661962646,0.14781326737423583,True,hand_fine_motor,P10,4,0.34
2026-04-03T17:50:38.023445,1232.4362524613466,91711,79,1.2621023194696424,11.790604424825556,2.152551193424839,12.05175222147557,2.537788440487075,True,hand_fine_motor,P10,4,0.34
2026-04-03T17:50:38.023885,1247.2237720800392,91711,78,1.133098537254086,11.940121069552562,2.2401928487634684,12.201183034868027,0.14943081339245623,True,hand_fine_motor,P10,4,0.34
2026-04-03T17:50:38.081376,1325.708180096231,91649,78,-0.6954345910721129,10.020660698566036,3.1491192630758063,10.526833438376457,1.6743495964915702,True,hand_fine_motor,P10,4,0.34
2026-04-03T17:50:38.081802,1178.2649586460932,91649,79,-2.3098217522272106,9.30145908849113,3.9477913320447295,10.365204971601079,0.1616284667753778,True,hand_fine_motor,P10,4,0.34
2026-04-03T17:50:38.081831,1202.9101067817833,91619,77,-2.284944893588071,9.264570035059865,3.9374284364743244,10.322624365616527,0.04258060598455238,True,hand_fine_motor,P10,4,0.34
2026-04-03T17:50:38.141724,1226.195623440494,91619,79,-2.2767716223748797,8.80162941884161,3.7365321882656395,9.829244235495162,0.4933801301213645,True,hand_fine_motor,P10,4,0.34
2026-04-03T17:50:38.142201,1250.1790129035837,91587,77,-2.2991576523919526,9.043007060240937,3.7733536851069105,10.064805047045363,0.2355608115502008,True,hand_fine_motor,P10,4,0.34
2026-04-03T17:50:38.142631,1240.8569890572298,91587,79,-1.8561640556945294,8.796285935230669,3.8426935943306515,9.776823886922536,0.28798116012282726,True,hand_fine_motor,P10,4,0.34
2026-04-03T17:50:38.217932,1280.9908410815167,91598,78,-2.121178877056709,8.82630918039517,3.7272923882269704,9.813044488013611,0.03622060109107572,True,hand_fine_motor,P10,4,0.34
2026-04-03T17:50:38.218399,1230.9564610562707,91598,77,-1.703715405246405,8.592776865934745,4.041853643136009,9.647540687778886,0.16550380023472577,True,hand_fine_motor,P10,4,0.34
2026-04-03T17:50:38.218662,1196.5714966510352,91611,78,-2.2099999884562376,7.702682046648825,4.983878442851712,9.436866799625006,0.21067388815387922,True,hand_fine_motor,P10,4,0.34
2026-04-03T17:50:38.264442,1329.0204204422475,91611,76,-2.2058917696829465,7.817540384564789,5.146824460523266,9.616116585779157,0.17924978615415021,True,hand_fine_motor,P10,4,0.34
2026-04-03T17:50:38.264826,1240.1063813869316,91573,80,-2.3262621768084752,8.018296436902904,4.8346443940375226,9.647712676178637,0.0315960903994803,True,hand_fine_motor,P10,4,0.34
2026-04-03T17:50:38.265122,1230.0952434405415,91573,78,-2.0871257225794784,7.833214520515556,5.010003009821753,9.529715298197091,0.11799737798154553,True,hand_fine_motor,P10,4,0.34
2026-04-03T17:50:38.384579,1218.1500738104962,91592,78,-2.1907303491007095,7.7618781786098445,4.9911368121162605,9.48459271657527,0.04512258162182192,True,hand_fine_motor,P10,4,0.34
2026-04-03T17:50:38.385001,1333.0169367819155,91592,79,-2.3094465850580006,7.857623938917391,5.184285831619436,9.692915819226624,0.20832310265135412,True,hand_fine_motor,P10,4,0.34
2026-04-03T17:50:38.385282,1296.2080473082542,91517,78,-2.2361706399427375,7.901000885439401,5.0996402574527275,9.666054255904456,0.026861563322167825,True,hand_fine_motor,P10,4,0.34
2026-04-03T17:50:38.387474,1258.1725327869128,91517,77,-2.192463835038854,7.900800722620998,4.982568712781166,9.594557869131204,0.07149638677325143,True,hand_fine_motor,P10,4,0.34
2026-04-03T17:50:38.387834,1175.948239231026,91115,77,-2.3065214584947484,7.855628606544074,4.894516390728703,9.538722804524841,0.055835064606363005,True,hand_fine_motor,P10,4,0.34
2026-04-03T17:50:38.388089,1218.1794610531065,91115,80,-2.247648835733811,7.880120578601444,5.107885788540136,9.656020031609494,0.11729722708465218,True,hand_fine_motor,P10,4,0.34
2026-04-03T17:50:38.441043,1169.9280228781427,90731,79,-2.350555277370485,7.930637317109746,5.028461467983051,9.680162348974225,0.02414231736473127,True,hand_fine_motor,P10,4,0.34
2026-04-03T17:50:38.441529,1239.8926610610645,90731,79,-2.017454517085924,7.864498661442969,5.038447488150345,9.555439027862466,0.12472332111175888,True,hand_fine_motor,P10,4,0.34
2026-04-03T17:50:38.442264,1150.6223041403905,90547,79,-2.1909750267502455,7.738638034571086,5.0816280416607595,9.513665631697725,0.04177339616474107,True,hand_fine_motor,P10,4,0.34
2026-04-03T17:50:38.500921,1244.7678955622778,90547,78,-3.9462014662398093,6.514190835156914,4.106879214524829,8.652955860958244,0.8607097707394811,True,hand_fine_motor,P10,4,0.34
2026-04-03T17:50:38.563994,1195.7835444125756,90492,79,-4.100081876268653,6.778936332041324,4.108878222635583,8.924546455390631,0.27159059443238753,True,hand_fine_motor,P10,4,0.34
2026-04-03T17:50:38.564299,1302.76699531641,90492,78,-4.286466043029346,6.913200133712049,3.9180814755481808,9.02870365422599,0.10415719883535957,True,hand_fine_motor,P10,4,0.34
2026-04-03T17:50:38.564506,1295.3772854343617,90448,78,-4.440633591772504,7.115734460315215,4.053463745248236,9.31576469969791,0.28706104547191913,True,hand_fine_motor,P10,4,0.34
2026-04-03T17:50:38.564701,1297.7751340039533,90448,76,-4.645479468166964,6.846015050016812,3.985488848916675,9.183274084935976,0.13249061476193447,True,hand_fine_motor,P10,4,0.34
2026-04-03T17:50:38.565127,1324.2175784982678,90407,77,-4.744274041838655,6.767245559156487,4.1730932208219755,9.258426198423662,0.07515211348768602,True,hand_fine_motor,P10,4,0.34
2026-04-03T17:50:38.621257,1327.8282428787618,90407,79,-4.6270607741648915,6.916200814210594,4.504130972383458,9.462067476333416,0.20364127790975495,True,hand_fine_motor,P10,4,0.34
2026-04-03T17:50:38.621532,1216.0835575570272,90396,78,-5.282949128521574,6.795734365617773,4.764012149351625,9.838057167030243,0.37598969069682653,True,hand_fine_motor,P10,4,0.34
2026-04-03T17:50:38.622263,1189.809197884911,90396,78,-5.034367223565143,6.716838074215891,4.4966116605777815,9.52261957042217,0.31543759660807247,True,hand_fine_motor,P10,4,0.34
2026-04-03T17:50:38.681347,1258.8620111425698,90357,79,-4.957391577390239,6.706723286099545,4.717093471335644,9.58158855854325,0.0589689881210802,True,hand_fine_motor,P10,4,0.34
2026-04-03T17:50:38.682456,1270.077555187273,90357,78,-5.0226153085721155,6.713612490826022,5.113642620938078,9.820824714327847,0.2392361557845959,True,hand_fine_motor,P10,4,0.34
2026-04-03T17:50:38.742610,1285.383483097157,90327,78,-4.889208317280209,6.527091074592482,5.025245022857821,9.579162980424966,0.24166173390288037,True,hand_fine_motor,P10,4,0.34
2026-04-03T17:50:38.744416,1262.1689167253314,90327,78,-5.079402757121933,6.51224213439302,4.977511275235891,9.642885900036466,0.06372291961150012,True,hand_fine_motor,P10,4,0.34
2026-04-03T17:50:38.744737,1194.02766418542,90334,78,-5.642560493069746,6.026807994556811,5.526593383680842,9.934995619010119,0.2921097189736521,True,hand_fine_motor,P10,4,0.34
2026-04-03T17:50:38.745112,1149.489257718342,90334,78,-5.28305411237187,6.000533905308964,5.43339269591082,9.66637595435791,0.2686196646522081,True,hand_fine_motor,P10,4,0.34
2026-04-03T17:50:38.804749,1318.802729932262,90345,77,-4.938467566288256,6.093498873502502,5.420527805933743,9.534217960564892,0.13215799379301885,True,hand_fine_motor,P10,4,0.34
2026-04-03T17:50:38.805100,1341.8885775643757,90345,77,-4.941171115995292,6.023966830481982,5.518787005474172,9.547793377743565,0.013575417178673277,True,hand_fine_motor,P10,4,0.34
2026-04-03T17:50:38.805369,1231.6594753045053,90341,79,-4.70998143780974,5.704576936907211,5.807748245056266,9.40510833810861,0.14268503963495505,True,hand_fine_motor,P10,4,0.34
2026-04-03T17:50:38.865134,1273.5579736179102,90341,79,-4.934343483319704,5.52983392047853,6.149532725785295,9.6303458683974,0.22523753028879057,True,hand_fine_motor,P10,4,0.34
2026-04-03T17:50:38.865488,1205.9516866531526,90289,77,-5.006334561794941,5.737786865012711,5.980556504435699,9.682594691284104,0.052248822886703294,True,hand_fine_motor,P10,4,0.34
2026-04-03T17:50:38.865718,1319.4447497269514,90289,79,-5.104827703161872,5.683976210432055,5.975672451541913,9.699253202584382,0.016658511300278178,True,hand_fine_motor,P10,4,0.34
2026-04-03T17:50:38.920560,1332.5812039172117,90221,77,-5.04636654023254,5.80121331260404,5.929072287180218,9.709469055685863,0.010215853101481542,True,hand_fine_motor,P10,4,0.34
2026-04-03T17:50:38.983548,1153.177752509172,90221,79,-5.4444374671344775,6.204435491367435,6.223905167928143,10.337984070380463,0.6285150146945995,True,hand_fine_motor,P10,4,0.34
2026-04-03T17:50:38.983868,1225.6744986813014,90202,79,-5.244452974514137,6.062841291146851,6.2548040612888025,10.16783680871405,0.17014726166641303,True,hand_fine_motor,P10,4,0.34
2026-04-03T17:50:38.984150,1295.0260896309485,90202,78,-5.795712579176197,6.106230243570416,6.959897556042711,10.923209513623938,0.7553727049098882,True,hand_fine_motor,P10,4,0.34
2026-04-03T17:50:38.984421,1229.1529609738238,90016,77,-5.685842690462656,6.202698549732929,6.595334216210118,10.691151005530626,0.23205850809331174,True,hand_fine_motor,P10,4,0.34
2026-04-03T17:50:38.984643,1189.3240879495634,90016,79,-5.614291257868785,6.085416356122319,6.744024486716233,10.678690220854383,0.012460784676243009,True,hand_fine_motor,P10,4,0.34
2026-04-03T17:50:39.042764,1303.1736350258768,89565,79,-5.918042929487294,6.344201983141545,6.8442176052880574,11.050585755817954,0.37189553496357064,True,hand_fine_motor,P10,4,0.34
2026-04-03T17:50:39.043027,1283.189261412337,89565,79,-5.865242131474798,6.459013876862998,6.5938419400230925,10.93611800651142,0.11446774930653447,True,hand_fine_motor,P10,4,0.34
2026-04-03T17:50:39.043231,1273.8584367585177,89194,79,-6.116976530062217,5.55613466259114,6.858545980698901,10.739072922163245,0.19704508434817392,True,hand_fine_motor,P10,4,0.34
2026-04-03T17:50:39.100749,1281.1330007006763,89194,78,-5.882635851470175,4.787160123592535,6.0944482177533805,9.729573767066782,1.0094991550964636,True,hand_fine_motor,P10,4,0.34
2026-04-03T17:50:39.101435,1243.6358982488493,89022,80,-5.772296630657255,4.990691629730498,6.06300247229747,9.746097183716381,0.016523416649599554,True,hand_fine_motor,P10,4,0.34
2026-04-03T17:50:39.101863,1362.3545518043754,89022,79,-6.1151657902105425,5.330351274718265,6.186738449392451,10.202138501061572,0.45604131734519093,True,hand_fine_motor,P10,4,0.34
2026-04-03T17:50:39.161704,1277.5848201576787,88979,78,-5.947680231874676,5.469618883666765,6.413892724385815,10.316474725075722,0.11433622401414922,True,hand_fine_motor,P10,4,0.34
2026-04-03T17:50:39.161986,1289.887446504623,88979,78,-6.528974276101345,5.140211527533122,5.777834687658493,10.120901803875343,0.1955729212003785,True,hand_fine_motor,P10,4,0.34
2026-04-03T17:50:39.162227,1355.523130234576,88922,78,-6.543890557611399,5.09561555033337,5.970144113977398,10.219120422446046,0.09821861857070324,True,hand_fine_motor,P10,4,0.34
2026-04-03T17:50:39.224757,1224.0421638030775,88922,79,-6.642903672583173,4.872199393040419,5.97155486105723,10.174770935376317,0.044349487069728966,True,hand_fine_motor,P10,4,0.34
2026-04-03T17:50:39.225048,1337.221769305569,88815,77,-7.025991347552108,4.947277085279645,6.145740796902078,10.564574526080865,0.3898035907045472,True,hand_fine_motor,P10,4,0.34
2026-04-03T17:50:39.225277,1219.87088384157,88815,78,-7.01657745712662,5.033023163582129,6.227104281770086,10.646149966680493,0.08157544059962873,True,hand_fine_motor,P10,4,0.34
2026-04-03T17:50:39.281420,1213.1449101147296,88643,79,-7.039824427069292,5.0528351256636075,6.184241408541147,10.645896513221253,0.0002534534592406601,True,hand_fine_motor,P10,4,0.34
2026-04-03T17:50:39.402423,1201.213824407667,88643,78,-7.048007649621301,4.93252595271435,6.108880806165504,10.550954876562512,0.09494163665874034,True,hand_fine_motor,P10,4,0.34
2026-04-03T17:50:39.404131,1182.1168631062774,88445,79,-7.1204753882139125,5.028199033390427,6.335280086725315,10.775886462412586,0.224931585850074,True,hand_fine_motor,P10,4,0.34
2026-04-03T17:50:39.404474,1233.6334423640478,88445,77,-7.0768224366548775,4.998408570148249,6.044821542671049,10.564344348648113,0.21154211376447307,True,hand_fine_motor,P10,4,0.34
2026-04-03T17:50:39.404717,1286.8091660484672,88357,78,-7.155100427276675,4.998299289900754,6.109879272381636,10.654064137169252,0.08971978852113871,True,hand_fine_motor,P10,4,0.34
2026-04-03T17:50:39.405422,1465.854703084449,88357,77,-7.103716933938774,4.955409202519497,6.14592620350093,10.6203240788981,0.03374005827115134,True,hand_fine_motor,P10,4,0.34
2026-04-03T17:50:39.461474,1342.299006298473,88229,79,-6.764070153759255,4.862596652144929,6.159086853206037,10.360108209462066,0.2602158694360348,True,hand_fine_motor,P10,4,0.34
2026-04-03T17:50:39.461932,1191.262357146255,88229,78,-7.005907250283705,4.897734527626793,6.166799579112942,10.540396432375443,0.18028822291337754,True,hand_fine_motor,P10,4,0.34
2026-04-03T17:50:39.462230,1188.2417984082704,88204,79,-7.037822288531224,4.890439600884719,6.269319438936986,10.61846073036396,0.07806429798851688,True,hand_fine_motor,P10,4,0.34
2026-04-03T17:50:39.462923,1305.1433551478638,88204,77,-6.906485582021047,4.959613588513557,6.341935167211273,10.607424367260132,0.011036363103828606,True,hand_fine_motor,P10,4,0.34
2026-04-03T17:50:39.463481,1208.169656880475,88160,78,-6.8900582957364325,5.119020760023889,6.140825405342182,10.554004620005525,0.05341974725460652,True,hand_fine_motor,P10,4,0.34
2026-04-03T17:50:39.463890,1385.301747701536,88160,76,-6.320064883066311,4.223653155019702,6.089845772261479,9.740055833002543,0.8139487870029818,True,hand_fine_motor,P10,4,0.34
2026-04-03T17:50:39.521543,1289.1864996049792,88105,78,-7.36902392371322,3.5673583984108035,5.99539775562077,10.14757871509615,0.4075228820936072,True,hand_fine_motor,P10,4,0.34
2026-04-03T17:50:39.522155,1352.001435662044,88105,77,-9.262944469790272,2.7317400863326093,8.120364590633077,12.617641032875447,2.4700623177792966,True,hand_fine_motor,P10,4,0.34
2026-04-03T17:50:39.522681,1255.3444723302184,87992,79,-9.511340291698351,2.6746526415695002,8.260125707012197,12.878238916605909,0.2605978837304619,True,hand_fine_motor,P10,4,0.34
2026-04-03T17:50:39.581212,1336.0063222759982,87992,79,-9.641679926419004,3.4270091646973517,8.047108043910837,13.01776983545205,0.1395309188461411,True,hand_fine_motor,P10,4,0.34
2026-04-03T17:50:39.641487,1220.447974121873,87566,79,-9.654481847633319,3.2671137366275174,8.16941406556725,13.062250115850235,0.044480280398184746,True,hand_fine_motor,P10,4,0.34
2026-04-03T17:50:39.643457,1328.0781915997297,87566,77,-8.286684455811349,4.06080694088208,7.8490945022606,12.11476688949148,0.947483226358754,True,hand_fine_motor,P10,4,0.34
2026-04-03T17:50:39.645711,1365.456999701049,87142,79,-8.639907092547022,6.17861567802842,9.684300564669105,14.373898694907838,2.2591318054163576,True,hand_fine_motor,P10,4,0.34
2026-04-03T17:50:39.647350,1402.1372003357426,87142,78,-8.556260061664455,6.074280850120934,9.636658730363314,14.24681247067103,0.12708622423680893,True,hand_fine_motor,P10,4,0.34
2026-04-03T17:50:39.647380,1241.6335185816793,86674,78,-7.739252191084544,6.3037654580865246,9.50213298304936,13.781292198314578,0.46552027235645177,True,hand_fine_motor,P10,4,0.34
2026-04-03T17:50:39.702723,1313.9366997824545,86674,77,-7.837277831936637,6.135429909071886,9.419610065957153,13.703849013280196,0.0774431850343813,True,hand_fine_motor,P10,4,0.34
2026-04-03T17:50:39.703973,1302.2762745406192,86334,78,-6.360136023118391,5.995881401616678,8.424797989954952,12.139981267957953,1.5638677453222432,True,hand_fine_motor,P10,4,0.34
2026-04-03T17:50:39.704011,1243.2119859881,86334,77,-6.808954016537226,6.357521931056058,8.97625461693846,12.936502110357583,0.7965208423996302,True,hand_fine_motor,P10,4,0.34
2026-04-03T17:50:39.761705,1308.5776425251304,86412,78,-6.850463139345159,6.230708459723561,9.087232361625277,12.974142173098274,0.03764006274069054,True,hand_fine_motor,P10,4,0.34
2026-04-03T17:50:39.762169,1345.4450745822335,86412,77,-5.416938171357357,5.7837972661550054,8.726863013250778,11.787861045174182,1.186281127924092,True,hand_fine_motor,P10,4,0.34
2026-04-03T17:50:39.762611,1274.24051511185,86819,77,-5.373077909090375,5.86799394961205,8.968810833091945,11.989282170740085,0.20142112556590241,True,hand_fine_motor,P10,4,0.34
2026-04-03T17:50:39.822689,1331.9531614860543,86819,79,-5.312032366579051,6.01836246216127,8.77084009098936,11.88974392033914,0.09953825040094522,True,hand_fine_motor,P10,4,0.34
2026-04-03T17:50:39.823095,1211.2347618339227,87893,78,-4.502325242072106,5.999307251874127,7.96568167851367,10.941421511448935,0.9483224088902045,True,hand_fine_motor,P10,4,0.34
2026-04-03T17:50:39.823377,1296.7046145517716,87893,78,-3.264755346046639,6.361941566988886,7.391485678944198,10.284307877215573,0.6571136342333617,True,hand_fine_motor,P10,4,0.34
2026-04-03T17:50:39.881393,1271.1154312353822,88784,76,-3.316999039839845,6.324484266998339,7.635317400673856,10.454647563779513,0.17033968656394016,True,hand_fine_motor,P10,4,0.34
2026-04-03T17:50:39.944551,1299.9737419284347,88784,78,-3.2483257167072526,7.489435771656996,6.791284641930858,10.619077889690944,0.16443032591143059,True,hand_fine_motor,P10,4,0.34
2026-04-03T17:50:39.944607,1380.7335586043012,89329,80,-3.0186679963322263,7.471214129309532,6.7323715524872485,10.500296365284857,0.1187815244060868,True,hand_fine_motor,P10,4,0.34
2026-04-03T17:50:39.944870,1340.951024064616,89329,78,-2.1697176987704103,8.343264323258223,6.350338653826328,10.707218848907116,0.20692248362225918,True,hand_fine_motor,P10,4,0.34
2026-04-03T17:50:39.945280,1369.2623312110147,89720,78,-2.3845642288288826,8.477601446587112,6.2869507320284335,10.82042616330517,0.11320731439805343,True,hand_fine_motor,P10,4,0.34
2026-04-03T17:50:39.945704,1386.3798524164579,89720,78,-1.7949777440235448,8.73398621566666,4.979402005902109,10.21268351871226,0.6077426445929088,True,hand_fine_motor,P10,4,0.34
2026-04-03T17:50:40.002085,1287.6139367834787,90115,79,-0.8530462655049068,9.388065283433248,3.32949627081941,9.997449830556631,0.21523368815562982,True,hand_fine_motor,P10,4,0.34
2026-04-03T17:50:40.002901,1287.5612838602835,90115,78,-0.8625200792561938,9.335695792531219,3.494153737975209,10.0054118936909,0.007962063134268504,True,hand_fine_motor,P10,4,0.34
2026-04-03T17:50:40.003113,1263.4328610963662,90561,78,-0.06311966428505514,9.719665570955677,2.621889439332165,10.067283006617135,0.06187111292623548,True,hand_fine_motor,P10,4,0.34
2026-04-03T17:50:40.131512,1230.5586337818622,90561,79,-0.020168275888331623,9.866016437424284,2.7622486286698456,10.24542359248591,0.1781405858687748,True,hand_fine_motor,P10,4,0.34
2026-04-03T17:50:40.131626,1318.6282470844722,91019,77,-0.4744600268614841,7.7512508309788,2.1697152019728154,8.06316723251545,2.1822563599704594,True,hand_fine_motor,P10,4,0.34
2026-04-03T17:50:40.131656,1277.3043452625193,91019,79,0.399428370666832,8.075126434891267,2.336598157524011,8.415871963885733,0.3527047313702827,True,hand_fine_motor,P10,4,0.34
2026-04-03T17:50:40.131678,1332.9852840330273,91456,79,0.26565403579847413,7.963645163688968,2.226727619355332,8.273362813915668,0.14250914997006525,True,hand_fine_motor,P10,4,0.34
2026-04-03T17:50:40.131699,1298.3225373572293,91456,78,0.706729640136506,7.330526173320932,2.1359033159383625,7.667996070488508,0.6053667434271599,True,hand_fine_motor,P10,4,0.34
2026-04-03T17:50:40.131720,1297.7920068335438,91907,78,0.796379391407052,7.38702735533961,2.4830249382880196,7.833760663165157,0.16576459267664934,True,hand_fine_motor,P10,4,0.34
2026-04-03T17:50:40.182275,1276.1884741105634,91907,77,1.3801683939164173,7.415199104690128,1.897164284518943,7.77748512568281,0.05627553748234693,True,hand_fine_motor,P10,4,0.34
2026-04-03T17:50:40.182369,1237.1467431139063,92289,78,1.1643742454360033,7.505636839826018,1.926574423315022,7.835945428814557,0.05846030313174655,True,hand_fine_motor,P10,4,0.34
2026-04-03T17:50:40.182399,1275.7548155894146,92289,79,2.326624529183998,7.664264269178458,1.8388521411575125,8.217998885656158,0.38205345684160097,True,hand_fine_motor,P10,4,0.34
2026-04-03T17:50:40.249710,1206.6160795249664,92613,78,2.447845984548489,6.991553527861607,1.5228805637739127,7.562601133772995,0.6553977518831626,True,hand_fine_motor,P10,4,0.34
2026-04-03T17:50:40.249875,1282.4943945079708,92613,79,2.380844203597705,6.928840715391232,1.5248247694798616,7.4834713441482075,0.07912978962478778,True,hand_fine_motor,P10,4,0.34
2026-04-03T17:50:40.249911,1249.4306574310028,92525,78,2.274479048456116,7.07240600413324,1.5056573938048214,7.580183758767651,0.0967124146194438,True,hand_fine_motor,P10,4,0.34
2026-04-03T17:50:40.301526,1232.6901460323318,92525,79,2.316251765894915,6.949677475313977,1.4337355545634916,7.4644917371725485,0.11569202159510272,True,hand_fine_motor,P10,4,0.34
2026-04-03T17:50:40.303232,1358.9294215347306,92005,78,2.3000193945194543,7.042271821033852,1.6912584564559667,7.598949715784867,0.13445797861231856,True,hand_fine_motor,P10,4,0.34
2026-04-03T17:50:40.303558,1282.9722350875065,92005,79,2.6316334410636593,7.0266177866335475,1.6370141841502377,7.679756996589707,0.0808072808048399,True,hand_fine_motor,P10,4,0.34
2026-04-03T17:50:40.360693,1297.2694223979233,91798,77,2.3833770499925113,7.057777852052911,1.6605253476968922,7.632172613463579,0.04758438312612778,True,hand_fine_motor,P10,4,0.34
2026-04-03T17:50:40.420618,1285.7246412693921,91798,78,2.479150282279509,6.961063225029307,1.7948236582704202,7.604208000131848,0.02796461333173106,True,hand_fine_motor,P10,4,0.34
2026-04-03T17:50:40.421805,1276.2058027652624,91852,78,2.42249501497596,6.996326144307034,1.7984260945508188,7.619146804771438,0.01493880463958952,True,hand_fine_motor,P10,4,0.34
2026-04-03T17:50:40.425463,1395.1491257181556,91852,78,2.493637997027604,6.927829021372081,1.7058648293636158,7.557977257550121,0.061169547221316733,True,hand_fine_motor,P10,4,0.34
2026-04-03T17:50:40.425770,1198.4988126630506,91978,78,2.4772418437904737,6.972926360606371,1.6834909047688842,7.58897692772255,0.030999670172429106,True,hand_fine_motor,P10,4,0.34
2026-04-03T17:50:40.431113,1213.246880801691,91978,76,2.4514292309981878,6.981229023045664,1.6129778825527465,7.572896512987076,0.016080414735474058,True,hand_fine_motor,P10,4,0.34
2026-04-03T17:50:40.498909,1323.683966214166,92161,78,2.528483930934101,6.997429239166346,1.6210298184503216,7.614787233957173,0.041890720970097384,True,hand_fine_motor,P10,4,0.34
2026-04-03T17:50:40.499012,1253.2145457304935,92161,79,3.60507512749544,6.305513077798813,2.9116680455632045,7.82520751525044,0.21042028129326695,True,hand_fine_motor,P10,4,0.34
2026-04-03T17:50:40.499045,1221.378400702073,92360,78,4.1926034566937815,6.436520806014115,3.521425640022576,8.450275875351151,0.6250683601007108,True,hand_fine_motor,P10,4,0.34
2026-04-03T17:50:40.541189,1246.8983382715614,92360,79,4.061251521142402,7.24869239595417,4.341107400868667,9.374567661232275,0.9242917858811239,True,hand_fine_motor,P10,4,0.34
2026-04-03T17:50:40.542192,1304.1185781280662,92475,80,4.097359046447833,7.208028177217109,4.469765872582804,9.419279606995941,0.044711945763665994,True,hand_fine_motor,P10,4,0.34
2026-04-03T17:50:40.542619,1321.6339537126792,92475,79,3.771353384011557,6.656269606339588,6.064707076424018,9.76266886369722,0.34338925670127907,True,hand_fine_motor,P10,4,0.34
2026-04-03T17:50:40.600540,1311.405566101131,92467,79,3.645021339331644,6.6559531005123755,6.199952692174266,9.799352306433436,0.03668344273621571,True,hand_fine_motor,P10,4,0.34
2026-04-03T17:50:40.661388,1320.8832372008876,92467,78,4.189704051850037,6.042432795149065,6.14534891843778,9.582793301294041,0.21655900513939486,True,hand_fine_motor,P10,4,0.34
2026-04-03T17:50:40.663231,1320.0281336536782,92495,78,4.573959207057745,6.904220305139569,5.48056601639598,9.931060603470526,0.3482673021764846,True,hand_fine_motor,P10,4,0.34
2026-04-03T17:50:40.664802,1349.0618632093472,92495,79,4.512007514301764,6.90739472786389,5.558776183528155,9.948382099326366,0.01732149585584075,True,hand_fine_motor,P10,4,0.34
2026-04-03T17:50:40.665101,1251.1361528258594,92673,78,5.3141922340514824,7.131396281334782,5.618105210290203,10.519532222289095,0.5711501229627292,True,hand_fine_motor,P10,4,0.34
2026-04-03T17:50:40.665445,1292.3123130443337,92673,78,5.179338054516587,7.108770874336999,5.635460041013984,10.445983721060024,0.0735485012290713,True,hand_fine_motor,P10,4,0.34
2026-04-03T17:50:40.722702,1397.7559275047117,92825,79,4.84290881160468,6.247383133829654,5.606945277886388,9.691305233434242,0.7546784876257817,True,hand_fine_motor,P10,4,0.34
2026-04-03T17:50:40.723243,1228.2114183361894,92825,77,4.529511809441347,6.297369834548976,5.53524336096925,9.529546848098821,0.1617583853354212,True,hand_fine_motor,P10,4,0.34
2026-04-03T17:50:40.723671,1334.1949547383242,92982,77,4.308762459591615,6.159430601219657,5.682879901190402,9.423329731882513,0.10621711621630858,True,hand_fine_motor,P10,4,0.34
2026-04-03T17:50:40.781742,1337.9268753866136,92982,78,4.318352262089142,6.200363626450394,5.736481412652788,9.486827412650154,0.06349768076764128,True,hand_fine_motor,P10,4,0.34
2026-04-03T17:50:40.783795,1318.2614071713663,93109,81,4.3078424908035515,6.703534175392291,6.4543420622673295,10.254433617854193,0.7676062052040393,True,hand_fine_motor,P10,4,0.34
2026-04-03T17:50:40.784226,1252.2055799555255,93109,78,4.5203607196738504,6.824668391968004,6.275407046829272,10.31457673875627,0.060143120902075964,True,hand_fine_motor,P10,4,0.34
2026-04-03T17:50:40.841784,1315.0458299819811,93234,77,4.325135354158874,7.287180261438503,6.491314137053396,10.67459372624566,0.3600169874893915,True,hand_fine_motor,P10,4,0.34
2026-04-03T17:50:40.842437,1327.9666811349214,93234,79,4.50366388807708,7.335511213762037,6.51310448834397,10.79413003720469,0.11953631095902928,True,hand_fine_motor,P10,4,0.34
2026-04-03T17:50:40.842764,1230.0021111800086,93223,79,3.3267913652102377,6.447878984267015,7.487256433688982,10.426010410852594,0.3681196263520956,True,hand_fine_motor,P10,4,0.34
2026-04-03T17:50:40.902090,1248.2865730956753,93223,77,2.6583599003282923,5.004611901771029,7.677047148263393,9.542016063897648,0.883994346954946,True,hand_fine_motor,P10,4,0.34
2026-04-03T17:50:40.967129,1327.85978986883,92629,78,2.6426024000875303,5.0708124249606845,7.699181694767782,9.590301604388223,0.048285540490574874,True,hand_fine_motor,P10,4,0.34
2026-04-03T17:50:40.967691,1295.9291312440944,92629,78,2.068085027223038,5.630719638549033,8.05269605315005,10.041309329573723,0.4510077251854998,True,hand_fine_motor,P10,4,0.34
2026-04-03T17:50:40.968366,1254.7764558820088,92208,78,2.171863419806725,5.415240193272103,7.819508139073546,9.756358162868032,0.28495116670569054,True,hand_fine_motor,P10,4,0.34
2026-04-03T17:50:40.968944,1280.0372204401956,92208,76,1.856032092016029,5.803952442404912,7.086831391683657,9.346330737484324,0.4100274253837082,True,hand_fine_motor,P10,4,0.34
2026-04-03T17:50:40.970147,1318.316138470362,92006,78,1.9586118347738384,6.287505567775108,6.512395506752011,9.261759110475877,0.08457162700844734,True,hand_fine_motor,P10,4,0.34
2026-04-03T17:50:41.020885,1317.8770130580492,92006,79,1.8410249709381383,6.066770865749854,6.52159750085602,9.095400796243148,0.1663583142327294,True,hand_fine_motor,P10,4,0.34
2026-04-03T17:50:41.021571,1205.3092485753177,91958,78,2.1652414373608955,6.237636203163883,5.4322733637393545,8.550202908906753,0.5451978873363945,True,hand_fine_motor,P10,4,0.34
2026-04-03T17:50:41.142051,1324.2154216440586,91958,78,2.2586949075805385,6.411107668945722,5.571058343347286,8.788668573414537,0.23846566450778361,True,hand_fine_motor,P10,4,0.34
2026-04-03T17:50:41.144140,1319.9640299742646,91975,79,2.725352820405276,5.957909316489129,4.647794792723289,8.032821911038777,0.7558466623757596,True,hand_fine_motor,P10,4,0.34
2026-04-03T17:50:41.144182,1354.320082358675,91975,77,2.7646440127538474,6.125068112244662,4.703165408110585,8.20240700971002,0.16958509867124327,True,hand_fine_motor,P10,4,0.34
2026-04-03T17:50:41.145443,1375.9304071409247,92072,79,2.7027876653823792,5.849703807606191,3.4764786216447403,7.321884962741385,0.8805220469686352,True,hand_fine_motor,P10,4,0.34
2026-04-03T17:50:41.145472,1315.0648517740508,92072,77,2.7346821634289507,6.407298563268542,2.445735989004144,7.383331628861706,0.06144666612032079,True,hand_fine_motor,P10,4,0.34
2026-04-03T17:50:41.146245,1235.5725814879336,92151,79,2.743521562324208,6.4903982313428905,2.2489043514488887,7.396603987393305,0.013272358531598805,True,hand_fine_motor,P10,4,0.34
2026-04-03T17:50:41.200608,1313.0815180559287,92151,77,3.2956708188259083,6.5546014223400695,1.037309176586944,7.409470715215398,0.012866727822093083,True,hand_fine_motor,P10,4,0.34
2026-04-03T17:50:41.202264,1384.4308663799363,92194,79,3.2246511664150783,6.64223490001201,1.174549233520191,7.4764447108209495,0.06697399560555173,True,hand_fine_motor,P10,4,0.34
2026-04-03T17:50:41.203946,1213.7122530711017,92194,78,3.1440254759424286,8.199884462116772,-0.25373363548628436,8.78563498804817,1.30919027722722,True,hand_fine_motor,P10,4,0.34
2026-04-03T17:50:41.204186,1236.193018479073,92224,78,3.8672783886870987,9.639962448622295,-0.8175728476168308,10.418883985706652,1.633248997658482,True,hand_fine_motor,P10,4,0.34
2026-04-03T17:50:41.265416,1222.661964778766,92224,78,4.025311309979372,9.69940487188298,-0.6282063491879463,10.520277050920056,0.1013930652134043,True,hand_fine_motor,P10,4,0.34
2026-04-03T17:50:41.265455,1244.859148899887,92285,79,4.158182682048054,9.729879954426789,-0.7846640640167533,10.610218887383986,0.08994183646393061,True,hand_fine_motor,P10,4,0.34
2026-04-03T17:50:41.321547,1322.78365697348,92285,79,3.820286166740987,9.885151383432285,-0.7787885298189924,10.626255965453844,0.016037078069857102,True,hand_fine_motor,P10,4,0.34
2026-04-03T17:50:41.322017,1349.6873929359415,92370,78,4.087118625055004,9.643967821192913,-0.6877847964530738,10.496842473701694,0.12941349175214967,True,hand_fine_motor,P10,4,0.34
2026-04-03T17:50:41.322371,1283.0821388773038,92370,78,4.237659112161674,9.716254323255159,-0.8549497906015202,10.634580009079391,0.13773753537769728,True,hand_fine_motor,P10,4,0.34
2026-04-03T17:50:41.323075,1319.9943502488677,92449,78,4.073488660358937,9.729829241569709,-0.6743635439804075,10.569657190544433,0.06492281853495818,True,hand_fine_motor,P10,4,0.34
2026-04-03T17:50:41.382625,1304.1806813219116,92449,77,3.9150789937233927,9.656271026741557,-0.8240755600025429,10.452297077560326,0.11736011298410709,True,hand_fine_motor,P10,4,0.34
2026-04-03T17:50:41.382987,1240.0938016442765,92456,78,4.039898750167717,9.686577107793603,-0.7533622316143054,10.522267466133934,0.06997038857360849,True,hand_fine_motor,P10,4,0.34
2026-04-03T17:50:41.383205,1299.9424889743673,92456,77,4.144145337273755,9.773859805285884,-0.6115875056155952,10.633734778846797,0.11146731271286292,True,hand_fine_motor,P10,4,0.34
2026-04-03T17:50:41.442520,1295.201483640079,92467,77,3.9621235241322887,9.690200446463964,-0.6105274331409996,10.486713081788334,0.14702169705846302,True,hand_fine_motor,P10,4,0.34
2026-04-03T17:50:41.442797,1285.9188013113899,92467,78,4.043508992994379,9.82666280892994,-0.7883531114661061,10.65526947407674,0.16855639228840502,True,hand_fine_motor,P10,4,0.34
2026-04-03T17:50:41.515592,1275.590938582129,92458,78,4.409267345737425,9.781161179398588,-0.8397741313427065,10.76187591153293,0.10660643745619147,True,hand_fine_motor,P10,4,0.34
2026-04-03T17:50:41.516390,1217.37932815742,92458,79,3.9283204286735036,9.543856676913046,-0.6509554404902304,10.34121098543566,0.42066492609727035,True,hand_fine_motor,P10,4,0.34
2026-04-03T17:50:41.516414,1274.8636698024266,92156,81,1.4782573589973318,7.185091344348232,2.724374717916433,7.825151758891319,2.5160592265443418,True,hand_fine_motor,P10,4,0.34
2026-04-03T17:50:41.534422,1119.801528173314,92156,78,1.7047197434778434,7.158635450921076,2.8269624866423317,7.883136927890455,0.05798516899913597,True,hand_fine_motor,P10,4,0.34
2026-04-03T17:50:41.562958,1250.9735770878845,91704,78,1.3529646965566222,7.9549733165314285,2.335557513927697,8.400413253984576,0.5172763260941213,True,hand_fine_motor,P10,4,0.34
2026-04-03T17:50:41.563282,1236.6838129387722,91704,78,1.2955505465227297,8.18097238006502,2.6423272665016673,8.69417354814592,0.29376029416134486,True,hand_fine_motor,P10,4,0.34
2026-04-03T17:50:41.563501,1233.8013982898892,91453,78,1.751396552191776,9.643517876562282,2.473160856436084,10.108479190284422,1.4143056421385012,True,hand_fine_motor,P10,4,0.34
2026-04-03T17:50:41.620691,1232.4959582790368,91453,79,1.592765785034971,9.560502907781757,2.3481797208672406,9.97266597741916,0.13581321286526205,True,hand_fine_motor,P10,4,0.34
2026-04-03T17:50:41.622159,1214.5704533184419,91319,79,2.1587251362408804,10.83405343075468,2.6121589534044976,11.351659894136045,1.378993916716885,True,hand_fine_motor,P10,4,0.34
2026-04-03T17:50:41.622717,1242.331059090986,91319,78,1.7822761771843445,10.463291814687153,2.841384459646337,10.987740878751088,0.3639190153849565,True,hand_fine_motor,P10,4,0.34
2026-04-03T17:50:41.680939,1232.289758789063,91245,77,1.6911122519939852,10.435728373306757,3.0136780849430296,10.993022465634724,0.005281586883635114,True,hand_fine_motor,P10,4,0.34
2026-04-03T17:50:41.681422,1225.544663271464,91245,78,1.1808406781191747,9.364829676993752,3.634340785092557,10.114487259786877,0.8785352058478466,True,hand_fine_motor,P10,4,0.34
2026-04-03T17:50:41.681815,1218.1803240898143,91255,79,1.3296742479480799,9.236325836303072,3.5281578328673775,9.97625411933955,0.13823314044732626,True,hand_fine_motor,P10,4,0.34
2026-04-03T17:50:41.740774,1180.2650785658402,91255,78,1.216707632969618,8.46399533955881,3.63490445694001,9.291508218975116,0.684745900364435,True,hand_fine_motor,P10,4,0.34
2026-04-03T17:50:41.741282,1248.852442823599,91283,79,0.7733551456023849,8.176194350212777,3.7289151641014473,9.01959203815487,0.27191618082024505,True,hand_fine_motor,P10,4,0.34
2026-04-03T17:50:41.741911,1243.1392210499778,91283,77,0.9723581297442764,8.324275706320714,3.9085922802126976,9.247493713447948,0.2279016752930776,True,hand_fine_motor,P10,4,0.34
2026-04-03T17:50:41.861851,1322.585401552267,91309,77,0.916484307651924,8.61915528851385,3.8996188139713395,9.504567758081782,0.25707404463383376,True,hand_fine_motor,P10,4,0.34
2026-04-03T17:50:41.865580,1198.9845785853126,91309,80,0.9641453499713681,8.747348619411612,4.242899857426332,9.769743257913284,0.2651754998315017,True,hand_fine_motor,P10,4,0.34
2026-04-03T17:50:41.865900,1193.2071681554837,91313,80,1.3343272167369482,8.526601659618816,4.060345809056921,9.537807561083701,0.23193569682958248,True,hand_fine_motor,P10,4,0.34
2026-04-03T17:50:41.866121,1167.312910721976,91313,79,1.397249200674258,8.370776405953949,4.257623440711824,9.494712229981431,0.04309533110227015,True,hand_fine_motor,P10,4,0.34
2026-04-03T17:50:41.866320,1216.3571132193445,91322,78,1.234418437212113,8.084360911844133,4.081524363120944,9.13999569791104,0.3547165320703911,True,hand_fine_motor,P10,4,0.34
2026-04-03T17:50:41.922249,1168.574739848625,91322,78,1.2439307351286992,7.546695721541581,3.9504950190608166,8.608506890451801,0.5314888074592385,True,hand_fine_motor,P10,4,0.34
2026-04-03T17:50:41.923274,1291.406435531661,91358,79,1.1763782790708195,7.518791863617612,3.9345687903262654,8.567200739429508,0.04130615102229385,True,hand_fine_motor,P10,4,0.34
2026-04-03T17:50:41.923302,1238.590785840258,91358,77,0.5286822872138475,7.653193589887334,3.725440554914997,8.52817591360026,0.039024825829248044,True,hand_fine_motor,P10,4,0.34
2026-04-03T17:50:41.923596,1266.6880538897751,91390,77,0.6840752350682751,7.753781964400431,3.7792506404883492,8.652850922229431,0.12467500862917191,True,hand_fine_motor,P10,4,0.34
2026-04-03T17:50:42.041251,1175.7460238892077,91390,77,0.11775167452034732,7.939752388000158,3.606885475558858,8.72141939556882,0.06856847333938809,True,hand_fine_motor,P10,4,0.34
2026-04-03T17:50:42.041982,1219.5475341682236,91442,79,0.3369126533731114,7.813657475399066,3.7245150116195735,8.662491867277115,0.058927528291704334,True,hand_fine_motor,P10,4,0.34
2026-04-03T17:50:42.042388,1175.3803670778498,91442,80,-0.014734397861407317,7.772012014850794,3.635383858656414,8.580233310420239,0.08225855685687655,True,hand_fine_motor,P10,4,0.34
2026-04-03T17:50:42.043067,1351.8570910643311,91470,77,-0.7046843094703876,8.096776347520008,3.5578559273662846,8.872018146829312,0.2917848364090734,True,hand_fine_motor,P10,4,0.34
2026-04-03T17:50:42.043582,1236.769514437694,91470,80,-0.763574562627317,7.944301865814338,3.751677565343728,8.81873362803164,0.053284518797671154,True,hand_fine_motor,P10,4,0.34
2026-04-03T17:50:42.101116,1116.6212756195728,91416,78,-1.530435872642452,7.727558598461321,4.5395925269322355,9.092045763385892,0.27331213535425114,True,hand_fine_motor,P10,4,0.34
2026-04-03T17:50:42.101351,1214.1279825406527,91416,77,-1.515164395531623,7.757561508731321,4.7286023111634155,9.210600606061282,0.1185548426753904,True,hand_fine_motor,P10,4,0.34
2026-04-03T17:50:42.101859,1200.7922493099811,91090,80,-2.12852468248995,6.9436735254605715,4.7453933572495774,8.675481396855128,0.5351192092061545,True,hand_fine_motor,P10,4,0.34
2026-04-03T17:50:42.102461,1223.596086205805,91090,77,-1.9312667846946123,7.179917974017696,5.221627037942804,9.085505072953424,0.41002367609829626,True,hand_fine_motor,P10,4,0.34
2026-04-03T17:50:42.163366,1182.634706451944,90641,78,-1.903489792843686,7.105964695269144,5.189258018143368,9.002577765325709,0.08292730762771505,True,hand_fine_motor,P10,4,0.34
2026-04-03T17:50:42.164064,1166.199329190778,90641,78,-1.5271169893988794,7.475519129809601,5.93358671140439,9.665553466885108,0.6629757015593984,True,hand_fine_motor,P10,4,0.34
2026-04-03T17:50:42.164373,1209.9147998785043,90338,79,-1.709409287828268,7.564459328123018,5.877011808936703,9.730487800851627,0.06493433396651938,True,hand_fine_motor,P10,4,0.34
2026-04-03T17:50:42.221821,1269.757042838806,90338,79,-1.3603363717695542,6.703187509676137,5.347421883971273,8.682059585110677,1.04842821574095,True,hand_fine_motor,P10,4,0.34
2026-04-03T17:50:42.223330,1229.0733011266882,90207,78,-1.4588889064734776,6.599715800105745,5.386282158379822,8.64272184981546,0.03933773529521645,True,hand_fine_motor,P10,4,0.34
2026-04-03T17:50:42.224151,1177.4385502756268,90207,79,-2.329754339227213,7.266475577971981,5.453039370820526,9.37896907906887,0.7362472292534097,True,hand_fine_motor,P10,4,0.34
2026-04-03T17:50:42.280767,1123.215573016939,90153,78,-2.3948941077028993,7.079899488755033,5.502143482328481,9.280844652191611,0.0981244268772592,True,hand_fine_motor,P10,4,0.34
2026-04-03T17:50:42.341690,1146.7974373902493,90153,78,-2.274125459369337,7.046577687235311,5.548559691428116,9.252697896102262,0.028146756089348912,True,hand_fine_motor,P10,4,0.34
2026-04-03T17:50:42.342191,1251.9986227751215,90151,77,-2.401364323122965,7.066722879359781,5.483852934209066,9.261628683448079,0.008930787345816427,True,hand_fine_motor,P10,4,0.34
2026-04-03T17:50:42.342785,1333.4017377158843,90151,79,-2.441361324825381,7.239134998565423,5.314621976789765,9.306477711894265,0.04484902844618688,True,hand_fine_motor,P10,4,0.34
2026-04-03T17:50:42.343229,1285.1184055524902,90068,79,-2.273879506884641,7.122594605055419,5.414643370059606,9.231481178268467,0.07499653362579828,True,hand_fine_motor,P10,4,0.34
2026-04-03T17:50:42.343718,1239.6925239532125,90068,77,-2.3168893980516696,7.109870106513637,5.303600853106375,9.16768299099457,0.06379818727389797,True,hand_fine_motor,P10,4,0.34
2026-04-03T17:50:42.401777,1252.329638843194,89840,76,-2.381339082812364,7.189977375308839,5.533170961485423,9.379900392531262,0.21221740153669266,True,hand_fine_motor,P10,4,0.34
2026-04-03T17:50:42.402376,1265.694177720429,89840,77,-2.2654510384602933,7.200452161779121,5.319938226334931,9.23474539301166,0.1451549995196011,True,hand_fine_motor,P10,4,0.34
2026-04-03T17:50:42.402864,1309.3765223769117,89540,78,-2.471419527418164,7.137062529502112,5.3696272117049215,9.267063851253475,0.03231845824181434,True,hand_fine_motor,P10,4,0.34
2026-04-03T17:50:42.462586,1202.2284465341697,89540,78,-2.6276904255340523,7.085460812404211,5.290035335208998,9.224585938909065,0.042477912344409674,True,hand_fine_motor,P10,4,0.34
2026-04-03T17:50:42.462945,1180.9326449568207,89356,78,-2.5875688849931766,7.079318690523077,5.362529795314025,9.250350894004232,0.025764955095166187,True,hand_fine_motor,P10,4,0.34
2026-04-03T17:50:42.463161,1173.427847410634,89356,78,-3.7608215105808807,7.590395774878,5.965206380086517,10.360577860851128,1.1102269668468967,True,hand_fine_motor,P10,4,0.34
2026-04-03T17:50:42.520757,1271.8846047222223,89442,77,-3.725622367287931,7.4608056679743955,5.795947856442146,10.155633648055217,0.2049442127959118,True,hand_fine_motor,P10,4,0.34
2026-04-03T17:50:42.587184,1195.7256606644219,89442,78,-4.323412253331429,7.489190577318528,5.822185025361474,10.424860070293335,0.269226422238118,True,hand_fine_motor,P10,4,0.34
2026-04-03T17:50:42.587797,1332.0726427307843,89639,80,-4.744372769036331,6.748982456604734,5.743224257659803,10.051987964820887,0.37287210547244776,True,hand_fine_motor,P10,4,0.34
2026-04-03T17:50:42.588321,1290.9177372063875,89639,77,-4.861705096674549,6.573534078514889,5.852017764284338,10.054533238391892,0.002545273571005424,True,hand_fine_motor,P10,4,0.34
2026-04-03T17:50:42.588354,1280.2719704967246,89760,78,-4.707791907201718,6.700605873272142,5.796393427370246,10.032925818289703,0.021607420102188968,True,hand_fine_motor,P10,4,0.34
2026-04-03T17:50:42.588533,1225.9280970774244,89760,78,-4.725129601288724,6.577225039536891,5.689750937514504,9.89747466279319,0.1354511554965132,True,hand_fine_motor,P10,4,0.34
2026-04-03T17:50:42.640944,1157.6451013358644,89855,78,-5.2967185384282045,6.59948161811988,6.141498772859738,10.455926170371942,0.5584515075787522,True,hand_fine_motor,P10,4,0.34
2026-04-03T17:50:42.641736,1230.4464817497947,89855,78,-5.373647774437646,6.618223457538033,6.543799693192374,10.747012913468092,0.2910867430961499,True,hand_fine_motor,P10,4,0.34
2026-04-03T17:50:42.642004,1337.775032441902,89866,78,-5.293552731430996,6.5970025963239936,6.48757373580702,10.659772828436783,0.08724008503130953,True,hand_fine_motor,P10,4,0.34
2026-04-03T17:50:42.701158,1166.0931351280344,89866,77,-5.117184189848343,7.195738477643938,6.892624922784015,11.201451004118292,0.5416781756815094,True,hand_fine_motor,P10,4,0.34
2026-04-03T17:50:42.701878,1222.6941157694184,89726,77,-5.006563711374146,7.259651167047473,7.027030355828198,11.275964299561842,0.07451329544355012,True,hand_fine_motor,P10,4,0.34
2026-04-03T17:50:42.702329,1272.8647849951078,89726,79,-5.440056429026357,6.1353886867347,7.34703509942276,11.009819845958114,0.2661444536037276,True,hand_fine_motor,P10,4,0.34
2026-04-03T17:50:42.761787,1335.8983823421315,89287,79,-5.474417413364993,6.096209534342263,7.002524002052047,10.778142655470578,0.23167719048753632,True,hand_fine_motor,P10,4,0.34
2026-04-03T17:50:42.762395,1256.8792973822146,89287,76,-5.061713530554278,6.066417247431976,6.924867999671969,10.506005848952173,0.27213680651840555,True,hand_fine_motor,P10,4,0.34
2026-04-03T17:50:42.762649,1202.0193925221956,88927,79,-5.7402897218912345,5.460884296940406,6.779635610597194,10.427638390752628,0.07836745819954416,True,hand_fine_motor,P10,4,0.34
2026-04-03T17:50:42.881821,1242.5217205942197,88927,79,-5.671079878947954,5.374109280351884,6.728700219972057,10.311042827998756,0.11659556275387217,True,hand_fine_motor,P10,4,0.34
2026-04-03T17:50:42.884408,1296.530404133665,88917,78,-5.619321541887415,4.838818511930747,6.6076064385421756,9.93234121590613,0.37870161209262676,True,hand_fine_motor,P10,4,0.34
2026-04-03T17:50:42.884728,1238.4737073809035,88917,79,-5.697276395481161,4.698736067619426,6.672953129832435,9.953159419631286,0.02081820372515608,True,hand_fine_motor,P10,4,0.34
2026-04-03T17:50:42.885010,1208.439414737875,88971,78,-5.822407897556146,3.5303822655313892,6.607835235118624,9.488283256774006,0.46487616285727995,True,hand_fine_motor,P10,4,0.34
2026-04-03T17:50:42.886479,1228.7657730854737,88971,78,-6.466761827732515,4.546089390109457,7.128391305761958,10.644242569931729,1.155959313157723,True,hand_fine_motor,P10,4,0.34
2026-04-03T17:50:42.886770,1310.118161292022,89003,77,-6.584630299683931,4.439705643775309,6.868859582799749,10.499979731175959,0.14426283875577006,True,hand_fine_motor,P10,4,0.34
2026-04-03T17:50:42.941167,1297.3208841794253,89003,79,-6.680433798246971,5.045282910063071,6.852280510891656,10.818355862850906,0.31837613167494716,True,hand_fine_motor,P10,4,0.34
2026-04-03T17:50:42.942488,1295.1653979333,88967,78,-6.628291073867344,5.119497704411905,6.863510434293354,10.828262777890183,0.009906915039277209,True,hand_fine_motor,P10,4,0.34
2026-04-03T17:50:42.942754,1309.229109169101,88967,79,-6.424168763033373,4.872906940748548,6.4604010850717914,10.332083455389135,0.4961793225010478,True,hand_fine_motor,P10,4,0.34
2026-04-03T17:50:43.008793,1375.217472107809,88878,78,-6.346380560300428,4.858080238116236,6.560474740928906,10.340083106169935,0.007999650780799783,True,hand_fine_motor,P10,4,0.34
2026-04-03T17:50:43.009400,1330.5118836546517,88878,79,-6.910588723840427,4.821845920581492,7.235916876695812,11.106976530017073,0.7668934238471383,True,hand_fine_motor,P10,4,0.34
2026-04-03T17:50:43.009527,1199.8452712828057,88742,78,-6.821767905722977,4.050515662006441,7.8186886257146115,11.13889969043579,0.031923160418717345,True,hand_fine_motor,P10,4,0.34
2026-04-03T17:50:43.060682,1257.2369193781951,88742,78,-6.794496269970543,4.034900739062177,7.7176118524569395,11.045684054956125,0.09321563547966605,True,hand_fine_motor,P10,4,0.34
2026-04-03T17:50:43.061697,1263.299937036355,88594,79,-7.027531586146678,4.530182062948373,8.023622024801435,11.588238007334294,0.5425539523781691,True,hand_fine_motor,P10,4,0.34
2026-04-03T17:50:43.062575,1273.0285161886513,88594,79,-6.976304980139509,4.8382766182832295,7.978629005309871,11.650591084374968,0.062353077040674165,True,hand_fine_motor,P10,4,0.34
2026-04-03T17:50:43.120529,1274.6540419992157,88410,80,-7.401339465997171,3.3506545066144713,8.811250611392227,11.9851929000072,0.334601815632233,True,hand_fine_motor,P10,4,0.34
2026-04-03T17:50:43.184422,1238.1392762888152,88410,77,-7.531111422195643,2.439182560940104,8.144191240573317,11.357601057536364,0.6275918424708369,True,hand_fine_motor,P10,4,0.34
2026-04-03T17:50:43.184767,1325.9805135129097,88223,78,-7.652095376173155,2.718351624165525,8.145598742314021,11.501946707816103,0.1443456502797389,True,hand_fine_motor,P10,4,0.34
2026-04-03T17:50:43.185004,1328.685042739842,88223,79,-8.034903357603909,4.368210707701145,9.381213191784907,13.101454030092563,1.5995073222764606,True,hand_fine_motor,P10,4,0.34
2026-04-03T17:50:43.185201,1331.1591923148087,88080,77,-8.035528878868808,4.3069963619652905,9.094364737078912,12.877399271442245,0.22405475865031832,True,hand_fine_motor,P10,4,0.34
2026-04-03T17:50:43.186078,1294.778683374154,88080,78,-7.708931872621503,4.825856206991234,9.766738783228648,13.345624946292252,0.4682256748500073,True,hand_fine_motor,P10,4,0.34
2026-04-03T17:50:43.240710,1323.6410958234173,87940,78,-7.156819242029723,5.8280430867133255,9.265830069942153,13.078293266658234,0.2673316796340188,True,hand_fine_motor,P10,4,0.34
2026-04-03T17:50:43.304056,1286.6966297030567,87940,78,-7.210443493447133,5.731396885909061,9.243138070333965,13.048946586727194,0.029346679931039787,True,hand_fine_motor,P10,4,0.34
2026-04-03T17:50:43.304113,1324.9022206675404,87903,79,-7.274066078525318,5.935697108079865,9.388484650585655,13.277355968260505,0.2284093815333108,True,hand_fine_motor,P10,4,0.34
2026-04-03T17:50:43.305981,1288.5549638212105,87903,78,-7.328828610659163,5.793330745178033,9.354784566170032,13.22068092826139,0.056675039999115384,True,hand_fine_motor,P10,4,0.34
2026-04-03T17:50:43.306018,1187.1102803718577,87883,79,-7.464667053530619,5.9043292120856155,9.127193149649498,13.186660398135754,0.03402053012563577,True,hand_fine_motor,P10,4,0.34
2026-04-03T17:50:43.307192,1284.2009179432748,87883,77,-7.26179410317414,6.050175429807469,9.52444257568461,13.418393447274319,0.2317330491385654,True,hand_fine_motor,P10,4,0.34
2026-04-03T17:50:43.384659,1334.7554460719994,87727,77,-7.261122097947271,6.168082166801863,9.215277147130225,13.254827974596196,0.1635654726781226,True,hand_fine_motor,P10,4,0.34
2026-04-03T17:50:43.385893,1255.9161506832745,87727,77,-7.310607200096046,5.825761047400964,9.33896069598271,13.213654161382475,0.04117381321372093,True,hand_fine_motor,P10,4,0.34
2026-04-03T17:50:43.385939,1174.8180349567358,87330,77,-7.389239057832222,5.753788476165972,9.275605234483995,13.181190695390171,0.03246346599230421,True,hand_fine_motor,P10,4,0.34
2026-04-03T17:50:43.421279,1377.2522527712515,87330,78,-7.1819720721107245,5.832664312601949,9.233514926131498,13.071285082927844,0.10990561246232744,True,hand_fine_motor,P10,4,0.34
2026-04-03T17:50:43.422812,1365.2989667451607,87225,78,-7.3376707424067,5.888003727020522,9.233444716120516,13.182052235484152,0.11076715255630809,True,hand_fine_motor,P10,4,0.34
2026-04-03T17:50:43.423077,1273.6504053563349,87225,78,-7.204293583572794,5.88870738150256,9.359244333952775,13.197506399539952,0.015454164055800135,True,hand_fine_motor,P10,4,0.34
2026-04-03T17:50:43.480569,1345.881358155987,87344,78,-7.197280316657552,5.8446370292372976,9.134456269010554,13.015333929275277,0.18217247026467476,True,hand_fine_motor,P10,4,0.34
2026-04-03T17:50:43.481095,1189.3559816567338,87344,77,-7.155181220284421,5.793901692323612,9.307137444860103,13.09155157087724,0.07621764160196243,True,hand_fine_motor,P10,4,0.34
2026-04-03T17:50:43.481541,1309.7608951362663,87451,77,-2.0326564547483548,7.135804967922709,8.15021347697173,11.02167793593481,2.0698736349424305,True,hand_fine_motor,P10,4,0.34
2026-04-03T17:50:43.614459,1396.1687648262264,87451,76,-2.126971648848324,7.215757488024244,8.162792307833746,11.10055596723931,0.07887803130450166,True,hand_fine_motor,P10,4,0.34
2026-04-03T17:50:43.614805,1416.5962206742233,87615,77,-1.204232426343598,5.897971980039298,8.074815122430355,10.071687469109435,1.0288684981298761,True,hand_fine_motor,P10,4,0.34
2026-04-03T17:50:43.615018,1413.307735376903,87615,78,-1.0572525869098686,5.988094349063014,8.09923348187762,10.127815162204309,0.056127693094873976,True,hand_fine_motor,P10,4,0.34
2026-04-03T17:50:43.615222,1319.0847517195475,87854,77,-0.493216123030983,5.8165662584105355,8.147510577765942,10.022855571008972,0.10495959119533715,True,hand_fine_motor,P10,4,0.34
2026-04-03T17:50:43.615403,1292.9556803589717,87854,79,-0.30545705374070176,5.862163086071546,8.209720240849055,10.092460873958665,0.06960530294969303,True,hand_fine_motor,P10,4,0.34
2026-04-03T17:50:43.615574,1272.6748371218234,88182,77,-0.12331643831189407,4.538235758582585,8.37704552333149,9.528152100192553,0.5643087737661112,True,hand_fine_motor,P10,4,0.34
2026-04-03T17:50:43.661553,1323.4885213186658,88182,78,0.920911155500144,3.236303959388599,7.970200639568386,8.651348964690722,0.8768031355018309,True,hand_fine_motor,P10,4,0.34
2026-04-03T17:50:43.661888,1351.3447517558677,88524,78,0.9308708395951426,3.1241162308792854,7.928348882902375,8.572358995811555,0.0789899688791671,True,hand_fine_motor,P10,4,0.34
2026-04-03T17:50:43.662260,1353.1762702461008,88524,78,2.009627979143351,3.1494416445021156,7.531017390480039,8.406771688489746,0.16558730732180926,True,hand_fine_motor,P10,4,0.34
2026-04-03T17:50:43.721870,1437.4044587450262,88982,78,1.861761528461724,2.9815159003768716,7.55492024284465,8.332611411124613,0.07416027736513264,True,hand_fine_motor,P10,4,0.34
2026-04-03T17:50:43.722411,1306.110972516918,88982,80,2.161465984066466,2.4751092100284593,7.319508642243028,8.023297798643304,0.3093136124813096,True,hand_fine_motor,P10,4,0.34
2026-04-03T17:50:43.722442,1301.5221083295448,89470,79,2.9949769906774324,2.2196457217789027,7.153493531789354,8.06654721762978,0.04324941898647694,True,hand_fine_motor,P10,4,0.34
2026-04-03T17:50:43.784825,1210.0834883379475,89470,78,3.1316847413717777,1.981887913310524,6.841503753971783,7.7808420261484015,0.2857051914813793,True,hand_fine_motor,P10,4,0.34
2026-04-03T17:50:43.786221,1244.1266894735672,89924,78,3.6047821203481587,1.9309635000993,6.558790179680883,7.729217476237546,0.051624549910855855,True,hand_fine_motor,P10,4,0.34
2026-04-03T17:50:43.789724,1287.3337448651364,89924,77,3.927130662816606,1.769891289175321,6.692449290106175,7.95887855912978,0.22966108289223452,True,hand_fine_motor,P10,4,0.34
2026-04-03T17:50:43.842230,1200.1094555534332,90367,78,4.169355355064378,2.544016392605533,6.740386113946166,8.323962304559528,0.36508374542974753,True,hand_fine_motor,P10,4,0.34
2026-04-03T17:50:43.842580,1294.0156074786298,90367,79,4.121861298893998,2.488934705286872,6.705613714234545,8.255288718090481,0.0686735864690462,True,hand_fine_motor,P10,4,0.34
2026-04-03T17:50:43.844029,1316.5774453516187,90762,79,3.4716674338385776,3.2483988577157112,6.8897553803946225,8.370979578977645,0.11569086088716318,True,hand_fine_motor,P10,4,0.34
2026-04-03T17:50:43.900647,1287.9759713778706,90762,79,3.6957744710904743,1.742480177009283,6.6448151751408595,7.800548366635299,0.5704312123423456,True,hand_fine_motor,P10,4,0.34
2026-04-03T17:50:43.901575,1347.0900610051212,91035,78,3.655799522805154,1.7662566325069444,6.613418205149589,7.7602727399893086,0.04027562664599049,True,hand_fine_motor,P10,4,0.34
2026-04-03T17:50:43.903647,1190.8401335526917,91035,80,4.326227698051451,2.5729687179559444,6.789704625285442,8.452011773393949,0.69173903340464,True,hand_fine_motor,P10,4,0.34
2026-04-03T17:50:43.960849,1310.10890043186,91326,79,4.388123872654356,2.508446088632867,6.690965611727402,8.385520479890037,0.06649129350391192,True,hand_fine_motor,P10,4,0.34
2026-04-03T17:50:43.962944,1452.9817130930392,91326,78,4.618318296976023,1.8529178695523314,6.621549671219053,8.282939609336228,0.10258087055380827,True,hand_fine_motor,P10,4,0.34
2026-04-03T17:50:43.963047,1269.9414059140222,91404,79,4.5080300605744,1.7279673611677033,6.784348246492194,8.326799346566784,0.04385973723055514,True,hand_fine_motor,P10,4,0.34
2026-04-03T17:50:44.022032,1407.755951054227,91404,78,4.498235550547055,1.5908699748818464,7.069114291416827,8.528620475217522,0.20182112865073876,True,hand_fine_motor,P10,4,0.34
2026-04-03T17:50:44.022488,1272.2743555287511,90959,80,4.030848263937487,0.8956815846380072,7.068105142421692,8.185847148113352,0.34277332710417063,True,hand_fine_motor,P10,4,0.34
2026-04-03T17:50:44.022803,1333.2329926593773,90959,79,4.1630513574706765,1.0165723695957658,7.201206831553369,8.379844617794229,0.19399746968087683,True,hand_fine_motor,P10,4,0.34
2026-04-03T17:50:44.081864,1229.1693193134397,90659,78,3.695225711544203,-1.0159173162699728,8.549906057026007,9.369507705142492,0.9896630873482639,True,hand_fine_motor,P10,4,0.34
2026-04-03T17:50:44.082379,1335.64789869307,90659,78,3.5847850319666374,-0.8871335467683322,8.680180239439531,9.433091680057515,0.06358397491502288,True,hand_fine_motor,P10,4,0.34
2026-04-03T17:50:44.143493,1368.6571882098488,90592,79,3.96594332880849,0.1323678212918108,7.754440882797946,8.710773853811284,0.7223178262462309,True,hand_fine_motor,P10,4,0.34
2026-04-03T17:50:44.143936,1328.5378166523074,90592,77,4.793298979755655,1.4381245633393323,7.924053995990413,9.37200880816798,0.6612349543566953,True,hand_fine_motor,P10,4,0.34
2026-04-03T17:50:44.144171,1392.9919743533562,90673,78,4.621960310187816,1.1664310612543924,7.909884783177185,9.235223647142957,0.13678516102502236,True,hand_fine_motor,P10,4,0.34
2026-04-03T17:50:44.144393,1271.2310356929313,90673,78,5.064467993604349,2.0734163522034663,7.76992854551423,9.50366671502239,0.2684430678794332,True,hand_fine_motor,P10,4,0.34
2026-04-03T17:50:44.249190,1342.8173327676534,90822,79,5.239300344144994,2.0256963412970674,7.997802188756263,9.773359382207158,0.26969266718476703,True,hand_fine_motor,P10,4,0.34
2026-04-03T17:50:44.280751,1267.721012694648,90822,78,4.672559496482284,1.8566895091382782,7.639133957094409,9.145298015698767,0.6280613665083905,True,hand_fine_motor,P10,4,0.34
2026-04-03T17:50:44.282278,1295.7178718591583,90970,78,4.709328341733881,1.8332928902030958,7.369781294428924,8.936017713682178,0.2092803020165892,True,hand_fine_motor,P10,4,0.34
2026-04-03T17:50:44.282658,1266.065793160833,90970,78,4.711240114588786,1.7272888771442039,8.288376197082718,9.688988093025195,0.7529703793430169,True,hand_fine_motor,P10,4,0.34
2026-04-03T17:50:44.283933,1253.481425461428,91084,78,4.64537748392931,1.6985805871566235,8.259953839364501,9.627644852594798,0.061343240430396406,True,hand_fine_motor,P10,4,0.34
2026-04-03T17:50:44.284279,1346.8244719018253,91084,79,4.528070418561959,1.7263984923044997,8.27633433839846,9.59070297478973,0.0369418778050683,True,hand_fine_motor,P10,4,0.34
2026-04-03T17:50:44.321685,1410.5053101257558,91136,77,4.722233050924866,1.899022199156733,8.168031863779227,9.624059165853565,0.03335619106383447,True,hand_fine_motor,P10,4,0.34
2026-04-03T17:50:44.322482,1244.8134896429951,91136,80,4.440978166689476,1.547075374300727,8.301748345554582,9.541213491149781,0.08284567470378335,True,hand_fine_motor,P10,4,0.34
2026-04-03T17:50:44.322519,1373.9103286296413,91225,77,4.682893052997572,1.665784786435496,8.143693202868805,9.54065329434963,0.0005601968001514024,True,hand_fine_motor,P10,4,0.34
2026-04-03T17:50:44.388276,1364.7220777864893,91225,78,4.620945240261542,1.8541616956614586,8.201834791612566,9.594849892315164,0.05419659796553411,True,hand_fine_motor,P10,4,0.34
2026-04-03T17:50:44.441182,1226.4578630223482,91349,77,4.527439825853583,1.7510332464082041,8.343234080729877,9.652636102775473,0.05778621046030885,True,hand_fine_motor,P10,4,0.34
2026-04-03T17:50:44.441671,1349.0203437570913,91349,78,4.61027339376555,1.7015859603271208,8.275878046819013,9.624976519008541,0.02765958376693156,True,hand_fine_motor,P10,4,0.34
2026-04-03T17:50:44.442254,1331.8936979892883,91488,79,4.627294262072267,1.9097203058600418,8.38230752710145,9.763296744098415,0.13832022508987407,True,hand_fine_motor,P10,4,0.34
2026-04-03T17:50:44.442729,1362.758419032155,91488,79,4.774396410619394,1.6201485703879785,8.296705453181165,9.708504717654087,0.05479202644432846,True,hand_fine_motor,P10,4,0.34
2026-04-03T17:50:44.443181,1361.4459817681277,91626,77,4.740415427477449,1.6823010493074653,8.269998664210435,9.679594679097344,0.028910038556743345,True,hand_fine_motor,P10,4,0.34
2026-04-03T17:50:44.500624,1249.7552811072567,91626,79,4.348544197638267,1.7735283164016464,8.275511054009057,9.515215317212636,0.16437936188470736,True,hand_fine_motor,P10,4,0.34
2026-04-03T17:50:44.502149,1369.0589788519899,91732,77,3.0619353600162578,0.8138829076278352,10.675807760237241,11.13601027611722,1.6207949589045842,True,hand_fine_motor,P10,4,0.34
2026-04-03T17:50:44.502400,1283.4411119106296,91732,79,2.8934932671678215,0.7945427162185426,10.578731043947656,10.996051651171129,0.13995862494609135,True,hand_fine_motor,P10,4,0.34
2026-04-03T17:50:44.560682,1398.2745022925653,91777,79,2.401837095640569,0.14097040529893146,10.545799322044633,10.816772967479825,0.1792786836913045,True,hand_fine_motor,P10,4,0.34
2026-04-03T17:50:44.561796,1399.4036544268713,91777,78,2.407697925763344,0.22854132808338162,10.532256547731047,10.806371658775703,0.010401308704121703,True,hand_fine_motor,P10,4,0.34
2026-04-03T17:50:44.622229,1245.0027500013562,91796,77,1.4884299994015289,1.5326990188544565,10.081587504125702,10.305483819251736,0.5008878395239673,True,hand_fine_motor,P10,4,0.34
2026-04-03T17:50:44.622608,1251.8542492461625,91796,78,1.808637546599324,1.4156826872633166,10.16939368386854,10.425540520447429,0.12005670119569345,True,hand_fine_motor,P10,4,0.34
2026-04-03T17:50:44.622626,1221.834551679941,91731,77,1.2487159970488348,1.799942810969425,9.716998332114112,9.96088060114941,0.4646599192980183,True,hand_fine_motor,P10,4,0.34
2026-04-03T17:50:44.623201,1342.7633445045353,91731,77,1.4316351739843296,2.2511464611908294,8.851201137888257,9.244511952746642,0.7163686484027689,True,hand_fine_motor,P10,4,0.34
2026-04-03T17:50:44.681915,1311.3917681908374,91377,76,1.4239461121507393,2.191789355517698,8.778729330840607,9.159566134562874,0.08494581818376723,True,hand_fine_motor,P10,4,0.34
2026-04-03T17:50:44.681961,1245.53597356388,91377,78,1.6578525018843575,2.2444817782413073,8.035524445053964,8.506222809092254,0.6533433254706207,True,hand_fine_motor,P10,4,0.34
2026-04-03T17:50:44.682670,1297.1128659501392,90900,78,1.5664982953291025,2.360750732491651,7.915586081192668,8.407351779187067,0.0988710299051867,True,hand_fine_motor,P10,4,0.34
2026-04-03T17:50:44.741954,1264.3032268785773,90900,77,2.5105193634316185,2.7035725110832134,7.290592687933784,8.170970171173277,0.23638160801379016,True,hand_fine_motor,P10,4,0.34
2026-04-03T17:50:44.742402,1313.7926894110021,90633,78,2.4850582897417044,2.760678529710782,7.2855707501445535,8.177799325196352,0.006829154023074935,True,hand_fine_motor,P10,4,0.34
2026-04-03T17:50:44.742875,1278.2261421752278,90633,77,3.0304121497894188,3.862202111705313,6.5693878157067385,8.201027936936226,0.02322861173987434,True,hand_fine_motor,P10,4,0.34
2026-04-03T17:50:44.800949,1302.1809537456427,90613,79,3.3527226873366405,4.485453686943442,5.364454272865056,7.754831644952487,0.446196291983739,True,hand_fine_motor,P10,4,0.34
2026-04-03T17:50:44.802705,1299.2587911107964,90613,78,3.505531633053964,4.322188705165432,5.511118334672725,7.832144823237598,0.07731317828511042,True,hand_fine_motor,P10,4,0.34
2026-04-03T17:50:44.803046,1240.3383070278508,90643,79,3.872341454408859,5.83938920245546,4.468071083941585,8.310063405801527,0.4779185825639294,True,hand_fine_motor,P10,4,0.34
2026-04-03T17:50:44.862769,1225.12255743391,90643,78,3.805131964105426,5.922967368745887,4.2538347377619665,8.2253073919262,0.08475601387532627,True,hand_fine_motor,P10,4,0.34
2026-04-03T17:50:44.863292,1451.971262955805,90787,79,4.366711024643271,7.43523583679777,3.5547036295505166,9.32667223694939,1.1013648450231894,True,hand_fine_motor,P10,4,0.34
2026-04-03T17:50:44.863559,1352.0619345185214,90787,77,5.254817053376101,8.621580945398842,2.4831691785938443,10.397638646925325,1.0709664099759344,True,hand_fine_motor,P10,4,0.34
2026-04-03T17:50:44.920679,1237.4582204470591,90931,79,5.256047074235754,8.66625734807737,2.5315156716796605,10.446943039264976,0.04930439233965167,True,hand_fine_motor,P10,4,0.34
2026-04-03T17:50:44.921372,1279.8059428749539,90931,76,5.178766711709455,9.35137737825158,2.0770293285817965,10.889533247874967,0.44259020860999065,True,hand_fine_motor,P10,4,0.34
2026-04-03T17:50:44.921741,1331.5293481649526,90998,78,5.303816788174397,9.446266239478842,2.1471612434045526,11.044126031280923,0.15459278340595617,True,hand_fine_motor,P10,4,0.34
2026-04-03T17:50:44.986863,1283.4671006757828,90998,79,4.985348616213,9.223944105140182,2.1309281519746133,10.699331776742188,0.34479425453873525,True,hand_fine_motor,P10,4,0.34
2026-04-03T17:50:44.987517,1297.341836993554,90995,78,5.360929319106363,10.291102977442156,2.463602434935281,11.862364882863453,1.163033106121265,True,hand_fine_motor,P10,4,0.34
2026-04-03T17:50:44.987540,1260.121693118459,90995,79,5.042712971415765,10.374220924178303,2.3773608023223862,11.777319656023721,0.08504522683973192,True,hand_fine_motor,P10,4,0.34
2026-04-03T17:50:45.042299,1268.851281446728,90960,79,5.071815612683659,10.752132036767803,3.1808627918985435,12.306483862014968,0.5291642059912469,True,hand_fine_motor,P10,4,0.34
2026-04-03T17:50:45.042349,1261.6155749353695,90960,79,5.218685991975662,10.616239595907235,3.002416647155644,12.204660272357808,0.10182358965715999,True,hand_fine_motor,P10,4,0.34
2026-04-03T17:50:45.042661,1059.2888457153886,90927,79,4.6150120124510945,9.648172310387858,3.289555167582325,11.189581672545692,1.0150785998121155,True,hand_fine_motor,P10,4,0.34
2026-04-03T17:50:45.101886,1186.0131254111477,90927,77,4.02530320869273,8.784050424092337,3.7770712771929467,10.37443372950566,0.8151479430400332,True,hand_fine_motor,P10,4,0.34
2026-04-03T17:50:45.102484,1221.147589059239,90904,77,4.085480559016899,9.094646083487682,3.6898017748373633,10.631010108150392,0.2565763786447324,True,hand_fine_motor,P10,4,0.34
2026-04-03T17:50:45.102518,1189.2524406895297,90904,77,3.1538379397074845,9.37712199682085,3.8432434495334493,10.613558823767907,0.017451284382485,True,hand_fine_motor,P10,4,0.34
2026-04-03T17:50:45.162518,1205.996929991626,90908,78,3.1839813669496304,9.276224952858005,3.8646553853418526,10.541425329079543,0.07213349468836405,True,hand_fine_motor,P10,4,0.34
2026-04-03T17:50:45.163432,1240.207916960906,90908,77,2.9021544684907545,9.931994796999607,4.21544478748919,11.173047747279071,0.6316224181995285,True,hand_fine_motor,P10,4,0.34
2026-04-03T17:50:45.163690,1296.6492878957715,90881,78,2.692814962748531,9.899073897055969,3.817936410089323,10.946211896106476,0.22683585117259497,True,hand_fine_motor,P10,4,0.34
2026-04-03T17:50:45.224397,1242.304455331278,90881,78,2.453427630764995,8.46985071404836,4.176424799867844,9.757059104392972,1.1891527917135036,True,hand_fine_motor,P10,4,0.34
2026-04-03T17:50:45.224671,1255.1242511145492,90781,77,2.094280128323897,7.595957829346897,3.4722662873931336,8.610529471041586,1.1465296333513866,True,hand_fine_motor,P10,4,0.34
2026-04-03T17:50:45.224882,1108.0380386390884,90781,78,2.004735210048739,7.491991741550382,3.5374541567544853,8.524229315838932,0.08630015520265388,True,hand_fine_motor,P10,4,0.34
2026-04-03T17:50:45.342096,1152.4524679868289,90669,78,1.8999022346845638,7.580645088592445,3.513185268360251,8.56844671981939,0.044217403980457703,True,hand_fine_motor,P10,4,0.34
2026-04-03T17:50:45.342558,1212.4266402168348,90669,78,2.042671358272173,7.583325869857761,3.6390201698860385,8.65573828874215,0.08729156892276002,True,hand_fine_motor,P10,4,0.34
2026-04-03T17:50:45.343039,1245.5312923638442,90372,78,2.1704549622485123,7.510721645427943,3.496811126433342,8.564432405722929,0.0913058830192206,True,hand_fine_motor,P10,4,0.34
2026-04-03T17:50:45.343564,1210.9635433936662,90372,77,2.0619099176210516,7.5035823765284855,3.3904985743464193,8.48826846726575,0.07616393845717973,True,hand_fine_motor,P10,4,0.34
2026-04-03T17:50:45.343708,1188.6576022220777,89915,77,2.088030686113121,7.562208586698571,3.5045275642217537,8.59235615551856,0.104087688252811,True,hand_fine_motor,P10,4,0.34
2026-04-03T17:50:45.344012,1197.3529214883895,89915,79,2.057896907633724,7.5540992464721,3.4000581620793175,8.535792324882383,0.056563830636177315,True,hand_fine_motor,P10,4,0.34
2026-04-03T17:50:45.406226,1216.605160562148,89531,80,1.994574711956669,7.602922563843017,3.716094744479905,8.694372889594826,0.15858056471244275,True,hand_fine_motor,P10,4,0.34
2026-04-03T17:50:45.406597,1243.9937742977884,89531,77,2.1459412559684035,7.64020411353501,3.675942354298931,8.745875311406703,0.05150242181187714,True,hand_fine_motor,P10,4,0.34
2026-04-03T17:50:45.407702,1247.2702002970977,89155,78,1.987936827194959,7.575526685397964,3.6175847107599997,8.627132578650865,0.11874273275583747,True,hand_fine_motor,P10,4,0.34
2026-04-03T17:50:45.461416,1177.8285181481592,89155,78,2.0564809083585796,7.5342404003723,3.4936425893878265,8.555666582998075,0.07146599565279033,True,hand_fine_motor,P10,4,0.34
2026-04-03T17:50:45.522041,1225.919334337082,88662,79,2.04294946641993,7.63170683272163,3.6577420605449738,8.706070794821006,0.15040421182293073,True,hand_fine_motor,P10,4,0.34
2026-04-03T17:50:45.525034,1168.7700470894008,88662,78,2.051788324781904,7.5006846062734365,3.7162105264039837,8.61860345816272,0.08746733665828543,True,hand_fine_motor,P10,4,0.34
2026-04-03T17:50:45.525353,1132.827103885664,88587,78,1.320905593929438,8.443970941426603,2.252749978795044,8.838569981320056,0.21996652315733556,True,hand_fine_motor,P10,4,0.34
2026-04-03T17:50:45.525597,1200.491154865597,88587,78,-0.2303166076546517,8.304271513589025,1.2431069601979392,8.39995750141989,0.4386124799001667,True,hand_fine_motor,P10,4,0.34
2026-04-03T17:50:45.525814,1209.268572908553,88715,78,-1.721988049049696,9.128470346581768,0.5067447593992102,9.30327920470364,0.9033217032837513,True,hand_fine_motor,P10,4,0.34
2026-04-03T17:50:45.580606,1234.6467635904576,88715,78,-1.6230201527460517,9.020593137054073,0.6764727886553004,9.190370525407445,0.1129086792961953,True,hand_fine_motor,P10,4,0.34
2026-04-03T17:50:45.581598,1186.4748532667054,88840,79,-2.320816193107696,10.858394074297072,-0.5496793458035236,11.117241432033563,1.9268709066261174,True,hand_fine_motor,P10,4,0.34
2026-04-03T17:50:45.582471,1229.12862308504,88840,78,-2.4404098874512963,10.734073947862921,-0.5238134025156189,11.020450281980974,0.09679115005258865,True,hand_fine_motor,P10,4,0.34
2026-04-03T17:50:45.645784,1127.6388640804364,88978,77,-1.277325398554136,11.16558626291047,-0.9124706079627418,11.275392648537007,0.2549423665560333,True,hand_fine_motor,P10,4,0.34
2026-04-03T17:50:45.647963,1186.8525689714422,88978,79,-1.268873711603885,10.931466475382049,-1.3516472557340884,11.087558347189635,0.18783430134737245,True,hand_fine_motor,P10,4,0.34
2026-04-03T17:50:45.648422,1225.3422863611177,89097,80,-1.4688857412532816,8.554777672920572,-1.1092006878161391,8.75055269796196,2.3370056492276756,True,hand_fine_motor,P10,4,0.34
2026-04-03T17:50:45.701293,1168.2002541688144,89097,79,-1.5105452309668264,7.771676878987702,-0.4640381961273672,7.930702355633692,0.8198503423282668,True,hand_fine_motor,P10,4,0.34
2026-04-03T17:50:45.702409,1054.0374772162777,89147,79,-1.4620268327438726,7.672421448154517,-0.5366348111955735,7.828892019842364,0.10181033579132848,True,hand_fine_motor,P10,4,0.34
2026-04-03T17:50:45.702829,1151.6188919420329,89147,79,-2.063381113046233,7.131036979230041,0.47459352004149463,7.438714205162583,0.39017781467978097,True,hand_fine_motor,P10,4,0.34
2026-04-03T17:50:45.760630,1203.439898425053,89118,79,-1.808634006278217,7.207151182965062,0.3431637485882135,7.4385446494005665,0.00016955576201649336,True,hand_fine_motor,P10,4,0.34
2026-04-03T17:50:45.761664,1163.0752785961208,89118,77,-2.0975648130137716,7.145957728558056,0.8685122377922971,7.497919945580047,0.05937529617948023,True,hand_fine_motor,P10,4,0.34
2026-04-03T17:50:45.762584,1157.1199733661258,89082,78,-2.219833606628182,7.721169029428917,1.524610195140291,8.17731916151338,0.6793992159333326,True,hand_fine_motor,P10,4,0.34
2026-04-03T17:50:45.853904,1166.007703549925,89082,78,-1.9790313622685465,7.647890032079321,1.2621073066106052,7.9999813705420975,0.17733779097128188,True,hand_fine_motor,P10,4,0.34
2026-04-03T17:50:45.855522,1178.7354995826327,89112,79,-2.4007139365673202,7.901567677973188,1.752403591709593,8.442103856448098,0.44212248590600023,True,hand_fine_motor,P10,4,0.34
2026-04-03T17:50:45.855921,1196.5127598776858,89112,77,-2.6134372854791037,7.7132465675905255,1.4993401788525351,8.28083619144232,0.16126766500577716,True,hand_fine_motor,P10,4,0.34
2026-04-03T17:50:45.881667,1162.3245702393197,89116,78,-2.8801878862673456,7.633780771871911,1.8330632655825396,8.362428598728398,0.08159240728607742,True,hand_fine_motor,P10,4,0.34
2026-04-03T17:50:45.949271,1106.6646455732446,89116,79,-3.6101976331640935,7.981144799538015,2.395533246673021,9.081342345579321,0.718913746850923,True,hand_fine_motor,P10,4,0.34
2026-04-03T17:50:45.950375,1150.3151661423888,89385,78,-3.5799848170337816,8.0130211700951,2.465884924792248,9.116215663580055,0.034873318000734344,True,hand_fine_motor,P10,4,0.34
2026-04-03T17:50:45.950773,1239.55790905732,89385,78,-4.511278397742821,7.567321392505402,3.389268969326718,9.439445427876148,0.3232297642960926,True,hand_fine_motor,P10,4,0.34
2026-04-03T17:50:45.951173,1205.752811093162,89244,80,-4.464785407229313,7.537203257511638,3.4339490168037545,9.40934362894986,0.03010179892628706,True,hand_fine_motor,P10,4,0.34
2026-04-03T17:50:45.951602,1138.6141369544298,89244,78,-4.822522019063272,7.6919951919183065,4.069913064701173,9.94925630442144,0.5399126754715784,True,hand_fine_motor,P10,4,0.34
2026-04-03T17:50:46.061127,1175.8973723599734,88865,78,-4.903945452489684,7.617750357069502,4.789138355571469,10.247665475240327,0.2984091708188874,True,hand_fine_motor,P10,4,0.34
2026-04-03T17:50:46.061680,1194.2799042506929,88865,78,-4.8945960879291475,7.655355577122837,4.710943809054044,10.234966118567353,0.012699356672973394,True,hand_fine_motor,P10,4,0.34
2026-04-03T17:50:46.062189,1142.7799171942745,88524,77,-5.50910785756975,6.458537685983366,5.554036489241178,10.14447138846705,0.0904947301003034,True,hand_fine_motor,P10,4,0.34
2026-04-03T17:50:46.062650,1164.3699772235598,88524,78,-5.603921782507735,6.650496058706033,5.528966904783813,10.305460310220202,0.16098892175315171,True,hand_fine_motor,P10,4,0.34
2026-04-03T17:50:46.063486,1170.841108062475,88304,78,-5.486778668869617,6.3322838703740585,6.832404651821335,10.811304847352698,0.5058445371324964,True,hand_fine_motor,P10,4,0.34
2026-04-03T17:50:46.063955,1188.6550307418543,88304,78,-5.593683610394211,6.116877116577362,6.682200570700386,10.646937891223427,0.1643669561292711,True,hand_fine_motor,P10,4,0.34
2026-04-03T17:50:46.120532,1292.1061696461961,88185,77,-5.658466782272161,5.951762810230618,6.763632856814574,10.639006358542296,0.007931532681130449,True,hand_fine_motor,P10,4,0.34
2026-04-03T17:50:46.121527,1148.2894610023934,88185,78,-5.608911090347522,5.971829734303915,6.2519487188580225,10.305799181925206,0.33320717661709054,True,hand_fine_motor,P10,4,0.34
2026-04-03T17:50:46.122372,1040.376243736598,88181,79,-5.8518269449214655,5.928395206404744,6.19188378628673,10.37926650296215,0.07346732103694364,True,hand_fine_motor,P10,4,0.34
2026-04-03T17:50:46.245919,1225.4822715146065,88181,79,-5.57889055755963,6.141507762615774,6.649025630269182,10.632576323896025,0.25330982093387533,True,hand_fine_motor,P10,4,0.34
2026-04-03T17:50:46.246404,1158.7675452365463,88202,79,-5.734180251268015,6.393817395338548,6.643825848135358,10.858275458806405,0.2256991349103803,True,hand_fine_motor,P10,4,0.34
2026-04-03T17:50:46.246967,1297.0391039821195,88202,77,-5.843949987336523,6.03326893682622,6.941959517878674,10.89692100854315,0.038645549736743945,True,hand_fine_motor,P10,4,0.34
2026-04-03T17:50:46.247288,1262.5844216693938,88108,79,-5.571748505003793,6.371591217793172,7.852499606636885,11.545705094185609,0.6487840856424594,True,hand_fine_motor,P10,4,0.34
2026-04-03T17:50:46.247889,1126.4520578015592,88108,78,-5.639000786369269,6.45461967575285,7.820150593662416,11.602379080811302,0.05667398662569312,True,hand_fine_motor,P10,4,0.34
2026-04-03T17:50:46.248238,1277.984908066799,88152,76,-5.717031225663524,6.311093702190438,7.876408762776934,11.599662268850281,0.002716811961020582,True,hand_fine_motor,P10,4,0.34
2026-04-03T17:50:46.301537,1204.183729971148,88152,77,-5.467980034580921,6.398237714819598,7.8512418492004015,11.509919638666085,0.0897426301841957,True,hand_fine_motor,P10,4,0.34
2026-04-03T17:50:46.302654,1231.4761691053209,88141,77,-5.499894781112576,6.438553105329725,7.9320607091709565,11.602646068351566,0.09272642968548084,True,hand_fine_motor,P10,4,0.34
2026-04-03T17:50:46.360793,1284.6557574568342,88141,77,-5.627160256454869,6.477137991546981,7.853768453157078,11.631849725180077,0.02920365682851056,True,hand_fine_motor,P10,4,0.34
2026-04-03T17:50:46.362696,1257.0536405743426,88125,79,-5.649004247921104,6.475588241546458,7.862837573156484,11.647691048827092,0.01584132364701496,True,hand_fine_motor,P10,4,0.34
2026-04-03T17:50:46.362721,1240.5556792851417,88125,80,-5.529888691122789,6.3789740141957045,7.928130058895414,11.581287693549141,0.06640335527795038,True,hand_fine_motor,P10,4,0.34
2026-04-03T17:50:46.363217,1269.4812619811553,88037,76,-5.387993839108962,6.497270783909215,7.920255123690835,11.574776303413701,0.006511390135440109,True,hand_fine_motor,P10,4,0.34
2026-04-03T17:50:46.421968,1208.4678507029694,88037,78,-5.596400754329078,6.452629336854098,7.7189167147268165,11.512506330542202,0.06226997287149949,True,hand_fine_motor,P10,4,0.34
2026-04-03T17:50:46.423523,1197.9880893155823,88027,78,-5.561396953718758,6.340210718271148,7.9866431603490184,11.615243303506922,0.10273697296472051,True,hand_fine_motor,P10,4,0.34
2026-04-03T17:50:46.423874,1340.3163493761638,88027,77,-5.4500883766311246,6.39000146204787,7.729532803333907,11.414081625600833,0.2011616779060894,True,hand_fine_motor,P10,4,0.34
2026-04-03T17:50:46.482647,1255.6070168864594,87853,78,-5.609445037673878,6.408640821280511,7.958949068950642,11.656818652145935,0.2427370265451021,True,hand_fine_motor,P10,4,0.34
2026-04-03T17:50:46.483080,1172.366763129901,87853,77,-5.749582706851262,6.524274272183655,7.889528382986459,11.741742382949372,0.08492373080343718,True,hand_fine_motor,P10,4,0.34
2026-04-03T17:50:46.483330,1124.746111087155,87509,78,-8.020699199991975,3.1061879854412813,8.28235317387736,11.940577605563647,0.19883522261427444,True,hand_fine_motor,P10,4,0.34
2026-04-03T17:50:46.540931,1127.7576438334534,87509,80,-7.37125358207237,4.208846792911812,7.927902930198175,11.614706865352376,0.32587074021127016,True,hand_fine_motor,P10,4,0.34
2026-04-03T17:50:46.542271,1176.5519837148674,87153,78,-8.274522851109454,4.652473002426262,8.444693325991672,12.705356304405086,1.0906494390527097,True,hand_fine_motor,P10,4,0.34
2026-04-03T17:50:46.542671,1160.9406748970302,87153,77,-8.245020417957095,4.804668469239767,8.682514862270656,12.901599324323593,0.1962430199185068,True,hand_fine_motor,P10,4,0.34
2026-04-03T17:50:46.602967,1248.9625048411576,86488,78,-8.128454600005552,4.525988132866555,9.811682797440996,13.5212966124111,0.6196972880875062,True,hand_fine_motor,P10,4,0.34
2026-04-03T17:50:46.603408,1209.5847592895707,86488,78,-8.128139642683454,4.404265457588097,9.72726372647676,13.41953307221591,0.10176354019518996,True,hand_fine_motor,P10,4,0.34
2026-04-03T17:50:46.603685,1228.9547065658915,85902,80,-6.516757153474863,5.668220212494213,9.64373156867782,12.94598017700502,0.47355289521089006,True,hand_fine_motor,P10,4,0.34
2026-04-03T17:50:46.661730,1302.2474810770705,85902,78,-6.658869816607893,5.590549237149524,9.734611177066066,13.052104917452368,0.1061247404473491,True,hand_fine_motor,P10,4,0.34
2026-04-03T17:50:46.662299,1207.3589567246659,85860,78,-6.339823066022211,7.498353110710074,10.579752035364251,14.434327452678795,1.3822225352264272,True,hand_fine_motor,P10,4,0.34
2026-04-03T17:50:46.662333,1351.1017059249557,85860,77,-5.818307458997641,5.9544897309186435,10.623809997635265,13.497184465987644,0.9371429866911516,True,hand_fine_motor,P10,4,0.34
2026-04-03T17:50:46.721536,1358.325648479099,85797,79,-5.886365621717395,6.138718836587599,10.632647506705384,13.615666057489072,0.11848159150142834,True,hand_fine_motor,P10,4,0.34
2026-04-03T17:50:46.721956,1235.6906044247708,85797,77,-4.947205321493257,5.677788056361751,10.41824401665413,12.855035048436271,0.7606310090528012,True,hand_fine_motor,P10,4,0.34
2026-04-03T17:50:46.722157,1260.8648920099167,85813,78,-5.054795407300431,5.70630788560069,10.441328324257205,12.928040975719018,0.0730059272827468,True,hand_fine_motor,P10,4,0.34
2026-04-03T17:50:46.784355,1316.169989566444,85813,78,-4.763616397033743,5.100558827841148,10.652710399681162,12.735304487676459,0.19273648804255927,True,hand_fine_motor,P10,4,0.34
2026-04-03T17:50:46.784683,1269.2575845269457,85733,78,-3.3965069685175644,5.11006104285839,10.252429950303064,11.948276165824032,0.7870283218524268,True,hand_fine_motor,P10,4,0.34
2026-04-03T17:50:46.784908,1374.2915489478692,85733,77,-3.786073886543141,5.001922345715613,10.30220077059402,12.061878930936137,0.11360276511210543,True,hand_fine_motor,P10,4,0.34
2026-04-03T17:50:46.857532,1246.607877862177,85749,79,-2.578341851571242,5.746996435783708,9.4916967258849,11.391581166486441,0.6702977644496961,True,hand_fine_motor,P10,4,0.34
2026-04-03T17:50:46.901300,1361.2042340192559,85749,77,-2.483807693893536,5.844711825563965,9.701711357694768,11.595393923974969,0.203812757488528,True,hand_fine_motor,P10,4,0.34
2026-04-03T17:50:46.903207,1159.1881736783264,85843,79,-1.9055027921343604,4.2193752565296965,9.016253457999806,10.135427710024887,1.4599662139500822,True,hand_fine_motor,P10,4,0.34
2026-04-03T17:50:46.903503,1263.560819323582,85843,81,-2.0809846506175527,4.123031381749964,9.238575180133507,10.328657040001849,0.19322932997696185,True,hand_fine_motor,P10,4,0.34
2026-04-03T17:50:46.904893,1290.4569233055524,86178,79,-0.04487683327419453,4.528262221819929,9.394087312183666,10.42861683583477,0.09995979583292147,True,hand_fine_motor,P10,4,0.34
2026-04-03T17:50:46.905206,1322.0144270374014,86178,80,0.5339844998967139,4.958509942860882,9.595622629921209,10.814246804814294,0.38562996897952395,True,hand_fine_motor,P10,4,0.34
2026-04-03T17:50:46.961020,1347.8624711032749,86707,78,0.4364230721587654,5.056615016740406,9.76423574248416,11.004549975362114,0.19030317054781953,True,hand_fine_motor,P10,4,0.34
2026-04-03T17:50:47.116360,1281.1237396768147,86707,77,0.7455233875992556,5.783204273750594,8.939582648543997,10.673209204523891,0.33134077083822255,True,hand_fine_motor,P10,4,0.34
2026-04-03T17:50:47.116730,1152.6940572309206,87366,78,0.6111998255453155,5.480197740216524,8.68429564052624,10.287036661288031,0.38617254323586003,True,hand_fine_motor,P10,4,0.34
2026-04-03T17:50:47.116951,1307.511553114765,87366,77,1.188172756003555,5.338906146307301,7.541485433196518,9.316097674257298,0.970938987030733,True,hand_fine_motor,P10,4,0.34
2026-04-03T17:50:47.117142,1352.088265321555,88110,76,1.235758981254765,5.3837953936449034,7.561751602228446,9.36442418914203,0.04832651488473161,True,hand_fine_motor,P10,4,0.34
2026-04-03T17:50:47.117326,1262.943047517552,88110,79,1.4767798961579583,4.13089475887714,7.338069914252459,8.5494117012267,0.8150124879153289,True,hand_fine_motor,P10,4,0.34
2026-04-03T17:50:47.117498,1228.8983029903432,88789,79,2.0609127130345075,3.4841705515177166,7.127676600157167,8.196985992377842,0.35242570884885893,True,hand_fine_motor,P10,4,0.34
2026-04-03T17:50:47.141218,1301.3998805208012,88789,78,1.8766188775947696,3.460575167699016,7.087349974472982,8.10726887204947,0.08971712032837154,True,hand_fine_motor,P10,4,0.34
2026-04-03T17:50:47.142979,1332.204996462231,89435,79,2.4606310292767395,3.28574306535726,6.463014130860831,7.656458986338895,0.45080988571057556,True,hand_fine_motor,P10,4,0.34
2026-04-03T17:50:47.143270,1242.1988249417432,89435,78,2.503865440046491,3.4579107970218934,6.425357427506901,7.7143831440522765,0.057924157713381774,True,hand_fine_motor,P10,4,0.34
2026-04-03T17:50:47.144516,1256.777499861915,89934,79,3.121542959191845,3.4462482758950235,5.897625486894791,7.510169372847767,0.20421377120450934,True,hand_fine_motor,P10,4,0.34
2026-04-03T17:50:47.144761,1335.24329071701,89934,78,2.80148656118458,3.7944980689281196,5.636822180189398,7.349850803837598,0.16031856901016894,True,hand_fine_motor,P10,4,0.34
2026-04-03T17:50:47.200545,1389.0418452509111,90088,77,2.735562508957453,3.724641585884411,5.595341706437286,7.257003926932219,0.09284687690537918,True,hand_fine_motor,P10,4,0.34
2026-04-03T17:50:47.201642,1256.5102147174775,90088,78,3.224434967975291,3.9671925295044512,5.433065185794684,7.460147099216742,0.2031431722845225,True,hand_fine_motor,P10,4,0.34
2026-04-03T17:50:47.202509,1354.4576330047691,89938,77,3.251522564338755,3.9019392097136465,5.44089990185962,7.443179449990498,0.01696764922624361,True,hand_fine_motor,P10,4,0.34
2026-04-03T17:50:47.262874,1252.1558693523377,89938,77,3.8526886086977314,3.4550180272914206,5.602500580505778,7.626819247829697,0.1836397978391986,True,hand_fine_motor,P10,4,0.34
2026-04-03T17:50:47.323745,1274.4706018654845,89905,77,3.7366734901538465,3.7299254537736437,5.528489991325687,7.64455847298687,0.01773922515717352,True,hand_fine_motor,P10,4,0.34
2026-04-03T17:50:47.324141,1230.2202461008103,89905,77,3.852113479196234,3.6815760005650073,5.382576006012454,7.573962276447021,0.07059619653984939,True,hand_fine_motor,P10,4,0.34
2026-04-03T17:50:47.325697,1189.5701765566325,89949,78,3.852911682345279,3.642645981866418,5.469689866542116,7.617828129940567,0.043865853493546325,True,hand_fine_motor,P10,4,0.34
2026-04-03T17:50:47.328719,1371.0646043280287,89949,79,3.7580698093462233,3.701734861917345,5.435502763741837,7.574339573487509,0.043488556453057825,True,hand_fine_motor,P10,4,0.34
2026-04-03T17:50:47.328976,1256.7381498159034,90052,79,3.973040825344693,3.7236998661981344,5.326921087998256,7.617550943127336,0.043211369639826636,True,hand_fine_motor,P10,4,0.34
2026-04-03T17:50:47.380673,1209.0194549651703,90052,78,3.773371371981579,3.825541417773868,5.507199486537398,7.694306000836671,0.07675505770933544,True,hand_fine_motor,P10,4,0.34
2026-04-03T17:50:47.381649,1258.5781555004928,90201,78,3.7027672523036435,3.7870891857274596,5.455019178243179,7.603273246463463,0.09103275437320857,True,hand_fine_motor,P10,4,0.34
2026-04-03T17:50:47.382219,1216.8016361903724,90201,79,3.7587911471700948,3.619708233872895,5.34410805607312,7.4692897588323035,0.1339834876311592,True,hand_fine_motor,P10,4,0.34
2026-04-03T17:50:47.442692,1288.6973853791237,90304,77,3.8035892749039126,3.8517434012273624,5.561862402011203,7.761284170803722,0.2919944119714186,True,hand_fine_motor,P10,4,0.34
2026-04-03T17:50:47.442729,1199.85049910126,90304,77,3.7968131060681287,3.8473382541411802,5.5130494796255585,7.720849433125118,0.04043473767860384,True,hand_fine_motor,P10,4,0.34
2026-04-03T17:50:47.442738,1286.0744843753062,90356,78,3.9727774138827923,3.394145583431264,5.282196811418666,7.429992447933223,0.29085698519189496,True,hand_fine_motor,P10,4,0.34
2026-04-03T17:50:47.501193,1307.454681237505,90356,77,3.7707537562024935,3.627446900340477,5.6068012320253375,7.668974831106553,0.23898238317332954,True,hand_fine_motor,P10,4,0.34
2026-04-03T17:50:47.501883,1262.9435138174213,90415,77,3.7043445802961616,2.6243166660158783,7.762380815300004,8.992428073375722,1.323453242269169,True,hand_fine_motor,P10,4,0.34
2026-04-03T17:50:47.502566,1198.602749701858,90415,79,3.456013858089945,1.9358383920895528,8.61780576612359,9.484623255049755,0.49219518167403287,True,hand_fine_motor,P10,4,0.34
2026-04-03T17:50:47.624259,1248.5848121852214,90528,76,3.7271221340592438,1.1296106788280023,8.913914964865706,9.727555689317505,0.24293243426775035,True,hand_fine_motor,P10,4,0.34
2026-04-03T17:50:47.624312,1299.2871628029357,90528,78,3.7887732552570466,1.183806427042433,9.12296355687203,9.94910370317212,0.22154801385461553,True,hand_fine_motor,P10,4,0.34
2026-04-03T17:50:47.624584,1278.9139092962566,90708,78,4.18751310376581,1.4902683665915193,8.832691020060357,9.88800265243333,0.06110105073878991,True,hand_fine_motor,P10,4,0.34
2026-04-03T17:50:47.624658,1296.5252103148473,90708,79,4.219969890342625,1.5907809341312107,8.884829149708068,9.963880713622373,0.07587806118904261,True,hand_fine_motor,P10,4,0.34
2026-04-03T17:50:47.626198,1183.7904655218026,90946,79,5.043221203179743,3.625213612957151,8.281984229324983,10.35217448744752,0.38829377382514707,True,hand_fine_motor,P10,4,0.34
2026-04-03T17:50:47.626602,1262.3532011838445,90946,77,5.049049703730925,3.3896378743302282,8.39493726644383,10.366171884421302,0.013997396973781662,True,hand_fine_motor,P10,4,0.34
2026-04-03T17:50:47.684168,1355.0671353729865,91131,77,5.152825291210892,4.060183039716189,7.159012815703037,9.710209024173574,0.6559628602477279,True,hand_fine_motor,P10,4,0.34
2026-04-03T17:50:47.684675,1358.0146086926093,91131,78,4.378596855927407,3.79906783869049,7.206087976682558,9.248390713924165,0.46181831024940934,True,hand_fine_motor,P10,4,0.34
2026-04-03T17:50:47.685103,1320.220969918879,91253,80,4.36172553152685,3.794168378410888,7.273817758502773,9.291328649876538,0.04293793595237361,True,hand_fine_motor,P10,4,0.34
2026-04-03T17:50:47.801491,1362.7733686173522,91253,79,3.9569796906349004,3.374190177885991,7.943469872202061,9.494290981385667,0.2029623315091289,True,hand_fine_motor,P10,4,0.34
2026-04-03T17:50:47.802521,1225.2389290460094,91339,78,3.814044314160145,3.4013967037660606,7.852135832164693,9.368696317713189,0.1255946636724783,True,hand_fine_motor,P10,4,0.34
2026-04-03T17:50:47.803100,1262.5094167079446,91339,78,3.6277282580386037,2.885496658308184,8.267464084278453,9.478262797797584,0.10956648008439451,True,hand_fine_motor,P10,4,0.34
2026-04-03T17:50:47.803883,1361.5537777924405,91259,78,3.4886088581005357,2.6772088772159264,8.46418934909314,9.53836151937863,0.06009872158104734,True,hand_fine_motor,P10,4,0.34
2026-04-03T17:50:47.804238,1255.1362315733072,91259,79,3.1060297120057925,2.7558777376131323,8.689634491560433,9.630785548097892,0.09242402871926103,True,hand_fine_motor,P10,4,0.34
2026-04-03T17:50:47.804787,1213.7446804157162,90815,77,2.946938804375987,2.6419742172475167,8.72613716549346,9.581750670537396,0.04903487756049607,True,hand_fine_motor,P10,4,0.34
2026-04-03T17:50:47.865875,1231.1007705785978,90815,77,2.8367601555839426,2.604184071477047,8.973286863229873,9.764674085101726,0.18292341456433014,True,hand_fine_motor,P10,4,0.34
2026-04-03T17:50:47.892065,1286.7458090780376,90389,78,2.171964731137248,2.1242700531008305,9.63567418579705,10.10327526432101,0.33860117921928357,True,hand_fine_motor,P10,4,0.34
2026-04-03T17:50:47.892224,1314.3276860505111,90389,77,2.1837185413724143,2.2209015918205735,9.852037093470484,10.332650455696406,0.22937519137539653,True,hand_fine_motor,P10,4,0.34
2026-04-03T17:50:47.922488,1336.5925114432102,90217,78,1.9989520006071786,2.191659655809136,10.233950380571306,10.655182848718667,0.3225323930222608,True,hand_fine_motor,P10,4,0.34
2026-04-03T17:50:47.922787,1301.9322033858955,90217,79,1.2404407917305635,2.153342662320817,9.99921760941202,10.30339413880375,0.35178870991491706,True,hand_fine_motor,P10,4,0.34
2026-04-03T17:50:47.923773,1198.0413527745554,90156,78,1.139431390125958,2.137866555976719,10.090451979604333,10.377186442223593,0.07379230341984311,True,hand_fine_motor,P10,4,0.34
2026-04-03T17:50:47.981424,1314.7807244923135,90156,79,0.7067620399779153,2.8602714844982615,8.986815563110081,9.457458406545872,0.9197280356777213,True,hand_fine_motor,P10,4,0.34
2026-04-03T17:50:47.983357,1249.3357393851018,90145,77,1.1662043441934342,2.7877914880742574,8.68238237961661,9.19323543369101,0.26422297285486174,True,hand_fine_motor,P10,4,0.34
2026-04-03T17:50:47.983649,1169.2339953565524,90145,79,0.9533495262525643,3.2120811299400387,8.097246663981315,8.76308986841282,0.43014556527819003,True,hand_fine_motor,P10,4,0.34
2026-04-03T17:50:48.040790,1215.7088592517991,90214,77,1.130496558144538,3.0872161051684164,7.767871122769532,8.434971696926118,0.3281181714867021,True,hand_fine_motor,P10,4,0.34
2026-04-03T17:50:48.041584,1261.4779556555236,90214,80,1.1394705644738063,3.408944568173185,7.03520857287625,7.90021872482346,0.534752972102658,True,hand_fine_motor,P10,4,0.34
2026-04-03T17:50:48.041981,1259.4071418204387,90270,79,1.671538682310954,3.768441862794016,6.212013043821662,7.4554880253629765,0.44473069946048316,True,hand_fine_motor,P10,4,0.34
2026-04-03T17:50:48.102735,1284.43557850494,90270,80,1.7923792955366482,4.0035096749260175,6.2973470243199925,7.674457166536702,0.21896914117372557,True,hand_fine_motor,P10,4,0.34
2026-04-03T17:50:48.103569,1303.5058250223453,90290,77,2.1631936695807004,4.616488375040888,5.237909009776633,7.30938181816362,0.3650753483730824,True,hand_fine_motor,P10,4,0.34
2026-04-03T17:50:48.103600,1299.867619010814,90290,79,2.2727021060138104,4.638403228178406,5.224540816702204,7.3468214974397466,0.0374396792761269,True,hand_fine_motor,P10,4,0.34
2026-04-03T17:50:48.162719,1265.5729378499054,90371,80,2.816549064410649,5.302216853658734,4.426704663410784,7.459367692540569,0.11254619510082264,True,hand_fine_motor,P10,4,0.34
2026-04-03T17:50:48.163080,1352.572697686225,90371,78,3.131932422167078,7.165335707368262,3.7396707373398312,8.66811246581537,1.2087447732748,True,hand_fine_motor,P10,4,0.34
2026-04-03T17:50:48.163298,1228.6343765858728,90479,78,3.2176417263898482,6.991690164938309,3.814264767700369,8.589852464391951,0.07826000142341805,True,hand_fine_motor,P10,4,0.34
2026-04-03T17:50:48.221367,1272.2503946272861,90479,79,3.5651520811267288,9.944864806415277,3.0840801742317008,11.005552957508698,2.4157004931167467,True,hand_fine_motor,P10,4,0.34
2026-04-03T17:50:48.222057,1259.0995019390639,90593,79,3.7236876616134,9.997072332280553,3.144655844345201,11.121877781987878,0.11632482447918058,True,hand_fine_motor,P10,4,0.34
2026-04-03T17:50:48.222821,1300.0719917948045,90593,77,4.43813195517441,10.173511881998813,2.6178507707338388,11.403968691755647,0.28209090976776885,True,hand_fine_motor,P10,4,0.34
2026-04-03T17:50:48.286313,1324.271791590314,90645,80,4.4222360840098975,10.213041665891003,2.8170525534534936,11.48033872065035,0.07637002889470246,True,hand_fine_motor,P10,4,0.34
2026-04-03T17:50:48.286626,1355.3759920087118,90645,79,4.379828343476541,10.281175995434266,2.5175038602414057,11.455273975498997,0.025064745151352597,True,hand_fine_motor,P10,4,0.34
2026-04-03T17:50:48.286847,1248.8011099562489,90700,78,4.442680238230967,10.29651720954719,2.436314398709022,11.475683081848606,0.02040910634960902,True,hand_fine_motor,P10,4,0.34
2026-04-03T17:50:48.346060,1211.0431757440986,90700,78,4.471261763182924,10.321986328432871,2.703721812146237,11.569170028862576,0.09348694701396987,True,hand_fine_motor,P10,4,0.34
2026-04-03T17:50:48.346354,1293.6661430838774,90785,78,4.498679214756832,10.209108244076296,2.6699959217980043,11.471394162828235,0.09777586603434152,True,hand_fine_motor,P10,4,0.34
2026-04-03T17:50:48.400806,1137.3545075620991,90785,78,4.502236431008401,10.547896613712844,2.4743197001216872,11.73245557556833,0.2610614127400961,True,hand_fine_motor,P10,4,0.34
2026-04-03T17:50:48.461489,1330.3181486706148,90791,76,4.40431995645938,10.154857610680281,2.6188076081839733,11.374415178845014,0.35804039672331633,True,hand_fine_motor,P10,4,0.34
2026-04-03T17:50:48.463914,1216.2695210167187,90791,77,4.5235009310614505,10.137127431557499,2.6457387496464393,11.411544451489904,0.037129272644889966,True,hand_fine_motor,P10,4,0.34
2026-04-03T17:50:48.464381,1297.0139230637967,90553,79,4.490900600903589,10.374411077745291,2.6723834034363563,11.616291425072054,0.2047469735821501,True,hand_fine_motor,P10,4,0.34
2026-04-03T17:50:48.464771,1207.5506641364902,90553,78,4.457974177351679,10.278469730920632,2.8101851898347827,11.55065429214089,0.06563713293116358,True,hand_fine_motor,P10,4,0.34
2026-04-03T17:50:48.472550,1285.512672888054,90119,78,4.539418858145736,10.313745702562574,2.589731948007203,11.56228288658197,0.011628594441079443,True,hand_fine_motor,P10,4,0.34
2026-04-03T17:50:48.472811,1274.0846355258684,90119,77,4.454277853635413,10.30259406413176,2.735119466918016,11.552701595124137,0.009581291457832819,True,hand_fine_motor,P10,4,0.34
2026-04-03T17:50:48.521586,1210.0517645142097,89753,80,-0.08029791063923197,6.90696216197801,5.169282214302215,8.627517178919447,2.92518441620469,True,hand_fine_motor,P10,4,0.34
2026-04-03T17:50:48.523337,1250.3344703484636,89753,79,0.5431434039052668,7.3807503538074215,4.69101697074224,8.762198397789557,0.1346812188701101,True,hand_fine_motor,P10,4,0.34
2026-04-03T17:50:48.523701,1305.3102872245736,89469,78,0.504763189516244,7.604657506916438,4.594207446798891,8.899008019954445,0.136809622164888,True,hand_fine_motor,P10,4,0.34
2026-04-03T17:50:48.580669,1280.4821935747832,89469,79,0.018891971230577176,8.958020049416088,4.214668371378766,9.899995433989762,1.0009874140353165,True,hand_fine_motor,P10,4,0.34
2026-04-03T17:50:48.581232,1321.7983418541492,89264,79,-0.3107155025786885,10.606650383054204,4.3765464192942805,11.478315862186587,1.5783204281968253,True,hand_fine_motor,P10,4,0.34
2026-04-03T17:50:48.581976,1244.0555778236933,89264,78,-0.47702304112070815,10.663159195788342,4.570913192927432,11.611363504505558,0.13304764231897082,True,hand_fine_motor,P10,4,0.34
2026-04-03T17:50:48.640583,1180.578519785354,89141,78,-0.4429250137720383,9.687906032298073,5.073750717813149,10.945074335287623,0.6662891692179347,True,hand_fine_motor,P10,4,0.34
2026-04-03T17:50:48.641576,1170.5403582766144,89141,79,-0.5427966341323054,9.77798507308529,4.943402371999646,10.969997597401553,0.024923262113929923,True,hand_fine_motor,P10,4,0.34
2026-04-03T17:50:48.642429,1210.5040469210537,89096,77,-0.781676393546148,8.032249791920451,5.909965182864589,10.002786770030896,0.967210827370657,True,hand_fine_motor,P10,4,0.34
2026-04-03T17:50:48.727278,1219.5418425453995,89096,79,-0.8838972431133425,7.350570785598114,5.886754194661461,9.458648960545906,0.5441378094849902,True,hand_fine_motor,P10,4,0.34
2026-04-03T17:50:48.728425,1222.0907138461853,89006,78,-0.838466414264825,7.449938214526737,5.874601813270717,9.524471208030372,0.06582224748446563,True,hand_fine_motor,P10,4,0.34
2026-04-03T17:50:48.729386,1078.7982920917768,89006,78,-0.5996018572314183,7.5915165907618745,5.156405850721577,9.196693309682773,0.3277778983475983,True,hand_fine_motor,P10,4,0.34
2026-04-03T17:50:48.822262,1228.1367200294687,88800,80,-0.7894182444249792,7.583109064181623,5.319098448930851,9.296210655601728,0.09951734591895445,True,hand_fine_motor,P10,4,0.34
2026-04-03T17:50:48.826062,1338.3340458951673,88800,79,-0.8107026301506018,8.207308338920726,6.20890530615546,10.323161048121655,1.026950392519927,True,hand_fine_motor,P10,4,0.34
2026-04-03T17:50:48.826343,1236.939740829887,88765,77,-0.8704380372842297,8.10306750597164,5.969944448475843,10.102356264801408,0.2208047833202471,True,hand_fine_motor,P10,4,0.34
2026-04-03T17:50:48.826553,1206.5498581319312,88765,79,-0.30070090274215366,8.267936859998871,5.079873705904403,9.70846629606226,0.3938899687391473,True,hand_fine_motor,P10,4,0.34
2026-04-03T17:50:48.826763,1198.9125015763855,88789,77,-0.16781282622326923,8.248548944771109,5.387613912444556,9.853583333412052,0.14511703734979164,True,hand_fine_motor,P10,4,0.34
2026-04-03T17:50:48.827459,1174.751046649709,88789,77,-0.2456464193821526,8.09784434640758,5.284245259233686,9.672573245095338,0.1810100883167145,True,hand_fine_motor,P10,4,0.34
2026-04-03T17:50:48.885747,1300.2767296391023,88876,76,-0.26130099942707397,6.907946901954302,5.759506444238044,8.997773229735298,0.6748000153600398,True,hand_fine_motor,P10,4,0.34
2026-04-03T17:50:48.886625,1200.207057724845,88876,78,0.008235512212195428,6.976528833622886,5.589738167025726,8.939641780627289,0.05813144910800894,True,hand_fine_motor,P10,4,0.34
2026-04-03T17:50:48.887046,1179.569596474112,88908,78,-0.5129068230447289,6.820824165286651,5.761884314555981,8.943490736687238,0.00384895605994906,True,hand_fine_motor,P10,4,0.34
2026-04-03T17:50:48.941850,1234.9157299713058,88908,77,-0.21151964000200407,7.009120524942657,5.368411377319322,8.831327862072076,0.11216287461516217,True,hand_fine_motor,P10,4,0.34
2026-04-03T17:50:48.942186,1152.1804249571937,88889,78,-0.2827973798329093,7.139467591895882,5.238985178350858,8.859962615764918,0.02863475369284174,True,hand_fine_motor,P10,4,0.34
2026-04-03T17:50:48.942569,1201.390160073161,88889,78,-0.5710922754741019,7.102256940861498,5.079763596334703,8.75055416735242,0.10940844841249842,True,hand_fine_motor,P10,4,0.34
2026-04-03T17:50:49.001937,1110.2993288108123,88814,78,-0.5482154835348181,7.082271165018457,4.883001601625154,8.619907755464268,0.13064641188815074,True,hand_fine_motor,P10,4,0.34
2026-04-03T17:50:49.006822,1275.6115836401586,88814,79,-0.7664156108972867,6.979637649906629,4.751580738938111,8.478222345000681,0.1416854104635874,True,hand_fine_motor,P10,4,0.34
2026-04-03T17:50:49.007189,1306.384678386961,88718,78,-0.8592256801252932,7.123934341387936,4.8806285225645745,8.678089884592346,0.19986753959166492,True,hand_fine_motor,P10,4,0.34
2026-04-03T17:50:49.061746,1208.297748072298,88718,79,-1.4874440362768222,7.098871579859188,4.712254702615974,8.649382165837878,0.028707718754468203,True,hand_fine_motor,P10,4,0.34
2026-04-03T17:50:49.062484,1192.9929682159582,88386,79,-1.8894267991744664,6.766852948051117,4.348953941028857,8.262786021141851,0.38659614469602666,True,hand_fine_motor,P10,4,0.34
2026-04-03T17:50:49.062850,1274.5088743189763,88386,79,-2.0447399672211746,6.75940455251829,4.547207978579828,8.399262577072863,0.1364765559310115,True,hand_fine_motor,P10,4,0.34
2026-04-03T17:50:49.122187,1202.548114033645,87922,79,-2.041672963013177,6.740423340815849,4.689243258691376,8.461130990623925,0.06186841355106232,True,hand_fine_motor,P10,4,0.34
2026-04-03T17:50:49.122648,1079.1357367771539,87922,78,-2.281573684981059,6.779986500458582,4.650419059871547,8.532302904774022,0.07117191415009749,True,hand_fine_motor,P10,4,0.34
2026-04-03T17:50:49.122987,1174.5158446748205,87816,77,-2.5877781337503025,6.5049615350946155,4.511978090413138,8.328809430581593,0.20349347419242925,True,hand_fine_motor,P10,4,0.34
2026-04-03T17:50:49.182395,1234.586587106577,87816,77,-2.5992236471734986,6.641700955902245,4.556906446198593,8.463660645079349,0.13485121449775583,True,hand_fine_motor,P10,4,0.34
2026-04-03T17:50:49.183058,1126.2217956455693,87866,78,-3.0966412913056334,6.877606663323562,5.1346660458441695,9.124442783247462,0.6607821381681127,True,hand_fine_motor,P10,4,0.34
2026-04-03T17:50:49.183153,1295.7473446002655,87866,77,-3.060125948035197,6.624631723220615,4.549952329871253,8.59954548160774,0.5248973016397223,True,hand_fine_motor,P10,4,0.34
2026-04-03T17:50:49.241120,1216.2036302270815,87972,76,-3.3163757120264563,6.696884595171397,4.652745221468906,8.803104522852419,0.20355904124467905,True,hand_fine_motor,P10,4,0.34
2026-04-03T17:50:49.241834,1173.3166802927465,87972,78,-3.1724778049488394,6.211424539469933,4.807690002243508,8.471144750864221,0.33195977198819726,True,hand_fine_motor,P10,4,0.34
2026-04-03T17:50:49.242081,1285.4214121157115,88159,78,-3.3665600688719852,6.282479084241453,5.043386648715917,8.731495807116936,0.2603510562527145,True,hand_fine_motor,P10,4,0.34
2026-04-03T17:50:49.303559,1155.4626855141219,88159,79,-2.9494887043870763,6.177740191717077,4.899969283263292,8.418649325787793,0.3128464813291423,True,hand_fine_motor,P10,4,0.34
2026-04-03T17:50:49.303926,1289.5474695221785,88326,78,-3.1718750164169545,6.106330833477787,5.025202384389024,8.520605986179664,0.10195666039187046,True,hand_fine_motor,P10,4,0.34
2026-04-03T17:50:49.304158,1170.9060251485264,88326,79,-3.2099874477204997,6.220315829083236,4.92963831975699,8.561406566194783,0.040800580015119436,True,hand_fine_motor,P10,4,0.34
2026-04-03T17:50:49.361113,1170.8373948296803,88414,78,-3.0007586112288935,6.237214360238,5.009096108113263,8.543912396480836,0.017494169713947016,True,hand_fine_motor,P10,4,0.34
2026-04-03T17:50:49.362595,1167.8720849741862,88414,77,-3.161603692662532,6.173069757785321,4.893560977725807,8.48819575567516,0.05571664080567551,True,hand_fine_motor,P10,4,0.34
2026-04-03T17:50:49.362854,1214.136826736535,88393,79,-3.1284539829927493,6.359435638879562,4.816402077670515,8.56897747356962,0.08078171789445854,True,hand_fine_motor,P10,4,0.34
2026-04-03T17:50:49.420715,1272.205279777158,88393,78,-3.1322105341080904,6.214410944316259,4.977024929125442,8.555724595845257,0.013252877724362122,True,hand_fine_motor,P10,4,0.34
2026-04-03T17:50:49.422995,1159.2594653056522,88268,78,-3.330045887479389,6.257777990895926,4.816490454594062,8.57015585011472,0.014431254269462457,True,hand_fine_motor,P10,4,0.34
2026-04-03T17:50:49.423027,1291.3001124027385,88268,78,-3.136045513759609,6.418313208382327,4.990523825957578,8.714060704557724,0.14390485444300438,True,hand_fine_motor,P10,4,0.34
2026-04-03T17:50:49.542034,1199.1776690204379,88187,78,-3.176175836321725,5.928180770491622,4.8905697228613905,8.315593328502132,0.3984673760555921,True,hand_fine_motor,P10,4,0.34
2026-04-03T17:50:49.546833,1313.0614842092564,88187,79,-2.9449286218278323,6.085767780725367,5.021611045944293,8.421742786699525,0.10614945819739319,True,hand_fine_motor,P10,4,0.34
2026-04-03T17:50:49.547215,1283.9513797827597,88131,78,-5.091775917826652,7.138964917448494,6.868705218378718,11.13867646836476,2.7169336816652354,True,hand_fine_motor,P10,4,0.34
2026-04-03T17:50:49.547511,1255.4519889499925,88131,77,-5.0023466727974215,6.6675704024917675,6.680874094571275,10.682417609068896,0.45625885929586474,True,hand_fine_motor,P10,4,0.34
2026-04-03T17:50:49.547771,1287.0366540268988,87970,78,-4.769671511076697,6.995077146096702,6.555638444837003,10.70781331658551,0.025395707516613797,True,hand_fine_motor,P10,4,0.34
2026-04-03T17:50:49.549097,1119.754721931262,87970,78,-4.783264665670941,6.743862107811808,6.596032088155602,10.576716706947124,0.13109660963838543,True,hand_fine_motor,P10,4,0.34
2026-04-03T17:50:49.601528,1232.9556746611695,87938,79,-5.2361599662784135,6.601570518006683,7.093256440357447,11.014190457103245,0.437473750156121,True,hand_fine_motor,P10,4,0.34
2026-04-03T17:50:49.603374,1225.8882328433203,87938,78,-5.274199235238412,6.453168698692996,6.993256266667741,10.879623019115511,0.13456743798773374,True,hand_fine_motor,P10,4,0.34
2026-04-03T17:50:49.603699,1286.4555859551845,87891,79,-5.567156887438711,5.974697414406949,7.238773841906043,10.912840681387248,0.033217662271736614,True,hand_fine_motor,P10,4,0.34
2026-04-03T17:50:49.660562,1303.799220755442,87891,79,-5.614126406684484,5.897747331934593,7.280934429348443,10.92308770751408,0.010247026126831926,True,hand_fine_motor,P10,4,0.34
2026-04-03T17:50:49.661647,1270.0001404162444,87612,77,-5.579413329973335,5.982595895883478,7.39081977589899,11.024768647003237,0.10168093948915669,True,hand_fine_motor,P10,4,0.34
2026-04-03T17:50:49.662522,1290.2704799132234,87612,78,-6.5758901253220285,5.310049029659004,6.8647539397673665,10.888700486800152,0.13606816020308443,True,hand_fine_motor,P10,4,0.34
2026-04-03T17:50:49.723300,1353.0055218724724,87270,79,-6.6325250513469935,5.277537569834997,7.042311784622307,11.019843312388591,0.13114282558843904,True,hand_fine_motor,P10,4,0.34
2026-04-03T17:50:49.723745,1253.3852297222177,87270,79,-6.696393664412299,5.377198800486911,6.831021855009129,10.973550684821728,0.04629262756686359,True,hand_fine_motor,P10,4,0.34
2026-04-03T17:50:49.723997,1225.9209876872658,87035,78,-6.510539965928677,5.21583820151052,6.7635448242343275,10.73953618093994,0.23401450388178802,True,hand_fine_motor,P10,4,0.34
2026-04-03T17:50:49.781350,1297.8976910601946,87035,77,-6.974422113492038,4.577391285481752,6.460433305794317,10.551410962339942,0.18812521859999798,True,hand_fine_motor,P10,4,0.34
2026-04-03T17:50:49.782189,1303.7163064112374,86860,78,-7.174881715381311,4.070141234054851,6.496243096311932,10.499816744174494,0.05159421816544807,True,hand_fine_motor,P10,4,0.34
2026-04-03T17:50:49.782749,1147.35516508219,86860,79,-7.138684845836639,4.345947172673117,6.377501683505411,10.512878096837111,0.013061352662617765,True,hand_fine_motor,P10,4,0.34
2026-04-03T17:50:49.905210,1256.2180234358887,86672,79,-7.372114358018585,4.124537080845928,6.63907656322723,10.74417115702137,0.23129306018425844,True,hand_fine_motor,P10,4,0.34
2026-04-03T17:50:49.905251,1239.1129165548955,86672,79,-7.024461118224195,3.982047980900803,6.66718246330858,10.471441262915489,0.2727298941058809,True,hand_fine_motor,P10,4,0.34
2026-04-03T17:50:49.905265,1256.3221270986128,86518,78,-7.541776704653165,3.309479180021249,7.485250596991642,11.129241879194064,0.6578006162785748,True,hand_fine_motor,P10,4,0.34
2026-04-03T17:50:49.906051,1293.327502553974,86518,79,-7.3630742027007665,3.0695344872208437,7.609855922074147,11.024827020749242,0.10441485844482123,True,hand_fine_motor,P10,4,0.34
2026-04-03T17:50:49.906338,1287.475127919123,86293,77,-7.426617989030165,3.262949220736638,7.547856191135749,11.080235803183907,0.055408782434664516,True,hand_fine_motor,P10,4,0.34
2026-04-03T17:50:49.906549,1111.4499383956681,86293,78,-7.729192120796521,2.5819561029356026,7.880960425157089,11.336509400188474,0.25627359700456687,True,hand_fine_motor,P10,4,0.34
2026-04-03T17:50:49.961192,1215.200250346381,85964,79,-7.657826964365926,2.7255683168785367,7.858508332115465,11.306068709859769,0.03044069032870489,True,hand_fine_motor,P10,4,0.34
2026-04-03T17:50:49.962615,1239.196467306374,85964,79,-7.979216994293673,3.4855955335464137,8.941704481990607,12.480839679635125,1.1747709697753557,True,hand_fine_motor,P10,4,0.34
2026-04-03T17:50:49.962894,1242.0406766301453,85556,77,-7.580334460935543,3.572731362383463,9.28749258489641,12.509332453888623,0.02849277425349861,True,hand_fine_motor,P10,4,0.34
2026-04-03T17:50:50.021157,1263.165618642966,85556,77,-7.597784979689369,3.5937668723000846,9.043188146612522,12.345879830334821,0.16345262355380186,True,hand_fine_motor,P10,4,0.34
2026-04-03T17:50:50.022797,1313.369385088245,85238,79,-7.880774512227595,4.212375924020013,9.58500084658985,13.104310705526165,0.758430875191344,True,hand_fine_motor,P10,4,0.34
2026-04-03T17:50:50.023124,1243.0832681113118,85238,77,-7.765446799748384,4.47521039429549,9.844995383989053,13.31366238807709,0.20935168255092407,True,hand_fine_motor,P10,4,0.34
2026-04-03T17:50:50.083079,1222.2530174635565,85027,77,-7.350067130919233,5.93578053525335,10.652713079110915,14.23858396532368,0.9249215772465913,True,hand_fine_motor,P10,4,0.34
2026-04-03T17:50:50.083452,1269.983534938196,85027,78,-7.328918656564776,5.945940385014833,10.57526886985652,14.174045555396313,0.06453840992736737,True,hand_fine_motor,P10,4,0.34
2026-04-03T17:50:50.083708,1387.854117626331,85003,77,-6.688129085895213,5.907841973002228,10.882736096470982,14.073649576175928,0.10039597922038546,True,hand_fine_motor,P10,4,0.34
2026-04-03T17:50:50.142069,1272.0510853783035,85003,78,-6.5461318649428035,5.41480255573373,10.700539998915865,13.662850558327804,0.4107990178481238,True,hand_fine_motor,P10,4,0.34
2026-04-03T17:50:50.143706,1336.5471963134016,85010,76,-6.53337593591578,5.416567288273841,10.902420361212569,13.816185147897519,0.1533345895697149,True,hand_fine_motor,P10,4,0.34
2026-04-03T17:50:50.144606,1269.5868391514505,85010,78,-5.493664218485453,6.096328180415842,10.311879941929508,13.178787188719902,0.6373979591776173,True,hand_fine_motor,P10,4,0.34
2026-04-03T17:50:50.200648,1250.154893003388,85027,78,-5.5511128257211775,6.052654720229758,10.442555302251126,13.285196423341992,0.10640923462208995,True,hand_fine_motor,P10,4,0.34
2026-04-03T17:50:50.201299,1283.4508370455405,85027,79,-5.071026708256188,4.454872764379242,10.395253307956557,12.3944541856121,0.8907422377298921,True,hand_fine_motor,P10,4,0.34
2026-04-03T17:50:50.201997,1311.5197251803036,85035,78,-4.77721436196031,3.8411335116517558,10.234479274771573,11.92982186540029,0.464632320211809,True,hand_fine_motor,P10,4,0.34
2026-04-03T17:50:50.261429,1226.0833937708558,85035,79,-4.860347046486145,3.9568237656349057,10.197910310947456,11.969828838989647,0.040006973589356676,True,hand_fine_motor,P10,4,0.34
2026-04-03T17:50:50.261876,1316.4604097430395,84870,78,-4.8193875710245395,3.7753686468729715,10.062004842845813,11.778108780147594,0.19172005884205312,True,hand_fine_motor,P10,4,0.34
2026-04-03T17:50:50.388048,1262.4593096607832,84870,78,-4.639995813452337,3.7125529357148723,10.253854351364678,11.851334925160991,0.07322614501339686,True,hand_fine_motor,P10,4,0.34
2026-04-03T17:50:50.440904,1352.2932380934467,84926,76,-4.794025534425194,3.7391046751335915,10.337018729842434,11.9923951243044,0.14106019914340884,True,hand_fine_motor,P10,4,0.34
2026-04-03T17:50:50.441439,1325.7967328607288,84926,78,-4.788211690350052,3.5327997992981346,10.06570579698963,11.69299272235626,0.2994024019481394,True,hand_fine_motor,P10,4,0.34
2026-04-03T17:50:50.442297,1264.6901418371133,85196,78,-5.015505182084381,3.9572947463776313,10.314686278539247,12.132939749537583,0.43994702718132217,True,hand_fine_motor,P10,4,0.34
2026-04-03T17:50:50.442591,1302.2758558758305,85196,77,-4.845616919694001,3.780689845938037,10.31701788117727,12.008933216740582,0.1240065327970008,True,hand_fine_motor,P10,4,0.34
2026-04-03T17:50:50.443552,1348.1055921204552,85584,78,-4.899224335016051,3.8520026484789276,10.062025080213816,11.8357370790143,0.17319613772628095,True,hand_fine_motor,P10,4,0.34
2026-04-03T17:50:50.444115,1255.313491946844,85584,78,-4.789651234088712,3.9551776239376015,10.20613839390547,11.947780124217868,0.112043045203567,True,hand_fine_motor,P10,4,0.34
2026-04-03T17:50:50.502515,1306.3798854912402,86346,79,-4.94223765124041,3.8016012728844415,10.292922504952704,12.034207033797315,0.08642690957944765,True,hand_fine_motor,P10,4,0.34
2026-04-03T17:50:50.561789,1161.385914005678,86346,77,-4.932896154665238,3.7720032271770747,10.271466980721357,12.002687480501793,0.031519553295522584,True,hand_fine_motor,P10,4,0.34
2026-04-03T17:50:50.564385,1182.0698210683242,86971,77,-4.673442107859372,3.992014391571983,10.153470698676777,11.868875568768878,0.13381191173291462,True,hand_fine_motor,P10,4,0.34
2026-04-03T17:50:50.564731,1271.9449366705726,86971,78,-4.760189215819924,3.7888863588097412,10.172769544679126,11.853282305738524,0.01559326303035391,True,hand_fine_motor,P10,4,0.34
2026-04-03T17:50:50.565012,1251.1613901832072,87747,77,1.7214556679060267,3.991318521019259,7.276260463877615,8.475730027023374,3.37755227871515,True,hand_fine_motor,P10,4,0.34
2026-04-03T17:50:50.566471,1259.7323376859429,87747,78,2.4545596133194882,3.643437842607655,6.36781665191277,7.7361871177384405,0.7395429092849337,True,hand_fine_motor,P10,4,0.34
2026-04-03T17:50:50.566786,1218.6386006788455,88418,78,2.437651039882984,3.4341549148980577,6.6081371958833675,7.836009173768136,0.09982205602969518,True,hand_fine_motor,P10,4,0.34
2026-04-03T17:50:50.703117,1206.227300793323,88418,79,2.887363444714652,3.1205269594862517,6.194029798925089,7.512693346378978,0.3233158273891581,True,hand_fine_motor,P10,4,0.34
2026-04-03T17:50:50.703562,1399.9738707956376,88888,78,3.168045196423039,2.6547010684446253,5.996626200907151,7.283095078521649,0.2295982678573285,True,hand_fine_motor,P10,4,0.34
2026-04-03T17:50:50.703917,1267.34682736912,88888,79,3.389880951652696,2.472205672648809,5.885814402665305,7.228132880410894,0.05496219811075509,True,hand_fine_motor,P10,4,0.34
2026-04-03T17:50:50.704203,1213.542799665518,89317,77,3.6787622968733746,2.5218638571720247,5.881401190616979,7.381325715343989,0.15319283493309488,True,hand_fine_motor,P10,4,0.34
2026-04-03T17:50:50.704454,1284.5945054948406,89317,79,3.745405434986071,2.3752629206139364,5.781131333846974,7.286385613845451,0.09494010149853782,True,hand_fine_motor,P10,4,0.34
2026-04-03T17:50:50.705283,1274.9152383428507,89697,79,4.370281763243413,1.7032211752217818,6.084426785577743,7.682484908603318,0.39609929475786654,True,hand_fine_motor,P10,4,0.34
2026-04-03T17:50:50.741104,1287.1401509808736,89697,77,4.2565829382559714,1.6817152371192159,6.005573727123751,7.550733755134652,0.13175115346866573,True,hand_fine_motor,P10,4,0.34
2026-04-03T17:50:50.741710,1179.1082076034895,90020,77,4.690801371459617,1.8680732844768257,6.124932163349324,7.937764755162154,0.3870310000275019,True,hand_fine_motor,P10,4,0.34
2026-04-03T17:50:50.742329,1284.205585914727,90020,78,4.1104241857820965,2.5960835330569196,6.354040690064983,8.00056684171023,0.06280208654807584,True,hand_fine_motor,P10,4,0.34
2026-04-03T17:50:50.743043,1313.785635376143,90276,77,4.155574697577151,2.552113796202443,6.463317584284417,8.09670056820866,0.09613372649843122,True,hand_fine_motor,P10,4,0.34
2026-04-03T17:50:50.743229,1204.562338509565,90276,77,4.348408301750204,2.9165893336327144,6.341185968165073,8.223489987994382,0.12678941978572134,True,hand_fine_motor,P10,4,0.34
2026-04-03T17:50:50.802062,1262.6099057718802,90498,78,4.218951261831967,2.878626821850928,6.364005931651815,8.160062109279108,0.06342787871527378,True,hand_fine_motor,P10,4,0.34
2026-04-03T17:50:50.863823,1284.366878122318,90498,77,4.941912524733626,2.582452456762012,6.583077567462067,8.627193654530858,0.4671315452517497,True,hand_fine_motor,P10,4,0.34
2026-04-03T17:50:50.864262,1348.0147117467789,90681,77,4.118294228471486,2.8629111055496677,7.10859873389841,8.699930075013434,0.07273642048257578,True,hand_fine_motor,P10,4,0.34
2026-04-03T17:50:50.864530,1362.4334626673553,90681,77,4.319781023312239,2.7309960076635784,6.957009617897465,8.632428980696034,0.06750109431740015,True,hand_fine_motor,P10,4,0.34
2026-04-03T17:50:50.864768,1231.3606215022944,90516,77,3.9653027702885666,2.2149184100093677,7.256886986228498,8.561068762365428,0.07136021833060546,True,hand_fine_motor,P10,4,0.34
2026-04-03T17:50:50.865121,1240.8342528145536,90516,78,3.921645108080912,2.0246115883427933,7.324662406735529,8.551551427082199,0.0095173352832294,True,hand_fine_motor,P10,4,0.34
2026-04-03T17:50:50.922188,1252.1292769319994,90064,77,4.266858846078185,1.6599109929503364,7.142289975641367,8.48373119641471,0.06782023066748799,True,hand_fine_motor,P10,4,0.34
2026-04-03T17:50:50.922525,1264.5495623956454,90064,78,4.228875664471591,1.8164745551715267,7.50147316111822,8.800856139156156,0.31712494274144554,True,hand_fine_motor,P10,4,0.34
2026-04-03T17:50:50.922773,1235.7513148628898,89855,77,4.400712181158792,1.9729218899554681,7.453283129817552,8.877506288282074,0.07665014912591772,True,hand_fine_motor,P10,4,0.34
2026-04-03T17:50:50.985506,1339.1654452189114,89855,79,4.475585658835984,1.9964101802503778,7.988445410311499,9.371861110308481,0.49435482202640735,True,hand_fine_motor,P10,4,0.34
2026-04-03T17:50:50.985651,1288.874208268836,89850,77,4.61149836514321,1.8468217772943953,8.082268299444005,9.48681868241429,0.11495757210580848,True,hand_fine_motor,P10,4,0.34
2026-04-03T17:50:50.986547,1283.2922316727825,89850,77,5.430429421281686,1.9518930975957445,8.220628892015236,10.043813506044371,0.556994823630081,True,hand_fine_motor,P10,4,0.34
2026-04-03T17:50:51.041355,1231.7658634554207,89929,79,5.400759940144751,2.0254414884786374,8.21716699207534,10.039544537974589,0.004268968069782275,True,hand_fine_motor,P10,4,0.34
2026-04-03T17:50:51.042171,1212.9710325922533,89929,78,4.924569823870985,1.7332779396417646,7.943456049397699,9.50547917650354,0.5340653614710487,True,hand_fine_motor,P10,4,0.34
2026-04-03T17:50:51.042661,1199.3140337845534,90044,78,4.831181903851305,1.3434835004413184,7.926110499266191,9.379152101903248,0.12632707460029202,True,hand_fine_motor,P10,4,0.34
2026-04-03T17:50:51.100616,1237.066436542857,90044,79,4.902538286421428,1.639760859425123,7.89274613604601,9.434995436882827,0.055843334979579495,True,hand_fine_motor,P10,4,0.34
2026-04-03T17:50:51.164100,1204.8206050514934,90226,79,4.664459606531988,1.7149524388571011,7.924032525543474,9.353530710613043,0.0814647262697843,True,hand_fine_motor,P10,4,0.34
2026-04-03T17:50:51.164461,1274.2931287109573,90226,78,4.695877205217264,1.5790594145924934,8.158171315827179,9.544655602989437,0.19112489237639352,True,hand_fine_motor,P10,4,0.34
2026-04-03T17:50:51.167167,1208.4697676982357,90336,77,4.320417678225693,1.8234596065916546,8.56734489665578,9.766801545513777,0.2221459425243406,True,hand_fine_motor,P10,4,0.34
2026-04-03T17:50:51.167492,1309.154775175901,90336,77,4.612005886461391,1.9333866558308805,8.591139624099489,9.940636916137302,0.17383537062352517,True,hand_fine_motor,P10,4,0.34
2026-04-03T17:50:51.167697,1375.2093893673798,90366,78,4.408337133038102,2.0925972440270764,8.591550357321523,9.880644566354155,0.0599923497831476,True,hand_fine_motor,P10,4,0.34
2026-04-03T17:50:51.297435,1260.837762445071,90366,77,4.331606413635296,1.9904620028159457,8.475883002040904,9.724471490604845,0.15617307574930983,True,hand_fine_motor,P10,4,0.34
2026-04-03T17:50:51.341626,1296.3887461283184,90446,80,4.342498333074743,1.8641985769507934,8.500521629789969,9.725810818928641,0.0013393283237963516,True,hand_fine_motor,P10,4,0.34
2026-04-03T17:50:51.401210,1281.827948274472,90446,77,4.33100704351243,1.9589661684883182,8.477395378522342,9.719125622401844,0.006685196526797554,True,hand_fine_motor,P10,4,0.34
2026-04-03T17:50:51.466418,1149.2605281229223,90517,77,4.320070900073284,1.9632657414262102,8.462577243036773,9.702197614328501,0.016928008073342937,True,hand_fine_motor,P10,4,0.34
2026-04-03T17:50:51.467133,1258.2431536912413,90517,77,4.410705990734848,1.9370323994499987,8.474364593313249,9.747885776599176,0.04568816227067529,True,hand_fine_motor,P10,4,0.34
2026-04-03T17:50:51.477126,1287.5769407842192,90591,78,4.149023788882411,1.8473122620788014,8.355274963359602,9.5098675441713,0.23801823242787634,True,hand_fine_motor,P10,4,0.34
2026-04-03T17:50:51.477164,1202.6418088417008,90591,78,4.436733591186897,1.8460839058776248,8.346761517333974,9.63125425756967,0.12138671339837082,True,hand_fine_motor,P10,4,0.34
2026-04-03T17:50:51.477200,1284.2348293183975,90631,78,4.192129191758742,1.7426560892711458,8.413626864828423,9.560330246724334,0.07092401084533684,True,hand_fine_motor,P10,4,0.34
2026-04-03T17:50:51.477213,1125.1329396370165,90631,78,4.453797100199395,1.8260738207026261,8.369102800228964,9.654674302595625,0.09434405587129113,True,hand_fine_motor,P10,4,0.34
2026-04-03T17:50:51.521061,1274.3293445131646,90649,78,4.17626678899836,1.7995488495733187,8.412788863990906,9.563189678396048,0.09148462419957681,True,hand_fine_motor,P10,4,0.34
2026-04-03T17:50:51.521451,1183.5086629543985,90649,79,4.419762385352465,1.9154181298100117,8.385483955230942,9.670546381586563,0.10735670319051493,True,hand_fine_motor,P10,4,0.34
2026-04-03T17:50:51.522050,1226.1673766898432,90638,78,4.162270258894256,1.9036018004152366,8.425903372176963,9.588745546727313,0.0818008348592496,True,hand_fine_motor,P10,4,0.34
2026-04-03T17:50:51.522468,1206.1557480984789,90638,79,4.320209241590931,2.0341075639572703,8.438880360236176,9.696210765410152,0.10746521868283843,True,hand_fine_motor,P10,4,0.34
2026-04-03T17:50:51.523148,1204.7671904837061,90642,79,4.455353045940017,1.8815364107039845,8.476036341132458,9.758767447017576,0.06255668160742367,True,hand_fine_motor,P10,4,0.34
2026-04-03T17:50:51.523888,1176.8327819209517,90642,78,4.400813872300065,1.9749005992197286,8.467227896856583,9.74481109989996,0.013956347117614953,True,hand_fine_motor,P10,4,0.34
2026-04-03T17:50:51.524523,1174.0836499579782,90395,77,3.1732461363190776,4.306273864778401,5.849495767271695,7.926543153952228,1.8182679459477322,True,hand_fine_motor,P10,4,0.34
2026-04-03T17:50:51.581318,1278.4172433254153,90395,76,3.407212156205825,4.441422502730369,4.308350449015139,7.063795871674476,0.862747282277752,True,hand_fine_motor,P10,4,0.34
2026-04-03T17:50:51.581778,1094.1775812836688,89934,77,3.492574708523577,4.482331747926048,4.353140274488145,7.158156623213482,0.09436075153900525,True,hand_fine_motor,P10,4,0.34
2026-04-03T17:50:51.582234,1265.6848742058396,89934,78,3.630903765876959,6.2056725954930965,3.8569441636733792,8.159035041057715,1.0008784178442331,True,hand_fine_motor,P10,4,0.34
2026-04-03T17:50:51.582702,1214.086563931684,89552,79,3.637667298573642,6.743653623575462,2.822277433261255,8.165460028692214,0.006424987634499502,True,hand_fine_motor,P10,4,0.34
2026-04-03T17:50:51.583440,1210.557705853578,89552,78,3.799454650570637,6.696626043536945,2.7550386860414426,8.177462575292234,0.012002546600019315,True,hand_fine_motor,P10,4,0.34
2026-04-03T17:50:51.641793,1169.2970048833774,89414,78,3.931718981583261,8.638791852893325,1.64749751070997,9.633347646356055,1.4558850710638218,True,hand_fine_motor,P10,4,0.34
2026-04-03T17:50:51.642403,1127.9132921855514,89414,77,4.040715579671331,8.651653713356989,1.8115794065096102,9.719069622023094,0.08572197566703821,True,hand_fine_motor,P10,4,0.34
2026-04-03T17:50:51.642655,1139.161786827225,89397,79,4.417424741848848,10.740082068744757,0.8659231424805867,11.645292056533167,1.9262224345100734,True,hand_fine_motor,P10,4,0.34
2026-04-03T17:50:51.703189,1174.9135040568992,89397,78,4.318519576560754,10.58105457420633,0.4160974843654251,11.43597238331601,0.2093196732171574,True,hand_fine_motor,P10,4,0.34
2026-04-03T17:50:51.703624,1150.9567435442384,89419,77,4.091842951318407,10.700625995876917,0.28714001490982505,11.459887644739515,0.02391526142350564,True,hand_fine_motor,P10,4,0.34
2026-04-03T17:50:51.703912,1123.9639144587113,89419,77,4.485128897242423,10.022484469755815,-0.1815104301093168,10.981781376790106,0.4781062679494088,True,hand_fine_motor,P10,4,0.34
2026-04-03T17:50:51.761651,1117.7334047695022,89459,79,4.430599599145737,9.949019171264274,-0.15032538260808012,10.892005921720328,0.08977545506977869,True,hand_fine_motor,P10,4,0.34
2026-04-03T17:50:51.763416,1073.8611905266227,89459,76,7.99360218635943,11.599948134540387,-0.5899354554293661,14.099804838343328,3.207798916623,True,hand_fine_motor,P10,4,0.34
2026-04-03T17:50:51.763681,1218.004736727269,89444,77,5.110535010335748,11.912175278119392,0.4384371607042462,12.969568809038819,1.130236029304509,True,hand_fine_motor,P10,4,0.34
2026-04-03T17:50:51.821384,1092.31042113482,89444,78,5.058295404168363,12.022454228869993,0.47014541857006625,13.051697008270885,0.08212819923206638,True,hand_fine_motor,P10,4,0.34
2026-04-03T17:50:51.821743,1154.3193677232236,89404,80,5.415480685169963,11.735445143162778,-0.23505546405399017,12.92684628325151,0.12485072501937466,True,hand_fine_motor,P10,4,0.34
2026-04-03T17:50:51.822198,1170.2657337742296,89404,78,5.567292797340528,11.59352308243314,-0.329594585708479,12.865191764803123,0.06165451844838721,True,hand_fine_motor,P10,4,0.34
2026-04-03T17:50:51.882395,1234.0968350961775,89389,77,4.444470172807062,10.714662391600099,1.3337617479645494,11.6763104482227,1.1888813165804226,True,hand_fine_motor,P10,4,0.34
2026-04-03T17:50:51.882931,1140.2552336669557,89389,78,4.640032183264967,10.816508459829414,1.2287222499838146,11.833702391513032,0.15739194329033168,True,hand_fine_motor,P10,4,0.34
2026-04-03T17:50:51.883316,1162.033490052769,89301,80,2.6963924280995046,8.743704410641765,2.1110769984239965,9.39039642615068,2.4433059653623523,True,hand_fine_motor,P10,4,0.34
2026-04-03T17:50:51.941615,1066.997875367167,89301,76,2.1031333136082213,8.267267478730185,2.1930725251370715,8.807976407790244,0.5824200183604358,True,hand_fine_motor,P10,4,0.34
2026-04-03T17:50:51.953624,1139.1944009258518,89146,79,2.273963763497642,8.420316809399358,2.0008880985012563,8.948530580552191,0.14055417276194682,True,hand_fine_motor,P10,4,0.34
2026-04-03T17:50:51.953914,1027.848964320302,89146,79,1.8942633925613612,8.812630836564104,2.0151560817375413,9.23642517945782,0.28789459890562874,True,hand_fine_motor,P10,4,0.34
2026-04-03T17:50:52.001136,1135.609524765202,89046,78,2.0500405335017637,8.90680396888886,1.9995098421067845,9.355846446895997,0.11942126743817738,True,hand_fine_motor,P10,4,0.34
2026-04-03T17:50:52.002539,1076.2042443661105,89046,77,2.706446092683955,9.762979041280563,2.3306755302006392,10.395800048104226,1.0399536012082287,True,hand_fine_motor,P10,4,0.34
2026-04-03T17:50:52.002799,1174.66393886295,88883,78,2.741720788699591,9.600685700572264,2.621531566133333,10.32291754091806,0.07288250718616673,True,hand_fine_motor,P10,4,0.34
2026-04-03T17:50:52.061582,1159.646280406985,88883,79,2.8076547879395606,10.011837867251007,2.5235455138013854,10.699911441156335,0.3769939002382756,True,hand_fine_motor,P10,4,0.34
2026-04-03T17:50:52.063218,1275.3045114708914,88696,78,2.9993852048292133,9.247131803531488,2.740825578155624,10.100390242396776,0.5995211987595592,True,hand_fine_motor,P10,4,0.34
2026-04-03T17:50:52.063529,1129.5255281494108,88696,78,2.9204871430414476,9.41821245252704,2.633651023089257,10.206276924766685,0.10588668236990983,True,hand_fine_motor,P10,4,0.34
2026-04-03T17:50:52.120761,1143.4770166795802,88675,79,3.2737421686861397,9.809721806113886,2.537445062743801,10.648317103975774,0.4420401792090889,True,hand_fine_motor,P10,4,0.34
2026-04-03T17:50:52.121366,1164.1935349982393,88675,78,3.054667697661897,9.742742065722254,2.557562340107253,10.525832167855796,0.12248493611997802,True,hand_fine_motor,P10,4,0.34
2026-04-03T17:50:52.122054,1039.3502989119904,88651,78,2.9915400928422926,9.655678335652073,2.350447629513961,10.378152066131594,0.14768010172420176,True,hand_fine_motor,P10,4,0.34
2026-04-03T17:50:52.181881,1246.1880172808853,88651,77,2.8288045913415196,8.905026728499452,2.629995442767875,9.706622094233621,0.6715299718979733,True,hand_fine_motor,P10,4,0.34
2026-04-03T17:50:52.182222,1048.9085124565581,88478,77,2.738934015152692,8.96630512596946,2.310050052099836,9.6557091088409,0.0509129853927206,True,hand_fine_motor,P10,4,0.34
2026-04-03T17:50:52.182583,1177.4650285417438,88478,79,2.508232233457898,8.96155256686656,2.1235970655731444,9.545172488885715,0.1105366199551856,True,hand_fine_motor,P10,4,0.34
2026-04-03T17:50:52.242085,1188.2318027374017,88320,79,2.440499807280905,8.890043358977653,2.402119486273382,9.526756439637527,0.01841604924818796,True,hand_fine_motor,P10,4,0.34
2026-04-03T17:50:52.242945,1121.6182958106608,88320,77,2.6469116338623366,8.873568176448028,2.163642018932645,9.509348041040347,0.017408398597179797,True,hand_fine_motor,P10,4,0.34
2026-04-03T17:50:52.314184,1184.9562389954165,88234,77,2.449476546873654,8.823858112146452,2.392106707594938,9.464807543605813,0.04454049743453403,True,hand_fine_motor,P10,4,0.34
2026-04-03T17:50:52.314605,1089.0408990779872,88234,77,2.5129177014138318,8.83883683690066,2.2983819715648446,9.472188326392446,0.007380782786633233,True,hand_fine_motor,P10,4,0.34
2026-04-03T17:50:52.314877,1115.3203161749634,88104,77,2.5867329082416126,8.970270364606577,2.43386577377263,9.647830852448697,0.17564252605625086,True,hand_fine_motor,P10,4,0.34
2026-04-03T17:50:52.315263,1164.27124007282,88104,78,2.5788863190837197,8.734698763643616,2.3034467857939926,9.394226111465445,0.2536047409832527,True,hand_fine_motor,P10,4,0.34
2026-04-03T17:50:52.361384,1111.8043237862585,88021,77,2.5737984339849174,8.799580315404967,2.573331780244774,9.522556828775743,0.12833071731029833,True,hand_fine_motor,P10,4,0.34
2026-04-03T17:50:52.362938,1087.0262629206593,88021,78,2.6013726748397263,8.964301325847218,2.385032326551315,9.634013558880005,0.11145673010426194,True,hand_fine_motor,P10,4,0.34
2026-04-03T17:50:52.363278,1159.7161643302804,88022,77,2.5087083993170998,8.894738382108264,2.3922540114328243,9.546353648077915,0.08765991080209012,True,hand_fine_motor,P10,4,0.34
2026-04-03T17:50:52.420687,1098.4595861302232,88022,78,2.5731143744115954,9.008225559481511,2.3076136692983766,9.648529740900024,0.10217609282210915,True,hand_fine_motor,P10,4,0.34
2026-04-03T17:50:52.421337,1117.587756328257,88052,78,2.7347542611020756,8.805966915612155,2.412914327093399,9.531321510544295,0.11720823035572892,True,hand_fine_motor,P10,4,0.34
2026-04-03T17:50:52.421972,1228.9987163912224,88052,77,2.6152099706135408,8.769584260064496,2.3758865767632913,9.454616243423708,0.07670526712058745,True,hand_fine_motor,P10,4,0.34
2026-04-03T17:50:52.480671,1110.2636141895525,88018,78,2.7854924872066826,8.882147728394033,2.491260781176729,9.63628024421921,0.18166400079550193,True,hand_fine_motor,P10,4,0.34
2026-04-03T17:50:52.482272,1047.106930081747,88018,79,2.572872221491129,9.025868755890844,2.4084756561344602,9.68951666766096,0.05323642344175106,True,hand_fine_motor,P10,4,0.34
2026-04-03T17:50:52.482530,1055.1629732239887,87987,78,2.5566800048443383,8.736090662959361,3.4765791861744657,9.74384398255422,0.054327314893258816,True,hand_fine_motor,P10,4,0.34
2026-04-03T17:50:52.621920,1052.1397400043954,87987,77,2.5579013739649157,8.737418152998128,3.4514098709621854,9.736404136879695,0.007439845674523937,True,hand_fine_motor,P10,4,0.34
2026-04-03T17:50:52.622353,1141.8162732973817,88003,78,2.6556080731161664,8.626966906680764,3.3721264441607075,9.635769248086671,0.1006348887930244,True,hand_fine_motor,P10,4,0.34
2026-04-03T17:50:52.622657,1173.9826471362094,88003,78,2.2283196854989207,8.86145773950184,3.3549398306236307,9.733779489841753,0.0980102417550821,True,hand_fine_motor,P10,4,0.34
2026-04-03T17:50:52.623072,1105.7873366405706,88092,78,2.1993195382178223,8.540236882071367,3.603773594753988,9.526795712899736,0.20698377694201753,True,hand_fine_motor,P10,4,0.34
2026-04-03T17:50:52.630775,1108.8236152661625,88092,78,2.2614653882810436,8.643910048758423,3.5493954905010003,9.614032191614962,0.08723647871522644,True,hand_fine_motor,P10,4,0.34
2026-04-03T17:50:52.633904,1209.141240177829,88237,78,2.223721794410696,8.75915092849127,3.8702387545232795,9.830890683149747,0.21685849153478465,True,hand_fine_motor,P10,4,0.34
2026-04-03T17:50:52.661709,1146.9058877255086,88237,80,2.0550206359254477,8.64432948500132,3.8035269106983303,9.665110398735703,0.16578028441404413,True,hand_fine_motor,P10,4,0.34
2026-04-03T17:50:52.662205,1118.1279577349567,88365,79,1.968929226678163,8.98161842569211,4.421144995752938,10.202581777073426,0.5374713783377238,True,hand_fine_motor,P10,4,0.34
2026-04-03T17:50:52.662723,1068.4116853511039,88365,76,1.747481452621006,8.58077375305127,4.734582158426912,9.954880101899894,0.24770167517353237,True,hand_fine_motor,P10,4,0.34
2026-04-03T17:50:52.721040,1141.1227281846377,88451,78,1.7748972158023506,8.781063137667338,4.947006196363931,10.233777418980063,0.27889731708016896,True,hand_fine_motor,P10,4,0.34
2026-04-03T17:50:52.721525,1185.5171396270343,88451,77,1.9128627417601294,8.277332556200797,4.979877321759051,9.84745938069946,0.38631803828060285,True,hand_fine_motor,P10,4,0.34
2026-04-03T17:50:52.722167,1177.6017801246896,88473,77,1.7379929175004865,8.156116347084927,4.979173524236969,9.712621800159328,0.1348375805401325,True,hand_fine_motor,P10,4,0.34
2026-04-03T17:50:52.841642,1129.7877781549978,88473,79,1.9660466334970446,8.244024878277111,5.413520728681972,10.056614352683829,0.3439925525245009,True,hand_fine_motor,P10,4,0.34
2026-04-03T17:50:52.842278,1124.6244093962403,88251,79,2.0569681441789003,7.680603288786987,6.1081635895346365,10.02658701963978,0.03002733304404792,True,hand_fine_motor,P10,4,0.34
2026-04-03T17:50:52.842671,1224.0459543487002,88251,78,2.0538708649404005,7.734293504212502,5.953165247423359,9.973858731819092,0.05272828782068828,True,hand_fine_motor,P10,4,0.34
2026-04-03T17:50:52.843208,1172.0187292775138,87817,79,2.1918544621021954,7.417523107041675,5.800655826618781,9.668065113838493,0.30579361798059956,True,hand_fine_motor,P10,4,0.34
2026-04-03T17:50:52.843525,1142.1211812649267,87817,77,2.1281715309662954,7.488848621437162,5.929375149362621,9.786187071678924,0.11812195784043134,True,hand_fine_motor,P10,4,0.34
2026-04-03T17:50:52.844326,1197.476726714152,87585,78,2.177692592826247,7.619417136105845,6.037659341035191,9.96248928939064,0.17630221771171506,True,hand_fine_motor,P10,4,0.34
2026-04-03T17:50:52.900847,1167.094740705447,87585,78,2.347296553890227,7.378885915298515,5.8797320203304615,9.7226028970536,0.23988639233703957,True,hand_fine_motor,P10,4,0.34
2026-04-03T17:50:52.902442,1244.1593791780276,87596,77,1.8867359521926055,7.270339746909366,6.007427764292475,9.618045587954882,0.10455730909871797,True,hand_fine_motor,P10,4,0.34
2026-04-03T17:50:52.902745,1181.2675493445395,87596,77,2.2142311923058964,7.681420354075768,5.819074745512795,9.887804069805119,0.26975848185023743,True,hand_fine_motor,P10,4,0.34
2026-04-03T17:50:53.021810,1270.2487334725643,87657,78,2.1917517292603943,7.505424568186525,5.7727962944973905,9.719071491105343,0.16873257869977643,True,hand_fine_motor,P10,4,0.34
2026-04-03T17:50:53.022597,1143.0593868083965,87657,78,2.189607782269954,7.471097955195247,5.674866555971733,9.634095563382491,0.08497592772285145,True,hand_fine_motor,P10,4,0.34
2026-04-03T17:50:53.032822,1158.7854672252026,87775,78,2.2849474917088584,7.560022469113728,5.9952787708941875,9.915558093930242,0.28146253054775094,True,hand_fine_motor,P10,4,0.34
2026-04-03T17:50:53.032852,1208.7767230725194,87775,78,2.1335671860024026,7.701256883284395,5.819247366894915,9.885600964869809,0.02995712906043302,True,hand_fine_motor,P10,4,0.34
2026-04-03T17:50:53.032862,1140.7714288829936,87868,77,2.156265434823107,7.695157995083698,5.633425993170577,9.777547014218001,0.1080539506518079,True,hand_fine_motor,P10,4,0.34
2026-04-03T17:50:53.035326,1132.6841263319407,87868,80,2.225102495780124,7.854103338770634,5.731190986797684,9.974195230692347,0.19664821647434572,True,hand_fine_motor,P10,4,0.34
2026-04-03T17:50:53.081824,1194.8163483675048,87885,78,2.1726159775108513,7.971402240827659,5.407499217490482,9.8744398148942,0.09975541579814617,True,hand_fine_motor,P10,4,0.34
2026-04-03T17:50:53.082383,1272.7092832471017,87885,79,2.06797809971868,8.008237005317183,5.424814078874989,9.891258825074182,0.01681901017998122,True,hand_fine_motor,P10,4,0.34
2026-04-03T17:50:53.082857,1181.4725482052372,87876,79,2.2847708611592044,7.835744400301859,5.165673605183186,9.659360847910714,0.23189797716346838,True,hand_fine_motor,P10,4,0.34
2026-04-03T17:50:53.140696,1192.8014069439475,87876,79,2.15227027218292,7.7389649727775485,5.412468403829623,9.686003324222748,0.02664247631203409,True,hand_fine_motor,P10,4,0.34
2026-04-03T17:50:53.141602,1191.6562117815558,87896,77,1.9113531364282634,7.974802262771661,5.353361443792772,9.79332531320844,0.10732198898569223,True,hand_fine_motor,P10,4,0.34
2026-04-03T17:50:53.201856,1287.1000913195767,87896,78,2.2415555624908783,7.7622887968078995,5.416632941513704,9.727158430285519,0.06616688292292139,True,hand_fine_motor,P10,4,0.34
2026-04-03T17:50:53.202373,1092.8068811577855,87984,78,2.0826567912474796,7.878981856816405,5.406923234848174,9.780114175085705,0.05295574480018672,True,hand_fine_motor,P10,4,0.34
2026-04-03T17:50:53.202807,1187.839809317035,87984,78,2.0927432657459315,8.007314231990165,5.497304333133151,9.935643437505279,0.15552926241957366,True,hand_fine_motor,P10,4,0.34
2026-04-03T17:50:53.203420,1061.0518252946265,88105,78,2.125890161405188,7.765793931043611,5.450942589509214,9.72315481065269,0.21248862685258807,True,hand_fine_motor,P10,4,0.34
2026-04-03T17:50:53.261813,1197.090362173018,88105,80,1.9177969909176278,7.820823258429579,5.576223236580974,9.794768364905387,0.07161355425269633,True,hand_fine_motor,P10,4,0.34
2026-04-03T17:50:53.262435,1251.890418431981,88213,78,2.075043259671526,7.644740819005154,5.591892482538019,9.696242996931185,0.09852536797420264,True,hand_fine_motor,P10,4,0.34
2026-04-03T17:50:53.262472,1270.7605448965032,88213,77,2.0713100457312548,7.696668606692213,5.790413203804271,9.851797704864808,0.15555470793362325,True,hand_fine_motor,P10,4,0.34
2026-04-03T17:50:53.322236,1143.5233572986094,88303,78,2.2642651262356868,7.790807348987629,5.708719815543672,9.920335561023515,0.06853785615870756,True,hand_fine_motor,P10,4,0.34
2026-04-03T17:50:53.322550,1138.9924609134057,88303,79,2.2375059323956745,7.781409042563826,5.826044624291668,9.974946388298925,0.054610827275409335,True,hand_fine_motor,P10,4,0.34
2026-04-03T17:50:53.322772,1229.3501251217876,88410,77,1.9719789455056995,7.728713065719174,5.831719436556984,9.88082274916682,0.0941236391321052,True,hand_fine_motor,P10,4,0.34
2026-04-03T17:50:53.466356,1071.3470129195466,88410,76,2.111393604844338,7.712211905262585,5.837081570192144,9.89988468030453,0.01906193113770982,True,hand_fine_motor,P10,4,0.34
2026-04-03T17:50:53.471092,1102.0146465040887,88430,77,2.018236457408573,7.510777223987454,5.924733223915264,9.776886860394118,0.12299781991041137,True,hand_fine_motor,P10,4,0.34
2026-04-03T17:50:53.471131,1169.7875123307072,88430,79,2.023684131996569,7.833928366496736,5.779657168806123,9.943347932483753,0.16646107208963556,True,hand_fine_motor,P10,4,0.34
2026-04-03T17:50:53.471141,1133.9433839960939,88154,79,2.155865929627885,7.858607783516263,5.809919449553245,10.008028687607254,0.06468075512350069,True,hand_fine_motor,P10,4,0.34
2026-04-03T17:50:53.471148,1044.0006077564572,88154,80,2.2140277695505928,7.6774840437925755,5.781418338864803,9.862579693771453,0.14544899383580123,True,hand_fine_motor,P10,4,0.34
2026-04-03T17:50:53.471157,1137.916762833311,87695,77,2.144354949683406,7.639742954550947,5.751835325075213,9.80038469493038,0.06219499884107371,True,hand_fine_motor,P10,4,0.34
2026-04-03T17:50:53.503735,1149.553897336432,87695,79,2.1054087449339285,7.861122958561709,5.748285326304592,9.963572870485715,0.1631881755553355,True,hand_fine_motor,P10,4,0.34
2026-04-03T17:50:53.505893,1168.2995353889671,87489,78,2.1017580144996426,7.763419798904701,5.536740202833461,9.764402992462536,0.19916987802317898,True,hand_fine_motor,P10,4,0.34
2026-04-03T17:50:53.506205,1110.7993975971347,87489,77,2.1686410549712893,7.599477839474878,5.557714396091291,9.661431403601494,0.10297158886104185,True,hand_fine_motor,P10,4,0.34
2026-04-03T17:50:53.560942,1202.8140796329712,87467,79,2.177168310292861,7.6842744025303755,5.574076969208558,9.739531251728097,0.07809984812660353,True,hand_fine_motor,P10,4,0.34
2026-04-03T17:50:53.561775,1174.4236674735328,87467,79,2.046765857682542,7.844840673707492,5.461623592359533,9.775485048663755,0.03595379693565803,True,hand_fine_motor,P10,4,0.34
2026-04-03T17:50:53.562516,1027.7034788061937,87516,78,2.0555284009441683,7.796338055376684,5.717828153148572,9.884414138923015,0.10892909025925945,True,hand_fine_motor,P10,4,0.34
2026-04-03T17:50:53.623805,1142.9177729405292,87516,79,2.1973203039690987,7.583610662306823,5.652422524301175,9.710265062752708,0.17414907617030728,True,hand_fine_motor,P10,4,0.34
2026-04-03T17:50:53.624095,1285.0528276276245,87626,77,2.1467988057149303,7.701806978786686,5.800948289308776,9.878136307317325,0.16787124456461733,True,hand_fine_motor,P10,4,0.34
2026-04-03T17:50:53.624600,1293.383260653698,87626,79,1.964880406713467,7.714777565680986,5.7303124772761445,9.808925985440395,0.06921032187693044,True,hand_fine_motor,P10,4,0.34
2026-04-03T17:50:53.741747,1202.7855637423531,87726,76,2.187538162117311,7.437355636110096,5.821905920574318,9.695059082683121,0.11386690275727318,True,hand_fine_motor,P10,4,0.34
2026-04-03T17:50:53.801602,1023.221587827531,87726,79,2.09080313655497,7.745514939564727,5.733984699977974,9.861188568039351,0.16612948535622962,True,hand_fine_motor,P10,4,0.34
2026-04-03T17:50:53.802070,1253.3649833722397,87765,78,2.0810667212172675,7.547333597571798,5.854645026337077,9.775988518590205,0.08520004944914561,True,hand_fine_motor,P10,4,0.34
2026-04-03T17:50:53.802424,1091.2135439967687,87765,78,2.152187123432469,7.639570012775459,5.694829090376801,9.768624148925396,0.0073643696648098,True,hand_fine_motor,P10,4,0.34
2026-04-03T17:50:53.803203,1173.2614442857764,87801,78,1.9910608961566663,7.607692905524096,5.8531355506437075,9.803086789944025,0.034462641018629725,True,hand_fine_motor,P10,4,0.34
2026-04-03T17:50:53.803534,1136.5822667871203,87801,78,2.129696623894777,7.672597531675685,5.67417519511254,9.777557196853163,0.025529593090862335,True,hand_fine_motor,P10,4,0.34
2026-04-03T17:50:53.804003,1184.1031353541946,87851,76,2.130163206146022,7.602238367403544,5.763037421316969,9.774672567362067,0.0028846294910955805,True,hand_fine_motor,P10,4,0.34
2026-04-03T17:50:53.922412,1195.1971385190918,87851,77,1.9243721998535273,7.712457390511969,5.468970767363605,9.648567179551037,0.1261053878110303,True,hand_fine_motor,P10,4,0.34
2026-04-03T17:50:53.923898,1175.4355758125564,87934,77,2.0621287423585146,7.7841558730862985,5.742977025912208,9.890765527840625,0.24219834828958753,True,hand_fine_motor,P10,4,0.34
2026-04-03T17:50:53.924336,1142.7900703885934,87934,78,2.1336440084447124,7.543538012131656,5.6759792374654054,9.678540323798089,0.21222520404253586,True,hand_fine_motor,P10,4,0.34
2026-04-03T17:50:53.925036,1006.4592164448011,88041,78,2.1554155775641433,7.713583742971516,5.65791321744125,9.805976363827165,0.12743604002907638,True,hand_fine_motor,P10,4,0.34
2026-04-03T17:50:53.925826,1144.277492440965,88041,77,2.0625809477644936,7.744983118356039,5.736345367145625,9.856199157934777,0.050222794107611435,True,hand_fine_motor,P10,4,0.34
2026-04-03T17:50:53.925852,1206.9200928884316,88133,78,2.0581374091397753,7.786582762975575,5.75467559769716,9.89864091450438,0.042441756569603584,True,hand_fine_motor,P10,4,0.34
2026-04-03T17:50:53.981294,1188.724416689122,88133,80,1.9034245541187202,7.789788774031789,5.9563305998715315,9.989079456697683,0.0904385421933025,True,hand_fine_motor,P10,4,0.34
2026-04-03T17:50:53.982745,1224.913647231063,88225,78,2.233170867278111,7.644646252618653,5.686508998219823,9.785910945689784,0.2031685110078989,True,hand_fine_motor,P10,4,0.34
2026-04-03T17:50:53.983037,1199.8831454838416,88225,79,2.075750260955679,7.672769362553193,5.706043152379057,9.784633733237257,0.0012772124525266548,True,hand_fine_motor,P10,4,0.34
2026-04-03T17:50:54.040725,1276.4836316850126,88320,79,2.0116266419378004,7.532158807149508,5.754689332175485,9.690021019199502,0.09461271403775484,True,hand_fine_motor,P10,4,0.34
2026-04-03T17:50:54.041887,1068.1065287662734,88320,79,2.1443753366982405,7.651337497575972,5.763618823801242,9.816344178589494,0.12632315938999206,True,hand_fine_motor,P10,4,0.34
2026-04-03T17:50:54.043294,1160.1384473980893,88334,79,1.9389320412106816,7.65307579597647,5.73548234566811,9.758318724906708,0.05802545368278622,True,hand_fine_motor,P10,4,0.34
2026-04-03T17:50:54.043557,1049.7269471343789,88334,77,1.941942489039665,7.575529684066193,5.69027183627638,9.671555417595753,0.08676330731095483,True,hand_fine_motor,P10,4,0.34
2026-04-03T17:50:54.057293,1163.3500941298275,88019,77,2.042019454973635,7.657228930892551,5.792772571903297,9.816272837711056,0.14471742011530253,True,hand_fine_motor,P10,4,0.34
2026-04-03T17:50:54.108269,1102.4596423210355,88019,78,1.782715545578347,7.557767439488559,5.929525939896315,9.770220123300367,0.04605271441068837,True,hand_fine_motor,P10,4,0.34
2026-04-03T17:50:54.108625,1219.043505974192,87579,78,1.8428077613308624,7.56906720591858,5.739723574707,9.676318800400319,0.09390132290004871,True,hand_fine_motor,P10,4,0.34
2026-04-03T17:50:54.108857,1067.6240981971791,87579,77,1.9140027810850457,7.630018544674584,5.620004191562617,9.667731727311258,0.008587073089060482,True,hand_fine_motor,P10,4,0.34
2026-04-03T17:50:54.161817,1138.3032614192132,87396,77,2.020512730683777,7.644644958816955,6.01145716002863,9.932808536767443,0.2650768094561844,True,hand_fine_motor,P10,4,0.34
2026-04-03T17:50:54.163852,1111.5679301595148,87396,78,2.076135657245102,7.481305662183554,5.670056643000836,9.614042646729947,0.3187658900374952,True,hand_fine_motor,P10,4,0.34
2026-04-03T17:50:54.164140,1178.173964364194,87402,79,1.9291132952996861,7.7586428898769455,5.87738526568971,9.922785655252591,0.3087430085226437,True,hand_fine_motor,P10,4,0.34
2026-04-03T17:50:54.221218,1114.4434225261668,87402,78,1.8906439007950075,7.739248129084389,5.781910843053385,9.843829994477144,0.07895566077544736,True,hand_fine_motor,P10,4,0.34
2026-04-03T17:50:54.222704,1069.755887473436,87462,79,2.046233482896974,7.709007895788311,5.834547345119894,9.882196968604744,0.03836697412759982,True,hand_fine_motor,P10,4,0.34
2026-04-03T17:50:54.222971,1197.594946989598,87462,77,1.992058524137733,7.644812478874345,5.674462318462688,9.726817444796405,0.15537952380833886,True,hand_fine_motor,P10,4,0.34
2026-04-03T17:50:54.280966,1202.5365171295605,87591,78,1.9275904341826484,7.568550807139497,5.825833021677936,9.74365930226819,0.01684185747178546,True,hand_fine_motor,P10,4,0.34
2026-04-03T17:50:54.341174,1127.68252998036,87591,79,2.0546797537415085,7.675688411234772,5.613012353285478,9.72850498046511,0.015154321803080961,True,hand_fine_motor,P10,4,0.34
2026-04-03T17:50:54.341722,1214.105538011159,87685,78,1.9219134601009522,7.697181207096278,5.7643988331063865,9.806561262242317,0.07805628177720791,True,hand_fine_motor,P10,4,0.34
2026-04-03T17:50:54.342581,1136.7460478666806,87685,79,2.027178890145839,7.741447654388396,5.809865665568339,9.889085149306702,0.08252388706438474,True,hand_fine_motor,P10,4,0.34
2026-04-03T17:50:54.342921,1156.9620322035557,87714,78,2.1182002484378977,7.7497460917710255,5.580251497376234,9.781847655395802,0.10723749391089932,True,hand_fine_motor,P10,4,0.34
2026-04-03T17:50:54.343536,1142.6574845425473,87714,79,1.9077503854769395,7.620479880472938,5.868152126090821,9.805428828813376,0.02358117341757371,True,hand_fine_motor,P10,4,0.34
2026-04-03T17:50:54.465073,1104.0730240339835,87761,78,2.03413528243436,7.729436245704398,6.0051159065244075,9.99716500186156,0.19173617304818436,True,hand_fine_motor,P10,4,0.34
2026-04-03T17:50:54.466402,1181.0850190239366,87761,78,1.875381499815052,7.633479272690662,5.639879943389116,9.674466773537926,0.3226982283236346,True,hand_fine_motor,P10,4,0.34
2026-04-03T17:50:54.467384,1216.4314583394228,87847,79,1.9019278172173557,7.721219163460845,5.776354022437981,9.82857164519014,0.15410487165221376,True,hand_fine_motor,P10,4,0.34
2026-04-03T17:50:54.467755,1269.9154244029842,87847,80,1.806286202702465,7.571508759546436,5.918392109119847,9.778434429869321,0.050137215320818385,True,hand_fine_motor,P10,4,0.34
2026-04-03T17:50:54.468364,1128.5585246918652,87957,77,1.7429469964788626,7.717031359861777,5.8173077665392325,9.819954525977321,0.041520096108000004,True,hand_fine_motor,P10,4,0.34
2026-04-03T17:50:54.468708,1182.4967643577352,87957,78,1.9982263360974046,7.578414167533471,5.732835461900492,9.71033841934302,0.10961610663430044,True,hand_fine_motor,P10,4,0.34
2026-04-03T17:50:54.521239,1288.2731570259593,88080,78,2.080173164853896,7.598466804911127,5.722390428361923,9.737020611856726,0.026682192513705516,True,hand_fine_motor,P10,4,0.34
2026-04-03T17:50:54.522340,1181.1399759281026,88080,77,2.1963344874003323,7.574265289562751,5.770287917491729,9.771878146393878,0.034857534537151125,True,hand_fine_motor,P10,4,0.34
2026-04-03T17:50:54.522753,1154.4955526761808,88181,77,2.2152024334527987,7.459563625343065,5.8353169365014015,9.726414295676319,0.04546385071755843,True,hand_fine_motor,P10,4,0.34
2026-04-03T17:50:54.581770,1181.7277571462741,88181,78,2.0490361901374743,7.56488417492433,5.770135834711273,9.732445193245777,0.006030897569457849,True,hand_fine_motor,P10,4,0.34
2026-04-03T17:50:54.582753,1083.453464341893,88305,78,2.0682008981939206,7.602041536062734,5.7261287577447355,9.739457942903417,0.007012749657640427,True,hand_fine_motor,P10,4,0.34
2026-04-03T17:50:54.582847,1175.9848915067266,88305,79,2.0524431010290107,7.571348753406891,5.8528933238352785,9.787451399055488,0.047993456152070735,True,hand_fine_motor,P10,4,0.34
2026-04-03T17:50:54.641855,1105.0340345505901,88408,77,1.8144494414310555,7.592360512156222,5.632577963934674,9.626115490781368,0.16133590827412014,True,hand_fine_motor,P10,4,0.34
2026-04-03T17:50:54.823919,1095.950773810228,88408,79,2.0200661052457125,7.628416595669044,6.0176063908602275,9.92396057539344,0.2978450846120726,True,hand_fine_motor,P10,4,0.34
2026-04-03T17:50:54.824491,1176.6525234084727,88426,77,1.9313880402904509,7.561314586144021,5.828500677065155,9.74038798895405,0.18357258643939112,True,hand_fine_motor,P10,4,0.34
2026-04-03T17:50:54.824779,1146.50549051374,88426,77,1.7264548201649825,7.801936522942963,5.740635588179087,9.838991651097713,0.09860366214366323,True,hand_fine_motor,P10,4,0.34
2026-04-03T17:50:54.824985,1248.986802106534,88143,79,1.886510327633563,7.49722380845454,5.787740800174305,9.657392485569178,0.18159916552853517,True,hand_fine_motor,P10,4,0.34
2026-04-03T17:50:54.825169,1177.700261977637,88143,79,2.0374466046943347,7.655354753682945,5.7379358275551855,9.781592540729651,0.12420005516047361,True,hand_fine_motor,P10,4,0.34
2026-04-03T17:50:54.827578,1212.460617471656,87679,78,1.8784757185532566,7.619435045343517,5.714423999915563,9.707682683638465,0.07390985709118603,True,hand_fine_motor,P10,4,0.34
2026-04-03T17:50:54.827853,1103.0358592055875,87679,78,2.213050451541361,7.483672511959288,5.747726625813153,9.692229255047772,0.015453428590692653,True,hand_fine_motor,P10,4,0.34
2026-04-03T17:50:54.828054,1138.1368057728153,87502,78,1.9766463538677692,7.727455950766444,5.946653613537307,9.949039927485003,0.256810672437231,True,hand_fine_motor,P10,4,0.34
2026-04-03T17:50:54.828236,1197.4411614897413,87502,78,1.9718005460328836,7.617292167224251,5.727070115337163,9.731930407692994,0.2171095197920092,True,hand_fine_motor,P10,4,0.34
2026-04-03T17:50:54.828408,1092.8750227180365,87520,79,1.9442034760748739,7.644674591256133,5.761372301752845,9.768028847315287,0.0360984396222932,True,hand_fine_motor,P10,4,0.34
2026-04-03T17:50:54.828573,1204.5181820155988,87520,79,1.9839476936812797,7.576550134483057,5.793258027911182,9.741765700813987,0.026263146501300128,True,hand_fine_motor,P10,4,0.34
2026-04-03T17:50:54.881633,1146.7781212669897,87601,78,1.945897247284389,7.728364892963811,5.907737213415276,9.920458608277956,0.1786929074639687,True,hand_fine_motor,P10,4,0.34
2026-04-03T17:50:54.882079,1127.998433687155,87601,76,1.9876262981704949,7.788118134147858,5.679778778098473,9.842018560273063,0.07844004800489301,True,hand_fine_motor,P10,4,0.34
2026-04-03T17:50:54.882485,1235.240631208532,87748,79,2.0154925878445646,7.755210632845962,5.801572472617336,9.892610650707663,0.05059209043460022,True,hand_fine_motor,P10,4,0.34
2026-04-03T17:50:54.940812,1178.3059997397854,87748,79,1.9329740891631977,7.6506680625698,5.836634161439584,9.815060314001405,0.077550336706258,True,hand_fine_motor,P10,4,0.34
2026-04-03T17:50:54.941139,1112.2835067329627,87853,78,2.0229464929566285,7.627455616341945,5.697612568256802,9.73309717770195,0.08196313629945529,True,hand_fine_motor,P10,4,0.34
2026-04-03T17:50:54.942144,1156.7089832276943,87853,78,1.9643614618011653,7.686076585693796,5.832120641313505,9.846223662328368,0.11312648462641839,True,hand_fine_motor,P10,4,0.34
2026-04-03T17:50:55.001687,1136.1248818084946,87900,77,2.1253428598010675,7.684822527976862,5.720622375287345,9.813210479697574,0.033013182630794446,True,hand_fine_motor,P10,4,0.34
2026-04-03T17:50:55.003521,1234.665271121203,87900,78,2.0421235747026003,7.664874334905074,5.884502522752302,9.876635925481956,0.06342544578438236,True,hand_fine_motor,P10,4,0.34
2026-04-03T17:50:55.003844,1117.9831418325361,87937,78,1.9028370589012085,7.578114530081838,5.721612162951864,9.684289052222883,0.19234687325907274,True,hand_fine_motor,P10,4,0.34
2026-04-03T17:50:55.061517,1234.2561303483133,87937,78,2.0604970340364277,7.4920133833001055,5.856420339150702,9.730034519550218,0.04574546732733431,True,hand_fine_motor,P10,4,0.34
2026-04-03T17:50:55.064357,1201.4249898543635,88009,80,1.952814081556664,7.901876261127244,5.884336875821618,10.043831527432467,0.31379700788224874,True,hand_fine_motor,P10,4,0.34
2026-04-03T17:50:55.064394,1132.7973778879,88009,78,1.895668179567635,7.590137086237374,5.744640837115343,9.705907334317308,0.33792419311515864,True,hand_fine_motor,P10,4,0.34
2026-04-03T17:50:55.181552,1177.3077119838142,88106,77,1.8953526112677146,7.640209614465353,5.945299939800659,9.864672110526628,0.1587647762093205,True,hand_fine_motor,P10,4,0.34
2026-04-03T17:50:55.184043,1128.7804066814242,88106,78,1.953323174480458,7.784894424203185,5.907659598436106,9.965966814662112,0.10129470413548347,True,hand_fine_motor,P10,4,0.34
2026-04-03T17:50:55.184326,1146.5210761992307,88210,77,1.8882852137644281,7.609492713453801,6.086000502023874,9.925190301211495,0.04077651345061639,True,hand_fine_motor,P10,4,0.34
2026-04-03T17:50:55.184571,1205.8445909573932,88210,78,1.9946619035321063,7.684936134253077,5.909878380426793,9.897655377329874,0.027534923881621154,True,hand_fine_motor,P10,4,0.34
2026-04-03T17:50:55.185854,1294.678224357775,88300,77,28.473388845017954,41.68692104633217,44.43694048787306,35.73133531157533,0.024461142328995322,True,hand_fine_motor,P10,4,0.34
2026-04-03T17:50:55.186106,1299.0398293225621,88300,79,1.8343362245878547,7.535912410361858,5.930117525887245,9.763250437857065,0.10994379714381353,True,hand_fine_motor,P10,4,0.34
2026-04-03T17:50:55.241277,1119.2215259526242,88402,78,2.033438867316743,7.665779360568449,5.914422486565793,9.893403872359944,0.13015343450287808,True,hand_fine_motor,P10,4,0.34
2026-04-03T17:50:55.242795,1107.042116325077,88402,80,2.0662871505086726,7.614427520654181,5.916154842442352,9.861538276324193,0.03186559603575034,True,hand_fine_motor,P10,4,0.34
2026-04-03T17:50:55.243099,1132.4367588184016,88493,79,1.8959226397295679,7.655549738565128,5.764702687848209,9.769020500273715,0.09251777605047806,True,hand_fine_motor,P10,4,0.34
2026-04-03T17:50:55.301218,1150.267237504921,88493,78,1.9623191047794433,7.575737723066748,5.775520995331808,9.726208978075553,0.04281152219816242,True,hand_fine_motor,P10,4,0.34
2026-04-03T17:50:55.303544,1151.6519110101963,88565,78,1.936483696171723,7.6752785577414695,5.814634208389986,9.821906180667982,0.09569720259242942,True,hand_fine_motor,P10,4,0.34
2026-04-03T17:50:55.303814,1104.3252644826866,88565,78,2.0826711002922917,7.522233073486169,5.7211374171466804,9.677444015323347,0.14446216534463474,True,hand_fine_motor,P10,4,0.34
2026-04-03T17:50:55.360834,1101.583462407648,88408,78,2.0043560422951825,7.452752177976011,5.741339892146625,9.618936631861425,0.0585073834619223,True,hand_fine_motor,P10,4,0.34
2026-04-03T17:50:55.362311,1222.9575724602112,88408,80,1.9177784899456718,7.51195788754482,5.840719043030057,9.706770038501945,0.0878334066405202,True,hand_fine_motor,P10,4,0.34
2026-04-03T17:50:55.362565,1057.6894266910947,87944,76,1.9899010013823253,7.612214497398733,5.680104461709601,9.704076578719025,0.0026934597829200158,True,hand_fine_motor,P10,4,0.34
2026-04-03T17:50:55.485336,1184.6576244061914,87944,77,1.9293439937944588,7.649077267714636,5.924300889911704,9.865500105319962,0.16142352660093628,True,hand_fine_motor,P10,4,0.34
2026-04-03T17:50:55.485385,1119.019436118452,87624,78,2.091991865838465,7.62114157126163,5.496374758514901,9.626440894847182,0.23905921047277978,True,hand_fine_motor,P10,4,0.34
2026-04-03T17:50:55.485399,1179.6152555980818,87624,77,1.9216370368156337,7.558366082207487,5.807475873617516,9.723598241215834,0.09715734636865214,True,hand_fine_motor,P10,4,0.34
2026-04-03T17:50:55.487506,1195.3635784758385,87583,79,2.054754237075721,7.695423278870031,5.786984560172619,9.845341269627564,0.12174302841173024,True,hand_fine_motor,P10,4,0.34
2026-04-03T17:50:55.487883,1130.3210853569944,87583,76,1.853772115462845,7.669518413506159,5.745471849974669,9.760554826956762,0.08478644267080249,True,hand_fine_motor,P10,4,0.34
2026-04-03T17:50:55.488234,1119.7430189814477,87663,77,1.9905597271411084,7.751858054828253,5.645100226450201,9.793915861196169,0.03336103423940706,True,hand_fine_motor,P10,4,0.34
2026-04-03T17:50:55.542706,1298.5712591515473,87663,77,2.053531534176296,7.587713442873513,5.757662833446943,9.74377074631152,0.05014511488464812,True,hand_fine_motor,P10,4,0.34
2026-04-03T17:50:55.543369,1195.389501717421,87788,79,1.8859880644956117,7.755944451194526,5.678821328449182,9.79595002998098,0.05217928366946012,True,hand_fine_motor,P10,4,0.34
2026-04-03T17:50:55.543493,1105.997925580747,87788,77,1.9516318134766149,7.5453432738988795,5.844983943845464,9.7419150663592,0.054034963621781174,True,hand_fine_motor,P10,4,0.34
2026-04-03T17:50:55.661317,1268.9341413418313,87901,78,2.144431564989809,7.5171443730814085,5.959938145478195,9.829898725856753,0.08798365949755294,True,hand_fine_motor,P10,4,0.34
2026-04-03T17:50:55.662347,1138.4646611074593,87901,77,1.83527171762283,7.707329472188945,5.897918191007352,9.877073901626636,0.04717517576988328,True,hand_fine_motor,P10,4,0.34
2026-04-03T17:50:55.662931,1111.155588347991,87950,76,2.0715411685191283,7.5567384567525675,5.867450140460672,9.788899328700072,0.0881745729265635,True,hand_fine_motor,P10,4,0.34
2026-04-03T17:50:55.663641,1214.0062954452378,87950,76,1.9271968780200364,7.5660737225943,5.828428576191773,9.743209894595878,0.045689434104193793,True,hand_fine_motor,P10,4,0.34
2026-04-03T17:50:55.664340,1209.343604938019,87963,79,1.8872831663825467,7.531235379446878,5.9862955476887265,9.80393178653448,0.06072189193860211,True,hand_fine_motor,P10,4,0.34
2026-04-03T17:50:55.664741,1106.8409583261773,87963,77,1.8132636080759486,7.47660129352396,5.8764151990730555,9.68089600226103,0.1230357842734513,True,hand_fine_motor,P10,4,0.34
2026-04-03T17:50:55.768037,1130.1333990733963,88031,78,1.8980103413236917,7.6268207998091455,5.762705461874748,9.745748458096697,0.06485245583566801,True,hand_fine_motor,P10,4,0.34
