timestamp,gsr_filtered,ppg_ir,hr_bpm_avg,imu_ax_mps2,imu_ay_mps2,imu_az_mps2,svm,jerk,hr_valid_flag,label,patient_id,day,progression
2026-04-03T17:25:10.530006,1195.4820933067226,92138,68,-3.5270711552410554,8.479605265566166,-2.343247934493934,9.478119395558435,,True,walking_dual_task,P10,18,0.34
2026-04-03T17:25:10.532208,1311.4687269438534,92138,67,-3.5804470850621235,8.46032692457955,-2.3148859346632817,9.473934235057651,0.00418516050078388,True,walking_dual_task,P10,18,0.34
2026-04-03T17:25:10.574184,1142.734925348901,92144,68,-3.6963176068633867,8.634357714266166,-2.487401257481071,9.716072354837335,0.2421381197796837,True,walking_dual_task,P10,18,0.34
2026-04-03T17:25:10.574552,1232.0682653854594,92144,68,-3.7404591845137807,8.630336125894985,-2.3347498921239294,9.691480465631361,0.02459188920597377,True,walking_dual_task,P10,18,0.34
2026-04-03T17:25:10.575363,1185.0940575455845,92160,68,-3.760320842074429,8.745363787578022,-2.3627716019293517,9.808368378854055,0.1168879132226941,True,walking_dual_task,P10,18,0.34
2026-04-03T17:25:10.634741,1214.828531348199,92160,67,-3.705671112731148,8.588779833669218,-2.457811118840577,9.671606532674367,0.136761846179688,True,walking_dual_task,P10,18,0.34
2026-04-03T17:25:10.642739,1150.9343399214654,92175,68,-3.5164162822558525,8.415160627891225,-2.4412359699020416,9.44138469315112,0.2302218395232476,True,walking_dual_task,P10,18,0.34
2026-04-03T17:25:10.642805,1142.1656748766457,92175,69,-3.7295996705571817,8.549749018851045,-2.340945555460171,9.61707585919927,0.17569116604814994,True,walking_dual_task,P10,18,0.34
2026-04-03T17:25:10.690648,1170.2066842893398,92194,68,-3.6909981868527053,8.459519978534946,-2.4158807441512313,9.540619772978197,0.07645608622107325,True,walking_dual_task,P10,18,0.34
2026-04-03T17:25:10.691527,1165.8585024759204,92194,68,-3.5632280872932833,8.655450430516302,-2.4563740866116097,9.67714783449016,0.13652806151196373,True,walking_dual_task,P10,18,0.34
2026-04-03T17:25:10.693893,1312.8254316062748,92202,70,-3.612197607553836,8.555376016136506,-2.4629175140026573,9.607725694163133,0.06942214032702765,True,walking_dual_task,P10,18,0.34
2026-04-03T17:25:10.740607,1086.4121652698516,92202,68,-3.7673990768287604,8.45240626096842,-2.5407485588209804,9.596450939993348,0.011274754169784629,True,walking_dual_task,P10,18,0.34
2026-04-03T17:25:10.741038,1099.7658590749534,92227,66,-3.7120190066766234,8.594664731248297,-2.606781908525768,9.718161290445282,0.12171035045193435,True,walking_dual_task,P10,18,0.34
2026-04-03T17:25:10.784747,1163.2828766998139,92227,68,-3.6117590207273578,8.603810458570559,-2.4708414388865183,9.652741322905756,0.06541996753952617,True,walking_dual_task,P10,18,0.34
2026-04-03T17:25:10.785403,1201.145432279765,92239,67,-3.605348032490079,8.750113501973486,-2.356812583273287,9.752824528590375,0.10008320568461926,True,walking_dual_task,P10,18,0.34
2026-04-03T17:25:10.798809,1178.2670303295085,92239,66,-3.715863588147925,8.403215230088813,-2.3067651786370016,9.473269446093695,0.27955508249667993,True,walking_dual_task,P10,18,0.34
2026-04-03T17:25:10.844420,1113.1391333295055,92249,70,-3.5643541230506153,8.544072912517771,-2.521582111163438,9.595008003762544,0.12173855766884856,True,walking_dual_task,P10,18,0.34
2026-04-03T17:25:10.844897,1194.5539253037919,92249,68,-3.5729116333442645,8.660725952448656,-2.3825155376226457,9.666967045051814,0.07195904128927033,True,walking_dual_task,P10,18,0.34
2026-04-03T17:25:10.874318,1202.7086907170085,92205,67,-3.6407408764647413,8.61553762954348,-2.4173373994457625,9.660538436257067,0.006428608794747603,True,walking_dual_task,P10,18,0.34
2026-04-03T17:25:10.874750,1145.3398824572243,92205,69,-3.5865779160846953,8.6010330032626,-2.5373023185911374,9.658116427507325,0.002422008749741522,True,walking_dual_task,P10,18,0.34
2026-04-03T17:25:10.903932,1167.4266880396908,92127,69,-3.6374710834584922,8.458834470243373,-2.4929361891515023,9.539277085877913,0.11883934162941223,True,walking_dual_task,P10,18,0.34
2026-04-03T17:25:10.949472,1100.811516492716,92127,66,-3.5511763240535057,8.726113166823088,-2.4819847335798184,9.742492109437128,0.20321502355921517,True,walking_dual_task,P10,18,0.34
2026-04-03T17:25:10.949755,1159.5443964356684,92102,68,-3.6411113161425037,8.764189213090681,-2.1614692155580677,9.733481049922544,0.009011059514584474,True,walking_dual_task,P10,18,0.34
2026-04-03T17:25:10.996281,1163.3691151931516,92102,70,-3.7025269872061446,8.874333744825844,-2.174464534742063,9.85853952258627,0.12505847266372605,True,walking_dual_task,P10,18,0.34
2026-04-03T17:25:10.996370,1217.5683582792635,92108,70,-3.703816283445599,8.577409279178301,-2.4317286414959147,9.654196454906144,0.2043430676801261,True,walking_dual_task,P10,18,0.34
2026-04-03T17:25:11.039293,1165.8634668262168,92125,67,-3.685040115508239,8.829887967887478,-2.142621318628427,9.804961412131616,0.15076495722547278,True,walking_dual_task,P10,18,0.34
2026-04-03T17:25:11.040081,1237.2856494686423,92125,67,-3.68694533700414,8.73647237927543,-2.037323591450063,9.698979480758686,0.10598193137293066,True,walking_dual_task,P10,18,0.34
2026-04-03T17:25:11.040518,1179.5734876273639,92132,69,-3.681957598952663,8.756549449873575,-2.2659415381902708,9.765677707310566,0.06669822655188007,True,walking_dual_task,P10,18,0.34
2026-04-03T17:25:11.084794,1184.4221834046248,92132,69,-3.5897447933307776,8.765749454416692,-2.1121025234902597,9.704927008926234,0.060750698384332225,True,walking_dual_task,P10,18,0.34
2026-04-03T17:25:11.099667,1165.8143839103257,92138,68,-3.7699901264652924,8.606134843375802,-2.1445339736772278,9.637292589740579,0.06763441918565505,True,walking_dual_task,P10,18,0.34
2026-04-03T17:25:11.099711,1212.379239946818,92138,67,-3.671754248025702,8.535558799958805,-2.1358990874526405,9.534128601882292,0.10316398785828618,True,walking_dual_task,P10,18,0.34
2026-04-03T17:25:11.144546,1202.0108383261645,92138,68,-3.700602204588926,8.770096918955645,-2.250641115132208,9.781331303744254,0.24720270186196203,True,walking_dual_task,P10,18,0.34
2026-04-03T17:25:11.145090,1048.384639734406,92134,69,-3.60506219934649,8.624864625674107,-2.1999032851079257,9.603350339136345,0.1779809646079098,True,walking_dual_task,P10,18,0.34
2026-04-03T17:25:11.189286,1228.351171956701,92143,68,-3.6983967987422175,8.675835680766289,-2.089425270804792,9.659915196464294,0.056564857327948914,True,walking_dual_task,P10,18,0.34
2026-04-03T17:25:11.189963,1203.119400988544,92143,67,-3.6236370219814917,8.656409999685314,-2.383298764885588,9.682163619379295,0.022248422915001953,True,walking_dual_task,P10,18,0.34
2026-04-03T17:25:11.204230,1130.9229980737168,92159,67,-3.572939467275855,8.834988486065162,-2.2101905549802785,9.783039419068364,0.10087579968906901,True,walking_dual_task,P10,18,0.34
2026-04-03T17:25:11.249831,1156.1432077369682,92159,68,-3.6377044324267933,8.649396825048063,-2.0413683486097165,9.602715434165203,0.18032398490316126,True,walking_dual_task,P10,18,0.34
2026-04-03T17:25:11.249870,1192.6060273585204,92159,68,-3.643442954649427,8.908885770993484,-2.2650027930947196,9.888031143616082,0.28531570945087914,True,walking_dual_task,P10,18,0.34
2026-04-03T17:25:11.294879,1226.5587982389911,92176,69,-3.470348175285125,8.920297650329632,-2.101977320459385,9.799659957565199,0.08837118605088357,True,walking_dual_task,P10,18,0.34
2026-04-03T17:25:11.295468,1226.7605996952625,92176,67,-3.487195633109629,8.641041209711222,-2.486963545787617,9.644330679190908,0.15532927837429078,True,walking_dual_task,P10,18,0.34
2026-04-03T17:25:11.295506,1101.817135258568,92188,68,-3.567031848284371,8.9257834951776,-2.211374505893833,9.863240056633371,0.21890937744246308,True,walking_dual_task,P10,18,0.34
2026-04-03T17:25:11.355215,1224.5845409610217,92188,69,-3.6395948709333608,8.77672512835267,-2.226344858335518,9.758799425719262,0.10444063091410882,True,walking_dual_task,P10,18,0.34
2026-04-03T17:25:11.355794,1154.0269510463086,92202,68,-3.7115607977871927,8.700202819713144,-2.162790516279253,9.702931282716719,0.05586814300254339,True,walking_dual_task,P10,18,0.34
2026-04-03T17:25:11.356239,1170.6459972693656,92202,67,-3.4889751022532973,8.631125787583668,-2.2078004514339264,9.56784523592366,0.13508604679305947,True,walking_dual_task,P10,18,0.34
2026-04-03T17:25:11.399471,1145.6688169086497,92213,67,-3.5204061985193453,8.630786894625517,-2.357325115843338,9.614609920573939,0.046764684650279165,True,walking_dual_task,P10,18,0.34
2026-04-03T17:25:11.399889,1243.3632860455527,92213,69,-3.6285342319742924,8.756309026813767,-2.3110650212561796,9.756035566670683,0.14142564609674402,True,walking_dual_task,P10,18,0.34
2026-04-03T17:25:11.414486,1105.2550332661929,92226,68,-3.741468806892271,8.718366598618315,-2.1806934065695858,9.73467661066907,0.021358956001613194,True,walking_dual_task,P10,18,0.34
2026-04-03T17:25:11.459503,1226.105540255606,92226,69,-3.650351152622916,8.55437784552656,-2.428452700441415,9.612482841585324,0.12219376908374535,True,walking_dual_task,P10,18,0.34
2026-04-03T17:25:11.460014,1158.5326434178603,92222,69,-3.535297554868226,8.679750163217069,-2.3912766048097143,9.672362456919936,0.05987961533461217,True,walking_dual_task,P10,18,0.34
2026-04-03T17:25:11.474432,1219.0605590620744,92222,66,-3.579904256833161,8.857805615653279,-2.1918301496354418,9.80206887435718,0.12970641743724443,True,walking_dual_task,P10,18,0.34
2026-04-03T17:25:11.505174,1211.3948511532826,92149,68,-3.7871641110488588,8.557201214284369,-2.287743179453477,9.633383283192996,0.16868559116418425,True,walking_dual_task,P10,18,0.34
2026-04-03T17:25:11.519369,1251.2349463822952,92149,67,-3.7519662002119243,8.724846559199587,-2.264492135374056,9.763612163553022,0.13022888036002556,True,walking_dual_task,P10,18,0.34
2026-04-03T17:25:11.534371,1233.1250597442213,92079,69,-3.4465911799322004,8.779385090873541,-2.0435985219716573,9.650538236515297,0.11307392703772479,True,walking_dual_task,P10,18,0.34
2026-04-03T17:25:11.564853,1193.6272447363506,92079,68,-3.5467832546243248,8.807584372932455,-2.1497296652414626,9.735222214989584,0.08468397847428655,True,walking_dual_task,P10,18,0.34
2026-04-03T17:25:11.579340,1192.6070490786976,92075,67,-3.51023674513211,8.528818165686864,-2.0991413675735773,9.458799912847539,0.2764223021420449,True,walking_dual_task,P10,18,0.34
2026-04-03T17:25:11.609642,1182.9178942650167,92075,67,-3.738418778074253,8.888802365052138,-2.0190125998452575,9.852055334982065,0.39325542213452636,True,walking_dual_task,P10,18,0.34
2026-04-03T17:25:11.654396,1094.5986056580887,92082,69,-3.62505021462094,8.591365109897616,-2.1897945939586094,9.578504260782042,0.27355107420002334,True,walking_dual_task,P10,18,0.34
2026-04-03T17:25:11.654855,1154.2608866109122,92082,68,-3.6380308951889426,8.85715951955693,-2.2156748467821696,9.828212379466086,0.24970811868404397,True,walking_dual_task,P10,18,0.34
2026-04-03T17:25:11.655297,1225.773321360149,92097,69,-3.421171625988861,8.899910483525467,-2.046013035067385,9.7518711665456,0.0763412129204859,True,walking_dual_task,P10,18,0.34
2026-04-03T17:25:11.684179,1164.786387851367,92097,68,-3.580464948823898,8.976628483346921,-2.2654957892778396,9.926331615910653,0.17446044936505345,True,walking_dual_task,P10,18,0.34
2026-04-03T17:25:11.699013,1209.3325752011644,92105,68,-3.4765136358227435,8.960020238941471,-2.104774278760632,9.838606837699867,0.08772477821078617,True,walking_dual_task,P10,18,0.34
2026-04-03T17:25:11.714224,1167.6342752251273,92105,69,-3.4612910864914355,8.891022514563163,-2.1675925474180238,9.784133829395238,0.054473008304629644,True,walking_dual_task,P10,18,0.34
2026-04-03T17:25:11.774573,1213.2069944350944,92105,66,-3.6332179026395695,8.78118805492385,-2.191508609746313,9.752550741759316,0.0315830876359211,True,walking_dual_task,P10,18,0.34
2026-04-03T17:25:11.775076,1203.430829524102,92105,69,-3.5571971183988227,8.773856729622082,-2.128676115782967,9.703889697280388,0.04866104447892816,True,walking_dual_task,P10,18,0.34
2026-04-03T17:25:11.775533,1130.7238585649486,92107,68,-3.6931849269522767,8.86689812905664,-2.370548957355774,9.893482687858517,0.18959299057812906,True,walking_dual_task,P10,18,0.34
2026-04-03T17:25:11.894487,1152.426384640001,92107,68,-3.603153226323427,8.772729780470735,-2.067286656728367,9.706553203615082,0.1869294842434357,True,walking_dual_task,P10,18,0.34
2026-04-03T17:25:11.894909,1087.5342284942394,92124,69,-3.5236658040662294,8.76213528004096,-2.129890352113221,9.681305091593238,0.025248112021843738,True,walking_dual_task,P10,18,0.34
2026-04-03T17:25:11.895284,1175.9488714183176,92124,68,-3.5327605889301377,8.891791037193789,-2.1592813196015177,9.808508604522805,0.127203512929567,True,walking_dual_task,P10,18,0.34
2026-04-03T17:25:11.896239,1139.8726946254951,92138,67,-3.541807772616667,8.894078893830432,-2.0980245154324737,9.800548379310388,0.00796022521241646,True,walking_dual_task,P10,18,0.34
2026-04-03T17:25:11.896889,1143.2536224805488,92138,69,-3.4995145437915043,8.738377885635577,-2.289840347913799,9.687580654286558,0.11296772502383057,True,walking_dual_task,P10,18,0.34
2026-04-03T17:25:11.953874,1165.19225994457,92156,66,-3.5542470363643437,8.849249194331787,-2.162541307850258,9.778469624999875,0.09088897071331736,True,walking_dual_task,P10,18,0.34
2026-04-03T17:25:11.954575,1271.2620239126584,92171,67,-3.5777191964983146,8.654239366609398,-2.063556741699563,9.589275264052967,0.18919436094690845,True,walking_dual_task,P10,18,0.34
2026-04-03T17:25:11.955409,1206.2657828558094,92171,67,-3.681224699361499,8.770597546905977,-1.9674813556543447,9.713175562185096,0.12390029813212955,True,walking_dual_task,P10,18,0.34
2026-04-03T17:25:12.016395,1074.0767051851985,92188,67,-3.4825396459251174,8.845126649163426,-2.2923547799991186,9.77850899997367,0.06533343778857414,True,walking_dual_task,P10,18,0.34
2026-04-03T17:25:12.022244,1220.2716440969218,92188,68,-3.7542176546814043,8.881706540861716,-2.3274386541623997,9.919467322673965,0.1409583227002944,True,walking_dual_task,P10,18,0.34
2026-04-03T17:25:12.022782,1257.7494589750152,92202,68,-3.4511363212783586,8.86493842202825,-2.4388733798904925,9.8206709800063,0.09879634266766502,True,walking_dual_task,P10,18,0.34
2026-04-03T17:25:12.079677,1143.1587211467515,92202,69,-3.2970213117069416,9.221386811468955,-2.560427514747989,10.122258311012514,0.30158733100621404,True,walking_dual_task,P10,18,0.34
2026-04-03T17:25:12.079718,1236.3062803269813,92202,68,-3.543002254365291,8.812681330731964,-2.0811516769967975,9.723549224132915,0.39870908687959883,True,walking_dual_task,P10,18,0.34
2026-04-03T17:25:12.079729,1210.563902737565,92215,69,-3.4534820758852653,8.980026617608852,-2.172763503083194,9.863484056952423,0.1399348328195078,True,walking_dual_task,P10,18,0.34
2026-04-03T17:25:12.080086,1314.8527549138405,92215,69,-3.469888259790846,8.89987483878538,-2.1849143880754114,9.799068709050793,0.06441534790162962,True,walking_dual_task,P10,18,0.34
2026-04-03T17:25:12.134409,1196.576492811525,92190,69,-3.3186482155419266,8.823996379699715,-2.0171166249202455,9.640803782154418,0.1582649268963756,True,walking_dual_task,P10,18,0.34
2026-04-03T17:25:12.195648,1151.8434672451424,92190,68,-3.350980389002333,8.670139847459339,-2.1913675531120145,9.549999282450896,0.09080449970352156,True,walking_dual_task,P10,18,0.34
2026-04-03T17:25:12.195701,1133.4173096144605,92102,68,-3.6650048957942043,8.598177310308095,-1.6981462253403414,9.499716550946669,0.05028273150422713,True,walking_dual_task,P10,18,0.34
2026-04-03T17:25:12.196179,1099.4843815669954,92102,69,-3.6563385561653514,8.5894214008589,-1.5277340979628913,9.459436722813505,0.040279828133163775,True,walking_dual_task,P10,18,0.34
2026-04-03T17:25:12.197255,1274.9486503975595,92068,69,-3.754622463873873,8.500265096356108,-1.6348085616910881,9.43526870777588,0.02416801503762578,True,walking_dual_task,P10,18,0.34
2026-04-03T17:25:12.197429,1293.9889479578649,92068,68,-3.798467975790194,8.133829428893703,-1.4014068886534445,9.085784578615446,0.3494841291604338,True,walking_dual_task,P10,18,0.34
2026-04-03T17:25:12.254375,1119.417524947114,92075,69,-3.8692645355491955,8.15935481641143,-1.226031135911495,9.11314607654127,0.027361497925824096,True,walking_dual_task,P10,18,0.34
2026-04-03T17:25:12.254842,1247.4833342621987,92075,68,-3.8754326711825104,8.032826265592021,-1.0319739886457495,8.97832091848444,0.13482515805682915,True,walking_dual_task,P10,18,0.34
2026-04-03T17:25:12.255462,1226.260497828366,92078,69,-3.9483311823147234,8.849751712441323,-1.2047089005092566,9.765180389120475,0.7868594706360348,True,walking_dual_task,P10,18,0.34
2026-04-03T17:25:12.331545,1254.9607882393514,92078,67,-3.865357249163901,8.569150260705023,-0.9826171090357122,9.451817774226003,0.3133626148944728,True,walking_dual_task,P10,18,0.34
2026-04-03T17:25:12.331663,1198.6993001078818,92092,67,-3.735931122106765,8.54776155085069,-1.0743423232859044,9.390187447912352,0.06163032631365084,True,walking_dual_task,P10,18,0.34
2026-04-03T17:25:12.332099,1197.3401203969256,92092,68,-3.634394024454724,8.690597730947884,-1.0914768425892292,9.4829652822341,0.09277783432174758,True,walking_dual_task,P10,18,0.34
2026-04-03T17:25:12.377753,1265.7868585225217,92093,68,-3.57893791375211,8.907199294836452,-1.4919064090299698,9.714565384088575,0.23160010185447533,True,walking_dual_task,P10,18,0.34
2026-04-03T17:25:12.380260,1189.9141782836268,92093,66,-3.4229284883094397,8.938091558427333,-1.638967077153462,9.71041364839332,0.004151735695254288,True,walking_dual_task,P10,18,0.34
2026-04-03T17:25:12.380302,1178.2822982056869,92079,68,-3.536525204642472,8.875325105000652,-1.937436258658786,9.748439131414425,0.03802548302110509,True,walking_dual_task,P10,18,0.34
2026-04-03T17:25:12.477233,1156.399900070346,92079,67,-3.453893909260441,9.158635720394887,-1.7558703798363595,9.944499594555083,0.1960604631406575,True,walking_dual_task,P10,18,0.34
2026-04-03T17:25:12.477596,1260.7022086875345,92085,66,-3.424048599373352,9.038134589151126,-1.907974089134815,9.851515151858136,0.09298444269694706,True,walking_dual_task,P10,18,0.34
2026-04-03T17:25:12.477951,1225.2068690502297,92085,67,-3.6531983160818973,9.24421673218718,-1.9715729100294463,10.133533473958382,0.2820183221002459,True,walking_dual_task,P10,18,0.34
2026-04-03T17:25:12.494009,1163.054119278492,92087,68,-3.248792004613681,9.4022664568609,-2.212898038636102,10.19088719123379,0.057353717275407945,True,walking_dual_task,P10,18,0.34
2026-04-03T17:25:12.494432,1132.9908861192307,92087,66,-3.163302059333109,9.430784944477745,-2.113372070105004,10.169194958022445,0.02169223321134517,True,walking_dual_task,P10,18,0.34
2026-04-03T17:25:12.495235,1205.771803626673,92098,67,-3.4091032520997406,9.059974714119218,-2.000354623011125,9.884662129873666,0.28453282814877845,True,walking_dual_task,P10,18,0.34
2026-04-03T17:25:12.570404,1226.0963978320008,92098,69,-3.3741182197427184,8.8986433085232,-2.019271336822866,9.72871950591849,0.15594262395517688,True,walking_dual_task,P10,18,0.34
2026-04-03T17:25:12.617517,1189.9853230818792,92106,67,-3.9510230149692025,8.511492029796761,-1.987746078968923,9.59203909044195,0.13668041547653864,True,walking_dual_task,P10,18,0.34
2026-04-03T17:25:12.617548,1190.152699239688,92106,68,-4.0350322535668015,8.466828650722947,-1.928053795120168,9.575284023197673,0.016755067244277555,True,walking_dual_task,P10,18,0.34
2026-04-03T17:25:12.617561,1196.4987337182727,92112,69,-3.9043102230290168,9.119555870231736,-1.9877728442034899,10.11737013596319,0.5420861127655172,True,walking_dual_task,P10,18,0.34
2026-04-03T17:25:12.617619,1099.553709421542,92112,67,-3.578387722338016,8.98164383005129,-1.9173511777850325,9.856521704954112,0.2608484310090784,True,walking_dual_task,P10,18,0.34
2026-04-03T17:25:12.618740,1266.9385712431733,92112,69,-3.9731143887920344,8.89187897747943,-2.306143849615104,10.008468871495005,0.1519471665408929,True,walking_dual_task,P10,18,0.34
2026-04-03T17:25:12.676907,1139.0490209546895,92112,68,-4.121274581568774,8.694731379397194,-2.351518227815898,9.90519540000648,0.1032734714885244,True,walking_dual_task,P10,18,0.34
2026-04-03T17:25:12.676953,1246.284183486678,92125,67,-4.1137033953109166,8.717724343712302,-2.383893552025484,9.929965852153536,0.024770452147055977,True,walking_dual_task,P10,18,0.34
2026-04-03T17:25:12.676966,1219.6249747395634,92125,68,-4.044956524368898,8.818508835948638,-2.4532217064538875,10.007300740697026,0.07733488854348991,True,walking_dual_task,P10,18,0.34
2026-04-03T17:25:12.736803,1224.1173413908878,92118,66,-4.125208177236561,8.601764506753565,-2.2730274735615184,9.806852146879255,0.20044859381777158,True,walking_dual_task,P10,18,0.34
2026-04-03T17:25:12.736853,1271.68032393242,92118,68,-4.027183975925161,8.76517218152113,-2.093752772562843,9.870676512796623,0.06382436591736784,True,walking_dual_task,P10,18,0.34
2026-04-03T17:25:12.736866,1252.4050632243236,92038,68,-4.217780228900335,8.528994541743389,-2.3645012312327744,9.80429926230796,0.06637725048866194,True,walking_dual_task,P10,18,0.34
2026-04-03T17:25:12.798158,1150.7074135773971,92038,68,-4.0841988707231245,8.700703467929985,-2.1841709763638626,9.85664872593394,0.05234946362597981,True,walking_dual_task,P10,18,0.34
2026-04-03T17:25:12.798203,1212.8784979545374,91963,68,-4.072256663983532,8.710611473945264,-2.3119344022571986,9.889543329584308,0.03289460365036767,True,walking_dual_task,P10,18,0.34
2026-04-03T17:25:12.798216,1090.8412741646314,91963,68,-4.064798726599539,8.747945721878441,-2.27608840265365,9.911090830851617,0.021547501267308533,True,walking_dual_task,P10,18,0.34
2026-04-03T17:25:12.921990,1131.8875989668566,91952,69,-4.132007396699143,8.60034632700994,-2.2586433892058135,9.805147221255421,0.10594360959619564,True,walking_dual_task,P10,18,0.34
2026-04-03T17:25:12.922640,1191.8277822130533,91952,67,-4.23221371229664,8.873308370017284,-2.3452159807891477,10.106793375374767,0.3016461541193465,True,walking_dual_task,P10,18,0.34
2026-04-03T17:25:12.922701,1248.045208706486,91949,68,-4.164067484459749,8.745087723561639,-2.2868285870524305,9.952165708753228,0.15462766662153982,True,walking_dual_task,P10,18,0.34
2026-04-03T17:25:12.922709,1169.6829800562125,91949,66,-4.228548694496441,8.76730203882769,-2.086890674114687,9.954964680372631,0.0027989716194039005,True,walking_dual_task,P10,18,0.34
2026-04-03T17:25:12.922714,1245.275937126165,91957,69,-4.21920300172468,8.829934519019437,-2.115335415892715,10.012195638403375,0.057230958030743295,True,walking_dual_task,P10,18,0.34
2026-04-03T17:25:12.975952,1197.628162645196,91955,67,-4.094352566262777,8.693712627484873,-2.1867524025882896,9.855265001834207,0.15693063656916806,True,walking_dual_task,P10,18,0.34
2026-04-03T17:25:12.975983,1254.70187728566,91955,67,-4.974735346128989,8.289073101521584,-1.509681105758926,9.784470434698,0.07079456713620758,True,walking_dual_task,P10,18,0.34
2026-04-03T17:25:12.975996,1255.128661831429,91948,67,-4.518092790221527,8.303259186525207,-1.1798290652293715,9.52624124210735,0.25822919259064925,True,walking_dual_task,P10,18,0.34
2026-04-03T17:25:13.035261,1240.774270644027,91948,68,-4.460867108455776,8.3094176190366,-1.1313538484668937,9.498721917042278,0.027519325065071598,True,walking_dual_task,P10,18,0.34
2026-04-03T17:25:13.035922,1219.3867441708592,91954,70,-4.54566665376628,7.961847088606454,-0.6089498235552812,9.188303122836219,0.31041879420605945,True,walking_dual_task,P10,18,0.34
2026-04-03T17:25:13.036594,1272.344915894646,91954,68,-4.309956743378325,7.914990915928452,-0.8105811799430559,9.048748542107912,0.13955458072830673,True,walking_dual_task,P10,18,0.34
2026-04-03T17:25:13.095384,1288.1171075792934,91978,68,-4.395207165686486,7.843069829736787,-0.42918881329078595,9.000877369505886,0.04787117260202578,True,walking_dual_task,P10,18,0.34
2026-04-03T17:25:13.095908,1211.2822515977334,91978,68,-4.2597310860908975,8.120346193183458,-0.3290215152525626,9.17570631507228,0.17482894556639295,True,walking_dual_task,P10,18,0.34
2026-04-03T17:25:13.096366,1213.832298051802,91978,69,-4.053518937252201,8.362031475619844,-0.2981506937810601,9.297498588874394,0.12179227380211444,True,walking_dual_task,P10,18,0.34
2026-04-03T17:25:13.096393,1051.254840500647,92006,69,-5.198173975105315,8.249698247779707,-0.4451588833902156,9.760978449230537,0.4634798603561432,True,walking_dual_task,P10,18,0.34
2026-04-03T17:25:13.156164,1234.6544213907785,92006,70,-5.3260661545447086,8.142312242804907,-0.5110215110363197,9.742965273809569,0.018013175420968253,True,walking_dual_task,P10,18,0.34
2026-04-03T17:25:13.156784,1271.1177565896262,92029,68,-4.436541213365277,8.739347285096326,-1.132037268537329,9.866133857026602,0.1231685832170335,True,walking_dual_task,P10,18,0.34
2026-04-03T17:25:13.157079,1181.212078469528,92029,68,-4.507175362006764,8.667932549267054,-1.281157290609646,9.853377513614623,0.012756343411979287,True,walking_dual_task,P10,18,0.34
2026-04-03T17:25:13.214688,1107.08229987295,92044,69,-4.3971740573843086,9.170152758124047,-1.4901458735023394,10.278490940920253,0.4251134273056305,True,walking_dual_task,P10,18,0.34
2026-04-03T17:25:13.274231,1193.4911922565211,92044,70,-4.753430602874478,8.755000665699614,-1.6896742255015982,10.10446129890499,0.17402964201526316,True,walking_dual_task,P10,18,0.34
2026-04-03T17:25:13.274611,1214.3478572097904,92051,68,-4.75078383772376,8.903382438487572,-1.7668434279495497,10.245091586590855,0.14063028768586427,True,walking_dual_task,P10,18,0.34
2026-04-03T17:25:13.275020,1148.9253285036361,92051,69,-5.798017215351951,9.179196886015658,-2.3402324235520893,11.106365152380036,0.8612735657891815,True,walking_dual_task,P10,18,0.34
2026-04-03T17:25:13.275951,1237.7944307029306,92069,68,-5.617375350384436,9.277938374612333,-2.1810397705784115,11.063090923926078,0.04327422845395823,True,walking_dual_task,P10,18,0.34
2026-04-03T17:25:13.276699,1154.670725951333,92069,68,-3.994560720973677,9.404058722481112,-3.4044157726403865,10.769534927861159,0.293555996064919,True,walking_dual_task,P10,18,0.34
2026-04-03T17:25:13.335236,1201.2177391461564,92057,67,-2.798354780875568,8.200815475731442,-3.5239064920287837,9.354254695656309,1.41528023220485,True,walking_dual_task,P10,18,0.34
2026-04-03T17:25:13.335773,1214.5773045041785,92057,69,-3.137130606292481,8.052425799969567,-3.572494376745171,9.3512494233032,0.0030052723531088787,True,walking_dual_task,P10,18,0.34
2026-04-03T17:25:13.335805,1181.51672983537,92002,68,-2.573840343116526,7.34733151263927,-3.331676907500147,8.468057952355192,0.8831914709480078,True,walking_dual_task,P10,18,0.34
2026-04-03T17:25:13.399609,1189.5113241612644,92002,69,-2.5271664606177366,7.427356517187569,-3.3455540478979513,8.529063667278267,0.06100571492307516,True,walking_dual_task,P10,18,0.34
2026-04-03T17:25:13.400241,1164.5721148583625,91966,67,-2.6356476091272403,7.917535422928154,-3.325334213719012,8.982864416529422,0.45380074925115466,True,walking_dual_task,P10,18,0.34
2026-04-03T17:25:13.400613,1163.0177936833713,91966,68,-3.0548094435040865,7.955353669795179,-3.7748765340119648,9.32036509985953,0.3375006833301075,True,walking_dual_task,P10,18,0.34
2026-04-03T17:25:13.454180,1214.884517705244,91994,68,-2.947508956695018,8.25319889449009,-3.830320621802559,9.564227993289146,0.24386289342961653,True,walking_dual_task,P10,18,0.34
2026-04-03T17:25:13.454664,1145.9011370663702,92044,69,-3.5217090794035433,8.286181027422817,-4.095606735129703,9.891270160500873,0.32704216721172763,True,walking_dual_task,P10,18,0.34
2026-04-03T17:25:13.455336,1046.3951017028844,92044,68,-3.6858638575836284,8.342097861775285,-4.120050331520681,10.007547344196816,0.1162771836959422,True,walking_dual_task,P10,18,0.34
2026-04-03T17:25:13.516589,1172.3017515320219,92078,69,-2.989235336866846,8.963215983538673,-4.4615245153614955,10.448921938071324,0.4413745938745084,True,walking_dual_task,P10,18,0.34
2026-04-03T17:25:13.516638,1261.0068692057832,92078,68,-2.4175548810363146,9.498613381025791,-4.434674761038995,10.758000185964907,0.3090782478935825,True,walking_dual_task,P10,18,0.34
2026-04-03T17:25:13.516652,1141.9468527132292,92099,69,-2.3847280132133384,9.38371286854164,-4.575172421118581,10.708557212771591,0.049442973193315254,True,walking_dual_task,P10,18,0.34
2026-04-03T17:25:13.639758,1299.1999211447421,92099,69,-2.3430885022782912,9.071405482109808,-4.113492916889337,10.23236459122032,0.47619262155127196,True,walking_dual_task,P10,18,0.34
2026-04-03T17:25:13.639792,1083.0967588000112,92105,70,-2.401669093910706,8.967305522215392,-4.162010276223077,10.17363810565262,0.05872648556769988,True,walking_dual_task,P10,18,0.34
2026-04-03T17:25:13.640354,1185.5467853186476,92105,67,-1.9579944826663362,9.600610088810622,-3.746901807740695,10.490220666333698,0.3165825606810788,True,walking_dual_task,P10,18,0.34
2026-04-03T17:25:13.640904,1213.0312999598855,92105,67,-1.7513031342774188,9.827221540015174,-3.7275789911295285,10.655336268733068,0.16511560239936962,True,walking_dual_task,P10,18,0.34
2026-04-03T17:25:13.640921,1244.1681375796554,92112,68,-1.8843241466978948,9.673506667608008,-3.3054704611590098,10.394880649034892,0.26045561969817577,True,walking_dual_task,P10,18,0.34
2026-04-03T17:25:13.641131,1216.157776990798,92112,67,-2.119886189222574,9.991955659192127,-3.3635325258487105,10.753903775046547,0.359023126011655,True,walking_dual_task,P10,18,0.34
2026-04-03T17:25:13.694359,1053.1798160787012,92138,67,-2.1275397841768857,10.033458855227332,-3.4136338560711916,10.809700191777322,0.05579641673077518,True,walking_dual_task,P10,18,0.34
2026-04-03T17:25:13.768040,1136.1895239392143,92170,66,-2.1755415909570077,9.830104415860188,-3.247303986206932,10.57870111211831,0.23099907965901245,True,walking_dual_task,P10,18,0.34
2026-04-03T17:25:13.768100,1219.391532030635,92170,67,-2.2766625398619316,9.851231977811379,-3.1867537603029064,10.601196315976267,0.022495203857957335,True,walking_dual_task,P10,18,0.34
2026-04-03T17:25:13.768117,1220.0730386508096,92187,67,-2.070582582010325,10.193613537837326,-3.331010968967955,10.922119907009343,0.32092359103307544,True,walking_dual_task,P10,18,0.34
2026-04-03T17:25:13.768176,1197.3472676748338,92187,69,-2.1055275778070763,10.004215521702784,-3.467328505426155,10.795366670480712,0.12675323652863035,True,walking_dual_task,P10,18,0.34
2026-04-03T17:25:13.768191,1271.6149397466502,92200,69,-2.1025119680035513,9.88266331636362,-3.4778330888479636,10.685640542058447,0.10972612842226503,True,walking_dual_task,P10,18,0.34
2026-04-03T17:25:13.815824,1128.674926718951,92200,69,-2.1415899206701123,10.065830057637678,-3.2398447698441237,10.789065588374383,0.10342504631593563,True,walking_dual_task,P10,18,0.34
2026-04-03T17:25:13.817767,1139.3786261889798,92197,68,-2.3280038771650626,9.990674826123085,-3.3726376428016906,10.798512406950692,0.009446818576309468,True,walking_dual_task,P10,18,0.34
2026-04-03T17:25:13.817806,1183.240500440415,92197,68,-2.1208025034897124,10.019657399295761,-3.3951720949377853,10.789741943731313,0.008770463219379465,True,walking_dual_task,P10,18,0.34
2026-04-03T17:25:13.876096,1155.9160922116016,92193,68,-2.123922975237094,9.976842941099486,-3.4368119733555016,10.763833908803424,0.02590803492788929,True,walking_dual_task,P10,18,0.34
2026-04-03T17:25:13.876128,1103.021910242859,92193,69,-2.0787250938679183,10.032963885991409,-3.3129960279412503,10.768352011085007,0.004518102281583225,True,walking_dual_task,P10,18,0.34
2026-04-03T17:25:13.876142,1122.4979134282319,92193,70,-2.22289510982173,10.038803078419104,-3.387276694790034,10.82554725284657,0.057195241761563764,True,walking_dual_task,P10,18,0.34
2026-04-03T17:25:13.935231,1259.9889414765314,92142,67,-2.176587040673153,10.164975917397271,-3.423874492491484,10.944733120877212,0.11918586803064102,True,walking_dual_task,P10,18,0.34
2026-04-03T17:25:13.935951,1146.6080365200655,92142,67,-2.1078006124309674,9.885459930798143,-3.546049013624745,10.711657438146958,0.23307568273025403,True,walking_dual_task,P10,18,0.34
2026-04-03T17:25:13.936158,1167.5944820765594,92051,69,-5.473847313190192,7.429296800401631,-0.7172559584451257,9.255912243885119,1.455745194261839,True,walking_dual_task,P10,18,0.34
2026-04-03T17:25:13.996601,1214.0499039411884,91992,68,-5.474587240297767,7.323552398942023,-0.727882275321226,9.172531700594302,0.08338054329081679,True,walking_dual_task,P10,18,0.34
2026-04-03T17:25:13.996645,1187.4494153270539,91992,66,-5.427123460296658,7.316922030823076,-0.6639046319258516,9.134100197542123,0.038431503052178684,True,walking_dual_task,P10,18,0.34
2026-04-03T17:25:13.996661,1213.8261697514681,91992,66,-5.767180324479394,7.947417863766501,-0.749258108487765,9.848005245201273,0.71390504765915,True,walking_dual_task,P10,18,0.34
2026-04-03T17:25:14.055942,1175.41337348217,91978,69,-5.597069391044117,7.968137791847191,-0.7430161959961598,9.765781008477457,0.08222423672381574,True,walking_dual_task,P10,18,0.34
2026-04-03T17:25:14.055982,1138.5386685878293,91978,68,-5.547328813571278,7.580414301180439,-1.1719426782395663,9.466202384509765,0.2995786239676921,True,walking_dual_task,P10,18,0.34
2026-04-03T17:25:14.055994,1157.26504008657,91978,67,-4.771800412659456,7.273821165883722,-1.6168948832869605,8.84832767222793,0.6178747122818358,True,walking_dual_task,P10,18,0.34
2026-04-03T17:25:14.114035,1205.1224385885646,91990,68,-4.714982726223312,7.269885650259659,-1.5598658165740238,8.804287639676003,0.044040032551926345,True,walking_dual_task,P10,18,0.34
2026-04-03T17:25:14.114678,1252.2778019821192,91990,67,-4.56418924474709,7.38580381271876,-1.427285716649307,8.798810484309065,0.005477155366937936,True,walking_dual_task,P10,18,0.34
2026-04-03T17:25:14.115393,1137.5954686057535,91990,68,-4.36448761638186,7.324135854094178,-1.5189694837939183,8.660195520626287,0.13861496368277848,True,walking_dual_task,P10,18,0.34
2026-04-03T17:25:14.174833,1142.1963396504466,91983,67,-4.565402508889893,7.1449938206518215,-1.423151004880541,8.597627320838193,0.06256819978809425,True,walking_dual_task,P10,18,0.34
2026-04-03T17:25:14.174879,1196.8179867922292,91987,68,-4.215345134637056,7.726955804217675,-1.5535314857059312,8.938033378854724,0.3404060580165318,True,walking_dual_task,P10,18,0.34
2026-04-03T17:25:14.175515,1187.520464694235,91987,68,-4.135842392548237,8.121566220888303,-1.6980164037621484,9.270830053653144,0.3327966747984199,True,walking_dual_task,P10,18,0.34
2026-04-03T17:25:14.236177,1181.3480371489784,91987,67,-4.449291030240945,8.877038054603062,-2.2132970363915128,10.173331758374585,0.9025017047214412,True,walking_dual_task,P10,18,0.34
2026-04-03T17:25:14.236227,1208.813916797,92020,68,-4.534467300744122,9.050700732382106,-2.0203608940041478,10.3227145456358,0.14938278726121368,True,walking_dual_task,P10,18,0.34
2026-04-03T17:25:14.236243,1292.6243150459259,92020,69,-4.56759485040373,8.949964324226112,-2.499333498112456,10.354296309124145,0.031581763488345516,True,walking_dual_task,P10,18,0.34
2026-04-03T17:25:14.294917,1234.3778467353625,92059,66,-4.509858950537038,9.139905310892104,-3.1331632087502723,10.66271112515382,0.3084148160296749,True,walking_dual_task,P10,18,0.34
2026-04-03T17:25:14.295932,1042.773009654019,92072,68,-4.421951905470707,8.979319445681496,-3.0509055215065892,10.463740290309639,0.19897083484418054,True,walking_dual_task,P10,18,0.34
2026-04-03T17:25:14.297104,1273.907400737401,92072,69,-4.301114236275588,9.865493958678972,-3.527892240058805,11.325792615958097,0.8620523256484578,True,walking_dual_task,P10,18,0.34
2026-04-03T17:25:14.354172,1209.0874994699723,92077,69,-4.36906271306219,9.617066226819635,-3.4753995380496674,11.12003029450824,0.20576232144985696,True,walking_dual_task,P10,18,0.34
2026-04-03T17:25:14.354754,1280.3476938658912,92077,67,-4.381108649030366,9.461775478424519,-4.007185657557867,11.170355638602635,0.05032534409439471,True,walking_dual_task,P10,18,0.34
2026-04-03T17:25:14.355020,1206.8519276153097,92077,67,-4.7313796182856604,9.194781420975357,-4.26254786454368,11.18477861959585,0.014422980993215262,True,walking_dual_task,P10,18,0.34
2026-04-03T17:25:14.413887,1164.4612301127618,92093,67,-4.59549288057762,9.193093982323651,-4.234908905506634,11.116023804455185,0.0687548151406645,True,walking_dual_task,P10,18,0.34
2026-04-03T17:25:14.415051,1211.5332814749927,92093,69,-4.636552020924348,9.306686221321936,-4.855953612677436,11.47572692919086,0.3597031247356739,True,walking_dual_task,P10,18,0.34
2026-04-03T17:25:14.415464,1229.9381849469742,92095,68,-4.65632885561938,9.386144927219235,-4.980287431432815,11.60105072422859,0.1253237950377315,True,walking_dual_task,P10,18,0.34
2026-04-03T17:25:14.475414,1211.8917694476902,92095,69,-3.689879855936838,8.421837302939942,-5.480148996337698,10.703952070637287,0.8970986535913035,True,walking_dual_task,P10,18,0.34
2026-04-03T17:25:14.475970,1184.3716073127812,92092,67,-3.5848583872719675,8.588101233497598,-5.559019602729311,10.840174878530599,0.13622280789331143,True,walking_dual_task,P10,18,0.34
2026-04-03T17:25:14.476430,1238.5476781456791,92066,66,-2.6688483964572756,7.654980589451918,-5.468358999422336,9.778774449526969,1.0614004290036299,True,walking_dual_task,P10,18,0.34
2026-04-03T17:25:14.535827,1175.5204245857562,92066,68,-2.2484425264415266,7.844947896212992,-5.413959174186505,9.793347498621992,0.01457304909502355,True,walking_dual_task,P10,18,0.34
2026-04-03T17:25:14.536489,1139.9702035260054,92010,68,-1.5085686995562069,7.163181502515006,-4.879114481558668,8.79731248071872,0.9960350179032726,True,walking_dual_task,P10,18,0.34
2026-04-03T17:25:14.657806,1116.2152498465803,92010,67,-1.6816836556768566,7.3550830149195345,-5.107814379474692,9.111260824347909,0.313948343629189,True,walking_dual_task,P10,18,0.34
2026-04-03T17:25:14.658149,1088.6810837556532,92020,68,-2.1727343570246336,7.05800980303731,-4.506825052352261,8.651459357731271,0.45980146661663746,True,walking_dual_task,P10,18,0.34
2026-04-03T17:25:14.658323,1139.0184988510582,92020,68,-2.202546667086163,7.898577016604209,-4.653692309401801,9.428445408364311,0.7769860506330399,True,walking_dual_task,P10,18,0.34
2026-04-03T17:25:14.659308,1151.2119096548054,92075,67,-2.1024892317769774,7.90747907630257,-4.644046898311631,9.408286661535083,0.020158746829228136,True,walking_dual_task,P10,18,0.34
2026-04-03T17:25:14.659528,1167.180053391704,92075,69,-2.534383410385172,8.682689048090976,-4.5741645863156215,10.135835931948511,0.7275492704134283,True,walking_dual_task,P10,18,0.34
2026-04-03T17:25:14.660169,1122.9978806499894,92107,69,-2.554283735453913,8.555084311706787,-4.749488813113678,10.112936120015194,0.022899811933317693,True,walking_dual_task,P10,18,0.34
2026-04-03T17:25:14.718199,1227.9817011132052,92107,68,-3.1761627930717764,9.118843666468374,-4.865006988706704,10.812474874040124,0.69953875402493,True,walking_dual_task,P10,18,0.34
2026-04-03T17:25:14.718246,1239.621453841799,92130,67,-3.2242523742988327,9.194953651154762,-4.7434952081296595,10.83714551021647,0.024670636176345795,True,walking_dual_task,P10,18,0.34
2026-04-03T17:25:14.718259,1139.108003778733,92130,68,-3.1154658525274574,9.158127144213735,-4.8728137346298075,10.831515773900065,0.005629736316404177,True,walking_dual_task,P10,18,0.34
2026-04-03T17:25:14.718270,1134.8339426303066,92130,69,-3.2682453801662077,8.96217575598479,-4.917558689185876,10.732399806554302,0.09911596734576378,True,walking_dual_task,P10,18,0.34
2026-04-03T17:25:14.783381,1209.7527734203418,92131,68,-3.3118230042734216,8.91298238567855,-4.911562323193193,10.702003133697058,0.030396672857243345,True,walking_dual_task,P10,18,0.34
2026-04-03T17:25:14.839344,1146.4600062063794,92129,69,-3.1619344377354577,8.867552140084443,-4.989950997629,10.655088986225891,0.046914147471166956,True,walking_dual_task,P10,18,0.34
2026-04-03T17:25:14.839385,1178.452430930319,92129,67,-3.1235371697373284,8.863701969397077,-4.894357207193574,10.596057263181999,0.05903172304389237,True,walking_dual_task,P10,18,0.34
2026-04-03T17:25:14.839397,1246.5652811344362,92155,66,-3.355334516738739,9.047181829333995,-4.776169215190352,10.76668756602427,0.17063030284227132,True,walking_dual_task,P10,18,0.34
2026-04-03T17:25:14.839408,1295.9951701764917,92155,69,-3.142259013897507,8.910078348253885,-5.0421658328590055,10.70918877266124,0.0574987933630311,True,walking_dual_task,P10,18,0.34
2026-04-03T17:25:14.839418,1161.3462288022972,92182,68,-3.173437055270103,8.887757189645574,-4.79719924642612,10.58659771672511,0.12259105593612851,True,walking_dual_task,P10,18,0.34
2026-04-03T17:25:14.894059,1125.5840500542768,92182,69,-3.0450265026403116,9.182020458808799,-5.043242919936229,10.909444773096938,0.32284705637182753,True,walking_dual_task,P10,18,0.34
2026-04-03T17:25:14.894451,1163.301528122433,92202,67,-3.338300100244905,8.85516097268563,-4.88323762050553,10.649137667895479,0.26030710520145917,True,walking_dual_task,P10,18,0.34
2026-04-03T17:25:14.895421,1202.1943436152083,92202,69,-3.2445007522684906,8.846034072294833,-4.901276035328564,10.620810266366592,0.028327401528887464,True,walking_dual_task,P10,18,0.34
2026-04-03T17:25:14.955328,1258.0289367122566,92205,70,-3.264150283772354,9.25731861682726,-4.801201004836357,10.927220878949475,0.3064106125828836,True,walking_dual_task,P10,18,0.34
2026-04-03T17:25:14.955867,1292.1375096405939,92205,68,-4.09338713443791,9.673428530522944,-2.496285816588908,10.796410544510618,0.13081033443885737,True,walking_dual_task,P10,18,0.34
2026-04-03T17:25:14.955900,1196.3791665809415,92207,69,-4.534612539035416,10.003425664110804,-1.9841646200975505,11.161010041040853,0.3645994965302357,True,walking_dual_task,P10,18,0.34
2026-04-03T17:25:15.015215,1173.7449321066526,92207,69,-4.752886448356166,9.874473685570637,-2.082609579002959,11.15492818518118,0.006081855859672913,True,walking_dual_task,P10,18,0.34
2026-04-03T17:25:15.015675,1144.0303477484608,92210,68,-5.312703566157637,10.063476314180663,-2.151360770509459,11.581309419613412,0.4263812344322311,True,walking_dual_task,P10,18,0.34
2026-04-03T17:25:15.016108,1150.859683642786,92210,68,-5.136035581977213,10.14620031185359,-2.0162023847480146,11.549429177403422,0.03188024220998997,True,walking_dual_task,P10,18,0.34
2026-04-03T17:25:15.075917,1189.4356533541752,92210,70,-4.929044313523692,8.727655251276977,-2.3203366907853744,10.288411266489478,1.261017910913944,True,walking_dual_task,P10,18,0.34
2026-04-03T17:25:15.077493,1132.4164626604613,92210,69,-3.7926819572381674,8.055331312652404,-2.174155159142268,9.165137731719213,1.1232735347702647,True,walking_dual_task,P10,18,0.34
2026-04-03T17:25:15.077526,1186.210577188271,92142,70,-3.8854832790914333,7.816410997052236,-2.190842772513444,8.99961406065908,0.16552367106013222,True,walking_dual_task,P10,18,0.34
2026-04-03T17:25:15.137442,1158.0534265753838,92142,68,-3.8714143089639252,7.525935721591672,-1.5436643602140454,8.602933040200606,0.396681020458475,True,walking_dual_task,P10,18,0.34
2026-04-03T17:25:15.137486,1186.207219453356,92142,69,-4.0469286988204445,7.426276682649241,-1.5763557387001759,8.60302938943773,9.634923712376064e-05,True,walking_dual_task,P10,18,0.34
2026-04-03T17:25:15.137505,1254.8074171418714,92071,70,-4.1607906313734775,7.06518049746562,-1.1863680281998272,8.284710208464059,0.3183191809736705,True,walking_dual_task,P10,18,0.34
2026-04-03T17:25:15.196892,1147.7115248960397,92059,70,-4.325110091592888,7.03059817883074,-1.0582308522346193,8.322003400215477,0.03729319175141832,True,walking_dual_task,P10,18,0.34
2026-04-03T17:25:15.197752,1090.9611221456335,92059,67,-4.437827720640478,7.071702789568863,-0.9220603815428828,8.399612524949713,0.07760912473423609,True,walking_dual_task,P10,18,0.34
2026-04-03T17:25:15.197772,1109.4400014764576,92060,67,-4.2005369648427155,7.002918756365936,-1.0197286893190862,8.229533917609933,0.17007860733978042,True,walking_dual_task,P10,18,0.34
2026-04-03T17:25:15.256029,1107.8488358831248,92060,68,-4.205657731328526,7.3169645749009415,-1.1282491882554775,8.514603559428815,0.2850696418188825,True,walking_dual_task,P10,18,0.34
2026-04-03T17:25:15.256072,1126.0547961137372,92073,70,-4.55565778728705,7.116412215630155,-0.8769027739958519,8.495074995118104,0.01952856431071126,True,walking_dual_task,P10,18,0.34
2026-04-03T17:25:15.256086,1236.247857835077,92073,69,-4.74142155485864,7.064018802770068,-0.8230634898498187,8.547448362820973,0.05237336770286838,True,walking_dual_task,P10,18,0.34
2026-04-03T17:25:15.378371,1229.1574397275247,92073,70,-5.55090837171062,7.778904597714105,-1.5449793421500964,9.68043912532563,1.132990762504658,True,walking_dual_task,P10,18,0.34
2026-04-03T17:25:15.378423,1153.434219581349,92077,70,-5.23164232954503,8.143202519205424,-2.213191234036713,9.928748368827657,0.24830924350202643,True,walking_dual_task,P10,18,0.34
2026-04-03T17:25:15.378438,1250.7189349000705,92073,68,-5.264496205887922,8.232849963304242,-2.29051060002721,10.03699046671481,0.10824209788715322,True,walking_dual_task,P10,18,0.34
2026-04-03T17:25:15.378450,1089.285003497735,92073,69,-4.3991803833844605,8.217981411400302,-2.715523677302839,9.708865812527634,0.3281246541871763,True,walking_dual_task,P10,18,0.34
2026-04-03T17:25:15.378460,1156.954997742429,92066,67,-4.524109380358147,8.610282461839732,-2.619074610360818,10.07293808045826,0.3640722679306254,True,walking_dual_task,P10,18,0.34
2026-04-03T17:25:15.378470,1167.0121786054124,92066,69,-4.051731755966083,8.410214137738686,-3.153445010215144,9.8535499946656,0.21938808579265867,True,walking_dual_task,P10,18,0.34
2026-04-03T17:25:15.434202,1219.4648910402145,92081,67,-3.556012900451276,8.560370494781347,-3.2455851702819327,9.821353972526037,0.03219602213956385,True,walking_dual_task,P10,18,0.34
2026-04-03T17:25:15.434597,1195.2477157859153,92081,70,-3.6760417252511717,8.459823926330797,-3.097040290137243,9.73003402815427,0.09131994437176694,True,walking_dual_task,P10,18,0.34
2026-04-03T17:25:15.435394,1109.0899427840357,92098,69,-3.299110662103191,9.178111178316353,-3.4035454019063094,10.329858530743591,0.5998245025893212,True,walking_dual_task,P10,18,0.34
2026-04-03T17:25:15.494106,1167.5166429234448,92098,70,-3.2844160800725426,8.966796740472395,-3.398562667482527,10.136126527268264,0.19373200347532737,True,walking_dual_task,P10,18,0.34
2026-04-03T17:25:15.554100,1108.6595654330054,92124,70,-3.2295566436256724,9.586007932796509,-3.696550166824611,10.769682787244728,0.6335562599764639,True,walking_dual_task,P10,18,0.34
2026-04-03T17:25:15.616569,1171.0491247980835,92124,69,-3.2922297548088895,9.411772322557962,-3.9974308943089287,10.742424715346743,0.027258071897984237,True,walking_dual_task,P10,18,0.34
2026-04-03T17:25:15.616598,1257.9074571043946,92150,71,-3.4361477042396995,9.249428720705478,-4.037619940921353,10.66121088301366,0.08121383233308421,True,walking_dual_task,P10,18,0.34
2026-04-03T17:25:15.616611,1147.2446214805707,92150,70,-3.4460073221278176,9.12166310796734,-4.468990165942034,10.726209834918276,0.06499895190461658,True,walking_dual_task,P10,18,0.34
2026-04-03T17:25:15.616621,1068.2311178704026,92178,70,-3.430223403687179,9.172137153431825,-4.433081966978702,10.749267337196498,0.02305750227822223,True,walking_dual_task,P10,18,0.34
2026-04-03T17:25:15.678705,1182.5393711650381,92178,70,-3.5515912100254217,9.17015882302943,-4.568741095709187,10.843385456689083,0.09411811949258464,True,walking_dual_task,P10,18,0.34
2026-04-03T17:25:15.678938,1274.3933835414148,92205,69,-4.468564140256447,8.90027125368678,-4.26904752540112,10.835481560084098,0.007903896604984695,True,walking_dual_task,P10,18,0.34
2026-04-03T17:25:15.678953,1172.8490513462882,92205,69,-4.742967946758119,8.891821047706296,-4.237639093697465,10.93242020674474,0.09693864666064123,True,walking_dual_task,P10,18,0.34
2026-04-03T17:25:15.679358,1121.0133449049617,92211,70,-5.341382542712359,8.671130631408564,-4.763330497245219,11.243139744774616,0.3107195380298773,True,walking_dual_task,P10,18,0.34
2026-04-03T17:25:15.679964,1158.3701072360393,92211,70,-5.2884610600625095,8.80083490108806,-4.857513632985363,11.358607046405197,0.11546730163058072,True,walking_dual_task,P10,18,0.34
2026-04-03T17:25:15.679991,1191.4918793953061,92135,70,-5.223475072060894,8.684878276437008,-5.035622089025349,11.316770401861524,0.04183664454367353,True,walking_dual_task,P10,18,0.34
2026-04-03T17:25:15.735385,1192.9572606004065,92135,68,-5.468540820471284,8.94679315006684,-4.767598194246402,11.518682169285913,0.20191176742438977,True,walking_dual_task,P10,18,0.34
2026-04-03T17:25:15.736595,1218.5567953944987,92055,70,-5.601409985012463,8.83259973515465,-4.9922351018125,11.589349559549067,0.0706673902631536,True,walking_dual_task,P10,18,0.34
2026-04-03T17:25:15.736616,1188.3021140166989,92055,70,-5.508203455653698,8.811307924142822,-5.080660232486732,11.56687343411821,0.022476125430857863,True,walking_dual_task,P10,18,0.34
2026-04-03T17:25:15.854899,1140.401126783317,92043,70,-5.3910009602647655,8.789624999418836,-4.808917103891959,11.37743743977917,0.18943599433903913,True,walking_dual_task,P10,18,0.34
2026-04-03T17:25:15.856887,1213.0700146986865,92043,69,-5.433916243710027,8.822488594322937,-4.86105266834779,11.445242845176557,0.06780540539738666,True,walking_dual_task,P10,18,0.34
2026-04-03T17:25:15.856947,1186.9862814337446,92076,69,-5.332646517175848,9.01578365294905,-4.9408849616204575,11.581615515889752,0.13637267071319492,True,walking_dual_task,P10,18,0.34
2026-04-03T17:25:15.858547,1113.307258998475,92076,69,-5.438136945457776,8.848849702642296,-4.940013849476136,11.501269987724031,0.08034552816572038,True,walking_dual_task,P10,18,0.34
2026-04-03T17:25:15.858876,1196.9185013366773,92111,69,-5.5504223919451094,8.666141040467018,-4.934360514569067,11.413023392160849,0.0882465955631826,True,walking_dual_task,P10,18,0.34
2026-04-03T17:25:15.859158,1145.1652917762365,92111,70,-5.290026427567655,8.83351252526213,-4.914930148384894,11.409288387179538,0.003735004981310297,True,walking_dual_task,P10,18,0.34
2026-04-03T17:25:15.915401,1104.0260890920401,92132,70,-5.438347768083534,8.883038026369427,-4.949957505315311,11.53195865102593,0.12267026384639124,True,walking_dual_task,P10,18,0.34
2026-04-03T17:25:15.915781,1210.5696909431028,92132,70,-5.468186932838099,8.788170561241081,-4.755085924596491,11.39051589245287,0.14144275857306,True,walking_dual_task,P10,18,0.34
2026-04-03T17:25:15.916140,1097.4568582699678,92146,71,-5.63073223988178,8.836037965099893,-4.816576139098317,11.531700576309722,0.1411846838568529,True,walking_dual_task,P10,18,0.34
2026-04-03T17:25:15.974714,1238.2379195145468,92146,70,-2.489057096838036,8.932676221818825,-3.9459475337166894,10.077629267541651,1.4540713087680714,True,walking_dual_task,P10,18,0.34
2026-04-03T17:25:15.975140,1195.0642434641627,92155,69,-2.0996761731701667,8.31888024238647,-3.5705122586516382,9.293060115404835,0.7845691521368163,True,walking_dual_task,P10,18,0.34
2026-04-03T17:25:15.975612,1209.6403082910558,92155,71,-2.0555340397614246,8.421022424404649,-3.762066380428312,9.449443492168884,0.15638337676404923,True,walking_dual_task,P10,18,0.34
2026-04-03T17:25:16.035625,1177.3438578744403,92172,71,-2.39742153100941,8.040761944951583,-3.580045872751885,9.122401608334117,0.3270418838347666,True,walking_dual_task,P10,18,0.34
2026-04-03T17:25:16.036374,1290.906462149499,92172,70,-2.3162001425109513,7.998572745213379,-3.597815141497023,9.071175384316152,0.05122622401796484,True,walking_dual_task,P10,18,0.34
2026-04-03T17:25:16.036406,1261.045531832162,92201,70,-2.139535090461696,9.010891023188638,-3.9040068503973355,10.050623708160993,0.9794483238448404,True,walking_dual_task,P10,18,0.34
2026-04-03T17:25:16.101918,1098.295024412163,92201,71,-2.5386390002160826,8.668905855521533,-3.3902497969937007,9.648233537354363,0.40239017080662975,True,walking_dual_task,P10,18,0.34
2026-04-03T17:25:16.157417,1269.8537541260441,92235,71,-2.5765703567733866,8.698061124470193,-3.525683664406582,9.732698876975823,0.08446533962145963,True,walking_dual_task,P10,18,0.34
2026-04-03T17:25:16.157456,1189.062854875492,92235,73,-2.7567543287256058,8.500009652444566,-3.489150843473204,9.592915726154793,0.13978315082102988,True,walking_dual_task,P10,18,0.34
2026-04-03T17:25:16.157469,1088.3304501798862,92265,71,-2.91263703660522,8.638628771173805,-3.5156825773133433,9.770843645130181,0.17792791897538862,True,walking_dual_task,P10,18,0.34
2026-04-03T17:25:16.157480,1200.0195266915966,92265,71,-2.5273142025005626,9.220339652452667,-3.680402587744071,10.244381074160863,0.4735374290306815,True,walking_dual_task,P10,18,0.34
2026-04-03T17:25:16.157489,1246.4240194699385,92297,69,-3.309099405686428,9.768687639467805,-3.3929073827952783,10.857680119732393,0.6132990455715301,True,walking_dual_task,P10,18,0.34
2026-04-03T17:25:16.218153,1245.9550371114924,92297,71,-3.3849009073277,9.609088382763577,-3.4114917497473956,10.743854506590472,0.11382561314192152,True,walking_dual_task,P10,18,0.34
2026-04-03T17:25:16.218194,1111.6866762380591,92331,71,-4.589092987299557,10.253804646439312,-2.861441905162255,11.592589613629949,0.8487351070394773,True,walking_dual_task,P10,18,0.34
2026-04-03T17:25:16.218744,1293.1764656343794,92331,72,-4.529025063363578,10.274252095388748,-2.945407722906873,11.60808988586559,0.015500272235641432,True,walking_dual_task,P10,18,0.34
2026-04-03T17:25:16.274633,1087.1263457253476,92340,70,-5.691602716956142,10.3153658998311,-2.3330759323153,12.010177285994146,0.4020874001285559,True,walking_dual_task,P10,18,0.34
2026-04-03T17:25:16.274927,1306.284044286905,92340,70,-5.688231842067404,9.935274044147148,-2.24167019677627,11.665793461763693,0.34438382423045333,True,walking_dual_task,P10,18,0.34
2026-04-03T17:25:16.275289,1230.178887002226,92244,71,-5.486924686013167,10.087152486677775,-2.2194454430417543,11.695423287513332,0.029629825749639238,True,walking_dual_task,P10,18,0.34
2026-04-03T17:25:16.398415,1113.2068797018273,92244,73,-5.177182792375401,9.324993499887809,-2.2610922883981517,10.902809902739358,0.7926133847739738,True,walking_dual_task,P10,18,0.34
2026-04-03T17:25:16.398839,1132.3188813175107,92160,71,-5.261853052770673,9.56268222968114,-2.4195455769931344,11.179722258355016,0.2769123556156572,True,walking_dual_task,P10,18,0.34
2026-04-03T17:25:16.399300,1111.1038552267237,92160,70,-4.309408023635818,8.314223544751878,-2.334231403575235,9.6512147894304,1.5285074689246159,True,walking_dual_task,P10,18,0.34
2026-04-03T17:25:16.399579,1170.5428859025158,92146,69,-4.1972321468388545,8.348075408560845,-2.555762198027126,9.68705533866408,0.035840549233681074,True,walking_dual_task,P10,18,0.34
2026-04-03T17:25:16.399832,1212.1191281630083,92146,71,-4.30222471047117,7.75146188399098,-2.1785943100583065,9.129105759392438,0.5579495792716429,True,walking_dual_task,P10,18,0.34
2026-04-03T17:25:16.400106,1182.5852529227498,92157,71,-4.343064311628237,7.5761975703557916,-2.0116094911896583,8.961447984843083,0.1676577745493546,True,walking_dual_task,P10,18,0.34
2026-04-03T17:25:16.465691,1191.265947840828,92157,71,-4.31754734319827,7.6169214033437225,-2.172404354928039,9.02097818458644,0.059530199743356604,True,walking_dual_task,P10,18,0.34
2026-04-03T17:25:16.465727,1182.207050606144,92170,70,-4.496292901170017,7.36246936864266,-2.215419907797522,8.906777780161518,0.1142004044249223,True,walking_dual_task,P10,18,0.34
2026-04-03T17:25:16.465737,1119.7218284487349,92170,71,-4.316614314625744,7.2995038781507775,-2.262302284525761,8.776897380905202,0.12988039925631512,True,walking_dual_task,P10,18,0.34
2026-04-03T17:25:16.516266,1107.0932812283472,92186,71,-4.478985623661733,7.205255597914021,-2.14029196327759,8.749735432360824,0.02716194854437859,True,walking_dual_task,P10,18,0.34
2026-04-03T17:25:16.516303,1143.8937467986698,92186,72,-4.463272661184261,7.2701707201242876,-2.1515337230852154,8.798027194172581,0.04829176181175754,True,walking_dual_task,P10,18,0.34
2026-04-03T17:25:16.516319,1208.0848759818032,92184,72,-5.338708369169879,7.6311075179002135,-2.082062278434794,9.543091340445125,0.7450641462725436,True,walking_dual_task,P10,18,0.34
2026-04-03T17:25:16.575691,1102.2791449091033,92184,71,-5.181344533023298,7.414870182403873,-2.675505044014975,9.433183886278377,0.10990745416674841,True,walking_dual_task,P10,18,0.34
2026-04-03T17:25:16.575733,1110.915320835669,92161,71,-5.188213357757876,7.559291411010127,-2.661284374295918,9.546877971518246,0.11369408523986912,True,walking_dual_task,P10,18,0.34
2026-04-03T17:25:16.576344,1146.4339188965741,92161,71,-5.2427535093373,7.4919753263109605,-2.6555648823748763,9.521984220435543,0.02489375108270231,True,walking_dual_task,P10,18,0.34
2026-04-03T17:25:16.636000,1139.3851390677023,92170,71,-4.562143602643229,7.7432403444127775,-3.2677331432701413,9.562897321319852,0.04091310088430866,True,walking_dual_task,P10,18,0.34
2026-04-03T17:25:16.636038,1194.2487958013312,92170,70,-4.185724371001677,7.531898256670521,-3.2744787726666567,9.2180253358015,0.34487198551835263,True,walking_dual_task,P10,18,0.34
2026-04-03T17:25:16.636055,1242.314453010481,92190,72,-4.067564473368533,7.563160478476954,-3.1489874113228256,9.146726129324918,0.07129920647658139,True,walking_dual_task,P10,18,0.34
2026-04-03T17:25:16.694706,1168.3137979910812,92190,71,-3.7216551251027377,7.273656351388198,-3.222613575561371,8.783053674302908,0.3636724550220105,True,walking_dual_task,P10,18,0.34
2026-04-03T17:25:16.695042,1182.9695216468933,92204,71,-3.8771221414418697,6.983621716673854,-2.9638243812833287,8.51981826944372,0.26323540485918784,True,walking_dual_task,P10,18,0.34
2026-04-03T17:25:16.695514,1220.702630272208,92204,72,-3.721988195091684,7.100477952546856,-3.039597717051651,8.573746996530248,0.05392872708652874,True,walking_dual_task,P10,18,0.34
2026-04-03T17:25:16.756548,1153.3755595450132,92241,71,-4.0297083910221145,7.071465921422846,-2.9653535819931665,8.662418938192635,0.0886719416623869,True,walking_dual_task,P10,18,0.34
2026-04-03T17:25:16.756592,1160.5283585994744,92241,71,-3.646450543052518,7.292963657470536,-3.023419420907595,8.696262729864781,0.033843791672145684,True,walking_dual_task,P10,18,0.34
2026-04-03T17:25:16.756606,1225.0215893149968,92268,72,-3.957836878071046,7.071857828123731,-2.849052664081211,8.59027048336211,0.10599224650267125,True,walking_dual_task,P10,18,0.34
2026-04-03T17:25:16.814259,1188.5103691176632,92268,71,-3.8652808272302344,7.137846384773911,-3.1785749105829,8.717372617260933,0.1271021338988234,True,walking_dual_task,P10,18,0.34
2026-04-03T17:25:16.814791,1156.120886277515,92286,71,-4.019596365393892,7.1500092628530725,-3.0631413606644418,8.755719410475974,0.038346793215040975,True,walking_dual_task,P10,18,0.34
2026-04-03T17:25:16.815336,1162.1868370605996,92286,72,-3.887148740072903,7.138191516727008,-3.099262503548098,8.698800579552504,0.056918830923470054,True,walking_dual_task,P10,18,0.34
2026-04-03T17:25:16.875696,1101.8308915360271,92278,72,-3.8383801262545725,6.94841829010697,-3.215623314318523,8.56468983837173,0.13411074118077337,True,walking_dual_task,P10,18,0.34
2026-04-03T17:25:16.875724,1120.8727824542455,92278,72,-3.8773949598210895,7.047082181575866,-2.9695544864062033,8.574019640522481,0.00932980215075041,True,walking_dual_task,P10,18,0.34
2026-04-03T17:25:16.875736,1188.7241417929501,92193,71,-3.874855306932217,6.942800670121798,-3.005781904801676,8.500100567283758,0.0739190732387236,True,walking_dual_task,P10,18,0.34
2026-04-03T17:25:16.935085,1246.596468595233,92193,72,-3.6302106137937393,6.8766374978246105,-2.874111094564212,8.290180152498818,0.20992041478493917,True,walking_dual_task,P10,18,0.34
2026-04-03T17:25:16.937340,1253.4741952605352,92134,72,-3.8193771477467706,7.074676989750693,-2.885442944677164,8.541924683174479,0.25174453067566027,True,walking_dual_task,P10,18,0.34
2026-04-03T17:25:16.937358,1170.5229733237159,92134,70,-5.2039736468380635,8.855750376215378,-4.823629152973417,11.34782158161816,2.805896898443681,True,walking_dual_task,P10,18,0.34
2026-04-03T17:25:16.999643,1177.0048331532776,92122,71,-3.2859472815367874,8.78993036245467,-4.893535679646164,10.583336749901306,0.7644848317168531,True,walking_dual_task,P10,18,0.34
2026-04-03T17:25:16.999696,1153.3020561010558,92122,71,-3.1817319776633277,8.88910427522568,-4.9944479676697515,10.681016042272446,0.09767929237114004,True,walking_dual_task,P10,18,0.34
2026-04-03T17:25:17.000223,1068.7700283393222,92141,68,-2.3994834960111797,7.605011644206816,-4.56922170281305,9.190838379909044,1.4901776623634024,True,walking_dual_task,P10,18,0.34
2026-04-03T17:25:17.115779,1300.7361319824254,92141,71,-2.4409599722280593,7.665095810629598,-4.481446736588348,9.208438750680235,0.017600370771191365,True,walking_dual_task,P10,18,0.34
2026-04-03T17:25:17.116696,1262.0966060541175,92186,69,-2.155392609526126,7.395187269456721,-4.198194944779549,8.77264799509858,0.4357907555816549,True,walking_dual_task,P10,18,0.34
2026-04-03T17:25:17.117139,1102.5372264148975,92186,71,-2.2558927550108643,7.715970178214008,-4.334101909520765,9.132890411874543,0.3602424167759626,True,walking_dual_task,P10,18,0.34
2026-04-03T17:25:17.117524,1128.983358791892,92232,70,-2.0617061635609106,7.527929130766609,-4.45739206735112,8.988253075252958,0.14463733662158518,True,walking_dual_task,P10,18,0.34
2026-04-03T17:25:17.117804,1194.906635817014,92232,70,-2.5343577646273276,7.540936689938073,-4.5760947093891176,9.177654288001923,0.18940121274896526,True,walking_dual_task,P10,18,0.34
2026-04-03T17:25:17.118077,1111.1827504841617,92271,72,-2.5995970712201517,7.448911815021452,-4.602120375204045,9.133657761736576,0.04399652626534767,True,walking_dual_task,P10,18,0.34
2026-04-03T17:25:17.175279,1202.5089386419522,92271,69,-3.118110761229845,8.301443796665813,-4.586025406942399,9.98339685986788,0.8497390981313053,True,walking_dual_task,P10,18,0.34
2026-04-03T17:25:17.175770,1139.2368442650982,92280,71,-3.4464697314644552,8.294088016282508,-4.5718468252394375,10.078285222456929,0.09488836258904776,True,walking_dual_task,P10,18,0.34
2026-04-03T17:25:17.176249,1237.485482684432,92280,72,-3.0395460993285646,9.042092168426448,-4.893498678793619,10.721221972873115,0.6429367504161867,True,walking_dual_task,P10,18,0.34
2026-04-03T17:25:17.243659,1220.9171423126397,92302,72,-2.2753822326057915,8.922686823499577,-4.792712603561725,10.380838046855875,0.34038392601724077,True,walking_dual_task,P10,18,0.34
2026-04-03T17:25:17.243696,1119.8543655688204,92302,72,-2.3821337629706067,8.790675844388296,-4.897291089620095,10.340889859304603,0.039948187551271275,True,walking_dual_task,P10,18,0.34
2026-04-03T17:25:17.243703,1127.411479346283,92321,71,-1.9340104227713548,8.460514428965514,-4.269755907625976,9.672203276856251,0.6686865824483519,True,walking_dual_task,P10,18,0.34
2026-04-03T17:25:17.294737,1142.3669526086744,92321,71,-2.195275326987636,8.56101512405476,-4.490513455432278,9.913371011366081,0.24116773450982976,True,walking_dual_task,P10,18,0.34
2026-04-03T17:25:17.295033,1151.848798214732,92345,69,-2.0099621825187683,8.702414663153693,-4.607666701043736,10.0500030533595,0.13663204199341905,True,walking_dual_task,P10,18,0.34
2026-04-03T17:25:17.295454,1171.8657500381082,92345,71,-1.686329190906271,8.8192681458538,-4.536191656403007,10.05983257873581,0.009829525376309434,True,walking_dual_task,P10,18,0.34
2026-04-03T17:25:17.355177,1144.594459960683,92382,72,-1.7110373251697166,8.862066419280524,-4.518310677305072,10.093512833722087,0.0336802549862778,True,walking_dual_task,P10,18,0.34
2026-04-03T17:25:17.355694,1054.3854115696208,92382,72,-2.056566160949489,9.032646972442961,-3.8554122940856757,10.034060975523943,0.05945185819814469,True,walking_dual_task,P10,18,0.34
2026-04-03T17:25:17.355894,1148.3638770157604,92404,72,-2.24934759616049,8.84348999128854,-4.218019008607665,10.052788876294434,0.018727900770491246,True,walking_dual_task,P10,18,0.34
2026-04-03T17:25:17.416350,1138.0634777206064,92404,70,-2.503283741873264,9.643172252817212,-4.039828210357466,10.750693585021889,0.6979047087274548,True,walking_dual_task,P10,18,0.34
2026-04-03T17:25:17.416422,1290.0786662803428,92408,71,-2.583891120859662,10.021000827206532,-3.582002678391357,10.951150354704032,0.20045676968214288,True,walking_dual_task,P10,18,0.34
2026-04-03T17:25:17.416438,1317.9831083761826,92408,71,-2.664223524319894,10.192789394112525,-3.799699329954996,11.19949809671544,0.24834774201140775,True,walking_dual_task,P10,18,0.34
2026-04-03T17:25:17.474407,1129.2358144008722,92355,70,-2.525062422012504,9.853870755123728,-3.396689078251054,10.724374377466143,0.47512371924929653,True,walking_dual_task,P10,18,0.34
2026-04-03T17:25:17.568890,1233.8428360111166,92355,71,-2.707226536592339,9.747933260625599,-3.3210227266062318,10.648026592973727,0.07634778449241608,True,walking_dual_task,P10,18,0.34
2026-04-03T17:25:17.568925,1239.624971651785,92308,71,-2.907497332624591,9.667255248562423,-2.5697646808908288,10.416959983374745,0.2310666095989813,True,walking_dual_task,P10,18,0.34
2026-04-03T17:25:17.568933,1212.5544228888443,92308,70,-4.647549023263291,10.701304348506278,-2.164706050673933,11.866068387162587,1.4491084037878412,True,walking_dual_task,P10,18,0.34
2026-04-03T17:25:17.568940,1252.8753372137355,92319,71,-4.674414534537948,10.610590193635373,-2.3125533064225254,11.822972481276292,0.04309590588629497,True,walking_dual_task,P10,18,0.34
2026-04-03T17:25:17.568947,1228.4359543277715,92319,71,-4.760848357898607,11.192999442389512,-3.1121445538092476,12.555252180981565,0.7322796997052734,True,walking_dual_task,P10,18,0.34
2026-04-03T17:25:17.594072,1080.8423777539708,92330,71,-4.526277014917104,10.88155652209823,-3.0171093832417184,12.16545950590567,0.38979267507589554,True,walking_dual_task,P10,18,0.34
2026-04-03T17:25:17.594639,1154.5588211837653,92330,71,-4.71283162342075,11.053448989527466,-3.0933502974197733,12.407994702503197,0.24253519659752776,True,walking_dual_task,P10,18,0.34
2026-04-03T17:25:17.595218,1092.6280611303168,92336,69,-4.2315257890000515,9.592591339296327,-3.132470704947635,10.942394245459745,1.4656004570434522,True,walking_dual_task,P10,18,0.34
2026-04-03T17:25:17.654299,1280.396171399998,92336,71,-3.774615096568773,8.040548628810441,-2.259022565332562,9.165223637762042,1.7771706076977036,True,walking_dual_task,P10,18,0.34
2026-04-03T17:25:17.654820,1289.7620565347559,92346,70,-3.915266741471121,8.183229408861914,-2.1024452230420825,9.31207995728263,0.1468563195205892,True,walking_dual_task,P10,18,0.34
2026-04-03T17:25:17.655276,1275.09489901976,92346,71,-3.925651739542575,7.821699083352392,-1.6363613465043412,8.90322394343885,0.40885601384378134,True,walking_dual_task,P10,18,0.34
2026-04-03T17:25:17.719197,1119.2738650373508,92349,69,-4.192986870048867,7.962102340759408,-1.6776814321672007,9.153732985234344,0.25050904179549427,True,walking_dual_task,P10,18,0.34
2026-04-03T17:25:17.719632,1133.9458359655478,92349,73,-4.133386762503488,7.900292484992351,-1.6926606808500646,9.075494898756842,0.07823808647750141,True,walking_dual_task,P10,18,0.34
2026-04-03T17:25:17.720536,1158.9238085707832,92345,71,-4.016683649121047,7.926712345546835,-1.5981669612023806,9.028878877360125,0.0466160213967175,True,walking_dual_task,P10,18,0.34
2026-04-03T17:25:17.853291,1152.5414246241965,92345,71,-3.958596275770516,7.852506125157639,-1.8794048465259583,8.992469043445615,0.036409833914509804,True,walking_dual_task,P10,18,0.34
2026-04-03T17:25:17.856629,1089.4184332379268,92351,72,-4.0614918124706625,7.890059917816064,-1.7491745248164643,9.044798105417321,0.05232906197170628,True,walking_dual_task,P10,18,0.34
2026-04-03T17:25:17.856675,1199.555731144605,92351,70,-4.059861690527074,7.7634612722198755,-1.5411116835080307,8.89543889262987,0.14935921278745035,True,walking_dual_task,P10,18,0.34
2026-04-03T17:25:17.856691,1208.6761936853113,92357,73,-3.868026535754126,8.028017814039016,-1.772834715299651,9.08590349011024,0.1904645974803696,True,walking_dual_task,P10,18,0.34
2026-04-03T17:25:17.856703,1198.7839608399277,92357,70,-4.115672037107827,8.140412831102395,-1.6685975447652517,9.273041310390267,0.1871378202800269,True,walking_dual_task,P10,18,0.34
2026-04-03T17:25:17.856715,1189.0109070248864,92369,70,-3.953301743834847,7.880093874605234,-1.832224755386218,9.004527844626207,0.26851346576406065,True,walking_dual_task,P10,18,0.34
2026-04-03T17:25:17.897075,1242.4020603125678,92369,71,-3.9109925030144614,7.828369255002253,-1.747633242301608,8.923757588644902,0.08077025598130483,True,walking_dual_task,P10,18,0.34
2026-04-03T17:25:17.897115,1192.4304902573397,92394,71,-3.912980483008133,7.9235938707711435,-1.7971513961274144,9.018010270005647,0.09425268136074472,True,walking_dual_task,P10,18,0.34
2026-04-03T17:25:17.897128,1150.638525782573,92394,71,-3.973593961003974,7.846509291871895,-1.6075230350642018,8.940989170255227,0.07702109975041971,True,walking_dual_task,P10,18,0.34
2026-04-03T17:25:17.964447,1199.5723843885216,92422,70,-3.9492935157038818,8.003717570088522,-1.654071118776609,9.07702404320355,0.13603487294832384,True,walking_dual_task,P10,18,0.34
2026-04-03T17:25:17.964484,1110.1316067214796,92422,71,-3.7053200053245066,8.543732808283732,-2.402983089151069,9.617644949151941,0.5406209059483906,True,walking_dual_task,P10,18,0.34
2026-04-03T17:25:17.964496,1243.093720141841,92434,70,-3.4966218014670507,9.329687272909462,-2.1168714223537615,10.185802533505226,0.5681575843532851,True,walking_dual_task,P10,18,0.34
2026-04-03T17:25:18.015094,1127.6259795788123,92434,73,-3.610068358925559,9.066631190741683,-2.1612893896479646,9.995377258055361,0.19042527544986498,True,walking_dual_task,P10,18,0.34
2026-04-03T17:25:18.015132,1123.942416663557,92372,72,-3.795578152309397,9.112752240756224,-2.5273324179230143,10.189998825435683,0.194621567380322,True,walking_dual_task,P10,18,0.34
2026-04-03T17:25:18.015612,1127.3028542508648,92372,70,-3.891689332509286,9.013863662128816,-2.3616637820057895,10.098140412939937,0.09185841249574622,True,walking_dual_task,P10,18,0.34
2026-04-03T17:25:18.138346,1164.0371845606146,92327,70,-3.984029621751711,8.912239399633517,-2.97800105751562,10.20632124920332,0.10818083626338293,True,walking_dual_task,P10,18,0.34
2026-04-03T17:25:18.138387,1150.2750834216904,92327,70,-4.391563089996817,8.927730242981495,-3.942019874810266,10.70185565022571,0.49553440102238966,True,walking_dual_task,P10,18,0.34
2026-04-03T17:25:18.138400,1106.953102697534,92338,71,-4.401052634868435,9.125368691460595,-3.714092662150692,10.790556165138721,0.08870051491301112,True,walking_dual_task,P10,18,0.34
2026-04-03T17:25:18.138411,1114.4898865208806,92338,71,-3.7922213869680412,10.322548687233596,-3.992995214418282,11.699571155835292,0.909014990696571,True,walking_dual_task,P10,18,0.34
2026-04-03T17:25:18.138423,1210.3882838288598,92351,70,-3.6605807737911946,10.219904438641896,-4.069844509066991,11.593529775888136,0.10604137994715579,True,walking_dual_task,P10,18,0.34
2026-04-03T17:25:18.138433,1266.731442485071,92351,72,-4.5123980988054875,9.832446414124929,-3.6999598799354048,11.433653930475296,0.15987584541283972,True,walking_dual_task,P10,18,0.34
2026-04-03T17:25:18.196235,1246.1460209474092,92349,72,-5.831656815265398,9.283293323319324,-3.9231256446082035,11.6438254436074,0.21017151313210292,True,walking_dual_task,P10,18,0.34
2026-04-03T17:25:18.196286,1195.4122119006552,92349,70,-5.886480221775831,9.322516205544215,-4.248560921392823,11.815677200515372,0.17185175690797294,True,walking_dual_task,P10,18,0.34
2026-04-03T17:25:18.196295,1100.7716242321385,92353,72,-4.29991701938334,9.5957771173779,-5.343275370350781,11.794863990032827,0.020813210482545585,True,walking_dual_task,P10,18,0.34
2026-04-03T17:25:18.255919,1244.8031904639538,92353,72,-4.261864100694376,9.945660710827143,-5.367408373803344,12.07844051352874,0.28357652349591334,True,walking_dual_task,P10,18,0.34
2026-04-03T17:25:18.255996,1148.725382272291,92351,71,-2.2987603667587657,8.673800383587524,-5.137107892615665,10.339680353786482,1.7387601597422577,True,walking_dual_task,P10,18,0.34
2026-04-03T17:25:18.256004,1227.927715126542,92351,70,-2.5695227863167234,8.627714752798047,-4.996675339276188,10.295954237038,0.04372611674848237,True,walking_dual_task,P10,18,0.34
2026-04-03T17:25:18.314450,1132.9118655067587,92382,72,-2.0574854459811016,7.383907451461659,-4.138769659753001,8.711185333160294,1.5847689038777055,True,walking_dual_task,P10,18,0.34
2026-04-03T17:25:18.314854,1147.6138494314011,92382,72,-2.1555447361705453,7.7387406684422055,-4.272154350388823,9.09866930031969,0.3874839671593957,True,walking_dual_task,P10,18,0.34
2026-04-03T17:25:18.315675,1136.2819036592718,92416,70,-2.0820556960708703,7.781381026265815,-4.281529062246212,9.122298926714127,0.023629626394436443,True,walking_dual_task,P10,18,0.34
2026-04-03T17:25:18.374478,1170.308559576834,92416,72,-2.322622744661461,8.434559607548797,-4.750250378216525,9.954961117104311,0.8326621903901845,True,walking_dual_task,P10,18,0.34
2026-04-03T17:25:18.374894,1253.8956970482807,92463,71,-2.391712511644521,8.281711973189557,-4.883290681393054,9.907248347760767,0.04771276934354418,True,walking_dual_task,P10,18,0.34
2026-04-03T17:25:18.375131,1141.4025023802515,92463,71,-2.884090019335413,8.941609703973956,-4.610731552924998,10.465620134085201,0.5583717863244342,True,walking_dual_task,P10,18,0.34
2026-04-03T17:25:18.434373,1141.1419133283591,92498,69,-2.8608290505297904,9.29187914918558,-4.294221550665598,10.628438253366566,0.16281811928136491,True,walking_dual_task,P10,18,0.34
2026-04-03T17:25:18.494290,1121.1180113994894,92498,71,-3.1990861751167023,9.464865870226221,-4.613854039251995,11.004793836902076,0.3763555835355099,True,walking_dual_task,P10,18,0.34
2026-04-03T17:25:18.494540,1144.4693735717747,92519,71,-2.5328912998791364,9.353519458690418,-4.614207362738855,10.732882846069698,0.271910990832378,True,walking_dual_task,P10,18,0.34
2026-04-03T17:25:18.495172,1284.7967866158447,92519,71,-2.46553794726922,9.05974578581492,-4.427325252145371,10.38070710314571,0.352175742923988,True,walking_dual_task,P10,18,0.34
2026-04-03T17:25:18.495978,1130.1995159538276,92543,72,-1.7838570415245945,8.812406587649074,-4.168760138496617,9.910560877314463,0.47014622583124677,True,walking_dual_task,P10,18,0.34
2026-04-03T17:25:18.496330,1047.4811054312263,92543,71,-1.8568232286078332,8.776624108993198,-3.764792986336652,9.7288534516061,0.18170742570836396,True,walking_dual_task,P10,18,0.34
2026-04-03T17:25:18.555458,1210.6827670503849,92554,72,-1.6250881537007889,8.79423159564463,-3.691421092383424,9.67501992485939,0.05383352674670938,True,walking_dual_task,P10,18,0.34
2026-04-03T17:25:18.555962,1169.3218037424526,92554,72,-2.043417415584863,8.56871239795695,-3.314816857720976,9.41203472653219,0.26298519832720046,True,walking_dual_task,P10,18,0.34
2026-04-03T17:25:18.556242,1155.928042605483,92525,71,-1.9662126396491186,8.739602753474504,-3.3546044013123217,9.565564234385711,0.1535295078535217,True,walking_dual_task,P10,18,0.34
2026-04-03T17:25:18.614932,1142.8934351463517,92525,73,-2.495363478333597,9.35150047895457,-3.3824222795060406,10.252715765775793,0.6871515313900822,True,walking_dual_task,P10,18,0.34
2026-04-03T17:25:18.737021,1252.163166319012,92468,70,-2.5230006536176073,9.325899979391252,-3.2689753398636356,10.199222641770362,0.05349312400543127,True,walking_dual_task,P10,18,0.34
2026-04-03T17:25:18.743752,1125.3741920204384,92468,69,-2.7263214188653526,9.437455323345663,-3.4416471140378935,10.40881003365297,0.20958739188260722,True,walking_dual_task,P10,18,0.34
2026-04-03T17:25:18.745155,1168.3116430537837,92467,70,-2.901003748377735,9.511342688796283,-3.7641994764456173,10.632528400634238,0.22371836698126835,True,walking_dual_task,P10,18,0.34
2026-04-03T17:25:18.745267,1194.4756871839882,92467,71,-2.8546183212641094,9.535704120178144,-3.3709406595783564,10.50912649833837,0.12340190229586767,True,walking_dual_task,P10,18,0.34
2026-04-03T17:25:18.746256,1141.0940275284172,92497,72,-2.9361284217678514,9.773592943038526,-3.4784794198141475,10.78164125722035,0.2725147588819805,True,walking_dual_task,P10,18,0.34
2026-04-03T17:25:18.746453,1067.0167375201456,92497,71,-2.9662080585558686,9.842164548176516,-3.5438349975177394,10.873148565602143,0.091507308381793,True,walking_dual_task,P10,18,0.34
2026-04-03T17:25:18.858842,1217.260951871228,92514,71,-2.865572412924126,9.623543515431429,-3.52209754695617,10.6409241223396,0.23222444326254355,True,walking_dual_task,P10,18,0.34
2026-04-03T17:25:18.858893,1174.4059122983706,92514,72,-2.971815252347542,9.690002322892587,-3.3937299804049297,10.68855622110154,0.047632098761940966,True,walking_dual_task,P10,18,0.34
2026-04-03T17:25:18.858906,1171.2498192614216,92527,71,-2.723349340236364,9.770137437244642,-3.325187743643032,10.673757103386276,0.014799117715265098,True,walking_dual_task,P10,18,0.34
2026-04-03T17:25:18.858917,1217.3421994310472,92527,69,-2.9172600014510124,9.7251964795403,-3.33221703715818,10.686136947674601,0.012379844288325614,True,walking_dual_task,P10,18,0.34
2026-04-03T17:25:18.858927,1179.8234670192996,92527,70,-2.930595072785641,9.846911126163711,-3.4030917182766065,10.822711279998417,0.136574332323816,True,walking_dual_task,P10,18,0.34
2026-04-03T17:25:18.858936,1248.310084288934,92527,71,-2.811317652290706,9.792498926939414,-3.333274622955023,10.719480485929664,0.1032307940687538,True,walking_dual_task,P10,18,0.34
2026-04-03T17:25:18.917395,1224.5407583377148,92523,71,-2.7941033959780484,9.877604386659868,-3.5052538719074176,10.84716031564484,0.1276798297151771,True,walking_dual_task,P10,18,0.34
2026-04-03T17:25:18.917485,1199.2440963900297,92523,70,-3.0297860223249997,9.722144624213259,-3.4117584892177826,10.739636652324153,0.10752366332068775,True,walking_dual_task,P10,18,0.34
2026-04-03T17:25:18.917499,1159.2737108194121,92536,71,-2.968182187117731,9.781950512403816,-3.3762484929523593,10.765487225815809,0.025850573491656093,True,walking_dual_task,P10,18,0.34
2026-04-03T17:25:18.917509,1180.3612492368418,92536,69,-2.9446738901569334,9.615564875954156,-3.473627315970445,10.639373991608306,0.1261132342075033,True,walking_dual_task,P10,18,0.34
2026-04-03T17:25:18.917519,1157.8734127048117,92542,72,-2.8726191431540826,9.48604519715137,-3.4084169536268067,10.481140222026633,0.15823376958167223,True,walking_dual_task,P10,18,0.34
2026-04-03T17:25:18.977298,1201.129760471925,92542,70,-3.785390419632951,7.841075387366597,-1.4259781420892093,8.822984615260946,1.6581556067656873,True,walking_dual_task,P10,18,0.34
2026-04-03T17:25:18.977522,1279.1470179868195,92556,73,-3.5590639729835796,7.144988996598764,-1.0784235806620868,8.054861981724772,0.7681226335361746,True,walking_dual_task,P10,18,0.34
2026-04-03T17:25:18.977665,1148.2289791713417,92556,73,-3.6512741115808085,7.060475892096946,-1.019404963649065,8.013819871989558,0.04104210973521383,True,walking_dual_task,P10,18,0.34
2026-04-03T17:25:19.035355,1209.3519503312118,92571,70,-4.077871686204042,7.255726608536521,-0.8702440491695969,8.368508278784493,0.35468840679493496,True,walking_dual_task,P10,18,0.34
2026-04-03T17:25:19.035866,1300.8796122618207,92571,72,-3.969932082801023,7.191820348143936,-0.8222418437936537,8.255829595607896,0.1126786831765969,True,walking_dual_task,P10,18,0.34
2026-04-03T17:25:19.036182,1185.7166019020103,92587,72,-3.885318081372117,7.141967832399904,-0.9499256184145501,8.185704599665954,0.0701249959419421,True,walking_dual_task,P10,18,0.34
2026-04-03T17:25:19.095478,1122.7803834706929,92587,72,-3.7315040851390515,7.4568852420416425,-1.6827047416498282,8.506512534403196,0.32080793473724256,True,walking_dual_task,P10,18,0.34
2026-04-03T17:25:19.096031,1228.2524430786964,92592,71,-3.8556696087682996,7.387261572221401,-1.682259756585905,8.501048144612932,0.005464389790263979,True,walking_dual_task,P10,18,0.34
2026-04-03T17:25:19.096372,1058.3877822754487,92592,72,-3.7394784562490013,7.2329451101981865,-2.2692447047573343,8.452731252202419,0.04831689241051329,True,walking_dual_task,P10,18,0.34
2026-04-03T17:25:19.158019,1152.5733162178553,92564,72,-3.693228163989085,7.436311790737952,-1.8597291349584433,8.50865793035328,0.055926678150861164,True,walking_dual_task,P10,18,0.34
2026-04-03T17:25:19.158063,1322.3592983496455,92564,71,-3.667538436536639,7.5885976526738625,-2.4677078844303946,8.782211265992228,0.27355333563894746,True,walking_dual_task,P10,18,0.34
2026-04-03T17:25:19.158082,1146.5679279352048,92516,71,-3.504153937407188,8.024436129198769,-3.0215981388555404,9.262868093704675,0.48065682771244767,True,walking_dual_task,P10,18,0.34
2026-04-03T17:25:19.222986,1148.79118176003,92516,71,-3.551185052382101,8.083337992360327,-2.839336620662661,9.274324817496636,0.0114567237919605,True,walking_dual_task,P10,18,0.34
2026-04-03T17:25:19.223031,1180.033720712943,92510,72,-3.2186371250383607,8.977607145907935,-3.0773036532761098,10.021319912237056,0.74699509474042,True,walking_dual_task,P10,18,0.34
2026-04-03T17:25:19.223048,1245.7474984412609,92510,70,-3.328356335559249,9.025617768239584,-3.2216688060297214,10.144894375525281,0.12357446328822519,True,walking_dual_task,P10,18,0.34
2026-04-03T17:25:19.276910,1199.2520817235752,92527,71,-3.559061097225813,9.39094695096343,-3.5438527001840607,10.64968039380513,0.5047860182798498,True,walking_dual_task,P10,18,0.34
2026-04-03T17:25:19.276944,1216.8093039337061,92527,71,-3.2403709272888643,9.567757978028709,-4.198328968888106,10.939285287602475,0.28960489379734433,True,walking_dual_task,P10,18,0.34
2026-04-03T17:25:19.276956,1247.6423576473762,92537,71,-3.330018808864049,9.424768984400473,-3.9626857734714975,10.75258918660891,0.18669610099356504,True,walking_dual_task,P10,18,0.34
2026-04-03T17:25:19.337807,1140.997102227646,92537,71,-2.919299420692496,9.91481852600598,-4.009948632270589,11.086280870730983,0.33369168412207273,True,walking_dual_task,P10,18,0.34
2026-04-03T17:25:19.339966,1190.7585075980865,92545,72,-2.843131160390365,10.099632585709747,-3.9165589725628744,11.199348523332755,0.11306765260177265,True,walking_dual_task,P10,18,0.34
2026-04-03T17:25:19.339991,1293.301488393361,92545,71,-3.6498689739511536,9.572447627064465,-3.575841660539373,10.850803688259793,0.3485448350729623,True,walking_dual_task,P10,18,0.34
2026-04-03T17:25:19.395924,1214.1371687349608,92530,70,-3.5503618346020605,9.53776705652874,-3.5779491825395557,10.787761117768566,0.06304257049122697,True,walking_dual_task,P10,18,0.34
2026-04-03T17:25:19.395993,1175.1087102104702,92530,70,-3.888936447715399,9.734968024742646,-3.5785002962778267,11.0769622869987,0.28920116923013417,True,walking_dual_task,P10,18,0.34
2026-04-03T17:25:19.396009,1233.4664786888607,92521,70,-4.035468407053562,9.563010455899844,-3.978727622502933,11.116044608494741,0.03908232149604096,True,walking_dual_task,P10,18,0.34
2026-04-03T17:25:19.455030,1134.6580231164926,92521,70,-4.078246361604936,9.781135453417372,-3.9135589504430404,11.296842381950587,0.18079777345584525,True,walking_dual_task,P10,18,0.34
2026-04-03T17:25:19.456220,1371.2027507125554,92527,70,-4.123816954016216,9.7126872256131,-3.832993666794467,11.226486532415473,0.07035584953511353,True,walking_dual_task,P10,18,0.34
2026-04-03T17:25:19.456246,1177.3435681806059,92527,70,-4.151573552901828,9.398729856678193,-3.7915949115190344,10.95207185225814,0.2744146801573333,True,walking_dual_task,P10,18,0.34
2026-04-03T17:25:19.575024,1238.604173285844,92529,70,-4.410945018242352,9.045178109662242,-3.7032565433387705,10.723142823596609,0.22892902866153086,True,walking_dual_task,P10,18,0.34
2026-04-03T17:25:19.575882,1152.8931960838481,92529,72,-3.735075986675225,9.647173504292407,-4.115020066194883,11.133379513577442,0.41023668998083274,True,walking_dual_task,P10,18,0.34
2026-04-03T17:25:19.640856,1132.1300892402112,92535,72,-2.6848481859628746,9.106680337006194,-4.412367868203259,10.46943297158141,0.6639465419960313,True,walking_dual_task,P10,18,0.34
2026-04-03T17:25:19.640881,1116.1347176390423,92535,73,-2.6349989859594367,9.190791439383222,-4.383544636671603,10.51804784738782,0.04861487580640933,True,walking_dual_task,P10,18,0.34
2026-04-03T17:25:19.640887,1250.5070243605753,92559,71,-2.0724625368684615,8.547878971231388,-3.9736112880969316,9.651472558238686,0.8665752891491341,True,walking_dual_task,P10,18,0.34
2026-04-03T17:25:19.645828,1248.7286002497733,92559,71,-2.0220119583086964,8.337842622768676,-3.9907564503059056,9.46225602101632,0.1892165372223662,True,walking_dual_task,P10,18,0.34
2026-04-03T17:25:19.645922,1231.590160784316,92592,70,-2.154305435390637,7.888434436606394,-3.6829419498611475,8.968416313688738,0.49383970732758087,True,walking_dual_task,P10,18,0.34
2026-04-03T17:25:19.645928,1148.3164109764637,92592,72,-2.674286163461947,8.450067437551835,-3.9557478427513595,9.705842940141258,0.7374266264525193,True,walking_dual_task,P10,18,0.34
2026-04-03T17:25:19.700869,1249.3428720333209,92636,71,-2.507518262664599,8.570384360193733,-3.9966146387167614,9.78325428931779,0.0774113491765327,True,walking_dual_task,P10,18,0.34
2026-04-03T17:25:19.700919,1143.158795101516,92636,71,-2.4950636399429014,8.863721484256828,-4.337646107191546,10.1787069350225,0.39545264570470984,True,walking_dual_task,P10,18,0.34
2026-04-03T17:25:19.700932,1109.0356312256752,92667,71,-2.538397461938678,8.743809720017211,-4.4005234081723845,10.11248121681901,0.06622571820349066,True,walking_dual_task,P10,18,0.34
2026-04-03T17:25:19.700942,1216.397025414235,92667,70,-2.4967282490413867,8.698135649819962,-4.372085133714337,10.050191249358198,0.062289967460811724,True,walking_dual_task,P10,18,0.34
2026-04-03T17:25:19.785757,1135.2905563710708,92624,71,-2.457764798815779,8.759892675855749,-4.408962837294777,10.110157308343704,0.059966058985505555,True,walking_dual_task,P10,18,0.34
2026-04-03T17:25:19.785930,1026.2245019068323,92624,72,-2.560067864619678,8.91692212013514,-4.6110846733927415,10.359901033948692,0.24974372560498814,True,walking_dual_task,P10,18,0.34
2026-04-03T17:25:19.786030,1180.1443091365563,92565,71,-2.5012588434092478,8.939653398394073,-4.300341923395282,10.230671500114873,0.12922953383381852,True,walking_dual_task,P10,18,0.34
2026-04-03T17:25:19.814272,1208.898056015665,92565,74,-2.428672102913234,8.891683556922509,-4.378799332405328,10.204624846283593,0.026046653831279798,True,walking_dual_task,P10,18,0.34
2026-04-03T17:25:19.875260,1219.931539033979,92558,72,-2.244670393230993,8.768199140929783,-4.177393206067972,9.968474073164478,0.2361507731191157,True,walking_dual_task,P10,18,0.34
2026-04-03T17:25:19.875973,1161.8948697488643,92558,71,-2.501543404918927,8.996587493775968,-4.228263968235791,10.250586428343532,0.28211235517905386,True,walking_dual_task,P10,18,0.34
2026-04-03T17:25:19.876057,1190.670195408713,92578,73,-2.6689651951434334,8.801170148119203,-4.280855219896636,10.144441463321078,0.10614496502245352,True,walking_dual_task,P10,18,0.34
2026-04-03T17:25:19.876416,1150.0218129172843,92578,72,-2.365834868937917,8.948797471992307,-4.550462710458005,10.314303742913877,0.16986227959279887,True,walking_dual_task,P10,18,0.34
2026-04-03T17:25:19.877058,1100.6185645786154,92601,71,-2.4865411307188974,8.816437107742365,-4.342971440731077,10.13774388138402,0.17655986152985648,True,walking_dual_task,P10,18,0.34
2026-04-03T17:25:19.935840,1145.9837174748084,92601,70,-2.527497566817312,8.922703121660241,-4.428760532970325,10.277003201612251,0.13925932022823062,True,walking_dual_task,P10,18,0.34
2026-04-03T17:25:19.937740,1237.9569061589632,92633,70,-2.507631793070077,8.82372478875471,-4.513888839057223,10.22357710435372,0.05342609725853187,True,walking_dual_task,P10,18,0.34
2026-04-03T17:25:19.938169,1138.9619493043358,92633,71,-3.084459675534181,9.141677437196751,-3.587472050114998,10.293401457540888,0.06982435318716895,True,walking_dual_task,P10,18,0.34
2026-04-03T17:25:19.995515,1140.054151126499,92642,72,-3.088774753248039,9.917857251392848,-3.6014256566067817,10.99430255611395,0.7009010985730626,True,walking_dual_task,P10,18,0.34
2026-04-03T17:25:19.996354,1157.7248171035083,92642,72,-3.037883341739545,9.890399315766345,-3.527573332850131,10.931262847538036,0.06303970857591423,True,walking_dual_task,P10,18,0.34
2026-04-03T17:25:19.996375,1165.1367296823307,92655,72,-2.94963472824219,10.008275523402416,-3.144390550365655,10.897390325927446,0.033872521610589956,True,walking_dual_task,P10,18,0.34
2026-04-03T17:25:20.055406,1233.4183727596858,92655,68,-3.0683380625191337,10.348783485229514,-3.2265815254744106,11.266004013428878,0.36861368750143164,True,walking_dual_task,P10,18,0.34
2026-04-03T17:25:20.055942,1272.9470294596515,92658,71,-3.3097831311982584,10.451845195282065,-3.065894938856422,11.383999478997298,0.11799546556841989,True,walking_dual_task,P10,18,0.34
2026-04-03T17:25:20.056282,1164.7529944706434,92658,71,-4.130688873262794,9.953119651552386,-2.500270029792125,11.062483066097416,0.3215164128998822,True,walking_dual_task,P10,18,0.34
2026-04-03T17:25:20.115777,1221.6291295273757,92666,70,-4.194469139771253,10.178507464614361,-2.479294800668948,11.28461289900224,0.2221298329048249,True,walking_dual_task,P10,18,0.34
2026-04-03T17:25:20.115899,1225.5935802517229,92666,70,-4.827277805269352,10.581796975249793,-2.15282468497778,11.828427298626872,0.5438143996246314,True,walking_dual_task,P10,18,0.34
2026-04-03T17:25:20.175776,1222.648437828226,92674,72,-4.814077283415033,10.585643117990134,-2.0243469457179466,11.803777398306956,0.02464990031991654,True,walking_dual_task,P10,18,0.34
2026-04-03T17:25:20.177616,1151.4677373049778,92674,71,-4.468550500656442,9.987751813109547,-1.9428675678441036,11.112959292797326,0.6908181055096296,True,walking_dual_task,P10,18,0.34
2026-04-03T17:25:20.177682,1225.7252071977857,92682,71,-3.8773860013943984,8.754008406348426,-1.4999388128930522,9.69105782794898,1.4219014648483466,True,walking_dual_task,P10,18,0.34
2026-04-03T17:25:20.177707,1201.305026935009,92682,73,-3.9280195642070193,8.7576619569516,-1.7399265818377094,9.75465658848203,0.06359876053305058,True,walking_dual_task,P10,18,0.34
2026-04-03T17:25:20.236072,1116.0866090320656,92690,71,-3.7900245477082266,8.21209934827158,-1.3760948860621498,9.148579065273463,0.6060775232085671,True,walking_dual_task,P10,18,0.34
2026-04-03T17:25:20.236238,1316.4295487309496,92690,71,-3.9938740221172924,8.168164585575914,-1.4685906722163646,9.210141202181475,0.06156213690801238,True,walking_dual_task,P10,18,0.34
2026-04-03T17:25:20.236269,1087.0019993250703,92697,69,-3.6731029475221773,8.0503728994588,-1.6547141837161536,9.002125755244048,0.20801544693742713,True,walking_dual_task,P10,18,0.34
2026-04-03T17:25:20.294083,1210.925652479216,92697,71,-3.3557461539882127,7.758906701126415,-1.6976278342966562,8.622273813244963,0.37985194199908534,True,walking_dual_task,P10,18,0.34
2026-04-03T17:25:20.294734,1116.6027104462323,92678,71,-3.604630866856311,7.586152326937035,-1.7821800652217572,8.585990717363915,0.036283095881048055,True,walking_dual_task,P10,18,0.34
2026-04-03T17:25:20.295330,1193.6642974155964,92678,72,-3.3732957485569943,7.558928992697816,-1.6149078021222,8.433531818475311,0.15245889888860376,True,walking_dual_task,P10,18,0.34
2026-04-03T17:25:20.355345,1246.4699616025048,92604,71,-3.5315618657659296,7.231463253706644,-1.647165200394716,8.214568960014457,0.21896285846085384,True,walking_dual_task,P10,18,0.34
2026-04-03T17:25:20.355701,1119.6993030567137,92604,71,-3.6184915248322183,7.056914690097823,-1.6403769669304251,8.098417280693612,0.11615167932084525,True,walking_dual_task,P10,18,0.34
2026-04-03T17:25:20.355935,1271.4187381239983,92570,71,-3.9553316148791575,7.105143177359501,-1.7796578782145893,8.324355225357221,0.2259379446636096,True,walking_dual_task,P10,18,0.34
2026-04-03T17:25:20.416105,1136.1928024354397,92570,70,-4.005387508079313,7.658481816197909,-2.250812177736917,8.930936584611977,0.606581359254756,True,walking_dual_task,P10,18,0.34
2026-04-03T17:25:20.416746,1094.9868197349115,92574,70,-4.091346760869988,7.5754660562860465,-2.2241668485449226,8.892340662490932,0.038595922121045234,True,walking_dual_task,P10,18,0.34
2026-04-03T17:25:20.417198,1200.4001917670091,92574,69,-3.745785033268598,7.886306454557712,-2.8588673788798804,9.186830666812204,0.2944900043212719,True,walking_dual_task,P10,18,0.34
2026-04-03T17:25:20.476539,1228.3623848714128,92592,71,-3.6983259958944372,7.822115461268063,-3.0585817290369457,9.177038065438984,0.009792601373220577,True,walking_dual_task,P10,18,0.34
2026-04-03T17:25:20.477460,1200.6885221857167,92592,71,-3.5226343670828504,7.742016504536992,-3.1345809696363918,9.06495285679319,0.11208520864579441,True,walking_dual_task,P10,18,0.34
2026-04-03T17:25:20.478111,1143.5772160019997,92611,73,-3.540603927350135,7.793543821532529,-2.9453698775411907,9.052646308347745,0.01230654844544432,True,walking_dual_task,P10,18,0.34
2026-04-03T17:25:20.599054,1080.3274200158182,92611,71,-3.688929785919419,7.09812278101587,-3.301631248845823,8.654034832560775,0.39861147578696965,True,walking_dual_task,P10,18,0.34
2026-04-03T17:25:20.599161,1197.1885591077091,92613,73,-3.603658874586053,7.670923421792198,-3.384200217320307,9.125910066305375,0.4718752337445995,True,walking_dual_task,P10,18,0.34
2026-04-03T17:25:20.600172,1251.6815055891896,92613,71,-3.872934907257802,7.494659974527893,-3.4926296656628337,9.130608682399794,0.00469861609441935,True,walking_dual_task,P10,18,0.34
2026-04-03T17:25:20.600251,1299.2241309106364,92620,70,-3.830171288301495,8.723498008775188,-3.390059293082573,10.112474060161999,0.9818653777622046,True,walking_dual_task,P10,18,0.34
2026-04-03T17:25:20.600279,1221.416246583288,92620,71,-3.6317992609615493,8.495738117446333,-3.484674094693437,9.874739772691681,0.23773428747031744,True,walking_dual_task,P10,18,0.34
2026-04-03T17:25:20.600306,1174.2435930224917,92631,72,-4.512265716042455,8.568768658155737,-3.4074752627136755,10.266217700554076,0.391477927862395,True,walking_dual_task,P10,18,0.34
2026-04-03T17:25:20.654518,1122.8817757303784,92631,70,-4.82952318723226,9.267844583168483,-4.044478635384683,11.206027166925063,0.9398094663709866,True,walking_dual_task,P10,18,0.34
2026-04-03T17:25:20.655375,1129.2458607472365,92642,72,-4.551199910155111,9.268570400507393,-3.7103647925895444,10.972083885272008,0.23394328165305467,True,walking_dual_task,P10,18,0.34
2026-04-03T17:25:20.715110,1095.7099873524937,92642,70,-4.410863182494939,10.109194806068212,-3.321378723381823,11.518814620691634,0.5467307354196258,True,walking_dual_task,P10,18,0.34
2026-04-03T17:25:20.715197,1176.5001419570694,92644,71,-4.402557340586228,9.961843727666052,-3.3215875449379584,11.386561614915896,0.13225300577573762,True,walking_dual_task,P10,18,0.34
2026-04-03T17:25:20.715586,1231.986567710826,92644,70,-4.359554247846075,10.218804683351648,-3.1762426298184465,11.555007556894036,0.1684459419781401,True,walking_dual_task,P10,18,0.34
2026-04-03T17:25:20.716219,1201.4497711501804,92647,71,-4.324127599275062,10.047375906861928,-3.476113233120366,11.477421544845184,0.07758601204885274,True,walking_dual_task,P10,18,0.34
2026-04-03T17:25:20.775289,1208.343733681622,92647,72,-4.242362300824945,10.04397088210329,-3.452593246614135,11.436756056616973,0.04066548822821048,True,walking_dual_task,P10,18,0.34
2026-04-03T17:25:20.775878,1173.1894008482252,92647,72,-4.1639999833551675,9.845093888500967,-3.186768340761952,11.154383084351354,0.28237297226561964,True,walking_dual_task,P10,18,0.34
2026-04-03T17:25:20.776037,1236.1815021728253,92647,71,-4.467305528102555,9.79154711824697,-3.3691792705971504,11.277525553404335,0.12314246905298099,True,walking_dual_task,P10,18,0.34
2026-04-03T17:25:20.835121,1189.4276270393793,92654,71,-4.3953204184472865,9.880327728031283,-3.5520868946512896,11.382312546283242,0.10478699287890691,True,walking_dual_task,P10,18,0.34
2026-04-03T17:25:20.835358,1228.7175105538254,92654,71,-4.38236525595417,10.067644077419612,-3.398927542190764,11.494141592274708,0.11182904599146681,True,walking_dual_task,P10,18,0.34
2026-04-03T17:25:20.835804,1115.9958666390228,92661,71,-4.179354380627998,10.084459912213692,-3.2010001743227345,11.375840051439436,0.11830154083527233,True,walking_dual_task,P10,18,0.34
2026-04-03T17:25:20.896139,1216.3551249275872,92661,71,-4.209797117420648,9.974126217130102,-3.335119159817865,11.328221633392836,0.04761841804659994,True,walking_dual_task,P10,18,0.34
2026-04-03T17:25:20.896254,1150.9442276011725,92609,72,-4.211968248280162,9.76801189914576,-3.3209726405475397,11.143769212687364,0.18445242070547252,True,walking_dual_task,P10,18,0.34
2026-04-03T17:25:20.896549,1162.2240062650706,92609,72,-4.314901464206634,9.814222235800829,-3.1744399775179866,11.180983941959864,0.03721472927250069,True,walking_dual_task,P10,18,0.34
2026-04-03T17:25:20.955919,1098.6049579329965,92594,71,-4.223538961436287,9.811965160656277,-3.2411920057601784,11.163255228243532,0.017728713716332223,True,walking_dual_task,P10,18,0.34
2026-04-03T17:25:20.955982,1157.0650207824838,92594,72,-2.9682190302525204,8.20932768480354,-3.768401541408779,9.508114188698363,1.6551410395451693,True,walking_dual_task,P10,18,0.34
2026-04-03T17:25:20.956007,1181.9513024451699,92615,72,-3.210253202187924,8.763202532224053,-4.15960054175753,10.217716031967488,0.7096018432691249,True,walking_dual_task,P10,18,0.34
2026-04-03T17:25:21.015674,1158.8860296962755,92615,70,-3.2875765413943037,8.866417698306707,-4.012615487521856,10.27241964519912,0.05470361323163253,True,walking_dual_task,P10,18,0.34
2026-04-03T17:25:21.016129,1221.9328456557641,92627,70,-2.9942464901483894,9.18736275567084,-4.594717049864259,10.69974631551454,0.42732667031541993,True,walking_dual_task,P10,18,0.34
2026-04-03T17:25:21.016362,1157.8402400219802,92627,73,-3.0487854045434957,9.23136116438258,-4.394250415721283,10.668765538069295,0.030980777445245522,True,walking_dual_task,P10,18,0.34
2026-04-03T17:25:21.076162,1182.7170711001718,92644,73,-2.6985438079145987,8.637991739113579,-4.345327631647008,10.038870065629082,0.6298954724402126,True,walking_dual_task,P10,18,0.34
2026-04-03T17:25:21.076205,1174.5379852952183,92644,71,-2.3215277772634613,8.135306300115255,-4.222947095883649,9.45547365243714,0.5833964131919416,True,walking_dual_task,P10,18,0.34
2026-04-03T17:25:21.076219,1278.0660564721434,92654,72,-2.2286942842244932,8.356748534955754,-4.059603150794584,9.554198136471808,0.09872448403466727,True,walking_dual_task,P10,18,0.34
2026-04-03T17:25:21.136405,1233.4978892436852,92654,72,-2.328520958537208,7.7964672777835515,-3.810501116232553,8.984811106790517,0.5693870296812911,True,walking_dual_task,P10,18,0.34
2026-04-03T17:25:21.136454,1155.0422933692062,92652,71,-2.4963969590320465,7.822881173119299,-3.5144946319779446,8.932028892922963,0.05278221386755355,True,walking_dual_task,P10,18,0.34
2026-04-03T17:25:21.136471,1194.0952314169567,92652,72,-2.8131419869041996,8.145248201411189,-3.6056005508938305,9.341262839342516,0.4092339464195529,True,walking_dual_task,P10,18,0.34
2026-04-03T17:25:21.194178,1132.3551212142406,92660,71,-3.142622255943824,8.165527408148897,-3.540609562110399,9.438634889012917,0.09737204967040114,True,walking_dual_task,P10,18,0.34
2026-04-03T17:25:21.194801,1173.1747280419124,92660,71,-2.973034693950918,8.091525179869393,-3.614578405731163,9.3475607555701,0.09107413344281667,True,walking_dual_task,P10,18,0.34
2026-04-03T17:25:21.195169,1167.1919166833038,92681,70,-3.0824199328546267,8.587297132241304,-3.7873159435287147,9.878600444190768,0.5310396886206679,True,walking_dual_task,P10,18,0.34
2026-04-03T17:25:21.315838,1150.6641505731213,92681,71,-3.1004730363088986,8.321893917317576,-3.762126391830011,9.644710799607715,0.23388964458305317,True,walking_dual_task,P10,18,0.34
2026-04-03T17:25:21.319276,1188.2203179053242,92706,74,-3.371784993640978,9.266784276869146,-3.782402116104066,10.561666092301927,0.9169552926942117,True,walking_dual_task,P10,18,0.34
2026-04-03T17:25:21.319312,1149.7772738042256,92706,70,-3.2538943539883687,8.8173711088185,-3.3593304062991587,9.980929942456797,0.58073614984513,True,walking_dual_task,P10,18,0.34
2026-04-03T17:25:21.319325,1192.41467376619,92726,71,-3.340187956311328,8.81656371477094,-3.2820804055064023,9.983020740653195,0.00209079819639868,True,walking_dual_task,P10,18,0.34
2026-04-03T17:25:21.319339,1118.6559130910123,92726,73,-3.2516943085305057,9.01658607420411,-3.0854807991255293,10.06938588353001,0.08636514287681507,True,walking_dual_task,P10,18,0.34
2026-04-03T17:25:21.319350,1100.6035632288012,92736,71,-3.2221668937943866,9.122458107287553,-3.0412681151840295,10.141543923837041,0.07215804030703055,True,walking_dual_task,P10,18,0.34
2026-04-03T17:25:21.375498,1192.3921436512337,92736,72,-4.715026635058793,10.153756982061184,-2.73850248052689,11.525174742966895,1.3836308191298539,True,walking_dual_task,P10,18,0.34
2026-04-03T17:25:21.435561,1200.544167244449,92739,71,-4.47606278421946,10.242883378186015,-2.6390954433359304,11.485496188951972,0.03967855401492315,True,walking_dual_task,P10,18,0.34
2026-04-03T17:25:21.436082,1223.2472715598783,92739,70,-4.951005685684133,10.906847859617802,-3.242325602909933,12.409047620498976,0.9235514315470041,True,walking_dual_task,P10,18,0.34
2026-04-03T17:25:21.436532,1244.5596617710669,92728,70,-5.139026364755645,10.944738627877689,-3.0669633388793622,12.474099555969628,0.06505193547065247,True,walking_dual_task,P10,18,0.34
2026-04-03T17:25:21.437466,1177.7227250901194,92728,72,-4.4890515801809885,9.36724718163747,-3.5984957179110095,10.993001195453607,1.4810983605160217,True,walking_dual_task,P10,18,0.34
2026-04-03T17:25:21.437967,1098.7896329618693,92681,71,-4.665570431265641,9.346303484784887,-3.5341432039383895,11.027742491768034,0.03474129631442757,True,walking_dual_task,P10,18,0.34
2026-04-03T17:25:21.495138,1206.6883093984397,92681,70,-4.468133042027535,8.82065788573226,-3.0531951261530295,10.348440408909623,0.6793020828584115,True,walking_dual_task,P10,18,0.34
2026-04-03T17:25:21.556010,1048.9617137116581,92620,72,-4.434556196965921,8.699417469897375,-2.9414321290991894,10.197900565788112,0.15053984312151059,True,walking_dual_task,P10,18,0.34
2026-04-03T17:25:21.556050,1170.843717971877,92620,72,-4.7126818156117904,8.56707059505516,-2.679303765979905,10.138182142092877,0.0597184236952355,True,walking_dual_task,P10,18,0.34
2026-04-03T17:25:21.556063,1196.0573247907453,92610,70,-4.972046375523742,8.590823004628247,-2.8734559860746685,10.333452199585434,0.19527005749255721,True,walking_dual_task,P10,18,0.34
2026-04-03T17:25:21.617080,1094.6081317364012,92610,70,-5.047064673301131,8.572078326362064,-3.029317924130429,10.398565080588206,0.06511288100277213,True,walking_dual_task,P10,18,0.34
2026-04-03T17:25:21.617137,1244.5693025699309,92618,71,-4.724925778720773,8.44167777849122,-2.7090496885832516,10.046183232726028,0.3523818478621781,True,walking_dual_task,P10,18,0.34
2026-04-03T17:25:21.617144,1109.0810652986302,92618,71,-4.75869552814189,8.45282204324181,-3.111180945878379,10.186993202229447,0.14080996950341884,True,walking_dual_task,P10,18,0.34
2026-04-03T17:25:21.617149,1167.686281566042,92619,70,-4.665929017953826,8.1841314797391,-2.8302403558654423,9.83672517407137,0.35026802815807656,True,walking_dual_task,P10,18,0.34
2026-04-03T17:25:21.617547,1185.2245232370203,92619,70,-4.647058368910133,7.828919437166548,-2.696049431916782,9.49504152581971,0.3416836482516601,True,walking_dual_task,P10,18,0.34
2026-04-03T17:25:21.675854,1251.4933458016346,92614,70,-4.66486523610877,7.770874924304494,-2.658869362427573,9.445477809337996,0.04956371648171398,True,walking_dual_task,P10,18,0.34
2026-04-03T17:25:21.675897,1263.4012315563655,92614,71,-4.281243558563554,7.550042464758764,-3.219739920636473,9.25737072736869,0.18810708196930648,True,walking_dual_task,P10,18,0.34
2026-04-03T17:25:21.675910,1199.2046598268091,92606,73,-4.541007645123961,7.758305953655941,-3.013325797528612,9.48114940635675,0.2237786789880598,True,walking_dual_task,P10,18,0.34
2026-04-03T17:25:21.740463,1176.3212948289924,92606,70,-4.27099623427666,7.4089402957459995,-3.1312787000511384,9.107069311064244,0.37408009529250563,True,walking_dual_task,P10,18,0.34
2026-04-03T17:25:21.740927,1197.7576725074534,92615,71,-4.267140223853413,7.611705570949265,-2.896420533515832,9.194335174215697,0.0872658631514529,True,walking_dual_task,P10,18,0.34
2026-04-03T17:25:21.741283,1154.9652506488667,92615,70,-4.192485879626712,7.390537350574997,-2.9878973822137813,9.006914618655681,0.18742055556001525,True,walking_dual_task,P10,18,0.34
2026-04-03T17:25:21.795269,1167.6372015778577,92629,70,-4.092274737439941,7.357891109307046,-2.9495710717871826,8.921056193670825,0.08585842498485619,True,walking_dual_task,P10,18,0.34
2026-04-03T17:25:21.795700,1181.127645866266,92629,71,-4.147661899988591,7.714756092160208,-3.1676644076996108,9.314218088382242,0.39316189471141705,True,walking_dual_task,P10,18,0.34
2026-04-03T17:25:21.796170,1119.2033591042166,92645,71,-4.403182919598623,7.427144905296682,-3.0264903360226065,9.149324839667555,0.16489324871468725,True,walking_dual_task,P10,18,0.34
2026-04-03T17:25:21.858989,1175.9307496860831,92645,70,-4.140985990789654,7.508075080596254,-2.8643595453686927,9.040105751424115,0.10921908824344051,True,walking_dual_task,P10,18,0.34
2026-04-03T17:25:21.859083,1185.0754328240237,92666,74,-4.284461310844848,7.534590565553966,-2.941261833048815,9.153015070740945,0.1129093193168309,True,walking_dual_task,P10,18,0.34
2026-04-03T17:25:21.859102,1154.2250403133844,92666,71,-4.320773825754187,7.340292146211483,-3.125687780790426,9.072976322466571,0.08003874827437407,True,walking_dual_task,P10,18,0.34
2026-04-03T17:25:21.928377,1128.945397041444,92682,70,-4.1249710348905255,7.629983680857982,-2.9357044788528888,9.15698628348879,0.08400996102221825,True,walking_dual_task,P10,18,0.34
2026-04-03T17:25:21.977244,1196.4509390271558,92682,72,-4.330060323423446,7.660239358508338,-2.9231920241520357,9.272202599393106,0.11521631590431625,True,walking_dual_task,P10,18,0.34
2026-04-03T17:25:21.977288,1192.2659767677426,92701,70,-4.376897803260106,7.461585725072283,-3.200278066528176,9.223571738534206,0.048630860858899894,True,walking_dual_task,P10,18,0.34
2026-04-03T17:25:21.977301,1151.9473594148376,92701,71,-3.9098747273272827,8.361751109791795,-3.2167151843310573,9.775134709179351,0.5515629706451453,True,walking_dual_task,P10,18,0.34
2026-04-03T17:25:21.977312,1147.4539557275382,92717,71,-4.287133177717365,8.359238035638818,-3.140765164912362,9.905593230144406,0.13045852096505506,True,walking_dual_task,P10,18,0.34
2026-04-03T17:25:21.977322,1174.660747966749,92717,72,-4.115715692612354,8.18858652935609,-3.174074860147329,9.698804886633553,0.20678834351085307,True,walking_dual_task,P10,18,0.34
2026-04-03T17:25:22.035684,1018.6223326352251,92705,72,-4.845340969189799,8.864462366787187,-3.00807863579263,10.540614746731212,0.8418098600976585,True,walking_dual_task,P10,18,0.34
2026-04-03T17:25:22.035720,1144.1135820839888,92705,71,-4.6552166944393285,8.802000045655642,-2.986041244797499,10.395320562230891,0.1452941845003206,True,walking_dual_task,P10,18,0.34
2026-04-03T17:25:22.035733,1202.571220165192,92631,71,-5.728944799805579,9.090116351563857,-3.2774325289635553,11.233547426618914,0.8382268643880231,True,walking_dual_task,P10,18,0.34
2026-04-03T17:25:22.100177,1146.2951792542979,92631,69,-4.584430539730789,9.171982753171935,-3.743222128149909,10.915767627554688,0.31777979906422615,True,walking_dual_task,P10,18,0.34
2026-04-03T17:25:22.100219,1090.8023232268356,92581,71,-4.487797438230646,9.147921748787345,-3.9529971196630065,10.92936340308026,0.01359577552557134,True,walking_dual_task,P10,18,0.34
2026-04-03T17:25:22.100234,1092.419533885401,92581,73,-3.5089975959687765,8.52478724269791,-3.8669303181772277,9.996910109999884,0.9324532930803748,True,walking_dual_task,P10,18,0.34
2026-04-03T17:25:22.155788,1135.9256553344567,92585,71,-3.3349033951150213,8.561794910332551,-3.9671402090248455,10.008202345047176,0.011292235047291044,True,walking_dual_task,P10,18,0.34
2026-04-03T17:25:22.155821,1210.9662343897096,92585,71,-3.2294912482407856,8.072724976924757,-3.898255571853407,9.528635724961616,0.47956662008555995,True,walking_dual_task,P10,18,0.34
2026-04-03T17:25:22.155834,1147.0529585391942,92606,71,-3.2654534225578318,8.867097999873934,-3.983705225838888,10.254682848369278,0.7260471234076622,True,walking_dual_task,P10,18,0.34
2026-04-03T17:25:22.224262,1082.2150119540186,92606,71,-3.1993183819939506,8.877953756847871,-4.123310816096162,10.298319916580045,0.04363706821076718,True,walking_dual_task,P10,18,0.34
2026-04-03T17:25:22.224298,1168.0248405581776,92629,71,-3.4992665472211426,9.369037247044547,-4.165810337085708,10.83409899666692,0.5357790800868756,True,walking_dual_task,P10,18,0.34
2026-04-03T17:25:22.224309,1177.3567148235645,92629,72,-3.7582443623094552,9.339491388194142,-4.042868844098037,10.848745944465746,0.014646947798825138,True,walking_dual_task,P10,18,0.34
2026-04-03T17:25:22.336595,1211.1775561569725,92649,70,-3.7110595649818365,8.676861733604202,-4.41893452906486,10.420502627565034,0.42824331690071205,True,walking_dual_task,P10,18,0.34
2026-04-03T17:25:22.336637,1174.3922740704827,92649,70,-3.6760146821735056,8.594782758769766,-4.337490403096444,10.305202453661693,0.11530017390334102,True,walking_dual_task,P10,18,0.34
2026-04-03T17:25:22.336653,1067.8236875620942,92643,72,-3.5068042025378694,8.777433686127784,-4.142568414006634,10.319975333983773,0.014772880322080795,True,walking_dual_task,P10,18,0.34
2026-04-03T17:25:22.337394,1142.8096019726063,92643,71,-3.1091696331936336,9.311874473872546,-4.524472790505464,10.809662162026935,0.4896868280431619,True,walking_dual_task,P10,18,0.34
2026-04-03T17:25:22.337420,1180.3041278222845,92645,71,-3.2090904335444064,9.136733385662795,-4.351800082824608,10.616794352921396,0.19286780910553958,True,walking_dual_task,P10,18,0.34
2026-04-03T17:25:22.337720,1170.808379265686,92645,71,-3.2364053872019163,9.050976180761909,-4.543536716126423,10.631943168857605,0.015148815936209203,True,walking_dual_task,P10,18,0.34
2026-04-03T17:25:22.396673,1238.2594290699913,92651,71,-2.5221870800684236,8.549052668063304,-4.726370704659619,10.088920121898528,0.5430230469590764,True,walking_dual_task,P10,18,0.34
2026-04-03T17:25:22.396717,1191.860082805818,92651,73,-2.0358179922321757,7.933158765434102,-4.24424052032995,9.224594326553921,0.8643257953446071,True,walking_dual_task,P10,18,0.34
2026-04-03T17:25:22.396726,1221.6654726157376,92663,71,-2.011468452943363,7.8579672625753165,-4.208270048697447,9.13800807833172,0.08658624822220062,True,walking_dual_task,P10,18,0.34
2026-04-03T17:25:22.454537,1212.7727787035192,92663,70,-2.1082537666479926,7.601840025846764,-4.480681027762437,9.072442239865826,0.06556583846589525,True,walking_dual_task,P10,18,0.34
2026-04-03T17:25:22.517428,1097.2603030286332,92691,72,-2.3404368955674886,7.57761413967568,-4.25296474645965,8.999199411424051,0.07324282844177432,True,walking_dual_task,P10,18,0.34
2026-04-03T17:25:22.517463,1165.9304730471486,92691,72,-2.435025010383721,8.218057772622542,-4.680183642331301,9.765753390358652,0.766553978934601,True,walking_dual_task,P10,18,0.34
2026-04-03T17:25:22.517476,1160.1390037827075,92728,72,-2.4060503005461498,8.187372681715681,-4.766253920236326,9.774422024356765,0.008668633998112796,True,walking_dual_task,P10,18,0.34
2026-04-03T17:25:22.517487,1054.2107429459,92728,73,-2.801410979398808,8.171298325032435,-4.9638074895560536,9.962801041150367,0.18837901679360236,True,walking_dual_task,P10,18,0.34
2026-04-03T17:25:22.517498,1168.3016640896276,92751,72,-2.9312030356205194,7.974527122257605,-4.748983617621577,9.733338556738444,0.22946248441192374,True,walking_dual_task,P10,18,0.34
2026-04-03T17:25:22.577885,1198.133886274706,92751,71,-2.7266500319779725,7.833590298532974,-4.763835762984447,9.565243778328131,0.16809477841031217,True,walking_dual_task,P10,18,0.34
2026-04-03T17:25:22.578493,1301.2144172485225,92765,71,-2.3932306813579043,8.512526234842847,-4.695554143115915,10.01193711047036,0.44669333214222817,True,walking_dual_task,P10,18,0.34
2026-04-03T17:25:22.578547,1160.6839043686375,92765,72,-2.8647379615404525,8.560855960848308,-4.724265309631152,10.188898914331581,0.1769618038612215,True,walking_dual_task,P10,18,0.34
2026-04-03T17:25:22.635439,1292.203202531769,92773,73,-2.7935731023838866,8.64723378497655,-4.510148170129024,10.14495634918755,0.04394256514403061,True,walking_dual_task,P10,18,0.34
2026-04-03T17:25:22.636415,1174.1438910664058,92773,72,-2.7028862550049255,8.643126019262375,-4.75230727879676,10.227103498276016,0.0821471490884651,True,walking_dual_task,P10,18,0.34
2026-04-03T17:25:22.636882,1132.9488619045403,92731,71,-2.910342790360948,9.114391580630029,-4.108183646265352,10.41246377731551,0.1853602790394948,True,walking_dual_task,P10,18,0.34
2026-04-03T17:25:22.703225,1156.6804511377468,92731,71,-3.1928624628528324,9.598646421089722,-3.5696139198751426,10.727093145897427,0.31462936858191703,True,walking_dual_task,P10,18,0.34
2026-04-03T17:25:22.703276,1135.2379099370746,92682,71,-3.1645027244266295,9.455764549676202,-3.733332789636097,10.64722191137147,0.07987123452595668,True,walking_dual_task,P10,18,0.34
2026-04-03T17:25:22.703787,1128.5320268865876,92682,71,-3.069328482350441,9.456540976307453,-3.5986077330374613,10.573406366229692,0.07381554514177857,True,walking_dual_task,P10,18,0.34
2026-04-03T17:25:22.755694,1192.031809915634,92679,68,-3.1936883793680013,9.453021518005734,-3.729565282694868,10.652179048545538,0.07877268231584544,True,walking_dual_task,P10,18,0.34
2026-04-03T17:25:22.756316,1234.0510947449725,92679,71,-3.080734774704615,9.388732679816053,-3.6254901271615334,10.525369672712973,0.1268093758325648,True,walking_dual_task,P10,18,0.34
2026-04-03T17:25:22.756522,1146.098352047387,92656,71,-3.0997259082737094,9.50873695741862,-3.7349354061977835,10.675866321768543,0.15049664905557059,True,walking_dual_task,P10,18,0.34
2026-04-03T17:25:22.814494,1186.7846268786534,92656,71,-3.1522057035637587,9.59252260458495,-3.570937374411996,10.710017948118741,0.03415162635019797,True,walking_dual_task,P10,18,0.34
2026-04-03T17:25:22.814895,1132.2649633163765,92667,69,-3.146775303112286,9.563837116705482,-3.6692030191929605,10.715979936487637,0.005961988368895277,True,walking_dual_task,P10,18,0.34
2026-04-03T17:25:22.815188,1256.3996703754715,92667,70,-3.162276729179786,9.432128505068691,-3.584943345773405,10.574349201745058,0.14163073474257892,True,walking_dual_task,P10,18,0.34
2026-04-03T17:25:22.875577,1233.7192002949662,92681,71,-3.2622739953863085,9.51664877258051,-3.6940623733707416,10.717048674891112,0.14269947314605425,True,walking_dual_task,P10,18,0.34
2026-04-03T17:25:22.875615,1153.4437377543613,92681,72,-3.100381202834693,9.419813044267176,-3.6452817547165592,10.565667061908877,0.15138161298223451,True,walking_dual_task,P10,18,0.34
2026-04-03T17:25:22.876118,1136.4591966755509,92670,71,-3.0743445668370866,9.52793305383641,-3.670006200713978,10.66311625685982,0.09744919495094173,True,walking_dual_task,P10,18,0.34
2026-04-03T17:25:22.935112,1271.161829279571,92670,70,-3.515244542719103,9.506620974195867,-3.6327882985919717,10.767076546794119,0.10396028993429951,True,walking_dual_task,P10,18,0.34
2026-04-03T17:25:22.935157,1226.9777771528973,92656,73,-3.235984177943825,9.467287480151509,-3.6228535763404577,10.640779758426499,0.12629678836762004,True,walking_dual_task,P10,18,0.34
2026-04-03T17:25:22.935555,1129.2598197463024,92656,72,-5.660329878987707,8.003633147117474,-2.03814809629111,10.012568379542465,0.6282113788840338,True,walking_dual_task,P10,18,0.34
2026-04-03T17:25:23.054509,1170.9106345831328,92652,71,-4.909367639731491,7.999253751104281,-2.116883924762756,9.621390167097353,0.3911782124451122,True,walking_dual_task,P10,18,0.34
2026-04-03T17:25:23.055852,1169.213514053949,92652,70,-5.020682568010559,8.158420751533535,-2.188653107681638,9.826356651045321,0.20496648394796857,True,walking_dual_task,P10,18,0.34
2026-04-03T17:25:23.056119,1325.7274680156372,92650,70,-4.268606327586967,7.335265924339313,-2.380568097071545,8.814433085881575,1.0119235651637464,True,walking_dual_task,P10,18,0.34
2026-04-03T17:25:23.056456,1218.1003456921806,92650,72,-4.287725377724,7.446806903295921,-2.207313771880099,8.871964610912611,0.05753152503103642,True,walking_dual_task,P10,18,0.34
2026-04-03T17:25:23.114183,1185.7692497832993,92657,73,-3.6292159284202246,6.445073033145805,-2.2311873448369774,7.7258249802492305,1.1461396306633809,True,walking_dual_task,P10,18,0.34
2026-04-03T17:25:23.114755,1228.2492243873262,92657,72,-3.4664506044541343,6.470656567337619,-2.010535109247009,7.611039852153237,0.11478512809599373,True,walking_dual_task,P10,18,0.34
2026-04-03T17:25:23.115864,1173.3569431443889,92674,72,-3.343420365876082,6.598668511211617,-2.0802184990531356,7.684282326126076,0.07324247397283923,True,walking_dual_task,P10,18,0.34
2026-04-03T17:25:23.116424,1150.1846206889393,92674,72,-3.7330608177773392,6.783469409905704,-2.077940366807931,8.016797145516453,0.33251481939037664,True,walking_dual_task,P10,18,0.34
2026-04-03T17:25:23.117128,1127.7788550605037,92682,69,-3.634557792229283,6.899614019096932,-2.045588337514192,8.06220290020957,0.04540575469311747,True,walking_dual_task,P10,18,0.34
2026-04-03T17:25:23.175790,1102.972371690123,92682,71,-4.250078109304276,7.490722266431025,-2.083914745529741,8.860969736695258,0.7987668364856884,True,walking_dual_task,P10,18,0.34
2026-04-03T17:25:23.176657,1195.7122703378216,92702,70,-4.408894030128865,7.785530055560803,-2.2909505922143274,9.235869175714527,0.37489943901926814,True,walking_dual_task,P10,18,0.34
2026-04-03T17:25:23.176739,1170.8080406420768,92702,71,-4.295781547668698,7.859703734448502,-2.4047021944078812,9.27422635815973,0.038357182445203364,True,walking_dual_task,P10,18,0.34
2026-04-03T17:25:23.244457,1196.6419203397463,92692,71,-4.569394181852735,8.412866782460894,-3.3286103200714905,10.135844185437637,0.8616178272779074,True,walking_dual_task,P10,18,0.34
2026-04-03T17:25:23.244516,1236.6344065196051,92692,73,-4.684624981582447,8.28328004714328,-3.2937006032810916,10.070099464331152,0.06574472110648522,True,walking_dual_task,P10,18,0.34
2026-04-03T17:25:23.244536,1119.807777699612,92625,71,-4.659201366536474,8.362165025396177,-3.3645164006487316,10.14662169868024,0.07652223434908834,True,walking_dual_task,P10,18,0.34
2026-04-03T17:25:23.298606,1203.3490511627485,92625,71,-4.095730076451317,9.48307929929557,-3.9582594690002635,11.062170486835136,0.9155487881548954,True,walking_dual_task,P10,18,0.34
2026-04-03T17:25:23.298657,1162.3572982283565,92613,71,-4.239799843708684,9.119661756744772,-3.203404531431811,10.554900940517783,0.5072695463173531,True,walking_dual_task,P10,18,0.34
2026-04-03T17:25:23.298675,1124.874727416476,92613,72,-4.075151942658636,9.158100457738243,-3.2879807720275562,10.549335756672209,0.00556518384557414,True,walking_dual_task,P10,18,0.34
2026-04-03T17:25:23.361031,1210.000446009175,92606,71,-4.659832719012696,8.794421287272192,-3.109365520692943,10.427082079301075,0.12225367737113402,True,walking_dual_task,P10,18,0.34
2026-04-03T17:25:23.361079,1262.9130290397811,92606,71,-4.681885222504693,8.740848617162778,-3.0437791848326285,10.372418980685492,0.05466309861558294,True,walking_dual_task,P10,18,0.34
2026-04-03T17:25:23.362014,1250.7150931397005,92600,72,-5.31536043598696,9.709166552164097,-3.5035497711584287,11.610160752595196,1.237741771909704,True,walking_dual_task,P10,18,0.34
2026-04-03T17:25:23.418825,1151.82088478349,92600,71,-4.482008694535263,9.66767084906825,-4.396707829983631,11.527501955152863,0.08265879744233295,True,walking_dual_task,P10,18,0.34
2026-04-03T17:25:23.418871,1220.2188386453668,92602,71,-4.471760223211078,9.661486047355185,-4.653348810750326,11.618717971086275,0.09121601593341211,True,walking_dual_task,P10,18,0.34
2026-04-03T17:25:23.418884,1198.4181483661641,92602,72,-3.1201713298613587,8.195766540755221,-4.713150647417244,9.955895105087295,1.6628228659989794,True,walking_dual_task,P10,18,0.34
2026-04-03T17:25:23.474654,1088.4317413714305,92605,71,-3.0655166685159774,8.49176594662847,-4.505370573447992,10.089888271995846,0.13399316690855123,True,walking_dual_task,P10,18,0.34
2026-04-03T17:25:23.537958,1147.2665460292774,92605,71,-2.966200292378545,7.691137623616831,-4.259864000311462,9.278921457856539,0.8109668141393076,True,walking_dual_task,P10,18,0.34
2026-04-03T17:25:23.537990,1078.5939724737677,92624,71,-2.8874216844566947,7.5649073210652675,-4.453402322927042,9.241094037506036,0.037827420350502905,True,walking_dual_task,P10,18,0.34
2026-04-03T17:25:23.538003,1109.8024393120313,92624,72,-2.7076594661295026,8.0829830136844,-4.582982495659058,9.67831404427179,0.4372200067657541,True,walking_dual_task,P10,18,0.34
2026-04-03T17:25:23.538014,1139.167444771719,92645,71,-2.949142533987081,8.25524639658882,-4.705515091807885,9.949291785519017,0.2709777412472274,True,walking_dual_task,P10,18,0.34
2026-04-03T17:25:23.538024,1294.2031993341436,92645,71,-3.009311377876341,8.331758130396008,-4.626061442859672,9.993727682178902,0.04443589665988412,True,walking_dual_task,P10,18,0.34
2026-04-03T17:25:23.595929,1192.6851750554174,92671,71,-3.8413105084617367,8.200563655345746,-4.522695507931537,10.12223717096474,0.1285094887858378,True,walking_dual_task,P10,18,0.34
2026-04-03T17:25:23.595958,1189.7180163825458,92671,72,-3.7792492237976276,8.450704059582273,-4.508342809839003,10.296712032937618,0.17447486197287887,True,walking_dual_task,P10,18,0.34
2026-04-03T17:25:23.595971,1117.5158292816864,92672,72,-3.61514968830103,8.620536471792116,-4.633272427456214,10.433128472196014,0.13641643925839553,True,walking_dual_task,P10,18,0.34
2026-04-03T17:25:23.661047,1214.9274524129196,92672,72,-3.596676963947686,8.703418768991243,-4.890385426224946,10.61138318356539,0.17825471136937665,True,walking_dual_task,P10,18,0.34
2026-04-03T17:25:23.662060,1158.538994288616,92681,71,-2.880187980642513,8.42412717799069,-5.243390087354096,10.332208917891768,0.2791742656736229,True,walking_dual_task,P10,18,0.34
2026-04-03T17:25:23.716642,1244.2614354997802,92681,72,-2.080665927915788,8.090134279964383,-5.100548901660616,9.787494187465748,0.5447147304260191,True,walking_dual_task,P10,18,0.34
2026-04-03T17:25:23.716671,1110.5875538348994,92695,71,-2.091498179158322,8.113771208383472,-4.7698087035525765,9.64151040677243,0.14598378069331908,True,walking_dual_task,P10,18,0.34
2026-04-03T17:25:23.716683,1211.1783373742162,92695,72,-2.241929377888994,8.25753608752745,-4.783307343335627,9.802712824165994,0.16120241739356445,True,walking_dual_task,P10,18,0.34
2026-04-03T17:25:23.716693,1168.1261320151057,92704,72,-2.0604868412409703,8.351048334591773,-4.969456497080968,9.933836730387483,0.1311239062214895,True,walking_dual_task,P10,18,0.34
2026-04-03T17:25:23.775272,1129.8769316522423,92704,71,-2.2020814082828677,8.10957377068809,-4.9460701654320145,9.750792755069405,0.18304397531807837,True,walking_dual_task,P10,18,0.34
2026-04-03T17:25:23.782608,1152.5941301546195,92728,72,-2.443425045765039,8.263928718008849,-4.708201532643056,9.819878078804527,0.06908532373512166,True,walking_dual_task,P10,18,0.34
2026-04-03T17:25:23.782626,1232.1863313521253,92728,71,-2.2532744706045733,8.123313723224392,-4.837000369746286,9.719158619074479,0.10071945973004759,True,walking_dual_task,P10,18,0.34
2026-04-03T17:25:23.836536,1140.9922239261407,92711,72,-1.9620006232163216,8.164324817864514,-4.840137096421047,9.691881823941666,0.027276795132813447,True,walking_dual_task,P10,18,0.34
2026-04-03T17:25:23.836577,1077.1656358603902,92711,72,-2.1430750697395435,8.20949147012512,-5.034285049294299,9.865725868386184,0.17384404444451818,True,walking_dual_task,P10,18,0.34
2026-04-03T17:25:23.836590,1058.7225833377638,92663,70,-2.2726341606626055,8.385829414989042,-4.988861797771309,10.018769537361763,0.1530436689755792,True,walking_dual_task,P10,18,0.34
2026-04-03T17:25:23.894559,1166.173490169125,92663,72,-2.154710557127698,8.205515760397962,-4.920356149379844,9.807301928454988,0.21146760890677463,True,walking_dual_task,P10,18,0.34
2026-04-03T17:25:23.895067,1183.5732076702163,92647,71,-1.986220674409717,8.13930636716173,-4.7703967430773275,9.641061445314765,0.1662404831402231,True,walking_dual_task,P10,18,0.34
2026-04-03T17:25:23.895518,1160.4895397639195,92647,71,-2.113447452699276,8.263314291745806,-4.801739699120416,9.788040016142178,0.14697857082741272,True,walking_dual_task,P10,18,0.34
2026-04-03T17:25:23.956328,1079.9213953442054,92655,70,-2.093911546799049,8.18112051636078,-5.031969558592653,9.830356865731824,0.04231684958964621,True,walking_dual_task,P10,18,0.34
2026-04-03T17:25:23.957070,1140.8005168977625,92655,68,-3.3276230071962867,9.837478655119039,-3.088528076076466,10.834577372683134,1.0042205069513095,True,walking_dual_task,P10,18,0.34
2026-04-03T17:25:23.957462,1201.031961525245,92674,72,-4.987162452156678,10.625521140075003,-2.9977407414599315,12.114451633292814,1.279874260609681,True,walking_dual_task,P10,18,0.34
2026-04-03T17:25:24.075494,1134.4542530905478,92674,74,-5.123283054418264,10.595141948307495,-2.861497532646101,12.111698076232505,0.0027535570603092197,True,walking_dual_task,P10,18,0.34
2026-04-03T17:25:24.075855,1106.3552256216249,92673,71,-5.435284490144104,11.417046119904827,-3.1321917534046007,13.026967596986287,0.9152695207537818,True,walking_dual_task,P10,18,0.34
2026-04-03T17:25:24.076054,1232.2816202183978,92673,70,-5.381573973432238,11.560756901280499,-2.98198095659197,13.095978351673658,0.06901075468737083,True,walking_dual_task,P10,18,0.34
2026-04-03T17:25:24.076434,1245.402580497846,92646,70,-4.99536919852629,9.797740489168326,-2.9813182218652177,11.39463428385041,1.701344067823248,True,walking_dual_task,P10,18,0.34
2026-04-03T17:25:24.076917,1321.4249794739515,92646,72,-4.31554680709211,8.217631191198077,-2.648050718318889,9.652231827175703,1.7424024566747072,True,walking_dual_task,P10,18,0.34
2026-04-03T17:25:24.135055,1130.811612077248,92649,71,-4.188754423225604,8.192844754893953,-2.8763667140378626,9.640635573939635,0.01159625323606761,True,walking_dual_task,P10,18,0.34
2026-04-03T17:25:24.194815,1135.7178133492396,92649,71,-4.024582716717286,8.36436988042467,-2.525186359834513,9.619590203961351,0.021045369978283546,True,walking_dual_task,P10,18,0.34
2026-04-03T17:25:24.194870,1212.9863060898654,92660,71,-4.149118247824961,8.267743806165885,-2.6138618862810388,9.612650198534277,0.00694000542707407,True,walking_dual_task,P10,18,0.34
2026-04-03T17:25:24.195605,1121.7270403912744,92660,70,-4.882517308136211,8.570880449155572,-2.2781747011756863,10.123687416502143,0.5110372179678659,True,walking_dual_task,P10,18,0.34
2026-04-03T17:25:24.196042,1098.9573818250012,92664,73,-5.239564372592799,8.317481899971897,-2.567766044770191,10.160067048576925,0.03637963207478201,True,walking_dual_task,P10,18,0.34
2026-04-03T17:25:24.196969,1149.8254456361688,92664,72,-5.269001262665056,8.432154752276444,-2.6275429347315367,10.284337117488992,0.12427006891206638,True,walking_dual_task,P10,18,0.34
2026-04-03T17:25:24.197535,1242.7850004478894,92665,71,-4.677893686424318,8.01869066046911,-3.042385831388124,9.769247708847097,0.5150894086418951,True,walking_dual_task,P10,18,0.34
2026-04-03T17:25:24.255452,1140.4816483388656,92665,71,-4.7917233034925495,8.097743603034408,-2.7754478573599743,9.810054764711678,0.04080705586458144,True,walking_dual_task,P10,18,0.34
2026-04-03T17:25:24.256162,1161.1357950509619,92660,70,-4.40552281723481,7.4594535611117205,-2.638690486810373,9.056200428918434,0.7538543357932443,True,walking_dual_task,P10,18,0.34
2026-04-03T17:25:24.256719,1283.3225983590291,92660,71,-3.9587751392624346,6.960626991579961,-2.89346225435844,8.514361546032141,0.5418388828862923,True,walking_dual_task,P10,18,0.34
2026-04-03T17:25:24.315795,1143.230955752511,92664,69,-4.1660584320644665,6.864629176609476,-2.7961270242967537,8.502793830720355,0.011567715311786131,True,walking_dual_task,P10,18,0.34
2026-04-03T17:25:24.377634,1142.2334064410416,92664,72,-4.053925792273242,7.2900882749104525,-2.8391142721415235,8.811371699997839,0.30857786927748343,True,walking_dual_task,P10,18,0.34
2026-04-03T17:25:24.377674,1204.2839372556443,92686,70,-4.012163789692727,7.349601971833213,-2.808880483209415,8.831982619358516,0.020610919360677826,True,walking_dual_task,P10,18,0.34
2026-04-03T17:25:24.377744,1149.2760104927677,92686,70,-4.253527487154562,7.323471245918844,-2.7647396549097465,8.9089568712173,0.07697425185878437,True,walking_dual_task,P10,18,0.34
2026-04-03T17:25:24.377756,1229.7925069394264,92697,70,-4.281780510632124,7.183361916309965,-2.920677149437437,8.858029564929632,0.05092730628766873,True,walking_dual_task,P10,18,0.34
2026-04-03T17:25:24.377767,1231.5294340747673,92697,73,-4.224227918590753,7.403254660911362,-2.6527466653468967,8.926888929129591,0.06885936419995886,True,walking_dual_task,P10,18,0.34
2026-04-03T17:25:24.436537,1094.327647089199,92661,71,-4.67199093349768,7.060494261266977,-2.8776545856534352,8.941978215719422,0.015089286589830664,True,walking_dual_task,P10,18,0.34
2026-04-03T17:25:24.437991,1202.5065383969163,92661,71,-4.291250020784278,7.445641480204919,-2.9279755484838814,9.078845995232468,0.13686777951304663,True,walking_dual_task,P10,18,0.34
2026-04-03T17:25:24.438033,1236.6536175435917,92607,71,-4.507370954712811,7.49177549672447,-2.8367742063426475,9.191864931257467,0.11301893602499824,True,walking_dual_task,P10,18,0.34
2026-04-03T17:25:24.494562,1214.5773957861427,92607,72,-4.011933511215638,7.3539540568825315,-2.9042825468008786,8.866290536679152,0.3255743945783145,True,walking_dual_task,P10,18,0.34
2026-04-03T17:25:24.494843,1194.0202664297015,92598,70,-3.833499550128832,7.319319988897583,-2.882669555334926,8.750882679248335,0.11540785743081727,True,walking_dual_task,P10,18,0.34
2026-04-03T17:25:24.495250,1182.5037387664922,92598,71,-3.719385175833971,7.414211609751757,-2.9293035416200954,8.796884625783113,0.04600194653477807,True,walking_dual_task,P10,18,0.34
2026-04-03T17:25:24.556605,1179.8140543952568,92613,71,-3.819858263520539,7.723596100323073,-2.732409309356636,9.039431094276383,0.24254646849326988,True,walking_dual_task,P10,18,0.34
2026-04-03T17:25:24.556644,1074.0986840093012,92613,72,-4.002656446905007,7.906100582748627,-2.8930501161391002,9.321878782250971,0.28244768797458875,True,walking_dual_task,P10,18,0.34
2026-04-03T17:25:24.556661,1293.1582679197395,92619,72,-4.2892874775090535,7.823712421903069,-2.793481397866588,9.34943856312148,0.02755978087050792,True,walking_dual_task,P10,18,0.34
2026-04-03T17:25:24.616226,1055.970202302195,92619,72,-4.322071910463347,7.796527918986673,-2.8120667530795016,9.347399243347319,0.0020393197741608304,True,walking_dual_task,P10,18,0.34
2026-04-03T17:25:24.616263,1289.6533454454511,92628,71,-4.589575254304257,8.738913040954298,-2.8435549580113273,10.27222502438074,0.9248257810334213,True,walking_dual_task,P10,18,0.34
2026-04-03T17:25:24.616279,1137.3987359115097,92628,71,-4.548350465225174,8.701403820734864,-3.0182247244321303,10.271883999208068,0.00034102517267164956,True,walking_dual_task,P10,18,0.34
2026-04-03T17:25:24.691710,1302.8831677587382,92619,71,-5.071803094278525,8.560656002498161,-3.3949471722094313,10.513500089044268,0.24161608983619942,True,walking_dual_task,P10,18,0.34
2026-04-03T17:25:24.691745,1135.42739026002,92619,71,-4.697660576284906,8.471298476743753,-3.309714017617412,10.236460308645546,0.2770397803987219,True,walking_dual_task,P10,18,0.34
2026-04-03T17:25:24.691753,1167.19056556602,92613,71,-4.602736992447597,8.483471520808921,-3.3573145036645924,10.218905887742494,0.017554420903051593,True,walking_dual_task,P10,18,0.34
2026-04-03T17:25:24.800261,1180.9452083568244,92613,72,-4.671380006002271,8.557799533816855,-3.3245920497572223,10.30100171433743,0.08209582659493542,True,walking_dual_task,P10,18,0.34
2026-04-03T17:25:24.800317,1196.3971497755647,92607,71,-4.8739098876984075,8.675958303276417,-3.4910053295565753,10.545822314290513,0.24482059995308347,True,walking_dual_task,P10,18,0.34
2026-04-03T17:25:24.800334,1160.9089010412579,92607,70,-4.632890310346673,8.438767368142289,-3.3496575799131794,10.19297175626407,0.35285055802644294,True,walking_dual_task,P10,18,0.34
2026-04-03T17:25:24.800346,1222.6904033798237,92612,70,-4.684706902857922,8.414562270438655,-3.5904322583048613,10.278255726058315,0.08528396979424535,True,walking_dual_task,P10,18,0.34
2026-04-03T17:25:24.800357,1194.5277810468615,92612,69,-4.726280818837015,8.669150198269396,-3.552843164066707,10.493549927794527,0.21529420173621183,True,walking_dual_task,P10,18,0.34
2026-04-03T17:25:24.800369,1161.8476483373506,92600,72,-4.572282254286135,8.535040743996488,-3.2422510181271935,10.211017440935395,0.28253248685913235,True,walking_dual_task,P10,18,0.34
2026-04-03T17:25:24.855939,1176.927014301611,92600,71,-4.747742672006663,8.383715043650811,-3.4769695639156493,10.242902701926134,0.031885260990739184,True,walking_dual_task,P10,18,0.34
2026-04-03T17:25:24.855977,1124.1581481371147,92613,72,-4.741643862116949,8.462923584374968,-3.3307665567685345,10.256620689379574,0.013717987453439662,True,walking_dual_task,P10,18,0.34
2026-04-03T17:25:24.855989,1151.1852108056653,92613,71,-4.582537008574964,8.434689247038673,-3.2413916610095512,10.131645869706029,0.12497481967354496,True,walking_dual_task,P10,18,0.34
2026-04-03T17:25:24.917257,1228.3205630279215,92630,71,-4.670101087235581,8.486538589146427,-3.288841916203611,10.229744011452498,0.09809814174646903,True,walking_dual_task,P10,18,0.34
2026-04-03T17:25:24.917298,1212.6999663719332,92630,71,-4.732317564694813,8.496235724143784,-3.3561642764310324,10.28808483945034,0.058340827997842126,True,walking_dual_task,P10,18,0.34
2026-04-03T17:25:24.917311,1169.920878993575,92646,71,-4.706196782385219,8.543650464813865,-3.280796479625632,10.291058106928126,0.0029732674777864787,True,walking_dual_task,P10,18,0.34
2026-04-03T17:25:24.976227,1177.5442067203276,92646,71,-2.681598725601941,7.74923237180498,-4.727566985255189,9.465276735386823,0.8257813715413036,True,walking_dual_task,P10,18,0.34
2026-04-03T17:25:24.976267,1114.3477148178279,92679,72,-3.593797900858736,7.821133144593803,-4.193846206867566,9.574646365508123,0.10936963012130008,True,walking_dual_task,P10,18,0.34
2026-04-03T17:25:24.976280,1125.8282164152429,92679,70,-3.322293549816059,7.7837914237520645,-4.044575337645824,9.379959116196531,0.19468724931159187,True,walking_dual_task,P10,18,0.34
2026-04-03T17:25:25.035892,1128.8555423136586,92654,72,-3.646769288241789,8.191221445914456,-4.232249482497348,9.91498717597615,0.5350280597796182,True,walking_dual_task,P10,18,0.34
2026-04-03T17:25:25.035924,1187.3392203287021,92654,70,-3.7355176098038387,8.156731677530912,-4.259836805085948,9.9313933100223,0.0164061340461501,True,walking_dual_task,P10,18,0.34
2026-04-03T17:25:25.035936,1036.4015957504544,92580,71,-3.216795746117648,7.987744701045178,-4.873173870054521,9.894425897903227,0.03696741211907195,True,walking_dual_task,P10,18,0.34
2026-04-03T17:25:25.095723,1203.7485538572626,92580,70,-2.509219757822158,7.816570241152859,-4.888623029789675,9.554767880765683,0.33965801713754473,True,walking_dual_task,P10,18,0.34
2026-04-03T17:25:25.095777,1173.1161475490744,92561,70,-2.466032613532955,7.849351136280435,-4.915188738420651,9.583981972329264,0.029214091563581235,True,walking_dual_task,P10,18,0.34
2026-04-03T17:25:25.096253,1169.3401672474454,92561,71,-2.408870176425612,7.192415978989948,-4.693715320736201,8.91989162791883,0.6640903444104342,True,walking_dual_task,P10,18,0.34
2026-04-03T17:25:25.157413,1228.4768883134377,92578,71,-2.3266752747509836,7.302465279719624,-4.7556580242320265,9.019739477340275,0.09984784942144564,True,walking_dual_task,P10,18,0.34
2026-04-03T17:25:25.157604,1096.2836479515763,92578,72,-2.559464190453491,7.767933272498883,-4.634192436345072,9.400392747395548,0.38065327005527294,True,walking_dual_task,P10,18,0.34
2026-04-03T17:25:25.157674,1184.2233825036171,92597,70,-2.5254969477153484,8.098772530506011,-4.689862304856417,9.693454480850026,0.2930617334544774,True,walking_dual_task,P10,18,0.34
2026-04-03T17:25:25.215342,1259.0086612449024,92597,72,-2.5483039738705733,7.984673301464852,-4.751021998400544,9.634369253026172,0.059085227823853614,True,walking_dual_task,P10,18,0.34
2026-04-03T17:25:25.215381,1229.258359020494,92626,71,-2.936603168615109,8.076233066721837,-4.438383841766744,9.672043726368674,0.03767447334250207,True,walking_dual_task,P10,18,0.34
2026-04-03T17:25:25.215387,1058.2706007025051,92626,71,-3.153778369394289,8.060899774161056,-4.594361470819905,9.799621446611267,0.12757772024259317,True,walking_dual_task,P10,18,0.34
2026-04-03T17:25:25.274502,1189.411091887889,92636,72,-3.0119036535852253,8.707888316068573,-4.811640387003064,10.394747027101843,0.595125580490576,True,walking_dual_task,P10,18,0.34
2026-04-03T17:25:25.274953,1213.8459548630158,92636,72,-3.122756733666287,8.947898099179397,-4.656132082760831,10.559169284705645,0.16442225760380147,True,walking_dual_task,P10,18,0.34
2026-04-03T17:25:25.275425,1125.149086261291,92650,71,-3.1907085506630444,9.081644133439953,-4.554995137354324,10.649171889073822,0.09000260436817697,True,walking_dual_task,P10,18,0.34
2026-04-03T17:25:25.335715,1108.808286061776,92650,71,-3.369954481659086,9.027178369632068,-4.244226605945407,10.52900764593806,0.12016424313576124,True,walking_dual_task,P10,18,0.34
2026-04-03T17:25:25.336293,1158.797040875608,92661,71,-3.1585153157038404,9.026843751147103,-4.344094265624138,10.503869862854726,0.025137783083334142,True,walking_dual_task,P10,18,0.34
2026-04-03T17:25:25.336324,1192.417975825923,92661,69,-3.1218555876216794,9.96145531427841,-3.8276846597950214,11.118801380686698,0.6149315178319714,True,walking_dual_task,P10,18,0.34
2026-04-03T17:25:25.397945,1143.9724976630403,92665,73,-3.14029514480213,9.713683587638899,-3.5588379311393212,10.811217778647748,0.3075836020389495,True,walking_dual_task,P10,18,0.34
2026-04-03T17:25:25.397991,1071.347047251011,92665,71,-4.947176193436218,10.105817338405249,-2.9864901230494194,11.641358151916208,0.8301403732684598,True,walking_dual_task,P10,18,0.34
2026-04-03T17:25:25.398005,1151.6823645890345,92672,71,-5.509723794511013,10.54899927865304,-3.1239581604431836,12.304371445182511,0.6630132932663031,True,walking_dual_task,P10,18,0.34
2026-04-03T17:25:25.515267,1224.368907462765,92672,71,-5.446995731547239,10.740838134045951,-3.2582225178532522,12.476032233731827,0.17166078854931577,True,walking_dual_task,P10,18,0.34
2026-04-03T17:25:25.576294,1172.4214104226553,92669,71,-5.299601180546322,10.032198960177391,-3.1707140109836147,11.780671287701738,0.6953609460300889,True,walking_dual_task,P10,18,0.34
2026-04-03T17:25:25.576963,1296.8973323026644,92669,71,-5.251138889350017,10.063709810581873,-3.0165308154798454,11.745304293528775,0.03536699417296241,True,walking_dual_task,P10,18,0.34
2026-04-03T17:25:25.577436,1156.1741664891836,92664,70,-4.851502179103076,8.6087572968538,-2.5510456127177936,10.205665549494661,1.5396387440341144,True,walking_dual_task,P10,18,0.34
2026-04-03T17:25:25.577651,1090.0147058573325,92664,72,-5.04657954889875,8.476092989073518,-2.8149569531094634,10.258464804767021,0.05279925527235996,True,walking_dual_task,P10,18,0.34
2026-04-03T17:25:25.578066,1145.5838786366805,92679,72,-4.250646834290396,8.1566070815151,-3.0370117303353386,9.686159086153792,0.5723057186132294,True,walking_dual_task,P10,18,0.34
2026-04-03T17:25:25.578205,1170.8434190520165,92679,72,-4.6025706117831495,8.22040487801698,-2.79575195461788,9.827255038245674,0.14109595209188264,True,walking_dual_task,P10,18,0.34
2026-04-03T17:25:25.639420,1204.2509536181624,92692,72,-4.496823221755526,7.549627568366552,-2.438424324015968,9.119441248931468,0.7078137893142067,True,walking_dual_task,P10,18,0.34
2026-04-03T17:25:25.639488,1190.1817791278079,92692,72,-4.478546074685369,7.583294666943058,-2.4235021636001646,9.13439082181956,0.014949572888092177,True,walking_dual_task,P10,18,0.34
2026-04-03T17:25:25.639501,1100.1761494169425,92659,71,-4.599882349692479,7.092740854639639,-2.2381175473457238,8.745002036467659,0.38938878535190113,True,walking_dual_task,P10,18,0.34
2026-04-03T17:25:25.639512,1263.6075337358507,92659,71,-4.746532701459781,7.259631156454744,-2.3538458115684757,8.98734706787459,0.24234503140693064,True,walking_dual_task,P10,18,0.34
2026-04-03T17:25:25.639522,1305.8327977908268,92590,71,-4.678453344039803,7.139744958674372,-2.297240992611978,8.839751124630727,0.1475959432438625,True,walking_dual_task,P10,18,0.34
2026-04-03T17:25:25.694900,1274.349528304192,92590,71,-5.151848704083051,7.313777262076826,-1.999943102581859,9.166932710705307,0.32718158607458037,True,walking_dual_task,P10,18,0.34
2026-04-03T17:25:25.694941,1105.0097278230278,92569,72,-5.053244684074623,7.152703758114034,-1.9227905560312317,8.966246506249421,0.20068620445588614,True,walking_dual_task,P10,18,0.34
2026-04-03T17:25:25.815856,1161.8437677729316,92569,71,-5.1166470598458025,7.2806523117634,-2.0674393845777628,9.135769306890236,0.1695228006408147,True,walking_dual_task,P10,18,0.34
2026-04-03T17:25:25.816678,1264.4938000626264,92568,71,-5.03336360718529,7.324511886389165,-2.028814235177003,9.115882336715977,0.019886970174258778,True,walking_dual_task,P10,18,0.34
2026-04-03T17:25:25.816711,1141.6235026479826,92568,71,-5.16318050390137,7.4148849717555425,-1.9016418026386153,9.233373901547367,0.1174915648313899,True,walking_dual_task,P10,18,0.34
2026-04-03T17:25:25.817529,1233.6051921595354,92574,71,-4.917417325141912,7.467594733649397,-1.8687208812935523,9.134444810048207,0.0989290914991603,True,walking_dual_task,P10,18,0.34
2026-04-03T17:25:25.818061,1222.6682271741313,92574,71,-4.921336880018012,7.273296208149853,-2.214813695202869,9.056809268311365,0.07763554173684106,True,walking_dual_task,P10,18,0.34
2026-04-03T17:25:25.878974,1231.1903830667666,92580,70,-5.1929706329651255,7.4219674207396,-1.8157984086253325,9.238488418032711,0.18167914972134547,True,walking_dual_task,P10,18,0.34
2026-04-03T17:25:25.879026,1156.9716152733563,92580,71,-5.069825526912556,7.38594421805554,-2.10779886676851,9.203158095366659,0.03533032266605218,True,walking_dual_task,P10,18,0.34
2026-04-03T17:25:25.879040,1122.6954394405102,92596,70,-4.962837407800359,7.249156425675612,-2.073339809662318,9.026558701216493,0.17659939415016623,True,walking_dual_task,P10,18,0.34
2026-04-03T17:25:25.879051,1060.7192661219945,92596,71,-4.989417731267543,7.247637245878126,-2.1699375144350412,9.062624551501587,0.03606585028509457,True,walking_dual_task,P10,18,0.34
2026-04-03T17:25:25.879064,1287.130189486173,92603,73,-5.138646204751267,7.3615210127045785,-1.944111196883572,9.185708725185211,0.12308417368362434,True,walking_dual_task,P10,18,0.34
2026-04-03T17:25:25.941443,1157.334225879773,92603,70,-5.0374398600882495,7.255223619227712,-1.9656090565800377,9.048629126686265,0.13707959849894635,True,walking_dual_task,P10,18,0.34
2026-04-03T17:25:25.941496,1192.2875517878401,92614,70,-5.100165057239981,7.298495701382504,-2.0020022971820497,9.126211498322444,0.0775823716361792,True,walking_dual_task,P10,18,0.34
2026-04-03T17:25:25.941514,1202.4737222039098,92614,72,-4.452103595808785,8.493094077625223,-3.9081601470223157,10.355075527198228,1.2288640288757833,True,walking_dual_task,P10,18,0.34
2026-04-03T17:25:25.997020,1116.805869855108,92631,71,-4.4033083120912835,8.595026356954879,-3.9682690303797465,10.440821867341299,0.08574634014307136,True,walking_dual_task,P10,18,0.34
2026-04-03T17:25:25.997063,1247.166363897511,92631,70,-4.6925469248316025,8.733100554408505,-3.943968529259162,10.669673364023069,0.22885149668177007,True,walking_dual_task,P10,18,0.34
2026-04-03T17:25:25.997082,1199.3154416070681,92630,71,-3.830454069120379,8.993178153248785,-3.92835555452234,10.534780920097893,0.1348924439251764,True,walking_dual_task,P10,18,0.34
2026-04-03T17:25:26.056801,1148.92706912704,92630,71,-4.107888731044899,8.995726993612099,-4.139505745566494,10.720697821868923,0.18591690177103004,True,walking_dual_task,P10,18,0.34
2026-04-03T17:25:26.056851,1181.6505766731354,92630,70,-4.370905666922707,8.646291141531268,-3.4874508782768885,10.296867508211095,0.4238303136578274,True,walking_dual_task,P10,18,0.34
2026-04-03T17:25:26.056864,1220.2394663020134,92630,72,-4.755543274595656,8.43603270043051,-3.7593425008088883,10.388190198377812,0.09132269016671657,True,walking_dual_task,P10,18,0.34
2026-04-03T17:25:26.115708,1126.5564919365108,92637,72,-4.826449497096807,8.401096466937197,-3.9915198081420344,10.478800836622524,0.09061063824471205,True,walking_dual_task,P10,18,0.34
2026-04-03T17:25:26.117390,1211.2857372042663,92637,72,-5.477077935698692,8.647529475663973,-4.547106843644894,11.200639686808826,0.7218388501863018,True,walking_dual_task,P10,18,0.34
2026-04-03T17:25:26.117425,1216.0865730906642,92637,72,-5.237131775827397,8.75854637276303,-4.370988186852419,11.10158644207326,0.09905324473556476,True,walking_dual_task,P10,18,0.34
2026-04-03T17:25:26.176467,1229.2545301679804,92637,71,-5.1972241895240705,8.769701508721372,-4.6756982778982055,11.215211019601204,0.11362457752794342,True,walking_dual_task,P10,18,0.34
2026-04-03T17:25:26.176551,1173.5940939164811,92636,70,-4.180903214333082,7.887423836436276,-5.572541704559216,10.523527332233026,0.6916836873681778,True,walking_dual_task,P10,18,0.34
2026-04-03T17:25:26.176564,1193.7150741124242,92636,71,-4.148562780408487,7.944509843210475,-5.442120724478382,10.485346335322255,0.03818099691077137,True,walking_dual_task,P10,18,0.34
2026-04-03T17:25:26.235948,1215.4463375924645,92622,71,-2.953510324856059,7.617213275049827,-5.089876924234302,9.62559132835378,0.8597550069684754,True,walking_dual_task,P10,18,0.34
2026-04-03T17:25:26.235979,1139.0061949511203,92622,71,-2.919071264849096,7.717194443761364,-5.023501551986497,9.659794768777425,0.03420344042364576,True,walking_dual_task,P10,18,0.34
2026-04-03T17:25:26.235991,1240.1376336121978,92574,73,-2.90942798700002,7.960979111432281,-4.840714218766915,9.760864396761809,0.10106962798438346,True,walking_dual_task,P10,18,0.34
2026-04-03T17:25:26.311123,1176.6151378750565,92574,71,-2.805276692671621,7.8436532776981585,-4.753981630899117,9.591288516675844,0.16957588008596503,True,walking_dual_task,P10,18,0.34
2026-04-03T17:25:26.357557,1198.172866385678,92556,71,-2.716950872001875,8.079556284243473,-4.5891016566569425,9.680955831231824,0.08966731455597987,True,walking_dual_task,P10,18,0.34
2026-04-03T17:25:26.357598,1156.0851071083691,92556,72,-3.3576176418366437,7.684062575224473,-4.531437260605854,9.531649255797504,0.1493065754343199,True,walking_dual_task,P10,18,0.34
2026-04-03T17:25:26.357611,1226.1459288624078,92590,71,-3.2363231041669045,7.463324208340989,-4.43561990503363,9.265512366583065,0.26613688921443845,True,walking_dual_task,P10,18,0.34
2026-04-03T17:25:26.357622,1235.3160314370868,92590,70,-3.1983483443407765,7.788906794896528,-4.455658972349892,9.52624784840363,0.2607354818205643,True,walking_dual_task,P10,18,0.34
2026-04-03T17:25:26.357631,1204.3327271981732,92606,72,-3.75883143798252,8.358738060420684,-4.572776292437994,10.242441054874275,0.7161932064706455,True,walking_dual_task,P10,18,0.34
2026-04-03T17:25:26.420698,1095.764561848312,92606,71,-3.884694731056369,8.370238624113792,-4.613917229341814,10.316975330847734,0.07453427597345907,True,walking_dual_task,P10,18,0.34
2026-04-03T17:25:26.420731,968.6496499445083,92608,71,-3.735915830666402,8.321309828994707,-5.059604822059775,10.430765327595012,0.1137899967472773,True,walking_dual_task,P10,18,0.34
2026-04-03T17:25:26.420743,1128.9436182360487,92608,71,-3.171857812611111,8.015162829312128,-5.096947495767751,10.014109592890527,0.41665573470448436,True,walking_dual_task,P10,18,0.34
2026-04-03T17:25:26.534997,1236.2879058333765,92606,71,-3.2486051776440608,7.980590591350665,-5.268485395156408,10.099514847058096,0.0854052541675685,True,walking_dual_task,P10,18,0.34
2026-04-03T17:25:26.594594,1177.193194226653,92606,71,-2.8314810539947635,7.766476979887975,-4.789271997803043,9.553668191181934,0.5458466558761614,True,walking_dual_task,P10,18,0.34
2026-04-03T17:25:26.594625,1192.6201802674632,92604,72,-2.6656001965928273,7.501327240765405,-4.675512701191766,9.232321149100608,0.32134704208132625,True,walking_dual_task,P10,18,0.34
2026-04-03T17:25:26.595253,1215.7273096466783,92604,72,-2.851985962389134,7.402307354691304,-4.3012114990534425,9.02376852886704,0.20855262023356858,True,walking_dual_task,P10,18,0.34
2026-04-03T17:25:26.596007,1265.5126560543927,92612,73,-3.1012253341916387,7.581340316327523,-4.376058708030691,9.286776048852282,0.2630075199852424,True,walking_dual_task,P10,18,0.34
2026-04-03T17:25:26.596930,1098.6969581733863,92612,71,-2.947158961594806,7.272971434694454,-4.535945822110969,9.0640313291557,0.22274471969658194,True,walking_dual_task,P10,18,0.34
2026-04-03T17:25:26.655694,1057.443158964275,92630,70,-3.2444829746959285,7.605284640800958,-4.635993315608329,9.479422886603372,0.41539155744767164,True,walking_dual_task,P10,18,0.34
2026-04-03T17:25:26.656425,1088.2967985850191,92630,71,-3.4022761021514274,7.516996568504943,-4.356366124057128,9.330522273325236,0.1489006132781352,True,walking_dual_task,P10,18,0.34
2026-04-03T17:25:26.656919,1166.7373950919246,92648,70,-3.024680061565137,8.431944312537386,-4.510083551331802,10.029318421735095,0.6987961484098584,True,walking_dual_task,P10,18,0.34
2026-04-03T17:25:26.657135,1179.670573302903,92648,70,-3.040187935433706,8.64096896749781,-4.291835347776922,10.115776689530286,0.08645826779519084,True,walking_dual_task,P10,18,0.34
2026-04-03T17:25:26.657707,1206.7822448443958,92668,71,-3.597753309911929,8.510991210896808,-4.3044867609447275,10.193596349968612,0.07781966043832611,True,walking_dual_task,P10,18,0.34
2026-04-03T17:25:26.716956,1080.644951630113,92668,70,-3.549226268170374,8.666837317239601,-4.348786867024196,10.325842503203777,0.1322461532351653,True,walking_dual_task,P10,18,0.34
2026-04-03T17:25:26.717510,1141.3383674583843,92692,71,-3.5858022932620655,8.69777908129158,-4.173404282555461,10.292066961449928,0.033775541753849225,True,walking_dual_task,P10,18,0.34
2026-04-03T17:25:26.718254,1096.7841850219895,92692,72,-3.685647314918282,8.860359321911066,-4.239818886625002,10.49123575346216,0.19916879201223203,True,walking_dual_task,P10,18,0.34
2026-04-03T17:25:26.718894,1133.7444906783423,92699,72,-3.767224771533283,8.6282486588015,-4.154181562230756,10.290572474325314,0.20066327913684567,True,walking_dual_task,P10,18,0.34
2026-04-03T17:25:26.778158,1207.1745324597584,92699,71,-3.4965476333774554,8.858865937006332,-4.235725969916352,10.423373999552755,0.13280152522744082,True,walking_dual_task,P10,18,0.34
2026-04-03T17:25:26.779082,1179.042091295752,92709,70,-3.603548210673028,8.666727465986934,-4.247277940267288,10.302285890918492,0.12108810863426278,True,walking_dual_task,P10,18,0.34
2026-04-03T17:25:26.779286,1191.0134749518418,92709,71,-3.438747129250664,8.691913106522172,-4.048677545615236,10.186565914901381,0.11571997601711104,True,walking_dual_task,P10,18,0.34
2026-04-03T17:25:26.835678,1109.9616138488868,92700,70,-3.6423424333126015,8.963498258302964,-4.133494020867733,10.521251458294262,0.33468554339288126,True,walking_dual_task,P10,18,0.34
2026-04-03T17:25:26.836307,1181.8863676773965,92700,71,-3.639093134167182,8.864085248931323,-4.257740139058354,10.485387795938367,0.03586366235589544,True,walking_dual_task,P10,18,0.34
2026-04-03T17:25:26.836733,1148.4107226436786,92622,73,-3.7794439159693236,8.881758916985826,-4.34453679953169,10.585123418075947,0.09973562213757958,True,walking_dual_task,P10,18,0.34
2026-04-03T17:25:26.897706,1191.1714526109986,92622,70,-3.489966126822107,8.822305258460831,-4.221253686953953,10.384214767109436,0.200908650966511,True,walking_dual_task,P10,18,0.34
2026-04-03T17:25:26.897759,1142.602006687709,92573,71,-3.4711555833994616,8.778151272449453,-4.213926871797343,10.337409759075381,0.046805008034054296,True,walking_dual_task,P10,18,0.34
2026-04-03T17:25:26.897771,1126.047877802368,92573,70,-3.5517569495715797,8.8866618540593,-4.256317818647804,10.473966665526556,0.13655690645117424,True,walking_dual_task,P10,18,0.34
2026-04-03T17:25:26.981828,1241.9243423790806,92570,70,-3.4901934069785248,8.686323936529035,-4.159327786595964,10.24371422799284,0.23025243753371605,True,walking_dual_task,P10,18,0.34
2026-04-03T17:25:26.981865,1126.7675401410595,92570,71,-4.956900443460606,7.805185172022235,-2.823132860729942,9.667567259929923,0.5761469680629165,True,walking_dual_task,P10,18,0.34
2026-04-03T17:25:26.981878,1126.0136729824283,92579,69,-4.654478759381327,7.371552671366697,-2.4662964312663562,9.060164424288478,0.6074028356414445,True,walking_dual_task,P10,18,0.34
2026-04-03T17:25:27.016240,1254.886662630959,92579,71,-4.723759346840429,7.1364213972909,-2.3311945140527888,8.86999890580171,0.19016551848676855,True,walking_dual_task,P10,18,0.34
2026-04-03T17:25:27.016272,1088.4458447500701,92574,70,-4.734532076299797,7.15221713853518,-2.0504852962438065,8.818984858155732,0.05101404764597817,True,walking_dual_task,P10,18,0.34
2026-04-03T17:25:27.016284,1120.4859036393045,92574,70,-4.6244282831051775,7.051715741714251,-2.0861296918068106,8.686999996463776,0.1319848616919561,True,walking_dual_task,P10,18,0.34
2026-04-03T17:25:27.076831,1190.194019912171,92577,68,-4.978743979030281,7.410255240874575,-2.3872681607986155,9.241148392662147,0.5541483961983715,True,walking_dual_task,P10,18,0.34
2026-04-03T17:25:27.076880,1144.3885157698016,92577,69,-4.641480476271637,7.135476113425609,-2.8551448124215106,8.978319011751347,0.26282938091079977,True,walking_dual_task,P10,18,0.34
2026-04-03T17:25:27.076899,1182.2262487672222,92568,69,-4.669603610413109,7.116285106139402,-2.6918040448333747,8.927066741434498,0.051252270316849646,True,walking_dual_task,P10,18,0.34
2026-04-03T17:25:27.135876,1120.5738734133652,92568,69,-4.515907609584969,6.736130727133782,-2.961940463214408,8.633769166416839,0.2932975750176592,True,walking_dual_task,P10,18,0.34
2026-04-03T17:25:27.136553,1077.6283142659458,92575,69,-4.541810589077399,6.379120775420202,-3.059330318617509,8.407183077158814,0.22658608925802426,True,walking_dual_task,P10,18,0.34
2026-04-03T17:25:27.136954,1076.2922150626136,92575,69,-4.499413891445787,6.240680775820007,-2.7363119398741804,8.165673575677804,0.24150950148101025,True,walking_dual_task,P10,18,0.34
2026-04-03T17:25:27.255057,1105.2607214682807,92590,69,-4.585996712371105,6.522354558869744,-2.820269175786128,8.457327773083936,0.29165419740613174,True,walking_dual_task,P10,18,0.34
2026-04-03T17:25:27.327081,1199.7880972365256,92590,70,-4.578194471059233,6.648492400304462,-2.912454424062378,8.581649409290968,0.12432163620703207,True,walking_dual_task,P10,18,0.34
2026-04-03T17:25:27.327131,1175.922671292607,92602,69,-4.068753330453468,7.457959963318198,-3.0719658876023863,9.033985548644965,0.4523361393539975,True,walking_dual_task,P10,18,0.34
2026-04-03T17:25:27.327149,1156.3137496792124,92602,71,-4.041200843503142,7.271039010121523,-3.0644965970323663,8.865125601899978,0.1688599467449876,True,walking_dual_task,P10,18,0.34
2026-04-03T17:25:27.327163,1235.7221268427988,92622,70,-4.153037788328291,7.4824499567528715,-3.012155778181784,9.072368084388314,0.20724248248833632,True,walking_dual_task,P10,18,0.34
2026-04-03T17:25:27.327536,1088.972440599429,92622,68,-4.025613189586736,7.664200564815592,-2.892637251533459,9.127589063868584,0.055220979480269605,True,walking_dual_task,P10,18,0.34
2026-04-03T17:25:27.328731,1109.373619245639,92633,70,-4.882946799598891,7.988656361185963,-3.0868100263366762,9.858508814395949,0.7309197505273648,True,walking_dual_task,P10,18,0.34
2026-04-03T17:25:27.388843,1182.776916049306,92633,71,-4.628606274273391,8.496370068599232,-3.6801510893924525,10.35160917082887,0.4931003564329224,True,walking_dual_task,P10,18,0.34
2026-04-03T17:25:27.388883,1051.483594940133,92646,70,-4.452693532951096,8.562526685907688,-3.902372623169142,10.410180355561849,0.058571184732977954,True,walking_dual_task,P10,18,0.34
2026-04-03T17:25:27.388898,1186.7630429495312,92646,69,-4.489261359386146,8.54048908407122,-3.6744984345239655,10.324502898122326,0.08567745743952315,True,walking_dual_task,P10,18,0.34
2026-04-03T17:25:27.388910,1185.7984974497112,92652,70,-4.583072014489314,8.719432093951552,-3.5597247351091537,10.474000444948215,0.14949754682588967,True,walking_dual_task,P10,18,0.34
2026-04-03T17:25:27.388941,1104.73505266947,92652,71,-4.5996974301481215,8.486543566214213,-3.4312020792909825,10.24459788664708,0.22940255830113543,True,walking_dual_task,P10,18,0.34
2026-04-03T17:25:27.494935,1050.8934396819,92641,71,-4.974015524145142,8.798552447781063,-3.588924615386469,10.725471341890664,0.48087345524358405,True,walking_dual_task,P10,18,0.34
2026-04-03T17:25:27.555351,1201.2822347346537,92641,70,-5.986053922026556,8.823397105254712,-3.9516445704959344,11.371045371730636,0.6455740298399721,True,walking_dual_task,P10,18,0.34
2026-04-03T17:25:27.555738,1207.8884764084066,92589,70,-6.122689367277872,8.84021423623852,-3.835565734815736,11.41701700694469,0.04597163521405356,True,walking_dual_task,P10,18,0.34
2026-04-03T17:25:27.556104,1189.4133265272153,92589,71,-5.047933084041637,9.309984984477428,-4.883572100455704,11.66219213066337,0.24517512371867944,True,walking_dual_task,P10,18,0.34
2026-04-03T17:25:27.556285,1221.6866650506759,92525,69,-4.958053075508469,9.11164758301997,-4.821608750945734,11.43907002006322,0.22312211060014953,True,walking_dual_task,P10,18,0.34
2026-04-03T17:25:27.557087,1144.1922857562804,92525,71,-3.6934657907551407,8.261428699979396,-5.053161545926088,10.364715882335988,1.0743541377272319,True,walking_dual_task,P10,18,0.34
2026-04-03T17:25:27.557396,1172.6534559863276,92521,70,-3.640494991539613,7.5589352492634845,-4.75343817311859,9.64291866353979,0.7217972187961976,True,walking_dual_task,P10,18,0.34
2026-04-03T17:25:27.614385,1091.0999989109741,92521,69,-3.69518036711538,7.68711043361279,-4.752475261263256,9.763813080604976,0.12089441706518578,True,walking_dual_task,P10,18,0.34
2026-04-03T17:25:27.614978,1092.4328417873244,92539,70,-3.1361835640169007,8.541812239275428,-4.395862500968614,10.105533672481988,0.34172059187701187,True,walking_dual_task,P10,18,0.34
2026-04-03T17:25:27.615373,1187.972063268939,92539,70,-3.1320734232200365,8.611013814695694,-4.593467664167138,10.249848195318332,0.1443145228363445,True,walking_dual_task,P10,18,0.34
2026-04-03T17:25:27.616119,1162.321444539268,92550,70,-2.9785227779056145,7.840145664178844,-4.612915051812319,9.571753614112806,0.6780945812055261,True,walking_dual_task,P10,18,0.34
2026-04-03T17:25:27.616704,1164.1969411239402,92550,69,-2.88418886613997,7.909499450069737,-4.4249211095697865,9.510975438520255,0.060778175592551165,True,walking_dual_task,P10,18,0.34
2026-04-03T17:25:27.676020,1297.9117001982027,92567,69,-3.4103560720486565,7.612585339761638,-4.406087495946469,9.433747458738164,0.07722797978209073,True,walking_dual_task,P10,18,0.34
2026-04-03T17:25:27.676054,1152.8303138336978,92567,69,-3.902497675070978,8.352446629077425,-4.958314563638504,10.467938484129094,1.03419102539093,True,walking_dual_task,P10,18,0.34
2026-04-03T17:25:27.676066,1090.34153024286,92559,71,-3.6549993480264305,8.233906087944394,-4.912158146632005,10.260873615666677,0.20706486846241745,True,walking_dual_task,P10,18,0.34
2026-04-03T17:25:27.736703,1214.8600047195955,92559,70,-3.8657542495510513,8.371422079411927,-4.8965085627506895,10.440333311474225,0.17945969580754806,True,walking_dual_task,P10,18,0.34
2026-04-03T17:25:27.736732,1133.504150506457,92560,70,-3.9438497360251703,8.417968116615368,-4.913189175829578,10.514540685649926,0.07420737417570145,True,walking_dual_task,P10,18,0.34
2026-04-03T17:25:27.736745,1182.5011604642254,92560,71,-3.7060221322606273,8.512799667392459,-4.880504692517375,10.48912218804066,0.025418497609265955,True,walking_dual_task,P10,18,0.34
2026-04-03T17:25:27.799038,1252.363418608586,92567,70,-3.793436478445983,8.315624113230898,-4.810430055358909,10.328601165019982,0.16052102302067794,True,walking_dual_task,P10,18,0.34
2026-04-03T17:25:27.799098,1085.0475550284177,92567,71,-3.6905618112388208,8.26482411269096,-4.845693611674236,10.266854955365483,0.061746209654499395,True,walking_dual_task,P10,18,0.34
2026-04-03T17:25:27.799109,1113.2753149089444,92584,70,-3.970514885338533,8.335020487287839,-4.8852912090096625,10.445268075785798,0.17841312042031454,True,walking_dual_task,P10,18,0.34
2026-04-03T17:25:27.854889,1115.0479264714534,92584,70,-3.7748814121551924,8.500216608481754,-4.968640822268381,10.544705007142479,0.09943693135668141,True,walking_dual_task,P10,18,0.34
2026-04-03T17:25:27.916520,1361.2804339611387,92601,70,-3.775218480195452,8.386531484869296,-5.089152846993385,10.51121599150042,0.03348901564205953,True,walking_dual_task,P10,18,0.34
2026-04-03T17:25:27.916583,1275.5329673533995,92601,70,-3.8399200226894767,8.343420902175607,-4.7311413752674945,10.331570879797532,0.17964511170288766,True,walking_dual_task,P10,18,0.34
2026-04-03T17:25:27.916596,1157.4988416745302,92629,70,-3.8752957758948945,8.400715466388363,-4.946031474358987,10.490622719516473,0.15905183971894132,True,walking_dual_task,P10,18,0.34
2026-04-03T17:25:27.974655,1183.8805022936067,92629,70,-3.7673735208927996,8.28269304808541,-4.788270402422287,10.282200193608364,0.20842252590810872,True,walking_dual_task,P10,18,0.34
2026-04-03T17:25:27.977736,1072.3048166362385,92645,69,-3.761410260880192,8.389516440301922,-4.749581301393537,10.348464417066822,0.0662642234584574,True,walking_dual_task,P10,18,0.34
2026-04-03T17:25:27.977767,1195.9341255554527,92645,70,-3.578547436219203,8.195217416750415,-4.615857093966407,10.063484832452444,0.2849795846143781,True,walking_dual_task,P10,18,0.34
2026-04-03T17:25:27.977780,1214.0210480723865,92656,70,-3.4763797674542136,8.417200734848798,-4.293248838592381,10.0680916805708,0.0046068481183567656,True,walking_dual_task,P10,18,0.34
2026-04-03T17:25:27.977791,1180.2683173321473,92656,70,-3.2220089834412855,8.438495700099779,-4.417499293585281,10.055041102790444,0.013050577780356676,True,walking_dual_task,P10,18,0.34
2026-04-03T17:25:28.034644,1121.3935277623707,92667,70,-3.451308556514696,8.588765158052908,-4.304612767260761,10.208237299775094,0.15319619698465026,True,walking_dual_task,P10,18,0.34
2026-04-03T17:25:28.035022,1242.9146555056557,92667,69,-3.500185824948329,8.579286847738711,-4.167061758464585,10.15971787619172,0.04851942358337347,True,walking_dual_task,P10,18,0.34
2026-04-03T17:25:28.035407,1170.8908468540553,92630,70,-3.980531404647647,8.714755941153495,-3.45271038360591,10.183948662985117,0.024230786793395964,True,walking_dual_task,P10,18,0.34
2026-04-03T17:25:28.097854,1175.4956435178656,92630,69,-5.009054067859917,9.603499561832203,-3.18538894968052,11.290019010152378,1.106070347167261,True,walking_dual_task,P10,18,0.34
2026-04-03T17:25:28.098398,1251.9435448411928,92566,69,-5.241450708808706,9.69649585334567,-3.1931118976999917,11.475661242736923,0.18564223258454504,True,walking_dual_task,P10,18,0.34
2026-04-03T17:25:28.098904,1137.066028525981,92566,70,-5.852845456137077,9.743471252761644,-3.7757677991352026,11.97695514142903,0.5012938986921078,True,walking_dual_task,P10,18,0.34
2026-04-03T17:25:28.155562,1220.1496467138131,92539,70,-5.696092646652412,9.798985506100438,-3.314495295863511,11.808957085802094,0.1679980556269367,True,walking_dual_task,P10,18,0.34
2026-04-03T17:25:28.156137,1184.006953696151,92539,70,-5.038145576311759,9.002722567582826,-3.7494555590537573,10.976809257078942,0.8321478287231514,True,walking_dual_task,P10,18,0.34
2026-04-03T17:25:28.156172,1202.083293803422,92544,70,-4.6754161199005475,8.330030332651186,-3.133936063425916,10.053381345933131,0.9234279111458115,True,walking_dual_task,P10,18,0.34
2026-04-03T17:25:28.275933,1094.9789488671393,92544,70,-4.558720429192717,8.316840966133395,-3.1756335187701903,10.001821026844583,0.05156031908854786,True,walking_dual_task,P10,18,0.34
2026-04-03T17:25:28.277013,1262.157342729178,92542,70,-4.424279233632381,8.327736654528058,-3.399654328997075,10.024125601816323,0.022304574971739655,True,walking_dual_task,P10,18,0.34
2026-04-03T17:25:28.277100,1247.1364896691223,92542,69,-4.872289885551608,8.312105405712472,-2.9887350867047378,10.087757056106327,0.06363145429000383,True,walking_dual_task,P10,18,0.34
2026-04-03T17:25:28.277690,1148.0550834584703,92550,69,-5.0568194186455395,8.001320979373927,-3.0097488611302072,9.932328440745128,0.155428615361199,True,walking_dual_task,P10,18,0.34
2026-04-03T17:25:28.277986,1129.2389546191332,92550,71,-5.073477852184233,8.391167370489473,-2.8847271140083217,10.221228785154254,0.28890034440912693,True,walking_dual_task,P10,18,0.34
2026-04-03T17:25:28.278487,1142.8882364175058,92550,71,-5.383189176213804,7.813120407236731,-2.9076142653487933,9.92359798263434,0.29763080251991525,True,walking_dual_task,P10,18,0.34
2026-04-03T17:25:28.335788,1190.0034299387617,92550,71,-5.414243775278089,7.678577375205662,-2.8058290529132295,9.80547106667139,0.11812691596295011,True,walking_dual_task,P10,18,0.34
2026-04-03T17:25:28.336349,1146.1620026457945,92538,70,-5.090760127032705,7.413652423913744,-2.778878352872973,9.4127703591267,0.3927007075446891,True,walking_dual_task,P10,18,0.34
2026-04-03T17:25:28.336377,1150.888905929208,92538,70,-5.108557645952053,7.643557159066742,-2.799729892012264,9.610401382573084,0.19763102344638384,True,walking_dual_task,P10,18,0.34
2026-04-03T17:25:28.396051,1105.075159171608,92536,67,-4.8920920294472445,7.5772127354861505,-2.7326172004679097,9.424113434572392,0.18628794800069137,True,walking_dual_task,P10,18,0.34
2026-04-03T17:25:28.397537,1201.914609226411,92536,66,-4.611587561617137,7.6785762097883,-2.7449128161128367,9.368127818088801,0.055985616483591016,True,walking_dual_task,P10,18,0.34
2026-04-03T17:25:28.397572,1122.5923841455053,92551,69,-5.1504216053035705,7.2194897364982875,-2.8411783648517397,9.312366469844468,0.05576134824433332,True,walking_dual_task,P10,18,0.34
2026-04-03T17:25:28.455924,1116.6407682346953,92551,66,-4.9869921916064195,6.855072346591539,-3.0676060375172316,9.01511590594151,0.2972505639029581,True,walking_dual_task,P10,18,0.34
2026-04-03T17:25:28.455957,1223.7642086631456,92554,67,-5.051964644283218,6.960586813216305,-3.040085734622398,9.122183775021362,0.10706786907985233,True,walking_dual_task,P10,18,0.34
2026-04-03T17:25:28.455970,1195.683685301935,92554,66,-4.590960891099289,6.8229837328411875,-3.082321100070909,8.782410391581628,0.3397733834397343,True,walking_dual_task,P10,18,0.34
2026-04-03T17:25:28.516164,1134.2780190225837,92558,67,-4.6015746341420884,6.807692399961092,-3.111417786767474,8.786357924070753,0.003947532489124939,True,walking_dual_task,P10,18,0.34
2026-04-03T17:25:28.516215,1185.1501291887264,92558,67,-4.606013844255806,7.108711116457639,-2.520034389193585,8.837404064171947,0.051046140101194126,True,walking_dual_task,P10,18,0.34
2026-04-03T17:25:28.575232,1192.2559376852798,92562,68,-4.741354912131506,6.722028625702977,-2.560289049279315,8.615172387330585,0.22223167684136236,True,walking_dual_task,P10,18,0.34
2026-04-03T17:25:28.575435,1193.034985528823,92562,69,-4.743286622119314,6.915236955067797,-2.76134868442042,8.828607856353218,0.21343546902263277,True,walking_dual_task,P10,18,0.34
2026-04-03T17:25:28.575881,1239.365095251304,92577,66,-4.65635757354471,7.375670565797447,-2.9531700276159247,9.20887590099286,0.38026804463964226,True,walking_dual_task,P10,18,0.34
2026-04-03T17:25:28.637503,1131.1828234277248,92577,69,-4.290702201261071,7.193841045389574,-2.6878979152384312,8.796946604872709,0.4119292961201513,True,walking_dual_task,P10,18,0.34
2026-04-03T17:25:28.637557,1250.338478596245,92595,66,-4.541387140036421,7.4608570369585525,-3.2445680282020404,9.317500017239228,0.5205534123665192,True,walking_dual_task,P10,18,0.34
2026-04-03T17:25:28.637629,1188.3905445800822,92595,66,-4.575079286380901,7.453990607771878,-3.3220724269952413,9.355719730070211,0.038219712830983354,True,walking_dual_task,P10,18,0.34
2026-04-03T17:25:28.637641,1175.2211247044074,92560,68,-4.795664807715916,7.777189161194909,-3.851100838618557,9.915344162770198,0.5596244326999873,True,walking_dual_task,P10,18,0.34
2026-04-03T17:25:28.695196,1123.4261004669047,92560,69,-4.687971612294791,7.726748870870834,-4.008489371436929,9.886744307005637,0.028599855764561255,True,walking_dual_task,P10,18,0.34
2026-04-03T17:25:28.761507,1158.6166102122613,92501,69,-4.862301373602496,7.790366579177013,-4.061276505737405,10.041202763700646,0.1544584566950089,True,walking_dual_task,P10,18,0.34
2026-04-03T17:25:28.761546,1219.9142485808359,92501,67,-4.66677038653712,8.032249780283248,-3.7296245254029476,10.010288780749898,0.03091398295074832,True,walking_dual_task,P10,18,0.34
2026-04-03T17:25:28.761560,1127.9451619231472,92484,67,-5.008376395954408,7.794132509328011,-3.813270166427224,10.018650860204728,0.008362079454830251,True,walking_dual_task,P10,18,0.34
2026-04-03T17:25:28.761572,1163.788899823151,92484,67,-4.792608716193003,7.7298861386112385,-3.9033424808349326,9.897288545107388,0.12136231509733975,True,walking_dual_task,P10,18,0.34
2026-04-03T17:25:28.762136,1175.3425774851764,92488,66,-4.657418908504693,7.762281972563386,-3.9355378125153884,9.870817098124045,0.026471446983343583,True,walking_dual_task,P10,18,0.34
2026-04-03T17:25:28.816157,989.7615110435003,92488,66,-4.873937284140764,7.7405443825955595,-3.906209685312226,9.946344358320607,0.0755272601965622,True,walking_dual_task,P10,18,0.34
2026-04-03T17:25:28.816199,1145.0553668511645,92483,68,-4.874461352911187,7.827141924506865,-3.8322992152467457,9.98554162089261,0.039197262572002955,True,walking_dual_task,P10,18,0.34
2026-04-03T17:25:28.816211,1113.9480503223815,92483,68,-4.838199224372374,7.521942731336255,-3.9902594861022473,9.793363311684539,0.19217830920807089,True,walking_dual_task,P10,18,0.34
2026-04-03T17:25:28.874733,1175.7922231044572,92462,69,-4.879680789282991,7.855034740589343,-3.996597049086624,10.074008306227014,0.2806449945424756,True,walking_dual_task,P10,18,0.34
2026-04-03T17:25:28.874768,1094.1559017876398,92462,67,-4.753427063727001,7.802592663973055,-3.9492582618076737,9.953499984855307,0.12050832137170708,True,walking_dual_task,P10,18,0.34
2026-04-03T17:25:28.875373,1126.814583188487,92468,67,-4.824698548319607,7.876422631534475,-3.869942880764643,10.01459971507033,0.06109973021502313,True,walking_dual_task,P10,18,0.34
2026-04-03T17:25:29.003935,1169.2080670195328,92468,66,-4.9289879288122735,7.858326011554325,-3.8498498462584814,10.043383570539605,0.028783855469274755,True,walking_dual_task,P10,18,0.34
2026-04-03T17:25:29.003976,1220.9791450186383,92487,65,-4.974382604854091,7.8287384810767255,-3.9444197678738857,10.079289449646774,0.035905879107168914,True,walking_dual_task,P10,18,0.34
2026-04-03T17:25:29.003983,1191.8949726403514,92487,67,-3.3277408731736213,8.433983907021913,-4.944334371463515,10.327264218549386,0.24797476890261194,True,walking_dual_task,P10,18,0.34
2026-04-03T17:25:29.003989,1085.2293244322932,92504,67,-3.346900546413737,7.9550944027693475,-5.496924012457684,10.232372345809678,0.09489187273970856,True,walking_dual_task,P10,18,0.34
2026-04-03T17:25:29.004009,1316.1127115314644,92504,66,-3.4571849434072655,8.061118817110136,-5.47403862283008,10.339190643407465,0.10681829759778694,True,walking_dual_task,P10,18,0.34
2026-04-03T17:25:29.055076,1181.3079936698857,92535,68,-3.8857542846382707,7.991999799304263,-4.887007509955719,10.141695595659911,0.19749504774755344,True,walking_dual_task,P10,18,0.34
2026-04-03T17:25:29.056244,1239.111970022609,92535,65,-3.806575624020311,7.9661264313984095,-4.792887310063766,10.045942318636927,0.0957532770229843,True,walking_dual_task,P10,18,0.34
2026-04-03T17:25:29.056273,1110.795251736371,92541,66,-3.629923612390123,8.099696204020406,-4.750463100744712,10.067190457160676,0.02124813852374885,True,walking_dual_task,P10,18,0.34
2026-04-03T17:25:29.056717,1148.9572233756633,92541,69,-2.9377343693220683,7.955474535045615,-4.913961798426427,9.801371274411027,0.2658191827496488,True,walking_dual_task,P10,18,0.34
2026-04-03T17:25:29.115896,1208.222129386781,92548,68,-2.950587164031152,7.744207860173758,-5.146546188527286,9.755288702276687,0.04608257213434008,True,walking_dual_task,P10,18,0.34
2026-04-03T17:25:29.115925,1180.951329493303,92548,67,-2.795665865316978,7.35677764127122,-4.853277669743009,9.24620078914755,0.5090879131291359,True,walking_dual_task,P10,18,0.34
2026-04-03T17:25:29.115937,1216.8429383246419,92559,66,-2.6113931055095905,7.247860143718643,-4.770527160000612,9.061389518098853,0.184811271048698,True,walking_dual_task,P10,18,0.34
2026-04-03T17:25:29.177491,1136.170038914866,92559,67,-2.700212698599837,7.374999880994046,-4.504357076783798,9.053783989996353,0.007605528102500259,True,walking_dual_task,P10,18,0.34
2026-04-03T17:25:29.177527,1177.5147676688748,92570,67,-2.4637535245113384,7.206075394846457,-4.32791319664878,8.759476962894544,0.29430702710180867,True,walking_dual_task,P10,18,0.34
2026-04-03T17:25:29.177540,1128.381483376413,92570,67,-2.7521272209059595,7.304649748403187,-4.473974067539178,8.997141554066568,0.23766459117202388,True,walking_dual_task,P10,18,0.34
2026-04-03T17:25:29.239064,1198.3748469832758,92584,67,-2.905308310945075,7.273107717893612,-4.29151315959938,8.93062133654455,0.06652021752201698,True,walking_dual_task,P10,18,0.34
2026-04-03T17:25:29.239107,1198.0315126417627,92584,67,-3.091173319525745,7.465603725772828,-4.840415251072834,9.419140687156098,0.48851935061154705,True,walking_dual_task,P10,18,0.34
2026-04-03T17:25:29.239120,1209.557215873827,92562,67,-3.2942413092664804,7.425907998949789,-4.5314045810166474,9.302137544102584,0.11700314305351434,True,walking_dual_task,P10,18,0.34
2026-04-03T17:25:29.295010,1166.5864709172617,92562,66,-3.3013032156970983,7.9821780830730376,-4.934372088858772,9.947954452206345,0.645816908103761,True,walking_dual_task,P10,18,0.34
2026-04-03T17:25:29.296684,1213.915297762534,92508,68,-3.2186185163137178,7.887199405393942,-5.0300195373910395,9.89285177087677,0.055102681329573855,True,walking_dual_task,P10,18,0.34
2026-04-03T17:25:29.296916,1124.961292619858,92508,66,-3.2701329647649944,8.401551964940284,-4.890076181810477,10.256348769944632,0.3634969990678609,True,walking_dual_task,P10,18,0.34
2026-04-03T17:25:29.355312,1172.3760842644117,92506,67,-3.3436983764792476,8.39495415756223,-4.738930868987453,10.203579760137297,0.05276900980733501,True,walking_dual_task,P10,18,0.34
2026-04-03T17:25:29.355832,1144.3544582841678,92506,68,-3.264084580124497,8.257908007465968,-4.796371820130959,10.092198741747184,0.11138101839011227,True,walking_dual_task,P10,18,0.34
2026-04-03T17:25:29.356513,1168.4866150214239,92520,66,-3.5609770922771027,8.829687986049676,-4.9106020435681526,10.712514187295529,0.6203154455483446,True,walking_dual_task,P10,18,0.34
2026-04-03T17:25:29.414966,1202.1125550558506,92520,65,-3.312314483315156,8.702747257321136,-4.583529722438203,10.37872736792254,0.33378681937298893,True,walking_dual_task,P10,18,0.34
2026-04-03T17:25:29.415347,1269.2536447533353,92534,67,-3.8499396227487153,9.527618981367594,-4.506793864380382,11.220906803326692,0.8421794354041516,True,walking_dual_task,P10,18,0.34
2026-04-03T17:25:29.415947,1173.041088045758,92534,66,-5.431586568668929,9.931121751830924,-3.6108315746566815,11.88138950473267,0.6604827014059786,True,walking_dual_task,P10,18,0.34
2026-04-03T17:25:29.477316,1167.8000085844733,92535,67,-5.445120551768753,9.728797099906863,-3.7629934837008694,11.76685815300014,0.1145313517325306,True,walking_dual_task,P10,18,0.34
2026-04-03T17:25:29.477365,1220.2997212206044,92535,68,-5.300062527164956,9.751530951444552,-4.0413777154183315,11.811678649858333,0.04482049685819334,True,walking_dual_task,P10,18,0.34
2026-04-03T17:25:29.477378,1234.5170884635809,92523,67,-5.3218264871436824,9.90169293038635,-4.108132367860089,11.968379656360623,0.15670100650229024,True,walking_dual_task,P10,18,0.34
2026-04-03T17:25:29.535139,1132.4887744395082,92523,66,-4.4328232900976,8.674464116739879,-4.120548294604602,10.577105855668098,1.3912738006925256,True,walking_dual_task,P10,18,0.34
2026-04-03T17:25:29.535181,1123.3439857906021,92517,65,-4.677274591645642,8.995719936137018,-3.940870333959623,10.877974708747486,0.30086885307938793,True,walking_dual_task,P10,18,0.34
2026-04-03T17:25:29.595236,1093.9923831840256,92517,68,-4.934097972316189,8.094837796899181,-3.530675469690929,10.116194493523718,0.7617802152237676,True,walking_dual_task,P10,18,0.34
2026-04-03T17:25:29.595288,1138.9646845627867,92523,67,-4.924286260177904,7.936781999235966,-3.2107686965555886,9.876747404806615,0.23944708871710318,True,walking_dual_task,P10,18,0.34
2026-04-03T17:25:29.595891,1175.7631548214633,92523,66,-4.957413365114341,7.777081056223499,-3.2986915368837924,9.794912091652149,0.0818353131544658,True,walking_dual_task,P10,18,0.34
2026-04-03T17:25:29.666948,1220.3809774259012,92524,68,-5.003570289907906,7.997025797933446,-2.8742322104462863,9.861508406852833,0.06659631520068388,True,walking_dual_task,P10,18,0.34
2026-04-03T17:25:29.667828,1281.8036604442407,92524,70,-5.081022687511033,7.925469930168777,-3.0044093239690954,9.88212226958176,0.0206138627289274,True,walking_dual_task,P10,18,0.34
2026-04-03T17:25:29.667863,1195.3292937569188,92520,67,-5.524025416868744,7.656458145979503,-2.5142711559104183,9.770249105974264,0.11187316360749655,True,walking_dual_task,P10,18,0.34
2026-04-03T17:25:29.720241,1144.7777213667018,92520,67,-6.050035719799515,7.6491827307587155,-2.587363712889528,10.089964303314698,0.3197151973404342,True,walking_dual_task,P10,18,0.34
2026-04-03T17:25:29.722917,1146.939152912102,92528,67,-6.1873211537680275,7.715705300843547,-2.3522877397526174,10.166037033176744,0.07607272986204627,True,walking_dual_task,P10,18,0.34
2026-04-03T17:25:29.722951,1101.6524342146624,92528,68,-6.085172671708697,7.690094111322316,-2.388710941532024,10.093206321466896,0.07283071170984812,True,walking_dual_task,P10,18,0.34
2026-04-03T17:25:29.722965,1248.509183681842,92535,68,-6.013518250241548,7.806321853284941,-2.5232866592986887,10.171924016038309,0.07871769457141298,True,walking_dual_task,P10,18,0.34
2026-04-03T17:25:29.777364,1192.8559107639865,92535,69,-5.97429209838923,7.786392675282706,-2.5495673959191123,10.140038011610505,0.03188600442780398,True,walking_dual_task,P10,18,0.34
2026-04-03T17:25:29.777406,1244.2646670379156,92544,66,-5.927355756452009,7.91522950700794,-2.5015610283306824,10.200108430336257,0.06007041872575236,True,walking_dual_task,P10,18,0.34
2026-04-03T17:25:29.777415,1147.2637169506054,92544,67,-5.979933211882285,7.754926870850684,-2.323493558342298,10.064646755175907,0.13546167516035013,True,walking_dual_task,P10,18,0.34
2026-04-03T17:25:29.834767,1136.013548602616,92519,67,-6.120001866162813,7.791593585383968,-2.315881145053863,10.17480510475011,0.11015834957420267,True,walking_dual_task,P10,18,0.34
2026-04-03T17:25:29.835136,1199.4189782679484,92519,67,-6.153869948970488,7.84603596812106,-2.3976865962172687,10.255695821131367,0.08089071638125667,True,walking_dual_task,P10,18,0.34
2026-04-03T17:25:29.835321,1084.238293820854,92454,68,-6.083537958221655,7.847241622934088,-2.553748466141364,10.252329803812998,0.003366017318368719,True,walking_dual_task,P10,18,0.34
2026-04-03T17:25:29.895142,1119.8608091692438,92454,67,-6.158789277870495,8.001731653331744,-2.492521430006463,10.400531616229298,0.14820181241629982,True,walking_dual_task,P10,18,0.34
2026-04-03T17:25:29.895613,1253.0968799261339,92417,66,-5.984323879158259,7.8202193319868805,-2.512409423185529,10.162684871664403,0.2378467445648944,True,walking_dual_task,P10,18,0.34
2026-04-03T17:25:29.895638,1088.34259202041,92417,68,-5.8986127388428455,7.767536111732216,-2.4404395582092167,10.054053646523652,0.1086312251407513,True,walking_dual_task,P10,18,0.34
2026-04-03T17:25:30.019083,1206.5583651744025,92422,67,-6.391694068778999,7.856346871568649,-2.3685930680268066,10.401258210292434,0.3472045637687824,True,walking_dual_task,P10,18,0.34
2026-04-03T17:25:30.019383,1116.7827974249788,92422,67,-4.041828042760105,7.747058392902558,-3.594835476001012,9.44860464670839,0.952653563584045,True,walking_dual_task,P10,18,0.34
2026-04-03T17:25:30.019421,1270.7225964863617,92430,66,-4.045133832808348,8.26454346830795,-3.734017283179026,9.930189904325196,0.4815852576168069,True,walking_dual_task,P10,18,0.34
2026-04-03T17:25:30.019439,1234.284152038623,92430,67,-4.225891990194904,8.159969558631058,-3.5085842364299475,9.836332124054357,0.0938577802708398,True,walking_dual_task,P10,18,0.34
2026-04-03T17:25:30.020119,1174.8303278065778,92442,68,-4.701800884984751,7.656815988471304,-3.156590598382964,9.5235406676904,0.3127914563639571,True,walking_dual_task,P10,18,0.34
2026-04-03T17:25:30.020167,1173.7983135670515,92442,66,-4.744433288037139,7.620520750187652,-3.400065622942483,9.599084850598558,0.07554418290815867,True,walking_dual_task,P10,18,0.34
2026-04-03T17:25:30.078366,1110.346336162666,92450,67,-4.796932504104399,7.807502062028925,-3.5285652686569,9.81928830174015,0.22020345114159134,True,walking_dual_task,P10,18,0.34
2026-04-03T17:25:30.078466,1180.769474988849,92450,67,-4.66504262310787,8.23550927370827,-3.496646063714945,10.090231383255853,0.27094308151570345,True,walking_dual_task,P10,18,0.34
2026-04-03T17:25:30.078502,1122.4403168917515,92441,68,-4.639461211634681,8.279461747696665,-3.597091803606066,10.149539724017291,0.059308340761438316,True,walking_dual_task,P10,18,0.34
2026-04-03T17:25:30.134391,1130.2335125936963,92441,67,-5.354880735983992,8.226259392264197,-3.2488436134217817,10.339297660378044,0.18975793636075267,True,walking_dual_task,P10,18,0.34
2026-04-03T17:25:30.194295,1146.7422040177012,92429,68,-5.243206250638283,8.114873181483883,-3.3484113800552975,10.225176639470956,0.11412102090708842,True,walking_dual_task,P10,18,0.34
2026-04-03T17:25:30.259404,1198.6791096004963,92429,68,-5.852959330404103,8.101591850041526,-3.5951528775667954,10.621584045757984,0.39640740628702886,True,walking_dual_task,P10,18,0.34
2026-04-03T17:25:30.259570,1164.9728199752922,92424,65,-5.8424974348646685,8.16184170346185,-3.4927644339135835,10.627786206900332,0.0062021611423475065,True,walking_dual_task,P10,18,0.34
2026-04-03T17:25:30.259605,1237.953465141922,92424,66,-5.0570286224903525,8.69831753241084,-4.199695661622606,10.902830368009226,0.2750441611088945,True,walking_dual_task,P10,18,0.34
2026-04-03T17:25:30.259631,1152.1939619303066,92415,68,-5.007725869198878,8.826545207541828,-4.078095053478828,10.936913547570528,0.03408317956130169,True,walking_dual_task,P10,18,0.34
2026-04-03T17:25:30.259656,1167.8487255716202,92415,66,-4.943744327689364,8.11995132937312,-4.28938931145784,10.429433265244944,0.5074802823255844,True,walking_dual_task,P10,18,0.34
2026-04-03T17:25:30.259679,1146.3659386202116,92418,65,-4.827174985976976,8.241823740392025,-4.331667662250744,10.487736726726135,0.058303461481191476,True,walking_dual_task,P10,18,0.34
2026-04-03T17:25:30.314873,1193.6952369761518,92418,67,-4.6276967164856275,8.035347212098253,-5.012545131866945,10.5407775053717,0.05304077864556511,True,walking_dual_task,P10,18,0.34
2026-04-03T17:25:30.315573,1191.4362163469993,92428,66,-4.565014001379334,8.173648794430127,-5.040894446900292,10.632897266139112,0.09211976076741202,True,walking_dual_task,P10,18,0.34
2026-04-03T17:25:30.316174,1218.8084553542446,92428,68,-4.1929741555700435,9.02031497552856,-4.931182935760483,11.102417739977113,0.469520473838001,True,walking_dual_task,P10,18,0.34
2026-04-03T17:25:30.316232,1209.6140075804954,92448,68,-4.683341163575314,8.806368666774945,-4.600288173850905,10.984009506189759,0.11840823378735443,True,walking_dual_task,P10,18,0.34
2026-04-03T17:25:30.382012,1220.6435208433754,92448,68,-4.548053550101154,8.75418076014265,-4.785603690439254,10.964600975766754,0.019408530423005388,True,walking_dual_task,P10,18,0.34
2026-04-03T17:25:30.382082,1232.6280600288412,92439,68,-3.700705790038888,8.303028190698749,-4.4874496994920605,10.137687373629001,0.8269136021377523,True,walking_dual_task,P10,18,0.34
2026-04-03T17:25:30.382113,1109.7491577733526,92439,66,-3.778476418481757,8.476580161770743,-4.459526468564009,10.296439754000945,0.1587523803719435,True,walking_dual_task,P10,18,0.34
2026-04-03T17:25:30.435017,1163.8859058630142,92396,67,-3.4239568201627932,8.613949189740614,-4.337000457934183,10.233922704510407,0.0625170494905376,True,walking_dual_task,P10,18,0.34
2026-04-03T17:25:30.435076,1267.9896723136303,92396,65,-3.3326629572037545,8.789771254593564,-4.0548803907423245,10.23761574184263,0.003693037332222815,True,walking_dual_task,P10,18,0.34
2026-04-03T17:25:30.496622,1168.5587979222405,92345,66,-3.2366839323917853,8.756556682218141,-4.182984624433367,10.229895804716111,0.007719937126518417,True,walking_dual_task,P10,18,0.34
2026-04-03T17:25:30.496688,1146.6587139077067,92345,67,-2.8018499437258897,8.597883565856593,-4.262015922060866,9.996936762783086,0.2329590419330252,True,walking_dual_task,P10,18,0.34
2026-04-03T17:25:30.496713,1123.6441806139574,92335,68,-2.827704053186707,8.581051777102125,-4.105292742192507,9.923899854029893,0.07303690875319369,True,walking_dual_task,P10,18,0.34
2026-04-03T17:25:30.496734,1197.2353051875573,92335,68,-2.7184101002655665,7.909345885515971,-3.9971919401706613,9.26957653922333,0.6543233148065628,True,walking_dual_task,P10,18,0.34
2026-04-03T17:25:30.556517,1129.9107311571786,92355,68,-2.785736562050896,7.971585476707277,-3.6066602041417872,9.182292798301392,0.08728374092193825,True,walking_dual_task,P10,18,0.34
2026-04-03T17:25:30.558256,1169.421983115363,92355,67,-2.9118067664612735,7.862921150278822,-3.859367807003393,9.230323262510684,0.048030464209292134,True,walking_dual_task,P10,18,0.34
2026-04-03T17:25:30.558744,1325.8024722536056,92377,66,-2.9081489708321193,8.093896030495412,-3.598356881041951,9.322910255513738,0.09258699300305473,True,walking_dual_task,P10,18,0.34
2026-04-03T17:25:30.614612,1184.932415968654,92377,66,-2.90429593614628,7.956182107149181,-3.679506914254638,9.234421462056206,0.08848879345753247,True,walking_dual_task,P10,18,0.34
2026-04-03T17:25:30.735509,1186.9504289108481,92391,67,-3.256827423713092,8.097123295735699,-3.683202161654125,9.472925033895763,0.23850357183955673,True,walking_dual_task,P10,18,0.34
2026-04-03T17:25:30.736340,1149.9037519218464,92391,66,-3.1963303528262137,8.013609726670111,-3.8069369587153683,9.430123943162835,0.042801090732927705,True,walking_dual_task,P10,18,0.34
2026-04-03T17:25:30.736860,1141.1506867276698,92398,66,-3.541523168833174,8.05855949044898,-3.4439636321727343,9.452177152181179,0.022053209018343622,True,walking_dual_task,P10,18,0.34
2026-04-03T17:25:30.737432,1151.5338140966435,92398,66,-3.517470668419931,8.22552023439526,-3.7519032149279434,9.700956693225006,0.24877954104382738,True,walking_dual_task,P10,18,0.34
2026-04-03T17:25:30.738053,1147.795716597255,92401,68,-3.641448964096873,8.21381036689664,-3.77539255326792,9.745789872182336,0.04483317895732952,True,walking_dual_task,P10,18,0.34
2026-04-03T17:25:30.738542,1177.2906829694707,92401,67,-3.552414180237613,8.322737710761002,-3.83297871857321,9.827478586448901,0.08168871426656565,True,walking_dual_task,P10,18,0.34
2026-04-03T17:25:30.797589,1028.2169217411636,92412,66,-23.83075085432684,56.58543905425215,32.053317847007186,42.53743366075557,0.01169000933055564,True,walking_dual_task,P10,18,0.34
2026-04-03T17:25:30.797689,1042.1071500807861,92412,66,-3.583809448650229,8.485165737748451,-3.7547672367917753,9.94685904010808,0.1310704629897348,True,walking_dual_task,P10,18,0.34
2026-04-03T17:25:30.798997,1165.8080094009665,92427,68,-3.628896542373453,8.482408860377424,-3.726923182397363,9.95038223373104,0.0035231936229589422,True,walking_dual_task,P10,18,0.34
2026-04-03T17:25:30.854986,1155.8046467082538,92427,67,-3.4640069072440247,8.499401872772694,-3.6026824340586168,9.859944055064451,0.09043817866658799,True,walking_dual_task,P10,18,0.34
2026-04-03T17:25:30.855418,1173.9521009442917,92443,67,-3.533596428361739,8.393030471696294,-3.8825150640023374,9.899655925311668,0.03971187024721701,True,walking_dual_task,P10,18,0.34
2026-04-03T17:25:30.855614,1150.2711700932834,92443,67,-3.585700629904942,8.584028470248791,-3.7310612754067165,10.02315379639473,0.1234978710830621,True,walking_dual_task,P10,18,0.34
2026-04-03T17:25:30.855991,1264.8630131322984,92438,68,-3.5996612794421,8.450211732591596,-3.7370209103843663,9.916096254927812,0.1070575414669186,True,walking_dual_task,P10,18,0.34
2026-04-03T17:25:30.856692,1193.4132574110029,92438,67,-3.4438653169277953,8.421560705768572,-4.097793507202006,9.978717586431152,0.06262133150334037,True,walking_dual_task,P10,18,0.34
2026-04-03T17:25:30.915165,1215.1882684796908,92436,67,-3.3906409421129884,8.338807674403286,-3.6263340104037103,9.704764694933653,0.27395289149749935,True,walking_dual_task,P10,18,0.34
2026-04-03T17:25:30.915515,1153.1985794753675,92436,66,-3.6267786032935088,8.457808740726819,-3.634677073281399,9.89438877137239,0.18962407643873647,True,walking_dual_task,P10,18,0.34
2026-04-03T17:25:30.915677,1185.4318724425746,92446,68,-3.6319569579999422,8.627928262777397,-3.7126785365452317,10.07056301147661,0.17617424010422056,True,walking_dual_task,P10,18,0.34
2026-04-03T17:25:30.975574,1250.49928714212,92446,66,-3.4794176537663795,8.531179283603697,-3.6219136169337705,9.899779059497252,0.1707839519793577,True,walking_dual_task,P10,18,0.34
2026-04-03T17:25:30.976085,1085.2439523072649,92445,66,-4.5843355112681845,8.000838257290765,-3.320760795433337,9.800867163658994,0.09891189583825799,True,walking_dual_task,P10,18,0.34
2026-04-03T17:25:30.977172,1150.3028276007149,92445,68,-4.616160851871494,8.270295163028976,-3.2374485120130423,10.009385393814494,0.20851823015549975,True,walking_dual_task,P10,18,0.34
2026-04-03T17:25:31.047218,1116.1789254744072,92396,67,-4.677700993370869,8.373164407501006,-3.434102948537169,10.187434998054034,0.17804960423953986,True,walking_dual_task,P10,18,0.34
2026-04-03T17:25:31.047259,1199.0611414844689,92396,67,-5.040220601647871,7.663767028705836,-3.187208455086921,9.71058425223384,0.4768507458201938,True,walking_dual_task,P10,18,0.34
2026-04-03T17:25:31.047268,1158.168253165995,92332,66,-5.109780021285495,7.588784058536908,-2.876009779795095,9.590147423606652,0.12043682862718796,True,walking_dual_task,P10,18,0.34
2026-04-03T17:25:31.096601,1277.447304608402,92332,66,-5.517615297828384,8.010468143163408,-2.857692823941492,10.137952787593377,0.5478053639867255,True,walking_dual_task,P10,18,0.34
2026-04-03T17:25:31.096643,1200.553217654029,92307,65,-5.720800378432225,7.50751728235747,-3.1417918033160346,9.94792583658273,0.1900269510106476,True,walking_dual_task,P10,18,0.34
2026-04-03T17:25:31.096655,1189.08347282349,92307,68,-5.650458635704697,7.449379027717178,-3.350330191607222,9.932051302988583,0.01587453359414681,True,walking_dual_task,P10,18,0.34
2026-04-03T17:25:31.156793,1106.3129316822601,92307,66,-5.03496073705014,6.861733039633133,-3.5989563382858414,9.240492230163785,0.6915590728247984,True,walking_dual_task,P10,18,0.34
2026-04-03T17:25:31.156837,1226.1882632482661,92307,67,-5.0168259259509815,6.970684938795992,-3.7034459732593263,9.352780493740989,0.112288263577204,True,walking_dual_task,P10,18,0.34
2026-04-03T17:25:31.156853,1159.1418075382903,92323,67,-4.228845931752144,6.460275363993964,-3.80097548640002,8.60614375555846,0.746636738182529,True,walking_dual_task,P10,18,0.34
2026-04-03T17:25:31.217137,1142.2232095498662,92323,67,-3.9753630488802525,5.92389800374848,-3.4922012364745156,7.943018847091568,0.6631249084668918,True,walking_dual_task,P10,18,0.34
2026-04-03T17:25:31.217187,1104.0613699680623,92334,67,-4.08304032934471,6.011235468364704,-3.3725472148988342,8.011257385947793,0.06823853885622544,True,walking_dual_task,P10,18,0.34
2026-04-03T17:25:31.217278,1129.1670235290076,92334,67,-4.142740117609416,6.0139854959783445,-3.0973658430416697,7.9324644590145885,0.07879292693320483,True,walking_dual_task,P10,18,0.34
2026-04-03T17:25:31.276234,1193.3897885159051,92344,67,-4.0512652966755915,5.9946465148829216,-3.236733898277145,7.926221273135282,0.006243185879306168,True,walking_dual_task,P10,18,0.34
2026-04-03T17:25:31.276684,1269.9135857838803,92344,67,-4.0557109420203075,6.636792542768312,-2.9326688230072646,8.312421604226241,0.38620033109095875,True,walking_dual_task,P10,18,0.34
2026-04-03T17:25:31.277085,1213.7678307936058,92353,66,-3.9310269264510227,6.476994671591139,-3.051680438315492,8.168058898532772,0.1443627056934691,True,walking_dual_task,P10,18,0.34
2026-04-03T17:25:31.337159,1076.9832663585166,92353,66,-4.523328173754543,6.595289022192539,-2.919531191251786,8.513635970044003,0.3455770715112312,True,walking_dual_task,P10,18,0.34
2026-04-03T17:25:31.337212,1180.9675563444698,92370,67,-4.43505917201542,6.675518713416613,-3.1252746172778525,8.60230442299357,0.08866845294956605,True,walking_dual_task,P10,18,0.34
2026-04-03T17:25:31.337225,1247.2923160533817,92370,70,-4.406204641915994,7.059825900911487,-3.2694181454991194,8.941189859730171,0.3388854367366019,True,walking_dual_task,P10,18,0.34
2026-04-03T17:25:31.398826,1199.3270910380138,92394,67,-4.422965282884764,7.167676969857001,-3.639609959333536,9.175237091972186,0.2340472322420144,True,walking_dual_task,P10,18,0.34
2026-04-03T17:25:31.398876,1184.6698830690918,92394,68,-4.487797072139398,7.07045788288972,-3.688797518704777,9.150897462458142,0.024339629514043892,True,walking_dual_task,P10,18,0.34
2026-04-03T17:25:31.398894,1137.5998653821564,92405,66,-4.464240062121368,8.279773489076627,-4.022514924170202,10.230577436187927,1.0796799737297853,True,walking_dual_task,P10,18,0.34
2026-04-03T17:25:31.456633,1218.5756662315796,92405,67,-5.074563019115093,7.92326660692962,-4.240569179236551,10.320453988238476,0.08987655205054956,True,walking_dual_task,P10,18,0.34
2026-04-03T17:25:31.456670,1165.0377633663456,92423,66,-5.150391719793653,7.914965057241024,-4.263442203039939,10.360991561782466,0.04053757354398968,True,walking_dual_task,P10,18,0.34
2026-04-03T17:25:31.456686,1269.1152169310462,92423,67,-4.957223741256236,8.129356095034268,-4.063187311063331,10.352293893892858,0.00869766788960824,True,walking_dual_task,P10,18,0.34
2026-04-03T17:25:31.516028,1232.5464426351614,92427,68,-5.1381999726081125,7.964512223291473,-4.008088948294827,10.29074005749404,0.06155383639881862,True,walking_dual_task,P10,18,0.34
2026-04-03T17:25:31.516060,1203.5053015597673,92427,68,-5.234700481933606,9.00636569489171,-3.512896921753561,10.993505216651503,0.7027651591574635,True,walking_dual_task,P10,18,0.34
2026-04-03T17:25:31.516073,1152.6483206816965,92412,66,-5.1090581213517465,9.074087194644687,-3.7775309047296926,11.077512041950252,0.08400682529874892,True,walking_dual_task,P10,18,0.34
2026-04-03T17:25:31.576211,1244.0539251848438,92412,68,-6.716802259534172,8.530842717582932,-3.5482095340563515,11.422806177266141,0.34529413531588915,True,walking_dual_task,P10,18,0.34
2026-04-03T17:25:31.576254,1137.2384458338672,92388,67,-5.2519487325545695,8.852500384101166,-4.916297033352912,11.407002457264902,0.015803720001239085,True,walking_dual_task,P10,18,0.34
2026-04-03T17:25:31.576267,1097.067654772829,92388,65,-5.272519612412443,8.845106748746199,-4.838113350524589,11.377289538924183,0.029712918340718986,True,walking_dual_task,P10,18,0.34
2026-04-03T17:25:31.634724,1087.5314316220608,92319,68,-3.91390505107011,8.40971035510396,-4.905216068965305,10.492998889200852,0.8842906497233312,True,walking_dual_task,P10,18,0.34
2026-04-03T17:25:31.634765,1190.7709081703272,92319,69,-3.887557512535356,8.190399783463064,-4.8219069411669295,10.26871650088246,0.2242823883183913,True,walking_dual_task,P10,18,0.34
2026-04-03T17:25:31.635468,1152.40687442278,92314,67,-4.160873945436608,7.431377001862506,-4.206950913368146,9.499298506790554,0.7694179940919064,True,walking_dual_task,P10,18,0.34
2026-04-03T17:25:31.773863,1154.7596569418208,92314,67,-3.9143980134750307,7.5369105845110935,-4.2294070186172155,9.487645476931629,0.011653029858925024,True,walking_dual_task,P10,18,0.34
2026-04-03T17:25:31.773914,1219.8540384164926,92328,67,-3.903794648064069,8.123413484236545,-4.985919589842882,10.299944341913154,0.8122988649815248,True,walking_dual_task,P10,18,0.34
2026-04-03T17:25:31.774155,1133.5640500461184,92328,68,-3.7090308939742407,7.912181487221166,-4.941490624299662,10.038817442767956,0.26112689914519827,True,walking_dual_task,P10,18,0.34
2026-04-03T17:25:31.774646,1156.6652922034918,92360,68,-3.8142445693186,8.074285861529777,-5.096939653733627,10.282088680909068,0.24327123814111218,True,walking_dual_task,P10,18,0.34
2026-04-03T17:25:31.775060,1173.3952762703077,92360,67,-3.844910105370689,7.976899062840095,-5.297938626588621,10.319031256286637,0.0369425753775694,True,walking_dual_task,P10,18,0.34
2026-04-03T17:25:31.775421,1191.1574199340148,92358,68,-3.766577574885676,8.028711880271054,-5.114387033224995,10.237395948660831,0.08163530762580606,True,walking_dual_task,P10,18,0.34
2026-04-03T17:25:31.817657,1216.375631357851,92358,67,-3.6872307378712645,7.804111453891835,-5.239546470928174,10.097161646724503,0.1402343019363279,True,walking_dual_task,P10,18,0.34
2026-04-03T17:25:31.820304,1020.3737689300201,92357,67,-3.9189915221423988,7.981286609437338,-5.196764424205328,10.298824737478247,0.201663090753744,True,walking_dual_task,P10,18,0.34
2026-04-03T17:25:31.820902,1193.786719482545,92357,66,-3.8352553485066947,7.8347399795505535,-5.097815182371749,10.103467413172417,0.19535732430582975,True,walking_dual_task,P10,18,0.34
2026-04-03T17:25:31.886356,1061.1248891474672,92355,66,-3.7158868985290376,7.991340089891142,-5.1563734088289275,10.210657109424407,0.10718969625198937,True,walking_dual_task,P10,18,0.34
2026-04-03T17:25:31.886405,1119.303201477812,92355,66,-3.8132424342574267,8.068031710157085,-5.085325300849459,10.271050917699775,0.06039380827536789,True,walking_dual_task,P10,18,0.34
2026-04-03T17:25:31.886416,1071.8143320497738,92362,68,-3.701153163504561,7.967829924427652,-5.118785157868952,10.167930464787023,0.1031204529127514,True,walking_dual_task,P10,18,0.34
2026-04-03T17:25:31.934775,1218.6492827941115,92362,66,-3.976040294063047,7.894217157960262,-5.161475565583324,10.235643163532073,0.0677126987450496,True,walking_dual_task,P10,18,0.34
2026-04-03T17:25:31.935280,1181.173390388525,92385,67,-3.9431928371394402,7.865092432244635,-5.119056341000808,10.179056269662734,0.056586893869338795,True,walking_dual_task,P10,18,0.34
2026-04-03T17:25:31.935372,1138.6166851489843,92385,66,-3.4083547897250064,7.523024983757168,-4.332650377620603,9.326555986728,0.8525002829347343,True,walking_dual_task,P10,18,0.34
2026-04-03T17:25:31.995211,1220.7250139794785,92415,68,-3.4107063171116345,7.604882304223487,-4.3181564568311845,9.38688593881643,0.060329952088430616,True,walking_dual_task,P10,18,0.34
2026-04-03T17:25:31.995457,1161.4270627110657,92415,67,-3.3684169767612238,8.032030998552518,-4.5948688884387705,9.847465409585572,0.46057947076914196,True,walking_dual_task,P10,18,0.34
2026-04-03T17:25:31.995944,1034.3239627435341,92420,68,-3.485684118917815,8.08013720807466,-4.432336302638959,9.853132302870982,0.005666893285409813,True,walking_dual_task,P10,18,0.34
2026-04-03T17:25:32.056278,1135.5582335429528,92420,68,-3.633401113187718,8.430598997095867,-4.699218291900553,10.313062380014985,0.45993007714400314,True,walking_dual_task,P10,18,0.34
2026-04-03T17:25:32.056321,1244.5254876953268,92439,66,-3.8278090574376207,8.449656629334402,-4.792041304631529,10.440904137053982,0.12784175703899692,True,walking_dual_task,P10,18,0.34
2026-04-03T17:25:32.056334,1160.550292089155,92439,68,-3.9835520954065204,8.567783809734284,-4.478611350249075,10.456269235905436,0.015365098851454206,True,walking_dual_task,P10,18,0.34
2026-04-03T17:25:32.115288,1060.1614946808827,92461,67,-3.899106461603082,9.527992390498815,-4.497935851265824,11.234638272522202,0.7783690366167662,True,walking_dual_task,P10,18,0.34
2026-04-03T17:25:32.115818,1170.324608475479,92461,68,-3.882523312823259,9.522452404940323,-4.427356868425821,11.196096459006018,0.038541813516184575,True,walking_dual_task,P10,18,0.34
2026-04-03T17:25:32.177843,1188.6258117850114,92443,68,-4.894487385115267,9.865781746823554,-4.305374585625539,11.824800487177768,0.6287040281717502,True,walking_dual_task,P10,18,0.34
2026-04-03T17:25:32.177895,1109.8559037664538,92443,67,-4.811111022419324,9.996777038940037,-4.181330231628478,11.856047526146886,0.03124703896911818,True,walking_dual_task,P10,18,0.34
2026-04-03T17:25:32.177908,1164.3589066715003,92378,67,-5.478553026123842,9.976004192900522,-4.258023814976403,12.151788745930606,0.2957412197837197,True,walking_dual_task,P10,18,0.34
2026-04-03T17:25:32.235454,1144.989701795962,92378,68,-5.6474537138494965,10.064120815950226,-4.397154806075686,12.349705730773897,0.19791698484329068,True,walking_dual_task,P10,18,0.34
2026-04-03T17:25:32.235894,1128.1747515777602,92315,66,-5.558795483958136,10.023855847220986,-4.276074068113845,12.233670860143958,0.11603487062993878,True,walking_dual_task,P10,18,0.34
2026-04-03T17:25:32.236103,1106.690824285317,92315,66,-5.679171735918787,9.3708719939302,-4.212642754594135,11.73936082206006,0.4943100380838974,True,walking_dual_task,P10,18,0.34
2026-04-03T17:25:32.294351,1216.6264551022132,92307,67,-5.62940053073983,9.466115612946652,-4.148956436687218,11.7690838490808,0.029723027020740034,True,walking_dual_task,P10,18,0.34
2026-04-03T17:25:32.294958,1192.941637224336,92307,68,-5.405040668536849,8.927087878497499,-3.5028423403621343,11.008054645594193,0.7610292034866077,True,walking_dual_task,P10,18,0.34
2026-04-03T17:25:32.295232,1132.4505064762693,92314,67,-4.543529612607042,7.912333624747973,-3.0890447174043874,9.63280239577655,1.3752522498176436,True,walking_dual_task,P10,18,0.34
2026-04-03T17:25:32.357217,1055.2636313748683,92314,68,-4.579061052025577,7.833032000327038,-3.0390627109943584,9.56870380969551,0.06409858608103924,True,walking_dual_task,P10,18,0.34
2026-04-03T17:25:32.357268,1177.43119455676,92312,67,-4.421023607324779,7.273294848860637,-2.449395088569548,8.856963587759312,0.7117402219361981,True,walking_dual_task,P10,18,0.34
2026-04-03T17:25:32.357281,1179.138616185112,92312,67,-4.116525909939123,7.204187858395856,-2.5385252786788177,8.676993653146795,0.17996993461251698,True,walking_dual_task,P10,18,0.34
2026-04-03T17:25:32.477597,1080.454126421068,92316,66,-5.684916216365976,7.594678868234132,-2.5327191128908817,9.818965607613956,1.1419719544671612,True,walking_dual_task,P10,18,0.34
2026-04-03T17:25:32.477636,1178.3747013664517,92316,67,-5.728035982443155,7.712128879286619,-2.3286048559318413,9.88482314672142,0.06585753910746384,True,walking_dual_task,P10,18,0.34
2026-04-03T17:25:32.477644,1180.0156915014102,92304,68,-5.96192929776871,8.015125677635847,-2.695543535592845,10.346632086440822,0.4618089397194023,True,walking_dual_task,P10,18,0.34
2026-04-03T17:25:32.477650,1259.0003617126936,92304,67,-5.592927639440292,7.0671244643110915,-3.033462800389833,9.509310402727866,0.8373216837129558,True,walking_dual_task,P10,18,0.34
2026-04-03T17:25:32.477656,1103.5237892152668,92294,66,-5.4580908186704935,7.035628060463997,-3.1457714785951687,9.44387080521469,0.0654395975131763,True,walking_dual_task,P10,18,0.34
2026-04-03T17:25:32.477661,1164.9603024145372,92294,67,-4.5624714379152405,6.3136435137226,-2.8358384093482556,8.289765951104933,1.1541048541097574,True,walking_dual_task,P10,18,0.34
2026-04-03T17:25:32.534120,1157.5797817286705,92292,68,-4.796556310602334,6.337401342241515,-2.810730177256702,8.430291355745963,0.14052540464103025,True,walking_dual_task,P10,18,0.34
2026-04-03T17:25:32.534705,1110.051072370744,92292,68,-3.9229703790627557,5.854844973946069,-3.034689144304672,7.673216044560842,0.7570753111851207,True,walking_dual_task,P10,18,0.34
2026-04-03T17:25:32.535449,1192.7578992607982,92309,68,-3.7746810813047498,5.52155704477748,-2.72050288489497,7.2205917632153716,0.4526242813454706,True,walking_dual_task,P10,18,0.34
2026-04-03T17:25:32.535837,1239.3509770561623,92309,67,-3.5110621618341065,5.742604937156016,-2.6076873036166024,7.218386387687699,0.0022053755276729703,True,walking_dual_task,P10,18,0.34
2026-04-03T17:25:32.594692,1106.2955136556234,92325,68,-3.9168891034790563,6.105187475938133,-2.587123608244637,7.701203992210669,0.4828176045229702,True,walking_dual_task,P10,18,0.34
2026-04-03T17:25:32.595299,1223.3456362411584,92325,66,-4.05959949093731,6.134255937090886,-2.7183409078079848,7.842118414026633,0.14091442181596392,True,walking_dual_task,P10,18,0.34
2026-04-03T17:25:32.595872,1124.3829093298775,92352,67,-4.345724615910883,6.735142536532474,-3.1785218532583484,8.622671778305362,0.7805533642787292,True,walking_dual_task,P10,18,0.34
2026-04-03T17:25:32.656026,1090.3884483760999,92352,67,-4.6407642355713765,7.021511587697999,-3.413991820764689,9.082601929985914,0.4599301516805525,True,walking_dual_task,P10,18,0.34
2026-04-03T17:25:32.656888,1221.9311560376927,92379,68,-4.7580042571408585,7.088457195338621,-3.3835190987640327,9.183301770758673,0.10069984077275862,True,walking_dual_task,P10,18,0.34
2026-04-03T17:25:32.657905,1182.6007812059233,92379,67,-4.788436617330821,8.572199625287485,-4.266116915597362,10.705675372974817,1.5223736022161436,True,walking_dual_task,P10,18,0.34
2026-04-03T17:25:32.717973,1205.1463662678375,92375,68,-4.8691756525143335,8.47174249725014,-4.117776872666244,10.60355500989255,0.1021203630822658,True,walking_dual_task,P10,18,0.34
2026-04-03T17:25:32.718035,1141.3889196318987,92375,67,-4.965887053801599,8.42799774053053,-4.320426074875414,10.693795472794747,0.09024046290219623,True,walking_dual_task,P10,18,0.34
2026-04-03T17:25:32.718053,1079.068600484823,92318,67,-4.831000173010013,8.480751304279053,-4.0787106198028455,10.578165515662256,0.1156299571324908,True,walking_dual_task,P10,18,0.34
2026-04-03T17:25:32.776772,1172.0988052934931,92318,67,-4.897783167437885,8.501246605053494,-4.337419861892832,10.7271937082125,0.1490281925502437,True,walking_dual_task,P10,18,0.34
2026-04-03T17:25:32.776872,1178.2618575093093,92269,67,-4.7860568463107045,8.455689896285074,-4.170077760824201,10.573295621024489,0.15389808718801135,True,walking_dual_task,P10,18,0.34
2026-04-03T17:25:32.776893,1195.4791504142997,92269,66,-4.848671347944242,8.32640219540832,-4.053736735690695,10.453294642473452,0.12000097855103675,True,walking_dual_task,P10,18,0.34
2026-04-03T17:25:32.849762,1154.2722455617366,92249,68,-4.7923632859655525,8.482347941018759,-4.222235447605409,10.618109277653502,0.16481463518005057,True,walking_dual_task,P10,18,0.34
2026-04-03T17:25:32.849805,1119.0163611918638,92249,68,-4.870262812087923,8.32344177929849,-4.241564680006189,10.535179820337866,0.08292945731563606,True,walking_dual_task,P10,18,0.34
2026-04-03T17:25:32.849813,1124.508506923661,92229,68,-4.812770935442394,8.571752979984595,-4.105486184384532,10.653296674602004,0.11811685426413732,True,walking_dual_task,P10,18,0.34
2026-04-03T17:25:32.895966,1146.7314055051907,92229,67,-4.809655991106657,8.27211410520014,-3.9892405740093353,10.367000669410686,0.2862960051913177,True,walking_dual_task,P10,18,0.34
2026-04-03T17:25:32.896005,1139.3971514483326,92226,67,-5.076215257966724,8.436804291584172,-4.215375305156204,10.710603015845,0.34360234643431475,True,walking_dual_task,P10,18,0.34
2026-04-03T17:25:32.896015,1183.1737290613603,92226,65,-4.7325345802245495,8.6247749741165,-4.141924462495226,10.674229019474136,0.03637399637086425,True,walking_dual_task,P10,18,0.34
2026-04-03T17:25:32.957775,1150.749186030171,92255,68,-4.882194513498579,8.498318775309619,-4.310277661945674,10.706808058309603,0.032579038835466534,True,walking_dual_task,P10,18,0.34
2026-04-03T17:25:32.958432,1217.8673824200075,92255,66,-3.8385805167990044,8.544230963216705,-4.631427657926683,10.449339945056254,0.2574681132533492,True,walking_dual_task,P10,18,0.34
2026-04-03T17:25:32.958918,1122.6148661503696,92269,68,-4.611605466030199,8.709729591573836,-4.650568866075425,10.897434804153068,0.44809485909681435,True,walking_dual_task,P10,18,0.34
2026-04-03T17:25:33.014531,1104.8402825527219,92269,66,-4.483511123300872,8.743137950522899,-4.8149505063351805,10.942032790715526,0.04459798656245795,True,walking_dual_task,P10,18,0.34
2026-04-03T17:25:33.078729,1097.3097473489959,92291,66,-4.399109833053479,8.748323906597179,-4.714680542172397,10.868005848026883,0.07402694268864352,True,walking_dual_task,P10,18,0.34
2026-04-03T17:25:33.078776,1246.237731586863,92291,69,-4.934051836557221,9.11415401290392,-5.123132150147462,11.56110522072353,0.693099372696647,True,walking_dual_task,P10,18,0.34
2026-04-03T17:25:33.078792,1094.0907291139229,92282,68,-5.147088124286963,9.128826643859881,-5.10179573323971,11.655741579004095,0.0946363582805656,True,walking_dual_task,P10,18,0.34
2026-04-03T17:25:33.078804,1205.9114686065197,92282,66,-4.292198236251843,7.951818002995792,-4.948448776047349,10.302500693579978,1.3532408854241176,True,walking_dual_task,P10,18,0.34
2026-04-03T17:25:33.078814,1162.560176878688,92283,67,-3.244490970785579,7.962063995344805,-4.603831356429587,9.752766165756233,0.5497345278237447,True,walking_dual_task,P10,18,0.34
2026-04-03T17:25:33.199590,1208.033736059293,92283,68,-3.2916250853685782,8.267659132448674,-4.610244554763823,10.02214239011396,0.26937622435772646,True,walking_dual_task,P10,18,0.34
2026-04-03T17:25:33.199638,1226.5570250890723,92281,66,-2.9429331454497607,7.7167359955360855,-4.015023692633873,9.18309779844473,0.8390445916692286,True,walking_dual_task,P10,18,0.34
2026-04-03T17:25:33.199651,1150.5857271405928,92281,66,-2.9316005301130867,7.738315773424813,-4.016104898620129,9.198092804169525,0.014995005724793842,True,walking_dual_task,P10,18,0.34
2026-04-03T17:25:33.199661,1179.2699027330473,92296,68,-2.9512393761786977,8.056536100062196,-3.9472195959455205,9.444476180589865,0.24638337642034003,True,walking_dual_task,P10,18,0.34
2026-04-03T17:25:33.199671,1185.7020332658583,92296,67,-3.208688127417351,8.499055434466474,-4.219054513270421,10.016488594468157,0.5720124138782925,True,walking_dual_task,P10,18,0.34
2026-04-03T17:25:33.199680,1149.6312718849153,92323,67,-3.383012134152663,8.362557353274,-4.387916117153358,10.031497616896262,0.015009022428104757,True,walking_dual_task,P10,18,0.34
2026-04-03T17:25:33.257139,1168.3138969427912,92323,67,-3.8937167351098014,8.224879590069333,-4.0420565637070345,9.957303628423729,0.07419398847253333,True,walking_dual_task,P10,18,0.34
2026-04-03T17:25:33.257185,1111.8056519112606,92340,67,-3.899029200055015,8.165120519007775,-4.236198937023421,9.990845971530229,0.03354234310650028,True,walking_dual_task,P10,18,0.34
2026-04-03T17:25:33.257325,1229.7859320577732,92340,66,-4.081414505108615,8.44420085350861,-3.8749113458218654,10.147778592129686,0.15693262059945745,True,walking_dual_task,P10,18,0.34
2026-04-03T17:25:33.328844,1105.5400186109173,92320,67,-3.9021752615299072,8.403442782446012,-3.962757838092225,10.077116256791985,0.07066233533770117,True,walking_dual_task,P10,18,0.34
2026-04-03T17:25:33.328889,1189.8280924690955,92320,67,-4.018361052801063,8.645374734186827,-3.5533400112909814,10.17427909392237,0.09716283713038543,True,walking_dual_task,P10,18,0.34
2026-04-03T17:25:33.328901,1173.7506579038898,92251,67,-3.9524373320937487,8.806611652312126,-3.213772014759916,10.17381443813588,0.00046465578649090844,True,walking_dual_task,P10,18,0.34
2026-04-03T17:25:33.375309,1148.4220357971924,92251,67,-4.141703431627722,8.781830032820542,-3.201563464595416,10.22371041543812,0.04989597730224027,True,walking_dual_task,P10,18,0.34
2026-04-03T17:25:33.375885,1069.5474569301527,92217,68,-3.942457600591676,8.821641132164649,-2.9421399290127606,10.100520360805847,0.12319005463227306,True,walking_dual_task,P10,18,0.34
2026-04-03T17:25:33.376206,1309.4710361379878,92217,66,-3.896067041171256,8.94877190354201,-2.9463167381646773,10.195128213637785,0.09460785283193829,True,walking_dual_task,P10,18,0.34
2026-04-03T17:25:33.497455,1216.573556467662,92215,68,-4.219443352043025,9.110812823434577,-2.766117005386611,10.414509868075838,0.21938165443805246,True,walking_dual_task,P10,18,0.34
2026-04-03T17:25:33.498154,1174.61985525061,92215,68,-4.296980151155908,9.158603164477514,-2.841419980929843,10.507983529290133,0.09347366121429523,True,walking_dual_task,P10,18,0.34
2026-04-03T17:25:33.498597,1208.1809199868471,92224,68,-5.260870864748496,9.182929376339382,-2.659519907020412,10.912195027685046,0.404211498394913,True,walking_dual_task,P10,18,0.34
2026-04-03T17:25:33.498885,1195.7310989423888,92224,66,-5.439511568738786,9.461679098991906,-2.7216729622490785,11.24807366584079,0.33587863815574437,True,walking_dual_task,P10,18,0.34
2026-04-03T17:25:33.499443,1201.0213415458154,92218,67,-5.393821525992905,9.361858086644961,-2.819250324829258,11.166282724469857,0.08179094137093301,True,walking_dual_task,P10,18,0.34
2026-04-03T17:25:33.499521,1177.1549195585076,92218,67,-5.926883272431451,9.933113974421971,-3.190603545965531,11.998943684400416,0.8326609599305588,True,walking_dual_task,P10,18,0.34
2026-04-03T17:25:33.556281,1057.226486152773,92205,66,-5.712505730530144,9.791415723928727,-3.11768513514858,11.756891774702398,0.24205190969801826,True,walking_dual_task,P10,18,0.34
2026-04-03T17:25:33.556320,1104.354563177741,92205,68,-6.535668125242254,9.469122070956487,-3.061839086943702,11.906052630167528,0.14916085546513003,True,walking_dual_task,P10,18,0.34
2026-04-03T17:25:33.556339,1159.9816139502861,92205,67,-6.048475141725893,9.28380399050648,-2.7167991331083345,11.408508474111692,0.49754415605583624,True,walking_dual_task,P10,18,0.34
2026-04-03T17:25:33.616792,1139.90538668963,92205,68,-5.855536139377048,9.08971219103163,-2.9282037700605157,11.201988596420563,0.20651987769112878,True,walking_dual_task,P10,18,0.34
2026-04-03T17:25:33.617299,1159.655513327722,92189,67,-5.488561285719212,8.017921496904476,-2.68361377584992,10.080334965443862,1.1216536309767005,True,walking_dual_task,P10,18,0.34
2026-04-03T17:25:33.617369,1163.6947621530176,92189,68,-5.249748548699977,8.160913556791607,-2.7144364836306782,10.076136924916604,0.004198040527258584,True,walking_dual_task,P10,18,0.34
2026-04-03T17:25:33.675586,1179.107492920809,92190,66,-5.537802213098007,7.849909009590194,-2.391667419683051,9.899919083336584,0.1762178415800193,True,walking_dual_task,P10,18,0.34
2026-04-03T17:25:33.676291,1209.8908877637734,92190,68,-5.341412165176762,7.919808438518773,-2.7165079434868966,9.931438215493205,0.031519132156621055,True,walking_dual_task,P10,18,0.34
2026-04-03T17:25:33.676321,1310.7971169593543,92200,67,-4.94418302736233,7.627917094016729,-2.518191817568778,9.432462829575353,0.49897538591785207,True,walking_dual_task,P10,18,0.34
2026-04-03T17:25:33.737974,1203.7455803526268,92200,68,-4.237732005812197,7.395514384292321,-2.493453513669313,8.880839824374132,0.5516230052012219,True,walking_dual_task,P10,18,0.34
2026-04-03T17:25:33.738026,1273.785469127784,92199,66,-4.358485714005928,7.527662729255363,-2.6390927802808677,9.089934795560675,0.20909497118654308,True,walking_dual_task,P10,18,0.34
2026-04-03T17:25:33.738039,1128.7906480833417,92199,66,-4.433452948615866,7.386370227270109,-2.586425603395812,8.994641048079371,0.09529374748130337,True,walking_dual_task,P10,18,0.34
2026-04-03T17:25:33.796249,1124.2854916958781,92207,69,-4.265999698207788,7.277327945823145,-2.5724721348298942,8.819062781307531,0.17557826677183996,True,walking_dual_task,P10,18,0.34
2026-04-03T17:25:33.796287,1052.2268833007558,92207,67,-4.465153132629003,7.290132310016964,-2.5968645613473034,8.934613989723417,0.1155512084158854,True,walking_dual_task,P10,18,0.34
2026-04-03T17:25:33.796318,1278.3420316415695,92213,68,-4.258165225954331,7.507905340756703,-2.658854520374189,9.03161785384014,0.0970038641167239,True,walking_dual_task,P10,18,0.34
2026-04-03T17:25:33.856657,1132.9438977971674,92213,68,-4.266671124755484,7.427672510931438,-2.4963841131227897,8.92226064720823,0.10935720663191084,True,walking_dual_task,P10,18,0.34
2026-04-03T17:25:33.857251,1078.6707167919055,92219,67,-4.32002057781988,7.36079951071558,-2.4973568928489684,8.892735163041694,0.029525484166535776,True,walking_dual_task,P10,18,0.34
2026-04-03T17:25:33.857572,1179.7055781538475,92219,67,-4.296462336837633,7.5009841777808886,-2.7427698124652147,9.069020812157948,0.1762856491162541,True,walking_dual_task,P10,18,0.34
2026-04-03T17:25:33.914609,1213.1443659139259,92194,67,-4.504071709729962,7.353808477321617,-2.531011983499926,8.987278940154093,0.08174187200385497,True,walking_dual_task,P10,18,0.34
2026-04-03T17:25:33.915010,1245.9278973023495,92194,68,-4.57532837504124,7.415312809332383,-2.6547245252879024,9.108680261424896,0.1214013212708025,True,walking_dual_task,P10,18,0.34
2026-04-03T17:25:33.915390,1062.9718030624463,92146,68,-4.396471680525563,7.548953387954802,-2.4786354749697472,9.080710011279738,0.02797025014515775,True,walking_dual_task,P10,18,0.34
2026-04-03T17:25:33.974550,1162.008484838463,92146,68,-4.4882893573734455,7.279057222280136,-2.620542363909985,8.944085066779458,0.13662494450028007,True,walking_dual_task,P10,18,0.34
2026-04-03T17:25:34.038699,1131.623594985027,92149,67,-4.227567769734536,7.0537175847651445,-3.4938912874813908,8.935017478553785,0.009067588225672552,True,walking_dual_task,P10,18,0.34
2026-04-03T17:25:34.038753,1249.4446691186222,92149,67,-4.4932814467253985,7.671581962065846,-3.4323791015745884,9.530161292292314,0.5951438137385292,True,walking_dual_task,P10,18,0.34
2026-04-03T17:25:34.038765,1134.2585764738,92168,68,-4.6682613170471745,7.388452205482788,-3.718976897098774,9.498035527312842,0.03212576497947239,True,walking_dual_task,P10,18,0.34
2026-04-03T17:25:34.038775,1154.2919845745416,92168,68,-4.726280579457394,7.445164196505988,-3.6025798749155853,9.52611042261413,0.028074895301287484,True,walking_dual_task,P10,18,0.34
2026-04-03T17:25:34.038784,1116.7706708655626,92178,67,-4.828144988532349,7.63980643984958,-3.685725438414876,9.760235574822755,0.23412515220862495,True,walking_dual_task,P10,18,0.34
2026-04-03T17:25:34.104825,1206.010548303619,92178,65,-4.785431128431977,7.998224609918116,-4.1303788159988155,10.194703387510463,0.43446781268770884,True,walking_dual_task,P10,18,0.34
2026-04-03T17:25:34.104862,1106.8926318355425,92181,68,-4.767664532420244,8.54876861900981,-3.7941707469907358,10.497990362559163,0.3032869750486995,True,walking_dual_task,P10,18,0.34
2026-04-03T17:25:34.218862,1206.0603128566133,92181,69,-4.7779823514622874,8.461936488518374,-3.8242252522719453,10.443092610272025,0.05489775228713789,True,walking_dual_task,P10,18,0.34
2026-04-03T17:25:34.218917,1194.62769207692,92178,69,-5.093780578448854,8.207941248668307,-3.4767613325341857,10.266682496618774,0.176410113653251,True,walking_dual_task,P10,18,0.34
2026-04-03T17:25:34.218932,1154.146979149935,92178,69,-4.919626931633145,8.246079187130624,-3.61574985695511,10.260321541499072,0.006360955119701472,True,walking_dual_task,P10,18,0.34
2026-04-03T17:25:34.218943,1196.4039352151403,92165,67,-5.028013862574142,8.372042296961224,-3.515956338794378,10.379497319266182,0.11917577776710964,True,walking_dual_task,P10,18,0.34
2026-04-03T17:25:34.218969,1313.9316951682015,92165,66,-5.511175036945066,8.611628409651848,-3.900098530404695,10.942758459393781,0.5632611401275991,True,walking_dual_task,P10,18,0.34
2026-04-03T17:25:34.219000,1151.0649120563985,92162,68,-5.317795250852313,8.743931686528038,-3.510312812863141,10.819315307024175,0.12344315236960668,True,walking_dual_task,P10,18,0.34
2026-04-03T17:25:34.277297,1114.464217118945,92162,68,-5.741910238756036,8.721386476382568,-3.9103301732238243,11.150013332906145,0.3306980258819703,True,walking_dual_task,P10,18,0.34
2026-04-03T17:25:34.277349,1199.2276551924083,92160,67,-5.715479189118123,8.970627598273909,-3.9495801976178635,11.346278932124445,0.19626559921830022,True,walking_dual_task,P10,18,0.34
2026-04-03T17:25:34.277363,1124.8980999956361,92160,68,-6.218271889300818,9.1724425741835,-4.136329525744826,11.828348574991828,0.4820696428673834,True,walking_dual_task,P10,18,0.34
2026-04-03T17:25:34.277373,1189.8604298486896,92164,67,-6.32730610242004,9.369767449212556,-4.241352570110826,12.07544683189946,0.24709825690763232,True,walking_dual_task,P10,18,0.34
2026-04-03T17:25:34.335166,1066.9860786742215,92164,68,31.888490079161194,-38.92307206803335,32.63401483845979,36.51634492778717,0.49893582380970614,True,walking_dual_task,P10,18,0.34
2026-04-03T17:25:34.335207,1069.9735579122762,92167,67,-4.61501629252152,8.240249865442754,-4.612364767662257,10.510661348133167,1.0658496599565872,True,walking_dual_task,P10,18,0.34
2026-04-03T17:25:34.394368,1201.4398554966983,92183,66,-4.68552480340662,8.143406397547151,-4.552581908421987,10.440077225377296,0.07058412275587145,True,walking_dual_task,P10,18,0.34
2026-04-03T17:25:34.398309,1108.515864470256,92183,67,-3.9498077296129726,7.784367146211923,-4.009348980501167,9.605843649330323,0.834233576046973,True,walking_dual_task,P10,18,0.34
2026-04-03T17:25:34.398331,1103.2734582350342,92183,68,-3.8006927435727764,7.846270884806312,-3.8512897728579234,9.531089394362327,0.07475425496799559,True,walking_dual_task,P10,18,0.34
2026-04-03T17:25:34.398339,1210.2297689310735,92205,67,-4.391087044986857,8.361657078474842,-3.5612320181668564,10.093628090130753,0.562538695768426,True,walking_dual_task,P10,18,0.34
2026-04-03T17:25:34.455637,1195.3971356437105,92225,66,-4.212490283731841,8.516437865026218,-3.75093245012961,10.2149049209879,0.12127683085714658,True,walking_dual_task,P10,18,0.34
2026-04-03T17:25:34.455677,1182.6842468964528,92225,67,-3.999120119772647,8.58282466903785,-4.187619806719744,10.353453562818862,0.13854864183096183,True,walking_dual_task,P10,18,0.34
2026-04-03T17:25:34.514404,1232.6414540538046,92179,67,-4.027131272056065,8.099346547803664,-4.0268512153644895,9.90114798871694,0.4523055741019224,True,walking_dual_task,P10,18,0.34
2026-04-03T17:25:34.514722,1098.42051313823,92179,67,-3.975690219316062,8.120007181792168,-3.943833801037589,9.863795131820632,0.037352856896307074,True,walking_dual_task,P10,18,0.34
2026-04-03T17:25:34.515414,1170.569562914404,92132,68,-4.16813963148931,8.372581798789751,-3.4856282640934806,9.98113812951532,0.11734299769468848,True,walking_dual_task,P10,18,0.34
2026-04-03T17:25:34.574592,1179.0343969307164,92132,68,-4.456289701622031,8.202168968504967,-3.8045247675028206,10.080104285136676,0.0989661556213548,True,walking_dual_task,P10,18,0.34
2026-04-03T17:25:34.576842,1184.7113002898852,92120,67,-3.5768504579537455,8.648948664359361,-3.6821522488352936,10.057654666018829,0.02244961911784671,True,walking_dual_task,P10,18,0.34
2026-04-03T17:25:34.582840,1232.241055517044,92120,66,-3.4605039550127263,8.318314443731488,-3.7019209666847805,9.74031116808036,0.3173434979384684,True,walking_dual_task,P10,18,0.34
2026-04-03T17:25:34.636224,1181.052249451699,92128,67,-3.583892728741309,8.152601382537428,-3.606014869707485,9.60794148786448,0.1323696802158807,True,walking_dual_task,P10,18,0.34
2026-04-03T17:25:34.636291,1158.7780228595916,92128,66,-3.4421620711139593,7.808086841151249,-3.042713120214022,9.059404118080693,0.5485373697837872,True,walking_dual_task,P10,18,0.34
2026-04-03T17:25:34.636303,1245.1133858136295,92128,69,-3.3873900085373316,7.859559505044959,-3.1690512701495486,9.126334019534765,0.0669299014540723,True,walking_dual_task,P10,18,0.34
2026-04-03T17:25:34.636755,1092.7800659133586,92151,67,-3.204453685498663,7.957854308667871,-3.420014256404853,9.23539204010865,0.10905802057388492,True,walking_dual_task,P10,18,0.34
2026-04-03T17:25:34.697145,1141.1861050624952,92151,68,-3.77447676085339,8.048682724442662,-3.1585926404146205,9.434228950213443,0.19883691010479332,True,walking_dual_task,P10,18,0.34
2026-04-03T17:25:34.697196,1111.3864682426433,92169,68,-3.5963653817890417,8.072408083841214,-3.024054443789797,9.340370523185921,0.09385842702752178,True,walking_dual_task,P10,18,0.34
2026-04-03T17:25:34.697205,1163.9330854441419,92169,66,-3.833681988735245,7.741301577630231,-3.057328150922438,9.163630455719836,0.17674006746608484,True,walking_dual_task,P10,18,0.34
2026-04-03T17:25:34.754216,1164.9566363057654,92180,67,-3.850523817519238,8.168873149297875,-3.3033058233579813,9.616072564266217,0.45244210854638034,True,walking_dual_task,P10,18,0.34
2026-04-03T17:25:34.754959,1166.1146205365635,92180,67,-3.817811716550067,7.838757590861957,-3.341793700328078,9.337526011041433,0.2785465532247837,True,walking_dual_task,P10,18,0.34
2026-04-03T17:25:34.755244,1105.0862615925614,92183,66,-3.784337484363872,7.875770839829187,-3.162423471294621,9.292464620802187,0.045061390239245824,True,walking_dual_task,P10,18,0.34
2026-04-03T17:25:34.817989,1104.2588940745172,92183,67,-3.8971975500120353,7.997248091676922,-3.2611723682339226,9.475197675984518,0.18273305518233052,True,walking_dual_task,P10,18,0.34
2026-04-03T17:25:34.820447,1288.3506041387761,92196,68,-3.9772054630354776,7.919636554803171,-3.3489327116704444,9.473867043750944,0.0013306322335733256,True,walking_dual_task,P10,18,0.34
2026-04-03T17:25:34.821143,1129.2380799631526,92196,66,-3.861233497567678,7.959441042322468,-3.176780793065577,9.399668187555157,0.07419885619578714,True,walking_dual_task,P10,18,0.34
2026-04-03T17:25:34.934754,1131.9661849613085,92208,67,-3.8415325607582296,7.977278931843931,-3.2961069398037095,9.447680801679791,0.04801261412463376,True,walking_dual_task,P10,18,0.34
2026-04-03T17:25:34.934985,1088.8285392021348,92208,67,-3.9374703679651044,7.927558741336826,-3.103832784163877,9.37995940545585,0.06772139622394135,True,walking_dual_task,P10,18,0.34
2026-04-03T17:25:34.935348,1166.8706810322979,92229,66,-3.793570946109919,7.896157956356273,-3.3059116303550637,9.363201519919064,0.016757885536785366,True,walking_dual_task,P10,18,0.34
2026-04-03T17:25:34.935985,1134.7893669889622,92229,67,-3.899572205462508,7.987159349153272,-3.1959467215532236,9.445393231697082,0.08219171177801776,True,walking_dual_task,P10,18,0.34
2026-04-03T17:25:34.936860,1165.457312519688,92243,68,-3.7851911825657116,7.944908896591669,-3.23139174117737,9.375027586554825,0.07036564514225674,True,walking_dual_task,P10,18,0.34
2026-04-03T17:25:34.937617,1139.1383057818766,92243,65,-4.185206970572446,7.873082082708146,-3.1449769758247315,9.454747963116516,0.07972037656169029,True,walking_dual_task,P10,18,0.34
2026-04-03T17:25:34.994380,1257.3722757170844,92242,67,-5.7733031459283435,10.022273446887088,-2.1514635301920153,11.76459899787113,2.3098510347546135,True,walking_dual_task,P10,18,0.34
2026-04-03T17:25:34.995298,1132.394699714272,92242,67,-6.0430753369401655,10.018471060937685,-2.2354302411301,11.911577153750015,0.14697815587888563,True,walking_dual_task,P10,18,0.34
2026-04-03T17:25:34.995783,1150.8813370832006,92255,66,-6.127925842892376,9.921922652994473,-2.374379149285949,11.900995782393881,0.010581371356133573,True,walking_dual_task,P10,18,0.34
2026-04-03T17:25:35.056794,1137.2068032625366,92255,66,-5.84375652698395,9.713116490320584,-2.4371974908116947,11.59457001835014,0.3064257640437411,True,walking_dual_task,P10,18,0.34
2026-04-03T17:25:35.056832,1096.7788772086676,92243,65,-5.081428627824076,8.310659669689926,-2.962784053135359,10.181653617688726,1.4129164006614143,True,walking_dual_task,P10,18,0.34
2026-04-03T17:25:35.056845,1243.2941672936936,92243,68,-4.842413858504,8.425887651673866,-2.83043683883515,10.12205154078445,0.05960207690427666,True,walking_dual_task,P10,18,0.34
2026-04-03T17:25:35.129577,1170.0181369576426,92188,67,-3.941000241881657,7.794047597293661,-2.971272042396338,9.225351939374264,0.8966996014101856,True,walking_dual_task,P10,18,0.34
2026-04-03T17:25:35.129622,1202.4094726953422,92188,68,-4.143579392622307,7.819365115104121,-2.9612129902189586,9.331693488307096,0.1063415489328321,True,walking_dual_task,P10,18,0.34
2026-04-03T17:25:35.129638,1232.63139629422,92158,67,-3.3892907019717735,7.230116909278443,-2.685390483782237,8.424559575116943,0.9071339131901528,True,walking_dual_task,P10,18,0.34
2026-04-03T17:25:35.174663,1214.231882069789,92158,68,-4.25133135241782,7.274907705477223,-2.1840574115513522,8.704493504404205,0.279933929287262,True,walking_dual_task,P10,18,0.34
2026-04-03T17:25:35.234852,1177.3509243109472,92159,66,-4.204704798476404,7.248357329720074,-2.4749977290817835,8.7374962192036,0.03300271479939454,True,walking_dual_task,P10,18,0.34
2026-04-03T17:25:35.235327,1187.9269366457333,92159,67,-5.394438341200488,8.125534211319243,-2.413590473919873,10.04737230384791,1.3098760846443103,True,walking_dual_task,P10,18,0.34
2026-04-03T17:25:35.235785,993.0441434457069,92174,67,-5.456312694749273,7.997225060860926,-2.4438577570356155,9.98495856944671,0.06241373440120057,True,walking_dual_task,P10,18,0.34
2026-04-03T17:25:35.236408,1188.3913371115746,92174,67,-5.556057828634381,7.667215758408087,-2.924542495383869,9.910041618904373,0.07491695054233638,True,walking_dual_task,P10,18,0.34
2026-04-03T17:25:35.236951,1145.9949257138815,92175,68,-4.842771378955263,6.991382972041269,-3.1691195125991865,9.076077840990225,0.833963777914148,True,walking_dual_task,P10,18,0.34
2026-04-03T17:25:35.297188,1134.6725100571932,92175,67,-5.035741819032017,6.866000401122614,-3.3518557569829475,9.150715501630652,0.07463766064042687,True,walking_dual_task,P10,18,0.34
2026-04-03T17:25:35.297667,1118.6178567316101,92171,67,-4.110775338840336,6.415857344510754,-3.096554469480507,8.224983217854621,0.9257322837760302,True,walking_dual_task,P10,18,0.34
2026-04-03T17:25:35.298040,1222.477157757455,92171,68,-4.132347742032946,6.424337111504348,-3.1070614968510486,8.246346847456218,0.021363629601596656,True,walking_dual_task,P10,18,0.34
2026-04-03T17:25:35.356177,1142.9108275418419,92173,68,-3.547385253419355,5.874734481900909,-2.7631377203176277,7.398065789816601,0.8482810576396167,True,walking_dual_task,P10,18,0.34
2026-04-03T17:25:35.356785,1171.852462120638,92173,67,-3.5525244045775137,6.1313755297598895,-2.651155596599607,7.565898593652879,0.1678328038362773,True,walking_dual_task,P10,18,0.34
2026-04-03T17:25:35.356818,1165.8180129914085,92184,68,-3.6285964414763905,6.094719699520211,-2.471091873184959,7.511232614993069,0.054665978659810044,True,walking_dual_task,P10,18,0.34
2026-04-03T17:25:35.417132,1203.5506163468958,92184,67,-4.15142233358145,7.044565884399553,-3.032285900836042,8.720950273669375,1.2097176586763068,True,walking_dual_task,P10,18,0.34
2026-04-03T17:25:35.417181,1162.3259152611076,92206,68,-4.112880209890296,7.091411582324163,-2.7736611291118427,8.654310943684338,0.06663932998503697,True,walking_dual_task,P10,18,0.34
2026-04-03T17:25:35.417196,1151.8544597503746,92206,68,-4.504850966687889,7.454186395642373,-3.038972152072515,9.22463705487218,0.5703261111878408,True,walking_dual_task,P10,18,0.34
2026-04-03T17:25:35.476722,1242.012728576895,92250,67,-4.561828398406287,7.415506664346085,-3.239497793399897,9.289475947485416,0.06483889261323661,True,walking_dual_task,P10,18,0.34
2026-04-03T17:25:35.476754,1150.2808781378915,92250,66,-5.095072764430399,7.434922297038858,-3.4288920682112103,9.643398615285367,0.3539226677999512,True,walking_dual_task,P10,18,0.34
2026-04-03T17:25:35.476762,1162.9347172271312,92267,67,-4.886131937348066,8.175764147909344,-3.7171853509155612,10.224229635746344,0.5808310204609768,True,walking_dual_task,P10,18,0.34
2026-04-03T17:25:35.536567,1149.8314037958871,92267,67,-4.8122170169342695,8.342199899769835,-3.665138515291747,10.30451222145263,0.08028258570628566,True,walking_dual_task,P10,18,0.34
2026-04-03T17:25:35.536605,1148.038185642957,92269,67,-5.202719531972325,8.662970943128101,-3.353172388149253,10.647024051559885,0.34251183010725583,True,walking_dual_task,P10,18,0.34
2026-04-03T17:25:35.536620,1262.2214574069008,92269,67,-5.088263668842813,8.347380535954871,-3.3380179169418773,10.33012839172529,0.31689565983459467,True,walking_dual_task,P10,18,0.34
2026-04-03T17:25:35.595999,1195.329321927393,92285,66,-5.669193325117832,8.33364721839221,-2.6728043846623657,10.427526657690555,0.09739826596526413,True,walking_dual_task,P10,18,0.34
2026-04-03T17:25:35.596030,1176.577781094726,92285,67,-5.445436732996114,9.186557854686532,-2.9934550703535376,11.09082502290932,0.6632983652187647,True,walking_dual_task,P10,18,0.34
2026-04-03T17:25:35.596042,1129.5770840053858,92262,67,-5.708114228967251,9.04475402291446,-3.05769894053889,11.123833251039786,0.03300822813046622,True,walking_dual_task,P10,18,0.34
2026-04-03T17:25:35.687662,1175.370794969823,92262,67,-7.196069821320065,9.613096396399227,-3.0581892471517174,12.391431098592752,1.2675978475529668,True,walking_dual_task,P10,18,0.34
2026-04-03T17:25:35.687716,1247.3472868804142,92212,68,-6.849598506280339,9.798785738597935,-3.084433419497859,12.346940154042354,0.04449094455039848,True,walking_dual_task,P10,18,0.34
2026-04-03T17:25:35.687724,1156.4573615781417,92212,66,-7.064226527965138,9.786741563066592,-3.1675167771825583,12.478652547226181,0.1317123931838271,True,walking_dual_task,P10,18,0.34
2026-04-03T17:25:35.715177,1200.9830905498318,92160,68,-6.173410346418845,10.079533488991862,-4.139287308062889,12.52364523929316,0.044992692066978535,True,walking_dual_task,P10,18,0.34
2026-04-03T17:25:35.715677,1092.1694491163555,92160,66,-4.159160380060054,8.258790287619165,-4.635423699684964,10.343760677700107,2.1798845615930524,True,walking_dual_task,P10,18,0.34
2026-04-03T17:25:35.715696,1073.2751004292368,92155,67,-4.195268820221035,8.338256764265028,-4.54673417853738,10.382658524241767,0.038897846541660286,True,walking_dual_task,P10,18,0.34
2026-04-03T17:25:35.774821,1187.0557742656683,92155,65,-4.338383168152005,8.141049718222526,-4.515841976847903,10.270885443238926,0.11177308100284122,True,walking_dual_task,P10,18,0.34
2026-04-03T17:25:35.775446,1138.6223155536807,92185,67,-4.201092013753106,8.073896374776426,-4.564304237063708,10.18183922221942,0.08904622101950643,True,walking_dual_task,P10,18,0.34
2026-04-03T17:25:35.775468,1123.8881952718289,92185,67,-4.129414936877967,8.332721597808385,-4.745274732273121,10.440495641119865,0.2586564189004452,True,walking_dual_task,P10,18,0.34
2026-04-03T17:25:35.840539,1214.3986358026045,92210,68,-4.142064610421338,8.07455445557141,-4.5824854473109875,10.166331775409947,0.2741638657099177,True,walking_dual_task,P10,18,0.34
2026-04-03T17:25:35.840587,1156.8673811484086,92210,66,-4.276626755874155,8.22941293005809,-4.545173670647342,10.328183638898555,0.16185186348860725,True,walking_dual_task,P10,18,0.34
2026-04-03T17:25:35.840600,1137.5352743456388,92217,65,-4.248554684209586,8.09050002324458,-4.526369309184694,10.197765767753683,0.13041787114487136,True,walking_dual_task,P10,18,0.34
2026-04-03T17:25:35.959047,1176.6070515573624,92217,67,-4.2657225506828595,8.110027987662804,-4.5762125309979425,10.242590686390864,0.044824918637180744,True,walking_dual_task,P10,18,0.34
2026-04-03T17:25:35.959098,1182.0801908051667,92198,68,-4.160591647968687,8.189451557807702,-4.35627742320582,10.166355918752723,0.07623476763814097,True,walking_dual_task,P10,18,0.34
2026-04-03T17:25:35.959112,1118.1909428958634,92198,68,-4.447548723796221,8.209207436396781,-4.61430098992116,10.414583525514642,0.2482276067619189,True,walking_dual_task,P10,18,0.34
2026-04-03T17:25:35.959123,1192.8444010937812,92198,66,-4.297859126474263,8.154085109922605,-4.584440752755861,10.294551669033888,0.12003185648075387,True,walking_dual_task,P10,18,0.34
2026-04-03T17:25:35.959133,1173.1946497346844,92198,67,-4.278307582695374,8.138265693161449,-4.568189888410756,10.26662764111057,0.027924027923317496,True,walking_dual_task,P10,18,0.34
2026-04-03T17:25:35.959144,1161.276489013962,92214,67,-3.1260708755239746,7.817616177855207,-4.414819966999975,9.50673851350106,0.7598891276095099,True,walking_dual_task,P10,18,0.34
2026-04-03T17:25:36.016103,1277.1013306783602,92238,67,-2.9352789527564345,7.769915830840632,-4.203344089917331,9.308896609538948,0.19784190396211265,True,walking_dual_task,P10,18,0.34
2026-04-03T17:25:36.016145,1210.8817785262847,92238,67,-2.862652843260281,7.689096442985575,-4.229801073946295,9.230828919209628,0.07806769032931982,True,walking_dual_task,P10,18,0.34
2026-04-03T17:25:36.016159,1233.4901996316428,92238,67,-2.756430869569563,7.916497131677756,-3.745589318456207,9.181409331748117,0.04941958746151087,True,walking_dual_task,P10,18,0.34
2026-04-03T17:25:36.074178,1138.9676085323636,92268,65,-2.828441260508077,8.184019006960298,-4.032064725351573,9.551742930997275,0.37033359924915743,True,walking_dual_task,P10,18,0.34
2026-04-03T17:25:36.134815,1029.9046606266254,92296,67,-3.218119050013342,7.773505924988587,-3.682713475409862,9.184011276553226,0.3677316544440483,True,walking_dual_task,P10,18,0.34
2026-04-03T17:25:36.135257,1252.8942594512619,92296,67,-3.6388670846508484,8.040740306035461,-3.5138783926146564,9.499589448336321,0.3155781717830948,True,walking_dual_task,P10,18,0.34
2026-04-03T17:25:36.135912,1144.2001634498536,92308,66,-3.628341478025342,8.063814117734179,-3.5196639592119037,9.517247206640342,0.017657758304020277,True,walking_dual_task,P10,18,0.34
2026-04-03T17:25:36.139316,1220.232205631776,92308,65,-3.629376279365075,8.033305476842646,-3.8378942711039485,9.614353930330443,0.09710672369010176,True,walking_dual_task,P10,18,0.34
2026-04-03T17:25:36.139345,1115.9596895707464,92302,67,-3.5661794433134437,7.869542609351266,-3.440657819124812,9.29975606833917,0.31459786199127393,True,walking_dual_task,P10,18,0.34
2026-04-03T17:25:36.203206,1249.7608391172002,92302,67,-3.602278308413974,8.742398596608794,-3.50644298446878,10.084695564893746,0.7849394965545766,True,walking_dual_task,P10,18,0.34
2026-04-03T17:25:36.203826,1206.1645898300835,92260,66,-3.977679668452772,8.560998102776846,-3.546974906011382,10.084327198402764,0.00036836649098148655,True,walking_dual_task,P10,18,0.34
2026-04-03T17:25:36.256047,1193.1973522900423,92260,68,-3.9609264607216037,8.459752831065884,-3.642896542182857,10.026317948629977,0.05800924977278754,True,walking_dual_task,P10,18,0.34
2026-04-03T17:25:36.256079,1112.492284930462,92224,65,-4.181813462233822,8.316318447022958,-3.5485999520286544,9.96199166656709,0.06432628206288626,True,walking_dual_task,P10,18,0.34
2026-04-03T17:25:36.260249,1142.41047213122,92224,68,-4.121911349579479,8.48426100236931,-3.7143819492812855,10.137527864093073,0.17553619752598237,True,walking_dual_task,P10,18,0.34
2026-04-03T17:25:36.314866,1213.3291641864666,92233,68,-4.023607380998312,9.185332614863947,-3.6119006868368517,10.658591753776854,0.5210638896837807,True,walking_dual_task,P10,18,0.34
2026-04-03T17:25:36.315224,1175.9901452325832,92233,67,-4.000783632893515,8.945169689058995,-3.700335341350606,10.474483857533826,0.18410789624302737,True,walking_dual_task,P10,18,0.34
2026-04-03T17:25:36.315976,1137.8240167478393,92237,66,-4.88829348894139,9.034194874656455,-3.407737446522958,10.822419543324429,0.34793568579060263,True,walking_dual_task,P10,18,0.34
2026-04-03T17:25:36.316368,1159.4347288053534,92237,66,-5.654839097958808,9.51760232580686,-3.4050933540587023,11.58259988110884,0.7601803377844103,True,walking_dual_task,P10,18,0.34
2026-04-03T17:25:36.375741,1138.6627350181059,92230,64,-5.621064598920774,9.44938909553218,-3.4523781291655364,11.524158808813047,0.05844107229579265,True,walking_dual_task,P10,18,0.34
2026-04-03T17:25:36.437651,1241.8208672726273,92230,68,-5.949620482059726,10.236193315224682,-3.632649229144099,12.384416735930532,0.8602579271174857,True,walking_dual_task,P10,18,0.34
2026-04-03T17:25:36.437700,1114.8090369417994,92228,68,-5.984415657593039,10.136172447640691,-3.7392891398263752,12.350607512279648,0.033809223650884235,True,walking_dual_task,P10,18,0.34
2026-04-03T17:25:36.437714,1153.2893573041713,92228,68,-6.055239472187217,9.932237774890151,-3.67587019363869,12.1994792496635,0.15112826261614742,True,walking_dual_task,P10,18,0.34
2026-04-03T17:25:36.437725,1148.4671196780162,92232,67,-6.046443032468075,9.69065961112074,-3.5827222101783374,11.970975544156527,0.22850370550697363,True,walking_dual_task,P10,18,0.34
2026-04-03T17:25:36.497122,1173.2720135009922,92232,68,-5.53547830874953,8.639920354766938,-3.4245667995754974,10.81745818610395,1.1535173580525768,True,walking_dual_task,P10,18,0.34
2026-04-03T17:25:36.497160,1234.4608308963157,92232,67,-5.170184614537823,8.499447621453472,-3.0478580179773322,10.404847779568108,0.41261040653584224,True,walking_dual_task,P10,18,0.34
2026-04-03T17:25:36.497173,1141.9205692655546,92232,66,-5.218879677193825,8.319018800006521,-3.0507678050086935,10.28348010548794,0.1213676740801688,True,walking_dual_task,P10,18,0.34
2026-04-03T17:25:36.557767,1133.8958516420785,92234,68,-4.605092331065287,8.181199207297906,-2.5783033566321447,9.735838127554752,0.5476419779331874,True,walking_dual_task,P10,18,0.34
2026-04-03T17:25:36.557839,1322.8721668774213,92234,67,-4.828612632345035,8.28502936601887,-2.628219223628269,9.94307537115586,0.2072372436011083,True,walking_dual_task,P10,18,0.34
2026-04-03T17:25:36.557856,1220.5704302867457,92242,66,-4.66711263802755,7.595027424552304,-2.2952824449420848,9.205145488138545,0.7379298830173155,True,walking_dual_task,P10,18,0.34
2026-04-03T17:25:36.557870,1070.588824428617,92242,67,-5.160399876995132,7.85562194676218,-2.4989213370752204,9.725488723443815,0.5203432353052708,True,walking_dual_task,P10,18,0.34
2026-04-03T17:25:36.674816,1194.992815807798,92242,65,-5.016052177339894,7.823024072876173,-2.347606740558789,9.584974830374541,0.14051389306927398,True,walking_dual_task,P10,18,0.34
2026-04-03T17:25:36.675437,1188.4385482749424,92251,67,-4.86580057389306,7.228674548057124,-2.8392597595790696,9.164668402566013,0.4203064278085282,True,walking_dual_task,P10,18,0.34
2026-04-03T17:25:36.675457,1106.2823966186522,92254,67,-4.754495838915032,7.2764113618407915,-2.7638852996505006,9.120880162495846,0.04378824007016746,True,walking_dual_task,P10,18,0.34
2026-04-03T17:25:36.676169,1187.5624468861743,92254,67,-4.1605871188530354,7.079437725320612,-2.561503994000398,8.601757168831174,0.5191229936646717,True,walking_dual_task,P10,18,0.34
2026-04-03T17:25:36.676965,1149.350214453763,92271,67,-3.7281345613252,6.472279539933406,-2.7474612115499846,7.958513231713554,0.64324393711762,True,walking_dual_task,P10,18,0.34
2026-04-03T17:25:36.734836,1245.1423418061165,92271,66,-3.792996721832374,6.143104882279373,-2.6741198242085256,7.699056991654293,0.2594562400592615,True,walking_dual_task,P10,18,0.34
2026-04-03T17:25:36.735245,1272.5471351781089,92276,68,-3.5849760201271383,5.942858878848691,-2.774512794169646,7.4744595767057564,0.22459741494853613,True,walking_dual_task,P10,18,0.34
2026-04-03T17:25:36.735976,1216.8044708523862,92276,67,-3.7808767986988525,5.938071426112447,-2.7058437191807205,7.541704837845495,0.06724526113973894,True,walking_dual_task,P10,18,0.34
2026-04-03T17:25:36.736609,1104.324485897055,92276,65,-3.6259870184156746,6.079755740190199,-2.725721104152366,7.58556308099249,0.04385824314699427,True,walking_dual_task,P10,18,0.34
2026-04-03T17:25:36.796881,1248.0100433990933,92251,67,-3.5783240218293972,6.024728599816502,-2.667522862691712,7.497828734349112,0.08773434664337731,True,walking_dual_task,P10,18,0.34
2026-04-03T17:25:36.796939,1171.3330039530886,92246,68,-3.690858475989673,5.995260978735574,-2.6457819447798894,7.521020714787156,0.02319198043804338,True,walking_dual_task,P10,18,0.34
2026-04-03T17:25:36.871852,1099.3368615451504,92246,68,-3.5655614548281473,5.996646071227287,-2.804472544415634,7.519179399648806,0.0018413151383498416,True,walking_dual_task,P10,18,0.34
2026-04-03T17:25:36.871903,1195.9381761821746,92256,67,-3.6642107866628786,6.057267752870223,-2.792566707432682,7.610214329079009,0.09103492943020353,True,walking_dual_task,P10,18,0.34
2026-04-03T17:25:36.871919,1225.4854710159375,92256,67,-3.577314664653746,5.829380188909463,-2.6516919618204646,7.335552048563225,0.2746622805157841,True,walking_dual_task,P10,18,0.34
2026-04-03T17:25:36.871932,1087.5275454073962,92256,66,-3.6138148158174386,5.9806312275113465,-2.789383282028936,7.523846522661665,0.18829447409843958,True,walking_dual_task,P10,18,0.34
2026-04-03T17:25:36.920072,1220.2619175149698,92262,67,-3.635117424760098,5.919491140454374,-2.649750712901078,7.434758428774407,0.08908809388725825,True,walking_dual_task,P10,18,0.34
2026-04-03T17:25:36.920108,1089.7546191696783,92262,66,-3.682013231033367,6.016671641200565,-2.688363799147222,7.548831630662931,0.11407320188852399,True,walking_dual_task,P10,18,0.34
2026-04-03T17:25:36.920121,1204.822580046667,92277,66,-3.5726647084884595,6.0135894592088865,-2.879596229659148,7.564341726089213,0.015510095426282788,True,walking_dual_task,P10,18,0.34
2026-04-03T17:25:37.023448,1171.6164247719817,92277,67,-3.655148200149587,5.944720581212887,-2.7797856900038327,7.511792038928057,0.05254968716115638,True,walking_dual_task,P10,18,0.34
2026-04-03T17:25:37.023485,1252.816387669561,92280,66,-5.082516703255577,9.015473714825077,-3.900561412916198,11.06006879171665,3.5482767527885937,True,walking_dual_task,P10,18,0.34
2026-04-03T17:25:37.023493,1204.1248655481165,92282,68,-6.393361142189575,9.352970127626062,-3.9126110452509173,11.985893462489333,0.9258246707726823,True,walking_dual_task,P10,18,0.34
2026-04-03T17:25:37.036490,1132.6013041659767,92282,67,-6.530240709494,9.34952293535062,-4.105444904906734,12.12073845563069,0.1348449931413569,True,walking_dual_task,P10,18,0.34
2026-04-03T17:25:37.036526,1160.1680713701776,92264,66,-6.293190483471193,9.960447247944733,-4.1940064845767715,12.506176323441718,0.38543786781102796,True,walking_dual_task,P10,18,0.34
2026-04-03T17:25:37.036587,1184.9053885832955,92264,67,-4.698180521961959,8.915735841874579,-4.784698183713373,11.156011049127722,1.350165274313996,True,walking_dual_task,P10,18,0.34
2026-04-03T17:25:37.095905,1151.1737259242468,92264,68,-4.808873937827506,8.899288214408562,-4.99897621891987,11.283278003769745,0.12726695464202287,True,walking_dual_task,P10,18,0.34
2026-04-03T17:25:37.095932,1175.4200914090802,92256,68,-3.674020804354116,8.12516229261353,-5.069118881655867,10.257322135357533,1.0259558684122112,True,walking_dual_task,P10,18,0.34
2026-04-03T17:25:37.095947,1170.3623777101786,92295,67,-3.945382678295405,8.004883809195325,-4.967610150955142,10.21378283931979,0.04353929603774276,True,walking_dual_task,P10,18,0.34
2026-04-03T17:25:37.156258,1183.3925343227365,92295,66,-4.236361115769758,8.715408237445423,-4.805796283527805,10.816689612229204,0.6029067729094137,True,walking_dual_task,P10,18,0.34
2026-04-03T17:25:37.156292,1255.7979353600085,92320,68,-3.907834069253946,8.363281237086639,-4.86982149867397,10.43699198008576,0.3796976321434453,True,walking_dual_task,P10,18,0.34
2026-04-03T17:25:37.156304,1211.0356456732038,92320,66,-4.023443763369183,8.368743581290015,-4.763264645326715,10.43612279190872,0.000869188177039959,True,walking_dual_task,P10,18,0.34
2026-04-03T17:25:37.220938,1131.7083483256276,92320,68,-3.936810062190425,7.717503893278258,-4.8318763347584355,9.91994802017266,0.5161747717360594,True,walking_dual_task,P10,18,0.34
2026-04-03T17:25:37.222318,1205.7382275887492,92335,67,-4.096716490813211,7.887534999363888,-4.813793476056991,10.107863374740482,0.1879153545678225,True,walking_dual_task,P10,18,0.34
2026-04-03T17:25:37.222346,1150.0259305395768,92356,65,-4.338073628435787,8.33070767362933,-4.673843341022906,10.491157454047707,0.38329407930722503,True,walking_dual_task,P10,18,0.34
2026-04-03T17:25:37.276309,1174.6937026247056,92356,67,-3.566331612298172,8.141455581339596,-4.8998570554228085,10.14941472772591,0.34174272632179736,True,walking_dual_task,P10,18,0.34
2026-04-03T17:25:37.276352,1145.7720356550062,92354,67,-3.819616083543983,7.939322557260188,-4.723633418348172,9.99675059030803,0.15266413741787943,True,walking_dual_task,P10,18,0.34
2026-04-03T17:25:37.276366,1117.505267839293,92354,67,-3.2388905425802665,7.507447705636915,-5.218756659347106,9.699876497624526,0.2968740926835043,True,walking_dual_task,P10,18,0.34
2026-04-03T17:25:37.343565,1177.2301010630333,92354,68,-2.954820215909592,7.629775228124612,-4.976491691439805,9.576528707993383,0.12334778963114346,True,walking_dual_task,P10,18,0.34
2026-04-03T17:25:37.395040,1119.949062078318,92340,68,-2.682077180960803,7.441528930722771,-4.845740251521376,9.276372643260354,0.300156064733029,True,walking_dual_task,P10,18,0.34
2026-04-03T17:25:37.395079,1235.664427082332,92340,67,-2.464278697997036,7.4722815305694485,-4.488789891348205,9.058526119748239,0.2178465235121152,True,walking_dual_task,P10,18,0.34
2026-04-03T17:25:37.395358,1189.511544230053,92296,67,-2.4581776493431313,7.113683895058167,-4.357340906621632,8.696755469199895,0.361770650548344,True,walking_dual_task,P10,18,0.34
2026-04-03T17:25:37.396095,1249.1114246747643,92286,66,-2.790445026787765,6.966819534822563,-4.062089579955872,8.533682067776835,0.16307340142305904,True,walking_dual_task,P10,18,0.34
2026-04-03T17:25:37.396630,1230.896587714125,92286,67,-2.9442408307416588,6.988676169603877,-4.008853774442638,8.577940152382647,0.044258084605811376,True,walking_dual_task,P10,18,0.34
2026-04-03T17:25:37.454554,1116.7342867390416,92313,67,-2.9388979463565263,6.974537407345202,-3.9214994255372067,8.524051321410775,0.05388883097187147,True,walking_dual_task,P10,18,0.34
2026-04-03T17:25:37.455015,1121.445879826681,92313,67,-3.3467502059965444,7.392961007703185,-4.346724565447829,9.206010202613575,0.6819588812027995,True,walking_dual_task,P10,18,0.34
2026-04-03T17:25:37.455692,1242.8680345580717,92313,67,-3.6208502823045534,7.503662689866116,-4.217167794830553,9.338094813178422,0.13208461056484744,True,walking_dual_task,P10,18,0.34
2026-04-03T17:25:37.514136,1234.2854820160326,92336,66,-3.6143201258476996,7.2966057352277085,-4.365629540559323,9.23918213441373,0.09891267876469279,True,walking_dual_task,P10,18,0.34
2026-04-03T17:25:37.514882,1141.7303155395698,92336,69,-3.397280170500171,8.234054551957081,-4.826186449157129,10.13080660971804,0.8916244753043099,True,walking_dual_task,P10,18,0.34
2026-04-03T17:25:37.515535,1257.8085640775753,92345,69,-3.523554686618697,8.11715155686053,-4.818480873674229,10.075780116526973,0.05502649319106645,True,walking_dual_task,P10,18,0.34
2026-04-03T17:25:37.574085,1206.0623843096735,92366,67,-3.275624854523023,8.078641230957384,-5.067776175697506,10.083477460333853,0.007697343806880141,True,walking_dual_task,P10,18,0.34
2026-04-03T17:25:37.574631,1150.8169402062954,92366,68,-3.4450197408287284,8.073798739662568,-5.095280377026979,10.149693060570486,0.06621560023663342,True,walking_dual_task,P10,18,0.34
2026-04-03T17:25:37.575308,1172.3068491228464,92370,65,-3.3325439081005994,8.040129246624009,-4.605580878251911,9.846872723253654,0.3028203373168328,True,walking_dual_task,P10,18,0.34
2026-04-03T17:25:37.694405,1134.6875967719834,92370,67,-3.7382998865972605,8.109808801124718,-4.784348273775823,10.130837736224715,0.2839650129710609,True,walking_dual_task,P10,18,0.34
2026-04-03T17:25:37.695776,1103.2014101279244,92379,68,-3.838450509942825,8.162550874879352,-4.835949333249356,10.234615041906995,0.10377730568228039,True,walking_dual_task,P10,18,0.34
2026-04-03T17:25:37.696895,1191.7204286915467,92379,69,-4.5744592859979845,9.040732200014268,-4.829658473790026,11.224353765142999,0.9897387232360035,True,walking_dual_task,P10,18,0.34
2026-04-03T17:25:37.696917,1181.4925198331534,92391,68,-4.43114473769576,9.008839553680657,-4.855426756143239,11.15210306510129,0.07225070004170853,True,walking_dual_task,P10,18,0.34
2026-04-03T17:25:37.696924,1144.2350832411296,92391,67,-5.240766630972057,9.454626289992513,-4.718263413201765,11.794812537725479,0.6427094726241886,True,walking_dual_task,P10,18,0.34
2026-04-03T17:25:37.697867,1181.7235794558444,92380,66,-5.779371739873141,9.913734493553239,-4.263247545522335,12.241672636968929,0.44686009924344994,True,walking_dual_task,P10,18,0.34
2026-04-03T17:25:37.755173,1168.2914465726712,92380,68,-5.78831223819528,9.887644529661092,-4.164441688395858,12.190678713173746,0.05099392379518264,True,walking_dual_task,P10,18,0.34
2026-04-03T17:25:37.755798,1220.1586974317797,92380,68,-5.769771002684235,9.759459897521465,-3.9579706116076774,12.008448953844772,0.18222975932897434,True,walking_dual_task,P10,18,0.34
2026-04-03T17:25:37.756217,1183.1573084188435,92387,67,-5.637181199060154,9.64518340543946,-4.088071137238884,11.896205294913484,0.11224365893128763,True,walking_dual_task,P10,18,0.34
2026-04-03T17:25:37.817045,1203.891669790424,92387,68,-5.517905019610125,9.721090423201606,-4.010335777302061,11.875591263941747,0.020614030971737307,True,walking_dual_task,P10,18,0.34
2026-04-03T17:25:37.875790,1145.1350437681897,92402,67,-5.643567589268522,9.645780461069101,-4.217843888255526,11.944921217968709,0.06932995402696207,True,walking_dual_task,P10,18,0.34
2026-04-03T17:25:37.875819,1116.6378771351274,92404,67,-5.760295409797509,9.797308011961096,-4.117692407994405,12.088161078353734,0.1432398603850249,True,walking_dual_task,P10,18,0.34
2026-04-03T17:25:37.876401,1110.1402488225215,92404,67,-5.685688888841532,9.798199659370844,-4.253414270833564,12.10054989101411,0.012388812660375947,True,walking_dual_task,P10,18,0.34
2026-04-03T17:25:37.876421,1085.5098267107833,92404,67,-5.687845950331486,9.604640307290554,-4.051329094460271,11.87493050163886,0.22561938937525028,True,walking_dual_task,P10,18,0.34
2026-04-03T17:25:37.876830,1095.7044554744884,92404,68,-5.722318486996512,9.703137737838281,-4.119395140588895,11.994383150057816,0.11945264841895664,True,walking_dual_task,P10,18,0.34
2026-04-03T17:25:37.935855,1160.1494624494956,92353,66,-5.704792259859013,9.787177637285692,-4.110727203964979,12.051206536166832,0.05682338610901638,True,walking_dual_task,P10,18,0.34
2026-04-03T17:25:37.935883,1102.8427279154866,92353,67,-5.857283316970528,9.680115105649316,-4.126074244948107,12.04312604719827,0.00808048896856306,True,walking_dual_task,P10,18,0.34
2026-04-03T17:25:37.935895,1177.3407877864386,92306,68,-5.754700608993876,9.87909735127054,-3.9828690489872662,12.106873644191378,0.0637475969931085,True,walking_dual_task,P10,18,0.34
2026-04-03T17:25:37.999539,1120.1709773847683,92306,66,-5.371071347330631,8.292868630494569,-3.9401945112460277,10.636973739142645,1.4698999050487327,True,walking_dual_task,P10,18,0.34
2026-04-03T17:25:37.999569,1198.0931091011237,92311,68,-4.776303171655539,7.174069524330939,-3.6419797813405124,9.35651442873861,1.2804593104040354,True,walking_dual_task,P10,18,0.34
2026-04-03T17:25:37.999575,1308.501135358199,92311,66,-4.688982905196956,6.961634189217523,-3.7010135002877664,9.173244366036691,0.1832700627019186,True,walking_dual_task,P10,18,0.34
2026-04-03T17:25:38.055895,1253.449786470172,92318,67,-3.9097743432331056,6.198747423019201,-3.5623052450451467,8.148670056412103,1.0245743096245885,True,walking_dual_task,P10,18,0.34
2026-04-03T17:25:38.056734,1225.00352860623,92318,67,-3.429289218636265,6.1149290246624,-3.1247864867028707,7.675719647641806,0.4729504087702967,True,walking_dual_task,P10,18,0.34
2026-04-03T17:25:38.057125,1167.5019331106528,92330,65,-3.468723900086419,6.3432564037454755,-3.228805312253593,7.9179625563099085,0.2422429086681026,True,walking_dual_task,P10,18,0.34
2026-04-03T17:25:38.117251,1190.5001999591443,92330,68,-3.472768527329786,5.994406723963908,-2.7378449053347773,7.449082355725676,0.4688802005842323,True,walking_dual_task,P10,18,0.34
2026-04-03T17:25:38.117682,1197.1978523330304,92355,68,-3.3179116125643446,6.089603647094667,-2.641807802482535,7.420980967012084,0.028101388713592357,True,walking_dual_task,P10,18,0.34
2026-04-03T17:25:38.118101,1159.0631264206136,92355,67,-3.807716304406897,6.389873769675295,-2.7214973855935747,7.920589515119638,0.4996085481075543,True,walking_dual_task,P10,18,0.34
2026-04-03T17:25:38.177617,1150.4389606733705,92375,67,-4.085989848696824,6.676733643916594,-2.9113900331944578,8.351663135019592,0.4310736198999541,True,walking_dual_task,P10,18,0.34
2026-04-03T17:25:38.177672,1234.0545486027156,92375,67,-4.130783424422221,6.596824765479911,-3.122396118124077,8.386347608131132,0.03468447311153966,True,walking_dual_task,P10,18,0.34
2026-04-03T17:25:38.177690,1206.0857636130468,92400,65,-4.555990544863902,6.991479537348003,-3.483368093660694,9.042769998290261,0.6564223901591291,True,walking_dual_task,P10,18,0.34
2026-04-03T17:25:38.235428,1195.3025707783186,92400,68,-4.528194490236851,7.005508328810501,-3.445884206773446,9.025287267058891,0.017482731231369897,True,walking_dual_task,P10,18,0.34
2026-04-03T17:25:38.237481,1177.5740103115288,92411,68,-4.51986393394755,7.830007185952468,-4.007586185288826,9.889334130566372,0.8640468635074807,True,walking_dual_task,P10,18,0.34
2026-04-03T17:25:38.237521,1139.1497830334167,92411,66,-4.660136718443335,7.733348416956616,-4.285189829791539,9.994218521224061,0.10488439065768951,True,walking_dual_task,P10,18,0.34
2026-04-03T17:25:38.297052,1117.8712610465016,92430,65,-4.8243839012544,7.844021095373479,-4.219105773357525,10.129373154254194,0.1351546330301332,True,walking_dual_task,P10,18,0.34
2026-04-03T17:25:38.297087,1145.4718701849117,92430,68,-4.921343280927724,7.8131085359652666,-4.303912342217063,10.187636925852537,0.05826377159834273,True,walking_dual_task,P10,18,0.34
2026-04-03T17:25:38.297101,1217.5122937976,92447,66,-4.7207178076131795,7.596046726287021,-4.342177416732278,9.941811062650093,0.2458258632024446,True,walking_dual_task,P10,18,0.34
2026-04-03T17:25:38.419132,1132.4868000214883,92447,66,-4.683474537217756,8.791488405138281,-4.569693896062122,10.95934781007316,1.0175367474230672,True,walking_dual_task,P10,18,0.34
2026-04-03T17:25:38.419184,1101.138302502632,92455,67,-5.9112734256773605,8.591882807357829,-4.191936253685764,11.239925855781053,0.2805780457078928,True,walking_dual_task,P10,18,0.34
2026-04-03T17:25:38.419200,1256.2327368222695,92455,66,-5.795750289221934,8.565819041174162,-4.034427181999152,11.101377389676093,0.1385484661049592,True,walking_dual_task,P10,18,0.34
2026-04-03T17:25:38.419213,1103.5794128694863,92453,67,-6.03516411048804,9.297919299020435,-4.681787530495552,12.033023045449685,0.9316456557735915,True,walking_dual_task,P10,18,0.34
2026-04-03T17:25:38.419225,1203.3317619965608,92453,67,-5.734352953616816,9.3028819988053,-4.683775424689136,11.889666501179564,0.14335654427012123,True,walking_dual_task,P10,18,0.34
2026-04-03T17:25:38.419236,1157.4899922804864,92438,66,-5.913981053612518,9.48019717467672,-4.67720689535554,12.113033258238735,0.2233667570591713,True,walking_dual_task,P10,18,0.34
2026-04-03T17:25:38.474179,1255.4301718635963,92438,68,-4.244390029152618,8.721874690081275,-5.524351415037694,11.162634249400071,0.950399008838664,True,walking_dual_task,P10,18,0.34
2026-04-03T17:25:38.474609,1162.6981521506702,92437,67,-3.0688978211018725,7.630794762812239,-4.980882636472522,9.615422735732421,1.5472115136676496,True,walking_dual_task,P10,18,0.34
2026-04-03T17:25:38.475573,1094.6022373174087,92437,66,-3.278090319481434,7.669409719934368,-5.0155543718630975,9.732497482764467,0.11707474703204568,True,walking_dual_task,P10,18,0.34
2026-04-03T17:25:38.536668,1071.1777302284167,92405,67,-3.4166088198796376,8.024959239908057,-4.769225146437237,9.940759283257709,0.20826180049324172,True,walking_dual_task,P10,18,0.34
2026-04-03T17:25:38.536700,1288.5879366066556,92405,67,-3.3348627460176345,7.9897450270624875,-4.9531519225282885,9.974519993457916,0.0337607102002071,True,walking_dual_task,P10,18,0.34
2026-04-03T17:25:38.536712,1170.2574679053394,92398,67,-3.409616707012854,8.8090026948205,-5.047627186241349,10.709927860512355,0.7354078670544393,True,walking_dual_task,P10,18,0.34
2026-04-03T17:25:38.594378,1158.499221412435,92398,67,-3.2956794382862515,8.579893056810096,-4.972526033736618,10.449980046987138,0.25994781352521734,True,walking_dual_task,P10,18,0.34
2026-04-03T17:25:38.656819,1173.7646712444507,92425,67,-3.8587687508185122,8.094535344915984,-5.106985895968285,10.319539895945292,0.1304401510418458,True,walking_dual_task,P10,18,0.34
2026-04-03T17:25:38.656849,1073.3705305133415,92425,68,-4.340439152834773,8.360108766934706,-4.87209819054383,10.605101197666151,0.28556130172085936,True,walking_dual_task,P10,18,0.34
2026-04-03T17:25:38.656862,1187.347989940602,92428,66,-4.304261390994158,8.496762438560705,-5.0591182609969385,10.785004202043304,0.17990300437715234,True,walking_dual_task,P10,18,0.34
2026-04-03T17:25:38.656872,1124.0442354117513,92428,68,-3.6924170706670894,8.52781455874957,-5.453767244481825,10.775023996685935,0.009980205357368988,True,walking_dual_task,P10,18,0.34
2026-04-03T17:25:38.719478,1247.9394658817318,92428,67,-3.872474769326811,8.413916468058174,-5.172618788817003,10.60877166805639,0.16625232862954498,True,walking_dual_task,P10,18,0.34
2026-04-03T17:25:38.719544,1181.7702514152272,92428,68,-3.1630951128734734,7.850003113648144,-5.610554343185446,10.154114418067518,0.45465724998887147,True,walking_dual_task,P10,18,0.34
2026-04-03T17:25:38.719559,1220.3684293254948,92435,66,-2.6394973443669656,7.374019247814455,-5.267516853597116,9.438741436282063,0.715372981785455,True,walking_dual_task,P10,18,0.34
2026-04-03T17:25:38.719660,1229.876945671048,92435,67,-2.789727845610516,7.2642402617320405,-5.203355059996633,9.360911916749139,0.07782951953292461,True,walking_dual_task,P10,18,0.34
2026-04-03T17:25:38.776189,1237.7058942166395,92445,66,-2.676879173569748,7.519767509305765,-5.19865306218407,9.525679984382107,0.16476806763296814,True,walking_dual_task,P10,18,0.34
2026-04-03T17:25:38.777631,1179.0308955648468,92445,65,-2.644908660648985,7.45007666090766,-5.194766148117149,9.459639496841353,0.06604048754075365,True,walking_dual_task,P10,18,0.34
2026-04-03T17:25:38.777668,1215.9970947827755,92459,68,-2.846267970676532,7.2535199651744895,-5.29278128078637,9.419571483476657,0.04006801336469579,True,walking_dual_task,P10,18,0.34
2026-04-03T17:25:38.836820,1178.4724326245876,92459,67,-2.752957269131171,7.410257220008819,-5.203107546962821,9.463773768302815,0.04420228482615762,True,walking_dual_task,P10,18,0.34
2026-04-03T17:25:38.837738,1109.3500104012714,92488,66,-2.6320769739719685,7.454816645670498,-5.360675608129562,9.551908887393902,0.08813511909108662,True,walking_dual_task,P10,18,0.34
2026-04-03T17:25:38.837887,1109.4287922403114,92488,69,-2.5415898459004644,7.498395296441265,-5.272605257895307,9.512411743194365,0.03949714419953665,True,walking_dual_task,P10,18,0.34
2026-04-03T17:25:38.894949,1207.3100070998523,92503,66,-2.550157739207223,7.349763140621721,-5.152408585665858,9.331111238846283,0.18130050434808176,True,walking_dual_task,P10,18,0.34
2026-04-03T17:25:38.895388,1192.3621871281214,92503,67,-2.596783972853208,7.4177262868020515,-5.206198685571286,9.427112761669164,0.09600152282288121,True,walking_dual_task,P10,18,0.34
2026-04-03T17:25:38.895762,1175.7382021488318,92517,67,-2.789952108868269,7.5067931086374005,-5.292975818891902,9.599550435569308,0.1724376739001432,True,walking_dual_task,P10,18,0.34
2026-04-03T17:25:38.954814,1232.5477451620466,92517,68,-2.6839004526163768,7.281952895049285,-5.396397897671638,9.452580064472658,0.1469703710966499,True,walking_dual_task,P10,18,0.34
2026-04-03T17:25:38.954854,1103.1853210687148,92532,67,-2.763454618513611,7.430699901424888,-5.263652442142817,9.516197743074494,0.06361767860183676,True,walking_dual_task,P10,18,0.34
2026-04-03T17:25:38.955674,1012.3877795307824,92532,68,-3.016154276853463,8.122623950256552,-4.503372315395771,9.764966393702329,0.24876865062783438,True,walking_dual_task,P10,18,0.34
2026-04-03T17:25:39.023398,1206.482378160945,92545,67,-3.9258821194686115,7.859897245152686,-3.813910234976381,9.5779145120835,0.18705188161882802,True,walking_dual_task,P10,18,0.34
2026-04-03T17:25:39.075889,1185.2633079095563,92545,68,-3.8719602385310177,7.816868336285282,-3.785869350544463,9.509380285537883,0.06853422654561747,True,walking_dual_task,P10,18,0.34
2026-04-03T17:25:39.077014,1186.8452363348645,92564,67,-4.8184718723509645,8.774124684120872,-3.8571056652324036,10.727543953296323,1.2181636677584393,True,walking_dual_task,P10,18,0.34
2026-04-03T17:25:39.078220,1210.6821536419882,92564,66,-5.29037271041447,9.916052086177748,-3.849203222815736,11.879919942551098,1.1523759892547751,True,walking_dual_task,P10,18,0.34
2026-04-03T17:25:39.078510,1231.8245092124212,92550,67,-5.373040146527719,9.896954779201748,-3.937269285316475,11.9298517904817,0.04993184793060301,True,walking_dual_task,P10,18,0.34
2026-04-03T17:25:39.078812,1179.9508397202253,92550,67,-6.172699658897463,10.351307258171321,-3.617415924981247,12.583222202851344,0.6533704123696431,True,walking_dual_task,P10,18,0.34
2026-04-03T17:25:39.134877,1149.2230846611114,92479,69,-6.02415082845689,10.283625544600564,-3.719221331387643,12.485029229337348,0.0981929735139957,True,walking_dual_task,P10,18,0.34
2026-04-03T17:25:39.135323,1205.7083866046917,92479,68,-5.918136676518612,9.918926376864665,-3.7655957442120127,12.148627638562472,0.3364015907748765,True,walking_dual_task,P10,18,0.34
2026-04-03T17:25:39.135709,1206.0389276865383,92454,65,-5.157532636452148,9.1932844336632,-3.6358490282552247,11.150606249463193,0.9980213890992786,True,walking_dual_task,P10,18,0.34
2026-04-03T17:25:39.196671,1206.9850815991244,92454,68,-4.737055532737975,9.257000193506713,-3.8097707481456147,11.074570007736318,0.07603624172687518,True,walking_dual_task,P10,18,0.34
2026-04-03T17:25:39.196715,1084.3327762633758,92457,66,-4.939599071370563,8.612241183149267,-3.429419021588076,10.503868430642461,0.5707015770938568,True,walking_dual_task,P10,18,0.34
2026-04-03T17:25:39.196728,1066.753074767826,92457,68,-4.82577618720726,8.955124710554768,-3.4005430529330427,10.725952985420756,0.22208455477829503,True,walking_dual_task,P10,18,0.34
2026-04-03T17:25:39.255215,1216.691325592667,92471,67,-5.43555930912394,8.630701578218781,-3.262192251629163,10.708698007781406,0.017254977639350244,True,walking_dual_task,P10,18,0.34
2026-04-03T17:25:39.259057,1133.631221778007,92471,68,-5.747718211613907,8.84877791063669,-2.7288668407407872,10.898800364553182,0.19010235677177612,True,walking_dual_task,P10,18,0.34
2026-04-03T17:25:39.259086,1089.7312675306507,92484,66,-5.676043784944225,8.851778035660908,-2.858023357572377,10.896776814895409,0.0020235496577729606,True,walking_dual_task,P10,18,0.34
2026-04-03T17:25:39.318073,1242.518297786642,92484,67,-6.7733764957117994,8.900661863250088,-2.0405269959515944,11.369439791730409,0.47266297683500014,True,walking_dual_task,P10,18,0.34
2026-04-03T17:25:39.318103,1244.2134702732014,92486,67,-6.661979695931846,8.655849172790061,-2.2803385718099025,11.158209640134146,0.21123015159626313,True,walking_dual_task,P10,18,0.34
2026-04-03T17:25:39.318116,1311.1976099907936,92486,68,-6.745934259155237,9.00392695457674,-2.2292219888991407,11.46942720051831,0.3112175603841649,True,walking_dual_task,P10,18,0.34
2026-04-03T17:25:39.435242,1171.8505162507395,92463,66,-6.5519611850676664,8.54743428769441,-2.150044425311927,10.982236534691019,0.487190665827292,True,walking_dual_task,P10,18,0.34
2026-04-03T17:25:39.435914,1192.489480032966,92463,66,-5.289317600662495,7.534677401359605,-2.580697074240231,9.560765744030615,1.421470790660404,True,walking_dual_task,P10,18,0.34
2026-04-03T17:25:39.436497,1262.734520832279,92455,69,-5.2077892337269605,7.207422286827794,-2.5719620279397364,9.256510865155851,0.30425487887476343,True,walking_dual_task,P10,18,0.34
2026-04-03T17:25:39.436848,1119.1364836301568,92455,67,-4.470659356938381,6.305831187296193,-2.199597112670527,8.036698918494242,1.2198119466616095,True,walking_dual_task,P10,18,0.34
2026-04-03T17:25:39.437514,1126.1379220496542,92467,66,-4.402975522639066,6.2125768150822624,-2.3233993085545404,7.961186374105817,0.07551254438842481,True,walking_dual_task,P10,18,0.34
2026-04-03T17:25:39.437889,1229.0839302755787,92467,68,-4.06493078382328,5.831744095954046,-2.003703751173365,7.385643519723602,0.5755428543822152,True,walking_dual_task,P10,18,0.34
2026-04-03T17:25:39.494452,1110.2837753488443,92483,67,-3.9614793343032404,6.18388662041605,-1.4215527071539942,7.480279697276642,0.09463617755304021,True,walking_dual_task,P10,18,0.34
2026-04-03T17:25:39.495431,1151.9522150314597,92483,67,-4.356667323088882,6.277954796121256,-1.67062719496562,7.822036934889212,0.34175723761256993,True,walking_dual_task,P10,18,0.34
2026-04-03T17:25:39.554946,1217.6667227806288,92504,67,-4.466942691684589,6.71900596914628,-1.8492797241546992,8.277587433690288,0.4555504988010757,True,walking_dual_task,P10,18,0.34
2026-04-03T17:25:39.556364,1121.4054094227997,92504,68,-4.291575519800146,6.638692719428376,-2.0005218058186687,8.154259559315928,0.12332787437435933,True,walking_dual_task,P10,18,0.34
2026-04-03T17:25:39.556393,1199.0028967058063,92539,68,-4.6819227020564815,6.932635969740088,-2.332708217027701,8.68466287789886,0.5304033185829322,True,walking_dual_task,P10,18,0.34
2026-04-03T17:25:39.619317,1229.3867291032984,92539,68,-4.905940237737388,7.026892734532572,-2.1462968388510997,8.834707761965852,0.15004488406699146,True,walking_dual_task,P10,18,0.34
2026-04-03T17:25:39.619354,1150.1376555258748,92561,68,-4.8429644311852345,7.5107856219697355,-2.6258041173670352,9.314561310319146,0.47985354835329375,True,walking_dual_task,P10,18,0.34
2026-04-03T17:25:39.619372,1153.1893683904755,92561,66,-5.13228099650333,7.960083635419041,-2.7362225711400017,9.858506665248608,0.5439453549294626,True,walking_dual_task,P10,18,0.34
2026-04-03T17:25:39.619386,1183.7177207006503,92554,68,-5.2060754479777565,7.907876624260035,-2.647207292114493,9.830841302858023,0.027665362390585813,True,walking_dual_task,P10,18,0.34
2026-04-03T17:25:39.675167,1204.4625388618836,92554,66,-5.529828261241777,8.244838787515079,-2.845240360897973,10.327233895977383,0.49639259311936,True,walking_dual_task,P10,18,0.34
2026-04-03T17:25:39.675196,1207.1675980893363,92505,68,-5.516968442693659,8.035576922204212,-2.801657928953733,10.141830427551426,0.18540346842595667,True,walking_dual_task,P10,18,0.34
2026-04-03T17:25:39.739116,1142.394366534919,92505,66,-5.456216847408666,8.224486000058064,-3.2414869092019734,10.388441155131265,0.2466107275798386,True,walking_dual_task,P10,18,0.34
2026-04-03T17:25:39.739164,1281.9598600170975,92463,69,-5.3349206081356595,8.728509890533015,-3.131603647012335,10.698373904768154,0.3099327496368893,True,walking_dual_task,P10,18,0.34
2026-04-03T17:25:39.739178,1153.8333396790158,92463,68,-5.3270294683220705,8.734106064822788,-3.2338688550899093,10.72938765633279,0.03101375156463604,True,walking_dual_task,P10,18,0.34
2026-04-03T17:25:39.739189,1123.966136519405,92449,68,-5.297095427554977,8.753331595399354,-3.1053225280596766,10.692196312774817,0.037191343557973155,True,walking_dual_task,P10,18,0.34
2026-04-03T17:25:39.794823,1235.999803129783,92449,68,-5.24499576722517,8.648337498942995,-3.321188229027196,10.645844886455105,0.046351426319711564,True,walking_dual_task,P10,18,0.34
2026-04-03T17:25:39.795208,1223.2928758021578,92458,67,-5.255299962587139,8.803757893634025,-3.106198109037147,10.713206683298784,0.06736179684367904,True,walking_dual_task,P10,18,0.34
2026-04-03T17:25:39.795752,1139.2591274617284,92458,67,-5.3544574198231745,8.768169907757953,-3.3279767409428613,10.79937252715491,0.08616584385612569,True,walking_dual_task,P10,18,0.34
2026-04-03T17:25:39.854793,1128.1617468063753,92455,66,-5.338980264799706,8.39994326714422,-2.964994465601922,10.385323747491567,0.41404877966334297,True,walking_dual_task,P10,18,0.34
2026-04-03T17:25:39.855437,1173.0348023872666,92455,68,-5.301912382372859,8.696532877338715,-3.034653083817609,10.627750389245863,0.24242664175429596,True,walking_dual_task,P10,18,0.34
2026-04-03T17:25:39.855463,1080.458886119318,92459,67,-5.209116154505205,8.640494249501797,-3.445564145760199,10.661376284014597,0.033625894768734454,True,walking_dual_task,P10,18,0.34
2026-04-03T17:25:39.914235,1213.0968588917328,92459,65,-5.160894766443606,8.390881179240743,-3.2552236770955716,10.374883273674223,0.286493010340374,True,walking_dual_task,P10,18,0.34
2026-04-03T17:25:39.915112,1223.7856400289966,92480,68,-5.256626403611076,8.689240085908242,-3.249631296659672,10.66279128473993,0.2879080110657064,True,walking_dual_task,P10,18,0.34
2026-04-03T17:25:39.915955,1256.561547928658,92480,66,-5.1924548505676995,8.792812827929907,-3.057013865099771,10.659290716253357,0.0035005684865723197,True,walking_dual_task,P10,18,0.34
2026-04-03T17:25:39.975160,1157.3276411697066,92492,67,-5.30629767363329,8.791952695509286,-3.3889644054158774,10.813894161792728,0.15460344553937055,True,walking_dual_task,P10,18,0.34
2026-04-03T17:25:39.975185,1141.2766105343635,92492,66,-3.650136635153744,8.027290404392053,-4.627608100569201,9.958696974212536,0.8551971875801918,True,walking_dual_task,P10,18,0.34
2026-04-03T17:25:39.975440,1171.18893507234,92513,67,-4.41351384232248,8.685910295395649,-4.72587580354919,10.828575354431624,0.8698783802190881,True,walking_dual_task,P10,18,0.34
2026-04-03T17:25:40.036376,1200.410454037371,92513,67,-4.542189659683919,8.583569976109418,-4.814963892660529,10.839420543872777,0.010845189441152314,True,walking_dual_task,P10,18,0.34
2026-04-03T17:25:40.036584,1137.4828104496632,92520,68,-4.4427590319599215,8.439878558191733,-5.036722133044282,10.786020013822716,0.053400530050060624,True,walking_dual_task,P10,18,0.34
2026-04-03T17:25:40.036628,1169.2557866194938,92520,67,-3.2996930243070954,7.801637010722332,-4.997984638744174,9.835312122696266,0.9507078911264504,True,walking_dual_task,P10,18,0.34
2026-04-03T17:25:40.155477,1107.692739237237,92524,66,-3.298519522768385,7.8938829812323466,-5.029584618433262,9.92422999519128,0.08891787249501348,True,walking_dual_task,P10,18,0.34
2026-04-03T17:25:40.156254,1196.7948903125027,92524,66,-2.9884274599501386,7.284329613029043,-4.298094193209606,8.970271472388003,0.9539585228032763,True,walking_dual_task,P10,18,0.34
2026-04-03T17:25:40.156369,1186.3786329084796,92535,68,-2.8700572987224033,7.1794778814478555,-4.2094536406476974,8.803501093366824,0.16677037902117853,True,walking_dual_task,P10,18,0.34
2026-04-03T17:25:40.156998,1215.1641542095845,92535,67,-2.8648877276236546,7.305616031972296,-4.038330180117348,8.825401857260998,0.02190076389417328,True,walking_dual_task,P10,18,0.34
2026-04-03T17:25:40.157209,1144.2165669315195,92562,67,-2.835858990908395,7.729939285485062,-4.127389442918011,9.210287790678006,0.3848859334170083,True,walking_dual_task,P10,18,0.34
2026-04-03T17:25:40.157589,1180.7548441396932,92562,67,-3.197440081302159,7.356363482650899,-4.326880261713825,9.11381366726388,0.09647412341412576,True,walking_dual_task,P10,18,0.34
2026-04-03T17:25:40.215056,1202.7247691059708,92583,68,-3.706671980024012,7.5996723058358,-4.367849006696885,9.516960715947382,0.40314704868350226,True,walking_dual_task,P10,18,0.34
2026-04-03T17:25:40.215123,1292.9624342664583,92583,65,-3.4295542907359877,7.449741884906612,-4.514740467116481,9.361804220889086,0.15515649505829643,True,walking_dual_task,P10,18,0.34
2026-04-03T17:25:40.215314,1158.377252128551,92552,67,-3.8893938046955223,7.664549465615724,-4.57814377518227,9.738177606981418,0.3763733860923324,True,walking_dual_task,P10,18,0.34
2026-04-03T17:25:40.275211,1092.2847962091648,92552,67,-4.258337021534373,7.75700792719436,-4.48503456030516,9.920692575554293,0.18251496857287464,True,walking_dual_task,P10,18,0.34
2026-04-03T17:25:40.275436,1255.7643018848933,92512,67,-4.188856469895846,7.622514652204589,-4.535672528896503,9.809259576433297,0.11143299912099636,True,walking_dual_task,P10,18,0.34
2026-04-03T17:25:40.275879,1171.5845739296003,92512,67,-4.129203074251504,8.336207565047978,-4.614114293666763,10.384253719502,0.5749941430687038,True,walking_dual_task,P10,18,0.34
2026-04-03T17:25:40.335717,1131.9556509228255,92507,68,-4.025833502666971,8.215444342228679,-4.555961562718728,10.220452381985032,0.16380133751696846,True,walking_dual_task,P10,18,0.34
2026-04-03T17:25:40.336325,1120.375327744371,92507,67,-3.9080235227386595,8.779562251568297,-4.021888624490334,10.417722845768475,0.19727046378344326,True,walking_dual_task,P10,18,0.34
2026-04-03T17:25:40.336410,1092.4809264061614,92517,68,-3.873631928735269,8.496774011830405,-4.169374941554696,10.226626048247686,0.1910967975207889,True,walking_dual_task,P10,18,0.34
2026-04-03T17:25:40.395681,1119.5159703009488,92517,67,-4.741207735962916,8.506778593078383,-3.446134548450614,10.330545781963128,0.10391973371544161,True,walking_dual_task,P10,18,0.34
2026-04-03T17:25:40.396278,1194.1439013796032,92532,65,-5.741612841285435,9.411803989081026,-2.7541899327608035,11.363702501113634,1.0331567191505062,True,walking_dual_task,P10,18,0.34
2026-04-03T17:25:40.396623,1103.8289361043057,92532,68,-5.856813377416277,9.556974126214225,-2.818096551790164,11.557667825397216,0.1939653242835817,True,walking_dual_task,P10,18,0.34
2026-04-03T17:25:40.455701,1324.5768655624415,92554,68,-5.802359681167928,9.534751701969375,-2.927534500775106,11.539034887765945,0.018632937631270607,True,walking_dual_task,P10,18,0.34
2026-04-03T17:25:40.456580,1224.3144327214693,92554,67,-5.769795518042205,10.890111214933139,-2.892826688166701,12.659127491316372,1.120092603550427,True,walking_dual_task,P10,18,0.34
2026-04-03T17:25:40.456672,1132.0969374873048,92555,66,-5.6090551321788755,10.982340174480761,-2.757270099680451,12.636290341173241,0.022837150143130813,True,walking_dual_task,P10,18,0.34
2026-04-03T17:25:40.515496,1174.8518729512584,92555,67,-6.6141134406881985,10.204485379977154,-2.5280699998586416,12.420513532082522,0.21577680909071972,True,walking_dual_task,P10,18,0.34
2026-04-03T17:25:40.516029,1281.7368714125903,92550,67,-6.370623254231067,10.41714159131019,-2.5984676878187574,12.484138492719165,0.06362496063664302,True,walking_dual_task,P10,18,0.34
2026-04-03T17:25:40.516459,1232.5641900545131,92550,68,-6.385691804508691,10.374604776778174,-2.4592850659188956,12.428095877163551,0.056042615555613295,True,walking_dual_task,P10,18,0.34
2026-04-03T17:25:40.574534,1190.3163618026817,92548,67,-5.564341670649261,10.164717138081215,-2.5567752037085167,11.866780193768845,0.5613156833947066,True,walking_dual_task,P10,18,0.34
2026-04-03T17:25:40.575623,1135.2043083431406,92548,65,-5.562797302925554,10.25439016268013,-2.6004229837540356,11.952381818547426,0.08560162477858135,True,walking_dual_task,P10,18,0.34
2026-04-03T17:25:40.576150,1207.7589251567497,92561,66,-5.974486573747166,8.226700635271696,-2.2177367693794,10.406317770495107,1.546064048052319,True,walking_dual_task,P10,18,0.34
2026-04-03T17:25:40.634250,1160.9122389015502,92561,65,-5.806202752733469,8.043443488753825,-1.9292477804699104,10.105986867252208,0.3003309032428998,True,walking_dual_task,P10,18,0.34
2026-04-03T17:25:40.634976,1156.4903454616958,92567,67,-5.78693211965972,8.217482370895487,-1.7855087326738863,10.208018480977694,0.10203161372548664,True,walking_dual_task,P10,18,0.34
2026-04-03T17:25:40.635673,1202.2867283785758,92567,67,-5.909270491956084,8.584546307995593,-1.5543563066837223,10.537074384730856,0.3290559037531615,True,walking_dual_task,P10,18,0.34
2026-04-03T17:25:40.695228,1199.7946692765438,92561,65,-5.82444585796864,8.497251299819343,-1.6696605285293138,10.436245277168334,0.10082910756252161,True,walking_dual_task,P10,18,0.34
2026-04-03T17:25:40.696061,1251.3377977303956,92561,68,-6.657005576576184,7.971745806999997,-1.7566982203093071,10.53330162367082,0.09705634650248562,True,walking_dual_task,P10,18,0.34
2026-04-03T17:25:40.696496,1165.1634051304095,92566,68,-6.555569723387608,8.035960053949326,-1.7283689324156293,10.513772279891032,0.01952934377978721,True,walking_dual_task,P10,18,0.34
2026-04-03T17:25:40.755801,1290.405857945599,92566,68,-6.504172785982589,7.84945292845234,-1.5005578097372927,10.303875418805738,0.20989686108529426,True,walking_dual_task,P10,18,0.34
2026-04-03T17:25:40.756499,1173.6872367941455,92554,67,-6.580921044811329,7.830975207775241,-1.5994936667055317,10.353312247424116,0.049436828618377504,True,walking_dual_task,P10,18,0.34
2026-04-03T17:25:40.756915,1133.474821643583,92554,66,-6.510873984430928,7.892637133391661,-1.5297704361973055,10.345308045099271,0.008004202324844556,True,walking_dual_task,P10,18,0.34
2026-04-03T17:25:40.879942,1169.3691916567582,92511,67,-6.493476694083018,8.042674787493432,-1.6589642282801504,10.469098319563868,0.12379027446459645,True,walking_dual_task,P10,18,0.34
2026-04-03T17:25:40.880060,1206.690482645599,92511,68,-6.235504762898113,8.057840006644298,-1.680354404040455,10.32636897190782,0.14272934765604717,True,walking_dual_task,P10,18,0.34
2026-04-03T17:25:40.880085,1001.9110128896907,92506,67,-6.506111112126003,7.790724062206958,-1.4115336145599415,10.247794414497815,0.07857455741000585,True,walking_dual_task,P10,18,0.34
2026-04-03T17:25:40.880105,1190.6811271217928,92506,67,-6.494960859776214,7.903408656126287,-1.6851287953907554,10.367644091731352,0.11984967723353712,True,walking_dual_task,P10,18,0.34
2026-04-03T17:25:40.880125,1160.7320870754188,92528,67,-6.341594342381577,7.800693940211731,-1.7503715861086537,10.204432636929825,0.16321145480152666,True,walking_dual_task,P10,18,0.34
2026-04-03T17:25:40.937621,1183.220863292352,92528,67,-6.33341499380894,7.985513788673095,-1.5766587560042955,10.31341014338987,0.10897750646004489,True,walking_dual_task,P10,18,0.34
2026-04-03T17:25:40.937727,1231.2076474620208,92561,67,-6.465915006397476,8.172016971192695,-1.417413587020832,10.516604942855311,0.20319479946544128,True,walking_dual_task,P10,18,0.34
2026-04-03T17:25:40.937758,1198.9244459242136,92561,67,-6.384063465334969,8.099191913774757,-1.705554664411383,10.452850936413212,0.06375400644209961,True,walking_dual_task,P10,18,0.34
2026-04-03T17:25:40.937783,1196.2792130811683,92580,67,-6.362828036372138,7.924546334229124,-1.5779255473505216,10.28464215501779,0.16820878139542117,True,walking_dual_task,P10,18,0.34
2026-04-03T17:25:40.995593,1184.7989628403889,92580,67,-5.197438115845668,7.524438862722097,-2.8319522695353734,9.573426597818282,0.7112155571995089,True,walking_dual_task,P10,18,0.34
2026-04-03T17:25:40.997260,1123.8583526707102,92581,68,-5.691798782645067,8.308721111968795,-2.9521737320764023,10.495082164659681,0.9216555668413999,True,walking_dual_task,P10,18,0.34
2026-04-03T17:25:40.997393,1197.690526513739,92581,67,-5.798869866869184,8.135494860234658,-2.7682029547945675,10.36706882164488,0.1280133430148016,True,walking_dual_task,P10,18,0.34
2026-04-03T17:25:41.056145,1187.5481865248435,92577,67,-6.412705113923443,8.53919571474002,-2.682160833134519,11.010660155847834,0.643591334202954,True,walking_dual_task,P10,18,0.34
2026-04-03T17:25:41.056762,1183.1077743162684,92577,67,-6.46834404149282,8.825401798084561,-3.3105510643719276,11.431838867241087,0.421178711393253,True,walking_dual_task,P10,18,0.34
2026-04-03T17:25:41.057139,1171.539322946716,92568,67,-6.339047405115534,8.708512379991012,-3.1533676811930444,11.22343252349973,0.20840634374135725,True,walking_dual_task,P10,18,0.34
2026-04-03T17:25:41.175314,1161.6258847167885,92568,66,-6.265214937735119,9.12103983649407,-3.3457095366393252,11.560279331334964,0.3368468078352347,True,walking_dual_task,P10,18,0.34
2026-04-03T17:25:41.175349,1140.5441683160502,92566,68,-6.03119369613828,8.849315841040767,-3.48471202559717,11.26183404939776,0.2984452819372052,True,walking_dual_task,P10,18,0.34
2026-04-03T17:25:41.175773,1172.0624266790833,92566,67,-6.43934327498244,9.032547108743596,-3.5226614441457746,11.63877969268278,0.3769456432850209,True,walking_dual_task,P10,18,0.34
2026-04-03T17:25:41.176354,1149.9942454994255,92572,67,-7.347365449733849,10.104005183111362,-3.885152326754238,13.083161253854811,1.4443815611720314,True,walking_dual_task,P10,18,0.34
2026-04-03T17:25:41.176841,1068.063006641449,92572,67,-7.3500580231024895,9.939540831716375,-3.995693345832334,12.991666182682616,0.09149507117219535,True,walking_dual_task,P10,18,0.34
2026-04-03T17:25:41.177675,1198.9970096623142,92575,68,-6.852622998538296,10.199231558453032,-4.228654055077925,12.994779007761819,0.0031128250792029633,True,walking_dual_task,P10,18,0.34
2026-04-03T17:25:41.235493,1092.7636405923076,92575,67,-6.897218424987046,10.18868588155746,-4.174836157532966,12.99269790833581,0.002081099426009203,True,walking_dual_task,P10,18,0.34
2026-04-03T17:25:41.235536,1235.365900996639,92582,67,-5.454402592566138,9.341826103785012,-4.371760356406463,11.667583777672155,1.3251141306636551,True,walking_dual_task,P10,18,0.34
2026-04-03T17:25:41.235545,1140.9187094309968,92582,68,-4.349155051703095,8.012154169458588,-4.690588813343848,10.252384479465917,1.4151992982062378,True,walking_dual_task,P10,18,0.34
2026-04-03T17:25:41.295189,1158.557672289214,92593,66,-4.59622349809095,8.287084617488828,-4.412363174037022,10.453228720420377,0.20084424095445996,True,walking_dual_task,P10,18,0.34
2026-04-03T17:25:41.295698,1132.4906354355164,92593,66,-4.546267703251641,8.226259559742525,-4.4905802946433475,10.416583305312898,0.036645415107479096,True,walking_dual_task,P10,18,0.34
2026-04-03T17:25:41.295732,1177.0674469395462,92603,67,-4.568251014785893,8.375618744217412,-4.284706804730653,10.458423355605929,0.04184005029303073,True,walking_dual_task,P10,18,0.34
2026-04-03T17:25:41.358273,1179.070320663548,92603,66,-4.67920293877505,8.231850100088126,-4.376268671317962,10.431204326256918,0.02721902934901088,True,walking_dual_task,P10,18,0.34
2026-04-03T17:25:41.362009,1169.3760827877868,92551,69,-4.446025033297409,8.49723151774062,-4.65013955967303,10.658042971729278,0.22683864547236077,True,walking_dual_task,P10,18,0.34
2026-04-03T17:25:41.362042,1165.0944718835883,92551,68,-3.8312520526290146,7.921298837592661,-4.480156416761712,9.874070542783864,0.7839724289454146,True,walking_dual_task,P10,18,0.34
2026-04-03T17:25:41.417564,1183.6985414194482,92525,67,-4.084879007761933,7.792868483944398,-4.419099089724548,9.845987633595337,0.028082909188526628,True,walking_dual_task,P10,18,0.34
2026-04-03T17:25:41.417656,1112.1033635657277,92525,69,-4.636209851332632,8.157550383894446,-4.092805279083592,10.236753640869974,0.39076600727463706,True,walking_dual_task,P10,18,0.34
2026-04-03T17:25:41.417669,1187.1388547283682,92527,66,-4.742522213815631,8.353097106055905,-4.064966315795849,10.43023007226059,0.1934764313906161,True,walking_dual_task,P10,18,0.34
2026-04-03T17:25:41.475296,1125.1120136540355,92527,69,-4.218429508629581,8.373231292065874,-3.8803541226299196,10.14708322163167,0.28314685062892053,True,walking_dual_task,P10,18,0.34
2026-04-03T17:25:41.475329,1178.3189902477798,92534,66,-4.1701354924495995,8.387455191021742,-4.103882279577363,10.226499125869738,0.07941590423806844,True,walking_dual_task,P10,18,0.34
2026-04-03T17:25:41.536001,1143.2090697311298,92534,66,-3.3849752371004582,7.821426161498645,-4.071673337228078,9.445172752292716,0.7813263735770217,True,walking_dual_task,P10,18,0.34
2026-04-03T17:25:41.536026,1104.1028355908788,92553,68,-3.2359310815966427,7.456553107893879,-3.9546472879929366,9.039395410541292,0.4057773417514241,True,walking_dual_task,P10,18,0.34
2026-04-03T17:25:41.536638,1108.6876776935005,92553,68,-3.3613419288841984,7.27991572985585,-3.8875782551592195,8.91117597664104,0.12821943390025226,True,walking_dual_task,P10,18,0.34
2026-04-03T17:25:41.622812,1161.7738032271486,92574,67,-3.5288833396440515,7.3546866700955436,-3.6663310552579995,8.943512567601594,0.03233659096055419,True,walking_dual_task,P10,18,0.34
2026-04-03T17:25:41.624028,1151.4690095487229,92574,66,-3.6477307618530275,7.375183909286086,-3.5631873762651205,8.966358329061826,0.022845761460231984,True,walking_dual_task,P10,18,0.34
2026-04-03T17:25:41.624063,1078.1085424545975,92581,68,-3.830921530803407,7.405978330431844,-3.361237548155785,8.99012751083829,0.02376918177646381,True,walking_dual_task,P10,18,0.34
2026-04-03T17:25:41.677074,1214.4572279062077,92581,67,-4.449860933404062,7.552496512802771,-3.410859877099762,9.406137943053073,0.41601043221478307,True,walking_dual_task,P10,18,0.34
2026-04-03T17:25:41.714106,1078.9855420724998,92586,66,-4.565079334659441,7.715396604122182,-3.518500245924548,9.63053155704325,0.224393613990177,True,walking_dual_task,P10,18,0.34
2026-04-03T17:25:41.714829,1072.5723705956914,92586,69,-4.632260772756546,8.105927605879451,-3.6188375067865057,10.012985924243697,0.382454367200447,True,walking_dual_task,P10,18,0.34
2026-04-03T17:25:41.715518,1236.85742170515,92586,66,-4.737997792997465,8.249050202511093,-3.594061159115608,10.169204882657276,0.1562189584135787,True,walking_dual_task,P10,18,0.34
2026-04-03T17:25:41.716094,1182.3681746178627,92586,68,-4.6216979814388965,8.346812619214056,-3.253569025894195,10.080430771458404,0.08877411119887135,True,walking_dual_task,P10,18,0.34
2026-04-03T17:25:41.718437,1142.7192635131912,92598,66,-4.582230582172414,8.371413505662838,-3.4057727070274146,10.132950652348168,0.052519880889763115,True,walking_dual_task,P10,18,0.34
2026-04-03T17:25:41.777075,1245.4656798052422,92598,68,-4.854230713197823,8.16556530502077,-3.350238628898262,10.072939562911817,0.06001108943635103,True,walking_dual_task,P10,18,0.34
2026-04-03T17:25:41.777490,1312.871841976397,92613,66,-4.739936309632757,8.572427704399022,-3.2414412771553622,10.317967557604039,0.24502799469222225,True,walking_dual_task,P10,18,0.34
2026-04-03T17:25:41.777819,1141.676302706582,92613,66,-4.641643378431683,8.497623659275208,-3.228897454657526,10.206872188868944,0.11109536873509462,True,walking_dual_task,P10,18,0.34
2026-04-03T17:25:41.778218,1202.3481479306533,92632,67,-4.693187346542518,8.285098023658547,-3.3611783010821834,10.097840180109966,0.10903200875897845,True,walking_dual_task,P10,18,0.34
2026-04-03T17:25:41.895010,1087.409500784629,92632,66,-4.539162365712264,8.322669019403541,-3.1952796737612443,10.004030526862152,0.09380965324781343,True,walking_dual_task,P10,18,0.34
2026-04-03T17:25:41.895657,1238.3340711870044,92648,67,-4.840151827700257,8.345630873081966,-3.3288550322946664,10.205777785693872,0.20174725883171973,True,walking_dual_task,P10,18,0.34
2026-04-03T17:25:41.895857,1138.7419802884574,92648,67,-4.742326005787264,8.242273994392312,-3.299531253741412,10.065368499872141,0.14040928582173073,True,walking_dual_task,P10,18,0.34
2026-04-03T17:25:41.896113,1276.8146643763112,92648,68,-4.604722415551678,8.217742389571145,-3.294183165919222,9.9792986344865,0.08606986538564065,True,walking_dual_task,P10,18,0.34
2026-04-03T17:25:41.897380,1230.7477584804676,92648,67,-4.606850795221661,8.333976887932739,-3.445983660524078,10.12684790083422,0.1475492663477187,True,walking_dual_task,P10,18,0.34
2026-04-03T17:25:41.955391,1162.396690647614,92605,68,-4.514427202156623,8.435050270582552,-3.2120410735121,10.091944009394584,0.034903891439634904,True,walking_dual_task,P10,18,0.34
2026-04-03T17:25:42.018423,1142.0969045449535,92605,67,-4.723697299532819,8.452863461250683,-3.243542080672083,10.211992073109492,0.12004806371490773,True,walking_dual_task,P10,18,0.34
2026-04-03T17:25:42.018475,1118.8123382952608,92560,66,-4.822316657806836,8.419098656816617,-3.328679593768075,10.257488385532818,0.0454963124233263,True,walking_dual_task,P10,18,0.34
2026-04-03T17:25:42.018488,1173.0730747727382,92560,66,-4.907982113198634,7.638212457876515,-2.5613256739582013,9.433502381576801,0.8239860039560174,True,walking_dual_task,P10,18,0.34
2026-04-03T17:25:42.018515,1190.1384814536373,92561,68,-5.732640598293843,7.797789640731965,-2.155605024524706,9.915408440002343,0.4819060584255421,True,walking_dual_task,P10,18,0.34
2026-04-03T17:25:42.018525,1266.095443480271,92561,66,-5.7306761746926975,7.785005858340537,-1.9295150346664427,9.857484156852136,0.057924283150207145,True,walking_dual_task,P10,18,0.34
2026-04-03T17:25:42.076944,1218.5208522177695,92549,67,-6.840171736038225,7.81444740346605,-1.863969125750977,10.551204599560485,0.693720442708349,True,walking_dual_task,P10,18,0.34
2026-04-03T17:25:42.076989,1262.1061949513073,92549,66,-6.1173175712665016,7.270684441498651,-2.2218998925328917,9.758138431484467,0.7930661680760185,True,walking_dual_task,P10,18,0.34
2026-04-03T17:25:42.077002,1201.9033522720335,92535,67,-6.160810063726399,7.080339906454325,-2.1248708411201127,9.62298653868354,0.135151892800927,True,walking_dual_task,P10,18,0.34
2026-04-03T17:25:42.077013,1227.4940044843902,92535,67,-5.141279362297394,6.443094414066653,-2.2414523113648834,8.54226712143123,1.0807194172523094,True,walking_dual_task,P10,18,0.34
2026-04-03T17:25:42.140668,1186.2999698887495,92533,68,-5.0552125666711385,6.422301216023051,-2.405469365226364,8.519824521115648,0.022442600315581984,True,walking_dual_task,P10,18,0.34
2026-04-03T17:25:42.140713,1140.9131451346664,92533,66,-4.431687292920352,5.811761038486081,-2.092070499481029,7.602182423850096,0.9176420972655519,True,walking_dual_task,P10,18,0.34
2026-04-03T17:25:42.140729,1172.3469958896324,92528,68,-3.9325229378068864,5.666302601964492,-1.853143284471434,7.141838829474413,0.46034359437568373,True,walking_dual_task,P10,18,0.34
2026-04-03T17:25:42.194310,1188.986617112353,92528,69,-3.907467989610348,5.572015694574159,-1.7365457718522634,7.023621303013727,0.11821752646068528,True,walking_dual_task,P10,18,0.34
2026-04-03T17:25:42.195614,1260.4325252955812,92546,67,-4.184230682518376,5.666688596253004,-1.7165323442960108,7.250215813370413,0.22659451035668532,True,walking_dual_task,P10,18,0.34
2026-04-03T17:25:42.196303,1253.9995413099327,92546,69,-4.146125910204634,5.7610670086142415,-1.849872100112773,7.335003744224626,0.08478793085421366,True,walking_dual_task,P10,18,0.34
2026-04-03T17:25:42.255700,1189.7027942462214,92571,68,-4.802526985740392,6.280325711959449,-1.774311993182297,8.10277357120475,0.7677698269801239,True,walking_dual_task,P10,18,0.34
2026-04-03T17:25:42.256335,1158.0721304998128,92571,68,-5.454113611006202,7.325875792723351,-2.192145243566701,9.392620091383725,1.2898465201789744,True,walking_dual_task,P10,18,0.34
2026-04-03T17:25:42.256371,1203.220856533108,92604,67,-5.432980178957512,7.172835426584091,-2.109535912259983,9.242130893193384,0.1504891981903409,True,walking_dual_task,P10,18,0.34
2026-04-03T17:25:42.318255,1200.4503029567147,92604,66,-5.2791717604814625,7.6515267472129604,-2.618878563391339,9.657848671923317,0.4157177787299329,True,walking_dual_task,P10,18,0.34
2026-04-03T17:25:42.318787,1165.2034354525392,92627,67,-5.542364902517556,7.633188773304733,-2.5540606043756093,9.772748084975246,0.11489941305192986,True,walking_dual_task,P10,18,0.34
2026-04-03T17:25:42.319296,1172.2178376265103,92627,67,-5.564042301879267,7.588176677079547,-2.605183740862843,9.763502155647432,0.00924592932781465,True,walking_dual_task,P10,18,0.34
2026-04-03T17:25:42.376787,1214.6633959333183,92634,69,-5.617782080636783,7.860740698307264,-2.8321073611964147,10.068344051376613,0.3048418957291812,True,walking_dual_task,P10,18,0.34
2026-04-03T17:25:42.376829,1168.0503854731767,92634,66,-5.683546597723993,8.99424365255018,-3.5139963641220686,11.204788764497183,1.1364447131205697,True,walking_dual_task,P10,18,0.34
2026-04-03T17:25:42.376847,1119.925133489993,92638,66,-5.608618814082274,8.837856502483865,-3.416301925373507,11.010696227100478,0.1940925373967044,True,walking_dual_task,P10,18,0.34
2026-04-03T17:25:42.439921,1201.6570050411356,92638,68,-5.786645416565698,9.167092820737892,-3.8873028147122417,11.516595813622821,0.505899586522343,True,walking_dual_task,P10,18,0.34
2026-04-03T17:25:42.439971,1206.996057817896,92634,67,-5.956749908862401,8.967015567133867,-3.8365146734178848,11.428433072705289,0.08816274091753229,True,walking_dual_task,P10,18,0.34
2026-04-03T17:25:42.439986,1275.286907362714,92634,66,-5.543553657275664,9.431439126555283,-3.560952280174822,11.504929912463377,0.07649683975808763,True,walking_dual_task,P10,18,0.34
2026-04-03T17:25:42.495861,1221.7856724696999,92567,68,-5.822602822587805,9.345900654026757,-3.502834405483817,11.555016725941439,0.0500868134780621,True,walking_dual_task,P10,18,0.34
2026-04-03T17:25:42.495905,1140.2811733715344,92567,66,-6.587816188595615,9.72207929846871,-3.1586718459453103,12.161223452054644,0.6062067261132054,True,walking_dual_task,P10,18,0.34
2026-04-03T17:25:42.616325,1260.9513851417396,92527,67,-7.066142098067084,10.402407945928557,-3.8681605344393706,13.156865931664264,0.9956424796096197,True,walking_dual_task,P10,18,0.34
2026-04-03T17:25:42.616373,1171.4905268403684,92527,66,-7.016430728116257,10.606066242191506,-4.028070436284833,13.339576182768335,0.18271025110407102,True,walking_dual_task,P10,18,0.34
2026-04-03T17:25:42.619392,1216.938070001563,92512,68,-4.728336453553429,9.46222655930387,-4.382252107331809,11.449673821110009,1.8899023616583257,True,walking_dual_task,P10,18,0.34
2026-04-03T17:25:42.619432,1123.3133154454126,92512,66,-4.792118252921504,9.31595138823136,-4.435813905812706,11.376633624445969,0.07304019666404038,True,walking_dual_task,P10,18,0.34
2026-04-03T17:25:42.619447,1136.230102397876,92523,67,-3.9644652164008516,8.112395415221032,-4.1704719444032445,9.94589262278686,1.4307410016591096,True,walking_dual_task,P10,18,0.34
2026-04-03T17:25:42.619460,1174.0722988766613,92523,67,-3.3721192926042676,8.646307324466019,-4.227065583200918,10.197936179313457,0.2520435565265977,True,walking_dual_task,P10,18,0.34
2026-04-03T17:25:42.676783,1245.4862654662495,92543,67,-3.5520383905053414,8.874040534687547,-4.319481175877833,10.4892082526597,0.29127207334624394,True,walking_dual_task,P10,18,0.34
2026-04-03T17:25:42.676813,1229.1323764923513,92543,67,-3.3052119198638823,8.25243444613366,-4.337809613463202,9.891597058392414,0.5976111942672873,True,walking_dual_task,P10,18,0.34
2026-04-03T17:25:42.676826,1205.2119363572936,92565,70,-3.281095418383125,8.585867642983752,-4.272020299216283,10.13572236026057,0.24412530186815573,True,walking_dual_task,P10,18,0.34
2026-04-03T17:25:42.676836,1321.2255614491633,92565,66,-4.442891884453982,9.063834836886763,-3.8678046439081695,10.809824374648588,0.6741020143880192,True,walking_dual_task,P10,18,0.34
2026-04-03T17:25:42.736769,1266.4597467391795,92567,67,-4.482272148606811,9.416233738338002,-4.325893059166194,11.290242344101097,0.4804179694525086,True,walking_dual_task,P10,18,0.34
2026-04-03T17:25:42.736806,1065.7390642636935,92567,67,-4.636315513851851,9.282167101173496,-4.125064704584197,11.165581330817364,0.12466101328373291,True,walking_dual_task,P10,18,0.34
2026-04-03T17:25:42.736819,1191.1158617843105,92560,67,-4.622827422923596,9.330707098637609,-4.238181561224777,11.242544698092436,0.0769633672750718,True,walking_dual_task,P10,18,0.34
2026-04-03T17:25:42.794887,1118.5341415471535,92560,65,-4.307236728018643,9.219363412171099,-4.113674012405646,10.97594022565782,0.2666044724346168,True,walking_dual_task,P10,18,0.34
2026-04-03T17:25:42.794934,1272.2257345357093,92560,66,-4.517852236247464,9.011005917514542,-4.1747531624368985,10.910443640903205,0.06549658475461406,True,walking_dual_task,P10,18,0.34
2026-04-03T17:25:42.795604,1173.82394283041,92560,67,-4.553872805377061,9.257145308440847,-4.192198963336817,11.135844329791228,0.22540068888802267,True,walking_dual_task,P10,18,0.34
2026-04-03T17:25:42.856192,1167.92732036208,92578,66,-4.7001114838383975,9.279546154459364,-4.325507454716102,11.265479995723917,0.12963566593268894,True,walking_dual_task,P10,18,0.34
2026-04-03T17:25:42.916254,1231.0570649701233,92578,67,-4.530429297598737,9.324734673319139,-4.168579763198552,11.173742595499936,0.09173740022398036,True,walking_dual_task,P10,18,0.34
2026-04-03T17:25:42.918433,1243.2516427181263,92609,66,-4.390473084351823,9.188423965664294,-4.192694943430614,11.012814343567243,0.16092825193269356,True,walking_dual_task,P10,18,0.34
2026-04-03T17:25:42.918482,1258.5160706778488,92609,67,-4.646744613315132,9.182287213374806,-4.104884861795584,11.079562883926343,0.06674854035910016,True,walking_dual_task,P10,18,0.34
2026-04-03T17:25:42.919490,1134.857203261529,92617,67,-4.433763728578913,9.361423404836843,-4.300909544328593,11.215718072151502,0.1361551882251586,True,walking_dual_task,P10,18,0.34
2026-04-03T17:25:42.919802,1184.319604831779,92617,67,-4.46829242315742,9.32057082912243,-4.236689118370171,11.170864444851624,0.04485362729987763,True,walking_dual_task,P10,18,0.34
2026-04-03T17:25:42.974463,1254.8813328675053,92625,67,-4.3553302689895546,9.329627991863386,-4.193399449442795,11.117349466537632,0.053514978313991435,True,walking_dual_task,P10,18,0.34
2026-04-03T17:25:42.974948,1201.7831491065087,92625,67,-3.9761255061503618,7.544833631450529,-3.192600924711793,9.106414729815299,2.0109347367223336,True,walking_dual_task,P10,18,0.34
2026-04-03T17:25:42.975370,1271.5664093101545,92628,67,-4.131516989776556,7.466679811946597,-3.4941534680650856,9.22116307790587,0.114748348090572,True,walking_dual_task,P10,18,0.34
2026-04-03T17:25:43.039299,1145.6217169577146,92628,66,-4.098575427808576,7.543317135177765,-3.2888805889993296,9.193295897989975,0.027867179915896045,True,walking_dual_task,P10,18,0.34
2026-04-03T17:25:43.040520,1085.4508431093204,92579,67,-4.207710628760494,7.945782892458148,-3.5551729026053756,9.668482242673052,0.4751863446830775,True,walking_dual_task,P10,18,0.34
2026-04-03T17:25:43.040547,1185.3402165861353,92579,67,-4.304739758990845,7.802790981504533,-3.89153252987696,9.724112140693133,0.055629898020081114,True,walking_dual_task,P10,18,0.34
2026-04-03T17:25:43.094741,1191.1967075320194,92547,67,-4.330271153565506,7.847000633190321,-4.033991426625817,9.828517387214687,0.10440524652155325,True,walking_dual_task,P10,18,0.34
2026-04-03T17:25:43.095098,1262.4279307701966,92547,68,-5.103149682958339,8.624145865348243,-3.7003830121838948,10.682268627512611,0.8537512402979246,True,walking_dual_task,P10,18,0.34
2026-04-03T17:25:43.095373,1288.23441245991,92550,66,-5.029242956515612,8.624047645798663,-3.3856591757530885,10.54182956450295,0.14043906300966214,True,walking_dual_task,P10,18,0.34
2026-04-03T17:25:43.155964,1193.9969839154044,92550,68,-6.143971821500442,10.126347191751394,-3.342848652441397,12.307149723002968,1.7653201585000193,True,walking_dual_task,P10,18,0.34
2026-04-03T17:25:43.157480,1200.5802467519254,92542,68,-6.669511029378323,10.57737435672496,-3.114009516858213,12.886437867944165,0.5792881449411968,True,walking_dual_task,P10,18,0.34
2026-04-03T17:25:43.157512,1189.9140558098325,92542,66,-6.607490551789783,10.478912617291915,-2.8951467614782773,12.721965878091684,0.16447198985248157,True,walking_dual_task,P10,18,0.34
2026-04-03T17:25:43.216561,1204.3840879454176,92539,67,-6.497365795598816,9.810826511690017,-2.420988869914903,12.013711592698945,0.7082542853927389,True,walking_dual_task,P10,18,0.34
2026-04-03T17:25:43.218153,1215.4089072253498,92539,67,-6.523653933625531,10.041991949833106,-2.552144726020485,12.243900753794723,0.2301891610957778,True,walking_dual_task,P10,18,0.34
2026-04-03T17:25:43.218188,1198.3877567573159,92543,67,-6.0365811653912065,10.423403694119237,-2.5993295474639426,12.322506678158204,0.07860592436348135,True,walking_dual_task,P10,18,0.34
2026-04-03T17:25:43.276002,1223.471066889406,92543,68,-5.38621965778005,10.319474782550937,-2.527022158695028,11.9117069717189,0.4107997064393043,True,walking_dual_task,P10,18,0.34
2026-04-03T17:25:43.276649,1222.942615412796,92541,67,-5.582210922401406,10.302165080896772,-2.6568638982785093,12.014766327740297,0.10305935602139726,True,walking_dual_task,P10,18,0.34
2026-04-03T17:25:43.277128,1247.1352815967387,92541,69,-5.233764954039392,9.63866338931164,-2.5588002062559747,11.262485783437116,0.752280544303181,True,walking_dual_task,P10,18,0.34
2026-04-03T17:25:43.335635,1232.998738947758,92539,67,-5.459641058236815,9.6254283961858,-2.4074907189595254,11.32486484938171,0.06237906594459375,True,walking_dual_task,P10,18,0.34
2026-04-03T17:25:43.336850,1242.428079134366,92539,68,-5.048808377013044,8.732788864657016,-2.6363838007234097,10.426053276633084,0.8988115727486257,True,walking_dual_task,P10,18,0.34
2026-04-03T17:25:43.337703,1198.0254068073878,92537,67,-5.071191112681501,8.583073115823124,-2.674908475558664,10.321882520428193,0.10417075620489058,True,walking_dual_task,P10,18,0.34
2026-04-03T17:25:43.395762,1127.4053994669302,92537,66,-5.182986846472966,8.754620759812076,-2.7479090958939008,10.53839369629645,0.2165111758682574,True,walking_dual_task,P10,18,0.34
2026-04-03T17:25:43.396373,1135.4999103086482,92531,67,-5.233385761487209,9.08313637501415,-2.8969023000703524,10.875832651884412,0.33743895558796133,True,walking_dual_task,P10,18,0.34
2026-04-03T17:25:43.396580,1057.7580018729416,92531,68,-5.797681642136744,8.61153065942774,-2.997792308407469,10.80547691896014,0.07035573292427166,True,walking_dual_task,P10,18,0.34
2026-04-03T17:25:43.458377,1179.1092278858202,92527,68,-5.948805822195315,8.608793897217506,-3.035418511872114,10.895567383902968,0.09009046494282735,True,walking_dual_task,P10,18,0.34
2026-04-03T17:25:43.460952,1223.2464732070905,92527,67,-4.870782176749565,7.840494488982358,-3.288582888811428,9.798604505830781,1.096962878072187,True,walking_dual_task,P10,18,0.34
2026-04-03T17:25:43.461460,1039.6861028567555,92524,68,-4.883015238942134,7.9676401227944975,-3.253424351438422,9.895044060570843,0.09643955474006205,True,walking_dual_task,P10,18,0.34
2026-04-03T17:25:43.514670,1131.1448716472773,92524,65,-4.136136789412317,6.992353471330355,-3.424607717254904,8.81638092563142,1.0786631349394238,True,walking_dual_task,P10,18,0.34
2026-04-03T17:25:43.515175,1202.8833001783048,92529,67,-3.6212351318173157,6.249828243643388,-3.283300267497534,7.934340401161268,0.8820405244701508,True,walking_dual_task,P10,18,0.34
2026-04-03T17:25:43.639124,1195.0745188482165,92529,68,-3.672541367917744,6.24854037358757,-3.278673416433931,7.954968024514716,0.020627623353447255,True,walking_dual_task,P10,18,0.34
2026-04-03T17:25:43.639173,1227.515606391988,92545,67,-3.622341189824666,5.919237180502343,-2.7695202178313196,7.47187839378547,0.4830896307292454,True,walking_dual_task,P10,18,0.34
2026-04-03T17:25:43.639187,1213.4690457035629,92545,66,-3.6522845251633256,6.015046269454603,-2.8305385659112656,7.584979396777439,0.11310100299196879,True,walking_dual_task,P10,18,0.34
2026-04-03T17:25:43.639261,1207.114679372144,92526,68,-3.8172045966944257,5.902595060770621,-2.4913799265422454,7.457791450747093,0.12718794603034578,True,walking_dual_task,P10,18,0.34
2026-04-03T17:25:43.639289,1163.622323989775,92526,68,-4.108307373433342,6.093416955130758,-2.577022351738425,7.787744465828421,0.3299530150813279,True,walking_dual_task,P10,18,0.34
2026-04-03T17:25:43.639300,1173.951452955379,92488,67,-4.0538283132597455,5.944153307085236,-2.6873139192537887,7.680373599775851,0.10737086605257051,True,walking_dual_task,P10,18,0.34
2026-04-03T17:25:43.696715,1213.7282110396375,92488,68,-4.375592909673251,6.462254325214613,-2.641070811254033,8.239041164176559,0.5586675644007082,True,walking_dual_task,P10,18,0.34
2026-04-03T17:25:43.696760,1116.4590899514244,92492,67,-4.266357224425,6.567722087249026,-2.52388423517569,8.228412302158324,0.010628862018235097,True,walking_dual_task,P10,18,0.34
2026-04-03T17:25:43.696775,1183.7184691228736,92492,67,-4.834100784411186,6.642087038652462,-2.476034480725012,8.580011501893168,0.351599199734844,True,walking_dual_task,P10,18,0.34
2026-04-03T17:25:43.696786,1124.9204507744194,92504,69,-5.132337934397378,6.88151115608936,-2.8024881137906705,9.030505417316057,0.4504939154228893,True,walking_dual_task,P10,18,0.34
2026-04-03T17:25:43.754709,1222.3307072020714,92504,67,-5.263291864365066,7.087338870732005,-2.455115953756404,9.162980293794673,0.1324748764786161,True,walking_dual_task,P10,18,0.34
2026-04-03T17:25:43.821508,1162.301923417061,92520,68,-5.108873496317857,7.105206320151931,-2.3964683299299057,9.073456106118716,0.08952418767595738,True,walking_dual_task,P10,18,0.34
2026-04-03T17:25:43.821560,1173.1375865659784,92520,67,-5.07820190349729,6.935993867216636,-2.5071036173615795,8.954424272220844,0.11903183389787131,True,walking_dual_task,P10,18,0.34
2026-04-03T17:25:43.821573,1203.8160264655335,92532,65,-5.10780906269735,7.272331225394245,-2.4507054860365054,9.21859383268982,0.2641695604689751,True,walking_dual_task,P10,18,0.34
2026-04-03T17:25:43.821584,1154.089022223423,92532,67,-5.320968067936959,6.994112513412979,-2.556343715279261,9.152333266491807,0.06626056619801268,True,walking_dual_task,P10,18,0.34
2026-04-03T17:25:43.876347,1117.7825383010663,92534,68,-5.0768383919984155,7.249886738103966,-2.433479353599186,9.179159413486527,0.02682614699472019,True,walking_dual_task,P10,18,0.34
2026-04-03T17:25:43.876407,1238.4041247920354,92534,66,-5.132201778032047,6.966303880534378,-2.429298848991739,8.987234154293311,0.19192525919321568,True,walking_dual_task,P10,18,0.34
2026-04-03T17:25:43.876422,1162.411058916212,92526,66,-5.192555705829122,7.059815261147958,-2.4169014896653183,9.090931695399686,0.1036975411063743,True,walking_dual_task,P10,18,0.34
2026-04-03T17:25:43.877191,1120.5857586651507,92526,67,-5.299558905911657,7.2203794481781625,-2.5878198952588614,9.32287593949414,0.23194424409445347,True,walking_dual_task,P10,18,0.34
2026-04-03T17:25:43.935091,1235.5090054877112,92513,68,-5.058824606419333,7.104829959532576,-2.4536800088503123,9.060400694131417,0.2624752453627224,True,walking_dual_task,P10,18,0.34
2026-04-03T17:25:43.935611,1226.6526329021908,92513,68,-5.1284017962327395,7.077070656794095,-2.7432935025056935,9.160299848026218,0.09989915389480153,True,walking_dual_task,P10,18,0.34
2026-04-03T17:25:43.936154,1095.527617595597,92516,67,-5.2412290461646025,7.125256881546813,-2.5263776741611808,9.199040802979939,0.03874095495372032,True,walking_dual_task,P10,18,0.34
2026-04-03T17:25:43.994602,1132.6391691304866,92516,69,-3.40629794506569,8.781031928771775,-4.742234776172928,10.545054674918097,1.3460138719381582,True,walking_dual_task,P10,18,0.34
2026-04-03T17:25:43.994635,1203.9000503709287,92545,67,-3.2375380409553016,9.078887952258047,-4.266726848864859,10.541006451905494,0.004048223012603103,True,walking_dual_task,P10,18,0.34
2026-04-03T17:25:43.995695,1165.604965135804,92545,66,-3.437386977268661,8.951022883106152,-4.276728822408349,10.49889752811239,0.04210892379310316,True,walking_dual_task,P10,18,0.34
2026-04-03T17:25:44.054542,1226.4605806407894,92567,66,-3.1966858686915693,9.27945194562165,-4.450572656562982,10.776577653668157,0.2776801255557668,True,walking_dual_task,P10,18,0.34
2026-04-03T17:25:44.116509,1316.4769993705895,92567,67,-3.8661158716876005,8.815528001681864,-4.474215573585198,10.61503607533503,0.16154157833312688,True,walking_dual_task,P10,18,0.34
2026-04-03T17:25:44.118756,1086.8712528038282,92584,65,-3.9474733311497996,8.801211998086433,-4.144555729862484,10.498629459759757,0.11640661557527388,True,walking_dual_task,P10,18,0.34
2026-04-03T17:25:44.118788,1301.2017054496614,92584,67,-4.178865303361711,9.013500475214746,-4.181187907228722,10.779074095482066,0.2804446357223096,True,walking_dual_task,P10,18,0.34
2026-04-03T17:25:44.118802,1123.5119599127165,92592,67,-4.142019852889919,8.98315105948389,-4.191291304135812,10.743381879806993,0.03569221567507341,True,walking_dual_task,P10,18,0.34
2026-04-03T17:25:44.118814,1164.6454276237196,92592,67,-3.631553856140282,8.546622329997764,-4.283644109165999,10.226560688504044,0.5168211913029488,True,walking_dual_task,P10,18,0.34
2026-04-03T17:25:44.176029,1174.4436301721435,92572,67,-3.727805807853081,8.696423558505607,-4.262217990532936,10.377418804732569,0.15085811622852496,True,walking_dual_task,P10,18,0.34
2026-04-03T17:25:44.176111,1183.4002478382697,92572,67,-2.984267827722037,7.763155931310273,-4.124389519652339,9.283481749388681,1.093937055343888,True,walking_dual_task,P10,18,0.34
2026-04-03T17:25:44.176125,1145.018801654534,92515,69,-3.102896754421141,7.842463372965375,-4.308363669342963,9.470702061210407,0.18722031182172572,True,walking_dual_task,P10,18,0.34
2026-04-03T17:25:44.236094,1208.764678721812,92515,66,-2.6806468239303274,7.792782897572817,-4.469104510559005,9.374765480248024,0.09593658096238222,True,walking_dual_task,P10,18,0.34
2026-04-03T17:25:44.236143,1168.7619802491452,92499,67,-2.8724522424354437,7.533250074026382,-4.290584197867556,9.13290486766843,0.241860612579595,True,walking_dual_task,P10,18,0.34
2026-04-03T17:25:44.236156,1189.0957036956254,92499,67,-2.7852129566100143,7.751430855170512,-4.4221690548988155,9.348672133852082,0.2157672661836525,True,walking_dual_task,P10,18,0.34
2026-04-03T17:25:44.358958,1299.75460772956,92503,67,-3.0826620085648293,7.099544134638132,-4.431675878532229,8.918861085984469,0.4298110478676129,True,walking_dual_task,P10,18,0.34
2026-04-03T17:25:44.361885,1151.3836858458553,92503,67,-3.071173296878836,7.158143007462069,-4.125045267823973,8.814029452885705,0.10483163309876353,True,walking_dual_task,P10,18,0.34
2026-04-03T17:25:44.361913,1127.2790505079383,92516,67,-3.735773615160408,7.212561115246089,-4.059477531898571,9.080550653835806,0.2665212009501001,True,walking_dual_task,P10,18,0.34
2026-04-03T17:25:44.361922,1192.6084846057058,92516,68,-3.4436479502984505,7.054830634635616,-4.000532331949791,8.810993441602571,0.26955721223323437,True,walking_dual_task,P10,18,0.34
2026-04-03T17:25:44.361929,1116.1531296419328,92537,68,-3.692539108074245,7.211388901442374,-3.860579266024337,8.974577829723302,0.1635843881207304,True,walking_dual_task,P10,18,0.34
2026-04-03T17:25:44.417808,1228.558426349277,92537,68,-3.256324590146286,7.415878359052731,-4.137331327834914,9.094856358895516,0.12027852917221438,True,walking_dual_task,P10,18,0.34
2026-04-03T17:25:44.417845,1195.7952270828034,92549,67,-3.2892004308929774,7.3390575541536505,-3.849093255092061,8.916059900211613,0.17879645868390348,True,walking_dual_task,P10,18,0.34
2026-04-03T17:25:44.417853,1175.102166208178,92549,65,-3.455533021505604,7.493935024714338,-4.1430123094286735,9.233868182589214,0.3178082823776016,True,walking_dual_task,P10,18,0.34
2026-04-03T17:25:44.417859,1192.087384407513,92551,67,-3.329962618627419,7.49350552734184,-4.128717992837693,9.180827217312196,0.053040965277018515,True,walking_dual_task,P10,18,0.34
2026-04-03T17:25:44.476659,1190.8393443704647,92551,68,-3.620401845366815,7.78986280061695,-3.9953072891110604,9.473740143617787,0.2929129263055916,True,walking_dual_task,P10,18,0.34
2026-04-03T17:25:44.476703,1213.2392222488174,92564,65,-3.6118788315062207,7.899297646923104,-3.911415109037622,9.525950879748196,0.05221073613040872,True,walking_dual_task,P10,18,0.34
2026-04-03T17:25:44.534210,1226.2575248534129,92564,68,-3.694578991587532,8.70743974966237,-3.826425841517735,10.203477624796113,0.677526745047917,True,walking_dual_task,P10,18,0.34
2026-04-03T17:25:44.534707,1244.721204185185,92574,68,-4.670043456941234,9.26474385224712,-3.611751969072327,10.98587897364468,0.7824013488485662,True,walking_dual_task,P10,18,0.34
2026-04-03T17:25:44.535483,1258.6609071999906,92574,68,-4.676958696511649,9.418658310633907,-3.5619550689242843,11.102819053482973,0.1169400798382938,True,walking_dual_task,P10,18,0.34
2026-04-03T17:25:44.596016,1155.5275698496848,92585,66,-6.38932036279696,10.693218931247706,-3.956329891638892,13.069846671691357,1.967027618208384,True,walking_dual_task,P10,18,0.34
2026-04-03T17:25:44.596691,1202.9879292502308,92585,67,-6.547483223895691,10.90344250194381,-3.9719729211910066,13.324082101483194,0.2542354297918372,True,walking_dual_task,P10,18,0.34
2026-04-03T17:25:44.597231,1171.7587588368533,92571,68,-5.554351696373941,10.891631829716076,-4.1865767950319395,12.923075947381735,0.40100615410145934,True,walking_dual_task,P10,18,0.34
2026-04-03T17:25:44.655819,1168.1838056170534,92571,66,-5.871500015313288,9.19040805619873,-3.2531366164602193,11.380729788314136,1.5423461590675984,True,walking_dual_task,P10,18,0.34
2026-04-03T17:25:44.656338,1203.2410741594538,92576,66,-5.940504416867669,9.449507392015246,-3.3203098420656394,11.645052173601156,0.26432238528702,True,walking_dual_task,P10,18,0.34
2026-04-03T17:25:44.657094,1057.8037398523666,92576,68,-7.209103596646667,9.746465273762011,-2.887977630691946,12.462149685957465,0.8170975123563089,True,walking_dual_task,P10,18,0.34
2026-04-03T17:25:44.657535,1173.207435476193,92594,67,-7.3170336729314345,9.5540303477737,-2.866110427507638,12.370653444327884,0.09149624162958148,True,walking_dual_task,P10,18,0.34
2026-04-03T17:25:44.722209,1121.086180237791,92594,67,-7.105393293388514,10.205709581300425,-2.8045584892348736,12.747888853889382,0.37723540956149826,True,walking_dual_task,P10,18,0.34
2026-04-03T17:25:44.723682,1154.9311192544262,92558,69,-7.106830722406848,9.48988549329521,-2.1536842970377967,12.050034259042913,0.6978545948464685,True,walking_dual_task,P10,18,0.34
2026-04-03T17:25:44.723719,1200.491892230714,92558,67,-7.034416138395776,9.530438896640911,-2.374252228226606,12.080949863895967,0.030915604853053225,True,walking_dual_task,P10,18,0.34
2026-04-03T17:25:44.774318,1180.1980402593258,92492,66,-6.860929236106666,9.565863804466941,-2.4087801834226674,12.015836312155875,0.06511355174009203,True,walking_dual_task,P10,18,0.34
2026-04-03T17:25:44.775055,1203.8643404640688,92492,67,-6.933282396041371,9.716806353943863,-2.2954402030276526,12.155483381132017,0.1396470689761422,True,walking_dual_task,P10,18,0.34
2026-04-03T17:25:44.775424,1239.7871237911959,92465,68,-6.820745720796266,9.45655778239475,-2.3096238077664815,11.886270206121559,0.26921317501045827,True,walking_dual_task,P10,18,0.34
2026-04-03T17:25:44.835934,1161.6714216796865,92465,67,-7.020559111459061,9.520776938626863,-2.217949486191273,12.035478539546157,0.14920833342459794,True,walking_dual_task,P10,18,0.34
2026-04-03T17:25:44.835990,1185.6436401446483,92460,67,-6.850325763074713,9.60227037816178,-2.2747250426617778,12.012698843111025,0.02277969643513167,True,walking_dual_task,P10,18,0.34
2026-04-03T17:25:44.836800,1261.373496000909,92460,67,-7.051162601188063,9.742651928210964,-2.1750234369001205,12.221656498761975,0.20895765565095026,True,walking_dual_task,P10,18,0.34
2026-04-03T17:25:44.897110,1083.6453933071425,92474,67,-6.8067773194928405,9.746457621633503,-2.095253377904544,12.071277495156854,0.1503790036051207,True,walking_dual_task,P10,18,0.34
2026-04-03T17:25:44.965119,1110.4203144888604,92474,67,-7.105373659122228,9.639823076822998,-2.350664990666976,12.204021865210853,0.13274437005399875,True,walking_dual_task,P10,18,0.34
2026-04-03T17:25:44.965165,1164.813375897109,92486,67,-7.053332634280842,9.494327727268116,-2.2487425093128084,12.039460250184547,0.16456161502630628,True,walking_dual_task,P10,18,0.34
2026-04-03T17:25:44.965178,1100.206906533375,92486,66,-6.982389281065645,9.587543257512207,-2.2838443596968245,12.078521881684331,0.039061631499784255,True,walking_dual_task,P10,18,0.34
2026-04-03T17:25:44.965188,1133.999762676298,92493,67,-6.8853600512563675,9.603945949582892,-2.3586474116722975,12.05019412501455,0.028327756669781934,True,walking_dual_task,P10,18,0.34
2026-04-03T17:25:44.967360,1121.9025125687488,92493,68,-4.458805848124843,6.291028572655037,-0.8761988357323219,7.760522823429685,4.289671301584864,True,walking_dual_task,P10,18,0.34
2026-04-03T17:25:45.014762,1142.5159459447939,92505,67,-4.67516306057793,6.756103920433383,-1.3510542081361252,8.326309944988239,0.5657871215585537,True,walking_dual_task,P10,18,0.34
2026-04-03T17:25:45.016063,1096.2479045133903,92505,66,-4.642905642675361,6.679221131558865,-1.359550248515058,8.247238605089983,0.0790713398982561,True,walking_dual_task,P10,18,0.34
2026-04-03T17:25:45.016093,1081.616194489027,92529,67,-5.357698798761576,6.92027663860073,-1.794611385996331,8.933968614214061,0.6867300091240782,True,walking_dual_task,P10,18,0.34
2026-04-03T17:25:45.075260,1200.898828079954,92529,66,-5.581328574127905,7.985492748872482,-2.0282362023378435,9.951535820522652,1.0175672063085912,True,walking_dual_task,P10,18,0.34
2026-04-03T17:25:45.077670,1174.0340907977636,92552,67,-5.576450113858688,7.902033235591569,-2.1794257670620896,9.91407190829694,0.03746391222571255,True,walking_dual_task,P10,18,0.34
2026-04-03T17:25:45.077705,1264.7202630275106,92552,67,-6.0497681074642315,7.964161960065887,-2.3933879460362735,10.283767584911844,0.36969567661490466,True,walking_dual_task,P10,18,0.34
2026-04-03T17:25:45.136433,1243.3758153408403,92561,67,-6.012495256143278,7.849280652394287,-2.292721284832102,10.149772256317817,0.13399532859402719,True,walking_dual_task,P10,18,0.34
2026-04-03T17:25:45.136959,1161.5091583947249,92561,67,-6.279376596995985,8.245222215482768,-2.548136536152209,10.672734402975895,0.5229621466580774,True,walking_dual_task,P10,18,0.34
2026-04-03T17:25:45.137377,1190.54264114072,92570,68,-6.043907921286149,9.03636941990266,-2.9842886260147217,11.273454388841879,0.6007199858659842,True,walking_dual_task,P10,18,0.34
2026-04-03T17:25:45.197930,1237.9366844533872,92570,67,-6.050359354335213,8.89978096753689,-2.889839884018514,11.142895680297272,0.13055870854460672,True,walking_dual_task,P10,18,0.34
2026-04-03T17:25:45.197993,1155.8900199494979,92564,67,-6.434976969151861,10.03934823003103,-3.182257124897402,12.341969125155934,1.1990734448586622,True,walking_dual_task,P10,18,0.34
2026-04-03T17:25:45.198011,1232.0781538588944,92564,67,-6.312768287765533,9.86616509640933,-3.2353398091089365,12.151529979596354,0.19043914555957997,True,walking_dual_task,P10,18,0.34
2026-04-03T17:25:45.258241,1114.8051219890867,92559,66,-7.4152032280762965,10.330701597267149,-3.547233107964563,13.201950504667524,1.0504205250711696,True,walking_dual_task,P10,18,0.34
2026-04-03T17:25:45.258271,1144.5521292371855,92559,67,-7.061690408442024,10.834691591494844,-3.7079094869946045,13.453869557537553,0.25191905287002925,True,walking_dual_task,P10,18,0.34
2026-04-03T17:25:45.258279,1101.2412756193132,92522,67,-6.868551056261107,10.89253815886433,-3.5771979825579336,13.364906530208044,0.088963027329509,True,walking_dual_task,P10,18,0.34
2026-04-03T17:25:45.377191,1106.6749528141272,92522,67,-7.093295770936448,11.03663286243953,-3.767068019790926,13.649648761048638,0.28474223084059425,True,walking_dual_task,P10,18,0.34
2026-04-03T17:25:45.380057,1227.8558861771978,92461,67,-4.774931375996152,9.422251796446442,-4.146427137643395,11.347759980229418,2.3018887808192208,True,walking_dual_task,P10,18,0.34
2026-04-03T17:25:45.380079,1191.2078082896526,92461,68,-4.752338844983609,9.574167664188156,-4.193232336048064,11.481838197066068,0.13407821683665055,True,walking_dual_task,P10,18,0.34
2026-04-03T17:25:45.380087,1154.1664847312425,92453,68,-3.4865973645736803,7.8812962543336935,-3.936992457913811,9.474761286961096,2.0070769101049724,True,walking_dual_task,P10,18,0.34
2026-04-03T17:25:45.383427,1274.2115728076465,92453,67,-3.8242370558708942,8.702685978576106,-3.9083145293789237,10.277959659473062,0.8031983725119662,True,walking_dual_task,P10,18,0.34
2026-04-03T17:25:45.383455,1269.2232880205765,92475,67,-3.7166744401352534,8.97135657097503,-3.91997685825219,10.472111830321726,0.19415217084866399,True,walking_dual_task,P10,18,0.34
2026-04-03T17:25:45.437964,1241.7881727349,92475,68,-4.230031249706908,9.076111771786755,-4.324595624318691,10.907387248160738,0.43527541783901214,True,walking_dual_task,P10,18,0.34
2026-04-03T17:25:45.438014,1184.5607567483446,92486,68,-3.9883008199610943,9.232065107566148,-4.247212090694385,10.91679349095618,0.009406242795442665,True,walking_dual_task,P10,18,0.34
2026-04-03T17:25:45.438030,1144.0076830146274,92486,66,-4.408339939443681,8.767068188274107,-4.112205545297279,10.639792295261962,0.27700119569421844,True,walking_dual_task,P10,18,0.34
2026-04-03T17:25:45.494358,1157.4959826355228,92485,68,-4.404262739493687,8.546802083040502,-4.328374859848803,10.544201489564255,0.09559080569770728,True,walking_dual_task,P10,18,0.34
2026-04-03T17:25:45.557612,1207.2119063526004,92485,67,-4.108424923968805,8.240164924051351,-4.3054226554658355,10.16445461270071,0.37974687686354436,True,walking_dual_task,P10,18,0.34
2026-04-03T17:25:45.557644,1094.0308069162184,92479,66,-3.6409370128939385,7.667415972239698,-4.19274299562965,9.467036698493303,0.6974179142074082,True,walking_dual_task,P10,18,0.34
2026-04-03T17:25:45.557659,1177.6411078307467,92479,67,-3.6288580036412856,7.8445150243910895,-4.169276532510563,9.59624370173206,0.12920700323875778,True,walking_dual_task,P10,18,0.34
2026-04-03T17:25:45.557669,1167.2561879281952,92476,67,-2.6094524015830114,7.596425491047525,-4.029390624566489,8.986151060521312,0.6100926412107484,True,walking_dual_task,P10,18,0.34
2026-04-03T17:25:45.557679,1173.0580373988998,92476,67,-2.5881291830859854,7.4184676998475085,-4.093603433515807,8.859439302400267,0.1267117581210453,True,walking_dual_task,P10,18,0.34
2026-04-03T17:25:45.615124,1120.243548963909,92482,66,-2.8014491017657863,7.583153620211583,-3.498184553691602,8.808497662439315,0.05094163996095169,True,walking_dual_task,P10,18,0.34
2026-04-03T17:25:45.615154,1219.7290544713208,92482,67,-3.576998989155349,7.435924173366199,-3.2151024774742396,8.855776308214383,0.047278645775067574,True,walking_dual_task,P10,18,0.34
2026-04-03T17:25:45.677885,1220.1891012501305,92519,66,-3.479368178139271,7.479516945297849,-3.1785279519587326,8.84037423390146,0.015402074312921954,True,walking_dual_task,P10,18,0.34
2026-04-03T17:25:45.677927,1264.5535442010246,92519,68,-3.7216530085771664,7.658820979361688,-3.443110051972886,9.18494674672417,0.34457251282270995,True,walking_dual_task,P10,18,0.34
2026-04-03T17:25:45.677940,1163.7451966970357,92533,66,-3.6473112097748275,7.708272426923664,-3.4340441566317716,9.193095351312177,0.008148604588006592,True,walking_dual_task,P10,18,0.34
2026-04-03T17:25:45.735552,1133.4310330280082,92533,67,-3.859777434775498,7.85486831499153,-3.88514827808497,9.575552998890801,0.3824576475786241,True,walking_dual_task,P10,18,0.34
2026-04-03T17:25:45.735588,1168.0296260798614,92545,65,-3.699976786233402,7.736887352291597,-3.9255113399825268,9.431802235047506,0.1437507638432951,True,walking_dual_task,P10,18,0.34
2026-04-03T17:25:45.735977,1208.7546805880243,92545,67,-3.7347518804960957,7.726827747572399,-3.9869221447512904,9.462969240034129,0.031167004986622615,True,walking_dual_task,P10,18,0.34
2026-04-03T17:25:45.736617,1184.3942219602252,92563,68,-3.7771552709601677,7.674967162364438,-4.137235812319624,9.50203888915714,0.03906964912301092,True,walking_dual_task,P10,18,0.34
2026-04-03T17:25:45.795997,1172.9406187137545,92563,68,-3.672996239289287,7.864795285034755,-3.9298529629775847,9.528360329036778,0.026321439879637865,True,walking_dual_task,P10,18,0.34
2026-04-03T17:25:45.796032,1151.5542019393574,92581,68,-3.9059080309748984,7.851673260083883,-3.8667876854935854,9.584202498603384,0.05584216956660626,True,walking_dual_task,P10,18,0.34
2026-04-03T17:25:45.796040,1147.5187771691017,92581,67,-3.5659963682632143,7.866759198012393,-3.857477342519981,9.45951171181864,0.12469078678474332,True,walking_dual_task,P10,18,0.34
2026-04-03T17:25:45.855049,1192.9240582363204,92576,67,-3.8982057698192953,7.692877247547677,-3.937616349525366,9.480569133007714,0.02105742118907372,True,walking_dual_task,P10,18,0.34
2026-04-03T17:25:45.855089,1197.6424477464627,92576,67,-3.863024584473588,7.912242117442622,-3.9727485309609216,9.659672103934605,0.1791029709268912,True,walking_dual_task,P10,18,0.34
2026-04-03T17:25:45.855934,1300.5577637792503,92540,68,-3.555963022956516,7.8086667463946915,-3.9663558993680677,9.452625481702752,0.20704662223185366,True,walking_dual_task,P10,18,0.34
2026-04-03T17:25:45.916155,1204.0534954007505,92540,68,-3.6656994116157895,7.738352823043546,-3.996601135856067,9.449459097183942,0.003166384518809906,True,walking_dual_task,P10,18,0.34
2026-04-03T17:25:45.916704,1155.541107892653,92491,67,-3.802393810736405,7.735014237521798,-4.0413308110702495,9.519506219920084,0.07004712273614189,True,walking_dual_task,P10,18,0.34
2026-04-03T17:25:45.916939,1201.33001946409,92491,66,-3.8463345041917387,7.787734619407536,-3.964200105615593,9.547668935285579,0.02816271536549486,True,walking_dual_task,P10,18,0.34
2026-04-03T17:25:45.976898,1165.3522595310708,92472,68,-3.737529008466953,7.8608348509029256,-4.048565464462672,9.599621344737606,0.05195240945202784,True,walking_dual_task,P10,18,0.34
2026-04-03T17:25:45.977391,1163.010726657009,92472,66,-5.577224826477078,10.88661340595141,-2.8478522492676532,12.55922173740762,2.959600392670014,True,walking_dual_task,P10,18,0.34
2026-04-03T17:25:45.977777,1239.550983929295,92484,68,-5.504784948832683,9.469026843763892,-2.4422019638086065,11.221830382466429,1.3373913549411913,True,walking_dual_task,P10,18,0.34
2026-04-03T17:25:46.094996,1204.9495636776333,92484,67,-5.402060464510549,9.440870059455854,-2.3234781625233474,11.12253727858355,0.0992931038828786,True,walking_dual_task,P10,18,0.34
2026-04-03T17:25:46.095477,1120.3868991087525,92478,67,-5.080007380914187,8.812216394994564,-2.222551185659567,10.41159769464948,0.7109395839340706,True,walking_dual_task,P10,18,0.34
2026-04-03T17:25:46.095843,1234.3457613555033,92478,68,-5.424539327729016,8.765386667014232,-1.848001020204697,10.472475261896168,0.06087756724668836,True,walking_dual_task,P10,18,0.34
2026-04-03T17:25:46.156054,1181.6042849533385,92481,68,-5.458834795431242,8.658257499775054,-1.9072007202349746,10.411614420611562,0.06086084128460634,True,walking_dual_task,P10,18,0.34
2026-04-03T17:25:46.156476,1240.108911982609,92481,67,-6.054655482847509,8.585500495090177,-1.845337205916866,10.666533699881613,0.25491927927005165,True,walking_dual_task,P10,18,0.34
2026-04-03T17:25:46.219553,1146.362615949876,92474,67,-6.065239099714921,8.816475948044152,-2.0110583046960184,10.888605465533157,0.22207176565154363,True,walking_dual_task,P10,18,0.34
2026-04-03T17:25:46.220951,1263.758101269097,92474,67,-5.978212766716278,7.953515199331043,-2.0671962972251157,10.162220841990232,0.7263846235429252,True,walking_dual_task,P10,18,0.34
2026-04-03T17:25:46.223180,1133.3979765037566,92459,67,-5.342640521210622,6.680008031461469,-2.0139859694287225,8.787630768547753,1.3745900734424783,True,walking_dual_task,P10,18,0.34
2026-04-03T17:25:46.223210,1138.5930138161496,92459,66,-5.317024175570909,6.7164805880815885,-1.8522063270955784,8.76427554631957,0.02335522222818298,True,walking_dual_task,P10,18,0.34
2026-04-03T17:25:46.223223,1090.2439407703619,92452,67,-4.5338013867413745,6.614849851316811,-1.7342824873068625,8.20483572752455,0.5594398187950205,True,walking_dual_task,P10,18,0.34
2026-04-03T17:25:46.223233,1102.1465486552422,92452,67,-4.469940489816815,6.128932410129426,-1.8482450938827382,7.807700711317019,0.3971350162075309,True,walking_dual_task,P10,18,0.34
2026-04-03T17:25:46.223242,1224.1326548505806,92458,66,-4.246028036273388,5.713117916765598,-1.5427962980898862,7.283453221727149,0.5242474895898699,True,walking_dual_task,P10,18,0.34
2026-04-03T17:25:46.280055,1069.8862573399606,92458,66,-4.252011567558726,5.946009405933342,-1.3176547432489647,7.427707873126641,0.14425465139949178,True,walking_dual_task,P10,18,0.34
2026-04-03T17:25:46.280083,1202.190494224635,92471,68,-4.094737391510036,5.923731721153846,-1.4394704701160759,7.34367394728081,0.08403392584583091,True,walking_dual_task,P10,18,0.34
2026-04-03T17:25:46.280091,1138.015935189529,92471,68,-4.318143009355808,5.809643763491398,-1.4543396145714522,7.383320623028284,0.03964667574747427,True,walking_dual_task,P10,18,0.34
2026-04-03T17:25:46.334926,1110.612641883225,92499,67,-4.657561807726045,6.397464672471354,-1.4425935618198653,8.043725033397862,0.6604044103695781,True,walking_dual_task,P10,18,0.34
2026-04-03T17:25:46.335990,1204.7785979454784,92499,67,-4.565856485763975,6.267215543638193,-1.6462151382973602,7.926856905518891,0.1168681278789716,True,walking_dual_task,P10,18,0.34
2026-04-03T17:25:46.336017,1043.1035548311215,92529,69,-5.3804203745307495,7.0867162344556185,-1.7014636352478594,9.058998228084233,1.1321413225653423,True,walking_dual_task,P10,18,0.34
2026-04-03T17:25:46.396245,1217.7479905962878,92529,68,-5.444810791182417,6.946687624965952,-1.7216433986299544,8.992579691205282,0.06641853687895072,True,walking_dual_task,P10,18,0.34
2026-04-03T17:25:46.397075,1106.6435611252289,92553,67,-6.139187639298736,7.664340386436905,-1.4327031785067512,9.923929505361752,0.9313498141564693,True,walking_dual_task,P10,18,0.34
2026-04-03T17:25:46.397183,1204.2632161900435,92553,68,-6.479806208354159,7.7106884147737285,-1.2760845798092335,10.152388693424706,0.2284591880629545,True,walking_dual_task,P10,18,0.34
2026-04-03T17:25:46.455974,1231.0102069527038,92539,65,-6.373041963637497,7.908228875589457,-1.3611395030837723,10.247363005468602,0.09497431204389528,True,walking_dual_task,P10,18,0.34
2026-04-03T17:25:46.456410,1223.195062877529,92539,66,-6.80032798763423,8.293469912868861,-2.0583724466386206,10.920760095531058,0.6733970900624566,True,walking_dual_task,P10,18,0.34
2026-04-03T17:25:46.456792,1137.0708399233276,92467,67,-6.648568689079766,8.442730137884515,-2.044765839034252,10.939114458265658,0.018354362734600116,True,walking_dual_task,P10,18,0.34
2026-04-03T17:25:46.517083,1191.9554059667898,92467,67,-6.405747792676928,8.93764137594968,-2.6664383129589533,11.314810269080452,0.3756958108147934,True,walking_dual_task,P10,18,0.34
2026-04-03T17:25:46.518242,1125.3820212226174,92427,67,-6.246945923832776,9.361008359376918,-2.858815757936653,11.611444286454738,0.2966340173742861,True,walking_dual_task,P10,18,0.34
2026-04-03T17:25:46.518917,1208.42736620263,92427,69,-6.157541071768171,9.468828601125411,-2.688116735360869,11.610340163446104,0.0011041230086341614,True,walking_dual_task,P10,18,0.34
2026-04-03T17:25:46.587741,1179.7864269300364,92415,67,-7.560363462919223,10.525295418021766,-2.9245045934238467,13.285091886962284,1.6747517235161808,True,walking_dual_task,P10,18,0.34
2026-04-03T17:25:46.589281,1207.4713202185917,92415,66,-7.559591342669913,10.691849024090228,-3.187500500138299,13.476765793783423,0.19167390682113883,True,walking_dual_task,P10,18,0.34
2026-04-03T17:25:46.635284,1151.143567860912,92406,65,-6.3123483403714244,11.4886350086441,-3.4465570142926354,13.554085405692353,0.07731961190892989,True,walking_dual_task,P10,18,0.34
2026-04-03T17:25:46.635891,1251.2713802448848,92406,67,-6.485114747095932,11.734935083900362,-3.245650053232102,13.794914243097065,0.2408288374047114,True,walking_dual_task,P10,18,0.34
2026-04-03T17:25:46.635972,1239.766134061585,92415,68,-4.976169970719917,9.768646043572314,-3.5100822369010203,11.511272319422547,2.2836419236745176,True,walking_dual_task,P10,18,0.34
2026-04-03T17:25:46.696765,1276.7302633508814,92415,66,-4.472638806012246,8.737497072357694,-3.2644001994337724,10.344305759236295,1.1669665601862516,True,walking_dual_task,P10,18,0.34
2026-04-03T17:25:46.696795,1215.7383683032497,92441,67,-4.322725498399207,8.845465546638318,-3.0908157056420245,10.318980482466259,0.02532527677003671,True,walking_dual_task,P10,18,0.34
2026-04-03T17:25:46.696808,1063.510478374577,92441,68,-4.351212011989895,9.246693728154252,-3.0211211966803866,10.656526833851819,0.33754635138556033,True,walking_dual_task,P10,18,0.34
2026-04-03T17:25:46.696818,1141.7156094598877,92455,67,-4.2563904538654835,8.953984116595583,-3.1823971669169255,10.412412928039497,0.24411390581232162,True,walking_dual_task,P10,18,0.34
2026-04-03T17:25:46.756012,1178.4102103261064,92455,66,-4.312370548117827,9.184103351656038,-3.2275119252189337,10.647118264845384,0.23470533680588623,True,walking_dual_task,P10,18,0.34
2026-04-03T17:25:46.756043,1212.8207370618018,92460,68,-4.369443801593305,9.109996938614744,-3.215502633561973,10.602996771823339,0.044121493022045044,True,walking_dual_task,P10,18,0.34
2026-04-03T17:25:46.756056,1251.1650063388947,92460,67,-4.148876999238313,9.042396400081762,-2.9926641559083604,10.389136237487648,0.21386053433569074,True,walking_dual_task,P10,18,0.34
2026-04-03T17:25:46.819283,1172.1963861475085,92477,66,-4.101608905027968,9.242930733317133,-3.178604844962496,10.599928910663607,0.21079267317595907,True,walking_dual_task,P10,18,0.34
2026-04-03T17:25:46.820015,1254.6990900480912,92477,67,-4.123931491432641,9.132978781121682,-3.0592179440456584,10.477448486707997,0.12248042395560965,True,walking_dual_task,P10,18,0.34
2026-04-03T17:25:46.820374,1114.4528854390644,92469,67,-4.306736612084676,9.128842957872415,-3.3233095220480084,10.626765273341759,0.14931678663376147,True,walking_dual_task,P10,18,0.34
2026-04-03T17:25:46.874702,1191.0904991582513,92469,66,-4.129892332341085,9.226555020572553,-3.3784845385256874,10.658305963024302,0.03154068968254364,True,walking_dual_task,P10,18,0.34
2026-04-03T17:25:46.875166,1247.7782667234337,92489,69,-4.262416951871197,9.212822312701176,-3.198919026867728,10.643184494194394,0.015121468829908835,True,walking_dual_task,P10,18,0.34
2026-04-03T17:25:46.875658,1192.3596712975534,92489,68,-4.206582627587525,9.217200552068837,-3.2277669627763736,10.633466179274276,0.009718314920117876,True,walking_dual_task,P10,18,0.34
2026-04-03T17:25:46.936078,1159.270653892988,92513,68,-4.275873078214779,9.300409993391478,-3.209320075803311,10.727555731625548,0.09408955235127259,True,walking_dual_task,P10,18,0.34
2026-04-03T17:25:46.936107,1235.7378882026178,92513,67,-4.264841695660451,9.166257228225215,-3.0933645706954582,10.572513921970915,0.15504180965463377,True,walking_dual_task,P10,18,0.34
2026-04-03T17:25:46.936119,1153.189315191851,92539,67,-4.2937080937654315,9.184256674779022,-3.2851023207350365,10.657316600363739,0.0848026783928244,True,walking_dual_task,P10,18,0.34
2026-04-03T17:25:46.996542,1159.8755088889716,92539,68,-3.6418526168264935,7.862975757893496,-3.0199130085094015,9.176565415822582,1.4807511845411572,True,walking_dual_task,P10,18,0.34
2026-04-03T17:25:46.996585,1193.5085410090876,92558,66,-4.013147533505361,8.136043347596413,-3.2784074879107146,9.646165566505536,0.4696001506829539,True,walking_dual_task,P10,18,0.34
2026-04-03T17:25:46.996598,1286.6724381222657,92558,67,-3.89356413370796,8.196198375685498,-3.4384790040350097,9.703640932045879,0.05747536554034305,True,walking_dual_task,P10,18,0.34
2026-04-03T17:25:47.116594,1202.0765015604775,92524,67,-4.047346815098942,8.239628231559323,-3.4722087874843095,9.814719736186268,0.11107880414038895,True,walking_dual_task,P10,18,0.34
2026-04-03T17:25:47.116649,1058.0811021746078,92524,65,-4.354107956453796,8.839449545156286,-3.4033971252591453,10.42483747355517,0.6101177373689026,True,walking_dual_task,P10,18,0.34
2026-04-03T17:25:47.174429,1108.3728068791843,92469,67,-4.145025036319701,8.87924949529796,-3.490444033633427,10.402187448003108,0.022650025552062303,True,walking_dual_task,P10,18,0.34
2026-04-03T17:25:47.175031,1323.1822224486602,92469,67,-4.347710506712289,9.72388362006855,-2.9995049984356696,11.065872290174617,0.6636848421715094,True,walking_dual_task,P10,18,0.34
2026-04-03T17:25:47.175563,1212.68965410661,92442,68,-4.234628425884255,9.403347288148856,-2.865260368347868,10.703491724912407,0.3623805652622103,True,walking_dual_task,P10,18,0.34
2026-04-03T17:25:47.176243,1164.2237183419281,92442,68,-4.2320047535559,9.407820308851369,-2.956756775388323,10.7312328195115,0.027741094599093685,True,walking_dual_task,P10,18,0.34
2026-04-03T17:25:47.176962,1198.854097229802,92446,65,-4.86164637564358,9.465389050936526,-2.377951814807877,10.903387097638307,0.17215427812680595,True,walking_dual_task,P10,18,0.34
2026-04-03T17:25:47.177557,1149.8406368528751,92446,68,-5.635585265075282,10.728672315943353,-2.1935152408849894,12.315670507723794,1.4122834100854877,True,walking_dual_task,P10,18,0.34
2026-04-03T17:25:47.235146,1270.7466181196514,92460,66,-5.645075569273303,10.636410204645463,-1.919852041608072,12.19368410637077,0.12198640135302519,True,walking_dual_task,P10,18,0.34
2026-04-03T17:25:47.296444,1139.4413922415974,92460,68,-6.631208528803195,11.601105422453388,-1.9351136554476944,13.501971649905423,1.3082875435346537,True,walking_dual_task,P10,18,0.34
2026-04-03T17:25:47.296911,1257.133444813376,92462,69,-6.460740207586411,11.562139781744552,-1.8672405201805766,13.37575521317312,0.1262164367323031,True,walking_dual_task,P10,18,0.34
2026-04-03T17:25:47.297565,1226.9826022485063,92462,67,-7.2905682591725585,10.4044669841836,-1.5338756535435194,12.796800119059236,0.5789550941138835,True,walking_dual_task,P10,18,0.34
2026-04-03T17:25:47.297998,1124.1336823330662,92479,68,-7.064115364458822,9.911076206024328,-1.542645569990715,12.268288910790158,0.5285112082690784,True,walking_dual_task,P10,18,0.34
2026-04-03T17:25:47.298333,1244.4378258054765,92479,66,-6.743018155270214,9.884011181319131,-1.259640472383769,12.031153934449202,0.23713497634095582,True,walking_dual_task,P10,18,0.34
2026-04-03T17:25:47.298730,1092.4874417704261,92473,68,-6.966808869404477,9.55292591695776,-1.1708295057948697,11.881315631247913,0.14983830320128888,True,walking_dual_task,P10,18,0.34
2026-04-03T17:25:47.356365,1190.9402778365718,92473,66,-6.816125587132356,9.406432610581646,-1.2375305152345426,11.682124132755607,0.199191498492306,True,walking_dual_task,P10,18,0.34
2026-04-03T17:25:47.361501,1098.1315821937824,92474,63,-6.836918091466171,8.276166452893268,-1.0161275786591968,10.782898283927434,0.8992258488281735,True,walking_dual_task,P10,18,0.34
2026-04-03T17:25:47.361620,1155.0839187671318,92474,62,-6.849596898596321,8.026225182283465,-1.0860164486409163,10.60738893774996,0.17550934617747416,True,walking_dual_task,P10,18,0.34
2026-04-03T17:25:47.416273,1140.050414779193,92478,61,-6.45225837959032,7.634832804269761,-0.6947841407486771,10.020231292160029,0.5871576455899312,True,walking_dual_task,P10,18,0.34
2026-04-03T17:25:47.416301,1264.910456313345,92478,64,-6.728458289661642,7.39583280177988,-0.5957719781858405,10.01625868463825,0.00397260752177786,True,walking_dual_task,P10,18,0.34
2026-04-03T17:25:47.417165,1230.2809382365745,92477,62,-6.909305415533992,7.578019858040309,-0.5249451287887418,10.26842021355864,0.25216152892038934,True,walking_dual_task,P10,18,0.34
2026-04-03T17:25:47.475535,1129.9349111896404,92477,62,-6.751649028684561,7.324562342815449,-0.8954656721747529,10.001791684011955,0.2666285295466846,True,walking_dual_task,P10,18,0.34
2026-04-03T17:25:47.475647,1208.2174491111793,92477,62,-6.509124461120487,7.222453811963888,-1.008087518040283,9.774905665035208,0.22688601897674765,True,walking_dual_task,P10,18,0.34
2026-04-03T17:25:47.535876,1178.3984841597235,92477,61,-5.97120430446506,6.5213481420528465,-1.4013633032701343,8.952490242567727,0.8224154224674809,True,walking_dual_task,P10,18,0.34
2026-04-03T17:25:47.536785,1122.6356411932386,92479,63,-5.396694091232308,5.788935256631597,-1.433349477145659,8.04304477442764,0.9094454681400865,True,walking_dual_task,P10,18,0.34
2026-04-03T17:25:47.537034,1192.3850982617355,92479,61,-5.536523378548247,5.721080691245311,-1.359397581672702,8.076621644103977,0.03357686967633633,True,walking_dual_task,P10,18,0.34
2026-04-03T17:25:47.537440,1191.6656506752436,92496,62,-5.596016261943657,5.650318446828072,-1.2357044951777283,8.047885570378464,0.028736073725513123,True,walking_dual_task,P10,18,0.34
2026-04-03T17:25:47.595093,1273.3415310618627,92496,63,-5.704734225815054,5.544928208847021,-1.3110061463725,8.062813314487666,0.014927744109202834,True,walking_dual_task,P10,18,0.34
2026-04-03T17:25:47.595122,1212.2763074993295,92500,61,-5.499448451989126,6.143520312960429,-1.3107603004755808,8.348944105522916,0.28613079103524974,True,walking_dual_task,P10,18,0.34
2026-04-03T17:25:47.655426,1148.3394951155733,92500,62,-5.365466048835077,6.284345820736404,-1.300166635373217,8.364906550317626,0.01596244479470954,True,walking_dual_task,P10,18,0.34
2026-04-03T17:25:47.656845,1146.3021432927662,92464,63,-5.508237614845562,6.531745584198451,-1.0323169553234797,8.606396475560711,0.24148992524308532,True,walking_dual_task,P10,18,0.34
2026-04-03T17:25:47.656872,1225.7501026409334,92464,62,-6.214872125994863,6.964785438945893,-1.3026685700705105,9.424957143481885,0.8185606679211741,True,walking_dual_task,P10,18,0.34
2026-04-03T17:25:47.714185,1193.591652215004,92430,61,-6.124872928846342,6.712711710847262,-1.3531733392262755,9.187254486159263,0.23770265732262175,True,walking_dual_task,P10,18,0.34
2026-04-03T17:25:47.714916,1154.6916933326706,92430,64,-5.941007997605065,7.720432706486007,-2.110633305492622,9.967719405824027,0.7804649196647642,True,walking_dual_task,P10,18,0.34
2026-04-03T17:25:47.715523,1194.9591878704439,92427,63,-5.842241483791783,7.506691903116798,-2.022443436980672,9.72483862791785,0.24288077790617812,True,walking_dual_task,P10,18,0.34
2026-04-03T17:25:47.715836,1252.2613306059823,92427,64,-6.015311440212366,7.420410593186376,-2.1862764315603362,9.799299450951509,0.0744608230336592,True,walking_dual_task,P10,18,0.34
2026-04-03T17:25:47.835979,1171.5840005530524,92422,61,-6.117122337666121,7.425131742883027,-2.0882711213510445,9.844421941861885,0.045122490910376456,True,walking_dual_task,P10,18,0.34
2026-04-03T17:25:47.896599,1229.1146299763222,92422,63,-6.185917081279969,7.421846528235047,-2.1863004646755635,9.906022700710235,0.06160075884834981,True,walking_dual_task,P10,18,0.34
2026-04-03T17:25:47.900407,1157.0344557461171,92420,63,-5.860838182357028,7.563000238696553,-1.9828811323521722,9.771397770807225,0.13462492990301023,True,walking_dual_task,P10,18,0.34
2026-04-03T17:25:47.900444,1292.0872040857885,92420,63,-5.958605299544015,7.734379842500189,-1.9032177908799395,9.947253220027585,0.17585544922036078,True,walking_dual_task,P10,18,0.34
2026-04-03T17:25:47.900457,1153.92290280779,92430,61,-5.95465083349987,7.45414858238842,-2.314780321363005,9.81735226898747,0.12990095104011523,True,walking_dual_task,P10,18,0.34
2026-04-03T17:25:47.900468,1205.5285585967247,92430,61,-6.118549686522367,7.360526594472281,-1.934826362145683,9.765119306287586,0.05223296269988431,True,walking_dual_task,P10,18,0.34
2026-04-03T17:25:47.900479,1151.9803171921471,92427,64,-5.720644475956239,7.440951357028,-2.1330745098080426,9.625151281010512,0.1399680252770743,True,walking_dual_task,P10,18,0.34
2026-04-03T17:25:47.957787,1158.070069826915,92427,63,-5.911019448757869,7.35303172541235,-2.2961244333277215,9.70975869380073,0.0846074127902181,True,walking_dual_task,P10,18,0.34
2026-04-03T17:25:47.957839,1127.6066609254563,92418,61,-5.89487884573788,7.17441962051373,-2.106907864495991,9.521604604614465,0.18815408918626453,True,walking_dual_task,P10,18,0.34
2026-04-03T17:25:47.957856,1187.3987024641199,92418,61,-6.106175017480794,7.5255238387541645,-1.9584193317851635,9.88707685167227,0.365472247057804,True,walking_dual_task,P10,18,0.34
2026-04-03T17:25:47.959282,1177.7828945911456,92435,62,-5.934789994252344,7.419296519996497,-1.9849654487405655,9.706069284741568,0.18100756693070075,True,walking_dual_task,P10,18,0.34
2026-04-03T17:25:47.959322,1255.7732372996247,92435,61,-4.410861313459159,8.632540409999443,-3.2949311309382736,10.238799862018505,0.5327305772769364,True,walking_dual_task,P10,18,0.34
2026-04-03T17:25:48.015798,1069.2651631311326,92468,62,-4.4146326569638665,8.512971898667683,-3.5617029902628237,10.229633435968498,0.009166426050006393,True,walking_dual_task,P10,18,0.34
2026-04-03T17:25:48.015838,1188.2938789235632,92468,63,-4.5728675839473905,8.838315524640809,-3.72735849035743,10.626388877180394,0.3967554412118961,True,walking_dual_task,P10,18,0.34
2026-04-03T17:25:48.016216,1203.1475491199592,92487,63,-4.83481019040704,7.991021150935798,-3.5593241684424246,9.995028621671146,0.6313602555092483,True,walking_dual_task,P10,18,0.34
2026-04-03T17:25:48.076342,1249.4201280274929,92487,61,-5.183255225913007,7.8855875055813325,-3.965575148406329,10.235937245938585,0.24090862426743875,True,walking_dual_task,P10,18,0.34
2026-04-03T17:25:48.076378,1157.748576372509,92488,62,-5.158972432265072,8.0491099839306,-3.8537658194655484,10.307991030339677,0.072053784401092,True,walking_dual_task,P10,18,0.34
2026-04-03T17:25:48.076793,1202.1253073058167,92488,62,-4.219456702455297,7.918334120011238,-3.8031490973203868,9.745141002390778,0.5628500279488993,True,walking_dual_task,P10,18,0.34
2026-04-03T17:25:48.135678,1227.5679501265224,92486,65,-4.517079527037137,7.893358537359132,-3.6301408708783716,9.792192767470416,0.047051765079638486,True,walking_dual_task,P10,18,0.34
2026-04-03T17:25:48.135720,1192.182396654359,92486,62,-3.628287694786198,7.161917676375493,-3.2914678103754813,8.677055764834904,1.115137002635512,True,walking_dual_task,P10,18,0.34
2026-04-03T17:25:48.135731,1151.394182267379,92494,62,-3.5896310456424585,7.314052587402459,-3.3428689638797144,8.806565119545702,0.12950935471079816,True,walking_dual_task,P10,18,0.34
2026-04-03T17:25:48.194750,1210.4324531004902,92494,62,-3.544316998588571,7.547125422097821,-3.053415823865139,8.879450057114411,0.07288493756870906,True,walking_dual_task,P10,18,0.34
2026-04-03T17:25:48.195184,1188.9189651523902,92471,62,-3.5675183011996077,7.470610450363154,-3.1176890763963967,8.846309541698771,0.03314051541564034,True,walking_dual_task,P10,18,0.34
2026-04-03T17:25:48.195674,1232.2622623700602,92471,61,-4.002264749799745,8.501180621892797,-2.654304579273381,9.763888973820158,0.9175794321213875,True,walking_dual_task,P10,18,0.34
2026-04-03T17:25:48.260644,1171.7546289751335,92427,62,-3.8904054907664984,8.369681202289586,-2.6804881046563853,9.61102672921838,0.15286224460177777,True,walking_dual_task,P10,18,0.34
2026-04-03T17:25:48.261138,1044.1524744716685,92427,63,-4.196260899678176,8.095472939189461,-2.2097088310651407,9.382329175924495,0.22869755329388575,True,walking_dual_task,P10,18,0.34
2026-04-03T17:25:48.261506,1247.5078709549587,92409,62,-3.809246957030658,8.195314303923462,-1.9856726046041895,9.25291492516901,0.12941425075548452,True,walking_dual_task,P10,18,0.34
2026-04-03T17:25:48.337083,1185.868221548113,92409,61,-3.6765284254467057,7.977376154060476,-2.118090188835897,9.035579539494588,0.21733538567442245,True,walking_dual_task,P10,18,0.34
2026-04-03T17:25:48.337132,1171.1325002951714,92420,61,-3.5251378469225747,8.120469489049174,-1.9140884061916028,9.057171522561644,0.02159198306705612,True,walking_dual_task,P10,18,0.34
2026-04-03T17:25:48.337145,1153.5663459554846,92420,63,-3.7226005989249193,8.185553851996739,-1.986430613316957,9.209069098697087,0.1518975761354433,True,walking_dual_task,P10,18,0.34
2026-04-03T17:25:48.378198,1167.0878143329342,92438,62,-3.493717292259398,8.345558873536191,-1.8247074796857645,9.22951628289978,0.02044718420269298,True,walking_dual_task,P10,18,0.34
2026-04-03T17:25:48.378310,1134.9453605448878,92438,61,-3.405119500461442,8.396654467223563,-1.9821957345329697,9.275114284167548,0.04559800126776814,True,walking_dual_task,P10,18,0.34
2026-04-03T17:25:48.378407,1162.5207134676336,92473,60,-3.3632818292242144,8.976365537998248,-2.0198913061293644,9.79626274775893,0.5211484635913823,True,walking_dual_task,P10,18,0.34
2026-04-03T17:25:48.439349,1172.7082455916152,92473,62,-3.7952835638722715,9.690444602287105,-1.6978393045575815,10.544740500566853,0.7484777528079221,True,walking_dual_task,P10,18,0.34
2026-04-03T17:25:48.439382,1201.650590849083,92486,61,-4.042216767584921,9.72242934464772,-1.6400530207311133,10.656215213133649,0.11147471256679609,True,walking_dual_task,P10,18,0.34
2026-04-03T17:25:48.439390,1217.9756672513513,92486,62,-5.5138953812218485,10.8167358134722,-1.4775222475025664,12.23061273711897,1.5743975239853203,True,walking_dual_task,P10,18,0.34
2026-04-03T17:25:48.555098,1200.8592578199518,92476,61,-5.286093237290237,10.659312798547054,-1.5072429740108693,11.993144393081398,0.23746834403757155,True,walking_dual_task,P10,18,0.34
2026-04-03T17:25:48.555154,1245.9911155576124,92476,61,-5.477311165649211,10.98289614225919,-1.4608870457492555,12.359576701385663,0.3664323083042653,True,walking_dual_task,P10,18,0.34
2026-04-03T17:25:48.556299,1263.786878110205,92472,63,-4.253764619198187,9.279945313195093,-1.4368908001979381,10.309052023495047,2.050524677890616,True,walking_dual_task,P10,18,0.34
2026-04-03T17:25:48.557173,1216.0510008442923,92472,62,-4.313122791758561,9.470487464530338,-1.3314204247856765,10.49122687678376,0.1821748532887124,True,walking_dual_task,P10,18,0.34
2026-04-03T17:25:48.557470,1135.969428334505,92480,63,-4.1405780127825516,8.623809219539819,-1.2582234750561494,9.648709657158342,0.8425172196254174,True,walking_dual_task,P10,18,0.34
2026-04-03T17:25:48.614145,1242.8369219742015,92480,63,-4.143773032780215,8.541558895195113,-1.145457092081156,9.562486876178305,0.08622278098003733,True,walking_dual_task,P10,18,0.34
2026-04-03T17:25:48.614488,1261.859592082265,92498,62,-4.444808354068115,8.755189825656723,-1.177982642339683,9.889252413268169,0.3267655370898641,True,walking_dual_task,P10,18,0.34
2026-04-03T17:25:48.615576,1144.2028887282156,92498,62,-4.631039974174184,8.830953582196555,-1.2495024860523098,10.049553665509743,0.16030125224157388,True,walking_dual_task,P10,18,0.34
2026-04-03T17:25:48.675771,1212.8765724640402,92512,63,-4.853518616457959,8.902138223388778,-1.4214570321698232,10.238420190777898,0.18886652526815517,True,walking_dual_task,P10,18,0.34
2026-04-03T17:25:48.676429,1175.7891954934514,92512,63,-5.103781401453831,8.911830620367226,-1.4000562319496994,10.364818717785763,0.1263985270078649,True,walking_dual_task,P10,18,0.34
2026-04-03T17:25:48.676521,1230.770996831601,92523,62,-5.01019617597402,8.876592855312913,-1.6897072147034307,10.332041275186514,0.032777442599249085,True,walking_dual_task,P10,18,0.34
2026-04-03T17:25:48.736087,1174.1476986006412,92523,61,-4.796215025554439,8.97756051747468,-1.6819464873838381,10.316453625286998,0.015587649899515554,True,walking_dual_task,P10,18,0.34
2026-04-03T17:25:48.738288,1133.6760129883974,92517,61,-4.904225625345981,8.867395276867427,-1.7815800130513921,10.28864205439256,0.027811570894439086,True,walking_dual_task,P10,18,0.34
2026-04-03T17:25:48.738320,1143.0751031340792,92517,63,-4.896335736675939,9.175793561854668,-1.7678633331219402,10.549627097704473,0.26098504331191386,True,walking_dual_task,P10,18,0.34
2026-04-03T17:25:48.738333,1180.674767760486,92505,62,-5.101682358500542,8.816170814361186,-1.8253866181326925,10.348143167771093,0.2014839299333797,True,walking_dual_task,P10,18,0.34
2026-04-03T17:25:48.856585,1204.4032071102456,92505,61,-5.0654507079791085,8.838782991100693,-1.8410998361362416,10.352416348145871,0.004273180374777752,True,walking_dual_task,P10,18,0.34
2026-04-03T17:25:48.860554,1124.7245676528735,92445,63,-4.94046381556784,9.003097389455062,-1.9377518480525566,10.450781192885955,0.09836484474008422,True,walking_dual_task,P10,18,0.34
2026-04-03T17:25:48.860590,1126.7453086350029,92445,60,-5.019136214271827,8.9001157429948,-2.057925742086632,10.422996063323712,0.027785129562243327,True,walking_dual_task,P10,18,0.34
2026-04-03T17:25:48.860602,1212.4300892649844,92423,63,-5.137671567927776,8.908377113317934,-1.9211105617700623,10.461621180463606,0.038625117139893916,True,walking_dual_task,P10,18,0.34
2026-04-03T17:25:48.860611,1100.5465966495299,92423,62,-4.951327446867585,8.933433229760507,-1.9571345421851458,10.399627318943105,0.06199386152050046,True,walking_dual_task,P10,18,0.34
2026-04-03T17:25:48.860620,1260.1983556312946,92449,61,-4.860337893006945,8.878183212659247,-1.778947555499744,10.276656849236632,0.1229704697064733,True,walking_dual_task,P10,18,0.34
2026-04-03T17:25:48.919463,1154.6257233701456,92449,61,-5.095414634841019,9.145103362556886,-1.9486844322036851,10.648640139901165,0.3719832906645326,True,walking_dual_task,P10,18,0.34
2026-04-03T17:25:48.919508,1236.1400913907482,92455,62,-4.887734117337778,9.005329794196598,-1.6985517304513704,10.386095873091678,0.2625442668094866,True,walking_dual_task,P10,18,0.34
2026-04-03T17:25:48.919521,1306.92103164736,92455,62,-5.010897389087294,8.825749817461604,-1.9048468893220967,10.326247825621147,0.059848047470531185,True,walking_dual_task,P10,18,0.34
2026-04-03T17:25:48.976778,1072.4613335504773,92468,61,-4.89180792293991,8.841000685260381,-1.9447341708772805,10.289561160083066,0.03668666553808109,True,walking_dual_task,P10,18,0.34
2026-04-03T17:25:48.976826,1146.8497461414606,92468,60,-2.6952195691752037,8.167651561630862,-3.77506132504121,9.392860510307706,0.8967006497753598,True,walking_dual_task,P10,18,0.34
2026-04-03T17:25:48.976839,1206.698438260805,92480,61,-2.7075381985044307,8.073105062079772,-3.847828469752849,9.344066158390532,0.04879435191717363,True,walking_dual_task,P10,18,0.34
2026-04-03T17:25:49.036294,1255.5416791993032,92480,61,-2.6602704396347554,8.076014786402368,-3.687613319783508,9.268092880330284,0.075973278060248,True,walking_dual_task,P10,18,0.34
2026-04-03T17:25:49.036356,1178.6047263145426,92488,62,-2.342034169429474,8.334075128010898,-4.276230649516878,9.655468961058942,0.38737608072865726,True,walking_dual_task,P10,18,0.34
2026-04-03T17:25:49.036370,1074.4883318685922,92488,61,-2.2878464240161582,8.158220623344587,-4.312410079762337,9.507243853771936,0.148225107287006,True,walking_dual_task,P10,18,0.34
2026-04-03T17:25:49.094620,1142.3855800821098,92496,61,-2.2918854369154102,7.9633258869701,-4.428577100129278,9.395722067506174,0.11152178626576159,True,walking_dual_task,P10,18,0.34
2026-04-03T17:25:49.095000,1209.2736525954629,92496,63,-2.2742921773837983,8.063649855250425,-4.288401682869793,9.411973379150082,0.016251311643907584,True,walking_dual_task,P10,18,0.34
2026-04-03T17:25:49.095721,1210.8051002665652,92517,61,-2.1573477920713082,7.8124604882806326,-4.4756277600104415,9.25850593903126,0.1534674401188223,True,walking_dual_task,P10,18,0.34
2026-04-03T17:25:49.156092,1154.5318700961896,92517,61,-2.2173681368334397,7.911864352127877,-4.283761805612197,9.266333373451332,0.007827434420072166,True,walking_dual_task,P10,18,0.34
2026-04-03T17:25:49.156845,1177.2107074271005,92540,61,-2.199743243039485,7.879884205359189,-4.734496600201205,9.452349098635949,0.1860157251846175,True,walking_dual_task,P10,18,0.34
2026-04-03T17:25:49.156876,1204.391623931099,92540,61,-2.167483799119548,7.866841453693301,-4.779780828282207,9.456822153525314,0.004473054889365002,True,walking_dual_task,P10,18,0.34
2026-04-03T17:25:49.223928,1167.6993350813746,92567,60,-2.373631266671796,7.981823008068823,-4.5845784582914035,9.505892044542078,0.049069891016763734,True,walking_dual_task,P10,18,0.34
2026-04-03T17:25:49.226443,1184.4843839535076,92567,61,-1.8374892533269453,7.9146265256708155,-4.919383328762698,9.498316278807126,0.007575765734952,True,walking_dual_task,P10,18,0.34
2026-04-03T17:25:49.228173,1240.8120335178378,92586,61,-2.0051971655424623,7.8816682617928215,-4.939468911997235,9.515243738036297,0.01692745922917105,True,walking_dual_task,P10,18,0.34
2026-04-03T17:25:49.304673,1208.0780342237913,92586,61,-2.135401589007691,7.960649845853516,-4.865732599696905,9.571167099490918,0.055923361454620846,True,walking_dual_task,P10,18,0.34
2026-04-03T17:25:49.304719,1224.6310023660742,92597,63,-2.1100502937477974,8.277564913910595,-4.749600600394587,9.773898864292464,0.20273176480154653,True,walking_dual_task,P10,18,0.34
2026-04-03T17:25:49.304728,1192.6308570097444,92597,60,-2.0275836676026704,8.178033202305778,-4.8225521000007,9.708157978955944,0.06574088533652045,True,walking_dual_task,P10,18,0.34
2026-04-03T17:25:49.339421,1201.5265267818602,92622,62,-2.142362872855381,7.920497186226101,-4.760982625801088,9.486355987373896,0.22180199158204772,True,walking_dual_task,P10,18,0.34
2026-04-03T17:25:49.395295,1126.8001036114783,92622,62,-2.0453096002374793,7.926523205493778,-4.799379818887182,9.48931547236135,0.0029594849874534646,True,walking_dual_task,P10,18,0.34
2026-04-03T17:25:49.395338,1211.5225344696569,92613,60,-2.0153209091910904,8.220624711294407,-4.747059688248532,9.70436833053864,0.21505285817729103,True,walking_dual_task,P10,18,0.34
2026-04-03T17:25:49.396731,1204.3751888336076,92613,59,-2.0030171199143076,8.06883996761761,-4.664779185416592,9.53301740554317,0.17135092499547078,True,walking_dual_task,P10,18,0.34
2026-04-03T17:25:49.396764,1165.5845396368534,92559,60,-2.0874523623497345,8.00099133761325,-4.487087331245734,9.407830380479217,0.12518702506395307,True,walking_dual_task,P10,18,0.34
2026-04-03T17:25:49.398207,1266.2524904766694,92559,61,-2.0918447579152972,8.227688042253297,-4.4106272237175395,9.566833202186285,0.1590028217070678,True,walking_dual_task,P10,18,0.34
2026-04-03T17:25:49.454854,1163.1301849400002,92546,62,-2.0817263261458256,8.264465277780477,-4.390597152543736,9.587091017641008,0.02025781545472327,True,walking_dual_task,P10,18,0.34
2026-04-03T17:25:49.454898,1162.6278337113301,92546,60,-1.9645082376067617,8.384942484846658,-4.378555614821747,9.661174999030827,0.07408398138981909,True,walking_dual_task,P10,18,0.34
2026-04-03T17:25:49.576208,1092.3461119604135,92558,61,-1.7557969041106065,8.221042638787164,-4.498355930695167,9.534336417206045,0.12683858182478147,True,walking_dual_task,P10,18,0.34
2026-04-03T17:25:49.576272,1108.2252729973736,92558,62,-1.6940077492077197,8.372549038670691,-4.470584041534553,9.641336076070823,0.10699965886477791,True,walking_dual_task,P10,18,0.34
2026-04-03T17:25:49.653731,1274.6490370682118,92579,61,-1.7824811741729643,8.312244990809177,-4.386928050215636,9.566388746088151,0.07494732998267217,True,walking_dual_task,P10,18,0.34
2026-04-03T17:25:49.655276,1170.889260392365,92579,61,-1.706385696693087,8.429961951096606,-4.636955583758896,9.77125210648912,0.20486336040096909,True,walking_dual_task,P10,18,0.34
2026-04-03T17:25:49.655839,1276.059786663925,92602,61,-1.274225699285186,8.309816924494122,-4.445988159409577,9.510179765122105,0.26107234136701507,True,walking_dual_task,P10,18,0.34
2026-04-03T17:25:49.655863,1208.7821314923608,92602,61,-1.5371237026552484,8.498486134927125,-4.589692511376553,9.780199037432684,0.270019272310579,True,walking_dual_task,P10,18,0.34
2026-04-03T17:25:49.656234,1124.408851292841,92625,61,-1.2099767218402628,8.266354429189192,-4.764542994480329,9.617563577259194,0.1626354601734903,True,walking_dual_task,P10,18,0.34
2026-04-03T17:25:49.704278,1141.3132076554125,92625,63,-1.4766153102717583,8.202981515868734,-5.0482332256486036,9.744432114020578,0.12686853676138377,True,walking_dual_task,P10,18,0.34
2026-04-03T17:25:49.704315,1136.3112931024505,92634,61,-1.3568274273322996,8.513806129319093,-5.219808488884613,10.078307205866688,0.3338750918461102,True,walking_dual_task,P10,18,0.34
2026-04-03T17:25:49.704598,1194.4662501426615,92634,62,-1.376667308576058,8.456481860951584,-5.123116695313277,9.982666127688677,0.09564107817801037,True,walking_dual_task,P10,18,0.34
2026-04-03T17:25:49.705096,1233.5971846656116,92649,59,-1.4113385258054416,8.531021161317534,-5.105979382191794,10.041973109934021,0.05930698224534403,True,walking_dual_task,P10,18,0.34
2026-04-03T17:25:49.705111,1194.2288977606179,92649,60,-1.4677877962896737,8.126309028367677,-5.196637009209436,9.756860952424818,0.2851121575092037,True,walking_dual_task,P10,18,0.34
2026-04-03T17:25:49.705260,1202.9943072029118,92662,60,-1.4040030084086976,8.175133473920962,-5.266820126041491,9.825651428995403,0.06879047657058557,True,walking_dual_task,P10,18,0.34
