timestamp,gsr_filtered,ppg_ir,hr_bpm_avg,imu_ax_mps2,imu_ay_mps2,imu_az_mps2,svm,jerk,hr_valid_flag,label,patient_id,day,progression
2026-04-01T14:05:15.067029,1945.5438399421478,95437,107.0,-4.613843081154276,4.286001953529407,7.011488343464608,9.424347696987477,,True,walking_dual_task,P01,0,0.0
2026-04-01T14:05:15.068655,1862.3266082256794,95449,72.0,-4.673868481930683,4.311828467816234,6.983483996553119,9.444890685040724,0.020542988053247058,True,walking_dual_task,P01,0,0.0
2026-04-01T14:05:15.109889,1908.3310333532654,95449,71.0,-4.599555723135262,4.930092043223387,7.180470180396762,9.849917381199093,0.4050266961583695,True,walking_dual_task,P01,0,0.0
2026-04-01T14:05:15.110304,1872.9127060550322,95341,80.0,-4.453983182485587,4.765998274789167,7.337976848258722,9.818279379338254,0.03163800186083954,True,walking_dual_task,P01,0,0.0
2026-04-01T14:05:15.123653,1926.284595594321,95341,50.0,-4.478571699272649,4.829485864826288,7.3309719932976485,9.855185870930965,0.03690649159271153,True,walking_dual_task,P01,0,0.0
2026-04-01T14:05:15.169416,1976.176512987431,95145,83.0,-4.482714861501557,3.9808036511735194,7.288003512874625,9.436976498985056,0.4182093719459097,True,walking_dual_task,P01,0,0.0
2026-04-01T14:05:15.169454,1902.6301901270779,95081,61.0,-4.564931510452471,4.145650299168206,7.2647056077043635,9.528953964876026,0.09197746589097022,True,walking_dual_task,P01,0,0.0
2026-04-01T14:05:15.199136,1840.153415122544,95081,77.0,-4.54257048546391,3.303072135184508,6.79452188924052,8.815370658628526,0.7135833062475001,True,walking_dual_task,P01,0,0.0
2026-04-01T14:05:15.199826,1775.190011206072,95129,93.0,-4.621715208273676,3.3775471674920117,6.842843188827689,8.921467325608887,0.10609666698036158,True,walking_dual_task,P01,0,0.0
2026-04-01T14:05:15.230996,1898.1160190508326,95129,84.0,-4.648155951211129,2.9215992410070863,6.899439280853428,8.817219417821917,0.10424790778697002,True,walking_dual_task,P01,0,0.0
2026-04-01T14:05:15.274618,1896.4503187484138,95223,68.0,-4.43461708127147,3.650557082516975,7.338958429427595,9.319479947887967,0.5022605300660494,True,walking_dual_task,P01,0,0.0
2026-04-01T14:05:15.275002,1810.2060861326406,95223,94.0,-4.519499285243183,3.666324386941338,7.399190364031137,9.413597948859174,0.09411800097120704,True,walking_dual_task,P01,0,0.0
2026-04-01T14:05:15.303998,1887.2293386398933,95261,102.0,-4.7081391670959105,3.5011974658194234,8.088265611319068,9.992246930027777,0.5786489811686035,True,walking_dual_task,P01,0,0.0
2026-04-01T14:05:15.305070,1867.1677381911509,95261,93.0,-4.61193498110946,3.5671203820402586,8.188830609528358,10.052424525530979,0.060177595503201786,True,walking_dual_task,P01,0,0.0
2026-04-01T14:05:15.319026,1793.41273228295,95261,87.0,-4.627622462778738,4.1453955570859895,7.894453231083026,10.04597361137684,0.006450914154138232,True,walking_dual_task,P01,0,0.0
2026-04-01T14:05:15.364321,1946.6823426040535,95292,74.0,-4.426644988424526,4.158141738200295,7.992007652108994,10.037804285792589,0.008169325584251652,True,walking_dual_task,P01,0,0.0
2026-04-01T14:05:15.364940,1886.615717281722,95316,85.0,-4.513251699263618,4.215686893836041,8.074706367666483,10.165743446093874,0.12793916030128472,True,walking_dual_task,P01,0,0.0
2026-04-01T14:05:15.409583,1952.8762356797522,95316,104.0,-4.318828961726522,4.044103651019811,7.925387448336633,9.890339940926774,0.2754035051671,True,walking_dual_task,P01,0,0.0
2026-04-01T14:05:15.410193,1853.1959589721052,95335,120.0,-4.589405092328795,4.099985532086167,8.049398512536618,10.132390481936437,0.24205054100966272,True,walking_dual_task,P01,0,0.0
2026-04-01T14:05:15.423587,1867.0527210110374,95335,85.0,-4.3045754636890114,4.207852564838795,7.964583562579134,9.983485586473275,0.14890489546316132,True,walking_dual_task,P01,0,0.0
2026-04-01T14:05:15.468989,1844.4450515980536,95335,93.0,-4.414428616996245,4.151980736785852,8.041354478297825,10.06923561641283,0.08575002993955394,True,walking_dual_task,P01,0,0.0
2026-04-01T14:05:15.469386,1903.6884413684472,95347,91.0,-4.620561290397446,4.166527029441705,8.010091122506786,10.142538829910865,0.07330321349803626,True,walking_dual_task,P01,0,0.0
2026-04-01T14:05:15.499007,1959.6701877995831,95347,118.0,-4.537927675424315,4.046333334928942,7.877215524325066,9.950684672996472,0.19185415691439367,True,walking_dual_task,P01,0,0.0
2026-04-01T14:05:15.499509,1850.6983859654094,95407,73.0,-4.55249629975967,4.088469510681563,7.949683563175628,10.031862950306039,0.08117827730956684,True,walking_dual_task,P01,0,0.0
2026-04-01T14:05:15.529929,1884.7939314051532,95407,92.0,-4.45188291022973,4.387528216727153,8.05541291319653,10.19604543443515,0.16418248412911218,True,walking_dual_task,P01,0,0.0
2026-04-01T14:05:15.574444,1843.4289239980017,95477,68.0,-4.389071349318733,4.202862943076873,7.942328177351099,10.000429046018205,0.19561638841694595,True,walking_dual_task,P01,0,0.0
2026-04-01T14:05:15.575491,2027.9088690034455,95477,89.0,-4.529373982987521,4.1450883134090635,7.867352458979039,9.97959019787527,0.020838848142934907,True,walking_dual_task,P01,0,0.0
2026-04-01T14:05:15.591136,1960.1596003567738,95536,91.0,-6.434514827054128,5.894321442845226,5.888802667394779,10.527298000279098,0.5477078024038278,True,walking_dual_task,P01,0,0.0
2026-04-01T14:05:15.604730,1799.6452614397508,95536,80.0,-6.385245309474466,5.788024739249281,6.003509747696272,10.503081325735394,0.024216674543703576,True,walking_dual_task,P01,0,0.0
2026-04-01T14:05:15.619422,1880.2601066089048,95590,97.0,-6.6261055288085515,5.890830645905307,6.433855124267193,10.954526550139153,0.4514452244037592,True,walking_dual_task,P01,0,0.0
2026-04-01T14:05:15.679190,1917.4398600815307,95590,94.0,-6.481989230783178,5.642624424696258,6.349617369425073,10.685178310363963,0.26934823977519073,True,walking_dual_task,P01,0,0.0
2026-04-01T14:05:15.679588,1997.4698593237417,95600,97.0,-6.6826346186363015,5.635210185680856,5.959307071217443,10.579534018663574,0.10564429170038814,True,walking_dual_task,P01,0,0.0
2026-04-01T14:05:15.680474,1884.341698837918,95600,94.0,-6.317892508668791,5.238891826243467,6.031405911595547,10.185264384816112,0.39426963384746294,True,walking_dual_task,P01,0,0.0
2026-04-01T14:05:15.708655,1991.0400893715437,95627,89.0,-6.258352794897803,5.222378727139953,5.940695840578304,10.08623251493606,0.09903186988005075,True,walking_dual_task,P01,0,0.0
2026-04-01T14:05:15.723999,1983.8108591200698,95627,55.0,-5.729706911283653,5.135076187311542,6.1254473902607565,9.834615115476456,0.2516173994596045,True,walking_dual_task,P01,0,0.0
2026-04-01T14:05:15.738811,1935.8134116091232,95538,69.0,-5.6841278636702235,5.133943329217063,6.118695952828907,9.803322081892926,0.031293033583530416,True,walking_dual_task,P01,0,0.0
2026-04-01T14:05:15.784686,1956.8089002391707,95538,71.0,-5.189086763888627,5.334949491055757,6.430697758002144,9.835760324959836,0.03243824306690968,True,walking_dual_task,P01,0,0.0
2026-04-01T14:05:15.785481,1882.5613679281657,95446,62.0,-5.071078890221179,5.164645347620168,6.649642462071665,9.828893505930768,0.006866819029067273,True,walking_dual_task,P01,0,0.0
2026-04-01T14:05:15.798991,1991.5125489847267,95446,54.0,-4.972580372206903,5.254477133392147,6.516684603323121,9.736696756220095,0.09219674971067349,True,walking_dual_task,P01,0,0.0
2026-04-01T14:05:15.829641,1802.3578708908128,95460,67.0,-5.424748241603578,4.7098040635241825,6.398810052041612,9.62054665201925,0.1161501042008446,True,walking_dual_task,P01,0,0.0
2026-04-01T14:05:15.890089,1945.6273267862143,95460,93.0,-5.401901636670334,4.727023826413357,6.599307059303601,9.750699934400378,0.13015328238112822,True,walking_dual_task,P01,0,0.0
2026-04-01T14:05:15.890638,1931.8693378391665,95547,100.0,-5.236288316328813,4.479191780425024,6.379392156011346,9.390341773211869,0.3603581611885094,True,walking_dual_task,P01,0,0.0
2026-04-01T14:05:15.891397,1906.012640383091,95547,96.0,-5.436058934515977,4.296577962213615,6.262085223655789,9.339434151662447,0.05090762154942219,True,walking_dual_task,P01,0,0.0
2026-04-01T14:05:15.903684,1966.630252787931,95624,80.0,-5.409200934659858,4.308601909763029,6.434708160359085,9.446108949050423,0.10667479738797603,True,walking_dual_task,P01,0,0.0
2026-04-01T14:05:15.918974,1926.6017776351307,95624,76.0,-5.866219102836549,4.3587981311713,6.085822697650657,9.510461903505359,0.06435295445493594,True,walking_dual_task,P01,0,0.0
2026-04-01T14:05:15.964619,1913.0406053700951,95684,54.0,-5.7835144113210415,4.255796316803286,6.043667547689447,9.385454632731925,0.125007270773434,True,walking_dual_task,P01,0,0.0
2026-04-01T14:05:15.978885,1874.735695123771,95684,78.0,-6.0431927909901555,4.689864723746292,6.253561804776572,9.880386909543356,0.49493227681143104,True,walking_dual_task,P01,0,0.0
2026-04-01T14:05:15.979407,1943.0664656464564,95732,65.0,-5.659617566920937,5.271853993900916,6.223026351002301,9.92722380638606,0.04683689684270398,True,walking_dual_task,P01,0,0.0
2026-04-01T14:05:16.009323,1938.7252814948004,95732,114.0,-5.559481028794645,5.377434678619917,6.195641744282481,9.910126621584979,0.0170971848010808,True,walking_dual_task,P01,0,0.0
2026-04-01T14:05:16.039381,1857.2364105699714,95712,68.0,-5.2007256686900885,5.125007735060298,6.725717542542228,9.927161136370263,0.017034514785283505,True,walking_dual_task,P01,0,0.0
2026-04-01T14:05:16.039998,1926.3034552482686,95712,62.0,-5.377581923956375,5.054174840357533,6.719211835377076,9.980524953850715,0.05336381748045227,True,walking_dual_task,P01,0,0.0
2026-04-01T14:05:16.101594,1865.4085252161822,95684,57.0,-5.377719232347571,5.019027003550433,6.42899718272414,9.76946779409218,0.21105715975853556,True,walking_dual_task,P01,0,0.0
2026-04-01T14:05:16.104212,1876.9315745016975,95684,70.0,-5.353348064921776,5.196322036051603,6.184114874271848,9.690375378939017,0.07909241515316268,True,walking_dual_task,P01,0,0.0
2026-04-01T14:05:16.105193,1901.5162329089087,95738,89.0,-5.2970038859858235,5.256163225125372,6.120287972809841,9.651084233775501,0.039291145163515395,True,walking_dual_task,P01,0,0.0
2026-04-01T14:05:16.221108,1926.5076804618188,95738,116.0,-5.885090264135103,5.257936913846098,6.200052858221042,10.035977453728067,0.3848932199525663,True,walking_dual_task,P01,0,0.0
2026-04-01T14:05:16.222656,1884.8910915516074,95810,85.0,-5.807383693938009,5.156660246592343,6.295043559789714,9.997220798154498,0.03875665557356989,True,walking_dual_task,P01,0,0.0
2026-04-01T14:05:16.223708,1932.896141861532,95810,68.0,-5.83907379245367,5.1571518060957455,6.294257631278389,10.01542193987563,0.018201141721132075,True,walking_dual_task,P01,0,0.0
2026-04-01T14:05:16.279343,1933.159573981823,95871,51.0,-5.564367319214187,4.823044069806899,6.945434267497999,10.122400650368165,0.10697871049253571,True,walking_dual_task,P01,0,0.0
2026-04-01T14:05:16.340922,1866.160038945155,95871,62.0,-5.572927736051169,4.619016296565436,6.707170423556652,9.868078343315815,0.2543223070523499,True,walking_dual_task,P01,0,0.0
2026-04-01T14:05:16.341492,1899.6606740456475,95918,93.0,-5.290129549435411,4.983103369713692,7.2170558612300155,10.24220118661883,0.3741228433030148,True,walking_dual_task,P01,0,0.0
2026-04-01T14:05:16.341915,1880.005506213632,95918,76.0,-4.907349890077991,5.4947660046909155,7.390996717245024,10.435581865151658,0.1933806785328276,True,walking_dual_task,P01,0,0.0
2026-04-01T14:05:16.342304,1836.7062371646807,95944,91.0,-4.878077975216875,5.3960749961436845,7.306995477874942,10.310453579255759,0.12512828589589908,True,walking_dual_task,P01,0,0.0
2026-04-01T14:05:16.343084,1943.5985437266315,95944,63.0,-4.79385540640168,5.38987646549604,6.618065868342442,9.78931120194439,0.521142377311369,True,walking_dual_task,P01,0,0.0
2026-04-01T14:05:16.344462,1845.6918017951398,95990,50.0,-5.073120704824735,5.470511326321854,6.823554818193479,10.110585948105507,0.3212747461611176,True,walking_dual_task,P01,0,0.0
2026-04-01T14:05:16.344620,1882.837750054,95990,80.0,-5.271738662509805,4.895254544692312,6.869412577335165,9.947038490967147,0.16354745713836039,True,walking_dual_task,P01,0,0.0
2026-04-01T14:05:16.345366,1913.5157901397324,96040,68.0,-5.547010204271001,4.943481381325428,6.761795035964717,10.04635269549078,0.09931420452363326,True,walking_dual_task,P01,0,0.0
2026-04-01T14:05:16.400222,1865.4756040020138,96040,115.0,-5.34704968128892,4.828113205408428,6.8287012556622315,9.926367828037309,0.11998486745347137,True,walking_dual_task,P01,0,0.0
2026-04-01T14:05:16.401619,1901.4186982652907,95887,98.0,-5.57286391741955,4.921213295455781,6.84972693480677,10.109100435887699,0.18273260785039014,True,walking_dual_task,P01,0,0.0
2026-04-01T14:05:16.402302,1912.4280468248928,95887,50.0,-5.434188991163692,4.997380900498498,6.797641261773931,10.035544458579382,0.07355597730831676,True,walking_dual_task,P01,0,0.0
2026-04-01T14:05:16.521987,1867.8482838777245,95773,97.0,-5.444186131266812,4.813447063562755,6.888387076989135,10.012907259534051,0.022637199045330902,True,walking_dual_task,P01,0,0.0
2026-04-01T14:05:16.522838,2024.9954616510747,95773,84.0,-5.582524057514204,4.99912933724048,6.813151024613398,10.127926533470408,0.11501927393635647,True,walking_dual_task,P01,0,0.0
2026-04-01T14:05:16.523399,1947.5553418025065,95810,83.0,-5.444170995013134,4.951060288016047,7.0383030934817175,10.182814259045784,0.05488772557537658,True,walking_dual_task,P01,0,0.0
2026-04-01T14:05:16.523799,1829.7995385430268,95810,81.0,-5.540715222592764,4.979313896372299,6.772510036119943,10.067769576516083,0.11504468252970135,True,walking_dual_task,P01,0,0.0
2026-04-01T14:05:16.524455,1881.011511348337,95892,89.0,-5.50470773536862,4.872920926304482,6.9157370985896405,10.093294071939662,0.025524495423578486,True,walking_dual_task,P01,0,0.0
2026-04-01T14:05:16.526329,1920.0677115069113,95892,88.0,-5.41554750521124,5.032714742844676,6.827641083429599,10.063451457039058,0.029842614900603692,True,walking_dual_task,P01,0,0.0
2026-04-01T14:05:16.579475,1834.0911628390818,95951,98.0,-5.427223057851475,4.82928099131595,6.812964485604089,9.959577807059036,0.10387364998002191,True,walking_dual_task,P01,0,0.0
2026-04-01T14:05:16.579807,1893.9581295658706,95951,52.0,-5.419168488665867,5.021582426998139,7.02881029680219,10.197443374106967,0.2378655670479315,True,walking_dual_task,P01,0,0.0
2026-04-01T14:05:16.580756,1916.8466198988124,95992,99.0,-5.860414038824554,3.880079430573002,6.524481350074731,9.590011782134608,0.6074315919723592,True,walking_dual_task,P01,0,0.0
2026-04-01T14:05:16.640182,1856.994204405303,95992,100.0,-5.991023276483727,4.123945813858967,6.598418993150768,9.820306623735712,0.23029484160110414,True,walking_dual_task,P01,0,0.0
2026-04-01T14:05:16.640569,1926.6754314834848,96013,71.0,-6.082750897537665,4.460989771846978,6.971406777736037,10.271358268830982,0.4510516450952693,True,walking_dual_task,P01,0,0.0
2026-04-01T14:05:16.641014,1935.747331482823,96013,105.0,-6.012439057523908,4.5635580926150645,7.043651000073114,10.32417092535485,0.052812656523867574,True,walking_dual_task,P01,0,0.0
2026-04-01T14:05:16.699542,1892.592818033148,96013,63.0,-5.637403457620493,4.5563112713947245,7.1208912096825205,10.161071880759623,0.16309904459522606,True,walking_dual_task,P01,0,0.0
2026-04-01T14:05:16.700196,1953.8614158822068,96013,96.0,-5.163719809674583,3.867229460352076,6.789231838436317,9.365529078908361,0.795542801851262,True,walking_dual_task,P01,0,0.0
2026-04-01T14:05:16.700702,1824.753240481823,96031,74.0,-5.206196600488253,3.7255513253964194,6.841416607723638,9.36958894090532,0.004059861996958958,True,walking_dual_task,P01,0,0.0
2026-04-01T14:05:16.759748,1968.2231619136485,96031,76.0,-5.085484474368006,3.6101140422359888,6.603129474123522,9.082752588782009,0.28683635212331104,True,walking_dual_task,P01,0,0.0
2026-04-01T14:05:16.819701,1861.35061954771,96084,100.0,-5.073094307409712,3.715069433709322,6.621341721850423,9.131275537769696,0.04852294898768683,True,walking_dual_task,P01,0,0.0
2026-04-01T14:05:16.820449,1797.6932298953748,96084,96.0,-5.136954863504809,3.926743110010662,6.483580500247172,9.15666057167608,0.02538503390638347,True,walking_dual_task,P01,0,0.0
2026-04-01T14:05:16.821033,1895.239027029171,96134,79.0,-5.463403317331138,4.283279675196251,6.945465012313802,9.820119389348042,0.6634588176719625,True,walking_dual_task,P01,0,0.0
2026-04-01T14:05:16.821540,1962.3509675195128,96134,57.0,-5.46862766726256,4.25666791054859,6.821322198642271,9.723967647083851,0.09615174226419043,True,walking_dual_task,P01,0,0.0
2026-04-01T14:05:16.821949,1906.2991320220187,96164,103.0,-6.14723893501241,4.971577316900996,7.372714291508963,10.810274907063073,1.0863072599792218,True,walking_dual_task,P01,0,0.0
2026-04-01T14:05:16.880808,1840.087335789947,96164,124.0,-6.056941620851791,4.872682710786944,7.502482829088099,10.803556229277955,0.006718677785118032,True,walking_dual_task,P01,0,0.0
2026-04-01T14:05:16.881379,1910.1181496946938,96203,70.0,-6.088040027019908,5.143619035714885,8.111797594141718,11.371996674440616,0.5684404451626612,True,walking_dual_task,P01,0,0.0
2026-04-01T14:05:16.881413,1936.4852953396487,96203,91.0,-5.522320121733198,4.189205232849303,7.819512015340507,10.449412814502349,0.9225838599382676,True,walking_dual_task,P01,0,0.0
2026-04-01T14:05:16.939363,1941.7250599674394,96254,71.0,-5.485011620281189,3.955770348618524,7.784694337058529,10.311883312327595,0.13752950217475401,True,walking_dual_task,P01,0,0.0
2026-04-01T14:05:16.939650,1951.0712243995993,96254,115.0,-5.830088385098247,2.5215386853089816,6.4424129890711335,9.047252237078377,1.264631075249218,True,walking_dual_task,P01,0,0.0
2026-04-01T14:05:16.939930,1926.3678003149446,96285,50.0,-5.731002407555907,2.3426193942866727,6.33300594535295,8.856591812078474,0.1906604249999031,True,walking_dual_task,P01,0,0.0
2026-04-01T14:05:16.999190,1956.1209664734758,96285,80.0,-4.842260504392988,3.1888015639102383,6.147309847289259,8.450169262504753,0.4064225495737208,True,walking_dual_task,P01,0,0.0
2026-04-01T14:05:16.999827,1955.038484471409,96377,86.0,-4.799302460336412,3.0833761749907973,6.136603406376664,8.37844938574231,0.07171987676244207,True,walking_dual_task,P01,0,0.0
2026-04-01T14:05:17.000311,1882.3038840226932,96377,60.0,-4.178782501854925,4.398219402104257,6.781316161675925,9.099055225212249,0.720605839469938,True,walking_dual_task,P01,0,0.0
2026-04-01T14:05:17.059525,1871.3551950988801,96248,55.0,-4.198671980728426,4.323794123382247,6.6132416716497255,8.947569917625303,0.15148530758694534,True,walking_dual_task,P01,0,0.0
2026-04-01T14:05:17.060099,1950.5248078812754,96248,56.0,-4.703789164336411,4.351659780466231,6.878841406571408,9.40111878683688,0.453548869211577,True,walking_dual_task,P01,0,0.0
2026-04-01T14:05:17.060560,1997.3284517885047,96073,50.0,-5.031795468412601,4.420933541960398,6.90950763987885,9.623144748153397,0.22202596131651653,True,walking_dual_task,P01,0,0.0
2026-04-01T14:05:17.239813,1853.8309398329025,96073,85.0,-5.316407246477136,4.913426085241322,7.126013346334885,10.158051393730362,0.5349066455769655,True,walking_dual_task,P01,0,0.0
2026-04-01T14:05:17.240245,1903.1604728116629,96105,58.0,-5.078474783926005,5.001581382807116,6.842924559515931,9.88090780176808,0.27714359196228244,True,walking_dual_task,P01,0,0.0
2026-04-01T14:05:17.240687,1955.913034960055,96105,118.0,-5.168202977996424,4.936279438672474,6.9093009159049235,9.940604401391113,0.05969659962303275,True,walking_dual_task,P01,0,0.0
2026-04-01T14:05:17.240962,1832.7610956284398,96202,71.0,-5.952603819853913,4.06337415097819,6.179862155409296,9.493955866067482,0.44664853532363047,True,walking_dual_task,P01,0,0.0
2026-04-01T14:05:17.241469,1977.963613135018,96202,85.0,-5.807390876417863,3.913743035258671,6.008351111969374,9.227321194270893,0.26663467179658973,True,walking_dual_task,P01,0,0.0
2026-04-01T14:05:17.241841,1903.0676451154995,96289,97.0,-7.075935867780095,3.902886202393832,5.431188518332821,9.73648796206534,0.5091667677944471,True,walking_dual_task,P01,0,0.0
2026-04-01T14:05:17.242939,1867.986934575019,96289,104.0,-7.047711991122163,3.8846859345205633,5.423055705668984,9.704151807677885,0.03233615438745474,True,walking_dual_task,P01,0,0.0
2026-04-01T14:05:17.244061,1806.6809866617448,96405,99.0,-7.371962616478186,4.401378960309315,5.451274445874924,10.170268563575613,0.46611675589772794,True,walking_dual_task,P01,0,0.0
2026-04-01T14:05:17.244697,1969.0278470681783,96405,102.0,-6.366096735129032,5.29299123222374,5.825087488206536,10.122973282128045,0.04729528144756756,True,walking_dual_task,P01,0,0.0
2026-04-01T14:05:17.299264,1948.9489856460568,96458,89.0,-6.468014831032494,5.209288591953161,5.861729636240511,10.165223943282802,0.04225066115475684,True,walking_dual_task,P01,0,0.0
2026-04-01T14:05:17.299608,1895.0712559540982,96460,93.0,-5.7885462958198906,5.531276087916912,6.335371518123507,10.209760802891621,0.0445368596088187,True,walking_dual_task,P01,0,0.0
2026-04-01T14:05:17.359843,1854.0301557809873,96460,77.0,-5.782527192161119,5.436768736781803,6.270471243661334,10.115082038367978,0.09467876452364266,True,walking_dual_task,P01,0,0.0
2026-04-01T14:05:17.362200,1923.2474680372977,96460,81.0,-5.629816871822505,5.124991038014333,6.562923708398697,10.05148440541228,0.0635976329556982,True,walking_dual_task,P01,0,0.0
2026-04-01T14:05:17.362689,1891.8751743520359,96498,86.0,-5.528945950660992,5.205775135172624,6.580104295787334,10.048239180411215,0.003245225001064611,True,walking_dual_task,P01,0,0.0
2026-04-01T14:05:17.363368,1921.5474601147027,96498,91.0,-5.524622335644608,5.217678038694323,6.650136638977472,10.098016309357343,0.04977712894612729,True,walking_dual_task,P01,0,0.0
2026-04-01T14:05:17.420074,1831.4957808252939,96571,68.0,-5.663368338298274,5.2389984416439885,6.631276291640009,10.173233058514603,0.07521674915725995,True,walking_dual_task,P01,0,0.0
2026-04-01T14:05:17.429562,1846.0785699289352,96571,66.0,-5.589296946392838,5.144566376755134,6.672523090001258,10.110853967217393,0.062379091297209754,True,walking_dual_task,P01,0,0.0
2026-04-01T14:05:17.430080,1870.0202024345022,96643,67.0,-5.584350034547659,5.226740043771669,6.584030062575186,10.092236058397193,0.018617908820200313,True,walking_dual_task,P01,0,0.0
2026-04-01T14:05:17.479404,1971.4724793028433,96643,85.0,-5.627736762529976,5.106306151223657,6.695066686283869,10.127670092975185,0.035434034577992435,True,walking_dual_task,P01,0,0.0
2026-04-01T14:05:17.479793,1868.3786187963287,96685,87.0,-5.629569266817483,5.142736923540694,6.5866692911742595,10.075912144612158,0.051757948363027495,True,walking_dual_task,P01,0,0.0
2026-04-01T14:05:17.540769,1949.131607226436,96685,65.0,-5.744510950034547,5.158719563963536,6.578801016719894,10.143589917395204,0.06767777278304621,True,walking_dual_task,P01,0,0.0
2026-04-01T14:05:17.541432,1799.9553521754385,96740,94.0,-5.642311799061588,5.1832554032024305,6.627386844552091,10.130354159653004,0.013235757742199539,True,walking_dual_task,P01,0,0.0
2026-04-01T14:05:17.541531,1929.331689110163,96740,106.0,-5.457336111165745,5.127081629758923,6.73328313419291,10.070083675603286,0.060270484049718576,True,walking_dual_task,P01,0,0.0
2026-04-01T14:05:17.542042,1906.2662031177395,96807,71.0,-5.540653734401108,5.063983980263093,6.6275834709694825,10.013373069129207,0.05671060647407877,True,walking_dual_task,P01,0,0.0
2026-04-01T14:05:17.599408,1816.1857811320422,96807,74.0,-5.561208977730711,5.093565740612301,6.59389009826858,10.017526834302787,0.004153765173580126,True,walking_dual_task,P01,0,0.0
2026-04-01T14:05:17.599454,1955.7846625618859,96856,83.0,-6.349680914549619,4.75337936492794,5.8984779841965205,9.884589300197025,0.13293753410576237,True,walking_dual_task,P01,0,0.0
2026-04-01T14:05:17.599764,1790.7192408485873,96856,50.0,-6.361832779403305,4.7940996361624135,5.949621213928865,9.942549985983241,0.057960685786216715,True,walking_dual_task,P01,0,0.0
2026-04-01T14:05:17.660924,1866.464908599211,96911,88.0,-6.244741752027689,4.85727532794179,5.835030707839265,9.83043775843055,0.11211222755269112,True,walking_dual_task,P01,0,0.0
2026-04-01T14:05:17.661778,1857.7823836387604,96911,92.0,-6.259797083914265,4.859131647820082,5.9040523693601585,9.882006591921275,0.05156883349072494,True,walking_dual_task,P01,0,0.0
2026-04-01T14:05:17.662552,1969.8371792132443,96834,50.0,-6.32667353727435,4.374812960379286,6.047110678528541,9.784341267756558,0.0976653241647174,True,walking_dual_task,P01,0,0.0
2026-04-01T14:05:17.719532,1869.4232823839102,96834,64.0,-5.807584864146398,4.41957516047685,6.6477199953124995,9.871821903247847,0.08748063549128915,True,walking_dual_task,P01,0,0.0
2026-04-01T14:05:17.719577,1924.0655173510397,96725,79.0,-5.654095604141852,4.439916583517768,6.570935398031837,9.739550727547966,0.13227117569988067,True,walking_dual_task,P01,0,0.0
2026-04-01T14:05:17.719963,1905.713118916998,96725,87.0,-5.257817270099542,5.63302233604484,7.348359574646469,10.647721423968393,0.9081706964204272,True,walking_dual_task,P01,0,0.0
2026-04-01T14:05:17.780632,1889.9218903245944,96713,68.0,-5.176701326617299,5.721446262693487,7.430060957757584,10.711628718261482,0.06390729429308806,True,walking_dual_task,P01,0,0.0
2026-04-01T14:05:17.781281,1842.0635832116266,96713,90.0,-4.3801070920235725,5.956928562656127,6.871721973241861,10.094102184727406,0.6175265335340754,True,walking_dual_task,P01,0,0.0
2026-04-01T14:05:17.781695,1971.1965871231605,96753,93.0,-3.9409580971777087,4.711338825162286,6.371720746702353,8.850236693057948,1.2438654916694585,True,walking_dual_task,P01,0,0.0
2026-04-01T14:05:17.843392,1835.7887626961688,96753,66.0,-3.9770773244636413,4.621307975622996,6.242675418607345,8.726088919579263,0.12414777347868444,True,walking_dual_task,P01,0,0.0
2026-04-01T14:05:17.844199,1824.4138294682832,96854,97.0,-4.859120699696033,4.095730005605236,5.992996846294548,8.735105577651934,0.009016658072670936,True,walking_dual_task,P01,0,0.0
2026-04-01T14:05:17.844649,1901.8395127187716,96854,93.0,-4.878508248800471,3.917813542238407,6.059089380790057,8.709860493128676,0.025245084523257688,True,walking_dual_task,P01,0,0.0
2026-04-01T14:05:17.959923,1951.3833436726584,96946,91.0,-5.978413870243845,4.415471435463115,5.874184070077059,9.473323539838686,0.7634630467100099,True,walking_dual_task,P01,0,0.0
2026-04-01T14:05:18.021031,1873.1921620646438,96946,74.0,-6.530256242558823,4.467421178546362,6.6761698980836925,10.352455896456737,0.8791323566180509,True,walking_dual_task,P01,0,0.0
2026-04-01T14:05:18.021570,1804.2201868549216,96967,75.0,-6.485409702246697,4.37297807564141,6.606739343768527,10.238773413477565,0.11368248297917205,True,walking_dual_task,P01,0,0.0
2026-04-01T14:05:18.022014,1888.9591551834926,96967,87.0,-6.529773787882574,4.4947525004586,6.593315615402997,10.310798056678937,0.07202464320137203,True,walking_dual_task,P01,0,0.0
2026-04-01T14:05:18.022372,1955.596809104339,96972,65.0,-6.1894311499105745,4.019029350828976,7.330922216364593,10.402118794971344,0.09132073829240639,True,walking_dual_task,P01,0,0.0
2026-04-01T14:05:18.022764,1949.1922354138505,96972,60.0,-6.244298134995956,4.0639853460033,7.439626200156253,10.528783124810527,0.1266643298391834,True,walking_dual_task,P01,0,0.0
2026-04-01T14:05:18.022794,1769.6781831643132,96990,50.0,-5.549609164227352,4.01681000717101,7.74328863872567,10.338831822406409,0.1899513024041184,True,walking_dual_task,P01,0,0.0
2026-04-01T14:05:18.080829,1937.4084866329924,96990,74.0,-5.229700715028988,3.594342602915544,7.360180554569499,9.718092719858737,0.6207391025476721,True,walking_dual_task,P01,0,0.0
2026-04-01T14:05:18.081228,1869.414844127325,97024,101.0,-5.442319558495566,3.6743694181818602,7.330703901582321,9.84169967488989,0.12360695503115338,True,walking_dual_task,P01,0,0.0
2026-04-01T14:05:18.081797,1902.227584774776,97024,87.0,-5.441798390839043,3.9282216897853557,7.048813904942228,9.732927249144803,0.10877242574508728,True,walking_dual_task,P01,0,0.0
2026-04-01T14:05:18.081828,1879.1322975594228,97067,50.0,-5.527884532444403,3.95232583899902,7.037157594516349,9.78263634976362,0.04970910061881817,True,walking_dual_task,P01,0,0.0
2026-04-01T14:05:18.139696,1908.4379636426982,97067,72.0,-5.431803908495003,4.460283657596319,6.963225236175397,9.893691408987461,0.1110550592238404,True,walking_dual_task,P01,0,0.0
2026-04-01T14:05:18.259688,1928.2542893922578,97099,65.0,-5.412024418037345,4.441772913060985,6.90680729429042,9.834802586381594,0.058888822605867475,True,walking_dual_task,P01,0,0.0
2026-04-01T14:05:18.260382,1922.690166767839,97099,82.0,-5.37437119497823,4.498292776682942,7.053391905138191,9.943281199565796,0.10847861318420193,True,walking_dual_task,P01,0,0.0
2026-04-01T14:05:18.260871,1822.5364536978932,97121,67.0,-5.477808440919402,4.977987338476783,7.1968472648372455,10.323824572843067,0.3805433732772716,True,walking_dual_task,P01,0,0.0
2026-04-01T14:05:18.261366,1913.1046852054446,97121,90.0,-5.557919356067645,4.852508896716552,7.292191492891794,10.373686274910579,0.049861702067511615,True,walking_dual_task,P01,0,0.0
2026-04-01T14:05:18.261782,1918.212920821855,97143,95.0,-5.522168625538036,4.491835150487844,7.017027119128589,9.995478924925052,0.3782073499855265,True,walking_dual_task,P01,0,0.0
2026-04-01T14:05:18.262221,1872.9958610948743,97143,95.0,-5.616456025012643,4.5894007105197385,7.1629791250013435,10.193892637644607,0.19841371271955488,True,walking_dual_task,P01,0,0.0
2026-04-01T14:05:18.319226,1877.4474558289228,97167,81.0,-5.457903346308042,4.119298646864421,6.80456972612534,9.646735169859337,0.5471574677852704,True,walking_dual_task,P01,0,0.0
2026-04-01T14:05:18.320868,1875.932364126503,97167,72.0,-5.465309324030294,4.023071434158503,6.956418552504088,9.718357312287797,0.07162214242845977,True,walking_dual_task,P01,0,0.0
2026-04-01T14:05:18.321265,1871.8529692473967,97214,92.0,-5.512641735215976,4.015610149531038,6.774803418279513,9.613131910579062,0.10522540170873462,True,walking_dual_task,P01,0,0.0
2026-04-01T14:05:18.321918,1883.4257544036445,97215,109.0,-5.1393457557938,4.199751677760722,6.952916915270678,9.612171585188587,0.0009603253904746367,True,walking_dual_task,P01,0,0.0
2026-04-01T14:05:18.322291,1895.1932181367079,97215,76.0,-5.211317742416971,4.382847581999107,6.755671150979426,9.591990316907175,0.0201812682814122,True,walking_dual_task,P01,0,0.0
2026-04-01T14:05:18.323446,1946.5965637415936,97215,97.0,-5.1236433958607845,4.317960807245585,7.083735307289504,9.75068269838562,0.15869238147844555,True,walking_dual_task,P01,0,0.0
2026-04-01T14:05:18.379393,1960.2741697468102,97068,74.0,-5.080138267829777,4.513784887945003,7.038489628482299,9.783782248453923,0.03309955006830201,True,walking_dual_task,P01,0,0.0
2026-04-01T14:05:18.442385,1966.5758852803983,97068,124.0,-5.165388774334579,4.558082341711173,6.946333357757436,9.78309270838903,0.0006895400648936345,True,walking_dual_task,P01,0,0.0
2026-04-01T14:05:18.442976,1857.4220718575853,96993,74.0,-5.226493793986695,4.369350941880101,7.0211793488042336,9.782863817919832,0.00022889046919694067,True,walking_dual_task,P01,0,0.0
2026-04-01T14:05:18.444140,1769.3927147615,96993,89.0,-5.141681351420009,4.3478364178853095,7.120776973344664,9.80030781865272,0.017444000732888654,True,walking_dual_task,P01,0,0.0
2026-04-01T14:05:18.444735,1914.175419411591,97018,69.0,-5.146697348674288,4.270444044109197,7.033420570019306,9.70536917625957,0.09493864239315108,True,walking_dual_task,P01,0,0.0
2026-04-01T14:05:18.445276,1890.860358726778,97018,95.0,-5.124742770092039,4.447810158619532,7.076335704775519,9.804107846887986,0.0987386706284159,True,walking_dual_task,P01,0,0.0
2026-04-01T14:05:18.499664,1887.7022226895224,97086,69.0,-5.187325659490582,4.504440397024193,6.950244924365492,9.772626837070018,0.031481009817968086,True,walking_dual_task,P01,0,0.0
2026-04-01T14:05:18.500264,1955.9308353832153,97086,99.0,-5.17491911739065,4.605696836120162,6.928937051986542,9.798081439147893,0.02545460207787542,True,walking_dual_task,P01,0,0.0
2026-04-01T14:05:18.501293,1984.6650117366778,97116,69.0,-5.047978269003373,4.467600460336561,7.038471789833857,9.745851610496477,0.052229828651416454,True,walking_dual_task,P01,0,0.0
2026-04-01T14:05:18.559550,1877.61755849996,97116,82.0,-5.2209359647344975,4.22236383437963,7.084190032228384,9.760751872189928,0.01490026169345171,True,walking_dual_task,P01,0,0.0
2026-04-01T14:05:18.560071,1971.1491171754676,97156,110.0,-5.20914804058842,4.343567360639636,7.07643408449873,9.801924304820739,0.04117243263081072,True,walking_dual_task,P01,0,0.0
2026-04-01T14:05:18.560348,1908.0850432574516,97156,86.0,-5.0824011844461925,4.484771811625397,7.021371103293861,9.759284408817065,0.04263989600367424,True,walking_dual_task,P01,0,0.0
2026-04-01T14:05:18.619198,1877.0984541404148,97200,63.0,-4.941662239918337,6.265977000158068,5.810106807093215,9.871161763935161,0.11187735511809649,True,walking_dual_task,P01,0,0.0
2026-04-01T14:05:18.619665,1977.15971683328,97200,51.0,-4.998131676610686,6.338246185417395,5.688689534855575,9.87501258670958,0.0038508227744191714,True,walking_dual_task,P01,0,0.0
2026-04-01T14:05:18.620231,1878.0255237903816,97177,92.0,-5.57901211464245,5.776711630690082,5.844382180656061,9.932400339950428,0.05738775324084777,True,walking_dual_task,P01,0,0.0
2026-04-01T14:05:18.680234,1933.4382778259503,97177,91.0,-5.519584825591821,5.7990081728636955,5.71819858266487,9.838297996433832,0.09410234351659597,True,walking_dual_task,P01,0,0.0
2026-04-01T14:05:18.680867,1808.6644047111765,97154,94.0,-6.546814163340516,5.170464019794555,5.772333074106198,10.144668697780444,0.30637070134661215,True,walking_dual_task,P01,0,0.0
2026-04-01T14:05:18.681379,1825.43855816739,97154,54.0,-6.795526453575315,4.6505776644153904,5.670698887710453,9.998193750327195,0.14647494745324963,True,walking_dual_task,P01,0,0.0
2026-04-01T14:05:18.739422,1877.3469541558375,97193,78.0,-6.791116256032176,4.772041635899215,5.46792659770055,9.939308962676492,0.05888478765070282,True,walking_dual_task,P01,0,0.0
2026-04-01T14:05:18.739927,1970.8595375424075,97193,50.0,-6.417611659771404,5.206225481560812,5.7304767531638205,10.056285944574068,0.11697698189757588,True,walking_dual_task,P01,0,0.0
2026-04-01T14:05:18.740294,1898.0456111113544,97240,54.0,-6.401448616572514,5.045554596883382,5.629783619553602,9.906090509567496,0.1501954350065713,True,walking_dual_task,P01,0,0.0
2026-04-01T14:05:18.799643,1907.2262091653497,97240,50.0,-5.878701104984934,5.912371684895787,5.689838398839607,10.094034209721016,0.1879437001535198,True,walking_dual_task,P01,0,0.0
2026-04-01T14:05:18.800403,1912.9507643352858,97265,81.0,-5.677229433518886,5.716404927419614,5.7288721631881145,9.885757209095926,0.20827700062509003,True,walking_dual_task,P01,0,0.0
2026-04-01T14:05:18.800443,1882.727631988089,97265,70.0,-5.590618680028527,5.92129614066586,5.853332469355901,10.028871631831986,0.14311442273606012,True,walking_dual_task,P01,0,0.0
2026-04-01T14:05:18.859539,1884.6109086880094,97291,73.0,-5.799309687574723,4.777576677395164,5.780076622015614,9.47979522548666,0.5490764063453266,True,walking_dual_task,P01,0,0.0
2026-04-01T14:05:18.860363,1901.3233431482377,97291,58.0,-5.835281608219467,4.879924521797824,5.633123896179527,9.465530075773723,0.01426514971293713,True,walking_dual_task,P01,0,0.0
2026-04-01T14:05:18.860879,1905.3051012844128,97324,57.0,-5.797073601806104,4.648466675255724,5.530081327686667,9.26261865060572,0.20291142516800242,True,walking_dual_task,P01,0,0.0
2026-04-01T14:05:18.979318,1920.1664950348243,97324,92.0,-6.026766647921669,4.531922310186514,5.780319049385378,9.501174894019936,0.23855624341421588,True,walking_dual_task,P01,0,0.0
2026-04-01T14:05:18.979953,1894.8593492197353,97375,74.0,-6.053909024195309,4.480125929035844,5.259219106645108,9.18589834610386,0.31527654791607596,True,walking_dual_task,P01,0,0.0
2026-04-01T14:05:18.980534,1871.5168691322272,97375,81.0,-6.1380841344286265,4.459563808544536,5.3564842430501605,9.287395202630785,0.10149685652692497,True,walking_dual_task,P01,0,0.0
2026-04-01T14:05:18.981702,1785.5612353561523,97371,91.0,-6.110318156601009,4.730454828979857,5.265704958757922,9.350980674592082,0.06358547196129649,True,walking_dual_task,P01,0,0.0
2026-04-01T14:05:18.982131,1899.788724797595,97371,108.0,-6.206291589306364,4.704599420440401,5.325174366360142,9.43444715022784,0.08346647563575793,True,walking_dual_task,P01,0,0.0
2026-04-01T14:05:18.982567,1907.5069840997169,97231,76.0,-6.1058884628787045,5.250792153367852,5.206488470513186,9.589588852113078,0.15514170188523835,True,walking_dual_task,P01,0,0.0
2026-04-01T14:05:19.040096,1876.4158381879008,97231,93.0,-5.662588862410247,5.3839222328238145,5.373311690726618,9.482827097415965,0.10676175469711247,True,walking_dual_task,P01,0,0.0
2026-04-01T14:05:19.040148,1916.2190407262865,97164,62.0,-5.967469807458942,5.439147393725044,5.35181113872838,9.686944964136895,0.2041178667209298,True,walking_dual_task,P01,0,0.0
2026-04-01T14:05:19.040691,1815.5646794493678,97164,62.0,-5.322252431990298,5.780056588055337,5.675558337011919,9.692646055013773,0.005701090876877757,True,walking_dual_task,P01,0,0.0
2026-04-01T14:05:19.100740,1933.7599941325755,97177,89.0,-5.367102212998582,5.575783074705142,5.927427982820159,9.74830988184424,0.055663826830466334,True,walking_dual_task,P01,0,0.0
2026-04-01T14:05:19.101404,1858.2252711682324,97177,72.0,-5.053753682717334,5.4323381026255895,6.053697123664961,9.575905827225235,0.17240405461900465,True,walking_dual_task,P01,0,0.0
2026-04-01T14:05:19.102126,1917.8141201833803,97223,74.0,-4.875535144738473,5.686384129934915,6.080012273868834,9.647401550218138,0.07149572299290341,True,walking_dual_task,P01,0,0.0
2026-04-01T14:05:19.159260,1908.7368308573336,97223,64.0,-5.228534756419996,5.713918908371234,6.254146227531301,9.954937971975426,0.30753642175728757,True,walking_dual_task,P01,0,0.0
2026-04-01T14:05:19.160015,1887.4378370849502,97245,103.0,-5.121122452097398,5.724994466861275,6.2010582995772845,9.871908673084684,0.08302929889074129,True,walking_dual_task,P01,0,0.0
2026-04-01T14:05:19.160663,1863.8528959262799,97245,83.0,-4.998673229105112,5.780359674782869,6.08921646514038,9.77127674260456,0.10063193048012486,True,walking_dual_task,P01,0,0.0
2026-04-01T14:05:19.219868,1865.1520767647721,97273,96.0,-5.771781211025552,5.334654822114336,6.15561007809236,9.983162617756337,0.21188587515177737,True,walking_dual_task,P01,0,0.0
2026-04-01T14:05:19.220210,1780.3501535623216,97273,84.0,-5.740780727844408,5.184460395339002,6.2359238270687465,9.935891451351113,0.04727116640522411,True,walking_dual_task,P01,0,0.0
2026-04-01T14:05:19.220512,1878.862666160522,97284,89.0,-5.621600823751151,4.582017119674974,6.794848722469955,9.938171153076693,0.002279701725580452,True,walking_dual_task,P01,0,0.0
2026-04-01T14:05:19.279527,1836.7431533729862,97284,77.0,-5.05805187767808,5.353945623616108,6.508746945260214,9.829161171501614,0.10900998157507935,True,walking_dual_task,P01,0,0.0
2026-04-01T14:05:19.339603,1855.2083593585774,97255,50.0,-4.966364571028585,5.2494969181422455,6.531972304418728,9.741080901606669,0.08808026989494522,True,walking_dual_task,P01,0,0.0
2026-04-01T14:05:19.340095,1807.26673399889,97255,85.0,-5.229330470918312,5.389000346739953,5.817216983317977,9.498801784553732,0.24227911705293614,True,walking_dual_task,P01,0,0.0
2026-04-01T14:05:19.340476,1863.029980297087,97250,83.0,-5.275922366313127,5.470410331540295,5.923910640980205,9.636050191499857,0.1372484069461244,True,walking_dual_task,P01,0,0.0
2026-04-01T14:05:19.341052,1834.4679874152496,97250,50.0,-4.661247260430555,5.074888749872784,6.401353407325173,9.405266997376009,0.2307831941238483,True,walking_dual_task,P01,0,0.0
2026-04-01T14:05:19.341513,1818.6875457588374,97344,61.0,-4.585063803816502,5.077182309795136,6.220059944562829,9.2460659745602,0.15920102281580917,True,walking_dual_task,P01,0,0.0
2026-04-01T14:05:19.399669,1871.2981693016334,97344,64.0,-4.711961889859621,5.162071505365089,6.302075202468184,9.410936134920695,0.16487016036049518,True,walking_dual_task,P01,0,0.0
2026-04-01T14:05:19.400236,1921.9270196131672,97373,94.0,-4.642144958732716,5.027680621548629,6.271389823502717,9.282101732286531,0.12883440263416368,True,walking_dual_task,P01,0,0.0
2026-04-01T14:05:19.400684,1860.6285134986078,97373,96.0,-4.7258000143781995,4.940377313990677,6.191445860931347,9.223584749398393,0.058516982888138,True,walking_dual_task,P01,0,0.0
2026-04-01T14:05:19.461379,1827.2562345647368,97368,50.0,-4.692570662987105,5.14958280472891,6.413930720251166,9.469790376458633,0.24620562706023996,True,walking_dual_task,P01,0,0.0
2026-04-01T14:05:19.461907,1908.1229191984642,97368,77.0,-4.639872214904057,4.985419295288759,6.452556342618005,9.381807026108348,0.08798335035028515,True,walking_dual_task,P01,0,0.0
2026-04-01T14:05:19.462371,1903.5604797537835,97366,92.0,-4.685030895115597,5.125318027863212,6.144685918016893,9.272300922964181,0.10950610314416664,True,walking_dual_task,P01,0,0.0
2026-04-01T14:05:19.519686,1829.1531816059237,97366,103.0,-4.72150784616916,5.16953831757509,6.292070904372883,9.413124827811954,0.14082390484777285,True,walking_dual_task,P01,0,0.0
2026-04-01T14:05:19.521120,1837.6682533520482,97431,101.0,-4.678069249175937,5.025093719512253,6.239343729713993,9.277139050778981,0.13598577703297288,True,walking_dual_task,P01,0,0.0
2026-04-01T14:05:19.521158,1886.7029753296395,97431,51.0,-4.782524256606914,5.119833566736081,6.273975887231218,9.404680082260628,0.12754103148164653,True,walking_dual_task,P01,0,0.0
2026-04-01T14:05:19.579503,1911.104220847636,97462,70.0,-4.667779634581263,5.143004317293419,6.450740565070766,9.478961650020524,0.07428156775989692,True,walking_dual_task,P01,0,0.0
2026-04-01T14:05:19.580116,1912.1605081940456,97462,72.0,-4.806518607519742,5.038835658883757,6.302517162029362,9.392241931474437,0.08671971854608707,True,walking_dual_task,P01,0,0.0
2026-04-01T14:05:19.580612,1861.9523627346116,97443,83.0,-4.701910185982058,5.902128169220843,7.090962452786459,10.354942048595897,0.9627001171214591,True,walking_dual_task,P01,0,0.0
2026-04-01T14:05:19.699690,1854.655928177551,97443,91.0,-4.810587166116635,6.072943648396061,7.135606682872954,10.532771533269925,0.17782948467402804,True,walking_dual_task,P01,0,0.0
2026-04-01T14:05:19.759843,1898.2760511845004,97301,57.0,-4.521486292223703,6.280886197060409,7.601327063075435,10.847743674655751,0.31497214138582663,True,walking_dual_task,P01,0,0.0
2026-04-01T14:05:19.760502,1959.2320856767126,97301,52.0,-4.453571529529972,6.352980715608975,7.566830887355296,10.837508616807352,0.01023505784839962,True,walking_dual_task,P01,0,0.0
2026-04-01T14:05:19.760945,1883.079866955143,97181,69.0,-4.426605949804573,5.618063681369183,7.642993621076436,10.467704201713946,0.3698044150934052,True,walking_dual_task,P01,0,0.0
2026-04-01T14:05:19.761368,1858.4314867358366,97181,113.0,-4.623543585487719,4.92377074980065,7.475380845341933,10.07481972376688,0.3928844779470655,True,walking_dual_task,P01,0,0.0
2026-04-01T14:05:19.761977,1962.723223313074,97171,50.0,-4.702135635907476,5.00002666885598,7.521960711096715,10.182840427259215,0.10802070349233439,True,walking_dual_task,P01,0,0.0
2026-04-01T14:05:19.762370,1860.0651608417677,97171,94.0,-4.951516525805467,4.353800359452634,7.403651161503627,9.913987290516795,0.26885313674242006,True,walking_dual_task,P01,0,0.0
2026-04-01T14:05:19.819601,1824.4825624259067,97199,79.0,-5.0908905340340755,4.369332113634103,7.675257656480318,10.194008516874595,0.2800212263577997,True,walking_dual_task,P01,0,0.0
2026-04-01T14:05:19.820183,1917.77227959901,97199,65.0,-5.003687231219731,4.250447518363585,7.535889696865552,9.994639740258721,0.1993687766158736,True,walking_dual_task,P01,0,0.0
2026-04-01T14:05:19.820683,1947.0400567204247,97226,93.0,-4.602805237125426,4.332579351378122,7.296314939429069,9.653666224923727,0.3409735153349942,True,walking_dual_task,P01,0,0.0
2026-04-01T14:05:19.820959,1855.4831721791852,97226,88.0,-4.708755349551935,4.417820142304533,7.26559542267935,9.719999413464219,0.06633318854049186,True,walking_dual_task,P01,0,0.0
2026-04-01T14:05:19.821425,1898.7366251494695,97254,86.0,-5.038748402353204,4.2923094263429755,7.085485698569776,9.696237066941308,0.023762346522911315,True,walking_dual_task,P01,0,0.0
2026-04-01T14:05:19.879752,1949.3106860681685,97254,105.0,-4.847738619578233,4.180472558195301,6.86545378479515,9.386766014167621,0.30947105277368614,True,walking_dual_task,P01,0,0.0
2026-04-01T14:05:19.881026,1882.317541617656,97297,70.0,-4.978674368050538,4.076479936554523,7.186697058252014,9.646424298324387,0.2596582841567656,True,walking_dual_task,P01,0,0.0
2026-04-01T14:05:19.881501,1946.004241341344,97297,88.0,-5.59402544019997,4.496487425628645,6.790930866198356,9.88070148440517,0.2342771860807833,True,walking_dual_task,P01,0,0.0
2026-04-01T14:05:19.939319,1960.8850787883844,97329,89.0,-4.692134644341439,4.645303292908622,6.697375286842282,9.40477569836424,0.4759257860409303,True,walking_dual_task,P01,0,0.0
2026-04-01T14:05:19.939750,1962.7020149674913,97329,58.0,-4.623434683422826,4.617130307232178,6.545134801329652,9.248396083290096,0.15637961507414389,True,walking_dual_task,P01,0,0.0
2026-04-01T14:05:19.999679,1870.2757591384727,97330,63.0,-4.718002388123466,4.338323664045843,6.312883701766826,8.996282531156528,0.2521135521335687,True,walking_dual_task,P01,0,0.0
2026-04-01T14:05:20.000387,1949.4290969352987,97330,50.0,-4.747403122173258,4.287078584243353,6.33181255873018,9.000484957533768,0.0042024263772404424,True,walking_dual_task,P01,0,0.0
2026-04-01T14:05:20.008909,1853.9067258787527,97318,78.0,-5.436499903817696,4.440778925590174,5.5362636839053545,8.940149005911755,0.06033595162201344,True,walking_dual_task,P01,0,0.0
2026-04-01T14:05:20.009005,1830.1447518772761,97318,86.0,-5.410458159505951,4.504136822279225,5.472978587409506,8.91705111725951,0.023097888652245047,True,walking_dual_task,P01,0,0.0
2026-04-01T14:05:20.059605,1883.736908775835,97362,78.0,-5.280819483740358,5.889688453575759,5.137910446099162,9.432582268507934,0.5155311512484246,True,walking_dual_task,P01,0,0.0
2026-04-01T14:05:20.059963,1926.4329016956167,97362,63.0,-4.3372152752217215,7.251456527952749,6.091420316922895,10.4163553893781,0.9837731208701666,True,walking_dual_task,P01,0,0.0
2026-04-01T14:05:20.119889,1863.3520576149708,97387,80.0,-4.638817260732634,7.274505205499818,6.076515580857841,10.552776562010733,0.1364211726326321,True,walking_dual_task,P01,0,0.0
2026-04-01T14:05:20.120007,1766.6222894772468,97387,66.0,-4.718365006380628,6.053370414340531,6.473694431696668,10.040666377369131,0.5121101846416014,True,walking_dual_task,P01,0,0.0
2026-04-01T14:05:20.120871,1857.5668884459096,97343,95.0,-4.753119340881776,6.154062013957397,6.676533471903311,10.248937600636618,0.20827122326748615,True,walking_dual_task,P01,0,0.0
2026-04-01T14:05:20.121227,1847.224239038099,97343,87.0,-5.792943840508402,5.555617035208326,6.501122098847882,10.328972239545882,0.08003463890926454,True,walking_dual_task,P01,0,0.0
2026-04-01T14:05:20.179862,1976.8899252328,97339,71.0,-5.946958524100742,5.631795053317694,5.843015043991088,10.061026588487593,0.26794565105828916,True,walking_dual_task,P01,0,0.0
2026-04-01T14:05:20.181416,1882.9181764769332,97339,73.0,-5.870882316115645,5.457569277633598,6.017109394998702,10.022870200757424,0.03815638773016872,True,walking_dual_task,P01,0,0.0
2026-04-01T14:05:20.181801,1802.4968612901205,97393,79.0,-5.838640932551182,5.462687446428286,5.657556778625433,9.794826735578221,0.22804346517920315,True,walking_dual_task,P01,0,0.0
2026-04-01T14:05:20.240030,1893.0252828486825,97393,92.0,-5.674028847354804,5.433318386309316,5.777421942185879,9.751623267214143,0.04320346836407829,True,walking_dual_task,P01,0,0.0
2026-04-01T14:05:20.240583,1800.4188884029427,97431,72.0,-5.348817317708939,5.8378818543907895,5.533007321797867,9.6594451842286,0.09217808298554253,True,walking_dual_task,P01,0,0.0
2026-04-01T14:05:20.240838,1821.0658363688963,97431,76.0,-5.174503594870115,5.876884529674362,5.811399941939915,9.751186005488195,0.09174082125959515,True,walking_dual_task,P01,0,0.0
2026-04-01T14:05:20.299480,1929.7805053751472,97337,72.0,-4.84858399525796,5.950335653744842,5.970049155037227,9.724029415055233,0.0271565904329627,True,walking_dual_task,P01,0,0.0
2026-04-01T14:05:20.299668,1854.4674539058865,97337,108.0,-4.836472806512659,5.792472095721383,5.89125039173867,9.573454620251162,0.15057479480407032,True,walking_dual_task,P01,0,0.0
2026-04-01T14:05:20.419481,1862.9013529012468,97187,63.0,-4.841002230454426,5.809648255539543,5.870138528901265,9.573183472432223,0.0002711478189389993,True,walking_dual_task,P01,0,0.0
2026-04-01T14:05:20.420399,1919.6201966094516,97187,82.0,-5.150577456235369,5.7546897876955505,5.429324655148233,9.440469739175478,0.13271373325674496,True,walking_dual_task,P01,0,0.0
2026-04-01T14:05:20.420929,1932.3748160752193,97142,97.0,-5.19757195423656,5.8526804469023075,5.185058596497118,9.389007151031876,0.05146258814360216,True,walking_dual_task,P01,0,0.0
2026-04-01T14:05:20.421590,1906.407789273146,97142,90.0,-5.029449567919019,5.740222767154718,5.4734764365722635,9.391723200484243,0.002716049452367031,True,walking_dual_task,P01,0,0.0
2026-04-01T14:05:20.421999,1893.991213184273,97167,50.0,-5.046805193346359,5.817531806379023,5.400019450174572,9.40606873460337,0.014345534119126313,True,walking_dual_task,P01,0,0.0
2026-04-01T14:05:20.422557,1952.3731734721118,97167,83.0,-4.926297808368008,5.812220318039679,5.525566620047166,9.411811812544073,0.0057430779407035,True,walking_dual_task,P01,0,0.0
2026-04-01T14:05:20.423176,1826.7882209269185,97187,93.0,-5.042110486948362,5.78596682897722,5.513109141558524,9.449585319756393,0.03777350721231976,True,walking_dual_task,P01,0,0.0
2026-04-01T14:05:20.479613,1968.3872782830092,97187,57.0,-5.1353787742542165,5.671135868609962,5.295528814244588,9.304650590849175,0.14493472890721826,True,walking_dual_task,P01,0,0.0
2026-04-01T14:05:20.480104,1957.3899881938087,97204,82.0,-5.102551362323952,5.609727536582298,5.4498637113812975,9.338419990152213,0.03376939930303813,True,walking_dual_task,P01,0,0.0
2026-04-01T14:05:20.480646,1804.3800750788002,97204,75.0,-5.1210576431334465,5.621004277444848,5.346780735287494,9.295643318382554,0.04277667176965849,True,walking_dual_task,P01,0,0.0
2026-04-01T14:05:20.539965,1966.0177906487497,97220,61.0,-5.089969969764704,5.77693903070902,5.306511235549936,9.35092938432611,0.05528606594355523,True,walking_dual_task,P01,0,0.0
2026-04-01T14:05:20.540558,1905.5067933867995,97220,98.0,-5.07532595007646,5.765272115977048,5.47935877566537,9.435076505426073,0.08414712109996358,True,walking_dual_task,P01,0,0.0
2026-04-01T14:05:20.540833,1904.8693243091675,97209,67.0,-5.0945655723654415,5.8305244112599945,5.392685371458611,9.435606435040285,0.0005299296142116106,True,walking_dual_task,P01,0,0.0
2026-04-01T14:05:20.599307,1974.0130804436938,97209,78.0,-5.166102905823193,5.832007929962457,5.420836363755792,9.491385705539363,0.05577927049907849,True,walking_dual_task,P01,0,0.0
2026-04-01T14:05:20.599841,1936.189446842266,97182,81.0,-4.323264722803449,6.059856556848107,6.760433721389758,10.05564236905408,0.5642566635147173,True,walking_dual_task,P01,0,0.0
2026-04-01T14:05:20.600103,1965.2529942343908,97182,118.0,-4.121399522896352,5.883287548701395,6.709883072220814,9.829625488842927,0.2260168802111533,True,walking_dual_task,P01,0,0.0
2026-04-01T14:05:20.720356,1842.8635378327253,97170,56.0,-4.989153977794133,4.958958682211037,7.095294734783419,9.991303018098318,0.1616775292553907,True,walking_dual_task,P01,0,0.0
2026-04-01T14:05:20.722305,1889.1607045334315,97170,87.0,-4.765642972928204,5.034927846177941,6.904541588059446,9.784403196050357,0.2068998220479603,True,walking_dual_task,P01,0,0.0
2026-04-01T14:05:20.722399,1896.3264946898623,97196,87.0,-5.597022081243441,4.368580780854033,7.128395251529783,10.06107216348269,0.2766689674323324,True,walking_dual_task,P01,0,0.0
2026-04-01T14:05:20.722430,1926.1850874884897,97196,67.0,-5.09002049470627,5.264391243598237,6.983872489850392,10.119120453710035,0.05804829022734559,True,walking_dual_task,P01,0,0.0
2026-04-01T14:05:20.722919,2035.892909562287,97223,69.0,-5.145002258446282,5.210189181875002,6.923081568934509,10.07701235289832,0.04210810081171523,True,walking_dual_task,P01,0,0.0
2026-04-01T14:05:20.723427,1897.043916613308,97223,102.0,-4.860699790013949,5.747454669179755,6.7361972317278775,10.101286589719951,0.02427423682163088,True,walking_dual_task,P01,0,0.0
2026-04-01T14:05:20.780083,1993.0789516088562,97225,70.0,-4.787998169555467,5.697665156325361,6.669984340755683,9.99384839844975,0.1074381912702016,True,walking_dual_task,P01,0,0.0
2026-04-01T14:05:20.780827,1771.3609700814795,97225,64.0,-4.255510710983922,5.078436644651641,7.576028105745565,10.064595969242195,0.0707475707924452,True,walking_dual_task,P01,0,0.0
2026-04-01T14:05:20.781211,1932.9089511434356,97284,80.0,-4.722948818424066,4.243217597409487,7.900770678878897,10.135744592315422,0.07114862307322767,True,walking_dual_task,P01,0,0.0
2026-04-01T14:05:20.839538,1871.6360214037325,97284,68.0,-4.846411203104823,4.163695503558807,7.91532004932914,10.172332735378234,0.03658814306281144,True,walking_dual_task,P01,0,0.0
2026-04-01T14:05:20.899606,1865.1883809420576,97338,69.0,-4.780049654710976,4.136584904717423,7.7989011560052015,10.039077079920137,0.1332556554580968,True,walking_dual_task,P01,0,0.0
2026-04-01T14:05:20.900239,1900.3551424763048,97338,75.0,-5.224320637580914,4.2916395651887695,7.539060675436822,10.12665453887242,0.08757745895228375,True,walking_dual_task,P01,0,0.0
2026-04-01T14:05:20.901106,1844.9908874587252,97375,75.0,-5.139985283234981,4.396093376704326,7.4556233481098975,10.066350142800381,0.06030439607203952,True,walking_dual_task,P01,0,0.0
2026-04-01T14:05:20.901631,1985.2690710867255,97375,50.0,-5.134169133120217,4.57107285788299,7.248996435751752,9.990112566187658,0.07623757661272279,True,walking_dual_task,P01,0,0.0
2026-04-01T14:05:20.902293,1961.6682173791025,97393,95.0,-5.158895261364907,4.600020662038321,7.426873647493796,10.145582417227242,0.15546985103958377,True,walking_dual_task,P01,0,0.0
2026-04-01T14:05:20.959167,1831.9973429030072,97393,103.0,-5.0393664638146,4.490293004108654,7.3294835013246376,9.963898534989026,0.1816838822382163,True,walking_dual_task,P01,0,0.0
2026-04-01T14:05:20.960532,1813.3484636940157,97265,98.0,-4.6603599410476875,4.157244383402781,7.149965972933948,9.493347621232948,0.47055091375607816,True,walking_dual_task,P01,0,0.0
2026-04-01T14:05:20.960603,1926.770765928914,97265,62.0,-4.507561955650333,4.291629124941072,6.9071304479321665,9.29756131223776,0.19578630899518856,True,walking_dual_task,P01,0,0.0
2026-04-01T14:05:21.019410,1790.943620320672,97152,77.0,-5.154909575771821,4.307840795163758,6.653883471482266,9.455408521207639,0.15784720896987992,True,walking_dual_task,P01,0,0.0
2026-04-01T14:05:21.019944,1887.9235444760757,97152,88.0,-5.132046177599157,4.164012316849309,6.613648771036978,9.349719065860844,0.10568945534679486,True,walking_dual_task,P01,0,0.0
2026-04-01T14:05:21.020417,1893.114161130087,97147,91.0,-4.955168241175876,4.798619351120797,6.440913986811179,9.437468567407727,0.08774950154688277,True,walking_dual_task,P01,0,0.0
2026-04-01T14:05:21.079258,1822.420187834406,97147,89.0,-4.69514021117364,5.13409699097277,6.169031701255134,9.298400165963288,0.13906840144443855,True,walking_dual_task,P01,0,0.0
2026-04-01T14:05:21.139601,1917.584626426991,97166,54.0,-4.915609338463778,5.10897395904359,6.239925368305622,9.444654503188662,0.14625433722537373,True,walking_dual_task,P01,0,0.0
2026-04-01T14:05:21.140262,1843.0074826602026,97166,71.0,-5.259954693158091,5.076943041868875,6.611948352181111,9.856994219150538,0.4123397159618758,True,walking_dual_task,P01,0,0.0
2026-04-01T14:05:21.140751,1856.5361042061993,97195,76.0,-5.252846064184428,5.105422767107401,6.756391784905431,9.965267851696412,0.10827363254587397,True,walking_dual_task,P01,0,0.0
2026-04-01T14:05:21.141197,1927.8456474259879,97195,83.0,-5.378115303553256,4.715241650290148,6.562587431836477,9.706965635019152,0.2583022166772597,True,walking_dual_task,P01,0,0.0
2026-04-01T14:05:21.141613,1908.636757526741,97238,100.0,-5.376573251394793,4.762050166611863,6.738742836235309,9.848620041907127,0.14165440688797482,True,walking_dual_task,P01,0,0.0
2026-04-01T14:05:21.201700,1963.7516148042803,97238,117.0,-5.442174338513876,4.6492782497371365,6.625753315423199,9.75364838258481,0.09497165932231688,True,walking_dual_task,P01,0,0.0
2026-04-01T14:05:21.202399,1866.6237395808455,97275,72.0,-5.106551325427751,4.4016606119722885,6.85538401433191,9.614976472471145,0.13867191011366486,True,walking_dual_task,P01,0,0.0
2026-04-01T14:05:21.202441,1926.445148904313,97275,68.0,-5.297867111663902,4.429489917929806,6.725394588754466,9.639435110022768,0.02445863755162314,True,walking_dual_task,P01,0,0.0
2026-04-01T14:05:21.259847,1891.0090423104284,97285,74.0,-4.629487842689111,4.063711777773316,6.792405918735131,9.169661349433133,0.4697737605896357,True,walking_dual_task,P01,0,0.0
2026-04-01T14:05:21.260505,1938.6254751175516,97285,88.0,-4.630548745484102,4.1172295455375805,6.956754600921792,9.316114822843184,0.14645347341005177,True,walking_dual_task,P01,0,0.0
2026-04-01T14:05:21.261218,2016.6124322667727,97281,62.0,-4.495190251291779,3.802042695005299,6.957089860965577,9.113910433151174,0.20220438969201027,True,walking_dual_task,P01,0,0.0
2026-04-01T14:05:21.319352,1952.686395572161,97281,77.0,-5.080523734548397,2.5299737434856335,6.611694026035741,8.713609266770744,0.4003011663804301,True,walking_dual_task,P01,0,0.0
2026-04-01T14:05:21.319914,1999.8729666295485,97291,82.0,-5.099245232720492,2.590262971497461,6.41622904625204,8.595333581595415,0.1182756851753286,True,walking_dual_task,P01,0,0.0
2026-04-01T14:05:21.320317,1958.7152820835918,97291,77.0,-4.810556995216076,2.09536250753509,7.151020818217614,8.869560382836783,0.2742268012413671,True,walking_dual_task,P01,0,0.0
2026-04-01T14:05:21.439788,1951.3379756138247,97334,116.0,-4.6666378812022735,2.06380492970545,7.280169534952228,8.890313175574587,0.02075279273780417,True,walking_dual_task,P01,0,0.0
2026-04-01T14:05:21.440414,1915.340738064396,97334,72.0,-4.627400987505815,2.020451129527931,7.228699144931739,8.817548071539917,0.07276510403466929,True,walking_dual_task,P01,0,0.0
2026-04-01T14:05:21.440830,1888.7446677453318,97331,110.0,-4.655806469095344,1.9189270204762312,7.227844402963454,8.809117407608662,0.008430663931255467,True,walking_dual_task,P01,0,0.0
2026-04-01T14:05:21.441193,2059.576403197109,97331,91.0,-4.6770727306108375,2.0422927323397024,7.19259339699796,8.819261233602832,0.010143825994170186,True,walking_dual_task,P01,0,0.0
2026-04-01T14:05:21.441707,1881.4883592735289,97328,50.0,-4.732047507473297,2.0002469439334303,7.1243417240275395,8.78347917686488,0.03578205673795232,True,walking_dual_task,P01,0,0.0
2026-04-01T14:05:21.442167,1891.3705453437724,97328,69.0,-4.677707685792016,1.96231478033356,7.302260618805143,8.891267549443427,0.1077883725785469,True,walking_dual_task,P01,0,0.0
2026-04-01T14:05:21.499516,1953.7711241907396,97360,74.0,-4.683201370527399,2.044643828424949,7.290821291298456,8.903315032260558,0.012047482817131083,True,walking_dual_task,P01,0,0.0
2026-04-01T14:05:21.500063,1911.5858823664262,97360,113.0,-4.691964477101622,2.168653430687233,7.1091273388372525,8.789612043578387,0.11370298868217077,True,walking_dual_task,P01,0,0.0
2026-04-01T14:05:21.501354,1835.645562902898,97376,66.0,-4.563802992383173,1.9695448838573184,7.242340832664302,8.78401420418312,0.005597839395267812,True,walking_dual_task,P01,0,0.0
2026-04-01T14:05:21.559635,1892.199425853329,97376,97.0,-4.735597869676772,2.176956122847484,7.140198101532021,8.840104867772316,0.05609066358919712,True,walking_dual_task,P01,0,0.0
2026-04-01T14:05:21.619584,1915.10879026458,97347,84.0,-4.894175383074386,2.0005510414776757,7.272960775785444,8.99172483987151,0.1516199720991942,True,walking_dual_task,P01,0,0.0
2026-04-01T14:05:21.620713,1954.5897770128404,97347,85.0,-4.733039473922308,2.10198071718158,7.147388773399431,8.826389515267621,0.16533532460388933,True,walking_dual_task,P01,0,0.0
2026-04-01T14:05:21.621509,1851.0802438538624,97274,107.0,-2.632108018299787,7.506654353880655,6.949853245261355,10.563063586824763,1.7366740715571414,True,walking_dual_task,P01,0,0.0
2026-04-01T14:05:21.621897,1837.3565087954935,97274,64.0,-2.6436548080982227,7.431067273950216,7.177074147771866,10.663961032232347,0.10089744540758439,True,walking_dual_task,P01,0,0.0
2026-04-01T14:05:21.622189,1875.5881595320002,97131,61.0,-2.6527730633777034,7.41824135835636,7.197161154153534,10.670831197965216,0.006870165732868472,True,walking_dual_task,P01,0,0.0
2026-04-01T14:05:21.679778,1879.2163565829944,97131,83.0,-2.506117790961619,7.414940997217055,7.1583139791670085,10.606763662810746,0.06406753515446972,True,walking_dual_task,P01,0,0.0
2026-04-01T14:05:21.682004,1795.6989468001975,97063,62.0,-2.9228775999462515,7.307529909919866,7.187377597253155,10.658405301645155,0.05164163883440942,True,walking_dual_task,P01,0,0.0
2026-04-01T14:05:21.682573,1855.1273469549972,97063,79.0,-3.7263453901793935,7.241441479330781,7.226812562718311,10.88811023466179,0.22970493301663453,True,walking_dual_task,P01,0,0.0
2026-04-01T14:05:21.739639,1844.921127440423,97036,63.0,-3.743075297824358,7.295870555057173,7.126350017265138,10.86394055625803,0.024169678403760386,True,walking_dual_task,P01,0,0.0
2026-04-01T14:05:21.739980,1823.5815605304617,97036,50.0,-3.5120514036098847,7.922919144517691,7.1065369088704005,11.207587593648348,0.3436470373903191,True,walking_dual_task,P01,0,0.0
2026-04-01T14:05:21.740378,1899.437353514772,97055,69.0,-3.395410620728096,7.975500863021876,7.1338376281136995,11.226266815095157,0.018679221446808114,True,walking_dual_task,P01,0,0.0
2026-04-01T14:05:21.799424,1869.016697451349,97055,82.0,-3.4304070026681632,9.765097030859863,6.294362186383689,12.113785847514382,0.8875190324192257,True,walking_dual_task,P01,0,0.0
2026-04-01T14:05:21.799905,1825.2431108106477,97064,107.0,-3.2041261921919477,9.868655370777144,5.3759829122519776,11.685802315437494,0.42798353207688855,True,walking_dual_task,P01,0,0.0
2026-04-01T14:05:21.800396,1833.6383587210523,97064,73.0,-3.3036375308086785,9.90252546246393,5.397191910376655,11.75175357072932,0.06595125529182688,True,walking_dual_task,P01,0,0.0
2026-04-01T14:05:21.860255,1792.3535901088665,97073,76.0,-2.602337200206217,8.514401027007436,4.950160485955094,10.186818570534845,1.5649350001944757,True,walking_dual_task,P01,0,0.0
2026-04-01T14:05:21.861411,1744.5018055624341,97073,67.0,-2.321909629242344,8.486194678153936,4.947088976693579,10.093584783674213,0.09323378686063144,True,walking_dual_task,P01,0,0.0
2026-04-01T14:05:21.861777,1923.6551055026011,97047,79.0,-2.5826311546041887,8.61189276366693,4.905720736684829,10.242108015441476,0.14852323176726223,True,walking_dual_task,P01,0,0.0
2026-04-01T14:05:21.919461,1839.8380329948584,97047,66.0,-2.427159891801719,7.580341179190903,4.734793930164674,9.261260772402022,0.9808472430394541,True,walking_dual_task,P01,0,0.0
2026-04-01T14:05:21.920210,1846.5594366796124,97047,76.0,-2.319820090882056,7.3241566892231535,4.589360108787606,8.949137537801242,0.3121232346007794,True,walking_dual_task,P01,0,0.0
2026-04-01T14:05:21.920248,1840.014651860721,97047,57.0,-2.418752173760334,7.340538779800832,4.5297796007638365,8.958391311353083,0.009253773551840538,True,walking_dual_task,P01,0,0.0
2026-04-01T14:05:21.979988,1924.5672378064821,97066,76.0,-2.594904784085376,7.108835155891825,4.79103732554697,8.95673527390963,0.0016560374434533287,True,walking_dual_task,P01,0,0.0
2026-04-01T14:05:21.980805,1883.8485406665966,97066,51.0,-2.4724178530866903,7.200786928983415,5.018180135584922,9.1184600843596,0.16172481044997156,True,walking_dual_task,P01,0,0.0
2026-04-01T14:05:21.980943,1908.4649001852626,97088,81.0,-2.4976702247061286,6.245241407958889,5.132367893505879,8.460649915305435,0.6578101690541658,True,walking_dual_task,P01,0,0.0
2026-04-01T14:05:22.039399,1854.2972006456748,97088,89.0,-2.494810194370177,6.447038117158764,5.030591518473208,8.549574809063076,0.08892489375764079,True,walking_dual_task,P01,0,0.0
2026-04-01T14:05:22.099927,1857.0220959921369,97124,93.0,-2.7643917318662625,6.28984310721567,4.431423170511304,8.17566506632601,0.3739097427370659,True,walking_dual_task,P01,0,0.0
2026-04-01T14:05:22.100550,1898.178345715041,97124,108.0,-3.0620909001142063,7.5679516817969485,4.532247834579049,9.337642302670519,1.1619772363445087,True,walking_dual_task,P01,0,0.0
2026-04-01T14:05:22.101372,1836.3668602756763,97154,72.0,-2.9283051518672845,7.477231044409385,4.331587346025334,9.123957698837645,0.21368460383287413,True,walking_dual_task,P01,0,0.0
2026-04-01T14:05:22.160331,1791.892080322347,97154,50.0,-2.179855385136843,8.303450047902185,4.78380271322333,9.827706782213223,0.7037490833755786,True,walking_dual_task,P01,0,0.0
2026-04-01T14:05:22.160862,1750.90393097955,97166,58.0,-2.063754338725248,8.432365689407723,4.678570459481952,9.861688224378472,0.03398144216524912,True,walking_dual_task,P01,0,0.0
2026-04-01T14:05:22.161133,1832.105717344597,97166,77.0,-1.7372990936268011,9.326076429291447,5.714435877840447,11.074686772439758,1.212998548061286,True,walking_dual_task,P01,0,0.0
2026-04-01T14:05:22.161365,1850.2827843338398,97157,109.0,-1.771261117777968,9.396179081466903,5.662024966942903,11.112338817937161,0.03765204549740275,True,walking_dual_task,P01,0,0.0
2026-04-01T14:05:22.219502,1820.6832400872831,97157,63.0,-2.157509920329036,8.29855282605914,6.94863359385982,11.036500209981856,0.07583860795530484,True,walking_dual_task,P01,0,0.0
2026-04-01T14:05:22.219967,1848.4178033502099,97151,80.0,-2.0517164443794704,5.655171755003235,6.858123060445471,9.122738616168801,1.9137615938130548,True,walking_dual_task,P01,0,0.0
2026-04-01T14:05:22.220449,1916.1413437759813,97151,125.0,-2.034600159182782,5.31253082642384,6.776768292296286,8.848003734002518,0.2747348821662836,True,walking_dual_task,P01,0,0.0
2026-04-01T14:05:22.279209,1848.7077001021962,97148,61.0,-2.3539201838547354,5.221385570819539,6.285137959608338,8.50333856096715,0.34466517303536826,True,walking_dual_task,P01,0,0.0
2026-04-01T14:05:22.279793,1841.2914826255985,97148,86.0,-2.2415174459158167,5.068229115248127,6.303268392549819,8.393005376711692,0.1103331842554578,True,walking_dual_task,P01,0,0.0
2026-04-01T14:05:22.280403,1881.4666406952242,97130,105.0,-2.5915968576104884,7.449086599517094,7.080022208677205,10.598678215458952,2.20567283874726,True,walking_dual_task,P01,0,0.0
2026-04-01T14:05:22.281112,1786.224692988146,97130,99.0,-2.3161217691376055,7.706602754162304,7.147458127001204,10.763006259273972,0.1643280438150203,True,walking_dual_task,P01,0,0.0
2026-04-01T14:05:22.339171,1736.007195455726,97007,82.0,-2.3587874293468865,7.579457248392997,7.315360561501485,10.794746428788097,0.031740169514124617,True,walking_dual_task,P01,0,0.0
2026-04-01T14:05:22.339749,1843.3901228674254,97007,61.0,-3.3157497751194964,7.694723098246202,6.852783509445245,10.824213687710222,0.029467258922124984,True,walking_dual_task,P01,0,0.0
2026-04-01T14:05:22.340153,1750.708441706543,96937,79.0,-3.2910586110026077,7.647772911062237,6.923667686834392,10.828511971547451,0.004298283837229633,True,walking_dual_task,P01,0,0.0
2026-04-01T14:05:22.461552,1847.1671413393092,96937,81.0,-3.3287962868802183,7.602282855321502,6.844210443073921,10.757267586192365,0.07124438535508659,True,walking_dual_task,P01,0,0.0
2026-04-01T14:05:22.462116,1809.8417395791355,96933,79.0,-3.2847627282024034,7.531312129486642,6.931246760445276,10.749535349331312,0.0077322368610523995,True,walking_dual_task,P01,0,0.0
2026-04-01T14:05:22.462491,1742.6475840041537,96933,71.0,-3.429581509607975,7.649256206477874,6.994370697376536,10.91761747340988,0.16808212407856793,True,walking_dual_task,P01,0,0.0
2026-04-01T14:05:22.462815,1790.9657457684934,96970,72.0,-3.503521798511309,7.737596462883893,6.7473754536898705,10.847678992675522,0.06993848073435771,True,walking_dual_task,P01,0,0.0
2026-04-01T14:05:22.463109,1799.3532837806208,96970,80.0,-3.2638078562298873,7.713502939400583,6.912609571415506,10.859776259451879,0.012097266776356363,True,walking_dual_task,P01,0,0.0
2026-04-01T14:05:22.464956,1951.929441909118,97019,79.0,-3.2886960598309534,7.736008732911771,7.025790228171356,10.955504608182268,0.09572834873038971,True,walking_dual_task,P01,0,0.0
2026-04-01T14:05:22.519478,1847.1632167896878,97019,80.0,-3.379149082680968,7.525610364619628,6.981228415999885,10.806988946020915,0.14851566216135303,True,walking_dual_task,P01,0,0.0
2026-04-01T14:05:22.519981,1766.1505137645527,97034,97.0,-3.470801951423529,7.754001901282033,6.922359761866098,10.958561782633414,0.1515728366124982,True,walking_dual_task,P01,0,0.0
2026-04-01T14:05:22.520325,1746.9121880280652,97034,67.0,-3.2109454544146,7.699760817956691,6.896104365339147,10.823712061146884,0.13484972148653007,True,walking_dual_task,P01,0,0.0
2026-04-01T14:05:22.579760,1745.232101310887,97009,74.0,-3.2045027401348527,7.642202964002427,6.973747306337409,10.830755072809445,0.007043011662561938,True,walking_dual_task,P01,0,0.0
2026-04-01T14:05:22.580688,1801.8701384533865,97009,64.0,-3.338283541355368,7.699528805825698,6.91555932839117,10.874366264694324,0.04361119188487805,True,walking_dual_task,P01,0,0.0
2026-04-01T14:05:22.581076,1885.02349091077,96974,81.0,-3.3129918997903283,9.150010052621763,5.014208101417888,10.9471860391372,0.0728197744428769,True,walking_dual_task,P01,0,0.0
2026-04-01T14:05:22.639778,1835.6161422658342,96974,54.0,-3.2729398526084537,9.225848153400674,4.856628404536464,10.927728441361895,0.019457597775305757,True,walking_dual_task,P01,0,0.0
2026-04-01T14:05:22.699750,1927.4546587592256,96973,78.0,-2.8228476264297093,9.785193445665783,5.323197273121818,11.491514639059204,0.5637861976973095,True,walking_dual_task,P01,0,0.0
2026-04-01T14:05:22.700302,1775.6231860717846,96973,98.0,-2.8102008583254823,9.714209120181003,5.105046189533643,11.32804415122103,0.16347048783817364,True,walking_dual_task,P01,0,0.0
2026-04-01T14:05:22.701153,1751.0968857443747,96972,61.0,-2.6071321021284457,8.913195221625383,5.284052856710597,10.684727485961712,0.6433166652593183,True,walking_dual_task,P01,0,0.0
2026-04-01T14:05:22.701581,1829.102291516881,96972,104.0,-2.8161370870591687,8.997108053185727,5.471509149047224,10.900274940657095,0.2155474546953826,True,walking_dual_task,P01,0,0.0
2026-04-01T14:05:22.702888,1836.5672068061813,96975,67.0,-2.7468891518959033,8.276305113183039,5.679082337506095,10.40646926365887,0.49380567699822464,True,walking_dual_task,P01,0,0.0
2026-04-01T14:05:22.759703,1859.6603536796365,96975,78.0,-2.3051377069024537,8.270948230846445,6.129943869073115,10.54980835480496,0.143339091146089,True,walking_dual_task,P01,0,0.0
2026-04-01T14:05:22.760350,1785.308305494352,96975,77.0,-2.233605517295079,8.215423039886584,6.071298330351759,10.45671232975845,0.09309602504650982,True,walking_dual_task,P01,0,0.0
2026-04-01T14:05:22.760943,1806.1571388642717,96975,77.0,-1.9332510737992883,8.67514751089001,6.330210379912262,10.911792130717858,0.4550798009594086,True,walking_dual_task,P01,0,0.0
2026-04-01T14:05:22.819500,1743.3852529602846,96990,84.0,-1.9097389656290875,8.576889524994959,6.336743148350216,10.83348746106136,0.0783046696564984,True,walking_dual_task,P01,0,0.0
2026-04-01T14:05:22.820060,1753.8664238822967,96990,50.0,-1.7619310024228791,10.328911920181755,7.072441964469331,12.641608190928814,1.8081207298674542,True,walking_dual_task,P01,0,0.0
2026-04-01T14:05:22.820488,1868.3565154135592,96999,75.0,-0.21084852705823628,10.53389154448582,7.843431549542327,13.134943724459136,0.4933355335303222,True,walking_dual_task,P01,0,0.0
2026-04-01T14:05:22.879338,1799.7640965098112,96999,92.0,-0.31661718241670456,10.57451846293478,7.688753591498864,13.078135148175244,0.05680857628389191,True,walking_dual_task,P01,0,0.0
2026-04-01T14:05:22.879911,1797.5097672903753,97007,60.0,-0.20853629909470445,10.644593309009172,7.747180564293475,13.16699133431816,0.08885618614291602,True,walking_dual_task,P01,0,0.0
2026-04-01T14:05:22.939567,1783.178479875255,97007,94.0,0.7971060666628971,10.890903460622217,8.369731225490614,13.75861755617389,0.59162622185573,True,walking_dual_task,P01,0,0.0
2026-04-01T14:05:22.999885,1846.0691533251345,96990,106.0,1.1356083890522437,9.975718127755215,7.908208175863103,12.780622642520116,0.9779949136537738,True,walking_dual_task,P01,0,0.0
2026-04-01T14:05:23.000616,1778.8992309666357,96990,81.0,1.1670348674362692,10.127056216561112,7.9059241710217645,12.900499021090123,0.11987637857000699,True,walking_dual_task,P01,0,0.0
2026-04-01T14:05:23.001267,1815.4007599140878,96929,67.0,0.6230148644729587,8.89682261796451,7.45493974077117,11.62401508754219,1.276483933547933,True,walking_dual_task,P01,0,0.0
2026-04-01T14:05:23.001295,1888.1489949634313,96929,114.0,0.7510737916137649,8.781719452647168,7.542081182359317,11.600245555450508,0.02376953209168242,True,walking_dual_task,P01,0,0.0
2026-04-01T14:05:23.002042,1833.855989022053,96766,50.0,1.2505082323405783,9.124421579991706,8.159687104620748,12.304443654789273,0.7041980993387646,True,walking_dual_task,P01,0,0.0
2026-04-01T14:05:23.059522,1818.1176554313786,96766,78.0,1.132431363782315,9.105563539939988,8.028393566344983,12.192161064786335,0.11228259000293761,True,walking_dual_task,P01,0,0.0
2026-04-01T14:05:23.060021,1875.881868816932,96605,73.0,1.3750948071882163,7.826406023182398,8.012602388267304,11.284738100679546,0.9074229641067895,True,walking_dual_task,P01,0,0.0
2026-04-01T14:05:23.060228,1816.7690277904921,96605,108.0,0.5051152191386193,6.2532329643842735,7.114958802993686,9.485815866849038,1.798922233830508,True,walking_dual_task,P01,0,0.0
2026-04-01T14:05:23.179210,1811.9536079456793,96504,85.0,0.3644949676662045,6.434925828258651,7.011623608732724,9.523864374673884,0.03804850782484692,True,walking_dual_task,P01,0,0.0
2026-04-01T14:05:23.179757,1757.6406051401138,96504,93.0,-0.2081480881406422,5.352857667395286,5.874102498763631,7.949936540625355,1.5739278340485292,True,walking_dual_task,P01,0,0.0
2026-04-01T14:05:23.180260,1772.98060997227,96500,56.0,-0.31666129278199806,5.459159629563539,5.974838006726246,8.099468343170626,0.14953180254527076,True,walking_dual_task,P01,0,0.0
2026-04-01T14:05:23.180518,1838.62654474341,96500,88.0,-0.35768645367123186,4.524825240327399,4.904027565456159,6.682175500344006,1.4172928428266198,True,walking_dual_task,P01,0,0.0
2026-04-01T14:05:23.181507,1747.9389674262045,96519,96.0,0.04608591456066896,4.048531679803709,4.627417967077406,6.1486364111017275,0.5335390892422787,True,walking_dual_task,P01,0,0.0
2026-04-01T14:05:23.182127,1855.6210796804874,96519,98.0,-0.10597072187477946,4.065131357301215,4.482388227708953,6.052134083933708,0.09650232716801987,True,walking_dual_task,P01,0,0.0
2026-04-01T14:05:23.239412,1848.6510094406717,96534,101.0,-0.17787067759444458,4.191942024843376,4.9682651294874285,6.502897378436525,0.45076329450281705,True,walking_dual_task,P01,0,0.0
2026-04-01T14:05:23.239912,1762.6578103750667,96534,78.0,0.0014717094697738187,4.338062913113138,5.055246898913131,6.661404747726055,0.1585073692895307,True,walking_dual_task,P01,0,0.0
2026-04-01T14:05:23.240480,1796.3874868437897,96511,61.0,0.35898632146897,4.374450113561926,5.400456976626714,6.959139352782061,0.29773460505600546,True,walking_dual_task,P01,0,0.0
2026-04-01T14:05:23.241181,1815.3735425759965,96511,73.0,0.22632557266086162,4.519997625998452,5.391142778974214,7.038893539978973,0.07975418719691252,True,walking_dual_task,P01,0,0.0
2026-04-01T14:05:23.299716,1832.1442631858151,96454,76.0,-0.32352990138529014,4.415712937736503,5.4429915568517195,7.016362977607631,0.0225305623713421,True,walking_dual_task,P01,0,0.0
2026-04-01T14:05:23.300343,1819.0400932283712,96454,92.0,-0.6902280409107912,5.281749108369824,6.312677054003091,8.259732439998412,1.2433694623907812,True,walking_dual_task,P01,0,0.0
2026-04-01T14:05:23.300387,1839.2535436557448,96409,61.0,-0.5143496337031919,5.132566355459,6.5339436233219415,8.32467490125769,0.06494246125927816,True,walking_dual_task,P01,0,0.0
2026-04-01T14:05:23.359394,1894.6728470154333,96409,90.0,-0.46461124443870355,5.512915920728049,7.35021910665973,9.199664476130716,0.874989574873025,True,walking_dual_task,P01,0,0.0
2026-04-01T14:05:23.359504,1904.8896164331888,96358,82.0,-0.40601988409204587,5.497450824211272,7.47290140834841,9.286068768310678,0.08640429217996193,True,walking_dual_task,P01,0,0.0
2026-04-01T14:05:23.360832,1840.1279734633804,96358,98.0,-0.5279965954455739,5.517073494584806,7.1672776448182685,9.060173794545225,0.22589497376545253,True,walking_dual_task,P01,0,0.0
2026-04-01T14:05:23.419453,1758.1581595309874,96295,94.0,-0.56541460808994,5.5161198227288795,7.340512173731472,9.19947773248264,0.1393039379374148,True,walking_dual_task,P01,0,0.0
2026-04-01T14:05:23.419951,1773.359278436401,96295,86.0,-0.5668907634820344,5.333326369096205,7.348552725436104,9.097634992432512,0.10184274005012739,True,walking_dual_task,P01,0,0.0
2026-04-01T14:05:23.420407,1837.2400556485138,96268,78.0,-0.5338023340526606,5.4811562196065315,7.412381019333294,9.234252043958076,0.13661705152556358,True,walking_dual_task,P01,0,0.0
2026-04-01T14:05:23.479782,1814.719557350566,96268,64.0,-0.4689407859764815,5.56146156744432,7.361512322899752,9.238053036604486,0.00380099264640954,True,walking_dual_task,P01,0,0.0
2026-04-01T14:05:23.480365,1803.8222657436063,96246,50.0,-0.5273445909887028,5.575027164795852,7.277654138117143,9.182770276986695,0.055282759617790944,True,walking_dual_task,P01,0,0.0
2026-04-01T14:05:23.480457,1819.8536691952547,96246,70.0,-0.5535773392733578,5.529843841422885,7.292382468851514,9.168667452421452,0.014102824565242145,True,walking_dual_task,P01,0,0.0
2026-04-01T14:05:23.539816,1850.0470943492417,96236,50.0,-0.5670324398472416,5.598734743684824,7.180887228760535,9.123184636417202,0.04548281600425064,True,walking_dual_task,P01,0,0.0
2026-04-01T14:05:23.540581,1878.388363858078,96236,91.0,-0.4999230252075585,5.2705465694173705,7.272376767532742,8.995334792017463,0.1278498443997389,True,walking_dual_task,P01,0,0.0
2026-04-01T14:05:23.540681,1794.8013853864577,96244,86.0,-0.5868063256934579,5.598730369968408,7.278215045236776,9.20122479152593,0.20588999950846798,True,walking_dual_task,P01,0,0.0
2026-04-01T14:05:23.599593,1877.6175261359872,96244,64.0,-0.3860227743104898,5.552881270408164,7.286246055665654,9.169126761542751,0.0320980299831799,True,walking_dual_task,P01,0,0.0
2026-04-01T14:05:23.599825,1855.360387547067,96229,103.0,-1.7657785017402818,8.294300393732604,6.700156935142101,10.807659121854917,1.6385323603121655,True,walking_dual_task,P01,0,0.0
2026-04-01T14:05:23.600397,1745.5375029754955,96229,93.0,-1.8957216587422079,8.464707236556144,6.600636411846785,10.900157349755455,0.09249822790053841,True,walking_dual_task,P01,0,0.0
2026-04-01T14:05:23.659705,1836.5906220609938,96100,111.0,-3.1737512225588898,8.103938227983946,5.9561673522259495,10.546205059328019,0.35395229042743637,True,walking_dual_task,P01,0,0.0
2026-04-01T14:05:23.660469,1837.79783391897,96100,89.0,-3.108754521784454,7.859718748435445,5.893464032411046,10.304001736342322,0.2422033229856968,True,walking_dual_task,P01,0,0.0
2026-04-01T14:05:23.660678,1773.8422019473055,95977,84.0,-3.243069255754685,8.107242253127225,5.380703883413326,10.2565515369198,0.04745019942252249,True,walking_dual_task,P01,0,0.0
2026-04-01T14:05:23.720106,1793.8100674224595,95977,71.0,-3.372627399501556,8.840363884367475,6.334352769217888,11.3864249959676,1.1298734590478006,True,walking_dual_task,P01,0,0.0
2026-04-01T14:05:23.720745,1711.5634525782905,95958,65.0,-3.431177413992947,8.95165731858791,6.298628663547966,11.470739742361513,0.0843147463939129,True,walking_dual_task,P01,0,0.0
2026-04-01T14:05:23.721128,1781.1867720957168,95958,76.0,-2.9489416170442646,10.562999245794122,7.707202042199736,13.4042595113147,1.9335197689531878,True,walking_dual_task,P01,0,0.0
2026-04-01T14:05:23.779707,1774.9018455822736,95933,109.0,-2.941578840050892,10.589055481612787,7.797897404717578,13.475466077260931,0.07120656594623043,True,walking_dual_task,P01,0,0.0
2026-04-01T14:05:23.780149,1882.49106435002,95933,72.0,-2.655587230755422,8.597135954457354,7.746568837897785,11.87317223491109,1.602293842349841,True,walking_dual_task,P01,0,0.0
2026-04-01T14:05:23.780172,1744.5205359298925,95887,90.0,-2.5892155574791493,8.714828373404101,7.5295762952603775,11.80452413132898,0.0686481035821096,True,walking_dual_task,P01,0,0.0
2026-04-01T14:05:23.839460,1844.2418553934467,95887,85.0,-2.3004662790137735,6.267971873208772,6.699085389226627,9.458190183981577,2.3463339473474036,True,walking_dual_task,P01,0,0.0
2026-04-01T14:05:23.839937,1837.6503238661248,95884,50.0,-2.2831247740017693,6.189267334467707,6.560960830744863,9.304079529633114,0.15411065434846272,True,walking_dual_task,P01,0,0.0
2026-04-01T14:05:23.899309,1780.5739715485129,95884,74.0,-1.7745020252283425,5.618513381574718,5.89854865751094,8.337231334291845,0.9668481953412691,True,walking_dual_task,P01,0,0.0
2026-04-01T14:05:23.899878,1789.9795004644259,95953,80.0,-1.959141784870422,5.631671539673197,5.89525166791324,8.384983786032278,0.04775245174043263,True,walking_dual_task,P01,0,0.0
2026-04-01T14:05:23.900274,1810.3311681369662,95953,94.0,-1.358175893374496,6.4318013562730565,5.303989310140998,8.446597720146823,0.06161393411454519,True,walking_dual_task,P01,0,0.0
2026-04-01T14:05:23.900834,1814.1604720843259,95946,74.0,-1.3619933422797947,6.44972777339551,5.366127428763068,8.499961046795875,0.053363326649051857,True,walking_dual_task,P01,0,0.0
2026-04-01T14:05:23.959579,1896.4678056842768,95946,62.0,-1.678765211196742,7.03410139280165,4.560051844141984,8.549322070187861,0.049361023391986336,True,walking_dual_task,P01,0,0.0
2026-04-01T14:05:23.960209,1886.4141708900095,95895,50.0,-2.665814823685332,8.494165158493473,4.644395330610478,10.041305612366418,1.4919835421785574,True,walking_dual_task,P01,0,0.0
2026-04-01T14:05:24.019188,1796.6139999414925,95895,111.0,-2.71492094409309,8.373356926561447,4.723223610122572,9.98963178618157,0.051673826184847726,True,walking_dual_task,P01,0,0.0
2026-04-01T14:05:24.019523,1784.6343665870834,95876,74.0,-3.4316221723323563,8.956533660936874,4.419532453852683,10.560671998684336,0.5710402125027656,True,walking_dual_task,P01,0,0.0
2026-04-01T14:05:24.019937,1819.3960219289086,95876,67.0,-3.3185716029312564,9.02014631197269,4.431068874643437,10.583493201443941,0.022821202759605086,True,walking_dual_task,P01,0,0.0
2026-04-01T14:05:24.020690,1830.2608666060455,95895,88.0,-3.3502120352062525,9.180736827449717,4.8326114266571985,10.902475983774972,0.3189827823310303,True,walking_dual_task,P01,0,0.0
2026-04-01T14:05:24.079111,1921.657171656479,95895,86.0,-3.39702114119046,9.47682517458803,5.266050900146064,11.361393405138717,0.45891742136374525,True,walking_dual_task,P01,0,0.0
2026-04-01T14:05:24.079413,1788.447341232264,95916,75.0,-3.1233278251041625,9.399526864287836,5.22415030317359,11.19812610956348,0.16326729557523656,True,walking_dual_task,P01,0,0.0
2026-04-01T14:05:24.199836,1849.9275813456752,95916,89.0,-2.8376563214886694,8.547677492396588,5.220631525280362,10.410094977264087,0.7880311322993929,True,walking_dual_task,P01,0,0.0
2026-04-01T14:05:24.200185,1938.033637123186,95950,50.0,-3.198625747763719,8.501307536588524,5.0474805498850435,10.391366436007425,0.018728541256662012,True,walking_dual_task,P01,0,0.0
2026-04-01T14:05:24.201405,1853.613417834503,95950,78.0,-3.0738182785324337,8.23494779781569,5.104445091620414,10.164550345960087,0.22681609004733794,True,walking_dual_task,P01,0,0.0
2026-04-01T14:05:24.201455,1962.7821235743659,95986,71.0,-2.891689429399772,8.385135430596957,5.023442978023826,10.193495146367201,0.028944800407114002,True,walking_dual_task,P01,0,0.0
2026-04-01T14:05:24.201704,1865.2180848829598,95986,70.0,-2.598894048015993,9.133180933699494,5.253535114581074,10.852136906648445,0.6586417602812435,True,walking_dual_task,P01,0,0.0
2026-04-01T14:05:24.202474,1846.878031598449,96011,68.0,-1.9666330829449974,11.401537939902415,6.256253866608662,13.153076656106881,2.3009397494584363,True,walking_dual_task,P01,0,0.0
2026-04-01T14:05:24.259637,1867.7139580011103,96011,102.0,-1.793421559225171,11.372426579475396,6.1685062740166074,13.061352029833449,0.09172462627343236,True,walking_dual_task,P01,0,0.0
2026-04-01T14:05:24.260568,1788.0742329907641,96035,82.0,-0.427614546378833,10.565092887175805,6.779361580392621,12.560405461314977,0.5009465685184722,True,walking_dual_task,P01,0,0.0
2026-04-01T14:05:24.260594,1903.758432350236,96035,72.0,-0.6096299824159332,10.443906862263317,6.823677626879375,12.49037291751793,0.07003254379704593,True,walking_dual_task,P01,0,0.0
2026-04-01T14:05:24.261010,1908.6643451173757,96018,57.0,-0.08628807569342192,8.599219737614158,6.721393240764797,10.91472183909322,1.5756510784247109,True,walking_dual_task,P01,0,0.0
2026-04-01T14:05:24.319767,1848.4494646001592,96018,72.0,-0.8373565310393902,7.620330923548679,6.06972501732585,9.77814763288108,1.1365742062121402,True,walking_dual_task,P01,0,0.0
2026-04-01T14:05:24.320330,1930.6756675563793,96018,88.0,-1.1227686560476682,7.548873392298346,6.305690486848094,9.899890477367897,0.1217428444868176,True,walking_dual_task,P01,0,0.0
2026-04-01T14:05:24.320773,1965.7269215035772,96018,71.0,-1.4113009608037652,7.746331850367456,5.98721361685836,9.891620414870209,0.008270062497688357,True,walking_dual_task,P01,0,0.0
2026-04-01T14:05:24.379471,1906.1304100921036,95931,72.0,-1.3829108570727324,7.653558117882824,6.215235997715188,9.955830091444632,0.06420967657442311,True,walking_dual_task,P01,0,0.0
2026-04-01T14:05:24.380304,1894.3837868231283,95931,93.0,-1.4191319649529814,7.732364317749293,6.187308543160439,10.004308096246335,0.04847800480170328,True,walking_dual_task,P01,0,0.0
2026-04-01T14:05:24.380906,1830.9371091067203,95792,82.0,-1.2427545072147108,7.918190813101437,6.194337455807252,10.129758192291815,0.12545009604547985,True,walking_dual_task,P01,0,0.0
2026-04-01T14:05:24.439178,1922.1030321125186,95792,64.0,-1.3030328960599464,7.638744545780333,6.150724536009288,9.893418280946673,0.23633991134514254,True,walking_dual_task,P01,0,0.0
2026-04-01T14:05:24.439875,1909.1863793232708,95667,57.0,-1.2759980415276748,7.699369924097634,6.050767231840255,9.875234292106363,0.018183988840309695,True,walking_dual_task,P01,0,0.0
2026-04-01T14:05:24.440492,1753.886427691478,95667,67.0,-1.3255598119283594,7.777809744437075,6.26459924727099,10.07455393377633,0.19931964166996785,True,walking_dual_task,P01,0,0.0
2026-04-01T14:05:24.499687,1900.1295338401512,95631,50.0,-1.3851937778098915,7.665400366006322,6.130401800739937,9.91256529924361,0.1619886345327206,True,walking_dual_task,P01,0,0.0
2026-04-01T14:05:24.500295,1770.1390247278505,95631,115.0,-1.371391921407702,7.63027717433189,6.0433774367625634,9.829763801964084,0.0828014972795259,True,walking_dual_task,P01,0,0.0
2026-04-01T14:05:24.500791,1869.6703416942494,95653,108.0,-1.3448021494345619,7.504068187488253,6.2234680406785765,9.841294967479874,0.011531165515789255,True,walking_dual_task,P01,0,0.0
2026-04-01T14:05:24.559654,1916.6861340917917,95653,89.0,-1.3836714830391184,7.836807583418794,6.032180235318178,9.985854909013511,0.14455994153363783,True,walking_dual_task,P01,0,0.0
2026-04-01T14:05:24.560319,1969.7197113231107,95679,121.0,-1.2159442165547725,7.708757910268953,6.064553463326377,9.883434502562919,0.1024204064505927,True,walking_dual_task,P01,0,0.0
2026-04-01T14:05:24.560363,1879.1398032470524,95679,66.0,-1.3985118200633104,7.718640164627646,6.249626979031744,10.029510390786847,0.14607588822392792,True,walking_dual_task,P01,0,0.0
2026-04-01T14:05:24.619532,1968.746696621184,95699,89.0,0.8811566189348257,5.8540239020972535,6.072930044460404,8.480949956126876,1.5485604346599704,True,walking_dual_task,P01,0,0.0
2026-04-01T14:05:24.619855,1816.2614601090245,95699,70.0,1.1019707017229636,5.735632580064436,6.074096564077499,8.426533664009805,0.05441629211707166,True,walking_dual_task,P01,0,0.0
2026-04-01T14:05:24.620390,1948.2907456344424,95685,86.0,0.49499982769744627,5.34581725444625,6.255595336323247,8.243498041437562,0.18303562257224293,True,walking_dual_task,P01,0,0.0
2026-04-01T14:05:24.679671,1929.1634385977106,95685,105.0,0.5151723313913228,5.281866365481762,6.1899870193795685,8.153493369956601,0.09000467148096014,True,walking_dual_task,P01,0,0.0
2026-04-01T14:05:24.680433,1929.91855298087,95653,79.0,0.007420109890153653,5.25486814731101,6.480227143540785,8.34308325114507,0.18958988118846776,True,walking_dual_task,P01,0,0.0
2026-04-01T14:05:24.681063,1802.43391791996,95653,67.0,-0.12131619375935576,5.427709362271669,6.3082384345060385,8.322777101829592,0.02030614931547703,True,walking_dual_task,P01,0,0.0
2026-04-01T14:05:24.739710,1808.3227004315643,95630,74.0,-0.5149360691774464,6.331697208278036,6.230650330719761,8.898120713743664,0.5753436119140716,True,walking_dual_task,P01,0,0.0
2026-04-01T14:05:24.740531,1812.1902598265763,95630,111.0,-0.4834323462371469,6.231959220677375,6.126578171380209,8.75248437025777,0.1456363434858936,True,walking_dual_task,P01,0,0.0
2026-04-01T14:05:24.740571,1860.4441907628445,95627,70.0,-0.827275664430667,6.822950386707468,6.299933898973192,9.323422340313794,0.5709379700560238,True,walking_dual_task,P01,0,0.0
2026-04-01T14:05:24.799299,1932.5418720912942,95627,68.0,-0.7117666327138096,6.900806558175109,6.172733756409801,9.28603171006423,0.037390630249564794,True,walking_dual_task,P01,0,0.0
2026-04-01T14:05:24.799875,1809.273511185171,95630,114.0,-0.6267782069988029,7.14067389018629,6.6578849462867895,9.783123554609187,0.4970918445449577,True,walking_dual_task,P01,0,0.0
2026-04-01T14:05:24.800381,1903.3464910747664,95630,60.0,-0.49874922602870403,7.035881231342569,6.58076892430958,9.64670384780115,0.13641970680803617,True,walking_dual_task,P01,0,0.0
2026-04-01T14:05:24.919874,1933.014283231095,95635,92.0,-0.3710226724957273,7.119892654225003,6.632097964192584,9.737312392947063,0.09060854514591199,True,walking_dual_task,P01,0,0.0
2026-04-01T14:05:24.920500,1845.890862332842,95635,81.0,-0.3979853371332711,7.154887943295988,7.299605220204861,10.229127537602483,0.49181514465542087,True,walking_dual_task,P01,0,0.0
2026-04-01T14:05:24.921027,1834.435168706751,95649,50.0,-0.548013547244565,7.017231004661575,7.071394182137675,9.977297504831547,0.2518300327709362,True,walking_dual_task,P01,0,0.0
2026-04-01T14:05:24.921498,1907.7894412535975,95649,62.0,0.44541329395553725,8.085828729641635,7.027875273740313,10.722408783047811,0.7451112782162639,True,walking_dual_task,P01,0,0.0
2026-04-01T14:05:24.922312,1933.9565668592277,95642,82.0,0.5094355935763899,8.091390329392263,7.076275062271912,10.76121697781048,0.0388081947626695,True,walking_dual_task,P01,0,0.0
2026-04-01T14:05:24.922342,1864.0389618946729,95642,93.0,-0.10012508446837295,9.027035218445059,6.648982842343059,11.211884886376582,0.4506679085661016,True,walking_dual_task,P01,0,0.0
2026-04-01T14:05:24.979827,1942.867905375932,95633,94.0,-1.7304328678746093,9.125154741370368,5.890204902721283,10.998061681960904,0.2138232044156787,True,walking_dual_task,P01,0,0.0
2026-04-01T14:05:24.980939,1949.874413413561,95633,68.0,-1.8523253274721003,9.448992886165058,5.978696469337553,11.333992551350201,0.3359308693892977,True,walking_dual_task,P01,0,0.0
2026-04-01T14:05:25.040050,1856.9744044900754,95630,81.0,-2.7622969522355816,9.659066429545078,5.24055656050139,11.33098768009695,0.003004871253251551,True,walking_dual_task,P01,0,0.0
2026-04-01T14:05:25.040593,1961.5723547080004,95630,95.0,-2.8029870872636717,9.695075810973588,5.150067315999683,11.330243816936168,0.0007438631607818991,True,walking_dual_task,P01,0,0.0
2026-04-01T14:05:25.040902,1911.3846282691352,95613,118.0,-3.2133516240873035,9.297297856225242,4.665729485404193,10.887350812680054,0.44289300425611344,True,walking_dual_task,P01,0,0.0
2026-04-01T14:05:25.041287,1856.393460264752,95613,84.0,-3.209056978945595,8.655874706201551,4.976774096879632,10.487635292807969,0.3997155198720854,True,walking_dual_task,P01,0,0.0
2026-04-01T14:05:25.099249,1952.2365491939565,95551,100.0,-3.1510831445979326,8.685274297901827,5.082053844952211,10.544694680120275,0.05705938731230553,True,walking_dual_task,P01,0,0.0
2026-04-01T14:05:25.099901,1946.9001192935418,95551,63.0,-3.240360771098452,8.865833573549915,5.4572843902959915,10.903435045770069,0.35874036564979406,True,walking_dual_task,P01,0,0.0
2026-04-01T14:05:25.100289,1913.4496448800694,95501,53.0,-3.3815252118176375,8.937348112420928,5.394467588651443,10.973203023992728,0.06976797822265901,True,walking_dual_task,P01,0,0.0
2026-04-01T14:05:25.159671,1894.473174064443,95501,95.0,-3.5070260197697047,9.496886397862038,5.471028968648873,11.507486290803648,0.5342832668109203,True,walking_dual_task,P01,0,0.0
2026-04-01T14:05:25.160556,1931.2245446553627,95501,52.0,-3.8045476970444723,8.678696235508339,4.9166251465696345,10.675558737564694,0.8319275532389536,True,walking_dual_task,P01,0,0.0
2026-04-01T14:05:25.160755,1950.4729188569556,95501,54.0,-3.8091707046509073,8.840077127316825,5.191014493174068,10.936332865381521,0.26077412781682696,True,walking_dual_task,P01,0,0.0
2026-04-01T14:05:25.219328,1852.9613771763252,95535,78.0,-3.7411835750675637,7.730037471927059,4.596265267183336,9.74041006662798,1.195922798753541,True,walking_dual_task,P01,0,0.0
2026-04-01T14:05:25.220055,1878.1509120533997,95535,65.0,-3.7731876981199286,7.765946955940985,4.752152862842675,9.855446938599814,0.11503687197183332,True,walking_dual_task,P01,0,0.0
2026-04-01T14:05:25.220890,1897.445958597301,95601,100.0,-3.342085127994186,6.964249270342328,4.661864755217552,9.022376843058773,0.8330700955410411,True,walking_dual_task,P01,0,0.0
2026-04-01T14:05:25.279553,1953.9689608538024,95601,50.0,-3.3218095241463863,6.825911976845322,4.482367385968314,8.815844271148537,0.20653257191023577,True,walking_dual_task,P01,0,0.0
2026-04-01T14:05:25.280516,1939.0098343174272,95651,50.0,-3.0863011712149797,7.279636160567362,4.844878700897283,9.273144406084217,0.45730013493568045,True,walking_dual_task,P01,0,0.0
2026-04-01T14:05:25.280613,1804.3800901683837,95651,73.0,-3.0375004908819374,7.729555764442439,5.1042376179884394,9.7481117765761,0.474967370491882,True,walking_dual_task,P01,0,0.0
2026-04-01T14:05:25.339579,1945.5094199530854,95617,72.0,-3.1090741324173,7.940902576428737,5.2896151710246775,10.035153429157592,0.28704165258149317,True,walking_dual_task,P01,0,0.0
2026-04-01T14:05:25.340079,1904.6822648375296,95617,74.0,-3.295566071346352,8.225366612187642,5.478517807243102,10.417848578270862,0.3826951491132693,True,walking_dual_task,P01,0,0.0
2026-04-01T14:05:25.340291,1872.5165079702017,95549,83.0,-3.3186618766772003,8.427253647938226,5.676954605545883,10.68924385968565,0.2713952814147884,True,walking_dual_task,P01,0,0.0
2026-04-01T14:05:25.399642,1868.422998860718,95549,50.0,-3.2460063976556537,8.443935744816203,5.656890647676178,10.669443293629355,0.01980056605629521,True,walking_dual_task,P01,0,0.0
2026-04-01T14:05:25.400138,1861.2890178383973,95438,102.0,-3.4114843647680324,8.352369744320477,5.5665771317758095,10.601277606067406,0.06816568756194918,True,walking_dual_task,P01,0,0.0
2026-04-01T14:05:25.400302,1932.2759897463116,95438,65.0,-3.3145856091131862,8.432484740968803,5.590297788751683,10.646347074641794,0.04506946857438798,True,walking_dual_task,P01,0,0.0
2026-04-01T14:05:25.459324,1893.323027772348,95405,74.0,-3.2190438497966634,8.251988444878274,5.589733604947897,10.473904638462301,0.17244243617949273,True,walking_dual_task,P01,0,0.0
2026-04-01T14:05:25.460558,1872.9777611747688,95405,68.0,-3.304721283332875,8.282454454390283,5.523972805408692,10.489733557362527,0.015828918900226085,True,walking_dual_task,P01,0,0.0
2026-04-01T14:05:25.460999,1908.4832514575626,95476,118.0,-3.2478259021009603,8.314402433446451,5.604305786321924,10.53972980024913,0.049996242886603426,True,walking_dual_task,P01,0,0.0
2026-04-01T14:05:25.523552,1947.4332975927096,95476,57.0,-3.2489051530998405,8.360924066310387,5.595076313914997,10.571911600792903,0.032181800543773065,True,walking_dual_task,P01,0,0.0
2026-04-01T14:05:25.524077,1835.374814151377,95538,106.0,-3.165296290033254,8.346637323702266,5.5738229499364245,10.523923103783874,0.04798849700902963,True,walking_dual_task,P01,0,0.0
2026-04-01T14:05:25.524796,1898.8043934259613,95538,61.0,-3.1690481081541826,8.451558606605555,5.542491457589069,10.592021542185979,0.06809843840210483,True,walking_dual_task,P01,0,0.0
2026-04-01T14:05:25.640429,1829.4707957700175,95608,62.0,-3.2273329101685095,8.351771452232223,5.558426145165523,10.53868423071104,0.05333731147493914,True,walking_dual_task,P01,0,0.0
2026-04-01T14:05:25.641035,1876.9081843612544,95608,67.0,-3.372267760261095,8.398390503879757,5.5523484205013425,10.617613945006562,0.07892971429552276,True,walking_dual_task,P01,0,0.0
2026-04-01T14:05:25.641473,1837.8379870915464,95791,79.0,-2.4880822533985985,9.601495264473504,6.752789937760693,11.999143159280427,1.3815292142738649,True,walking_dual_task,P01,0,0.0
2026-04-01T14:05:25.641884,1834.449094484734,95791,69.0,-1.1204482331520493,10.571451414325432,7.515631314179972,13.019051551449486,1.019908392169059,True,walking_dual_task,P01,0,0.0
2026-04-01T14:05:25.642236,1897.4795104128561,95867,67.0,-0.6749074675684421,9.426599557921529,6.962782101377754,11.738680245515354,1.280371305934132,True,walking_dual_task,P01,0,0.0
2026-04-01T14:05:25.642888,1838.305057888444,95867,95.0,-0.7336473889609784,9.291253278711752,7.007634220547048,11.66072739366988,0.07795285184547396,True,walking_dual_task,P01,0,0.0
2026-04-01T14:05:25.699368,1871.9627526113582,95908,85.0,-0.675758251681613,9.336613588881615,6.631981319064637,11.47223512395152,0.18849226971835975,True,walking_dual_task,P01,0,0.0
2026-04-01T14:05:25.700214,1871.4346124455162,95908,62.0,-0.8018664485675716,9.52983965753042,6.44447028967807,11.532217090140179,0.059981966188658475,True,walking_dual_task,P01,0,0.0
2026-04-01T14:05:25.700390,1924.5906733874501,95924,73.0,-0.139678600635449,9.879723209274895,6.552802561282911,11.856123405671703,0.3239063155315236,True,walking_dual_task,P01,0,0.0
2026-04-01T14:05:25.760246,1984.8549616318005,95924,63.0,-0.15228227048919216,9.987056379936575,6.658410864142051,12.004120969969525,0.14799756429782285,True,walking_dual_task,P01,0,0.0
2026-04-01T14:05:25.761078,1945.1420686230747,95744,84.0,0.061832390564443784,8.694839093321391,6.9246912412607635,11.115547619891087,0.8885733500784383,True,walking_dual_task,P01,0,0.0
2026-04-01T14:05:25.761644,1920.7775759812478,95744,84.0,-0.13212474477974137,8.422250489554159,7.013317415201987,10.960765549146366,0.15478207074472117,True,walking_dual_task,P01,0,0.0
2026-04-01T14:05:25.819524,1846.9399379412594,95613,79.0,-0.1350541144687887,6.985421046211476,6.677817860347388,9.664760637629042,1.2960049115173238,True,walking_dual_task,P01,0,0.0
2026-04-01T14:05:25.819852,1903.6533834022378,95613,97.0,-0.2148138770958122,6.940199979273612,6.798873852434641,9.717880757419378,0.05312011979033571,True,walking_dual_task,P01,0,0.0
2026-04-01T14:05:25.940020,1867.8163893876738,95615,117.0,-0.5714802116390524,5.559352250952732,5.775428894458753,8.036701188760055,1.6811795686593225,True,walking_dual_task,P01,0,0.0
2026-04-01T14:05:25.940526,1931.3928803706965,95615,81.0,-1.372636282006767,4.388922240884994,4.499782183789462,6.433879739376963,1.6028214493830921,True,walking_dual_task,P01,0,0.0
2026-04-01T14:05:25.940870,1983.988951960462,95687,92.0,-1.150004497906444,4.556157997605706,4.528111387849528,6.52570906378181,0.0918293244048467,True,walking_dual_task,P01,0,0.0
2026-04-01T14:05:25.999588,1862.7545587824102,95687,77.0,-0.8548693770591326,4.191236808039076,4.056308268138806,5.894989770904296,0.6307192928775143,True,walking_dual_task,P01,0,0.0
2026-04-01T14:05:26.059564,1761.8413147415326,95771,102.0,-0.897384719246387,4.132192543898321,3.9746054452319726,5.803257964234697,0.0917318066695989,True,walking_dual_task,P01,0,0.0
2026-04-01T14:05:26.060161,1923.2426638865563,95771,50.0,-0.43482796277963026,4.562204968533915,3.9650034469759308,6.060036457535683,0.25677849330098645,True,walking_dual_task,P01,0,0.0
2026-04-01T14:05:26.060724,1884.3900197872033,95875,69.0,0.8397187748914466,6.328886372071335,4.785260665246254,7.978637099520725,1.9186006419850417,True,walking_dual_task,P01,0,0.0
2026-04-01T14:05:26.061439,1842.577449980127,95875,99.0,0.8863956561559425,6.234808884220751,4.659335081668246,7.833769366357077,0.14486773316364765,True,walking_dual_task,P01,0,0.0
2026-04-01T14:05:26.061828,1932.7231888282229,95914,54.0,1.6488718882163764,8.191429791713427,5.6175661026790875,10.06853263660051,2.234763270243433,True,walking_dual_task,P01,0,0.0
2026-04-01T14:05:26.062292,1807.2359517949403,95914,60.0,1.5698121107220464,8.35194683635277,5.685694966659313,10.224796001589846,0.15626336498933568,True,walking_dual_task,P01,0,0.0
2026-04-01T14:05:26.062881,1822.07385171984,95861,89.0,1.0901179036382815,8.043466094103373,5.933301727178612,10.054341014535163,0.17045498705468276,True,walking_dual_task,P01,0,0.0
2026-04-01T14:05:26.063572,1872.2196786637853,95861,54.0,1.1014902696547055,8.172625366310038,5.865441075473173,10.119707762680017,0.06536674814485366,True,walking_dual_task,P01,0,0.0
2026-04-01T14:05:26.064472,1868.1507806543893,95836,96.0,0.5647154666082064,7.032904124341689,6.000848878395864,9.262334006164632,0.8573737565153845,True,walking_dual_task,P01,0,0.0
2026-04-01T14:05:26.119577,1915.5531725511787,95836,52.0,0.5846855732914197,7.07070262983757,6.458187334748096,9.59400211329494,0.3316681071303069,True,walking_dual_task,P01,0,0.0
2026-04-01T14:05:26.120104,1824.072158428744,95836,53.0,0.7366607838025121,6.970909666261963,6.33924421691635,9.451045864203833,0.1429562490911067,True,walking_dual_task,P01,0,0.0
2026-04-01T14:05:26.120555,1967.2650180788642,95836,50.0,0.5331218965796346,7.4145791034680775,6.305563722158377,9.747837508514284,0.296791644310451,True,walking_dual_task,P01,0,0.0
2026-04-01T14:05:26.179569,1857.6942831066801,95834,81.0,0.6419441952438159,7.225055351307445,6.395416165377751,9.670308428775094,0.07752907973918965,True,walking_dual_task,P01,0,0.0
2026-04-01T14:05:26.240630,1977.6375614446258,95834,72.0,0.30623145929754814,7.24216057688794,6.404626465160025,9.67274044344836,0.0024320146732659254,True,walking_dual_task,P01,0,0.0
2026-04-01T14:05:26.241201,1940.9390495388311,95855,87.0,0.21590755908947937,7.598549004888663,6.662886313837969,10.108343933844742,0.4356034903963817,True,walking_dual_task,P01,0,0.0
2026-04-01T14:05:26.241378,1909.502064737569,95855,92.0,0.18938304786332796,7.5417207764689564,6.674931159384806,10.073138745771733,0.0352051880730091,True,walking_dual_task,P01,0,0.0
2026-04-01T14:05:26.241967,1866.9256792269853,95884,95.0,1.1210750625407815,7.8663988324315195,6.702125504716135,10.394976006114556,0.32183726034282323,True,walking_dual_task,P01,0,0.0
2026-04-01T14:05:26.242676,1961.6912815441178,95884,73.0,1.1750451757206986,7.890076157835765,6.792714680678196,10.477356807636836,0.08238080152228022,True,walking_dual_task,P01,0,0.0
2026-04-01T14:05:26.299422,1864.4195164865766,95899,93.0,1.2240359352572332,8.75247900114792,6.692816472855169,11.085934555807997,0.608577748171161,True,walking_dual_task,P01,0,0.0
2026-04-01T14:05:26.300049,1854.9520284521614,95899,54.0,0.04903970223880562,10.014086840689478,6.121739892775045,11.737122281890874,0.6511877260828776,True,walking_dual_task,P01,0,0.0
2026-04-01T14:05:26.300402,1879.5199924666376,95907,62.0,0.3249479603084858,9.969849579461533,5.95637673350019,11.618171784122506,0.11895049776836863,True,walking_dual_task,P01,0,0.0
2026-04-01T14:05:26.359967,1882.0958636881228,95907,69.0,-1.7921419192374688,9.37380182613502,5.62418899661764,11.077519361482304,0.5406524226402016,True,walking_dual_task,P01,0,0.0
2026-04-01T14:05:26.360643,1891.9863361051728,95867,84.0,-1.8755867474100494,9.38369873567601,5.770377610715458,11.174474724980767,0.09695536349846279,True,walking_dual_task,P01,0,0.0
2026-04-01T14:05:26.361138,1897.998539916587,95867,84.0,-1.7507126466101461,9.48211931923916,5.824855576174502,11.265190812346695,0.09071608736592829,True,walking_dual_task,P01,0,0.0
2026-04-01T14:05:26.419560,1924.863511486187,95856,79.0,-1.657005702485891,9.432353955730328,5.87796912101195,11.236791803349492,0.028399008997203268,True,walking_dual_task,P01,0,0.0
2026-04-01T14:05:26.420006,1937.213326867805,95856,93.0,-1.7594824090129724,9.234222564191874,5.920733674197164,11.109533381444457,0.12725842190503478,True,walking_dual_task,P01,0,0.0
2026-04-01T14:05:26.420389,1940.7604629882724,95786,50.0,-1.881464507688654,9.476464585020874,5.72422767259869,11.229874094244849,0.12034071280039171,True,walking_dual_task,P01,0,0.0
2026-04-01T14:05:26.480133,1901.2630307946868,95786,50.0,-1.8465767864724123,9.3950569904468,5.881231775531183,11.236806880942634,0.006932786697785076,True,walking_dual_task,P01,0,0.0
2026-04-01T14:05:26.480802,1875.3741841356712,95689,86.0,-1.8311706508064014,9.51912376485321,5.844281504732989,11.319122294132704,0.08231541319007007,True,walking_dual_task,P01,0,0.0
2026-04-01T14:05:26.480841,1912.147552819772,95689,113.0,-1.6896505055669577,9.51947312658826,5.796984930159793,11.272990806316594,0.046131487816110095,True,walking_dual_task,P01,0,0.0
2026-04-01T14:05:26.540053,1861.8551909434816,95682,50.0,-1.65462429156289,9.39857296940515,5.737538124320593,11.135093135465702,0.13789767085089188,True,walking_dual_task,P01,0,0.0
2026-04-01T14:05:26.540114,1985.4079085579197,95682,75.0,-1.7318593500236372,9.511279046969264,5.800864120244018,11.274475174442278,0.13938203897657608,True,walking_dual_task,P01,0,0.0
2026-04-01T14:05:26.540514,1934.779014183594,95741,70.0,-1.9158952069113364,9.60472530631932,5.746368556607252,11.355269888561923,0.08079471411964434,True,walking_dual_task,P01,0,0.0
2026-04-01T14:05:26.659697,1904.532584063975,95741,76.0,-1.6161458166652536,9.597695877308812,5.824472817489403,11.342494304856764,0.012775583705158411,True,walking_dual_task,P01,0,0.0
2026-04-01T14:05:26.660262,1870.4360438243527,95775,87.0,-2.573781057491422,7.686570845251174,4.739947581492248,9.39014501305817,1.952349291798594,True,walking_dual_task,P01,0,0.0
2026-04-01T14:05:26.660700,1914.1602636841992,95775,59.0,-2.7389526118677523,7.300054728357693,4.424428547381323,8.964832871724798,0.4253121413333716,True,walking_dual_task,P01,0,0.0
2026-04-01T14:05:26.662598,1972.6673013787956,95817,80.0,-2.446773236605422,7.989040417473816,4.6180446175798995,9.546612077242767,0.581779205517968,True,walking_dual_task,P01,0,0.0
2026-04-01T14:05:26.663132,1904.8330326889597,95817,89.0,-2.547345972973544,7.878626669630417,4.506874279193764,9.427281977001352,0.11933010024141488,True,walking_dual_task,P01,0,0.0
2026-04-01T14:05:26.663545,1963.0330323927067,95824,89.0,-2.3972256120657516,8.294388515179543,4.6251423219835255,9.794667578559748,0.3673856015583965,True,walking_dual_task,P01,0,0.0
2026-04-01T14:05:26.720053,1957.6342193283986,95824,64.0,-2.5433845154975385,8.34903960605883,4.492823966718096,9.816350357089346,0.021682778529598323,True,walking_dual_task,P01,0,0.0
2026-04-01T14:05:26.721291,1844.7347021807518,95832,120.0,-2.6419853431218714,8.485113374260678,4.5689464314824,9.992622629774626,0.17627227268527967,True,walking_dual_task,P01,0,0.0
2026-04-01T14:05:26.721332,1913.8523167742335,95832,65.0,-2.5912378325956538,8.573959736193869,4.619655230295303,10.078120534590932,0.08549790481630559,True,walking_dual_task,P01,0,0.0
2026-04-01T14:05:26.780035,1833.96893242246,95862,94.0,-2.860739154162979,8.914383038438583,4.262173449661295,10.286698983598201,0.20857844900726974,True,walking_dual_task,P01,0,0.0
2026-04-01T14:05:26.780549,1846.4949975226284,95862,54.0,-2.9505452893783906,8.853738612451743,4.442636727913301,10.335928889969015,0.04922990637081348,True,walking_dual_task,P01,0,0.0
2026-04-01T14:05:26.780579,1846.7187794363658,95914,50.0,-2.757826724727485,9.407417834625829,4.7168754983296,10.879063977456854,0.5431350874878387,True,walking_dual_task,P01,0,0.0
2026-04-01T14:05:26.839821,1909.2272845037203,95914,65.0,-2.9455986811966124,9.621110039359795,4.556221425712853,11.04542727377542,0.1663632963185666,True,walking_dual_task,P01,0,0.0
2026-04-01T14:05:26.840764,1965.7902345120197,95955,50.0,-2.6233010912400854,9.518761392499536,5.262309860406169,11.188406147864365,0.1429788740889446,True,walking_dual_task,P01,0,0.0
2026-04-01T14:05:26.841174,1839.0218969202997,95955,85.0,-2.478530450863982,9.273996299538068,5.437534400094311,11.03253828055515,0.1558678673092153,True,walking_dual_task,P01,0,0.0
2026-04-01T14:05:26.899696,1877.3721894474659,95978,77.0,-2.5084314318614447,9.2746717198948,5.230935000043979,10.939581561232217,0.09295671932293281,True,walking_dual_task,P01,0,0.0
2026-04-01T14:05:26.900308,1935.3271270359016,95978,71.0,-2.0538965953434127,9.955608378820042,6.0017427278289475,11.80481025632529,0.865228695093073,True,walking_dual_task,P01,0,0.0
2026-04-01T14:05:26.900869,1882.206180307684,96026,82.0,-2.057719846042639,10.036299507104689,6.13508607379628,11.941557682898685,0.136747426573395,True,walking_dual_task,P01,0,0.0
2026-04-01T14:05:26.960357,1852.471051090038,96026,79.0,-0.5569161467559044,11.55587282087556,7.410189525473744,13.738968704026105,1.7974110211274201,True,walking_dual_task,P01,0,0.0
2026-04-01T14:05:26.960686,1833.963874270706,96046,98.0,-0.4462200230574119,11.443931884564691,7.324712394425616,13.594635006081846,0.14433369794425843,True,walking_dual_task,P01,0,0.0
2026-04-01T14:05:26.960929,1929.3615890360327,96046,65.0,-0.0443149047273117,11.350242250464893,8.165773001691255,13.982482314316337,0.3878473082344911,True,walking_dual_task,P01,0,0.0
2026-04-01T14:05:27.019715,1840.1519884467336,96033,85.0,-0.15086336006058293,11.593664677668391,8.115051440054815,14.15238072856861,0.16989841425227326,True,walking_dual_task,P01,0,0.0
2026-04-01T14:05:27.020209,1858.9854865861132,96033,55.0,-0.14481426068897674,11.572062940330529,8.110398424461229,14.131955790638935,0.02042493792967548,True,walking_dual_task,P01,0,0.0
2026-04-01T14:05:27.020556,1940.4069975625043,96041,50.0,0.05086569821017443,11.013178974158171,8.051807188275543,13.642737900922224,0.489217889716711,True,walking_dual_task,P01,0,0.0
2026-04-01T14:05:27.079630,1881.712239613272,96041,95.0,-0.07404992811594004,11.036065486594074,7.928006136797389,13.588727170759737,0.05401073016248681,True,walking_dual_task,P01,0,0.0
2026-04-01T14:05:27.080300,1867.7882349313065,96002,84.0,0.03901538830776112,9.534907367844612,8.074940783973208,12.49482490387825,1.0939022668814875,True,walking_dual_task,P01,0,0.0
2026-04-01T14:05:27.080856,1845.6885609994017,96002,106.0,0.1566238278709712,7.880669008003705,7.636164566011057,10.974538000133304,1.520286903744946,True,walking_dual_task,P01,0,0.0
2026-04-01T14:05:27.139583,1874.0110206098047,95819,50.0,0.31486811902854295,7.817703803932731,7.486629692700027,10.828908479344655,0.1456295207886491,True,walking_dual_task,P01,0,0.0
2026-04-01T14:05:27.139901,1886.7498104902613,95819,109.0,0.3640418431968557,6.481534967791143,6.697974503215769,9.327683766510635,1.50122471283402,True,walking_dual_task,P01,0,0.0
2026-04-01T14:05:27.140636,1825.7145592293427,95720,64.0,0.29272196602012557,6.317493480398251,6.549124402359162,9.104253976127938,0.2234297903826974,True,walking_dual_task,P01,0,0.0
2026-04-01T14:05:27.199997,1845.2558206043348,95720,123.0,-0.13373392603252265,5.673335091612762,5.719591572964627,8.057192041041645,1.0470619350862922,True,walking_dual_task,P01,0,0.0
2026-04-01T14:05:27.200053,1823.4509303923876,95711,66.0,-0.11879353559300165,5.842196189428439,5.620743647886515,8.107905239648986,0.05071319860734036,True,walking_dual_task,P01,0,0.0
2026-04-01T14:05:27.200588,1904.6581353440347,95711,70.0,0.3536117195948961,5.887555992300536,5.003648174131828,7.734652665841019,0.3732525738079664,True,walking_dual_task,P01,0,0.0
2026-04-01T14:05:27.259251,1895.841630510056,95743,81.0,0.8394409144328977,5.392464735379228,4.602336169351717,7.138965974625145,0.5956866912158745,True,walking_dual_task,P01,0,0.0
2026-04-01T14:05:27.260564,1846.936162929033,95743,89.0,0.7708464469985388,5.432751998280777,4.605339938047104,7.16366906442821,0.024703089803065126,True,walking_dual_task,P01,0,0.0
2026-04-01T14:05:27.379733,1787.4292300189281,95763,105.0,0.6244440879153806,4.820007103652483,4.495648286778211,6.620668577764993,0.5430004866632165,True,walking_dual_task,P01,0,0.0
2026-04-01T14:05:27.381101,1917.9604653215697,95763,75.0,0.6158511122805841,4.642413105389884,4.532868628428483,6.517527908354831,0.10314066941016264,True,walking_dual_task,P01,0,0.0
2026-04-01T14:05:27.381670,1882.0325938117842,95798,84.0,0.7163937496005925,4.322471810260146,4.390390927571129,6.202621627333019,0.31490628102181173,True,walking_dual_task,P01,0,0.0
2026-04-01T14:05:27.381939,1813.9181349441121,95798,111.0,0.5353617956119678,4.3153091701055715,4.42075598784552,6.200934525526788,0.0016871018062314391,True,walking_dual_task,P01,0,0.0
2026-04-01T14:05:27.382202,1810.0565111202857,95800,96.0,0.6672432026405898,4.1255467205157705,4.471320390230873,6.1202986256164715,0.08063589991031606,True,walking_dual_task,P01,0,0.0
2026-04-01T14:05:27.382784,1766.7412799571068,95800,67.0,0.545834483471354,4.0605551865950815,4.450221901718224,6.049009727324235,0.07128889829223617,True,walking_dual_task,P01,0,0.0
2026-04-01T14:05:27.439806,1876.0946027922291,95760,103.0,0.4301260252123611,4.168419263948689,4.580233349781774,6.2080000882793716,0.1589903609551362,True,walking_dual_task,P01,0,0.0
2026-04-01T14:05:27.440361,1869.2693251999262,95760,101.0,0.48519989161934696,4.125913576705922,4.464205221865047,6.098172680418359,0.10982740786101264,True,walking_dual_task,P01,0,0.0
2026-04-01T14:05:27.440955,1880.6503770362758,95712,90.0,0.6058860073525674,4.263917546646098,4.566480514823963,6.277008442782998,0.17883576236463927,True,walking_dual_task,P01,0,0.0
2026-04-01T14:05:27.441047,1940.9531407735033,95712,65.0,0.7574864200898295,4.138108106620184,4.40309311169999,6.089741647146953,0.1872667956360452,True,walking_dual_task,P01,0,0.0
2026-04-01T14:05:27.499882,1931.7489810047366,95695,74.0,0.6032297041961258,4.037355834179686,4.543670652607935,6.108115192690779,0.018373545543825642,True,walking_dual_task,P01,0,0.0
2026-04-01T14:05:27.500219,1878.8449018140348,95695,50.0,0.5604985108689617,4.116874847103729,4.608529650826866,6.204946625874559,0.09683143318378029,True,walking_dual_task,P01,0,0.0
2026-04-01T14:05:27.500632,1830.3927071249952,95658,102.0,0.6794007441637233,4.093076647265574,4.565270151303174,6.168999381256309,0.035947244618250274,True,walking_dual_task,P01,0,0.0
2026-04-01T14:05:27.560520,1857.5232852694028,95658,95.0,0.4912083939355347,3.9943607710781412,4.4983498350228315,6.035839203793507,0.13316017746280195,True,walking_dual_task,P01,0,0.0
2026-04-01T14:05:27.560890,1922.3150599033422,95644,94.0,0.31348187184415127,4.136891770220854,4.436770471278035,6.0742963886610495,0.03845718486754279,True,walking_dual_task,P01,0,0.0
2026-04-01T14:05:27.561253,1854.6944846450676,95644,79.0,0.44475769975198115,4.096349382370576,4.499380552107225,6.1010091809976155,0.026712792336565983,True,walking_dual_task,P01,0,0.0
2026-04-01T14:05:27.620243,1969.4263770112645,95683,78.0,0.5334196872990115,4.231739359526702,4.426289914338735,6.146885144163867,0.04587596316625131,True,walking_dual_task,P01,0,0.0
2026-04-01T14:05:27.620782,1989.3455443139303,95683,57.0,-0.7103663049682396,12.093792041240752,7.067827482584017,14.025641216984779,7.878756072820912,True,walking_dual_task,P01,0,0.0
2026-04-01T14:05:27.679204,1995.1723103435606,95713,53.0,-0.7354452795969698,11.953309222036005,7.0338693575111755,13.888765217089212,0.1368759998955671,True,walking_dual_task,P01,0,0.0
2026-04-01T14:05:27.679831,1858.2812973323323,95713,76.0,-2.2005391411270336,11.929512874351015,6.161762010809117,13.605989894483574,0.2827753226056373,True,walking_dual_task,P01,0,0.0
2026-04-01T14:05:27.680334,1898.587169330022,95688,105.0,-2.118727919587822,11.624059204745823,6.317358890978629,13.398387356324037,0.20760253815953789,True,walking_dual_task,P01,0,0.0
2026-04-01T14:05:27.680978,1937.4715148296864,95688,67.0,-3.2833466266504683,10.963558534838802,4.879387860268508,12.44139890480606,0.9569884515179758,True,walking_dual_task,P01,0,0.0
2026-04-01T14:05:27.739806,1852.8981785924354,95675,70.0,-3.239904103571035,10.641843795468215,4.9830123456395485,12.189184960623,0.25221394418306,True,walking_dual_task,P01,0,0.0
2026-04-01T14:05:27.740421,1830.9601566113977,95675,68.0,-3.6778396977141474,9.740757835658671,3.8574312172851246,11.103541941701021,1.0856430189219797,True,walking_dual_task,P01,0,0.0
2026-04-01T14:05:27.741257,1917.138952910137,95672,90.0,-3.2635724508721102,9.774967713912968,4.319851611470525,11.174167391589263,0.07062544988824193,True,walking_dual_task,P01,0,0.0
2026-04-01T14:05:27.799566,1925.421789207058,95672,75.0,-3.4023552230760203,9.851059885270873,4.350624361551632,11.29368559251196,0.1195182009226965,True,walking_dual_task,P01,0,0.0
2026-04-01T14:05:27.799948,1842.6743230924328,95535,90.0,-3.594168938437675,10.198113031456154,5.456403755637753,12.111643228931564,0.8179576364196048,True,walking_dual_task,P01,0,0.0
2026-04-01T14:05:27.800196,1851.9376956766812,95535,72.0,-3.553753240455641,10.179484268315948,5.332828598257071,12.0287207516564,0.08292247727516511,True,walking_dual_task,P01,0,0.0
2026-04-01T14:05:27.859582,1865.4400055326116,95379,84.0,-3.33512772120835,10.106341697178229,5.2328606597066125,11.859344421206464,0.1693763304499356,True,walking_dual_task,P01,0,0.0
2026-04-01T14:05:27.860307,1950.2916494904762,95379,101.0,-3.308734586434126,9.120452671739379,4.020293286631862,10.502054066297726,1.3572903549087378,True,walking_dual_task,P01,0,0.0
2026-04-01T14:05:27.861005,1934.3785138436438,95326,91.0,-3.458538691523147,8.971881424720689,4.042889368384102,10.430776606993556,0.07127745930417007,True,walking_dual_task,P01,0,0.0
2026-04-01T14:05:27.919786,1886.1811630623965,95326,84.0,-3.58157568922424,8.056843668475388,3.2116860823495843,9.383780784281571,1.0469958227119847,True,walking_dual_task,P01,0,0.0
2026-04-01T14:05:27.920303,1768.1721766731443,95394,86.0,-3.600390964339831,8.008384866161338,2.9723725907625433,9.269953725827238,0.1138270584543335,True,walking_dual_task,P01,0,0.0
2026-04-01T14:05:27.920715,1967.021911293811,95394,82.0,-3.459906049542465,7.699395045803806,2.752342081113998,8.878458248732134,0.3914954770951038,True,walking_dual_task,P01,0,0.0
2026-04-01T14:05:27.979320,1763.3779511963735,95481,62.0,-3.477020722023483,7.8023961626749365,2.767320443174009,8.979149259028611,0.10069101029647776,True,walking_dual_task,P01,0,0.0
2026-04-01T14:05:27.979958,1874.5787291055842,95481,75.0,-3.409142377484518,8.43120682985115,2.683558697921067,9.482034994813997,0.5028857357853855,True,walking_dual_task,P01,0,0.0
2026-04-01T14:05:27.980739,1886.3840094690433,95548,73.0,-3.1518114940336375,8.846829127391539,3.122845694416317,9.897093842857124,0.4150588480431274,True,walking_dual_task,P01,0,0.0
2026-04-01T14:05:28.039874,1921.078509725408,95548,58.0,-3.298644324976069,8.84149131946105,3.095557424408944,9.931540610731814,0.034446767874689144,True,walking_dual_task,P01,0,0.0
2026-04-01T14:05:28.040565,1937.56978560629,95567,66.0,-3.169632335636594,8.987596890238514,3.573396430501056,10.178046426208509,0.24650581547669503,True,walking_dual_task,P01,0,0.0
2026-04-01T14:05:28.041005,1869.265422641302,95567,76.0,-3.0583518199028874,9.052643796181714,3.3386459796103765,10.121780106879378,0.056266319329131065,True,walking_dual_task,P01,0,0.0
2026-04-01T14:05:28.099614,1838.1930096323324,95580,67.0,-3.3847717640156634,8.801386499016862,3.9382903408231105,10.219159212389961,0.09737910551058349,True,walking_dual_task,P01,0,0.0
2026-04-01T14:05:28.100022,1957.3001129566078,95580,97.0,-3.556244535837751,8.91181941776413,3.8837548938944297,10.351374430932474,0.1322152185425125,True,walking_dual_task,P01,0,0.0
2026-04-01T14:05:28.159428,1798.0432497535214,95610,100.0,-3.4578871634338024,8.803457652838393,4.39504391623517,10.429489983023855,0.07811555209138099,True,walking_dual_task,P01,0,0.0
2026-04-01T14:05:28.159872,1893.1184718883137,95610,83.0,-3.135980948990315,8.749876369675068,4.749586607703327,10.438069071485547,0.008579088461692308,True,walking_dual_task,P01,0,0.0
2026-04-01T14:05:28.160464,1952.6947129490693,95662,50.0,-3.238795769712241,8.730655949149313,4.9523083645784425,10.5470142447138,0.10894517322825337,True,walking_dual_task,P01,0,0.0
2026-04-01T14:05:28.219962,1907.5752595731794,95662,87.0,-3.1316894739115426,8.791845836264306,5.061706925955159,10.617198744203144,0.07018449948934347,True,walking_dual_task,P01,0,0.0
2026-04-01T14:05:28.220665,1862.8724455689721,95693,80.0,-3.05111587040177,8.953621475795147,5.215715370317596,10.801867079843412,0.18466833564026786,True,walking_dual_task,P01,0,0.0
2026-04-01T14:05:28.221337,1869.2621953698945,95693,91.0,-2.9157890831276583,8.543646891380408,5.172945766385653,10.404570922620875,0.3972961572225362,True,walking_dual_task,P01,0,0.0
2026-04-01T14:05:28.221370,1946.3893093774443,95642,103.0,-2.992879307860075,8.591535591087244,5.200893288841968,10.47955635350358,0.07498543088270537,True,walking_dual_task,P01,0,0.0
2026-04-01T14:05:28.279571,1794.798324027406,95642,63.0,-3.002513005075373,8.519848453791075,5.398936603925001,10.523849983462048,0.04429362995846731,True,walking_dual_task,P01,0,0.0
2026-04-01T14:05:28.280222,1872.2442736065977,95686,65.0,-2.4241970203368672,9.765655271561524,6.3118293326205475,11.877876224330539,1.3540262408684907,True,walking_dual_task,P01,0,0.0
2026-04-01T14:05:28.280910,1835.8742722864354,95686,92.0,-2.41339007300093,9.834668882837512,6.514998347365336,12.04119458964454,0.16331836531400157,True,walking_dual_task,P01,0,0.0
2026-04-01T14:05:28.399540,1839.7670744894808,95714,95.0,-1.8906963678882927,10.517290219865675,7.49531360194825,13.052503679983339,1.0113090903387985,True,walking_dual_task,P01,0,0.0
2026-04-01T14:05:28.400223,1930.0703166820133,95714,90.0,-1.9916867892778696,9.006667492674527,6.680310485199873,11.389180118377944,1.6633235616053952,True,walking_dual_task,P01,0,0.0
2026-04-01T14:05:28.400737,1867.700378231084,95725,90.0,-1.8791886323958062,8.968331037529493,6.742389229242245,11.37638448864323,0.012795629734712932,True,walking_dual_task,P01,0,0.0
2026-04-01T14:05:28.401649,1836.731801319932,95725,102.0,-1.8035944465309814,8.912927502717357,6.715267601852304,11.304337599379279,0.07204688926395164,True,walking_dual_task,P01,0,0.0
2026-04-01T14:05:28.401902,1908.3437721100454,95797,69.0,-1.957237467659782,8.899199042975571,6.773343923377728,11.353621008985044,0.04928340960576527,True,walking_dual_task,P01,0,0.0
2026-04-01T14:05:28.402232,1951.0690953043338,95797,100.0,-1.9265989380978537,9.08244902173229,6.810416823733746,11.514531732278185,0.16091072329314038,True,walking_dual_task,P01,0,0.0
2026-04-01T14:05:28.459773,1882.2677124414113,95804,92.0,-1.9755980013803665,9.023700280876621,6.659702891666605,11.387791569370396,0.12674016290778845,True,walking_dual_task,P01,0,0.0
2026-04-01T14:05:28.460505,1803.0526515652502,95804,54.0,-1.8878269487561248,8.839649782796146,6.835141371286991,11.33236323263673,0.05542833673366587,True,walking_dual_task,P01,0,0.0
2026-04-01T14:05:28.460535,1894.713174932518,95636,96.0,-1.993509703117038,8.80778207813589,6.830452829033719,11.322817313814099,0.00954591882263145,True,walking_dual_task,P01,0,0.0
2026-04-01T14:05:28.519694,1887.1216147799282,95636,106.0,-1.9681276050355576,9.09504027036361,6.732788819179848,11.485805547409896,0.16298823359579728,True,walking_dual_task,P01,0,0.0
2026-04-01T14:05:28.579759,1910.9801869099285,95547,119.0,-1.975468848078077,8.901030417769558,6.864001255841085,11.41250773966764,0.07329780774225547,True,walking_dual_task,P01,0,0.0
2026-04-01T14:05:28.580174,1901.8171487495226,95547,83.0,-2.0628430393919133,8.993229628968935,6.766821334482941,11.442175122648049,0.029667382980408163,True,walking_dual_task,P01,0,0.0
2026-04-01T14:05:28.580677,1864.7676489001735,95568,66.0,-1.9290131911619963,8.89608687571878,6.764447307667751,11.341040559411926,0.10113456323612269,True,walking_dual_task,P01,0,0.0
2026-04-01T14:05:28.581708,1833.6649522344392,95568,95.0,-1.8527330768093309,8.87229494780563,6.716088452080096,11.280783731236243,0.06025682817568345,True,walking_dual_task,P01,0,0.0
2026-04-01T14:05:28.581741,1928.2970706015094,95615,74.0,-1.8374271348498339,8.826367361990288,6.766846058787977,11.27258199650924,0.008201734727002474,True,walking_dual_task,P01,0,0.0
2026-04-01T14:05:28.639882,1905.6685728570915,95615,65.0,-2.159948110825022,5.217415502011322,3.915416556756955,6.871483622552784,4.401098373956456,True,walking_dual_task,P01,0,0.0
2026-04-01T14:05:28.640573,1925.4483254992529,95692,82.0,-2.155634235867332,5.1974029935314245,3.906455689770798,6.8498286761170455,0.02165494643573851,True,walking_dual_task,P01,0,0.0
2026-04-01T14:05:28.641051,1891.8153703676192,95692,91.0,-1.5669216493130342,5.489314057269524,4.304136944368068,7.14936410531012,0.2995354291930745,True,walking_dual_task,P01,0,0.0
2026-04-01T14:05:28.699779,1851.9176512700196,95712,81.0,-1.6013870457925452,5.290331646838674,4.259727194930134,6.978346880114396,0.17101722519572427,True,walking_dual_task,P01,0,0.0
2026-04-01T14:05:28.699832,1895.7384824454773,95712,75.0,-1.7273127954559249,5.774675502083354,4.196728417648978,7.344590938861734,0.36624405874733856,True,walking_dual_task,P01,0,0.0
2026-04-01T14:05:28.700195,1946.094020898179,95711,81.0,-2.0283547190265114,6.485544100896622,4.481696127319567,8.140153888502557,0.7955629496408223,True,walking_dual_task,P01,0,0.0
2026-04-01T14:05:28.759272,1801.5989620476307,95711,68.0,-2.1108978238738145,6.213559180955648,4.523168740194201,7.97014822762685,0.1700056608757068,True,walking_dual_task,P01,0,0.0
2026-04-01T14:05:28.759949,1934.4194632318188,95713,74.0,-2.492749494507587,6.961075798019737,4.93780547705129,8.89113599251196,0.920987764885111,True,walking_dual_task,P01,0,0.0
2026-04-01T14:05:28.760408,1867.7883333662946,95713,83.0,-2.40600833043722,6.875751228624285,4.867116154332379,8.76091608816252,0.13021990434944009,True,walking_dual_task,P01,0,0.0
2026-04-01T14:05:28.819528,1882.8090964521923,95729,67.0,-2.664841041952273,7.020389999314592,4.920406661064203,8.977619686286259,0.21670359812373796,True,walking_dual_task,P01,0,0.0
2026-04-01T14:05:28.820170,1827.3488911733343,95729,77.0,-2.685216853803941,6.934818188248194,4.939969684028308,8.927787706656641,0.049831979629617607,True,walking_dual_task,P01,0,0.0
2026-04-01T14:05:28.820671,1895.8423397793445,95778,50.0,-2.9859761601446926,7.343146615042076,4.5135152800976375,9.121933787450509,0.19414608079386753,True,walking_dual_task,P01,0,0.0
2026-04-01T14:05:28.879790,1935.1741662435966,95778,54.0,-3.4064577122134616,8.324950785922523,4.979147067820997,10.28108288343796,1.159149095987452,True,walking_dual_task,P01,0,0.0
2026-04-01T14:05:28.880572,1905.7987900848095,95886,94.0,-3.3485934069071823,8.375780033517037,5.0388120983073765,10.332298695677244,0.051215812239282954,True,walking_dual_task,P01,0,0.0
2026-04-01T14:05:28.881039,1857.694727879374,95886,85.0,-3.6307116466088765,8.11994739358275,5.005549656205528,10.20642641163458,0.12587228404266426,True,walking_dual_task,P01,0,0.0
2026-04-01T14:05:28.939721,1791.8610737324482,95982,85.0,-3.8348540161975744,8.098496985302535,4.94694473934525,10.235429693014192,0.02900328137961239,True,walking_dual_task,P01,0,0.0
2026-04-01T14:05:28.940742,1903.826091624537,95982,51.0,-3.292326359302009,8.492452746533328,5.136073907844818,10.45659704182487,0.22116734881067757,True,walking_dual_task,P01,0,0.0
2026-04-01T14:05:28.941276,1797.9681245928973,96045,117.0,-2.1708288296917466,9.428673360399696,5.667862476075441,11.213253060224574,0.7566560183997044,True,walking_dual_task,P01,0,0.0
2026-04-01T14:05:28.999201,1932.320070392672,96045,89.0,-2.2827844372284467,9.47994788277269,5.87927458913623,11.386236706717536,0.1729836464929626,True,walking_dual_task,P01,0,0.0
2026-04-01T14:05:28.999739,1874.9003406356032,96052,86.0,-1.8976670408070235,9.761517605483155,5.9183011027770895,11.57214993434908,0.18591322763154317,True,walking_dual_task,P01,0,0.0
2026-04-01T14:05:29.000226,1827.5455460272271,96052,85.0,-1.9254825855763409,9.661650886568797,5.747375976983789,11.405582477984355,0.16656745636472436,True,walking_dual_task,P01,0,0.0
2026-04-01T14:05:29.119681,1870.5089508894428,96023,98.0,-2.920321615843439,8.570246651026228,5.243170914667723,10.46270745265327,0.9428750253310856,True,walking_dual_task,P01,0,0.0
2026-04-01T14:05:29.119855,1959.7064602116386,96023,62.0,-3.3164127659790648,7.7319855386410685,5.2644365704849445,9.924539606891738,0.5381678457615315,True,walking_dual_task,P01,0,0.0
2026-04-01T14:05:29.120505,1887.1805257134,96067,83.0,-3.114853125626553,7.588511935643277,5.282361031647897,9.756595792606056,0.16794381428568173,True,walking_dual_task,P01,0,0.0
2026-04-01T14:05:29.120978,1812.9632178166694,96067,95.0,-2.6423842933935457,6.883546866125482,5.736482871146632,9.341983084071474,0.4146127085345821,True,walking_dual_task,P01,0,0.0
2026-04-01T14:05:29.121301,1872.1519214785837,96141,81.0,-2.6313501953588454,6.746540257931131,5.851769770316016,9.310371568701479,0.0316115153699954,True,walking_dual_task,P01,0,0.0
2026-04-01T14:05:29.122451,1837.9567725435209,96141,97.0,-2.732533615347087,6.877709630838416,6.112999290877795,9.598874416065758,0.28850284736427945,True,walking_dual_task,P01,0,0.0
2026-04-01T14:05:29.179704,1919.7817206902328,96117,117.0,-2.5088587758512015,7.892789126175949,6.250415389115954,10.375846234594286,0.7769718185285281,True,walking_dual_task,P01,0,0.0
2026-04-01T14:05:29.180316,1950.1188940410966,96117,65.0,-2.5743378192428112,7.914116578097333,6.260178677332756,10.413947065903042,0.03810083130875519,True,walking_dual_task,P01,0,0.0
2026-04-01T14:05:29.180351,1885.7444716293433,95991,70.0,-3.2210734339652873,9.126389085248542,6.086818010299327,11.433094300881319,1.019147234978277,True,walking_dual_task,P01,0,0.0
2026-04-01T14:05:29.240230,1944.6752512557234,95991,60.0,-3.255668301655958,9.154607773172527,6.126206419064208,11.486366904292312,0.053272603410993824,True,walking_dual_task,P01,0,0.0
2026-04-01T14:05:29.240658,1899.4569416710394,95931,63.0,-4.140260833377959,8.85251719475244,5.9979979653662046,11.466682172465072,0.019684731827240398,True,walking_dual_task,P01,0,0.0
2026-04-01T14:05:29.240997,1877.0686497675974,95931,74.0,-4.282750637234004,7.801883267193856,5.6133950435559266,10.522430301535191,0.9442518709298806,True,walking_dual_task,P01,0,0.0
2026-04-01T14:05:29.299836,1846.7113232084912,95942,83.0,-4.223823337421791,7.894626240504772,5.667072178203144,10.596297189866826,0.07386688833163468,True,walking_dual_task,P01,0,0.0
2026-04-01T14:05:29.300378,1831.6864758441725,95942,69.0,-4.027204410111503,6.797761579859975,5.0160269419768895,9.358870879549515,1.2374263103173107,True,walking_dual_task,P01,0,0.0
2026-04-01T14:05:29.300877,1851.6027742909619,95993,97.0,-4.017892988702433,6.808326990280593,5.125956880913092,9.421900785946944,0.06302990639742845,True,walking_dual_task,P01,0,0.0
2026-04-01T14:05:29.359885,1966.6391762081362,95993,97.0,-3.9778574469381023,6.816640763799047,5.019851621269076,9.353547533979048,0.06835325196789555,True,walking_dual_task,P01,0,0.0
2026-04-01T14:05:29.360528,1922.890938393422,96053,92.0,-3.4690297269498607,7.070904384294543,4.603473493613549,9.122709261217315,0.23083827276173352,True,walking_dual_task,P01,0,0.0
2026-04-01T14:05:29.361027,1926.4178397958938,96053,72.0,-3.617952894841196,7.092481155295362,4.677954050457414,9.234507360206095,0.11179809898878013,True,walking_dual_task,P01,0,0.0
2026-04-01T14:05:29.419455,1877.4315366198496,96085,82.0,-3.6183003144036263,6.964330748261781,4.7464087912203645,9.1718262276262,0.06268113257989505,True,walking_dual_task,P01,0,0.0
2026-04-01T14:05:29.420081,1905.8540390862622,96085,57.0,-3.4277926957713385,6.918233346838101,4.762661940242489,9.071640654452777,0.10018557317342314,True,walking_dual_task,P01,0,0.0
2026-04-01T14:05:29.420120,1860.1828901283257,96099,59.0,-3.4286374300774027,6.928820991400069,4.740521657394598,9.068443115663307,0.0031975387894700447,True,walking_dual_task,P01,0,0.0
2026-04-01T14:05:29.479653,1930.0278329581904,96099,74.0,-3.6218693031722826,7.031229007252468,4.721498248333278,9.211333470823018,0.14289035515971094,True,walking_dual_task,P01,0,0.0
2026-04-01T14:05:29.480094,1778.729467379769,96111,78.0,-3.5845670325921883,6.944452337285819,4.80698079109961,9.175053318754168,0.0362801520688496,True,walking_dual_task,P01,0,0.0
2026-04-01T14:05:29.480636,1951.182116909889,96111,60.0,-3.5074596136341487,6.951132347933236,4.707310303426702,9.098312159543967,0.07674115921020075,True,walking_dual_task,P01,0,0.0
2026-04-01T14:05:29.539959,1850.010439489517,96134,95.0,-3.547336110547102,6.990856141544912,4.840154018167249,9.213183705568245,0.1148715460242773,True,walking_dual_task,P01,0,0.0
2026-04-01T14:05:29.540555,1887.3339267489428,96134,58.0,-3.5175410189143963,6.965896516949002,4.907474467055218,9.21846596508261,0.005282259514364895,True,walking_dual_task,P01,0,0.0
2026-04-01T14:05:29.541061,1889.3064924494468,96160,50.0,-3.548732703974754,7.001022483769548,4.6715527513416015,9.13406945074724,0.08439651433536888,True,walking_dual_task,P01,0,0.0
2026-04-01T14:05:29.599898,1927.6361894821134,96160,93.0,-3.50258834811032,6.981682351868565,4.752955255868145,9.14344559031199,0.009376139564748698,True,walking_dual_task,P01,0,0.0
2026-04-01T14:05:29.600013,1740.0631567688417,96180,82.0,-3.4758875333103445,7.080497670308321,4.766715933309718,9.216117522706217,0.07267193239422731,True,walking_dual_task,P01,0,0.0
2026-04-01T14:05:29.600416,1880.9124400009807,96180,65.0,-4.15756491602406,9.02002052738843,4.122765578023702,10.75375805738626,1.537640534680044,True,walking_dual_task,P01,0,0.0
2026-04-01T14:05:29.659486,1936.5426940313944,96209,50.0,-4.284619730330367,9.11148512838374,4.1110847447811505,10.87557562876865,0.12181757138238858,True,walking_dual_task,P01,0,0.0
2026-04-01T14:05:29.719393,1855.5624889535584,96209,91.0,-3.8948833220429173,8.647942922973087,4.4456087822152694,10.474753951088202,0.4008216776804474,True,walking_dual_task,P01,0,0.0
2026-04-01T14:05:29.720277,1845.591342085479,96252,74.0,-4.0297184820728615,8.667489201891179,4.647727591479016,10.628516917907932,0.15376296681973045,True,walking_dual_task,P01,0,0.0
2026-04-01T14:05:29.720314,1875.1668253628386,96252,91.0,-3.8440358074589698,8.97208248445827,6.049515712845999,11.483532372790188,0.8550154548822562,True,walking_dual_task,P01,0,0.0
2026-04-01T14:05:29.720954,1905.2282543836507,96288,73.0,-3.5945761535056198,10.164230370303864,7.831697132859612,13.325465722622987,1.8419333498327983,True,walking_dual_task,P01,0,0.0
2026-04-01T14:05:29.721544,1896.8107762291042,96288,92.0,-2.4300717533865472,10.244053404180754,7.663181412605358,13.02191338616621,0.30355233645677693,True,walking_dual_task,P01,0,0.0
2026-04-01T14:05:29.779484,1862.553257089342,96286,83.0,-1.9638252246438892,9.33823227537533,7.5801543322258444,12.186793312523658,0.8351200736425515,True,walking_dual_task,P01,0,0.0
2026-04-01T14:05:29.780693,1769.010334220863,96286,58.0,-1.719052531824316,9.298488692997688,7.542981730701013,12.096016161144409,0.09077715137924969,True,walking_dual_task,P01,0,0.0
2026-04-01T14:05:29.781139,1898.0650967438537,96296,53.0,-2.1596579046222826,8.139320264246114,6.3915696346071575,10.571888148433903,1.5241280127105057,True,walking_dual_task,P01,0,0.0
2026-04-01T14:05:29.840165,1790.696705992997,96296,88.0,-2.2428014224798214,8.242608662559462,6.262673477696264,10.592064712463667,0.02017656402976442,True,walking_dual_task,P01,0,0.0
2026-04-01T14:05:29.840802,1900.3009088175465,96237,66.0,-1.7306773610043993,8.917578638877885,6.372648941400413,11.096355592661768,0.5042908801981003,True,walking_dual_task,P01,0,0.0
2026-04-01T14:05:29.841269,1783.5346393797397,96237,100.0,-0.9546036229644969,9.463158070189893,7.138147740728306,11.891836775992246,0.7954811833304785,True,walking_dual_task,P01,0,0.0
2026-04-01T14:05:29.899809,1811.2813133088473,96117,74.0,-0.7946687394506509,9.381433176369926,7.047080078479811,11.760277398116996,0.1315593778752504,True,walking_dual_task,P01,0,0.0
2026-04-01T14:05:29.900396,1826.204804990228,96117,50.0,-1.325502657889373,8.884091820165603,6.851896386818365,11.29745674304176,0.4628206550752356,True,walking_dual_task,P01,0,0.0
2026-04-01T14:05:29.900825,1862.5089588796886,96066,50.0,-1.3762004166304476,8.705567277658414,6.874389167346967,11.177569308069984,0.11988743497177623,True,walking_dual_task,P01,0,0.0
2026-04-01T14:05:29.959952,1889.1093123329454,96066,111.0,-2.282116682334132,7.241769784437823,6.110573888768928,9.746301832628056,1.4312674754419277,True,walking_dual_task,P01,0,0.0
2026-04-01T14:05:29.960023,1913.2605677998877,96076,95.0,-2.2135788907433858,5.947993312663767,5.193984527915067,8.200977455721892,1.545324376906164,True,walking_dual_task,P01,0,0.0
2026-04-01T14:05:29.960617,1804.9790494674016,96076,106.0,-2.13361809081546,6.150482084208922,5.140145881511815,8.29468840336108,0.09371094763918819,True,walking_dual_task,P01,0,0.0
2026-04-01T14:05:30.019122,1877.5393770172727,96116,86.0,-1.683900013555419,4.772027438396023,3.9504084599938096,6.419773526320622,1.8749148770404584,True,walking_dual_task,P01,0,0.0
2026-04-01T14:05:30.020163,1894.8278957379707,96116,90.0,-1.710275156254139,4.870362901223175,4.00729943302268,6.5348239949990266,0.11505046867840463,True,walking_dual_task,P01,0,0.0
2026-04-01T14:05:30.020500,1844.9252430862168,96148,84.0,-1.6255477087174361,4.6594957525496925,3.603210251944928,6.110354338421477,0.42446965657754987,True,walking_dual_task,P01,0,0.0
2026-04-01T14:05:30.139791,1838.1059256070962,96148,101.0,-1.289370259070852,4.878929258009902,3.826343936701274,6.3330351563505545,0.2226808179290778,True,walking_dual_task,P01,0,0.0
2026-04-01T14:05:30.140541,1868.7667559428237,96137,67.0,-1.11825304055883,4.802906988807678,3.886898062415324,6.279043076254908,0.0539920800956466,True,walking_dual_task,P01,0,0.0
2026-04-01T14:05:30.141064,1833.2430528942061,96137,73.0,-1.4088290109393737,5.096298189867589,4.226449229648237,6.76904184600053,0.48999876974562184,True,walking_dual_task,P01,0,0.0
2026-04-01T14:05:30.141558,1971.8912282219542,96107,96.0,-1.763048419911524,5.280162898126379,4.155421674956696,6.946653097600513,0.17761125159998326,True,walking_dual_task,P01,0,0.0
2026-04-01T14:05:30.142092,1790.9598919403272,96107,105.0,-1.6788959929329994,5.386943794863994,4.711891470465018,7.3511751736406845,0.40452207604017154,True,walking_dual_task,P01,0,0.0
2026-04-01T14:05:30.142778,1792.5280768998734,96114,105.0,-1.641889460656932,5.773105101317356,5.3752815085887935,8.057182808429348,0.706007634788663,True,walking_dual_task,P01,0,0.0
2026-04-01T14:05:30.199904,1851.1189877192294,96114,106.0,-1.597524661624248,5.737789632762839,5.20695391307788,7.9111746262647635,0.146008182164584,True,walking_dual_task,P01,0,0.0
2026-04-01T14:05:30.200187,1889.3076780592894,96116,79.0,-1.5926965635983394,6.333362624639818,5.931754875094179,8.822351181917782,0.911176555653018,True,walking_dual_task,P01,0,0.0
2026-04-01T14:05:30.200568,1821.15835537422,96116,87.0,-1.3994407077749413,6.381446203139909,5.914744756509664,8.812802929420636,0.009548252497145526,True,walking_dual_task,P01,0,0.0
2026-04-01T14:05:30.259533,1897.684437426105,96113,50.0,-1.0631872669806972,7.253437419680421,6.469607920944785,9.777451008143254,0.9646480787226182,True,walking_dual_task,P01,0,0.0
2026-04-01T14:05:30.259849,1862.1494422061023,96113,64.0,-1.015198350730161,7.3304185190730475,6.43569812484475,9.8073377483507,0.029886740207444973,True,walking_dual_task,P01,0,0.0
2026-04-01T14:05:30.260356,1836.8919982235443,96070,101.0,-1.3415977636558292,8.84878241538139,6.986677942556003,11.354052292781102,1.5467145444304027,True,walking_dual_task,P01,0,0.0
2026-04-01T14:05:30.319549,1977.6758387185464,96070,67.0,-1.1842599367669258,9.004102058418502,6.859138510652532,11.380865809970881,0.026813517189779645,True,walking_dual_task,P01,0,0.0
2026-04-01T14:05:30.320538,1889.3424329594407,95969,78.0,-1.9840286394630957,9.276548447453486,6.933423286982985,11.75002464749072,0.3691588375198389,True,walking_dual_task,P01,0,0.0
2026-04-01T14:05:30.321050,1798.6572254602345,95969,57.0,-1.8698062070950223,8.995345287784584,6.725527393629458,11.386181573337906,0.3638430741528147,True,walking_dual_task,P01,0,0.0
2026-04-01T14:05:30.379735,1882.1049551553485,96001,95.0,-2.2041745568093916,8.564472660852683,5.796288274348505,10.573813654246461,0.8123679190914448,True,walking_dual_task,P01,0,0.0
2026-04-01T14:05:30.380165,1882.5582381484123,96001,91.0,-2.2414647783264066,8.493621941849401,5.951381035238261,10.6105944352867,0.03678078104023896,True,walking_dual_task,P01,0,0.0
2026-04-01T14:05:30.380962,1844.4523320421722,96093,53.0,-2.269837150352659,8.568550932017594,5.948301749056487,10.674948218213009,0.06435378292630922,True,walking_dual_task,P01,0,0.0
2026-04-01T14:05:30.440458,1886.6357251314696,96093,75.0,-2.2391441177171454,8.502575488779152,5.753749827511757,10.507768240682077,0.16717997753093172,True,walking_dual_task,P01,0,0.0
2026-04-01T14:05:30.440816,1867.5145483149336,96111,102.0,-2.1172510079768436,8.628671728057501,5.8842235731351415,10.656491668461863,0.1487234277797853,True,walking_dual_task,P01,0,0.0
2026-04-01T14:05:30.441305,1850.2472744092586,96111,84.0,-2.3169904061671285,8.56686069135794,5.938664501968775,10.678355805757194,0.02186413729533143,True,walking_dual_task,P01,0,0.0
2026-04-01T14:05:30.499359,1817.9337552273971,95976,95.0,-2.2578121877223,8.396418307567926,5.698645474573487,10.395773973859093,0.28258183189810104,True,walking_dual_task,P01,0,0.0
2026-04-01T14:05:30.499802,1781.4590412936677,95976,77.0,-2.2699668608714725,8.506482482370478,5.996235323192265,10.652128042012505,0.2563540681534118,True,walking_dual_task,P01,0,0.0
2026-04-01T14:05:30.500353,1912.3558647471602,95901,71.0,-2.1386493387305094,8.430756839684207,5.797431092302884,10.452831633291273,0.19929640872123144,True,walking_dual_task,P01,0,0.0
2026-04-01T14:05:30.560089,1893.4376445630508,95901,101.0,-2.2263979041275674,8.549583136921978,5.852907887703947,10.597582280151984,0.14475064686071093,True,walking_dual_task,P01,0,0.0
2026-04-01T14:05:30.561555,1864.611715127962,95884,91.0,-2.2665883523227977,8.662891333996622,5.930448440890788,10.740266650953464,0.14268437080147933,True,walking_dual_task,P01,0,0.0
2026-04-01T14:05:30.561902,1912.1686739014738,95884,92.0,-2.31164072500619,8.599060512792171,5.881082710436695,10.671206979117503,0.0690596718359604,True,walking_dual_task,P01,0,0.0
2026-04-01T14:05:30.619398,1859.1921785678924,95848,50.0,-2.3274273248309205,8.435513609599088,5.706709779541316,10.44707348102872,0.2241334980887828,True,walking_dual_task,P01,0,0.0
2026-04-01T14:05:30.619856,1892.2257178130048,95848,92.0,-3.061285477188439,7.341535794273263,5.703779066158192,9.787885993767235,0.6591874872614856,True,walking_dual_task,P01,0,0.0
2026-04-01T14:05:30.620253,1839.0838194794962,95857,98.0,-3.0630084064580525,7.628252901673127,5.845432330216251,10.086691328530609,0.2988053347633741,True,walking_dual_task,P01,0,0.0
2026-04-01T14:05:30.681017,1795.2092852469011,95857,87.0,-3.4750923585446394,7.25593127846698,4.840501300276266,9.389103176354332,0.6975881521762766,True,walking_dual_task,P01,0,0.0
2026-04-01T14:05:30.681397,1979.0993636670132,95892,59.0,-3.6883148864331172,7.263379339255471,4.930994752822393,9.522345056747806,0.13324188039347362,True,walking_dual_task,P01,0,0.0
2026-04-01T14:05:30.681698,1750.3718523071354,95892,65.0,-3.3867569209400608,6.884526145698032,4.4624767226225925,8.87583918242572,0.6465058743220862,True,walking_dual_task,P01,0,0.0
2026-04-01T14:05:30.740278,1937.1991919102413,95941,73.0,-3.325990745277083,7.431612976713999,4.585848239424862,9.344575429005259,0.46873624657953883,True,walking_dual_task,P01,0,0.0
2026-04-01T14:05:30.740883,1835.135708824841,95941,70.0,-3.252077880555043,7.40568025410598,4.499432029577276,9.255538836612187,0.0890365923930716,True,walking_dual_task,P01,0,0.0
2026-04-01T14:05:30.741254,1807.560898060573,95943,79.0,-3.2864548265923124,8.100780866801593,4.7862209990914515,9.96651129690398,0.7109724602917922,True,walking_dual_task,P01,0,0.0
2026-04-01T14:05:30.860289,1873.5994457016257,95943,64.0,-3.2705366020248308,8.2485560743604,4.923246284290891,10.147583010393955,0.18107171348997575,True,walking_dual_task,P01,0,0.0
2026-04-01T14:05:30.861084,1893.8390738450978,95922,83.0,-3.3890292317034736,8.5343161734816,4.801150933108533,10.36200376205197,0.21442075165801455,True,walking_dual_task,P01,0,0.0
2026-04-01T14:05:30.861177,1860.6926245717693,95922,99.0,-3.4525704221494515,8.694401420007416,5.151513564589112,10.679463964931658,0.3174602028796887,True,walking_dual_task,P01,0,0.0
2026-04-01T14:05:30.861461,1831.8814282100327,95913,57.0,-3.5557093814135365,8.817868590397383,5.137068009101837,10.806819301382182,0.127355336450524,True,walking_dual_task,P01,0,0.0
2026-04-01T14:05:30.861871,1837.1835168787468,95913,50.0,-3.5014545556815944,8.588470500266164,5.146096177302359,10.606805146013171,0.20001415536901135,True,walking_dual_task,P01,0,0.0
2026-04-01T14:05:30.862919,1856.5764333054253,95933,80.0,-3.5314591454598006,8.55381915443878,5.361517356365657,10.695087385594642,0.08828223958147063,True,walking_dual_task,P01,0,0.0
2026-04-01T14:05:30.919689,1970.6232155921111,95933,112.0,-3.7456889068402166,8.330528127815407,5.128109099800252,10.474988649855602,0.2200987357390396,True,walking_dual_task,P01,0,0.0
2026-04-01T14:05:30.920127,1901.222469190512,95965,74.0,-3.8185682689367333,8.51784030558625,5.442207793849637,10.805215998185222,0.3302273483296201,True,walking_dual_task,P01,0,0.0
2026-04-01T14:05:30.920369,1914.4214693602435,95965,63.0,-3.836410170159919,8.429124418778082,5.292740604906586,10.66683104636866,0.13838495181656185,True,walking_dual_task,P01,0,0.0
2026-04-01T14:05:30.979200,1866.9527674008602,95988,63.0,-3.688434534344667,8.287863377666039,5.428714981930396,10.571857690871544,0.09497335549711572,True,walking_dual_task,P01,0,0.0
2026-04-01T14:05:30.980043,1884.019302832895,95988,73.0,-3.7343500905136837,8.322600216247235,5.2858684033492445,10.542838789222,0.029018901649545015,True,walking_dual_task,P01,0,0.0
2026-04-01T14:05:30.980426,1850.8974326261698,96019,69.0,-3.7160052769159946,8.54149776038066,5.497468386323151,10.816100862477096,0.273262073255097,True,walking_dual_task,P01,0,0.0
2026-04-01T14:05:31.039582,1895.4940299748664,96019,96.0,-3.466950386313098,8.853507259490438,5.59535622369226,11.032331895162425,0.21623103268532873,True,walking_dual_task,P01,0,0.0
2026-04-01T14:05:31.040221,1800.902791737607,96041,84.0,-3.501185798344613,8.776778630941951,5.6275031936561275,10.998133356424589,0.034198538737836515,True,walking_dual_task,P01,0,0.0
2026-04-01T14:05:31.040735,1914.3210594128675,96041,88.0,-3.4041990215123388,9.351607601601705,6.033381991556853,11.637990976471965,0.6398576200473762,True,walking_dual_task,P01,0,0.0
2026-04-01T14:05:31.100144,1901.1889588057293,96062,60.0,-3.2555201117460464,9.202576440395335,5.841383929804247,11.375745714223642,0.2622452622483227,True,walking_dual_task,P01,0,0.0
2026-04-01T14:05:31.100198,1882.7769708018802,96062,126.0,-2.699718750152536,9.84195383397419,6.279166624913679,11.98250683719539,0.6067611229717471,True,walking_dual_task,P01,0,0.0
2026-04-01T14:05:31.160608,1893.616005522019,96082,84.0,-2.504333453704513,9.722778261428449,6.132712010041777,11.764958978524312,0.21754785867107707,True,walking_dual_task,P01,0,0.0
2026-04-01T14:05:31.160664,1878.8984509551806,96082,72.0,-2.297277525972151,9.553799168551192,6.12550678127103,11.579049870854842,0.18590910766947033,True,walking_dual_task,P01,0,0.0
2026-04-01T14:05:31.161490,1875.6104148158272,95989,76.0,-2.338928560732625,9.402075025867608,6.404669132166709,11.61418909337984,0.03513922252499846,True,walking_dual_task,P01,0,0.0
2026-04-01T14:05:31.161528,1940.1726382028353,95989,78.0,-2.3530854827236665,8.284533331052263,5.474560608419148,10.204965343281446,1.4092237500983948,True,walking_dual_task,P01,0,0.0
2026-04-01T14:05:31.219506,1932.3951778499916,95873,50.0,-2.2054131849010967,8.190190763595027,5.463609378163306,10.089306195044678,0.1156591482367677,True,walking_dual_task,P01,0,0.0
2026-04-01T14:05:31.220027,1805.1506078421519,95873,50.0,-2.35717554713342,8.02817302015066,4.989716770262793,9.741925479540503,0.3473807155041744,True,walking_dual_task,P01,0,0.0
2026-04-01T14:05:31.279902,1922.5570042304,95852,126.0,-2.2548610443353208,8.00673435779326,4.964709061651802,9.687132159332583,0.054793320207920715,True,walking_dual_task,P01,0,0.0
2026-04-01T14:05:31.279959,1932.6587539004904,95852,105.0,-2.1358391370159957,8.76431111484473,5.671318028318463,10.65545899130254,0.9683268319699572,True,walking_dual_task,P01,0,0.0
2026-04-01T14:05:31.280951,1796.6048523240472,95836,90.0,-2.0701337421510515,9.283820965408923,6.347477635818827,11.43526378206374,0.7798047907612009,True,walking_dual_task,P01,0,0.0
2026-04-01T14:05:31.340926,1843.7906825300727,95836,89.0,-2.2834624343317538,9.437048114599806,6.223693122420169,11.532841535733342,0.09757775366960075,True,walking_dual_task,P01,0,0.0
2026-04-01T14:05:31.341618,1804.3434088387564,95809,71.0,-2.808265344773627,7.965675518954854,5.897387971503727,10.30133610782456,1.2315054279087807,True,walking_dual_task,P01,0,0.0
2026-04-01T14:05:31.341661,1860.3153977231234,95809,67.0,-2.7873307985850726,7.928351046586088,5.955545570620907,10.300314866176953,0.0010212416476083064,True,walking_dual_task,P01,0,0.0
2026-04-01T14:05:31.342154,1847.7441693239114,95830,72.0,-3.133036311883149,5.804738115273739,4.627579670690358,8.05762959728708,2.242685268889872,True,walking_dual_task,P01,0,0.0
2026-04-01T14:05:31.399564,1862.9656950385406,95830,75.0,-3.1804570974996573,5.752647934538246,4.74402349203776,8.106418722271213,0.04878912498413257,True,walking_dual_task,P01,0,0.0
2026-04-01T14:05:31.400034,1939.641105192323,95878,100.0,-3.215076627882449,5.888159716308021,4.620382979565639,8.145862842312555,0.03944412004134179,True,walking_dual_task,P01,0,0.0
2026-04-01T14:05:31.400063,1913.5581112119157,95878,55.0,-3.257730933945431,5.8147438645298255,4.5146523120863025,8.050226241982172,0.09563660033038346,True,walking_dual_task,P01,0,0.0
2026-04-01T14:05:31.459865,1879.2510335853779,95885,75.0,-3.0766908359862466,5.846677503823289,4.721765221216395,8.120636128915258,0.0704098869330867,True,walking_dual_task,P01,0,0.0
2026-04-01T14:05:31.519709,1927.3215866462376,95885,86.0,-3.259621930795879,5.922805516782944,4.603732045486128,8.179187555496929,0.058551426581670896,True,walking_dual_task,P01,0,0.0
2026-04-01T14:05:31.579852,1915.4487016824833,95852,122.0,-3.2227209491498323,5.743964136831308,4.611044731073008,8.039949491958863,0.13923806353806611,True,walking_dual_task,P01,0,0.0
2026-04-01T14:05:31.580034,1867.7232692534724,95852,96.0,-3.3462358183026275,5.826877241947477,4.624955440119473,8.15720573281731,0.11725624085844721,True,walking_dual_task,P01,0,0.0
2026-04-01T14:05:31.580869,1853.4658556497548,95838,91.0,-3.2052114694421734,5.779059648752042,4.647347260013355,8.078907571128127,0.07829816168918313,True,walking_dual_task,P01,0,0.0
2026-04-01T14:05:31.581294,1785.6473307357041,95838,76.0,-2.993441598428868,5.77743533803679,4.446926442906635,7.8812820325771185,0.19762553855100862,True,walking_dual_task,P01,0,0.0
2026-04-01T14:05:31.581978,1733.817871079753,95842,76.0,-3.2199200090464304,5.818963488119645,4.689977260093073,8.137819587636312,0.25653755505919307,True,walking_dual_task,P01,0,0.0
2026-04-01T14:05:31.582905,1907.339851234423,95842,74.0,-3.1075475262892236,5.860005240755497,4.638250833456423,8.093817631000057,0.04400195663625439,True,walking_dual_task,P01,0,0.0
2026-04-01T14:05:31.583343,1860.6947015337614,95829,84.0,-3.3194606586732074,5.95126641529139,4.616328256937447,8.230849141252287,0.13703151025223015,True,walking_dual_task,P01,0,0.0
2026-04-01T14:05:31.639902,1929.2756473759075,95829,68.0,-0.8336723462219144,7.483779998083641,5.96123733162049,9.604078465135409,1.3732293238831215,True,walking_dual_task,P01,0,0.0
2026-04-01T14:05:31.640584,1867.0541005610205,95808,118.0,-1.0900392030573463,7.288305626803425,5.878768888654561,9.426956455829695,0.1771220093057142,True,walking_dual_task,P01,0,0.0
2026-04-01T14:05:31.640954,1832.9222696281822,95808,78.0,-0.8218184128706878,8.831146850695106,5.994916838248155,10.7053056051561,1.2783491493264059,True,walking_dual_task,P01,0,0.0
2026-04-01T14:05:31.699801,1866.0599013481512,95778,99.0,-0.7447832855457233,8.650817372703635,5.976617845703992,10.540934694413336,0.16437091074276466,True,walking_dual_task,P01,0,0.0
2026-04-01T14:05:31.700502,1903.1858453610673,95778,91.0,-1.0708126215903562,10.37484456523395,6.527843741988443,12.304340020624402,1.7634053262110658,True,walking_dual_task,P01,0,0.0
2026-04-01T14:05:31.700526,1889.1714719410106,95765,64.0,-1.2660643221895092,11.099956718322069,6.993188980192379,13.180161233051306,0.8758212124269047,True,walking_dual_task,P01,0,0.0
2026-04-01T14:05:31.759390,1903.2267501901867,95765,86.0,-1.3860307725499785,11.037354452574547,7.22158684519964,13.26256352207156,0.08240228902025315,True,walking_dual_task,P01,0,0.0
2026-04-01T14:05:31.760110,1903.3016819708917,95759,71.0,-2.592079383900668,10.570696568047554,6.629696928639389,12.744072458668215,0.5184910634033439,True,walking_dual_task,P01,0,0.0
2026-04-01T14:05:31.760581,1826.9304335677252,95759,89.0,-2.4769751628680874,10.578128956267856,6.740785141414228,12.78555444615558,0.04148198748736398,True,walking_dual_task,P01,0,0.0
2026-04-01T14:05:31.879887,1868.6875816214078,95727,86.0,-2.192194052305812,9.541563621740801,5.779410203642992,11.368761296318308,1.4167931498372717,True,walking_dual_task,P01,0,0.0
2026-04-01T14:05:31.880219,1923.156118438005,95727,97.0,-2.1481495928831964,9.502460365307323,5.839797141941016,11.358456335552965,0.010304960765342486,True,walking_dual_task,P01,0,0.0
2026-04-01T14:05:31.881013,1940.2933506562742,95602,112.0,-2.6736595604700204,9.102715102869224,5.261047557422988,10.848340845067627,0.5101154904853384,True,walking_dual_task,P01,0,0.0
2026-04-01T14:05:31.881731,1899.8907851458748,95602,69.0,-3.570789105898576,8.018436909438742,4.839952377953914,10.023522550995494,0.8248182940721325,True,walking_dual_task,P01,0,0.0
2026-04-01T14:05:31.882058,1736.431939278152,95515,74.0,-3.5981134931099543,8.00052687451986,4.660010205695023,9.93330489295462,0.09021765804087423,True,walking_dual_task,P01,0,0.0
2026-04-01T14:05:31.883333,2007.031912848058,95515,106.0,-4.081940892801273,7.182324709981635,3.8357262556505187,9.108283350896741,0.825021542057879,True,walking_dual_task,P01,0,0.0
2026-04-01T14:05:31.940042,1860.6868760069453,95532,76.0,-4.135142186395646,7.224905780685193,3.7167573948263453,9.116630406761239,0.008347055864497577,True,walking_dual_task,P01,0,0.0
2026-04-01T14:05:31.940456,1839.27022607335,95532,85.0,-4.159932581571294,6.528060996934737,3.24619827590587,8.393951555102829,0.7226788516584097,True,walking_dual_task,P01,0,0.0
2026-04-01T14:05:31.941102,1867.8985139643057,95618,72.0,-3.8417252533398547,7.213850339728246,3.9130215021587733,9.061469357808557,0.6675178027057278,True,walking_dual_task,P01,0,0.0
2026-04-01T14:05:32.000137,1901.8947702263117,95618,73.0,-3.824448882044611,7.104249186122458,4.017719568294837,9.013258915583926,0.04821044222463122,True,walking_dual_task,P01,0,0.0
2026-04-01T14:05:32.000409,1891.4709254544491,95664,98.0,-3.2276890565225935,9.415561310019221,5.831167972992881,11.53573974037142,2.522480824787495,True,walking_dual_task,P01,0,0.0
2026-04-01T14:05:32.000968,1737.5446679209415,95664,70.0,-3.0461019574413006,9.477928326235332,5.8469550960478145,11.545421013873046,0.009681273501625398,True,walking_dual_task,P01,0,0.0
2026-04-01T14:05:32.059575,1792.8082769981365,95647,111.0,-2.9700192629574316,10.493684342995346,6.666047057161483,12.781807731344387,1.2363867174713405,True,walking_dual_task,P01,0,0.0
2026-04-01T14:05:32.119787,1864.5714932012215,95647,76.0,-3.2481006230940874,9.709531339190907,6.551261139448312,12.155006334910738,0.626801396433649,True,walking_dual_task,P01,0,0.0
2026-04-01T14:05:32.120436,1816.128183578999,95620,95.0,-3.1441301717000503,10.030706711711234,6.487381182359962,12.352600790044239,0.19759445513350116,True,walking_dual_task,P01,0,0.0
2026-04-01T14:05:32.120993,1882.7281933253337,95620,71.0,-3.1024160205484477,8.67241617437751,5.923438957296617,10.950932222737,1.4016685673072384,True,walking_dual_task,P01,0,0.0
2026-04-01T14:05:32.121475,1811.3266090032796,95634,84.0,-3.421968717974924,8.434236687841038,6.000253423204424,10.901800748316726,0.04913147442027466,True,walking_dual_task,P01,0,0.0
2026-04-01T14:05:32.122053,1902.2105972338036,95634,93.0,-3.1413394368963212,7.344275708898202,4.686032159318746,9.260955487652545,1.6408452606641806,True,walking_dual_task,P01,0,0.0
2026-04-01T14:05:32.179861,1785.5033813425302,95674,105.0,-2.7434124098596446,7.326622985668941,4.821944474875289,9.19004159639578,0.07091389125676528,True,walking_dual_task,P01,0,0.0
2026-04-01T14:05:32.180744,1875.9240461553052,95674,94.0,-3.1301611565233607,7.123321010562259,4.352953779100485,8.915594073773805,0.27444752262197447,True,walking_dual_task,P01,0,0.0
2026-04-01T14:05:32.180778,1852.293204761596,95695,103.0,-2.9902561838838375,7.9258875166495715,4.299776213040491,9.499968444898428,0.584374371124623,True,walking_dual_task,P01,0,0.0
2026-04-01T14:05:32.239832,1814.2566347888046,95695,50.0,-3.2253391553914272,8.090339139637548,4.413461049566721,9.763966330221283,0.26399788532285484,True,walking_dual_task,P01,0,0.0
2026-04-01T14:05:32.240411,1762.9637786956337,95676,89.0,-3.473553286684898,8.927162612282505,4.467915935702429,10.569866486861494,0.8059001566402113,True,walking_dual_task,P01,0,0.0
2026-04-01T14:05:32.240815,1834.346009825851,95676,103.0,-3.433707842947039,8.735518428758366,4.707334807292828,10.500411075660022,0.06945541120147247,True,walking_dual_task,P01,0,0.0
2026-04-01T14:05:32.299681,1869.7646230731089,95635,85.0,-3.7927076655177907,8.823764071301111,4.593977610610855,10.64650525331461,0.14609417765458765,True,walking_dual_task,P01,0,0.0
2026-04-01T14:05:32.300224,1869.0166836845392,95635,65.0,-3.7204330682946587,8.865661885280957,4.681511278903754,10.693836109380346,0.04733085606573617,True,walking_dual_task,P01,0,0.0
2026-04-01T14:05:32.360669,1828.637497393253,95618,91.0,-3.723038258401789,8.248474025758343,4.8076808268595554,10.247542757172885,0.44629335220746036,True,walking_dual_task,P01,0,0.0
2026-04-01T14:05:32.361929,1814.5446756738984,95618,58.0,-3.6917914182101326,8.3836723254189,4.6431176252931525,10.270045122484742,0.022502365311856565,True,walking_dual_task,P01,0,0.0
2026-04-01T14:05:32.362255,1869.2325097412665,95639,98.0,-3.9821775322926594,8.445975390742287,5.055995563383595,10.618631236495379,0.34858611401063655,True,walking_dual_task,P01,0,0.0
2026-04-01T14:05:32.362789,1949.3714706031426,95639,53.0,-3.863769112467268,8.398919816265158,5.138312619241104,10.576994961120102,0.04163627537527681,True,walking_dual_task,P01,0,0.0
2026-04-01T14:05:32.419567,1939.088221225946,95671,83.0,-4.0106055416602535,8.49764068009674,4.983659533644879,10.63633942134795,0.05934446022784812,True,walking_dual_task,P01,0,0.0
2026-04-01T14:05:32.420112,1819.0473367144539,95671,72.0,-3.935979729140896,8.54956651371501,4.981814122357642,10.64920165788812,0.012862236540170713,True,walking_dual_task,P01,0,0.0
2026-04-01T14:05:32.420136,1881.2405010924592,95702,50.0,-3.994838907319441,8.520512105625054,5.052253420471156,10.680970417625861,0.03176875973774074,True,walking_dual_task,P01,0,0.0
2026-04-01T14:05:32.479752,1833.7872790207978,95702,66.0,-3.7603763549475144,8.505595820777355,5.148794195372443,10.629942251187188,0.05102816643867314,True,walking_dual_task,P01,0,0.0
2026-04-01T14:05:32.480165,1845.9649717624002,95636,84.0,-4.054121587067174,8.429697987870155,5.104533938551649,10.656076986360965,0.026134735173776846,True,walking_dual_task,P01,0,0.0
2026-04-01T14:05:32.481289,1845.7988938851379,95636,70.0,-3.9415673343823165,8.478412012307325,4.859390978477798,10.537224681272496,0.11885230508846867,True,walking_dual_task,P01,0,0.0
2026-04-01T14:05:32.599954,1853.1883221821786,95506,87.0,-3.8557301782562474,8.413201550007159,4.934126609043338,10.48781297137913,0.04941170989336641,True,walking_dual_task,P01,0,0.0
2026-04-01T14:05:32.600661,1847.521967317959,95506,82.0,-3.829548287233871,8.573020022211049,5.0194865503543795,10.646941232799021,0.159128261419891,True,walking_dual_task,P01,0,0.0
2026-04-01T14:05:32.601355,1900.8960780977764,95414,83.0,-4.030390050298485,8.54731986827043,5.091529520014021,10.734262608174333,0.08732137537531237,True,walking_dual_task,P01,0,0.0
2026-04-01T14:05:32.659695,1829.033755111359,95414,117.0,-4.062309049110158,8.537891877354351,4.929529059493273,10.66293624046699,0.0713263677073428,True,walking_dual_task,P01,0,0.0
2026-04-01T14:05:32.660330,1829.9431912243995,95407,78.0,-3.953653497589477,8.483225652015845,5.112765935544042,10.664748893137649,0.0018126526706581103,True,walking_dual_task,P01,0,0.0
2026-04-01T14:05:32.661041,1860.245613401146,95407,85.0,-2.4864263296652065,9.383779337851065,5.336123766980787,11.07753796702454,0.41278907388689134,True,walking_dual_task,P01,0,0.0
2026-04-01T14:05:32.661650,1749.9856585780376,95409,71.0,-2.558579313221268,9.37867099598012,5.30836276094243,11.076304119815548,0.0012338472089918895,True,walking_dual_task,P01,0,0.0
2026-04-01T14:05:32.661864,1790.839731263728,95409,82.0,-2.380736320305791,8.287995644806317,5.162197082145042,10.050226661626017,1.0260774581895316,True,walking_dual_task,P01,0,0.0
2026-04-01T14:05:32.662237,1802.1996668106833,95402,58.0,-2.3619665566045396,8.452536240847342,5.129142229007587,10.165252329516713,0.11502566789069668,True,walking_dual_task,P01,0,0.0
2026-04-01T14:05:32.719584,1812.6404021676124,95402,61.0,-2.174382339921679,6.9703208665914484,4.768592028824954,8.720824587203685,1.444427742313028,True,walking_dual_task,P01,0,0.0
2026-04-01T14:05:32.720202,1900.8442228907165,95402,100.0,-2.08949532201308,5.917348080799918,4.088378016471276,7.489715202571232,1.231109384632453,True,walking_dual_task,P01,0,0.0
2026-04-01T14:05:32.720706,1843.187758940766,95402,64.0,-2.1477290056583493,5.8450840840103835,4.129240215706022,7.471838635162139,0.01787656740909327,True,walking_dual_task,P01,0,0.0
2026-04-01T14:05:32.779621,1807.8216902644406,95417,84.0,-1.6840471054694852,5.048735282064808,3.7916182964314906,6.534685295225793,0.9371533399363461,True,walking_dual_task,P01,0,0.0
2026-04-01T14:05:32.780497,1849.4980191215718,95417,91.0,-1.8804139472998347,5.113615848038536,3.513564382882799,6.483067046327163,0.05161824889863009,True,walking_dual_task,P01,0,0.0
2026-04-01T14:05:32.781009,1903.8322182329048,95412,77.0,-0.7620957853807365,5.285131108256788,3.8615149725856193,6.589741929777039,0.10667488344987675,True,walking_dual_task,P01,0,0.0
2026-04-01T14:05:32.840515,1832.3986703664882,95412,83.0,-0.8380676101051987,5.200030921529766,3.789677822211733,6.488785471884288,0.10095645789275132,True,walking_dual_task,P01,0,0.0
2026-04-01T14:05:32.841077,1885.9110086856217,95414,78.0,-0.6432005878851648,6.055870790821832,4.610648005177937,7.6384129934847165,1.1496275216004284,True,walking_dual_task,P01,0,0.0
2026-04-01T14:05:32.841638,1707.2896122839613,95414,77.0,-0.410394647365755,6.197449299684769,4.799101062219734,7.849087373328715,0.21067437984399895,True,walking_dual_task,P01,0,0.0
2026-04-01T14:05:32.900069,1954.661434214136,95419,100.0,-0.19821646556570127,6.268884598637379,4.928127302149456,7.976505662534514,0.12741828920579845,True,walking_dual_task,P01,0,0.0
2026-04-01T14:05:32.901143,1859.1661508979334,95419,90.0,-0.824337245000237,5.8292850471430135,4.672988786724743,7.5164433248175895,0.4600623377169244,True,walking_dual_task,P01,0,0.0
2026-04-01T14:05:32.901189,1880.749032944786,95418,71.0,-0.8322122441933836,5.98574687339455,4.624515444795228,7.6097231192000425,0.09327979438245304,True,walking_dual_task,P01,0,0.0
2026-04-01T14:05:32.959937,1881.1783705419803,95418,77.0,-1.6071518196411565,5.559167123279692,4.76618681087382,7.496920220469019,0.11280289873102323,True,walking_dual_task,P01,0,0.0
2026-04-01T14:05:32.960508,1854.4942266372373,95437,94.0,-1.9864022146261129,6.13272906504012,5.0660165530478745,8.198822065346612,0.7019018448775922,True,walking_dual_task,P01,0,0.0
2026-04-01T14:05:32.960952,1937.9620241958507,95437,141.0,-1.9275317207971165,5.936571030319709,5.022047829710327,8.011193327876223,0.18762873747038888,True,walking_dual_task,P01,0,0.0
2026-04-01T14:05:33.019636,1932.531388949726,95432,96.0,-1.9194715880972586,6.631800405274107,5.0177732440699,8.534822559480086,0.5236292316038629,True,walking_dual_task,P01,0,0.0
2026-04-01T14:05:33.020239,1951.9659255125853,95432,72.0,-2.1284560423043297,6.722951160732762,5.127043991281195,8.718656864572226,0.18383430509214094,True,walking_dual_task,P01,0,0.0
2026-04-01T14:05:33.020730,1849.2899515484028,95440,79.0,-1.9752175879878249,7.617074662578494,5.823711524211072,9.789633642400545,1.070976777828319,True,walking_dual_task,P01,0,0.0
2026-04-01T14:05:33.079737,1940.2255130251247,95440,50.0,-1.767727625710783,8.684313099646364,6.360507135948105,10.908629886371491,1.1189962439709458,True,walking_dual_task,P01,0,0.0
2026-04-01T14:05:33.080453,1875.989310713238,95413,54.0,-1.900652671708555,8.752385200887193,6.389988187495279,11.002212337503364,0.0935824511318728,True,walking_dual_task,P01,0,0.0
2026-04-01T14:05:33.080939,1893.8032021898878,95413,50.0,-2.438130410379153,9.356147627259075,6.7148661212002665,11.771635627504121,0.7694232900007574,True,walking_dual_task,P01,0,0.0
2026-04-01T14:05:33.140042,1906.7639610292233,95287,76.0,-2.469695290109706,9.387299302049477,6.835853494928062,11.872222875955828,0.1005872484517063,True,walking_dual_task,P01,0,0.0
2026-04-01T14:05:33.140407,1921.0173905699035,95287,91.0,-2.370940312860337,9.370782151111474,6.714387958913882,11.769278726988471,0.1029441489673566,True,walking_dual_task,P01,0,0.0
2026-04-01T14:05:33.140792,1878.1188797714183,95174,90.0,-2.1808031224098103,9.447711938635889,7.029274804487781,11.976053916510322,0.20677518952185103,True,walking_dual_task,P01,0,0.0
2026-04-01T14:05:33.199749,1895.7963127605904,95174,60.0,-2.424294345841001,9.576565090005708,7.0613149384307246,12.142897951399311,0.1668440348889888,True,walking_dual_task,P01,0,0.0
2026-04-01T14:05:33.200180,1812.5426042080717,95135,72.0,-2.3090807193538723,9.376582195190805,6.966098178375695,11.907084918754471,0.23581303264484,True,walking_dual_task,P01,0,0.0
2026-04-01T14:05:33.320287,1885.8806666456376,95135,76.0,-3.0411366990443898,9.122164499840217,6.091955833025996,11.383071793499292,0.5240131252551787,True,walking_dual_task,P01,0,0.0
2026-04-01T14:05:33.320908,1932.2907418432824,95110,71.0,-3.1056218157316215,9.273440432590656,6.072054106399616,11.51136070975972,0.12828891626042704,True,walking_dual_task,P01,0,0.0
2026-04-01T14:05:33.321285,1935.5276259233979,95110,80.0,-6.003974301091062,7.217571184121909,4.588354502496959,10.44959512357359,1.0617655861861284,True,walking_dual_task,P01,0,0.0
2026-04-01T14:05:33.321777,1817.777310149073,95128,73.0,-6.153168097427143,6.536616737079188,3.9245848992448167,9.79751002214539,0.6520851014282005,True,walking_dual_task,P01,0,0.0
2026-04-01T14:05:33.322500,1828.3721634992455,95128,63.0,-6.186631004348915,6.561272209052457,3.9845856706246394,9.859088150118275,0.061578127972884644,True,walking_dual_task,P01,0,0.0
2026-04-01T14:05:33.322869,1922.7218265891481,95128,82.0,-3.4051420282901828,6.896461181018761,5.819904620819048,9.645074330950372,0.21401381916790285,True,walking_dual_task,P01,0,0.0
2026-04-01T14:05:33.323270,1895.6301005607897,95128,73.0,-3.4207708859113457,6.942671871032728,5.850768923086646,9.702260723876897,0.05718639292652483,True,walking_dual_task,P01,0,0.0
2026-04-01T14:05:33.379895,1968.0963621286319,95025,97.0,-2.0708316212906617,8.70437067565278,7.4402697043580215,11.636667295084498,1.9344065712076013,True,walking_dual_task,P01,0,0.0
2026-04-01T14:05:33.380937,1883.2930970235682,95025,85.0,-2.0084282967727103,8.92347037362481,7.517810800592276,11.839746068465274,0.20307877338077596,True,walking_dual_task,P01,0,0.0
2026-04-01T14:05:33.380980,1873.2341699494004,94913,67.0,-2.036579330442412,8.691245433468959,7.448925272345211,11.626344664896335,0.21340140356893933,True,walking_dual_task,P01,0,0.0
2026-04-01T14:05:33.440096,1838.4646781186214,94913,75.0,-2.11319705827918,8.783837570801369,7.513664434992587,11.750598177072261,0.12425351217592606,True,walking_dual_task,P01,0,0.0
2026-04-01T14:05:33.440706,1879.225206448316,94903,67.0,-2.1349737073472355,8.748227707906398,7.419617217396912,11.66791842674339,0.08267975032887165,True,walking_dual_task,P01,0,0.0
2026-04-01T14:05:33.441107,1894.212057838222,94903,69.0,-1.9651764932849183,8.73429110504933,7.365310027720932,11.592995797547326,0.07492262919606318,True,walking_dual_task,P01,0,0.0
2026-04-01T14:05:33.500689,1862.7858678071395,94957,70.0,-2.4378794987238237,8.885569071717795,7.55596371057467,11.915921356491369,0.32292555894404273,True,walking_dual_task,P01,0,0.0
2026-04-01T14:05:33.501218,1857.3690711070828,94957,110.0,-1.874913827038697,8.748502683707647,7.446767760510687,11.640702347566583,0.2752190089247861,True,walking_dual_task,P01,0,0.0
2026-04-01T14:05:33.502740,1912.1046553574347,95029,59.0,-2.120092805405239,8.770840856126181,7.508033886060818,11.7385269800457,0.09782463247911721,True,walking_dual_task,P01,0,0.0
2026-04-01T14:05:33.560281,1859.9941417357131,95029,113.0,-2.137699339671804,8.761915941609965,7.535201352412172,11.752454588555802,0.013927608510101663,True,walking_dual_task,P01,0,0.0
2026-04-01T14:05:33.619970,1923.5618431775943,95068,76.0,-1.934145285866375,8.803613701000689,7.355835744934178,11.63412444878159,0.11833013977421203,True,walking_dual_task,P01,0,0.0
2026-04-01T14:05:33.679482,1867.5680722052211,95068,82.0,-2.2584072803934685,8.764015581269065,7.284738818101317,11.61790825410553,0.01621619467606017,True,walking_dual_task,P01,0,0.0
2026-04-01T14:05:33.680154,1805.5316580347906,95094,90.0,-2.1033897362414384,8.832815209037243,7.482748303704555,11.765814679660684,0.14790642555515454,True,walking_dual_task,P01,0,0.0
2026-04-01T14:05:33.681054,1847.8855313687404,95094,121.0,-4.265298765105871,7.540222470829511,5.896781788253031,10.479492541315565,1.2863221383451187,True,walking_dual_task,P01,0,0.0
2026-04-01T14:05:33.681551,1865.2391541656916,95153,85.0,-4.121013133932378,7.529631768644188,5.825419508458466,10.373698292843658,0.10579424847190744,True,walking_dual_task,P01,0,0.0
2026-04-01T14:05:33.682006,1857.5448140928195,95153,72.0,-5.442490293358095,6.564053430798716,5.101687800560709,9.936534428565496,0.4371638642781619,True,walking_dual_task,P01,0,0.0
2026-04-01T14:05:33.682734,1888.7718908939107,95262,97.0,-5.598495597508188,6.640198322357311,5.057408229881629,10.050510669574448,0.11397624100895243,True,walking_dual_task,P01,0,0.0
2026-04-01T14:05:33.739735,1766.0931706753029,95262,129.0,-5.908944546611732,6.5379895998499435,4.506672585434912,9.89803169599841,0.1524789735760379,True,walking_dual_task,P01,0,0.0
2026-04-01T14:05:33.740309,1890.782389045093,95378,100.0,-5.886779531932879,6.702020246583204,4.352530808807365,9.925511225363275,0.02747952936486442,True,walking_dual_task,P01,0,0.0
2026-04-01T14:05:33.740798,1837.3224421428686,95378,56.0,-5.663756742872082,9.122288895467952,4.677442615605725,11.71207772161248,1.7865664962492058,True,walking_dual_task,P01,0,0.0
2026-04-01T14:05:33.741251,1900.8419278963245,95368,88.0,-4.671762272843465,11.439327001695798,5.795564995735699,13.648155135603018,1.936077413990537,True,walking_dual_task,P01,0,0.0
2026-04-01T14:05:33.800076,1870.9098432809444,95368,97.0,-4.741268217068126,11.293168937277144,5.745650483865783,13.528776309585758,0.11937882601725924,True,walking_dual_task,P01,0,0.0
2026-04-01T14:05:33.800617,1944.8391068386697,95240,72.0,-3.9034853933121827,11.005501460682245,5.869259840070581,13.06929499579629,0.4594813137894693,True,walking_dual_task,P01,0,0.0
2026-04-01T14:05:33.801045,1811.6826980358846,95240,71.0,-3.8026192008392865,10.704135940455298,6.010751689416413,12.851753767099675,0.2175412286966143,True,walking_dual_task,P01,0,0.0
2026-04-01T14:05:33.859968,1814.8805580903706,95180,95.0,-2.4239133308878227,10.98971795930723,6.772962609118752,13.134773662507332,0.2830198954076568,True,walking_dual_task,P01,0,0.0
2026-04-01T14:05:33.860539,1849.8243312299023,95180,89.0,-1.6337995542285104,10.570631824149508,8.433991901145808,13.621298672803292,0.48652501029595996,True,walking_dual_task,P01,0,0.0
2026-04-01T14:05:33.860904,1937.0740176721913,95161,90.0,-1.6736225611367912,10.537725787144693,8.090483855378501,13.3903176308981,0.23098104190519209,True,walking_dual_task,P01,0,0.0
2026-04-01T14:05:33.919580,1893.539155903953,95161,51.0,-1.4220403074713788,8.663039498352221,7.725304017359595,11.694048663603052,1.6962689672950475,True,walking_dual_task,P01,0,0.0
2026-04-01T14:05:33.919936,1843.5096962672026,95158,53.0,-1.4798173220829791,8.68908107513806,7.76657414514012,11.74775140990897,0.05370274630591787,True,walking_dual_task,P01,0,0.0
2026-04-01T14:05:33.920397,1851.6918472186849,95158,73.0,-1.4283573757115708,7.806087199815374,6.877597831952669,10.501264404915778,1.2464870049931918,True,walking_dual_task,P01,0,0.0
2026-04-01T14:05:33.979629,1935.1137339369118,95210,92.0,-1.176598592972158,8.560632798073835,6.870579439595877,11.039641297987862,0.5383768930720834,True,walking_dual_task,P01,0,0.0
2026-04-01T14:05:34.040023,1943.18836965661,95210,80.0,-1.2155706766952845,8.662286172615834,6.689959528158228,11.012191984102348,0.02744931388551386,True,walking_dual_task,P01,0,0.0
2026-04-01T14:05:34.040397,1900.580303839358,95270,50.0,-1.148431979490454,9.486687900067725,7.000335711203737,11.84570991517022,0.8335179310678722,True,walking_dual_task,P01,0,0.0
2026-04-01T14:05:34.040724,1854.6465948187185,95270,116.0,-1.161132468936735,9.544180402384955,7.135843990294906,11.973298527035734,0.12758861186551407,True,walking_dual_task,P01,0,0.0
2026-04-01T14:05:34.041470,1826.2645716811983,95289,52.0,-1.5350966668305968,9.063066950672004,7.11861947358599,11.62628261907456,0.34701590796117365,True,walking_dual_task,P01,0,0.0
2026-04-01T14:05:34.041817,1874.1780962333671,95289,82.0,-2.1121425505669027,7.541311834485444,5.868968813802781,9.78658905218029,1.8396935668942707,True,walking_dual_task,P01,0,0.0
2026-04-01T14:05:34.099447,1814.5360878945285,95305,79.0,-2.1315670894930987,7.435170252169566,5.885932470944338,9.719544021623353,0.06704503055693678,True,walking_dual_task,P01,0,0.0
2026-04-01T14:05:34.099789,1824.1846293879923,95305,111.0,-2.3354381686506605,5.547815841987566,4.44425586004234,7.48224179011339,2.237302231509963,True,walking_dual_task,P01,0,0.0
2026-04-01T14:05:34.100524,1901.9358835828086,95414,55.0,-2.3967335562568426,5.556736052970862,4.304711740690073,7.426452078382296,0.05578971173109437,True,walking_dual_task,P01,0,0.0
2026-04-01T14:05:34.160034,1845.5993413721483,95414,77.0,-2.1934430202447075,5.475684914006629,4.416872116617474,7.369062142165238,0.05738993621705735,True,walking_dual_task,P01,0,0.0
2026-04-01T14:05:34.160878,1883.3419230934337,95496,83.0,-2.502056178530427,4.662581500789898,3.642567384871412,6.424036778020454,0.9450253641447839,True,walking_dual_task,P01,0,0.0
2026-04-01T14:05:34.161042,1860.7851507924206,95496,77.0,-2.2999919871072523,4.635198730441502,3.6742105411535197,6.346247199106549,0.07778957891390537,True,walking_dual_task,P01,0,0.0
2026-04-01T14:05:34.219497,1860.4947836892204,95559,53.0,-2.185596977242283,4.587681747006978,3.4947264774596825,6.167395812740525,0.17885138636602438,True,walking_dual_task,P01,0,0.0
2026-04-01T14:05:34.219960,1745.1847488894482,95559,72.0,-2.1752235529423185,4.523300381877524,3.4000227035173625,6.062342635846465,0.10505317689405924,True,walking_dual_task,P01,0,0.0
2026-04-01T14:05:34.340491,1801.0908416880561,95616,65.0,-2.32275555383995,4.46529823156699,3.490812707549507,6.1253452979337215,0.06300266208725613,True,walking_dual_task,P01,0,0.0
2026-04-01T14:05:34.340566,1834.3949079459226,95616,73.0,-2.3595940109816036,4.132210593465306,3.902658233757096,6.154152222273934,0.028806924340212703,True,walking_dual_task,P01,0,0.0
2026-04-01T14:05:34.343228,1937.640537017684,95675,65.0,-2.279907237675921,3.879202487683961,3.7998396567829067,5.889394737162768,0.2647574851111658,True,walking_dual_task,P01,0,0.0
2026-04-01T14:05:34.343270,1920.6510323372158,95675,77.0,-2.374991844119235,4.013036678865439,3.830981401486838,6.035020144464332,0.14562540730156392,True,walking_dual_task,P01,0,0.0
2026-04-01T14:05:34.343285,1801.6935353536219,95723,76.0,-2.7189809088958277,4.0411117812658315,4.253412585271967,6.466448811532914,0.4314286670685821,True,walking_dual_task,P01,0,0.0
2026-04-01T14:05:34.343297,1846.231050239895,95723,76.0,-2.580234889589767,4.171788237899515,3.962738449150178,6.305927782944094,0.16052102858882034,True,walking_dual_task,P01,0,0.0
2026-04-01T14:05:34.343308,1818.495763734418,95750,98.0,-2.5784919926209153,5.084294089604742,4.567893962637875,7.3050888153056315,0.9991610323615374,True,walking_dual_task,P01,0,0.0
2026-04-01T14:05:34.399659,1775.0624124165383,95750,96.0,-2.465155384815168,4.9959478622175775,4.676081225755785,7.273391350886141,0.03169746441949073,True,walking_dual_task,P01,0,0.0
2026-04-01T14:05:34.459935,1955.844653753929,95657,92.0,-2.6871760048996616,5.12717645831332,4.528465458407118,7.34954779044107,0.07615643955492946,True,walking_dual_task,P01,0,0.0
2026-04-01T14:05:34.460542,1845.9950596970702,95657,50.0,-2.6429357151519755,4.911016119289007,4.689654129277509,7.2867032580304745,0.06284453241059573,True,walking_dual_task,P01,0,0.0
2026-04-01T14:05:34.461044,1798.4360473542868,95513,88.0,-2.7306765301420404,5.032748680896963,4.61648440692792,7.355071847150598,0.06836858912012378,True,walking_dual_task,P01,0,0.0
2026-04-01T14:05:34.461431,1886.5269890805287,95513,52.0,-2.7800353057918015,4.954518142182299,4.429460689052985,7.203885640300531,0.1511862068500669,True,walking_dual_task,P01,0,0.0
2026-04-01T14:05:34.519923,1826.3008397268725,95421,83.0,-2.5986748491032903,4.976721992666593,4.539009591288914,7.219659329460504,0.015773689159972903,True,walking_dual_task,P01,0,0.0
2026-04-01T14:05:34.521294,1869.2581434288545,95421,63.0,-2.709246495799637,4.969629077354887,4.5248602551380985,7.246488119773758,0.026828790313254025,True,walking_dual_task,P01,0,0.0
2026-04-01T14:05:34.522043,1833.4691810394563,95376,105.0,-2.699345952571629,5.043552042782352,4.57550285707214,7.325238028555399,0.07874990878164034,True,walking_dual_task,P01,0,0.0
2026-04-01T14:05:34.522386,1949.340649678665,95376,50.0,-2.583814384702642,5.016273721442337,4.518433550197184,7.228785552952638,0.09645247560276093,True,walking_dual_task,P01,0,0.0
2026-04-01T14:05:34.580310,1821.7546739091822,95363,51.0,-2.6196740562889915,5.204081778826419,4.465326211360282,7.340592448553995,0.11180689560135715,True,walking_dual_task,P01,0,0.0
2026-04-01T14:05:34.580919,1778.1012688069916,95363,61.0,-2.7361314836418393,5.06780039737265,4.513420145490358,7.317101733138927,0.02349071541506742,True,walking_dual_task,P01,0,0.0
2026-04-01T14:05:34.581424,1825.8907762086,95360,60.0,-2.686695648464894,5.06650952682016,4.465352840392914,7.26823419284524,0.04886754029368756,True,walking_dual_task,P01,0,0.0
2026-04-01T14:05:34.639960,1908.6373053147495,95360,67.0,-2.7497037876490222,9.022541592579637,6.341948214414104,11.366065056295918,4.097830863450678,True,walking_dual_task,P01,0,0.0
2026-04-01T14:05:34.640253,1936.4388196119976,95375,71.0,-2.6877212864962465,8.782459653015756,6.334733147555654,11.157252678033023,0.20881237826289478,True,walking_dual_task,P01,0,0.0
2026-04-01T14:05:34.640589,1828.3496011845875,95375,71.0,-4.002891572661977,7.373280264020968,4.642596573411732,9.588644624645537,1.5686080533874858,True,walking_dual_task,P01,0,0.0
2026-04-01T14:05:34.700032,1901.7207701373306,95366,79.0,-3.9402824926524653,7.348345984249453,4.548628895696844,9.498107161793179,0.09053746285235853,True,walking_dual_task,P01,0,0.0
2026-04-01T14:05:34.700699,1909.0333403137988,95366,98.0,-4.112383222723446,6.581118679221203,3.6502378288549933,8.575957966765902,0.9221491950272771,True,walking_dual_task,P01,0,0.0
2026-04-01T14:05:34.701172,1848.1034301861678,95452,95.0,-3.983735955815711,7.615339143620174,4.887615959998426,9.886977910890865,1.311019944124963,True,walking_dual_task,P01,0,0.0
2026-04-01T14:05:34.759976,1880.278121382997,95452,92.0,-3.8216420550242636,7.811331830466413,4.776784603065124,9.92166942134578,0.034691510454914365,True,walking_dual_task,P01,0,0.0
2026-04-01T14:05:34.760682,1850.3643275547347,95494,54.0,-3.149643600957059,8.397680360157553,5.9628808678604095,10.77020141356332,0.8485319922175414,True,walking_dual_task,P01,0,0.0
2026-04-01T14:05:34.761134,1893.489177632078,95494,63.0,-3.014114631425008,8.556029047188764,6.077409497523272,10.919039622068153,0.14883820850483254,True,walking_dual_task,P01,0,0.0
2026-04-01T14:05:34.819654,1925.4527811673272,95454,72.0,-3.4640370425365723,8.248049363976707,5.901686307015962,10.717265145972727,0.20177447609542654,True,walking_dual_task,P01,0,0.0
2026-04-01T14:05:34.820307,1940.9149036130714,95454,83.0,-3.436378506797889,8.337627361309412,5.8368305993575635,10.742128220405611,0.024863074432884602,True,walking_dual_task,P01,0,0.0
2026-04-01T14:05:34.820661,1901.0228913347864,95470,87.0,-3.5594685871123595,8.240300547066024,5.9546333406777645,10.771723536673576,0.029595316267965188,True,walking_dual_task,P01,0,0.0
2026-04-01T14:05:34.879633,1807.3213413014932,95470,89.0,-3.579259555070769,8.026273874053029,5.479975236746907,10.356751414378493,0.41497212229508307,True,walking_dual_task,P01,0,0.0
2026-04-01T14:05:34.880477,1984.3477100402429,95516,120.0,-3.458783777193162,8.20359929565111,5.719737939532848,10.581948247743108,0.22519683336461505,True,walking_dual_task,P01,0,0.0
2026-04-01T14:05:34.881103,1901.3232837518308,95516,71.0,-3.528843032685883,7.799530138041695,5.02907777049211,9.928596413653558,0.6533518340895501,True,walking_dual_task,P01,0,0.0
2026-04-01T14:05:34.940007,1837.2695814256238,95558,71.0,-3.67069719862985,7.761853187729417,5.156908498048581,10.015692092368853,0.08709567871529522,True,walking_dual_task,P01,0,0.0
2026-04-01T14:05:34.940410,1887.4827801426252,95558,87.0,-3.632209776488854,8.335270244104418,4.901846555361627,10.329461629484102,0.3137695371152489,True,walking_dual_task,P01,0,0.0
2026-04-01T14:05:34.941071,1839.9092944815532,95589,97.0,-4.446156686402947,8.680977586982943,5.14619140589311,11.02773626506519,0.6982746355810878,True,walking_dual_task,P01,0,0.0
2026-04-01T14:05:35.059819,1844.7130094297827,95589,55.0,-4.2129700586261665,8.556052716156886,5.182723410410072,10.854297616398252,0.17343864866693792,True,walking_dual_task,P01,0,0.0
2026-04-01T14:05:35.060709,1832.08850096119,95608,115.0,-4.023927467358031,8.643094470041875,5.127715471654454,10.82536559377425,0.02893202262400152,True,walking_dual_task,P01,0,0.0
2026-04-01T14:05:35.060753,1903.4365391741849,95608,65.0,-4.889214573241098,8.383299672513495,5.373174433091852,11.09302195214586,0.2676563583716085,True,walking_dual_task,P01,0,0.0
2026-04-01T14:05:35.061059,1932.3036499985326,95552,81.0,-4.655850070747052,8.24491903519468,5.463543443202243,10.931877091055732,0.16114486109012738,True,walking_dual_task,P01,0,0.0
2026-04-01T14:05:35.061860,1900.660658456302,95552,83.0,-4.597725962678056,8.045447353429488,5.680848665138227,10.869238644030785,0.06263844702494659,True,walking_dual_task,P01,0,0.0
2026-04-01T14:05:35.062234,1803.6212271031434,95464,114.0,-4.458498678490081,7.8898087552005265,5.416114489605177,10.557537062414124,0.3117015816166617,True,walking_dual_task,P01,0,0.0
2026-04-01T14:05:35.120501,1821.1184112538467,95464,57.0,-4.329837582238181,8.125591117019772,5.451514502586241,10.700081067985462,0.14254400557133806,True,walking_dual_task,P01,0,0.0
2026-04-01T14:05:35.120556,1877.9871806258564,95426,66.0,-4.237631182298703,8.320677801386548,5.394987283689378,10.784112615456465,0.08403154747100317,True,walking_dual_task,P01,0,0.0
2026-04-01T14:05:35.179779,1832.063409627087,95426,88.0,-4.257754746030599,8.251521711753677,5.577474844441868,10.831634764765209,0.04752214930874388,True,walking_dual_task,P01,0,0.0
2026-04-01T14:05:35.180319,1853.001236557543,95433,69.0,-4.24837157602376,8.56384753867265,5.450274561703234,11.00425547284075,0.17262070807554153,True,walking_dual_task,P01,0,0.0
2026-04-01T14:05:35.180845,1803.8544680530065,95433,74.0,-4.4527304693732725,8.450181620270047,5.324037658589223,10.93516140889155,0.06909406394919948,True,walking_dual_task,P01,0,0.0
2026-04-01T14:05:35.181490,1759.235478808757,95432,106.0,-4.525799666476782,8.40212024464934,5.439172887728912,10.984675185422322,0.04951377653077138,True,walking_dual_task,P01,0,0.0
2026-04-01T14:05:35.240116,1788.8079722492748,95432,50.0,-4.221905878243953,8.082576815292418,5.017800498670405,10.408211136612781,0.5764640488095409,True,walking_dual_task,P01,0,0.0
2026-04-01T14:05:35.240179,1944.1811733107695,95466,73.0,-4.386210985974668,8.163971434348895,5.074492995763617,10.565971586106203,0.15776044949342172,True,walking_dual_task,P01,0,0.0
2026-04-01T14:05:35.240770,1969.072040313735,95466,73.0,-3.736953051373918,8.928901941795074,5.457494562126988,11.111901497494042,0.5459299113878391,True,walking_dual_task,P01,0,0.0
2026-04-01T14:05:35.299882,1847.224774408803,95489,73.0,-3.015045324525194,9.974818506497131,6.278960179706153,12.16605291311995,1.054151415625908,True,walking_dual_task,P01,0,0.0
2026-04-01T14:05:35.299934,1872.625415761374,95489,99.0,-2.981468016357266,10.127871323572629,6.167934749639654,12.22727885325343,0.061225940133480705,True,walking_dual_task,P01,0,0.0
2026-04-01T14:05:35.360122,1985.6806060177473,95459,72.0,-2.6491365368981583,9.611726834962246,5.677716721494851,11.473433850012139,0.7538450032412918,True,walking_dual_task,P01,0,0.0
2026-04-01T14:05:35.360190,1907.9761695698721,95459,73.0,-2.6849269827340665,9.755201859560868,5.614601735164057,11.571367631697669,0.09793378168552991,True,walking_dual_task,P01,0,0.0
2026-04-01T14:05:35.361336,1842.3387266597763,95461,84.0,-2.96687611313904,9.405633586394718,5.397621049600194,11.242891533200812,0.3284760984968571,True,walking_dual_task,P01,0,0.0
2026-04-01T14:05:35.361378,1923.4398976508487,95461,89.0,-2.8884271074727437,9.63458862101807,5.254738784910815,11.348153539192191,0.10526200599137958,True,walking_dual_task,P01,0,0.0
2026-04-01T14:05:35.419453,1855.7111214556594,95463,85.0,-2.904684246765623,9.56991384548573,5.300582162259299,11.318860933958387,0.02929260523380428,True,walking_dual_task,P01,0,0.0
2026-04-01T14:05:35.420031,1925.5250853974005,95463,90.0,-2.77223640015739,9.504053082087596,5.247171330788373,11.204692169807423,0.11416876415096411,True,walking_dual_task,P01,0,0.0
2026-04-01T14:05:35.420066,1843.8719659440403,95467,68.0,-3.1306796214402484,9.5606948351723,5.213986762324528,11.3310943240751,0.12640215426767654,True,walking_dual_task,P01,0,0.0
2026-04-01T14:05:35.479719,1872.616163645057,95467,50.0,-2.994799927631694,9.581686312414824,5.442958413958578,11.419427984454513,0.08833366037941381,True,walking_dual_task,P01,0,0.0
2026-04-01T14:05:35.480134,1843.808484824631,95491,98.0,-2.9217738067765144,9.543739599845276,5.215942639277323,11.261695491525755,0.15773249292875846,True,walking_dual_task,P01,0,0.0
2026-04-01T14:05:35.480608,1871.7857303238054,95491,55.0,-2.923094492081579,9.51503577989681,5.367585495681355,11.30890628468567,0.04721079315991439,True,walking_dual_task,P01,0,0.0
2026-04-01T14:05:35.539680,1877.2929527599886,95557,90.0,-3.1507475020123326,9.498298970936812,5.242121728302668,11.297111727210597,0.01179455747507241,True,walking_dual_task,P01,0,0.0
2026-04-01T14:05:35.540564,1860.9864155042978,95557,74.0,-2.950319305442815,9.397937069342822,5.3543521920143835,11.211364437905216,0.085747289305381,True,walking_dual_task,P01,0,0.0
2026-04-01T14:05:35.540997,1879.8111193109721,95612,71.0,-2.958379997752977,9.482063168685512,5.219880835632369,11.220904156272315,0.009539718367099326,True,walking_dual_task,P01,0,0.0
2026-04-01T14:05:35.599617,1856.7191148212985,95612,83.0,-3.1149261342003784,9.376457600994076,5.178169786594899,11.155006243995041,0.06589791227727382,True,walking_dual_task,P01,0,0.0
2026-04-01T14:05:35.600171,1882.1923884237553,95643,80.0,-2.940076980011999,9.519527841967799,5.267213400226545,11.269826972315176,0.11482072832013479,True,walking_dual_task,P01,0,0.0
2026-04-01T14:05:35.600761,1906.655749695601,95643,94.0,-3.62477371450829,4.638595632693093,3.37419692520923,6.7853340975313134,4.484492874783863,True,walking_dual_task,P01,0,0.0
2026-04-01T14:05:35.659887,1847.2138400873669,95660,78.0,-3.2350101818891632,4.882849486169405,3.5897396832612345,6.869770081676086,0.08443598414477282,True,walking_dual_task,P01,0,0.0
2026-04-01T14:05:35.660529,1843.5421010466712,95660,78.0,-3.1765033926649977,5.827363833510208,3.6729341808810556,7.585432654028339,0.7156625723522527,True,walking_dual_task,P01,0,0.0
2026-04-01T14:05:35.660990,1945.2430566418866,95617,69.0,-3.092035862193854,5.710662245969566,3.8108136591720374,7.5295849690117205,0.05584768501661852,True,walking_dual_task,P01,0,0.0
2026-04-01T14:05:35.719783,1919.8460851822826,95617,54.0,-3.356920633591674,6.366156743466495,3.696327608903683,8.090717249722738,0.5611322807110177,True,walking_dual_task,P01,0,0.0
2026-04-01T14:05:35.720540,1822.4756359147523,95474,63.0,-3.361735524105817,6.28539887836339,3.7552675373662194,8.056645646381831,0.034071603340906975,True,walking_dual_task,P01,0,0.0
2026-04-01T14:05:35.720585,1940.5299760762384,95474,50.0,-3.5275269849844104,6.130757535083361,3.9284438809714817,8.090877944309684,0.03423229792785243,True,walking_dual_task,P01,0,0.0
2026-04-01T14:05:35.779703,1834.4194873885049,95400,109.0,-3.262241382979847,6.074423713201577,3.9815783998707843,7.962022911462231,0.12885503284745248,True,walking_dual_task,P01,0,0.0
2026-04-01T14:05:35.840588,1892.833680458536,95400,104.0,-3.384277772532392,6.141314360657908,3.958855803251344,8.052429284943564,0.09040637348133274,True,walking_dual_task,P01,0,0.0
2026-04-01T14:05:35.841239,1893.0085005297972,95377,76.0,-3.149100815229386,5.842649880962954,4.008145966120771,7.753620293883691,0.2988089910598726,True,walking_dual_task,P01,0,0.0
2026-04-01T14:05:35.841780,1994.7344543248605,95377,109.0,-3.272881486812727,5.981048991702135,3.9093562592734705,7.859247205030726,0.10562691114703426,True,walking_dual_task,P01,0,0.0
2026-04-01T14:05:35.842310,1851.0092982195797,95373,103.0,-3.3705583213154875,6.568890238187071,4.458215656130121,8.624770674939839,0.7655234699091134,True,walking_dual_task,P01,0,0.0
2026-04-01T14:05:35.842343,1859.04238404027,95373,89.0,-3.6373951005198135,7.852281736025024,5.604478114414184,10.310147744535248,1.6853770695954093,True,walking_dual_task,P01,0,0.0
2026-04-01T14:05:35.899711,1939.284257870016,95343,69.0,-3.730695219794983,7.925504924926903,5.592254343100203,10.3925465491363,0.08239880460105198,True,walking_dual_task,P01,0,0.0
2026-04-01T14:05:35.900533,1954.121437408591,95343,57.0,-3.4992766168933254,8.539291280065816,5.936234539039078,10.972844339997948,0.580297790861648,True,walking_dual_task,P01,0,0.0
2026-04-01T14:05:35.900579,1893.5046772348703,95328,76.0,-3.7195475902718558,8.63524335360183,6.092073735361194,11.20338450867859,0.2305401686806423,True,walking_dual_task,P01,0,0.0
2026-04-01T14:05:35.959785,1891.1831363029346,95328,92.0,-3.6561507500833086,8.681370296261521,5.962371639421571,11.148251167547548,0.05513334113104307,True,walking_dual_task,P01,0,0.0
2026-04-01T14:05:35.960159,1860.09911646021,95321,56.0,-3.7500142970788106,8.736049204655465,6.502748104722374,11.518111644185748,0.3698604766382001,True,walking_dual_task,P01,0,0.0
2026-04-01T14:05:36.079663,1970.2614283079322,95321,87.0,-2.4372243601278387,9.065185319323753,6.267063426208797,11.28688315893309,0.23122848525265738,True,walking_dual_task,P01,0,0.0
2026-04-01T14:05:36.080400,1838.980722580305,95300,85.0,-2.535006860739185,9.033513856029352,6.167821896721365,11.228208197247882,0.058674961685207805,True,walking_dual_task,P01,0,0.0
2026-04-01T14:05:36.080880,1874.5021129794877,95300,55.0,-3.9574517676678953,8.218984021734268,5.607578753592835,10.707850499548766,0.5203576976991169,True,walking_dual_task,P01,0,0.0
2026-04-01T14:05:36.081667,1933.7823062428038,95270,53.0,-3.9918214391367353,8.047743909673896,5.823827091885749,10.705969476597033,0.001881022951732092,True,walking_dual_task,P01,0,0.0
2026-04-01T14:05:36.082056,1853.418822206715,95270,93.0,-5.086123080363936,7.576341331153529,4.764060023324068,10.293972210016427,0.411997266580606,True,walking_dual_task,P01,0,0.0
2026-04-01T14:05:36.082695,1978.5541091157497,95344,83.0,-5.35938122787922,7.228170158949862,4.295339784102305,9.970925476271974,0.32304673374445336,True,walking_dual_task,P01,0,0.0
2026-04-01T14:05:36.083178,1789.2974303906485,95344,126.0,-5.224825058680407,7.235732114767214,4.314514541195699,9.913105056271595,0.0578204200003789,True,walking_dual_task,P01,0,0.0
2026-04-01T14:05:36.140527,1934.680796058101,95449,75.0,-4.3701916422107105,7.799315866403098,4.993242395216678,10.240135379523291,0.32703032325169623,True,walking_dual_task,P01,0,0.0
2026-04-01T14:05:36.141611,1907.861078651135,95449,108.0,-4.1794904040248095,7.813925855744064,5.016128364938085,10.18268732162279,0.057448057900501226,True,walking_dual_task,P01,0,0.0
2026-04-01T14:05:36.142213,1907.581498345073,95454,54.0,-3.868118578374546,8.504876549695084,5.54591126027026,10.865192044723008,0.6825047231002177,True,walking_dual_task,P01,0,0.0
2026-04-01T14:05:36.199613,1864.7979595104057,95454,70.0,-4.111827615163715,8.000670454050807,5.649320196375941,10.622272484375722,0.24291956034728557,True,walking_dual_task,P01,0,0.0
2026-04-01T14:05:36.200161,1937.6724787492603,95443,75.0,-4.227182905727947,7.970165978584075,5.717747742026583,10.681070184494985,0.05879770011926233,True,walking_dual_task,P01,0,0.0
2026-04-01T14:05:36.200993,1824.8892943555309,95443,79.0,-4.051438505185635,7.7076254776020345,5.73834828065395,10.42834049378735,0.2527296907076355,True,walking_dual_task,P01,0,0.0
2026-04-01T14:05:36.259638,1888.6511228430688,95477,88.0,-4.266761362595897,7.728712446447572,5.619162077764125,10.464856953699714,0.03651645991236485,True,walking_dual_task,P01,0,0.0
2026-04-01T14:05:36.259986,1869.1575076021436,95477,54.0,-3.6146307091718213,7.828337552962577,5.493575105858415,10.223883384043432,0.24097356965628158,True,walking_dual_task,P01,0,0.0
2026-04-01T14:05:36.260417,1908.9965435080805,95507,79.0,-3.493606806307393,7.770607094763404,5.530539247238921,10.157484309784325,0.06639907425910785,True,walking_dual_task,P01,0,0.0
2026-04-01T14:05:36.321298,1877.2997611923474,95507,101.0,-3.2400545939630008,7.422593681020646,5.290360621649759,9.673715223867756,0.48376908591656864,True,walking_dual_task,P01,0,0.0
2026-04-01T14:05:36.323430,1967.950019492916,95478,60.0,-3.4631208305125147,7.731511231889392,5.272643625393276,9.978488994630494,0.30477377076273804,True,walking_dual_task,P01,0,0.0
2026-04-01T14:05:36.323982,1892.2695621268247,95478,93.0,-3.3981938165564065,7.8417793201716215,5.104553936456102,9.954782519540192,0.023706475090301993,True,walking_dual_task,P01,0,0.0
2026-04-01T14:05:36.380247,1925.5397915420742,95351,50.0,-3.7987436445457896,7.893055999037421,5.081917632639585,10.127026864082605,0.17224434454241333,True,walking_dual_task,P01,0,0.0
2026-04-01T14:05:36.380886,1853.2919866689929,95351,50.0,-3.9568159765371687,7.968543566627636,5.095566024310213,10.252749502134881,0.12572263805227557,True,walking_dual_task,P01,0,0.0
2026-04-01T14:05:36.381266,1858.8793073772792,95317,86.0,-3.819323772950011,7.833306250839788,5.054126491703285,10.074329530852351,0.17841997128252984,True,walking_dual_task,P01,0,0.0
2026-04-01T14:05:36.440127,1890.3092944691427,95317,63.0,-3.874980165377452,7.8969055805070205,5.046262981487147,10.141072877552904,0.06674334670055337,True,walking_dual_task,P01,0,0.0
2026-04-01T14:05:36.440177,1775.0994462530296,95337,92.0,-3.73495598130236,7.844364614419682,5.190412680638117,10.120490906154448,0.020581971398456744,True,walking_dual_task,P01,0,0.0
2026-04-01T14:05:36.440632,1817.9786157177973,95337,69.0,-3.9036376276171336,7.8183856351447485,5.047708294701902,10.091823407887619,0.028667498266829128,True,walking_dual_task,P01,0,0.0
2026-04-01T14:05:36.499639,1935.8617141559762,95371,95.0,-3.81759642562071,7.943889588301262,5.160703189613627,10.213338419504245,0.12151501161662637,True,walking_dual_task,P01,0,0.0
2026-04-01T14:05:36.500318,1873.224967667627,95371,67.0,-3.908198501848099,7.9350201435926415,5.143392165349291,10.231961843930282,0.01862342442603726,True,walking_dual_task,P01,0,0.0
2026-04-01T14:05:36.500569,1935.1279053252235,95419,59.0,-3.8814065296449147,7.9315938726651956,5.1490294326183115,10.221937297168278,0.01002454676200415,True,walking_dual_task,P01,0,0.0
2026-04-01T14:05:36.560491,1877.6579625721934,95419,50.0,-3.875523937926564,7.931549390609967,5.058727001974776,10.17447199660188,0.04746530056639742,True,walking_dual_task,P01,0,0.0
2026-04-01T14:05:36.561087,1974.3067858462196,95464,92.0,-3.8603204905535535,7.954067089787715,5.221673694139649,10.268161165793106,0.09368916919122583,True,walking_dual_task,P01,0,0.0
2026-04-01T14:05:36.561564,1931.5254757853202,95464,79.0,-3.91094940243687,7.844498424921015,5.112019131874061,10.147138531214404,0.12102263457870244,True,walking_dual_task,P01,0,0.0
2026-04-01T14:05:36.619904,1792.7835857952382,95477,105.0,-3.873325845095101,8.01194068173992,5.035784068312606,10.225114560369086,0.07797602915468183,True,walking_dual_task,P01,0,0.0
2026-04-01T14:05:36.620602,1803.1781838306872,95477,81.0,-5.300885368632307,8.016187519149792,5.219232216827291,10.936134278926941,0.7110197185578553,True,walking_dual_task,P01,0,0.0
2026-04-01T14:05:36.621137,1897.5533728640405,95481,103.0,-5.288380648683436,7.808938732377413,5.224384092299682,10.781497259437929,0.15463701948901232,True,walking_dual_task,P01,0,0.0
2026-04-01T14:05:36.680212,1907.249671776922,95481,100.0,-4.858971557029655,8.374414560813504,5.32516861056986,11.049789344570645,0.26829208513271574,True,walking_dual_task,P01,0,0.0
2026-04-01T14:05:36.680615,1901.0867703722374,95493,50.0,-4.9666854724865415,8.390836896834601,5.354221266435073,11.123928882451352,0.0741395378807077,True,walking_dual_task,P01,0,0.0
2026-04-01T14:05:36.799547,1896.1306624370554,95493,97.0,-4.546383031352,9.541256738955797,5.871861988086972,12.090655153198915,0.9667262707475626,True,walking_dual_task,P01,0,0.0
2026-04-01T14:05:36.800357,1816.9776562564416,95503,70.0,-4.68601943503299,9.372202648159723,6.076889020881605,12.113031858118365,0.02237670491945032,True,walking_dual_task,P01,0,0.0
2026-04-01T14:05:36.801129,1927.1529319138888,95503,58.0,-4.076640125378295,9.472003656989283,6.247063564382241,12.056684916149003,0.05634694196936252,True,walking_dual_task,P01,0,0.0
2026-04-01T14:05:36.801164,1840.7922965769135,95480,89.0,-4.183097476170827,8.75837135448168,5.421620895107196,11.117614240852888,0.9390706752961151,True,walking_dual_task,P01,0,0.0
2026-04-01T14:05:36.801762,1901.3296891814316,95480,83.0,-4.239635882321509,8.605050115225488,5.38790262682213,11.002313148439608,0.11530109241327935,True,walking_dual_task,P01,0,0.0
2026-04-01T14:05:36.802184,1845.4105837286809,95519,69.0,-3.688701474540491,8.380779191220475,5.091425647257011,10.476955356486815,0.5253577919527928,True,walking_dual_task,P01,0,0.0
2026-04-01T14:05:36.803007,1900.2172249876774,95519,93.0,-3.61259209163334,8.715082043899377,4.922564922175753,10.64119927759387,0.16424392110705455,True,walking_dual_task,P01,0,0.0
2026-04-01T14:05:36.859710,1880.7472049069695,95579,97.0,-3.1766588955614856,8.5950628009557,4.976148495820509,10.427287285942548,0.21391199165132235,True,walking_dual_task,P01,0,0.0
2026-04-01T14:05:36.860479,1813.7141047497619,95579,97.0,-3.5259849703829724,8.096947182653736,5.226033919071064,10.261800729566529,0.1654865563760186,True,walking_dual_task,P01,0,0.0
2026-04-01T14:05:36.860973,1881.6895982531169,95599,63.0,-3.5219597558144358,8.367639487993113,5.045776783207931,10.386599754903349,0.12479902533682008,True,walking_dual_task,P01,0,0.0
2026-04-01T14:05:36.920056,1871.6702759749485,95599,73.0,-3.5026723603523178,7.121323040358393,4.690464023680988,9.218590362227895,1.1680093926754544,True,walking_dual_task,P01,0,0.0
2026-04-01T14:05:36.920463,1878.788595997018,95601,66.0,-3.35279019340099,6.99652270597413,4.734569125861618,9.088931557875187,0.12965880435270805,True,walking_dual_task,P01,0,0.0
2026-04-01T14:05:36.920707,1857.8939525108226,95601,70.0,-3.376644256959798,6.960227839722483,4.585795074384455,8.99310927783913,0.09582228003605664,True,walking_dual_task,P01,0,0.0
2026-04-01T14:05:36.979584,1912.2227950218391,95542,94.0,-3.2703459585841137,5.984347598506651,3.522040753874789,7.675438094371855,1.317671183467275,True,walking_dual_task,P01,0,0.0
2026-04-01T14:05:36.980068,1917.3804882777831,95542,83.0,-2.982289822893574,5.267623451425487,3.1507747994189166,6.824169638160796,0.8512684562110593,True,walking_dual_task,P01,0,0.0
2026-04-01T14:05:36.980721,1837.0179083482926,95467,91.0,-3.0193741753663743,5.245003202413804,2.9870843249359433,6.749025986650107,0.07514365151068869,True,walking_dual_task,P01,0,0.0
2026-04-01T14:05:37.039717,1865.5166725072122,95467,75.0,-2.67580144440156,5.5413315019163765,3.0509193905722696,6.868360598553497,0.11933461190338956,True,walking_dual_task,P01,0,0.0
2026-04-01T14:05:37.040032,1818.3905321145378,95430,79.0,-2.9070019904105293,5.420668065724302,3.119903838085539,6.896963303506471,0.028602704952974456,True,walking_dual_task,P01,0,0.0
2026-04-01T14:05:37.040396,1904.8556649216596,95430,76.0,-2.7001457391964045,5.617649216278948,3.410964661038832,7.105170627713012,0.20820732420654142,True,walking_dual_task,P01,0,0.0
2026-04-01T14:05:37.099507,1813.6014015058686,95433,92.0,-2.3702415881189576,6.141563027070498,3.711866814234906,7.5574332182392725,0.45226259052626006,True,walking_dual_task,P01,0,0.0
2026-04-01T14:05:37.100244,1912.3508064800283,95433,71.0,-2.5236636263788594,6.079427504692999,3.8471325795310767,7.624221007317067,0.06678778907779481,True,walking_dual_task,P01,0,0.0
2026-04-01T14:05:37.160289,1820.1329321847713,95427,98.0,-2.3110081849144866,6.600812408150182,4.416042942846465,8.27121022289938,0.6469892155823134,True,walking_dual_task,P01,0,0.0
2026-04-01T14:05:37.161136,1885.4451054772717,95427,119.0,-2.4222907456971656,6.7326243426894585,4.4952503552265375,8.450029511938352,0.17881928903897126,True,walking_dual_task,P01,0,0.0
2026-04-01T14:05:37.161352,1861.1601915170043,95409,82.0,-2.8163959131196243,6.155319042218316,4.654003676225298,8.214608248069467,0.23542126386888462,True,walking_dual_task,P01,0,0.0
2026-04-01T14:05:37.161610,1879.5097104062115,95409,88.0,-2.8718919735644937,6.152668714316892,4.729077598919488,8.274495196237662,0.059886948168195175,True,walking_dual_task,P01,0,0.0
2026-04-01T14:05:37.219530,1853.5447479534869,95413,84.0,-2.897265676363917,6.1723759629953845,4.861883780151148,8.374382802314239,0.09988760607657632,True,walking_dual_task,P01,0,0.0
2026-04-01T14:05:37.219956,1795.3280338324257,95413,84.0,-2.552382986804,6.1790956474288965,4.604449159583311,8.117686492750794,0.2566963095634449,True,walking_dual_task,P01,0,0.0
2026-04-01T14:05:37.279716,1893.9667527644672,95402,56.0,-2.570205787715894,6.1659518100378365,4.659960402809178,8.144946314781125,0.027259822030330838,True,walking_dual_task,P01,0,0.0
2026-04-01T14:05:37.280176,1791.8511380507994,95402,101.0,-2.56474689804514,6.637152607757182,4.643634860872271,8.49665028766033,0.3517039728792053,True,walking_dual_task,P01,0,0.0
2026-04-01T14:05:37.280761,1877.7918581788626,95362,89.0,-2.5943426119508977,6.712663414039078,4.584611282630686,8.532826279210632,0.03617599155030149,True,walking_dual_task,P01,0,0.0
2026-04-01T14:05:37.339990,1916.2474095830325,95362,66.0,-3.02126108267135,7.0991191636144135,4.771854004858038,9.071719907081652,0.5388936278710208,True,walking_dual_task,P01,0,0.0
2026-04-01T14:05:37.399482,1868.1995037970244,95348,82.0,-3.543737430732876,7.615184799331719,4.534158931912988,9.545035972996459,0.47331606591480657,True,walking_dual_task,P01,0,0.0
2026-04-01T14:05:37.400258,1918.4721602228742,95348,79.0,-3.4226891599623706,7.612709972876467,4.7783794610155415,9.61774737089262,0.07271139789616043,True,walking_dual_task,P01,0,0.0
2026-04-01T14:05:37.400461,1890.035680235426,95345,100.0,-3.448559572219235,9.42968964472597,5.140272108338424,11.279805284966539,1.6620579140739196,True,walking_dual_task,P01,0,0.0
2026-04-01T14:05:37.401282,1974.0258716591875,95345,94.0,-3.3650928671867826,9.331280484718937,5.178156475812052,11.189725196682987,0.09008008828355152,True,walking_dual_task,P01,0,0.0
2026-04-01T14:05:37.401802,1867.6693433821351,95289,77.0,-3.5541437896752424,9.472346047024043,5.312844476738289,11.427317889437909,0.23759269275492123,True,walking_dual_task,P01,0,0.0
2026-04-01T14:05:37.402316,1866.0524265473166,95289,105.0,-3.3999189893911512,9.507147687133173,5.062485769449586,11.29486912032467,0.132448769113239,True,walking_dual_task,P01,0,0.0
2026-04-01T14:05:37.460570,1912.5140084631112,95260,50.0,-3.4796678061884103,9.472952549572206,5.144425776596805,11.32740193595973,0.03253281563505972,True,walking_dual_task,P01,0,0.0
2026-04-01T14:05:37.460943,1947.0598357520316,95260,97.0,-3.5554686514108114,9.362758381066799,5.09565085712118,11.236915034433668,0.0904869015260612,True,walking_dual_task,P01,0,0.0
2026-04-01T14:05:37.520209,1914.4885422682955,95264,97.0,-3.498510001435352,9.358052386202402,5.142538995773198,11.23647738466552,0.00043764976814841816,True,walking_dual_task,P01,0,0.0
2026-04-01T14:05:37.520639,1809.607759727468,95264,92.0,-3.4447537187310453,9.39110068901649,5.171791520305158,11.260840459906076,0.024363075240556142,True,walking_dual_task,P01,0,0.0
2026-04-01T14:05:37.520717,1837.9921133431064,95288,77.0,-3.4640314001409593,9.428294073707521,5.284585406190859,11.349849584765266,0.08900912485919044,True,walking_dual_task,P01,0,0.0
2026-04-01T14:05:37.520958,1846.2575617415164,95288,81.0,-3.5947268925680063,9.372300663593123,5.180353039382116,11.295934612663764,0.0539149721015022,True,walking_dual_task,P01,0,0.0
2026-04-01T14:05:37.579900,1888.287810173723,95337,74.0,-3.586328303428899,9.47507265847098,5.340414540567818,11.452457380334916,0.15652276767115225,True,walking_dual_task,P01,0,0.0
2026-04-01T14:05:37.579961,1879.8561186098195,95337,78.0,-3.519413894668967,9.289864150574733,5.166088164983369,11.197156649190179,0.2553007311447377,True,walking_dual_task,P01,0,0.0
2026-04-01T14:05:37.580827,1813.8149222864397,95315,92.0,-3.4742131915925194,9.430728999608815,5.398092161098569,11.408251651520139,0.21109500232996048,True,walking_dual_task,P01,0,0.0
2026-04-01T14:05:37.639825,1887.95021305562,95315,91.0,-1.7531090367029476,8.439617698720713,6.193875750684835,10.61435984928206,0.793891802238079,True,walking_dual_task,P01,0,0.0
2026-04-01T14:05:37.640464,1886.4667928422753,95154,94.0,-1.408368304985784,8.631478148395496,7.046891993668237,11.231411446436416,0.6170515971543562,True,walking_dual_task,P01,0,0.0
2026-04-01T14:05:37.640752,1764.6785399371336,95154,73.0,-2.174914722355759,8.608157449576499,7.211890278166583,11.438618365455369,0.20720691901895272,True,walking_dual_task,P01,0,0.0
2026-04-01T14:05:37.699485,1846.60729623831,95010,91.0,-2.010732735250342,8.759850826319626,7.226519620253017,11.532589408015953,0.0939710425605842,True,walking_dual_task,P01,0,0.0
2026-04-01T14:05:37.700061,1872.1700654624408,95010,91.0,-3.406673474326916,8.317467029478982,6.727709014133956,11.227098936324193,0.30549047169176013,True,walking_dual_task,P01,0,0.0
2026-04-01T14:05:37.700400,1781.7206754271751,94998,91.0,-3.3902610857387288,8.408313812187062,6.617630324547164,11.224377154481948,0.0027217818422453632,True,walking_dual_task,P01,0,0.0
2026-04-01T14:05:37.819642,1822.7113272019774,94998,68.0,-3.824997605151518,7.722747481029082,5.470373997733954,10.207665110603877,1.016712043878071,True,walking_dual_task,P01,0,0.0
2026-04-01T14:05:37.820207,1874.4464289988248,95064,67.0,-3.4849392656170033,6.780744276869746,5.220747026716241,9.240102496742526,0.9675626138613502,True,walking_dual_task,P01,0,0.0
2026-04-01T14:05:37.820347,1976.9306306806936,95064,112.0,-3.425781817184511,6.5769796084685055,5.046312893849462,8.969833646829459,0.27026884991306765,True,walking_dual_task,P01,0,0.0
2026-04-01T14:05:37.820956,1869.0085370757115,95121,62.0,-2.943471211582168,7.1854909815134835,4.452915299351644,8.951187523564935,0.018646123264524306,True,walking_dual_task,P01,0,0.0
2026-04-01T14:05:37.821462,1939.4441423448413,95121,92.0,-2.9603136186448773,7.309596574031958,4.583556253572401,9.121548482878152,0.17036095931321782,True,walking_dual_task,P01,0,0.0
2026-04-01T14:05:37.822505,1820.039025404218,95153,50.0,-3.100132899878686,7.834666008355981,4.208492877207534,9.41829218897489,0.2967437060967377,True,walking_dual_task,P01,0,0.0
2026-04-01T14:05:37.880034,1834.5834737754308,95153,50.0,-3.6449453422589637,8.886272966071381,4.45726383976612,10.588610612959236,1.1703184239843463,True,walking_dual_task,P01,0,0.0
2026-04-01T14:05:37.880823,1853.676392033889,95153,79.0,-3.490946032634713,8.93999154244085,4.505743535853299,10.602446783293269,0.013836170334032616,True,walking_dual_task,P01,0,0.0
2026-04-01T14:05:37.881157,1843.68151600445,95153,92.0,-3.7358778539725646,9.206312204380053,4.79370784648008,11.031437017076446,0.4289902337831766,True,walking_dual_task,P01,0,0.0
2026-04-01T14:05:37.939778,1781.5407828948905,95140,101.0,-3.6937920164318157,9.257030057067192,4.786892792122407,11.056719565104936,0.025282548028490837,True,walking_dual_task,P01,0,0.0
2026-04-01T14:05:37.940298,1831.3466880210426,95140,66.0,-3.9304787757933255,9.164271664430935,4.618538914590055,10.989242023544492,0.06747754156044472,True,walking_dual_task,P01,0,0.0
2026-04-01T14:05:37.940327,1823.3089879761492,95135,50.0,-4.306280225573316,8.738817202870015,6.165948786430785,11.529522970323965,0.5402809467794736,True,walking_dual_task,P01,0,0.0
2026-04-01T14:05:37.999508,1839.6140425766546,95135,81.0,-4.111099529093014,8.774808819566486,6.153146958241428,11.478659618952308,0.05086335137165676,True,walking_dual_task,P01,0,0.0
2026-04-01T14:05:38.000117,1809.9958007138787,95139,79.0,-4.40087460942836,8.829406632723424,6.088491468659732,11.592922288096041,0.11426266914373251,True,walking_dual_task,P01,0,0.0
2026-04-01T14:05:38.001040,1830.3177114242674,95139,105.0,-4.244833267355742,8.550756427128364,6.183564514367336,11.374116011676248,0.21880627641979267,True,walking_dual_task,P01,0,0.0
2026-04-01T14:05:38.059872,1720.4821267670313,95150,66.0,-4.254964547435223,8.476249913323025,6.425327286582219,11.455844213009238,0.08172820133298941,True,walking_dual_task,P01,0,0.0
2026-04-01T14:05:38.119895,1789.5654293262419,95150,100.0,-4.076777727131427,8.429649247156142,6.109611802264724,11.18062875874552,0.2752154542637175,True,walking_dual_task,P01,0,0.0
2026-04-01T14:05:38.120418,1904.4837054607199,95167,68.0,-4.006430533008643,8.434986012681707,5.595804903037637,10.88639091539616,0.2942378433493609,True,walking_dual_task,P01,0,0.0
2026-04-01T14:05:38.121009,1852.4859092914448,95167,108.0,-4.450806704878415,8.2617856877326,5.475910540753792,10.86519117754273,0.021199737853429212,True,walking_dual_task,P01,0,0.0
2026-04-01T14:05:38.121816,1826.8797182820501,95213,93.0,-4.696794892369529,8.08719718059189,5.21114384024994,10.706010490492563,0.15918068705016708,True,walking_dual_task,P01,0,0.0
2026-04-01T14:05:38.122241,1918.3714206777968,95213,71.0,-4.718034620274563,8.22429696223791,5.237901242269347,10.83210601060347,0.12609552011090663,True,walking_dual_task,P01,0,0.0
2026-04-01T14:05:38.179586,1921.8498245527358,95261,92.0,-4.136051460733834,8.831075615369167,5.002037527634065,10.959707917552635,0.12760190694916496,True,walking_dual_task,P01,0,0.0
2026-04-01T14:05:38.180278,1793.714441774777,95261,77.0,-4.02720420595587,9.010978257526203,5.325058879646736,11.214827459474495,0.2551195419218608,True,walking_dual_task,P01,0,0.0
2026-04-01T14:05:38.180790,1853.5909128168748,95276,64.0,-3.9607183920578906,10.286517415317963,5.9020494362027955,12.503356279983672,1.2885288205091765,True,walking_dual_task,P01,0,0.0
2026-04-01T14:05:38.239557,1880.7157346694949,95276,67.0,-3.588492446286577,9.96764053937345,5.873228564251395,12.113048737917113,0.3903075420665587,True,walking_dual_task,P01,0,0.0
2026-04-01T14:05:38.240084,1914.7482972444036,95234,60.0,-3.608890825393617,9.813499088614668,5.98662328179515,12.048589779305413,0.06445895861170037,True,walking_dual_task,P01,0,0.0
2026-04-01T14:05:38.299685,1861.653978512594,95234,79.0,-3.212703945995666,7.760249590658026,4.782668201755231,9.665239546022892,2.3833502332825205,True,walking_dual_task,P01,0,0.0
2026-04-01T14:05:38.300303,1845.6881743235624,95181,79.0,-3.1898836181568178,7.963763629473583,4.723442606547138,9.793252713008906,0.12801316698601362,True,walking_dual_task,P01,0,0.0
2026-04-01T14:05:38.300777,1734.4580470243845,95181,59.0,-2.54193589872145,7.116447994409532,3.621274118696987,8.379671617258573,1.4135810957503328,True,walking_dual_task,P01,0,0.0
2026-04-01T14:05:38.301211,1810.2526110800186,95133,52.0,-2.5166207044751525,7.093111999008079,3.722743146013499,8.396691856431072,0.017020239172499174,True,walking_dual_task,P01,0,0.0
2026-04-01T14:05:38.359804,1783.304676097925,95133,105.0,-2.919612287395579,7.744498386038443,4.348015823774891,9.3491514461934,0.9524595897623271,True,walking_dual_task,P01,0,0.0
2026-04-01T14:05:38.360410,1848.9157607332063,95058,105.0,-3.614866720846599,8.113795706215766,5.060933938411856,10.223208620617042,0.8740571744236423,True,walking_dual_task,P01,0,0.0
2026-04-01T14:05:38.360939,1821.7236131605318,95058,72.0,-3.616622880102168,8.007287830995867,4.852223084073621,10.036966091549274,0.1862425290677674,True,walking_dual_task,P01,0,0.0
2026-04-01T14:05:38.419435,1832.632765800848,95023,64.0,-3.6276307738495683,8.175209589306828,4.987631066483271,10.240616217582991,0.20365012603371646,True,walking_dual_task,P01,0,0.0
2026-04-01T14:05:38.419845,1851.0058021859247,95023,108.0,-3.54211694506278,8.020531560411314,5.0048817313755425,10.095759511255777,0.14485670632721437,True,walking_dual_task,P01,0,0.0
2026-04-01T14:05:38.420613,1773.794197299612,95129,111.0,-3.5538608198865176,8.122282516484187,4.966423833016831,10.162025668825422,0.06626615756964505,True,walking_dual_task,P01,0,0.0
2026-04-01T14:05:38.540143,1790.0299287180692,95129,100.0,-3.519855925445457,8.146735151789281,4.976783288146948,10.17482438504328,0.012798716217858441,True,walking_dual_task,P01,0,0.0
2026-04-01T14:05:38.599749,1839.914693903219,95244,97.0,-3.5024733072288163,7.889443268172892,4.958454273691097,9.954742745739562,0.22008163930371794,True,walking_dual_task,P01,0,0.0
2026-04-01T14:05:38.600233,1817.1775887608455,95244,50.0,-3.4721987595391504,7.886135332469627,4.829753739437244,9.8779459348277,0.07679681091186197,True,walking_dual_task,P01,0,0.0
2026-04-01T14:05:38.600619,1829.5266858755122,95275,87.0,-3.7157324305693225,8.03562816342183,5.095709015610881,10.21490273317082,0.3369567983431203,True,walking_dual_task,P01,0,0.0
2026-04-01T14:05:38.600995,1719.0227256928324,95275,63.0,-3.587368417612851,7.874690200689053,5.0885144576785795,10.038572473540162,0.1763302596306584,True,walking_dual_task,P01,0,0.0
2026-04-01T14:05:38.601759,1810.843107085058,95255,62.0,-3.525049626547296,7.888887750627129,4.912557539221099,9.939504333103038,0.09906814043712409,True,walking_dual_task,P01,0,0.0
2026-04-01T14:05:38.602423,1796.887618710945,95255,69.0,-3.604162766645674,7.871236041679442,5.026185731905518,10.010439005554105,0.07093467245106666,True,walking_dual_task,P01,0,0.0
2026-04-01T14:05:38.659743,1930.9372403518055,95205,66.0,-3.636809025074465,8.115872966664412,5.107011631676732,10.255502996049424,0.24506399049531957,True,walking_dual_task,P01,0,0.0
2026-04-01T14:05:38.660351,1793.6142815373614,95205,115.0,-3.4545473496870533,6.285499240978821,3.715409273192645,8.077478824911958,2.1780241711374657,True,walking_dual_task,P01,0,0.0
2026-04-01T14:05:38.660814,1843.66735465524,95183,72.0,-3.8161424385292926,5.686307830743522,3.8149783066688783,7.839075158299832,0.2384036666121263,True,walking_dual_task,P01,0,0.0
2026-04-01T14:05:38.661270,1834.589590988515,95183,75.0,-4.017043174978103,5.21907195424406,4.034844339959238,7.723685440313851,0.1153897179859813,True,walking_dual_task,P01,0,0.0
2026-04-01T14:05:38.661805,1886.1793092459818,95200,59.0,-4.0974401013516015,5.256570185069281,3.933674856060778,7.7391435810384275,0.01545814072457663,True,walking_dual_task,P01,0,0.0
2026-04-01T14:05:38.720739,1779.1544431433795,95200,50.0,-3.5830406563900343,6.139851490683261,4.348922357382572,8.333611602632521,0.5944680215940936,True,walking_dual_task,P01,0,0.0
2026-04-01T14:05:38.721588,1825.4788507729793,95198,88.0,-3.5224665548540997,6.21089775101208,4.473759810505441,8.426004293001892,0.09239269036937081,True,walking_dual_task,P01,0,0.0
2026-04-01T14:05:38.722316,1736.42111943789,95198,62.0,-2.903373267440612,6.798041307667155,4.439240039175384,8.622632665042365,0.19662837204047356,True,walking_dual_task,P01,0,0.0
2026-04-01T14:05:38.779757,1800.206154732718,95146,90.0,-3.046997358188514,7.261892696133034,5.343419994504687,9.5169015792237,0.8942689141813354,True,walking_dual_task,P01,0,0.0
2026-04-01T14:05:38.780438,1836.3273475563117,95146,76.0,-3.145245251063732,7.207313625485531,5.263698741413745,9.462793552953007,0.05410802627069344,True,walking_dual_task,P01,0,0.0
2026-04-01T14:05:38.780901,1847.5359289518833,95108,72.0,-3.183721750269028,7.6068848902865,6.390623631154393,10.432681932862426,0.9698883799094187,True,walking_dual_task,P01,0,0.0
2026-04-01T14:05:38.839807,1794.1227301199217,95108,65.0,-3.1154488013794004,7.651107367144315,6.423252305149646,10.464398470681274,0.03171653781884842,True,walking_dual_task,P01,0,0.0
2026-04-01T14:05:38.840246,1836.1308319451762,95058,63.0,-3.591000655048357,7.931535219834976,7.416138942525385,11.436942487521826,0.9725440168405513,True,walking_dual_task,P01,0,0.0
2026-04-01T14:05:38.840700,1814.058064339014,95058,91.0,-3.0669147607763225,8.165745159788894,7.964605490436089,11.811871180417103,0.37492869289527775,True,walking_dual_task,P01,0,0.0
2026-04-01T14:05:38.901817,1762.2297077222731,95002,78.0,-3.000232013022753,8.400460186959826,8.05576840538983,12.01933975249642,0.2074685720793159,True,walking_dual_task,P01,0,0.0
2026-04-01T14:05:38.902342,1828.0232217919092,95002,98.0,-2.4681913278406005,8.586017212562096,7.270989247349171,11.518634669104989,0.5007050833914306,True,walking_dual_task,P01,0,0.0
2026-04-01T14:05:38.902737,1777.1662166919562,94840,88.0,-2.5094999002827096,8.670503269375216,7.2378799941685745,11.569880012504491,0.051245343399502374,True,walking_dual_task,P01,0,0.0
2026-04-01T14:05:38.960072,1814.46815337382,94840,94.0,-4.552133515557768,7.706543671098158,5.7496117806772675,10.638175150208339,0.9317048622961526,True,walking_dual_task,P01,0,0.0
2026-04-01T14:05:38.960496,1803.338016871317,94672,85.0,-4.326401997401068,7.657934450889186,5.6104799066769155,10.4326026992528,0.2055724509555379,True,walking_dual_task,P01,0,0.0
2026-04-01T14:05:38.960517,1816.1745331823277,94672,64.0,-5.094956991844679,7.014288316661795,4.190482531067972,9.629069071368788,0.8035336278840131,True,walking_dual_task,P01,0,0.0
2026-04-01T14:05:39.019864,1748.1603159321148,94730,90.0,-4.6847778763521495,7.571829200747657,4.378557999445674,9.922273497065236,0.2932044256964481,True,walking_dual_task,P01,0,0.0
2026-04-01T14:05:39.020542,1820.3392627409225,94730,99.0,-4.643249510749393,7.381121378120089,4.304888250682941,9.724853812190903,0.19741968487433326,True,walking_dual_task,P01,0,0.0
2026-04-01T14:05:39.020580,1737.7052745311123,94804,77.0,-3.0759978981642417,8.938005728289133,5.94580422267684,11.167018282551611,1.4421644703607086,True,walking_dual_task,P01,0,0.0
2026-04-01T14:05:39.080712,1834.9550514256443,94804,71.0,-2.9766870395466953,8.925140299719358,6.019419291535069,11.169252602944583,0.002234320392972222,True,walking_dual_task,P01,0,0.0
2026-04-01T14:05:39.081489,1806.3293619499314,94699,65.0,-2.9030673498507045,9.434275444002282,6.737087720841541,11.950803493882221,0.7815508909376376,True,walking_dual_task,P01,0,0.0
2026-04-01T14:05:39.081897,1834.0248733349522,94699,91.0,-3.9965825603478704,9.536739326301102,7.079849854931194,12.531813241022386,0.5810097471401647,True,walking_dual_task,P01,0,0.0
2026-04-01T14:05:39.140185,1759.6240054449377,94578,69.0,-4.032608627783515,9.538974122398708,7.071755759003111,12.54048201496497,0.008668773942584806,True,walking_dual_task,P01,0,0.0
2026-04-01T14:05:39.140681,1877.9892645477526,94578,68.0,-4.0758498523327535,8.399422702659097,6.5654214961201385,11.413483831785209,1.1269981831797615,True,walking_dual_task,P01,0,0.0
2026-04-01T14:05:39.141092,1836.7678817426179,94556,70.0,-4.071821782712205,8.433172193610629,6.664696644778864,11.494185801707912,0.0807019699227034,True,walking_dual_task,P01,0,0.0
2026-04-01T14:05:39.199413,1867.3043554362625,94556,103.0,-4.259744153300206,8.497048664095043,6.430049531697966,11.475660906094424,0.018524895613488468,True,walking_dual_task,P01,0,0.0
2026-04-01T14:05:39.199975,1821.611984907978,94612,65.0,-3.9906848665889276,7.459385342118346,5.813945497655127,10.264986976919953,1.2106739291744706,True,walking_dual_task,P01,0,0.0
2026-04-01T14:05:39.259556,1772.7612320891187,94612,97.0,-3.7016316260513222,7.33144594934816,5.47604928952629,9.871134292700019,0.3938526842199348,True,walking_dual_task,P01,0,0.0
2026-04-01T14:05:39.260495,1695.7006574969967,94628,50.0,-3.3792679699386636,7.064590127636727,5.409065889783288,9.517661450386473,0.35347284231354514,True,walking_dual_task,P01,0,0.0
2026-04-01T14:05:39.261093,1747.905845448268,94628,79.0,-3.656925487576845,7.71657927570562,5.356663560081923,10.080304768996232,0.5626433186097586,True,walking_dual_task,P01,0,0.0
2026-04-01T14:05:39.261555,1841.7742955180715,94604,86.0,-3.6722159864730393,7.684018490855807,5.523421207550316,10.150738507869205,0.070433738872973,True,walking_dual_task,P01,0,0.0
2026-04-01T14:05:39.319546,1785.2232394327727,94604,78.0,-4.538319369723204,8.147075762932069,6.000424826445387,11.089467267925096,0.9387287600558913,True,walking_dual_task,P01,0,0.0
2026-04-01T14:05:39.319917,1783.29933992721,94590,78.0,-4.332898640963555,8.230544029904182,5.875819874559383,11.001869152981335,0.08759811494376102,True,walking_dual_task,P01,0,0.0
2026-04-01T14:05:39.320511,1770.8938249393475,94590,91.0,-4.55147855035193,8.249503856141546,6.142079990880416,11.247018159547068,0.24514900656573246,True,walking_dual_task,P01,0,0.0
2026-04-01T14:05:39.379856,1793.0301149630368,94585,50.0,-4.639764713829911,7.733438570340656,6.434635735525312,11.078719500458211,0.16829865908885644,True,walking_dual_task,P01,0,0.0
2026-04-01T14:05:39.380677,1798.7647012709042,94585,76.0,-4.565417224442477,7.587061199663586,6.437450712632979,10.947479333538638,0.1312401669195733,True,walking_dual_task,P01,0,0.0
2026-04-01T14:05:39.381125,1760.0661632199613,94605,82.0,-4.638384901361173,7.400718276759848,6.469047931348554,10.868938616223184,0.07854071731545353,True,walking_dual_task,P01,0,0.0
2026-04-01T14:05:39.440458,1895.930880962549,94605,73.0,-4.533191129337083,7.718225018696625,6.633190941160157,11.140917436020434,0.27197881979724947,True,walking_dual_task,P01,0,0.0
2026-04-01T14:05:39.441267,1791.5518614578043,94609,100.0,-4.38688656719585,7.7979349398710145,6.584734810664838,11.109063669215594,0.03185376680483998,True,walking_dual_task,P01,0,0.0
2026-04-01T14:05:39.441446,1842.4055108250366,94609,71.0,-4.610534999120168,7.672977047066366,6.564315079356547,11.100533419795061,0.008530249420532598,True,walking_dual_task,P01,0,0.0
2026-04-01T14:05:39.560041,1834.7466564724368,94630,88.0,-4.440390434648742,7.601002292263288,6.517152995499466,10.952880270771677,0.1476531490233839,True,walking_dual_task,P01,0,0.0
2026-04-01T14:05:39.560793,1889.1608729846948,94630,73.0,-4.4674627044295345,7.678532048507049,6.559631958454739,11.04295471627949,0.0900744455078133,True,walking_dual_task,P01,0,0.0
2026-04-01T14:05:39.561282,1773.8368374880376,94639,61.0,-4.482185429365542,7.655249201746084,6.661311879544327,11.093507223624512,0.050552507345020814,True,walking_dual_task,P01,0,0.0
2026-04-01T14:05:39.561748,1813.0995000849575,94639,116.0,-4.680693724563755,7.57601445574176,6.6458863244736675,11.111826754166245,0.018319530541733187,True,walking_dual_task,P01,0,0.0
2026-04-01T14:05:39.562334,1775.1698059254563,94541,87.0,-4.6227867895219505,7.739044255476731,6.5441830255812405,11.139537475223632,0.027710721057387033,True,walking_dual_task,P01,0,0.0
2026-04-01T14:05:39.562533,1844.1127075321676,94541,69.0,-4.631199482475195,7.461229846844731,6.593871011831123,10.981670838018774,0.15786663720485805,True,walking_dual_task,P01,0,0.0
2026-04-01T14:05:39.620298,1823.158907670907,94372,86.0,-4.471309163205014,7.738542517097824,6.524158925034691,11.065364684500988,0.08369384648221434,True,walking_dual_task,P01,0,0.0
2026-04-01T14:05:39.620827,1770.1871992273805,94372,97.0,-3.8957513241243515,9.27805587984112,7.098492736437078,12.314536061830383,1.2491713773293949,True,walking_dual_task,P01,0,0.0
2026-04-01T14:05:39.621463,1787.9047607323625,94262,83.0,-3.8969519181362418,7.669332621072745,6.214679032553826,10.61259311302287,1.7019429488075133,True,walking_dual_task,P01,0,0.0
2026-04-01T14:05:39.679733,1841.2638803694454,94262,59.0,-3.2189568350510784,7.801721407835076,5.602546317109444,10.13000815728945,0.48258495573342053,True,walking_dual_task,P01,0,0.0
2026-04-01T14:05:39.680120,1724.1160645257792,94313,91.0,-3.2680818655906005,7.7834090091015415,5.721911272969872,10.198141178612154,0.06813302132270493,True,walking_dual_task,P01,0,0.0
2026-04-01T14:05:39.680464,1877.438389297582,94313,56.0,-3.233277494700233,8.120909328066082,5.893895817147393,10.5423555041458,0.3442143255336454,True,walking_dual_task,P01,0,0.0
2026-04-01T14:05:39.739768,1718.5040942829755,94302,83.0,-3.044886050152144,8.208021985150113,5.879196370227211,10.54551591563028,0.0031604114844796527,True,walking_dual_task,P01,0,0.0
2026-04-01T14:05:39.740374,1837.359352027181,94302,66.0,-3.3956097687805302,7.962294631804639,6.197441362432934,10.645965477414311,0.10044956178403197,True,walking_dual_task,P01,0,0.0
2026-04-01T14:05:39.740417,1884.8885911484447,94271,73.0,-4.037230493077377,6.6406560891861055,5.168319898422886,9.333224197538183,1.3127412798761284,True,walking_dual_task,P01,0,0.0
2026-04-01T14:05:39.799694,1692.0708157791653,94271,111.0,-4.03007246007432,6.633655897975163,5.1327342599169326,9.30547342100955,0.02775077652863267,True,walking_dual_task,P01,0,0.0
2026-04-01T14:05:39.800323,1829.1104835217898,94319,66.0,-4.477840129401811,4.990857661361538,4.049879753896286,7.833341460798924,1.4721319602106258,True,walking_dual_task,P01,0,0.0
2026-04-01T14:05:39.800805,1693.404257650434,94319,92.0,-4.291182194163579,5.056956259675181,3.8247221404532126,7.656079328706538,0.17726213209238662,True,walking_dual_task,P01,0,0.0
2026-04-01T14:05:39.859641,1757.280675186844,94430,94.0,-4.117132930847773,4.331366503430899,3.3248453497861523,6.8385755795566805,0.8175037491498571,True,walking_dual_task,P01,0,0.0
2026-04-01T14:05:39.860303,1805.6480565254171,94430,86.0,-3.7686376046917363,4.144314820635268,3.3328154478517518,6.518100454693305,0.3204751248633757,True,walking_dual_task,P01,0,0.0
2026-04-01T14:05:39.860540,1756.4560126175156,94495,50.0,-3.9513322512490525,4.435243360562434,3.099996204576012,6.700327357343053,0.18222690264974784,True,walking_dual_task,P01,0,0.0
2026-04-01T14:05:39.979764,1711.8352444546713,94495,102.0,-3.825769117971839,4.353651033781665,3.4515089896579165,6.745643110457638,0.045315753114585355,True,walking_dual_task,P01,0,0.0
2026-04-01T14:05:39.980406,1754.842137424284,94491,54.0,-3.7794765364102556,4.47071086159186,3.2645436828348657,6.702905635197927,0.04273747525971139,True,walking_dual_task,P01,0,0.0
2026-04-01T14:05:39.980964,1826.1866554483074,94491,59.0,-3.900848935114386,4.900971802617484,3.601438258010609,7.225406877878726,0.5225012426807991,True,walking_dual_task,P01,0,0.0
2026-04-01T14:05:39.981432,1764.371766399685,94462,73.0,-3.871085729035468,4.648737524199859,3.6008574212257884,7.040045415936088,0.18536146194263736,True,walking_dual_task,P01,0,0.0
2026-04-01T14:05:39.981818,1740.1261381170568,94462,72.0,-4.081184990429612,5.330233299076678,4.1327200100117265,7.883326241495091,0.8432808255590025,True,walking_dual_task,P01,0,0.0
2026-04-01T14:05:39.982352,1834.1255289910769,94425,89.0,-4.026744657974389,5.326567283428847,3.9714572444106953,7.7691353579148075,0.1141908835802834,True,walking_dual_task,P01,0,0.0
2026-04-01T14:05:40.039938,1836.200309443831,94425,71.0,-4.295587676759862,5.635100535257695,4.48353801928694,8.385019063877207,0.6158837059623998,True,walking_dual_task,P01,0,0.0
2026-04-01T14:05:40.040265,1810.801396602819,94367,92.0,-4.233749673971767,5.680295738583686,4.337939205154926,8.307112165322446,0.07790689855476174,True,walking_dual_task,P01,0,0.0
2026-04-01T14:05:40.159618,1789.7162306991236,94367,78.0,-4.441707811293806,5.709224833882207,4.78163335945033,8.671103393970919,0.363991228648473,True,walking_dual_task,P01,0,0.0
2026-04-01T14:05:40.160344,1703.1569975274724,94311,70.0,-4.812593014395733,5.779137096094313,4.671291739343002,8.85327304513524,0.1821696511643207,True,walking_dual_task,P01,0,0.0
2026-04-01T14:05:40.161126,1794.3177009651617,94311,89.0,-4.1381748844265855,6.019281845536702,4.913291256895828,8.80321965448981,0.05005339064542902,True,walking_dual_task,P01,0,0.0
2026-04-01T14:05:40.161308,1751.8494938033305,94225,79.0,-4.001621673536981,5.912420762191726,4.308978638403304,8.338884349451831,0.46433530503797904,True,walking_dual_task,P01,0,0.0
2026-04-01T14:05:40.161540,1859.9145006590118,94225,83.0,-3.875039127201824,5.806540361625072,4.4225978994857105,8.263849671252588,0.07503467819924303,True,walking_dual_task,P01,0,0.0
2026-04-01T14:05:40.162250,1746.9693719300444,94083,92.0,-3.992147075874809,5.65997906576755,4.389421431988991,8.199976939476537,0.06387273177605124,True,walking_dual_task,P01,0,0.0
2026-04-01T14:05:40.279713,1848.9327374600143,94083,72.0,-4.062692658170226,5.687981776045811,4.484075347074231,8.304549357889229,0.10457241841269216,True,walking_dual_task,P01,0,0.0
2026-04-01T14:05:40.339741,1794.6708676678347,93943,72.0,-4.323414597723371,5.630076806085871,4.895661502861042,8.623060951705563,0.31851159381633387,True,walking_dual_task,P01,0,0.0
2026-04-01T14:05:40.340583,1811.1896883162872,93943,50.0,-4.412687572150109,6.511378410660359,5.320205534377067,9.496022711864068,0.8729617601585051,True,walking_dual_task,P01,0,0.0
2026-04-01T14:05:40.340954,1763.9114254012009,93857,85.0,-4.482817231556844,6.556376534291371,5.5203596517831635,9.67243993395591,0.17641722209184252,True,walking_dual_task,P01,0,0.0
2026-04-01T14:05:40.341566,1772.9482221808278,93857,63.0,-3.827265429199315,7.818690995833802,6.191286061303515,10.682317756309628,1.009877822353717,True,walking_dual_task,P01,0,0.0
2026-04-01T14:05:40.341641,1697.7158042836652,93712,98.0,-3.913386011067588,7.669286789229074,6.356222558066968,10.702061256353492,0.01974350004386416,True,walking_dual_task,P01,0,0.0
2026-04-01T14:05:40.342282,1824.585825716507,93712,93.0,-3.8095504401112485,8.134824963936703,6.524655153543038,11.102214942176868,0.4001536858233763,True,walking_dual_task,P01,0,0.0
2026-04-01T14:05:40.399646,1761.833443311805,93604,74.0,-3.803601759199718,8.170454103952826,6.404145107561431,11.056074401255167,0.0461405409217015,True,walking_dual_task,P01,0,0.0
2026-04-01T14:05:40.400039,1854.110420833519,93604,92.0,-5.249682141295776,7.306248392505749,5.757602460340903,10.68131144798972,0.37476295326544573,True,walking_dual_task,P01,0,0.0
2026-04-01T14:05:40.400887,1793.1521954689206,93584,91.0,-6.203110725182476,7.397751199816577,4.952201421455619,10.850327386854671,0.16901593886495014,True,walking_dual_task,P01,0,0.0
2026-04-01T14:05:40.401359,1714.6221805677105,93584,81.0,-6.302849225689848,7.331826309711725,4.866314641351174,10.824167570126995,0.026159816727675533,True,walking_dual_task,P01,0,0.0
2026-04-01T14:05:40.401810,1791.6085279012102,93681,57.0,-6.3573582171065794,7.392782269513549,5.037567186761623,10.97480370422104,0.15063613409404475,True,walking_dual_task,P01,0,0.0
2026-04-01T14:05:40.460521,1763.64572581915,93681,52.0,-6.358563971737541,7.37406042118285,5.053424146087019,10.970195917949205,0.004607786271835224,True,walking_dual_task,P01,0,0.0
2026-04-01T14:05:40.461256,1800.8133121665253,93669,110.0,-6.233530586558362,7.419544216183418,5.110726084054102,10.955640604532919,0.014555313416286353,True,walking_dual_task,P01,0,0.0
2026-04-01T14:05:40.461960,1793.5827614949892,93669,67.0,-6.312845395705466,7.573670521688978,5.134240847014192,11.116336232605118,0.16069562807219917,True,walking_dual_task,P01,0,0.0
2026-04-01T14:05:40.462552,1807.479787346349,93522,85.0,-6.212010516345633,7.456885086035611,4.957154609396498,10.898054489815603,0.2182817427895145,True,walking_dual_task,P01,0,0.0
2026-04-01T14:05:40.519744,1819.3084089496026,93522,67.0,-6.2724072828323845,7.29033148864114,5.0138760346149285,10.845781632804858,0.052272857010745355,True,walking_dual_task,P01,0,0.0
2026-04-01T14:05:40.520008,1750.7118151504137,93398,83.0,-6.371083603436284,7.483099015348541,4.847113420272458,10.958192627640305,0.11241099483544659,True,walking_dual_task,P01,0,0.0
2026-04-01T14:05:40.520734,1771.0283526173152,93398,79.0,-6.300173007007703,7.492685408390439,4.915019236416349,10.953991447946189,0.004201179694115709,True,walking_dual_task,P01,0,0.0
2026-04-01T14:05:40.579908,1835.4046344731576,93397,84.0,-6.306316025469905,7.502267960793848,5.085397765268297,11.041508809924855,0.08751736197866578,True,walking_dual_task,P01,0,0.0
2026-04-01T14:05:40.580796,1726.292893409648,93397,98.0,-6.372834278714757,7.343760668401316,5.009475716427664,10.937946994395174,0.10356181552968025,True,walking_dual_task,P01,0,0.0
2026-04-01T14:05:40.580932,1825.1475283751988,93420,79.0,-6.317761428184939,7.505212237669444,4.902072627312384,10.966888174836559,0.028941180441384162,True,walking_dual_task,P01,0,0.0
2026-04-01T14:05:40.639638,1731.9571231430525,93420,59.0,-3.705507244379387,6.789461117573619,6.339783294204342,10.00102086902455,0.965867305812008,True,walking_dual_task,P01,0,0.0
2026-04-01T14:05:40.640200,1797.8168551683739,93368,55.0,-3.7296030024906446,7.287661756757036,6.097096806435623,10.207572772414299,0.20655190338974805,True,walking_dual_task,P01,0,0.0
2026-04-01T14:05:40.640701,1801.9179835941477,93368,97.0,-4.142998703550357,7.521254484396679,5.909617239886292,10.42388042902634,0.21630765661204165,True,walking_dual_task,P01,0,0.0
2026-04-01T14:05:40.700025,1708.2565854305094,93312,62.0,-4.068740257278192,7.699125578600842,5.9226001194996725,10.531304483859515,0.10742405483317441,True,walking_dual_task,P01,0,0.0
2026-04-01T14:05:40.700500,1777.9613937610518,93312,78.0,-4.497845217744691,7.789098257787567,6.002518670855266,10.813458913142647,0.28215442928313195,True,walking_dual_task,P01,0,0.0
2026-04-01T14:05:40.700784,1722.5610651775191,93180,120.0,-4.445161004970693,7.586593984939692,6.077073712997446,10.688624306506416,0.12483460663623092,True,walking_dual_task,P01,0,0.0
2026-04-01T14:05:40.759782,1766.027710572005,93180,99.0,-4.669919301627789,7.528907524882232,6.198675007552058,10.812777934055363,0.12415362754894765,True,walking_dual_task,P01,0,0.0
2026-04-01T14:05:40.760393,1714.8532829514984,92782,78.0,-5.052875066137347,7.812694199211133,6.434640928467874,11.312574462194435,0.49979652813907194,True,walking_dual_task,P01,0,0.0
2026-04-01T14:05:40.760762,1756.9814840186023,92782,69.0,-4.635888868370221,7.673881816747286,6.41208741909262,11.022467636939082,0.2901068252553536,True,walking_dual_task,P01,0,0.0
2026-04-01T14:05:40.819327,1765.7222911305475,92384,61.0,-4.770098755390881,7.956253070852748,6.461679569725532,11.305269033748987,0.282801396809905,True,walking_dual_task,P01,0,0.0
2026-04-01T14:05:40.820192,1795.3470896488739,92384,77.0,-4.85815839098136,7.95530208409081,6.387892223326854,11.300163771284108,0.005105262464878635,True,walking_dual_task,P01,0,0.0
2026-04-01T14:05:40.820771,1744.295849199925,92154,113.0,-4.8034304875544,8.029804415796868,6.3764200406146,11.322960564228309,0.02279679294420056,True,walking_dual_task,P01,0,0.0
2026-04-01T14:05:40.879588,1804.2492340430933,92154,73.0,-4.800640030492027,8.096558932766076,6.469260172454316,11.42154711206062,0.09858654783231202,True,walking_dual_task,P01,0,0.0
2026-04-01T14:05:40.880113,1782.2410953586566,92135,74.0,-5.189944566184868,7.736619653052746,5.9767697384043075,11.068540317583857,0.3530067944767641,True,walking_dual_task,P01,0,0.0
2026-04-01T14:05:40.880854,1837.1572684620128,92135,92.0,-5.476437064387202,7.099885322168645,5.612228606537249,10.578130479445539,0.4904098381383175,True,walking_dual_task,P01,0,0.0
2026-04-01T14:05:40.999819,1706.9316175217675,92257,78.0,-5.334828976634844,7.1935878573591765,5.613904953734904,10.569959096470404,0.008171382975135089,True,walking_dual_task,P01,0,0.0
2026-04-01T14:05:40.999972,1743.2053879597188,92257,55.0,-5.210577226719088,7.218497824680803,5.317388148354992,10.36973686265911,0.200222233811294,True,walking_dual_task,P01,0,0.0
2026-04-01T14:05:41.000456,1795.4950980753408,92476,78.0,-5.373997000004364,6.994565566686688,5.2958057469547395,10.28831131586782,0.08142554679129077,True,walking_dual_task,P01,0,0.0
2026-04-01T14:05:41.001115,1832.8242349424295,92476,71.0,-5.110819349297945,7.197246214564888,5.1792553674732495,10.234525570622575,0.0537857452452446,True,walking_dual_task,P01,0,0.0
2026-04-01T14:05:41.001629,1779.3043920963012,92736,89.0,-4.669434186127842,7.94046428512227,5.201029842459204,10.578530148561894,0.3440045779393195,True,walking_dual_task,P01,0,0.0
2026-04-01T14:05:41.002178,1813.6195176936756,92736,94.0,-4.4275266004465506,8.8673007959604,5.694962155383961,11.430862135244098,0.8523319866822039,True,walking_dual_task,P01,0,0.0
2026-04-01T14:05:41.060260,1818.7819822360987,92977,81.0,-4.3450794615082895,8.85947358040324,5.651726852672636,11.371543609638277,0.05931852560582129,True,walking_dual_task,P01,0,0.0
2026-04-01T14:05:41.060321,1850.5969671653008,92977,66.0,-4.121575750502349,9.30904597342444,5.9182164083379005,11.775865533300674,0.4043219236623976,True,walking_dual_task,P01,0,0.0
2026-04-01T14:05:41.060693,1818.5917625106151,93106,115.0,-4.092419351126419,9.544904204619742,6.066792761481965,12.027429768309254,0.25156423500857983,True,walking_dual_task,P01,0,0.0
2026-04-01T14:05:41.119553,1775.5954129383113,93106,60.0,-3.801964167571775,8.470109191220107,5.686946751279738,10.887563758462324,1.13986600984693,True,walking_dual_task,P01,0,0.0
2026-04-01T14:05:41.119946,1790.4899665585474,93283,88.0,-3.3585476614742813,8.12519951626789,4.847041900998744,10.039548035822719,0.8480157226396052,True,walking_dual_task,P01,0,0.0
2026-04-01T14:05:41.179627,1814.1972438198432,93283,111.0,-3.3099344744832724,8.114637593504094,5.048848812973337,10.114043891319882,0.07449585549716353,True,walking_dual_task,P01,0,0.0
2026-04-01T14:05:41.180185,1846.2292925706977,93511,82.0,-2.6688721723336184,7.99288863758037,5.141181774825747,9.871215603299248,0.24282828802063428,True,walking_dual_task,P01,0,0.0
2026-04-01T14:05:41.180624,1785.6550912940502,93511,80.0,-2.6157604628770033,8.075472629415641,5.1208029865582745,9.913530360811723,0.042314757512475154,True,walking_dual_task,P01,0,0.0
2026-04-01T14:05:41.240025,1701.0255614500086,93617,88.0,-3.1560832095573974,7.5056431884366654,5.767461084326345,9.977933065369534,0.06440270455781061,True,walking_dual_task,P01,0,0.0
2026-04-01T14:05:41.299712,1800.9595878664952,93617,91.0,-3.185335892416556,7.357325464417709,5.80714092266701,9.89946909852242,0.07846396684711365,True,walking_dual_task,P01,0,0.0
2026-04-01T14:05:41.300411,1801.4416449700516,93793,90.0,-4.434136765826383,6.04993075145916,5.428145362036789,9.258941247621456,0.6405278509009644,True,walking_dual_task,P01,0,0.0
2026-04-01T14:05:41.300980,1763.3862393176628,93793,66.0,-5.058061541089733,4.976093063512958,4.017651108037519,8.153956656501672,1.1049845911197842,True,walking_dual_task,P01,0,0.0
2026-04-01T14:05:41.359628,1795.2166317365952,94064,77.0,-5.031184942464527,4.790469061068256,4.176390091529919,8.105778799533285,0.048177856968386834,True,walking_dual_task,P01,0,0.0
2026-04-01T14:05:41.360300,1806.57328337284,94064,74.0,-4.790014911339255,4.725762431367839,3.3658718297284187,7.523706970818269,0.5820718287150157,True,walking_dual_task,P01,0,0.0
2026-04-01T14:05:41.360918,1830.981896425841,94239,70.0,-4.660917179220531,4.621999641022109,3.43836389033638,7.410086090966197,0.11362087985207214,True,walking_dual_task,P01,0,0.0
2026-04-01T14:05:41.360952,1750.421782468034,94239,109.0,-4.170544542966955,5.004827027075641,3.2742951866252823,7.291278648150525,0.11880744281567157,True,walking_dual_task,P01,0,0.0
2026-04-01T14:05:41.361540,1793.7989537122605,94278,94.0,-3.694159351775573,5.013611443689315,3.7298456448195836,7.259122643872536,0.03215600427798915,True,walking_dual_task,P01,0,0.0
2026-04-01T14:05:41.362249,1773.8354175787103,94278,93.0,-3.7733938313549262,5.207883430333465,3.8110736995815135,7.475615932757059,0.21649328888452235,True,walking_dual_task,P01,0,0.0
2026-04-01T14:05:41.420392,1899.5587743985006,94221,53.0,-3.7364487651859553,5.1763591352791565,3.7065735484014515,7.382034322729538,0.09358161002752041,True,walking_dual_task,P01,0,0.0
2026-04-01T14:05:41.420521,1835.6960265650007,94221,76.0,-3.5850764626205742,5.099253238690628,3.7240524687864833,7.261110357611129,0.12092396511840953,True,walking_dual_task,P01,0,0.0
2026-04-01T14:05:41.421190,1816.8748049181675,94124,71.0,-3.567534061968071,5.18360367610725,3.9019103249896756,7.404184663993466,0.14307430638233765,True,walking_dual_task,P01,0,0.0
2026-04-01T14:05:41.480246,1905.1314881880078,94124,100.0,-3.683215834490243,5.033125607553247,3.49455860357165,7.1491518447046944,0.25503281928877186,True,walking_dual_task,P01,0,0.0
2026-04-01T14:05:41.480336,1805.9895032859176,94062,53.0,-3.8348206968575536,5.056385535651754,3.610057197019611,7.3010545421841915,0.15190269747949703,True,walking_dual_task,P01,0,0.0
2026-04-01T14:05:41.481004,1812.4790113345623,94062,101.0,-3.5845292972947727,5.048133554792971,3.603412850400963,7.163594547475873,0.13745999470831816,True,walking_dual_task,P01,0,0.0
2026-04-01T14:05:41.540197,1814.732427995802,94039,80.0,-3.572509897138446,5.267613578245836,3.570752343401602,7.298003293557771,0.13440874608189812,True,walking_dual_task,P01,0,0.0
2026-04-01T14:05:41.540638,1858.2885452129524,94039,69.0,-3.6415838845434134,5.238694234862189,3.774732936747663,7.413073533853032,0.11507024029526036,True,walking_dual_task,P01,0,0.0
2026-04-01T14:05:41.541196,1815.564379123019,94008,93.0,-3.810853777499523,5.070267329828584,3.7530293343718264,7.3699013897110515,0.04317214414198034,True,walking_dual_task,P01,0,0.0
2026-04-01T14:05:41.599587,1759.5648802792955,94008,109.0,-3.8700937189670217,5.188237411229893,3.649130016411763,7.4304496973972425,0.060548307686191016,True,walking_dual_task,P01,0,0.0
2026-04-01T14:05:41.600209,1832.7905514402048,93963,68.0,-3.682429108472425,5.183027650408687,3.596196471023607,7.304566299379359,0.1258833980178835,True,walking_dual_task,P01,0,0.0
2026-04-01T14:05:41.600840,1894.081726113786,93963,72.0,-3.0731432840649022,7.572061604812898,4.929407318361434,9.543551912248928,2.238985612869569,True,walking_dual_task,P01,0,0.0
2026-04-01T14:05:41.719908,1838.952970785193,93921,82.0,-3.720217920641157,7.913734538241184,5.258381955129874,10.203812841523824,0.6602609292748962,True,walking_dual_task,P01,0,0.0
2026-04-01T14:05:41.720555,1894.5165852385935,93921,76.0,-4.882223837353941,8.295203531218835,5.934320593664478,11.307637778544322,1.103824937020498,True,walking_dual_task,P01,0,0.0
2026-04-01T14:05:41.721097,1857.199557798705,93867,91.0,-4.83817531720267,8.50674051666987,5.64186554525172,11.296159588490259,0.011478190054063475,True,walking_dual_task,P01,0,0.0
2026-04-01T14:05:41.721142,1832.966974492656,93867,107.0,-4.605412050145279,8.86894145744847,6.02067490653084,11.666896290676526,0.3707367021862673,True,walking_dual_task,P01,0,0.0
2026-04-01T14:05:41.721664,1792.083383782908,93839,124.0,-4.596412569903117,8.751970048251346,6.035773040566967,11.582510282123089,0.08438600855343736,True,walking_dual_task,P01,0,0.0
2026-04-01T14:05:41.722438,1913.840708457869,93839,108.0,-4.1661169453851645,8.96615305499877,6.116318269537405,11.625737833899672,0.04322755177658344,True,walking_dual_task,P01,0,0.0
2026-04-01T14:05:41.780292,1822.0363561832942,93808,63.0,-5.440233279683034,8.316496332350326,5.791347757630302,11.502171892002691,0.123565941896981,True,walking_dual_task,P01,0,0.0
2026-04-01T14:05:41.780676,1860.345755639696,93808,95.0,-5.44542129385244,8.42796071494789,5.817332522941985,11.598469406034793,0.09629751403210207,True,walking_dual_task,P01,0,0.0
2026-04-01T14:05:41.781165,1785.2695169756175,93749,52.0,-5.70475853534135,7.320346879221073,5.229347267532523,10.652596923901775,0.9458724821330176,True,walking_dual_task,P01,0,0.0
2026-04-01T14:05:41.840000,1927.407133910292,93749,66.0,-5.885291355114382,7.270448540531743,5.358917099208248,10.78026292774396,0.12766600384218485,True,walking_dual_task,P01,0,0.0
2026-04-01T14:05:41.900152,1842.0745658100427,93817,77.0,-4.653442250749751,6.744103487991382,5.744998094210048,10.007120451972062,0.7731424757718983,True,walking_dual_task,P01,0,0.0
2026-04-01T14:05:41.900879,1805.9496532150279,93817,59.0,-4.629020680607889,6.740328676541806,5.738987257135815,9.989786677746157,0.01733377422590543,True,walking_dual_task,P01,0,0.0
2026-04-01T14:05:41.901148,1965.7630969529687,93841,74.0,-3.477768894529491,7.599720136915411,6.855402053192964,10.809586483955654,0.8197998062094971,True,walking_dual_task,P01,0,0.0
2026-04-01T14:05:41.901680,1909.0892117499632,93841,74.0,-3.4368181981834103,7.409822123889038,6.8211669813356615,10.641687000767499,0.16789948318815462,True,walking_dual_task,P01,0,0.0
2026-04-01T14:05:41.902217,1863.8901156987486,93814,72.0,-3.306048520362858,7.652436067301666,7.489060113361088,11.206058895288246,0.5643718945207468,True,walking_dual_task,P01,0,0.0
2026-04-01T14:05:42.019763,1827.006715292259,93814,85.0,-3.5670392068906915,7.614368849482221,7.510510203935201,11.274313513596976,0.06825461830873003,True,walking_dual_task,P01,0,0.0
2026-04-01T14:05:42.020557,1809.615168369631,93785,71.0,-3.6695498513781177,7.118330283447701,7.313965646420814,10.845751039601712,0.4285624739952638,True,walking_dual_task,P01,0,0.0
2026-04-01T14:05:42.021169,1895.3649847445636,93785,89.0,-3.8027271789346515,7.223282625950716,7.128220749052194,10.837346397480704,0.008404642121007555,True,walking_dual_task,P01,0,0.0
2026-04-01T14:05:42.021231,1850.7032998462719,93677,92.0,-4.186267843898823,6.876745353608623,6.852048438956966,10.571898265167503,0.2654481323132014,True,walking_dual_task,P01,0,0.0
2026-04-01T14:05:42.022013,1810.6422270844657,93677,66.0,-4.053998523713991,7.131107154209026,6.250335055006305,10.312821222872385,0.2590770422951181,True,walking_dual_task,P01,0,0.0
2026-04-01T14:05:42.022418,1782.4792010930894,93573,65.0,-4.111896841809583,7.093100767488217,6.17889231364041,10.266376398661317,0.046444824211068436,True,walking_dual_task,P01,0,0.0
2026-04-01T14:05:42.080010,1873.5000298561126,93573,59.0,-4.304807630057857,7.384694502579638,5.260990312492493,10.03708626526514,0.22929013339617654,True,walking_dual_task,P01,0,0.0
2026-04-01T14:05:42.080393,1936.1213090426008,93558,51.0,-4.259547263295639,7.206727784947849,5.238733864724729,9.875474710615302,0.16161155464983779,True,walking_dual_task,P01,0,0.0
2026-04-01T14:05:42.139958,1770.013925618517,93558,83.0,-4.823072030520056,7.630235404387189,5.223473246831397,10.429150919337198,0.553676208721896,True,walking_dual_task,P01,0,0.0
2026-04-01T14:05:42.140017,1845.8519413766587,93563,84.0,-5.061092856664989,7.787532800298821,4.899213079792278,10.50060078379914,0.07144986446194146,True,walking_dual_task,P01,0,0.0
2026-04-01T14:05:42.140513,1815.6653664452674,93563,104.0,-5.022845210062348,7.926383779179057,5.01236952715513,10.638626889586478,0.13802610578733798,True,walking_dual_task,P01,0,0.0
2026-04-01T14:05:42.199777,1808.4307103874974,93584,90.0,-5.274793768468286,7.623236444470782,4.90352801817336,10.487219374705125,0.1514075148813525,True,walking_dual_task,P01,0,0.0
2026-04-01T14:05:42.200401,1898.3062875667442,93584,103.0,-5.228759810956301,7.66038898965944,5.123839032133526,10.595999955680558,0.10878058097543253,True,walking_dual_task,P01,0,0.0
2026-04-01T14:05:42.200704,1896.1753463204063,93626,72.0,-5.711309270061761,7.347795007323245,5.270503828907842,10.69520245991024,0.09920250422968202,True,walking_dual_task,P01,0,0.0
2026-04-01T14:05:42.201242,1884.1847579502125,93626,81.0,-5.31429246497693,7.175501738151851,5.383596701137878,10.42653552423016,0.2686669356800806,True,walking_dual_task,P01,0,0.0
2026-04-01T14:05:42.260041,1832.381674566758,93648,89.0,-5.428010032429461,7.269954907948833,5.2569065453826385,10.485733341195122,0.05919781696496251,True,walking_dual_task,P01,0,0.0
2026-04-01T14:05:42.260557,1834.5137779258537,93648,93.0,-5.283426090620791,7.202532617891699,5.570517171664492,10.527189982452835,0.041456641257713756,True,walking_dual_task,P01,0,0.0
2026-04-01T14:05:42.261042,1866.351044054929,93641,70.0,-5.202918080108294,7.2514177015640175,5.565887647642343,10.518199491217656,0.008990491235179476,True,walking_dual_task,P01,0,0.0
2026-04-01T14:05:42.319524,1906.581467312337,93641,73.0,-5.44086283047859,6.932766913857422,5.4336925799465385,10.353321229215567,0.16487826200208922,True,walking_dual_task,P01,0,0.0
2026-04-01T14:05:42.320267,1863.6896433570516,93621,82.0,-5.327824039271113,6.952053276875152,5.568346990071138,10.37898077653967,0.02565954732410347,True,walking_dual_task,P01,0,0.0
2026-04-01T14:05:42.320303,1801.5927058098841,93621,107.0,-5.431377715729687,7.286410250131639,5.800336573548877,10.781258859270432,0.4022780827307617,True,walking_dual_task,P01,0,0.0
2026-04-01T14:05:42.380277,1778.519451107419,93612,91.0,-5.39724019648967,7.617796857829187,6.053171316470194,11.126630832929328,0.3453719736588958,True,walking_dual_task,P01,0,0.0
2026-04-01T14:05:42.380346,1815.8018547385577,93612,117.0,-5.491486078228923,7.518865415195733,5.904509237366528,11.025107065845448,0.10152376708387933,True,walking_dual_task,P01,0,0.0
2026-04-01T14:05:42.381369,1844.3213465322547,93614,107.0,-5.548782410815232,7.589201244587839,5.843075651391107,11.06916866080311,0.04406159495766104,True,walking_dual_task,P01,0,0.0
2026-04-01T14:05:42.440392,1815.1178370523573,93614,99.0,-5.438475062519909,7.462832999458536,6.050154621840635,11.039712783022836,0.02945587778027381,True,walking_dual_task,P01,0,0.0
2026-04-01T14:05:42.441529,1885.8561611291013,93619,50.0,-5.529028278031158,7.397416368031582,5.941603149917711,10.981555928574139,0.058156854448697004,True,walking_dual_task,P01,0,0.0
2026-04-01T14:05:42.441984,1816.5661356699204,93619,103.0,-5.539244797998488,7.524925668129289,5.902534695739687,11.052043027306542,0.07048709873240355,True,walking_dual_task,P01,0,0.0
2026-04-01T14:05:42.499557,1829.0385375715582,93588,69.0,-5.552344692244621,7.448383419277802,5.935025983753859,11.02413173768814,0.027911289618401725,True,walking_dual_task,P01,0,0.0
2026-04-01T14:05:42.499960,1739.2500903344094,93588,76.0,-5.417566936037906,7.654192389009197,5.791658752328728,11.021796756329861,0.0023349813582793644,True,walking_dual_task,P01,0,0.0
2026-04-01T14:05:42.500577,1811.2890472731315,93587,79.0,-5.500233059132209,7.469711101381557,5.973107314219104,11.033003155535281,0.011206399205420325,True,walking_dual_task,P01,0,0.0
2026-04-01T14:05:42.561932,1875.174900854342,93587,78.0,-5.580960896311139,7.523698345300565,5.927619967123208,11.085568988187761,0.05256583265247983,True,walking_dual_task,P01,0,0.0
2026-04-01T14:05:42.562457,1945.521027498587,93660,96.0,-5.524372196951936,7.533677384767217,6.179567929698861,11.200984015075248,0.1154150268874865,True,walking_dual_task,P01,0,0.0
2026-04-01T14:05:42.563241,1843.2681987726987,93660,67.0,-5.4603443936802964,7.5192597294749435,5.812143715045861,10.960640599036468,0.24034341603877962,True,walking_dual_task,P01,0,0.0
2026-04-01T14:05:42.620248,1844.4791102931933,93541,61.0,-5.50617593736285,7.473418414369961,5.928479677868582,11.01439183706202,0.05375123802555137,True,walking_dual_task,P01,0,0.0
2026-04-01T14:05:42.620405,1883.440768111429,93541,109.0,-4.339841208080894,8.222977686741572,6.450053620040129,11.316128995791784,0.3017371587297646,True,walking_dual_task,P01,0,0.0
2026-04-01T14:05:42.620753,1870.152678567446,93293,79.0,-4.82301047286089,7.448899395738203,5.9473056031989655,10.682601563617197,0.6335274321745867,True,walking_dual_task,P01,0,0.0
2026-04-01T14:05:42.740151,1902.1759365357084,93293,50.0,-5.053704404869687,6.004899264975843,4.662727585387382,9.129061941395685,1.5535396222215123,True,walking_dual_task,P01,0,0.0
2026-04-01T14:05:42.740659,1829.0747937887165,93281,96.0,-5.176974262773385,6.019994733021856,4.691303405079299,9.222240874187658,0.09317893279197342,True,walking_dual_task,P01,0,0.0
2026-04-01T14:05:42.741169,1817.0442550239045,93281,112.0,-4.708798778181835,5.26891389641959,3.886939156481981,8.064895262028084,1.157345612159574,True,walking_dual_task,P01,0,0.0
2026-04-01T14:05:42.741540,1881.3358681988298,93344,77.0,-4.666628595670688,5.289119700180809,4.0091098949918536,8.113271337931062,0.04837607590297743,True,walking_dual_task,P01,0,0.0
2026-04-01T14:05:42.742284,1833.1565638507177,93344,74.0,-3.941034119988705,5.430888729673706,3.637485816345292,7.632666990844367,0.48060434708669497,True,walking_dual_task,P01,0,0.0
2026-04-01T14:05:42.742771,1838.8959931814427,93363,71.0,-3.935248265306622,5.562778054784381,3.613102345842152,7.712664076563917,0.07999708571955022,True,walking_dual_task,P01,0,0.0
2026-04-01T14:05:42.800057,1831.6906192324557,93363,93.0,-4.165732575174808,5.545064553868792,3.559452830912673,7.795561124764329,0.08289704820041166,True,walking_dual_task,P01,0,0.0
2026-04-01T14:05:42.800387,1782.3267760785434,93377,103.0,-3.906297580198116,5.562912240450559,3.703571865447802,7.740904207038918,0.054656917725410814,True,walking_dual_task,P01,0,0.0
2026-04-01T14:05:42.801263,1750.2560803762792,93377,79.0,-3.861179506585245,5.470527253470616,3.814964516936759,7.706447292918129,0.03445691412078933,True,walking_dual_task,P01,0,0.0
2026-04-01T14:05:42.859841,1932.968866215766,93379,55.0,-3.8343720365221836,5.471547408657138,3.7422736878305334,7.657992707901638,0.0484545850164908,True,walking_dual_task,P01,0,0.0
2026-04-01T14:05:42.860578,1830.9845781138797,93379,85.0,-3.5897276800111655,5.399472142393888,4.008070324756029,7.622668296686921,0.03532441121471663,True,walking_dual_task,P01,0,0.0
2026-04-01T14:05:42.860675,1839.9074030356273,93361,98.0,-3.3372151570377997,5.485387091100873,3.7312711034147528,7.42622788438093,0.19644041230599107,True,walking_dual_task,P01,0,0.0
2026-04-01T14:05:42.920015,1867.6523885197025,93361,78.0,-3.343009326363519,5.503050834537873,3.918153315543899,7.537320826909857,0.1110929425289271,True,walking_dual_task,P01,0,0.0
2026-04-01T14:05:42.920555,1817.9460106501347,93348,65.0,-3.4294238068816005,5.276939601801631,3.746440378746581,7.324128256644027,0.21319257026583038,True,walking_dual_task,P01,0,0.0
2026-04-01T14:05:42.981027,1906.5736458088695,93348,56.0,-3.426551304373725,5.167879470077309,3.752256075191567,7.24759668528567,0.0765315713583572,True,walking_dual_task,P01,0,0.0
2026-04-01T14:05:42.981626,1919.6555545344102,93350,78.0,-3.0818220484721994,4.99366989991036,4.06081391687904,7.136145729680597,0.1114509556050729,True,walking_dual_task,P01,0,0.0
2026-04-01T14:05:43.040406,1854.1859623044547,93350,89.0,-3.2594680735174406,4.918732793550742,3.9993316303253046,7.128303999265985,0.007841730414611447,True,walking_dual_task,P01,0,0.0
2026-04-01T14:05:43.040464,1855.3633664252293,93349,100.0,-2.425411284177605,4.648848801826518,4.128253762434422,6.6735967968340635,0.45470720243192186,True,walking_dual_task,P01,0,0.0
2026-04-01T14:05:43.040908,1768.4878078854645,93349,84.0,-2.186386945156379,5.403658381414618,4.819395637040491,7.563490337357985,0.8898935405239214,True,walking_dual_task,P01,0,0.0
2026-04-01T14:05:43.041415,1832.9505083883598,93317,99.0,-2.1412364763386202,5.410003140728926,4.868702925475271,7.5866524770040265,0.023162139646041524,True,walking_dual_task,P01,0,0.0
2026-04-01T14:05:43.099512,1870.3373587205654,93317,87.0,-2.3131260119879227,7.257234163234298,6.215831336472781,9.831305043117478,2.2446525661134515,True,walking_dual_task,P01,0,0.0
2026-04-01T14:05:43.100015,1837.7850723666736,93128,60.0,-2.2144017416027286,7.4270612795091315,5.9412460879189934,9.765409330899026,0.06589571221845247,True,walking_dual_task,P01,0,0.0
2026-04-01T14:05:43.100281,1815.793092544686,93128,92.0,-4.1303523056089455,9.425003013691594,6.8080869708643785,12.338579342023055,2.573170011124029,True,walking_dual_task,P01,0,0.0
2026-04-01T14:05:43.100499,1924.932205437433,92971,100.0,-5.126221354623221,8.567741497874165,7.1178708996221545,12.26166489081634,0.07691445120671503,True,walking_dual_task,P01,0,0.0
2026-04-01T14:05:43.159781,1863.7982034341906,92971,81.0,-5.150985793062603,8.688448633152356,7.083641698286403,12.336927251182187,0.07526236036584777,True,walking_dual_task,P01,0,0.0
2026-04-01T14:05:43.160173,1797.3058220015218,92892,90.0,-4.0232917067679095,8.13960923191168,6.197236437816709,10.992991133998627,1.34393611718356,True,walking_dual_task,P01,0,0.0
2026-04-01T14:05:43.160486,1871.196778928107,92892,128.0,-4.055573784344568,8.030537953154937,6.337348328379296,11.004508274908819,0.011517140910191515,True,walking_dual_task,P01,0,0.0
2026-04-01T14:05:43.219988,1887.472632869273,92700,99.0,-5.718430160523374,7.715729747597045,5.500529158000945,11.067463578289107,0.06295530338028854,True,walking_dual_task,P01,0,0.0
2026-04-01T14:05:43.279672,1798.5944187045957,92700,73.0,-7.032795274049707,8.439235035697537,5.112830717095737,12.11701016324235,1.0495465849532426,True,walking_dual_task,P01,0,0.0
2026-04-01T14:05:43.280469,1824.9621043418108,92442,54.0,-7.042180845013155,8.36292106316281,5.205479990037429,12.108995899299101,0.008014263943248778,True,walking_dual_task,P01,0,0.0
2026-04-01T14:05:43.281321,1942.3124934378009,92442,73.0,-7.093576049066854,8.18724553119545,4.955210128320287,11.912343093102328,0.1966528061967736,True,walking_dual_task,P01,0,0.0
2026-04-01T14:05:43.281355,1904.3577690904249,92411,75.0,-6.912819801053179,8.287597771285357,5.218959894660194,11.987864563904553,0.07552147080222582,True,walking_dual_task,P01,0,0.0
2026-04-01T14:05:43.281956,1891.6065726401196,92411,89.0,-5.587687048356546,7.945594314162765,5.669107580227577,11.246932751280276,0.740931812624277,True,walking_dual_task,P01,0,0.0
2026-04-01T14:05:43.340086,1845.2511539377306,92385,78.0,-4.883653541506809,7.430355245574017,5.68166481793865,10.551851311135081,0.695081440145195,True,walking_dual_task,P01,0,0.0
2026-04-01T14:05:43.340397,1773.1742662452984,92385,93.0,-4.764851447100254,7.526920159724017,5.734522313398657,10.594483591315827,0.042632280180745497,True,walking_dual_task,P01,0,0.0
2026-04-01T14:05:43.340678,1781.351705515143,92366,64.0,-4.290025357327956,6.386009866601997,4.898560199054147,9.120380014375076,1.4741035769407507,True,walking_dual_task,P01,0,0.0
2026-04-01T14:05:43.459827,1836.4871760436536,92366,63.0,-4.184099034468273,6.227343239476227,4.897545028983667,8.959488593854632,0.16089142052044458,True,walking_dual_task,P01,0,0.0
2026-04-01T14:05:43.460604,1896.4140216333333,92385,75.0,-4.199091901881035,6.447054506024686,4.881260157542523,9.111727900333074,0.15223930647844242,True,walking_dual_task,P01,0,0.0
2026-04-01T14:05:43.460719,1849.2324123453263,92385,76.0,-4.059623218157097,6.358071471666658,4.843667510906468,8.96474921391739,0.14697868641568412,True,walking_dual_task,P01,0,0.0
2026-04-01T14:05:43.461109,1815.8989475372935,92442,89.0,-4.183636544589797,6.553512937531858,4.9708562165727175,9.228258670272757,0.2635094563553668,True,walking_dual_task,P01,0,0.0
2026-04-01T14:05:43.461666,1765.1269439067141,92442,52.0,-4.1507690866740505,6.360629956127539,4.901023661681323,9.039166465003074,0.18909220526968262,True,walking_dual_task,P01,0,0.0
2026-04-01T14:05:43.462371,1899.1848463582953,92444,71.0,-4.137383218716909,6.3692487439244845,4.9082665780409425,9.043027715406918,0.0038612504038439965,True,walking_dual_task,P01,0,0.0
2026-04-01T14:05:43.520248,1925.1559459152668,92444,110.0,-4.12450930908119,6.341732486149109,4.976748982135198,9.055229339876494,0.012201624469575734,True,walking_dual_task,P01,0,0.0
2026-04-01T14:05:43.520503,1871.3401003154881,92401,52.0,-4.155545681681351,6.417214534262516,4.874779752460297,9.06712081789404,0.011891478017545865,True,walking_dual_task,P01,0,0.0
2026-04-01T14:05:43.520927,1768.3285559009269,92401,93.0,-4.188261881940106,6.350057504344035,4.947780204780651,9.074430938356837,0.0073101204627974425,True,walking_dual_task,P01,0,0.0
2026-04-01T14:05:43.580462,1841.5018210631245,92351,107.0,-4.273586961667543,6.4204742429229515,4.98123375155409,9.181433695812082,0.10700275745524479,True,walking_dual_task,P01,0,0.0
2026-04-01T14:05:43.580531,1955.1825280958608,92351,111.0,-4.1559445722452555,6.1678800120098884,4.865963890662437,8.887756956361747,0.29367673945033523,True,walking_dual_task,P01,0,0.0
2026-04-01T14:05:43.580899,1730.928286873873,92349,93.0,-4.2462156859544224,6.434128457603811,5.087052798390757,9.23614978409336,0.3483928277316135,True,walking_dual_task,P01,0,0.0
2026-04-01T14:05:43.640218,1848.0870153667333,92349,84.0,-5.49602565358757,8.295844838335716,6.060472151034706,11.65146609916972,2.4153163150763604,True,walking_dual_task,P01,0,0.0
2026-04-01T14:05:43.640869,1895.6533681112398,92398,71.0,-5.473923755068658,8.033800711224371,5.915595857237772,11.379809729962222,0.27165636920749847,True,walking_dual_task,P01,0,0.0
2026-04-01T14:05:43.641338,1916.7687582129095,92398,100.0,-5.587720579539314,7.82460920464629,5.391996785887289,11.023645486836987,0.3561642431252352,True,walking_dual_task,P01,0,0.0
2026-04-01T14:05:43.819971,1940.018137042666,92465,86.0,-5.517240564065247,7.849013175872912,5.205917389332043,10.915517722093778,0.10812776474320884,True,walking_dual_task,P01,0,0.0
2026-04-01T14:05:43.820869,1862.7765940189654,92465,89.0,-5.829229935980522,7.905505080517902,5.065307902494123,11.051437751337843,0.13592002924406543,True,walking_dual_task,P01,0,0.0
2026-04-01T14:05:43.820915,1875.7229862880968,92537,71.0,-5.987711330190725,7.9585110965917325,4.966445166168081,11.129068399323566,0.07763064798572294,True,walking_dual_task,P01,0,0.0
2026-04-01T14:05:43.821940,1955.7209653354553,92537,78.0,-5.897221220553565,7.890927889478635,4.973241678942958,11.035265917877755,0.09380248144581138,True,walking_dual_task,P01,0,0.0
2026-04-01T14:05:43.822388,1870.3874375784865,92586,57.0,-5.807715866449047,7.937103414716404,4.94587734828683,11.008581967974058,0.02668394990369727,True,walking_dual_task,P01,0,0.0
2026-04-01T14:05:43.822880,1816.2078272318956,92586,67.0,-5.899112822128793,8.011419725984638,4.993707001550564,11.1319130310758,0.1233310631017428,True,walking_dual_task,P01,0,0.0
2026-04-01T14:05:43.880222,1825.7677767146713,92619,79.0,-5.767869652180656,8.073710891555109,5.028725125795142,11.123902385213814,0.008010645861986632,True,walking_dual_task,P01,0,0.0
2026-04-01T14:05:43.880881,1857.5266360401313,92619,85.0,-5.633693435377625,9.511085727276464,6.175777894532774,12.66252289387935,1.5386205086655362,True,walking_dual_task,P01,0,0.0
2026-04-01T14:05:43.881252,1887.5182089980801,92471,66.0,-5.521223046756,9.45623724961912,5.835211141760606,12.40782075636334,0.254702137516011,True,walking_dual_task,P01,0,0.0
2026-04-01T14:05:43.881730,1799.6505585490358,92471,50.0,-4.694424690927567,10.109384566623287,7.296070523495162,13.32178383620176,0.9139630798384211,True,walking_dual_task,P01,0,0.0
2026-04-01T14:05:43.882179,1821.8322632261584,92277,109.0,-4.851329301846068,9.980671646947986,7.288469201966084,13.276708395801641,0.045075440400118794,True,walking_dual_task,P01,0,0.0
2026-04-01T14:05:43.882590,1798.4507651839106,92277,85.0,-4.045842128333616,8.678761735746333,6.780565825031401,11.733107717090027,1.5436006787116145,True,walking_dual_task,P01,0,0.0
2026-04-01T14:05:43.940812,1863.6085848839375,92295,75.0,-3.821338250702113,7.999679256986803,5.941478286093161,10.672331444677894,1.0607762724121326,True,walking_dual_task,P01,0,0.0
2026-04-01T14:05:43.941442,1801.4326658518062,92295,57.0,-3.807510393341312,8.019289373870713,6.08067423456684,10.760145751996246,0.08781430731835194,True,walking_dual_task,P01,0,0.0
2026-04-01T14:05:43.941994,1869.6798599881085,92339,77.0,-3.711608878691284,8.69096544405034,6.178658469441874,11.29091410382981,0.5307683518335633,True,walking_dual_task,P01,0,0.0
2026-04-01T14:05:44.000253,1827.8918036446007,92339,64.0,-3.4691952646265376,8.665015517755855,6.1323257417676444,11.167955440016899,0.12295866381291098,True,walking_dual_task,P01,0,0.0
2026-04-01T14:05:44.001402,1761.9934146801359,92337,77.0,-3.8191975565017167,9.184824787075542,6.85626595781912,12.081211000111507,0.9132555600946084,True,walking_dual_task,P01,0,0.0
2026-04-01T14:05:44.001878,1790.5561010022702,92337,79.0,-3.53877249799171,7.456144253984383,6.350110417552664,10.413496062508388,1.6677149376031188,True,walking_dual_task,P01,0,0.0
2026-04-01T14:05:44.059965,1764.025405818329,92351,83.0,-3.7295360100935158,7.5874166087878425,6.56523663468596,10.704235690385207,0.2907396278768193,True,walking_dual_task,P01,0,0.0
2026-04-01T14:05:44.060869,1801.9886958119253,92351,72.0,-3.7886801617502384,5.435515632829709,5.213676200944645,8.43097545311766,2.2732602372675466,True,walking_dual_task,P01,0,0.0
2026-04-01T14:05:44.061283,1937.984909568543,92438,50.0,-3.812081918251487,5.604679644703235,5.267718153185012,8.584477678496556,0.15350222537889557,True,walking_dual_task,P01,0,0.0
2026-04-01T14:05:44.179729,1883.8782229547235,92438,85.0,-3.6931430739026005,4.742412961102542,4.295477704170187,7.387889763996977,1.1965879144995792,True,walking_dual_task,P01,0,0.0
2026-04-01T14:05:44.239902,1877.9143588593756,92484,74.0,-3.461039470340453,4.731587427181112,4.284587206923424,7.2611570241969545,0.12673273980002264,True,walking_dual_task,P01,0,0.0
2026-04-01T14:05:44.240576,1787.8313330966969,92484,67.0,-2.979092990608268,4.6481654365463285,3.8243535790008245,6.716108789277587,0.5450482349193679,True,walking_dual_task,P01,0,0.0
2026-04-01T14:05:44.240638,1848.5482412813699,92460,91.0,-2.3939126716996775,4.813544875906054,3.8725311481354794,6.625521084817798,0.09058770445978848,True,walking_dual_task,P01,0,0.0
2026-04-01T14:05:44.241339,1798.3840866107923,92460,101.0,-2.388319150544774,4.932955582071604,3.8307998312092337,6.686788951832038,0.06126786701423992,True,walking_dual_task,P01,0,0.0
2026-04-01T14:05:44.241574,1806.267857244808,92435,86.0,-2.231006937519385,4.613735039643215,3.848008133490377,6.408674556154284,0.2781143956777541,True,walking_dual_task,P01,0,0.0
2026-04-01T14:05:44.242916,1839.435346680153,92435,117.0,-2.2564578765298,4.647305794714971,3.923560474485602,6.487170422849272,0.07849586669498798,True,walking_dual_task,P01,0,0.0
2026-04-01T14:05:44.299620,1796.0529206077492,92419,86.0,-1.7860136451183177,4.4068598737673295,3.5463472888159426,5.931849440137672,0.5553209827116001,True,walking_dual_task,P01,0,0.0
2026-04-01T14:05:44.300234,1840.3610559695837,92419,88.0,-2.0005361059281714,4.9372368786570195,3.4816650557006112,6.363995935509379,0.4321464953717076,True,walking_dual_task,P01,0,0.0
2026-04-01T14:05:44.300704,1938.1919075979397,92423,94.0,-2.0580554045001636,4.762313343094031,3.561643816806442,6.292894970011762,0.07110096549761735,True,walking_dual_task,P01,0,0.0
2026-04-01T14:05:44.301238,1863.9177612157112,92423,83.0,-2.534079940784708,6.050110347591157,3.71796492141916,7.539805005517079,1.2469100355053166,True,walking_dual_task,P01,0,0.0
2026-04-01T14:05:44.301980,1836.6278891841064,92397,63.0,-2.5424360910480948,5.969539151885912,3.709173032091483,7.4737770601589,0.06602794535817846,True,walking_dual_task,P01,0,0.0
2026-04-01T14:05:44.359745,1833.0856791598628,92397,71.0,-2.376272729662019,7.094301508669735,4.355142081436228,8.656965318813848,1.1831882586549476,True,walking_dual_task,P01,0,0.0
2026-04-01T14:05:44.360299,1818.5405901840436,92342,92.0,-2.174369797204422,7.018500619845081,4.3382770145780025,8.532753507571655,0.12421181124219238,True,walking_dual_task,P01,0,0.0
2026-04-01T14:05:44.360669,1721.2564612591664,92342,69.0,-2.195329764086367,7.1600070812405585,4.459687357320568,8.716305725566501,0.1835522179948459,True,walking_dual_task,P01,0,0.0
2026-04-01T14:05:44.480105,1781.475523891179,92265,88.0,-2.2270593410156825,7.272720665057695,4.549443567094361,8.862826634349716,0.14652090878321467,True,walking_dual_task,P01,0,0.0
2026-04-01T14:05:44.481124,1882.1858441771208,92265,84.0,-2.298859786056756,7.168076363108436,4.328334359656962,8.683349203636222,0.17947743071349365,True,walking_dual_task,P01,0,0.0
2026-04-01T14:05:44.481161,1819.1429949360918,92080,78.0,-2.113277588026608,7.113636502960248,4.602571819371309,8.732321215620448,0.04897201198422607,True,walking_dual_task,P01,0,0.0
2026-04-01T14:05:44.481657,1815.2883080979796,92080,50.0,-2.4102002562951848,6.972292105328706,4.4117761993220705,8.595678664909425,0.1366425507110236,True,walking_dual_task,P01,0,0.0
2026-04-01T14:05:44.482163,1853.70155359441,91958,93.0,-2.236449964797085,7.14292792675242,4.453393251721019,8.709525777348318,0.11384711243889356,True,walking_dual_task,P01,0,0.0
2026-04-01T14:05:44.482931,1864.0656471862806,91958,93.0,-2.419621680624194,7.104939623432176,4.295619086892895,8.647952328131888,0.061573449216430376,True,walking_dual_task,P01,0,0.0
2026-04-01T14:05:44.540367,1879.7247154402266,91921,69.0,-2.3839661543900346,6.956242338895272,4.462809392728273,8.60170156297811,0.04625076515377735,True,walking_dual_task,P01,0,0.0
2026-04-01T14:05:44.540408,1866.3464478440349,91921,63.0,-2.2397970630154647,6.997481161981195,4.520879999912974,8.62669052820301,0.024988965224899573,True,walking_dual_task,P01,0,0.0
2026-04-01T14:05:44.541025,1914.937854914728,91924,74.0,-2.272759034119765,7.120071353900514,4.266506096207424,8.606039970903158,0.020650557299852323,True,walking_dual_task,P01,0,0.0
2026-04-01T14:05:44.600198,1967.7958433118677,91924,90.0,-2.464108232129666,7.145403407263637,4.476182966719472,8.784351608612528,0.17831163770937053,True,walking_dual_task,P01,0,0.0
2026-04-01T14:05:44.600498,1773.8395483206743,91864,74.0,-2.2447616402589676,7.049990382121714,4.346126287861825,8.580800249372455,0.20355135924007328,True,walking_dual_task,P01,0,0.0
2026-04-01T14:05:44.601227,1865.3343740123746,91864,50.0,-7.200654297953665,7.700459171959425,5.847114821799629,12.055506854419749,3.4747066050472935,True,walking_dual_task,P01,0,0.0
2026-04-01T14:05:44.659910,1780.1950120536505,91846,68.0,-6.171155274958664,7.891092856814671,5.775325481171677,11.56316947536412,0.4923373790556287,True,walking_dual_task,P01,0,0.0
2026-04-01T14:05:44.660391,1882.0385267866473,91846,83.0,-6.187451277762444,7.809255850486349,5.691408322608145,11.474369653610285,0.0887998217538346,True,walking_dual_task,P01,0,0.0
2026-04-01T14:05:44.660790,1697.107593571657,91968,85.0,-4.77084163706128,6.5606937555272244,5.466269490187973,9.781806306561757,1.6925633470485284,True,walking_dual_task,P01,0,0.0
2026-04-01T14:05:44.719953,1871.2818442383161,91968,69.0,-3.990820925618232,8.104035987476948,5.917980344147526,10.799284342047407,1.0174780354856505,True,walking_dual_task,P01,0,0.0
2026-04-01T14:05:44.720438,1842.351212982467,91957,81.0,-4.166393773112398,8.232660156538739,5.634008853583942,10.810993760425193,0.011709418377785497,True,walking_dual_task,P01,0,0.0
2026-04-01T14:05:44.720525,1805.281672868965,91957,83.0,-4.32382420731787,9.341422262581473,5.890231604501048,11.859698732189775,1.0487049717645824,True,walking_dual_task,P01,0,0.0
2026-04-01T14:05:44.780357,1874.611952404756,91798,87.0,-4.440369945201894,9.237672335864309,5.998974003468164,11.87599109671828,0.016292364528505132,True,walking_dual_task,P01,0,0.0
2026-04-01T14:05:44.781216,1835.227443440294,91798,120.0,-4.7477362938351355,7.845363443752451,4.883293637787759,10.389286993495997,1.4867041032222836,True,walking_dual_task,P01,0,0.0
2026-04-01T14:05:44.781568,1839.1856325451413,91827,93.0,-4.51513812407014,7.8891333470017635,5.1114109037662985,10.428394827265981,0.03910783376998417,True,walking_dual_task,P01,0,0.0
2026-04-01T14:05:44.839923,1741.340304808993,91827,50.0,-4.15823505905458,6.524382911236934,4.621631804665771,9.012101404039425,1.4162934232265556,True,walking_dual_task,P01,0,0.0
2026-04-01T14:05:44.840913,1775.743653811686,91919,67.0,-3.7901066862160486,6.922602880800062,4.672240405365633,9.171541295970494,0.15943989193106844,True,walking_dual_task,P01,0,0.0
2026-04-01T14:05:44.841237,1854.0117786138248,91919,80.0,-3.79374723125412,6.842462163378856,4.53664615260901,9.043946308216434,0.12759498775406009,True,walking_dual_task,P01,0,0.0
2026-04-01T14:05:44.899960,1781.3039032583467,91961,86.0,-3.7708892220045858,6.891877193350574,4.5060241740309745,9.056590452803288,0.012644144586854367,True,walking_dual_task,P01,0,0.0
2026-04-01T14:05:44.900355,1682.0987416806893,91961,122.0,-3.5136101841464074,7.741450614434884,4.855390403794957,9.790318182527868,0.7337277297245794,True,walking_dual_task,P01,0,0.0
2026-04-01T14:05:44.901056,1886.282451457952,91951,86.0,-4.14939258628445,8.106580508633495,5.127324434036527,10.451007713610055,0.6606895310821876,True,walking_dual_task,P01,0,0.0
2026-04-01T14:05:44.959767,1794.405347682247,91951,95.0,-4.260797655395718,8.119263658315763,5.597653618817626,10.742930933862267,0.29192322025221173,True,walking_dual_task,P01,0,0.0
2026-04-01T14:05:44.960339,1736.481399685732,91978,63.0,-4.705176489731032,8.265460106147325,5.762834044561096,11.120556316613975,0.37762538275170776,True,walking_dual_task,P01,0,0.0
2026-04-01T14:05:44.960772,1825.998784846722,91978,79.0,-4.722508846036223,8.47334598936298,5.693876520187079,11.248107035562995,0.1275507189490206,True,walking_dual_task,P01,0,0.0
2026-04-01T14:05:45.019777,1835.0113073678633,91991,77.0,-5.082717625711667,7.956737460763255,6.311201860220739,11.35671424324338,0.10860720768038412,True,walking_dual_task,P01,0,0.0
2026-04-01T14:05:45.020334,1796.576994938087,91991,63.0,-4.9395784932229185,7.9916039575164115,6.292223616777484,11.307397912341932,0.049316330901447714,True,walking_dual_task,P01,0,0.0
2026-04-01T14:05:45.020806,1792.9993886513146,91857,50.0,-4.623467222673237,7.437859216049549,6.158919845854638,10.706563059384141,0.6008348529577905,True,walking_dual_task,P01,0,0.0
2026-04-01T14:05:45.079792,1828.3362118505343,91857,86.0,-4.641032956589602,7.225073345945819,5.678619466734208,10.29502747963405,0.41153557975009036,True,walking_dual_task,P01,0,0.0
2026-04-01T14:05:45.080131,1822.836836980703,91752,104.0,-4.769803903367656,7.175896431553889,5.67395096548211,10.31689092855326,0.021863448919209105,True,walking_dual_task,P01,0,0.0
2026-04-01T14:05:45.080961,1796.592078225645,91752,99.0,-4.6177775773840235,7.350802434799843,5.021323419555699,10.028551992856622,0.28833893569663793,True,walking_dual_task,P01,0,0.0
2026-04-01T14:05:45.199822,1932.78296806029,91739,104.0,-4.691391104307763,7.465342353921239,4.955082658469661,10.114016566483123,0.08546457362650095,True,walking_dual_task,P01,0,0.0
2026-04-01T14:05:45.200636,1839.3355150422499,91739,101.0,-4.96467939063992,7.330957714180774,4.1856053715465675,9.79337913006899,0.3206374364141329,True,walking_dual_task,P01,0,0.0
2026-04-01T14:05:45.201148,1743.9695876341952,91760,59.0,-4.804653440811808,8.03267989695731,4.355087326119561,10.323537505691258,0.5301583756222676,True,walking_dual_task,P01,0,0.0
2026-04-01T14:05:45.201182,1810.5387899842713,91760,108.0,-5.087473297844273,7.781118815357874,4.315382359085706,10.249425324382969,0.07411218130828878,True,walking_dual_task,P01,0,0.0
2026-04-01T14:05:45.201553,1875.1766771326904,91765,78.0,-4.698723435799822,8.489315034951197,4.74474806298514,10.800884494798757,0.5514591704157876,True,walking_dual_task,P01,0,0.0
2026-04-01T14:05:45.202155,1779.5942018096232,91765,91.0,-4.736602162763185,8.541067050187236,4.760001357030367,10.86475215193692,0.06386765713816267,True,walking_dual_task,P01,0,0.0
2026-04-01T14:05:45.259629,1732.1297036158196,91774,92.0,-4.28873937804599,9.184085924742364,5.61697322997861,11.5884040312784,0.7236518793414799,True,walking_dual_task,P01,0,0.0
2026-04-01T14:05:45.260295,1800.3576125936943,91774,78.0,-4.422985023432498,9.213275421134453,5.535713177805374,11.622880920413685,0.034476889135286015,True,walking_dual_task,P01,0,0.0
2026-04-01T14:05:45.319694,1871.8199085286476,91728,71.0,-3.871321476337857,9.786401111815321,6.436537845186562,12.336522853989845,0.7136419335761595,True,walking_dual_task,P01,0,0.0
2026-04-01T14:05:45.320205,1857.5344742618136,91728,75.0,-3.9838113449436694,9.386841564519408,6.197218998935661,11.932689165073402,0.40383368891644267,True,walking_dual_task,P01,0,0.0
2026-04-01T14:05:45.320683,1811.619908758673,91688,99.0,-3.954790950166862,9.259226653596135,6.325895602949889,11.890778143654332,0.04191102141906988,True,walking_dual_task,P01,0,0.0
2026-04-01T14:05:45.380859,1771.4399664557016,91688,77.0,-4.016394371875929,8.895724530797942,5.532977739364474,11.219589178868347,0.6711889647859852,True,walking_dual_task,P01,0,0.0
2026-04-01T14:05:45.380917,1839.934362649084,91729,53.0,-4.023459695192584,8.780864581565215,5.848602899905956,11.291499749785855,0.07191057091750785,True,walking_dual_task,P01,0,0.0
2026-04-01T14:05:45.381632,1720.4284454081499,91729,65.0,-4.039895264806103,8.852119580380252,5.7086087024107215,11.281355775490535,0.010143974295319325,True,walking_dual_task,P01,0,0.0
2026-04-01T14:05:45.381826,1767.257475843628,91767,79.0,-4.113955474253092,8.964707529578629,5.656953501448756,11.3706522967055,0.08929652121496545,True,walking_dual_task,P01,0,0.0
2026-04-01T14:05:45.500009,1808.5213035138984,91767,78.0,-4.216737598650837,8.86913068432043,5.641124957868708,11.325398265037704,0.04525403166779718,True,walking_dual_task,P01,0,0.0
2026-04-01T14:05:45.500479,1791.198070065831,91743,112.0,-4.127309418353518,8.876817823788885,5.866485894061503,11.412634860398727,0.08723659536102346,True,walking_dual_task,P01,0,0.0
2026-04-01T14:05:45.500874,1783.374571161295,91743,69.0,-4.096164866252673,8.691894839017039,5.642661518863711,11.143035112594733,0.2695997478039942,True,walking_dual_task,P01,0,0.0
2026-04-01T14:05:45.501282,1869.742973801002,91764,98.0,-4.2339626254595295,8.85808330552742,5.9087631485758445,11.458863875071545,0.31582876247681213,True,walking_dual_task,P01,0,0.0
2026-04-01T14:05:45.501689,1789.4610180046138,91764,90.0,-4.166547100192696,8.859894585420678,5.8413271881478455,11.40083111540058,0.058032759670965106,True,walking_dual_task,P01,0,0.0
2026-04-01T14:05:45.502421,1833.134466578247,91891,50.0,-4.147869325589406,8.923609643847858,5.707004133489151,11.375654934886265,0.025176180514314694,True,walking_dual_task,P01,0,0.0
2026-04-01T14:05:45.560619,1841.8272286753045,91891,69.0,-4.160174153483867,8.803797294589698,5.784359994420513,11.32575455925973,0.049900375626535265,True,walking_dual_task,P01,0,0.0
2026-04-01T14:05:45.561190,1870.4562919479872,92004,90.0,-4.193230928601665,8.873947410660673,5.7797943138957475,11.390177811548618,0.06442325228888812,True,walking_dual_task,P01,0,0.0
2026-04-01T14:05:45.561218,1822.693105408593,92004,82.0,-4.081842235972252,8.88066682298557,5.6482185712155495,11.288492028985438,0.10168578256318028,True,walking_dual_task,P01,0,0.0
2026-04-01T14:05:45.619983,1791.4686841248713,92000,52.0,-4.102776305317152,8.877815518845512,5.654963894517667,11.297211976696927,0.008719947711488985,True,walking_dual_task,P01,0,0.0
2026-04-01T14:05:45.620518,1826.1058348611882,92000,78.0,-3.376583317028469,5.507056468953933,3.379403610539029,7.290360389720563,4.006851586976364,True,walking_dual_task,P01,0,0.0
2026-04-01T14:05:45.620916,1888.8094949518372,91859,56.0,-3.032689188181138,5.365326652516911,3.380795197021932,7.029488599075018,0.26087179064554533,True,walking_dual_task,P01,0,0.0
2026-04-01T14:05:45.679994,1705.1253963087483,91859,83.0,-3.099646295989676,5.532762934571167,3.3877538727009893,7.190003418108201,0.16051481903318354,True,walking_dual_task,P01,0,0.0
2026-04-01T14:05:45.680518,1883.5699950454052,91859,79.0,-2.669372821391492,5.309168880899435,3.763344749022791,7.033888623335739,0.1561147947724626,True,walking_dual_task,P01,0,0.0
2026-04-01T14:05:45.681037,1797.2932753290677,91766,85.0,-2.5664031788364485,5.08928533764097,3.375087709086453,6.6240823944374085,0.4098062288983302,True,walking_dual_task,P01,0,0.0
2026-04-01T14:05:45.739945,1738.796061893195,91739,95.0,-2.5494229389466208,5.181763181117083,3.474932719001136,6.739835635116964,0.11575324067955517,True,walking_dual_task,P01,0,0.0
2026-04-01T14:05:45.740677,1827.9476271530561,91739,103.0,-2.950495660968271,5.507521606456498,3.4728885520481088,7.148368610104306,0.40853297498734253,True,walking_dual_task,P01,0,0.0
2026-04-01T14:05:45.740739,1789.8521611556016,91720,109.0,-2.9297465970407477,5.574287941858354,3.386580515743211,7.150176834962254,0.0018082248579478488,True,walking_dual_task,P01,0,0.0
2026-04-01T14:05:45.800494,1832.8550290120163,91720,101.0,-3.474654771551063,5.831543734247246,3.823751967501927,7.791097946687343,0.6409211117250893,True,walking_dual_task,P01,0,0.0
2026-04-01T14:05:45.801270,1852.2414917391327,91686,77.0,-3.6074644550897785,6.214118179244209,4.326274730499475,8.387235395773024,0.5961374490856803,True,walking_dual_task,P01,0,0.0
2026-04-01T14:05:45.801764,1753.5374830828296,91686,89.0,-3.5527379104032457,6.364704885177145,4.168499363036538,8.396892393918732,0.009656998145707973,True,walking_dual_task,P01,0,0.0
2026-04-01T14:05:45.859708,1740.9599747419004,91673,74.0,-3.8326210909481846,7.355478322413405,4.745966223048553,9.555953179489324,1.159060785570592,True,walking_dual_task,P01,0,0.0
2026-04-01T14:05:45.860240,1766.8558876592658,91673,65.0,-3.624229952762711,7.350531979074973,4.64644887348645,9.420979262254521,0.13497391723480234,True,walking_dual_task,P01,0,0.0
2026-04-01T14:05:45.860783,1757.5175629030166,91635,84.0,-3.9074382307155577,7.245374468929911,4.6115969304943825,9.435589593195761,0.01461033094123998,True,walking_dual_task,P01,0,0.0
2026-04-01T14:05:45.920115,1894.8509610254525,91635,79.0,-5.113780677966527,8.498242813170958,5.859914393963219,11.519960088408855,2.0843704952130935,True,walking_dual_task,P01,0,0.0
2026-04-01T14:05:45.920172,1881.4275581721952,91603,50.0,-4.873530945052821,8.591307517158864,5.7312215245435025,11.4196658834735,0.1002942049353539,True,walking_dual_task,P01,0,0.0
2026-04-01T14:05:45.920852,1834.5015122097182,91603,59.0,-5.014702805643334,8.448652972837209,5.871120069776116,11.445393490749282,0.025727607275781494,True,walking_dual_task,P01,0,0.0
2026-04-01T14:05:45.980277,1837.9625480481625,91635,78.0,-5.025093125940836,9.027055590336722,6.248376969171049,12.074001337761832,0.6286078470125496,True,walking_dual_task,P01,0,0.0
2026-04-01T14:05:45.980335,1738.4231576366362,91635,83.0,-4.833265709824743,8.805707846326419,6.468922270615099,11.947715406716146,0.12628593104568608,True,walking_dual_task,P01,0,0.0
2026-04-01T14:05:45.980782,1747.7129825356635,91593,77.0,-3.7045395077404515,8.947941802494606,6.565470335790689,11.70019983570314,0.2475155710130057,True,walking_dual_task,P01,0,0.0
2026-04-01T14:05:46.040385,1895.0977233314582,91593,99.0,-3.8553956088733305,8.934803601602207,6.535060857397157,11.721851863507233,0.02165202780409281,True,walking_dual_task,P01,0,0.0
2026-04-01T14:05:46.041167,1856.1867164085565,91527,86.0,-4.104212236183057,8.495312327040116,6.1083495649565345,11.239520631294697,0.4823312322125357,True,walking_dual_task,P01,0,0.0
2026-04-01T14:05:46.041370,1883.1889111751673,91527,67.0,-5.2033401975844855,6.829437875095693,5.021287933582813,9.946321099458558,1.2931995318361391,True,walking_dual_task,P01,0,0.0
2026-04-01T14:05:46.099795,1838.2863417221001,91554,65.0,-5.1139021035789,6.718773748438656,4.913827743732942,9.769320268205803,0.17700083125275512,True,walking_dual_task,P01,0,0.0
2026-04-01T14:05:46.100107,1899.4755845691361,91554,62.0,-5.500912821448436,5.970642122983069,4.197964517465634,9.13955772014248,0.6297625480633222,True,walking_dual_task,P01,0,0.0
2026-04-01T14:05:46.101075,1747.7179031474566,91699,76.0,-5.53599417375829,6.096071203755909,4.195050448456286,9.241632100351163,0.10207438020868231,True,walking_dual_task,P01,0,0.0
2026-04-01T14:05:46.219719,1801.3944527452018,91699,59.0,-5.045771051232104,6.35978349979102,4.727955578521811,9.39469082078498,0.15305872043381719,True,walking_dual_task,P01,0,0.0
2026-04-01T14:05:46.220511,1846.2626246159973,91740,87.0,-4.946909018579451,7.752827658657506,5.2091909983247655,10.569480422422632,1.1747896016376522,True,walking_dual_task,P01,0,0.0
2026-04-01T14:05:46.220618,1814.1827201267142,91740,62.0,-4.8478402484546965,7.827615899123481,5.132704721180447,10.541242028033322,0.028238394389310528,True,walking_dual_task,P01,0,0.0
2026-04-01T14:05:46.220999,1722.6849631155253,91591,95.0,-4.913350072123794,8.533055642805511,5.216348773990802,11.142905458917312,0.6016634308839901,True,walking_dual_task,P01,0,0.0
2026-04-01T14:05:46.221791,1747.7335473036878,91591,73.0,-4.917847643340572,8.510237237246011,5.101244290461575,11.073935912234901,0.06896954668241051,True,walking_dual_task,P01,0,0.0
2026-04-01T14:05:46.222412,1770.7696210619017,91417,77.0,-5.164239053641951,8.604144043887194,4.74561377899882,11.1005184505294,0.026582538294498192,True,walking_dual_task,P01,0,0.0
2026-04-01T14:05:46.280179,1881.8389933322567,91417,79.0,-5.146602772258321,8.460748539505477,4.691474692880214,10.958180539583047,0.1423379109463525,True,walking_dual_task,P01,0,0.0
2026-04-01T14:05:46.281059,1785.1644052692702,91413,70.0,-4.9555919856492014,7.611711103274153,4.248077397244721,10.027073322805569,0.9311072167774785,True,walking_dual_task,P01,0,0.0
2026-04-01T14:05:46.340188,1854.2182179107087,91413,105.0,-4.373328470232818,6.3997953205506795,4.676475997895436,9.052779120932058,0.9742942018735103,True,walking_dual_task,P01,0,0.0
2026-04-01T14:05:46.340712,1716.983047786396,91432,96.0,-4.3367882345299655,6.51136971823146,4.419509295118429,8.985417642396895,0.0673614785351635,True,walking_dual_task,P01,0,0.0
2026-04-01T14:05:46.341071,1776.7519146589698,91432,99.0,-4.092344104257719,6.413568543213739,4.553796146666606,8.866690536584061,0.11872710581283386,True,walking_dual_task,P01,0,0.0
2026-04-01T14:05:46.341440,1891.2458326440176,91443,53.0,-4.2328872899875725,6.421099473734913,4.664450004076741,8.994717733307068,0.1280271967230071,True,walking_dual_task,P01,0,0.0
2026-04-01T14:05:46.400023,1781.7847974844226,91443,50.0,-4.06952921463701,6.326864101863614,4.826928097597908,8.938093323053566,0.05662441025350162,True,walking_dual_task,P01,0,0.0
2026-04-01T14:05:46.400701,1754.4681578209586,91408,79.0,-4.066860788451718,6.562606947089328,4.47795404338983,8.925202464333376,0.012890858720190579,True,walking_dual_task,P01,0,0.0
2026-04-01T14:05:46.400750,1799.0193410651677,91408,111.0,-4.026256858778622,6.377024538729859,4.693134648914518,8.882719127230505,0.04248333710287078,True,walking_dual_task,P01,0,0.0
2026-04-01T14:05:46.460410,1773.0323937439566,91410,85.0,-4.262899428078054,6.519573144993137,4.876819340159421,9.190240062336613,0.30752093510610834,True,walking_dual_task,P01,0,0.0
2026-04-01T14:05:46.460843,1784.3645112791717,91410,60.0,-4.1621871139564455,6.46353478901032,4.758734396943324,9.04138466170881,0.148855400627804,True,walking_dual_task,P01,0,0.0
2026-04-01T14:05:46.461209,1751.0236163427262,91415,74.0,-4.359883592600878,6.405420679607389,4.565087528644995,8.99322095625157,0.048163705457239914,True,walking_dual_task,P01,0,0.0
2026-04-01T14:05:46.520039,1805.660678949673,91415,121.0,-4.137772626625252,6.45230506870411,4.572772155440528,8.92544946738517,0.06777148886640028,True,walking_dual_task,P01,0,0.0
2026-04-01T14:05:46.520874,1840.6456685647534,91421,94.0,-4.29844020947547,6.5827979605742115,4.713620020891594,9.166680474715239,0.24123100733006986,True,walking_dual_task,P01,0,0.0
2026-04-01T14:05:46.520915,1750.9371445154466,91421,77.0,-4.204740248747007,6.507758335032395,4.607116365813601,9.014226551111536,0.15245392360370325,True,walking_dual_task,P01,0,0.0
2026-04-01T14:05:46.580218,1802.20498959276,91441,95.0,-4.233657333112067,6.412752021924132,4.600234132209462,8.955969907276964,0.05825664383457152,True,walking_dual_task,P01,0,0.0
2026-04-01T14:05:46.580908,1706.7035741029283,91441,65.0,-4.28060170026498,6.385236356886786,4.707272256930552,9.014056043229836,0.05808613595287149,True,walking_dual_task,P01,0,0.0
2026-04-01T14:05:46.581422,1714.4873210979013,91475,106.0,-4.1490995056669355,6.506292601066346,4.585052602476056,8.976055786707697,0.0380002565221389,True,walking_dual_task,P01,0,0.0
2026-04-01T14:05:46.640067,1791.0003986907627,91475,133.0,-6.207613615581468,8.702216997028687,4.601768970111386,11.637840225660748,2.6617844389530507,True,walking_dual_task,P01,0,0.0
2026-04-01T14:05:46.640369,1797.686769438541,91540,75.0,-5.898542112987482,10.168838276890083,5.610138822664236,13.025810092650522,1.3879698669897742,True,walking_dual_task,P01,0,0.0
2026-04-01T14:05:46.640612,1771.7939664237474,91540,50.0,-5.992137516384599,10.31425552659354,5.668851527097931,13.207023007453637,0.1812129148031154,True,walking_dual_task,P01,0,0.0
2026-04-01T14:05:46.699933,1754.4775593103832,91526,109.0,-5.068977669627517,10.621365155180907,6.5756626132560205,13.481367555936101,0.27434454848246403,True,walking_dual_task,P01,0,0.0
2026-04-01T14:05:46.760007,1690.5698768874133,91526,91.0,-4.802625058009956,9.121127753427075,6.0195185609668895,11.937117853484889,1.5442497024512125,True,walking_dual_task,P01,0,0.0
2026-04-01T14:05:46.760581,1776.1035701969133,91456,97.0,-4.690823426355535,9.122967887714584,6.104936719290923,11.9374461190015,0.000328265516611026,True,walking_dual_task,P01,0,0.0
2026-04-01T14:05:46.761193,1813.5446360906901,91456,123.0,-4.799621597209093,9.07495969651833,5.88038289774665,11.83089869764505,0.10654742135644923,True,walking_dual_task,P01,0,0.0
2026-04-01T14:05:46.761234,1771.6879511090883,91456,50.0,-4.028104250946502,8.126890932012355,4.640460147936974,10.188515616217563,1.6423830814274876,True,walking_dual_task,P01,0,0.0
2026-04-01T14:05:46.761956,1809.2227538757768,91456,62.0,-3.99702069870463,8.05821763401279,4.6292752801633466,10.116384508435775,0.07213110778178766,True,walking_dual_task,P01,0,0.0
2026-04-01T14:05:46.819626,1755.3957483216204,91341,56.0,-3.4204264740598465,8.71012655694266,4.5681862386654855,10.413162219688118,0.29677771125234287,True,walking_dual_task,P01,0,0.0
2026-04-01T14:05:46.820265,1800.3888673993044,91341,92.0,-3.603043704489645,9.509666202227388,5.877036276266228,11.745434457983986,1.332272238295868,True,walking_dual_task,P01,0,0.0
2026-04-01T14:05:46.820755,1776.9208643987438,91165,90.0,-3.8098943358656143,9.339255633082598,5.589355921942035,11.531603975712764,0.2138304822712218,True,walking_dual_task,P01,0,0.0
2026-04-01T14:05:46.939740,1795.2964310499337,91165,76.0,-3.9402956720361284,8.387319276297351,5.574092950881565,10.8140448885088,0.7175590872039646,True,walking_dual_task,P01,0,0.0
2026-04-01T14:05:46.940110,1780.0838163917065,91109,77.0,-3.93050932309861,8.328173178113964,5.519135529263687,10.736304253047352,0.07774063546144738,True,walking_dual_task,P01,0,0.0
2026-04-01T14:05:46.940521,1851.0126114810134,91109,65.0,-3.9730156398470813,5.657125161304279,4.019174162507726,7.996354126331647,2.739950126715706,True,walking_dual_task,P01,0,0.0
2026-04-01T14:05:46.941243,1791.1612256397252,91237,51.0,-3.6291799880973037,4.6794918388625835,2.9769234005867857,6.6280211367306805,1.3683329896009662,True,walking_dual_task,P01,0,0.0
2026-04-01T14:05:46.999665,1820.8080411816077,91237,59.0,-3.503930208158505,4.688951285483756,2.8747448544356273,6.521345646366982,0.10667549036369817,True,walking_dual_task,P01,0,0.0
2026-04-01T14:05:47.000322,1795.787390726582,91325,76.0,-2.7900603466329095,4.591167349118738,2.8338386166675344,6.074034546393649,0.4473110999733336,True,walking_dual_task,P01,0,0.0
2026-04-01T14:05:47.000778,1662.4787143849273,91325,105.0,-2.832528819245783,4.383876591995753,2.8107923931834904,5.928081254780873,0.14595329161277526,True,walking_dual_task,P01,0,0.0
2026-04-01T14:05:47.001708,1674.079523269216,91358,89.0,-2.614841704324116,4.805943963832261,3.0972982844292765,6.287109923080472,0.35902866829959823,True,walking_dual_task,P01,0,0.0
2026-04-01T14:05:47.060352,1712.8799391071168,91358,70.0,-2.744577869169276,4.7872646898446805,2.9684322641946066,6.2659557130320485,0.021154210048423217,True,walking_dual_task,P01,0,0.0
2026-04-01T14:05:47.060820,1804.0111825897022,91370,126.0,-2.781533950441255,4.98476630746104,2.8720636142995546,6.390115465470052,0.12415975243800315,True,walking_dual_task,P01,0,0.0
2026-04-01T14:05:47.061664,1878.5015031118198,91370,69.0,-3.1467085030022095,4.622256574620074,3.0526248179608886,6.3706788118469495,0.019436653623102096,True,walking_dual_task,P01,0,0.0
2026-04-01T14:05:47.119930,1820.762391339611,91373,88.0,-3.069075749825002,4.476700158607559,3.076383212572486,6.238926505324345,0.13175230652260428,True,walking_dual_task,P01,0,0.0
2026-04-01T14:05:47.120528,1822.4045447966644,91373,84.0,-3.457694837853065,4.808345317800153,3.282059975297039,6.7710971022702955,0.5321705969459503,True,walking_dual_task,P01,0,0.0
2026-04-01T14:05:47.121036,1809.78910883612,91371,90.0,-3.501633015269323,4.74064589548487,3.302852987874238,6.75603398004417,0.015063122226125714,True,walking_dual_task,P01,0,0.0
2026-04-01T14:05:47.240782,1815.1769056860498,91371,61.0,-3.797657889301772,5.6278175050475205,4.069799208869694,7.915668064971627,1.1596340849274576,True,walking_dual_task,P01,0,0.0
2026-04-01T14:05:47.241652,1786.7146041717338,91367,93.0,-3.729782472542745,6.161279332978451,4.776595043298089,8.64225089424823,0.7265828292766026,True,walking_dual_task,P01,0,0.0
2026-04-01T14:05:47.241680,1725.0349025359492,91367,80.0,-3.9422212584595977,6.198367873296944,4.820389233881969,8.78618376256129,0.14393286831306007,True,walking_dual_task,P01,0,0.0
2026-04-01T14:05:47.242150,1732.7691507828556,91370,90.0,-3.8316610578251926,6.266479796800451,5.084299650186079,8.933112472069553,0.14692870950826276,True,walking_dual_task,P01,0,0.0
2026-04-01T14:05:47.242456,1801.2879990922781,91370,74.0,-3.586190860311543,6.360915995887685,5.07457173418488,8.892316654208283,0.04079581786126951,True,walking_dual_task,P01,0,0.0
2026-04-01T14:05:47.242926,1760.5326314575627,91371,86.0,-3.6247884988730315,6.51475999312571,5.049313720890474,9.004263350300585,0.11194669609230168,True,walking_dual_task,P01,0,0.0
2026-04-01T14:05:47.299655,1811.9075607472253,91371,71.0,-3.796165198077366,7.2968760670749075,5.71870240392087,10.01792532084137,1.0136619705407846,True,walking_dual_task,P01,0,0.0
2026-04-01T14:05:47.300438,1789.12539656967,91325,89.0,-3.678630706792679,7.387534925911108,5.528047937730251,9.93314200846631,0.08478331237505898,True,walking_dual_task,P01,0,0.0
2026-04-01T14:05:47.300484,1815.5360869323647,91325,50.0,-4.425929628358242,8.16690992601979,5.8767806205164375,10.991988959081857,1.0588469506155462,True,walking_dual_task,P01,0,0.0
2026-04-01T14:05:47.301546,1822.1579912716415,91305,92.0,-4.342229536532799,8.142829288957866,5.8353840006450035,10.918440026488748,0.07354893259310913,True,walking_dual_task,P01,0,0.0
2026-04-01T14:05:47.420176,1858.3741724327408,91305,96.0,-4.736255932475337,9.02701633733367,6.244267671232846,11.954498022183971,1.0360579956952236,True,walking_dual_task,P01,0,0.0
2026-04-01T14:05:47.420656,1826.0586863859642,91230,91.0,-4.1663473340874955,9.108538482655286,6.756389194585984,12.081916998017677,0.12741897583370587,True,walking_dual_task,P01,0,0.0
2026-04-01T14:05:47.421339,1779.6355827287166,91230,101.0,-4.386403301144657,9.162099616543529,6.887467820202183,12.272808002982872,0.19089100496519507,True,walking_dual_task,P01,0,0.0
2026-04-01T14:05:47.421912,1829.8443594760001,90983,85.0,-4.247062838797054,9.26440349684579,6.740904692058156,12.21910434428281,0.05370365870006211,True,walking_dual_task,P01,0,0.0
2026-04-01T14:05:47.422385,1783.2283794292916,90983,76.0,-4.175780162112861,9.127956557014025,6.756617565653107,12.099942636125297,0.11916170815751315,True,walking_dual_task,P01,0,0.0
2026-04-01T14:05:47.479551,1820.0146526343563,90864,96.0,-4.076696097683833,9.218494973356423,6.876705684600003,12.202015477751132,0.10207284162583541,True,walking_dual_task,P01,0,0.0
2026-04-01T14:05:47.480180,1773.5888800463165,90864,75.0,-4.086537300681149,9.346682970421924,6.687578292742596,12.197703598669527,0.004311879081605241,True,walking_dual_task,P01,0,0.0
2026-04-01T14:05:47.480681,1692.0453261828268,90940,100.0,-3.9628489181225315,9.1062611571339,6.965620648734842,12.130458970371722,0.06724462829780542,True,walking_dual_task,P01,0,0.0
2026-04-01T14:05:47.481184,1748.205842463836,90940,75.0,-4.159603615689171,9.10807426150718,6.65202226459216,12.021177945667961,0.10928102470376011,True,walking_dual_task,P01,0,0.0
2026-04-01T14:05:47.539908,1825.4922989942283,90940,71.0,-4.332413471639107,9.053473301523837,6.79078500506578,12.118165962540338,0.0969880168723769,True,walking_dual_task,P01,0,0.0
2026-04-01T14:05:47.540868,1719.8609636722126,90965,99.0,-4.237055587802183,9.141320021633014,6.684130399373602,12.091069885988775,0.02709607655156354,True,walking_dual_task,P01,0,0.0
2026-04-01T14:05:47.541280,1818.699679843223,90902,110.0,-4.092830935023063,9.404291878514206,6.731783233636344,12.268205912179555,0.17713602619078017,True,walking_dual_task,P01,0,0.0
2026-04-01T14:05:47.600314,1831.2416846584476,90902,76.0,-4.241662316542573,9.186773360205676,6.676327441503049,12.122782357426393,0.1454235547531617,True,walking_dual_task,P01,0,0.0
2026-04-01T14:05:47.601077,1769.8889758197636,90834,89.0,-4.421598484606362,9.214658125377412,6.914540033804992,12.339826635968157,0.21704427854176345,True,walking_dual_task,P01,0,0.0
2026-04-01T14:05:47.601803,1752.857411979235,90834,92.0,-4.0708452654244,7.243718435060438,5.222516374119206,9.814169104891453,2.5256575310767033,True,walking_dual_task,P01,0,0.0
2026-04-01T14:05:47.660077,1799.0527032882385,90814,50.0,-3.885893795635111,7.218843231038904,4.368159680842424,9.289385726871775,0.5247833780196789,True,walking_dual_task,P01,0,0.0
2026-04-01T14:05:47.660518,1854.3369925053623,90814,68.0,-3.890713433649495,7.48700127800164,4.470723771251801,9.548832923368947,0.2594471964971721,True,walking_dual_task,P01,0,0.0
2026-04-01T14:05:47.661109,1787.1240228033528,90814,78.0,-3.895868305722038,7.798745200036805,3.9109892597739617,9.554792176740104,0.005959253371157658,True,walking_dual_task,P01,0,0.0
2026-04-01T14:05:47.719627,1828.2360339631591,90818,99.0,-4.200906392048914,8.29828924679119,4.109274939717223,10.168350872602485,0.6135586958623804,True,walking_dual_task,P01,0,0.0
2026-04-01T14:05:47.720066,1717.830881417351,90838,70.0,-4.189767196879518,8.142665168358137,3.9683748046442844,9.98023766240945,0.18811321019303406,True,walking_dual_task,P01,0,0.0
2026-04-01T14:05:47.720091,1820.1487613495813,90838,99.0,-4.873286692387405,7.829188696585954,4.4449303860530245,10.237310436330771,0.2570727739213208,True,walking_dual_task,P01,0,0.0
2026-04-01T14:05:47.779537,1855.0504399933957,90838,88.0,-4.605634582695538,7.9072474682175,4.413773743868313,10.159617664804836,0.07769277152593546,True,walking_dual_task,P01,0,0.0
2026-04-01T14:05:47.780549,1868.9564530986484,90852,91.0,-4.728716533591189,8.09877868129539,4.327244434086717,10.328408424147344,0.16879075934250842,True,walking_dual_task,P01,0,0.0
2026-04-01T14:05:47.780570,1804.1302985781706,90883,78.0,-4.987375041288871,6.80666489173313,4.952509518350697,9.784270401014979,0.5441380231323656,True,walking_dual_task,P01,0,0.0
2026-04-01T14:05:47.840077,1764.8626258484885,90883,100.0,-4.873400782657311,6.885042377769387,4.86365799220196,9.736991978901658,0.04727842211332067,True,walking_dual_task,P01,0,0.0
2026-04-01T14:05:47.840383,1790.1741604390108,90934,84.0,-5.124373011058303,6.836965553511679,4.752638881039995,9.777058508055534,0.04006652915387576,True,walking_dual_task,P01,0,0.0
2026-04-01T14:05:47.960251,1726.1179693147405,90934,57.0,-5.236368209445992,6.636105240524682,4.723274040585845,9.683323936060795,0.09373457199473911,True,walking_dual_task,P01,0,0.0
2026-04-01T14:05:48.020041,1800.3958393192481,90981,103.0,-5.30315444883979,6.733481635072984,4.7673474265700335,9.807692058977908,0.12436812291711341,True,walking_dual_task,P01,0,0.0
2026-04-01T14:05:48.020613,1813.0063026010157,90981,82.0,-5.521694186963147,7.33493820811145,4.678965472329031,10.304520517831145,0.496828458853237,True,walking_dual_task,P01,0,0.0
2026-04-01T14:05:48.020699,1768.0312707414416,91026,77.0,-5.877474920392614,7.66590905182763,4.678248088047279,10.732980862931553,0.4284603451004081,True,walking_dual_task,P01,0,0.0
2026-04-01T14:05:48.021523,1806.5560172898327,91026,50.0,-5.70492540629258,7.4825822730019,4.561384504330656,10.45664573177999,0.27633513115156383,True,walking_dual_task,P01,0,0.0
2026-04-01T14:05:48.022187,1746.8426007409112,90993,95.0,-5.904728721982953,7.567302043921026,4.333738500940317,10.531437266521326,0.07479153474133682,True,walking_dual_task,P01,0,0.0
2026-04-01T14:05:48.022700,1839.0168830331982,90993,112.0,-5.9537165432313355,7.681758117519239,4.6376198609045804,10.768642738408394,0.23720547188706753,True,walking_dual_task,P01,0,0.0
2026-04-01T14:05:48.080170,1762.7219841960882,90895,137.0,-5.57382216361271,7.77905743425896,4.8353574780626705,10.72202919310223,0.04661354530616357,True,walking_dual_task,P01,0,0.0
2026-04-01T14:05:48.081042,1858.2841639087014,90895,73.0,-5.522411391398922,7.907355162827553,4.773594934948552,10.761528787765918,0.03949959466368824,True,walking_dual_task,P01,0,0.0
2026-04-01T14:05:48.081075,1817.6616931442115,90830,65.0,-5.500273261502453,8.732667477091807,5.725922064300942,11.802485784914301,1.040956997148383,True,walking_dual_task,P01,0,0.0
2026-04-01T14:05:48.081640,1673.2295962488467,90830,104.0,-4.9667906351309385,9.929117325235191,6.554627517575951,12.892615016577277,1.090129231662976,True,walking_dual_task,P01,0,0.0
2026-04-01T14:05:48.081747,1813.4944964126794,90830,108.0,-4.980515452250409,9.765587445430185,6.435709982298391,12.71182895183474,0.1807860647425379,True,walking_dual_task,P01,0,0.0
2026-04-01T14:05:48.082577,1878.7306307968547,90713,73.0,-4.935658423489306,9.313694223834963,6.486009722355767,12.376346241397387,0.33548271043735234,True,walking_dual_task,P01,0,0.0
2026-04-01T14:05:48.139733,1774.383300405659,90713,65.0,-4.985029945377109,9.382379643212838,6.333528031930825,12.369039924623685,0.007306316773702193,True,walking_dual_task,P01,0,0.0
2026-04-01T14:05:48.139965,1784.0864094962817,90633,84.0,-4.54930164710707,8.698777050375307,5.679022677298373,11.340906763472505,1.02813316115118,True,walking_dual_task,P01,0,0.0
2026-04-01T14:05:48.140601,1782.492873074412,90633,104.0,-4.303043093820455,8.660604392823494,5.597657594289309,11.173898999864564,0.16700776360794123,True,walking_dual_task,P01,0,0.0
2026-04-01T14:05:48.199899,1740.172124825495,90644,68.0,-4.352914669021116,8.862818193460555,5.612853610325596,11.357884402346226,0.18398540248166206,True,walking_dual_task,P01,0,0.0
2026-04-01T14:05:48.200410,1887.2130353641178,90641,89.0,-4.96000637932566,8.803881559006715,5.622313147477025,11.563753668954677,0.20586926660845073,True,walking_dual_task,P01,0,0.0
2026-04-01T14:05:48.201346,1730.911403930095,90641,77.0,-4.934753827011048,8.676272758183687,5.748467629871732,11.518436716815511,0.04531695213916542,True,walking_dual_task,P01,0,0.0
2026-04-01T14:05:48.259397,1780.8555348822922,90641,75.0,-5.052892574984849,7.700534920720796,5.143763887596204,10.549325493647274,0.9691112231682375,True,walking_dual_task,P01,0,0.0
2026-04-01T14:05:48.260083,1808.6857736207355,90634,84.0,-5.343452894440059,6.341238111349377,4.020834298760113,9.215796117428782,1.3335293762184914,True,walking_dual_task,P01,0,0.0
2026-04-01T14:05:48.260634,1802.1441592022366,90688,79.0,-5.112344556784368,6.305354954472087,4.004215259347261,9.051370493596972,0.1644256238318107,True,walking_dual_task,P01,0,0.0
2026-04-01T14:05:48.320061,1712.3027957048425,90688,69.0,-4.433729847886711,5.350087714972202,3.1002710331999643,7.608750186544224,1.4426203070527475,True,walking_dual_task,P01,0,0.0
2026-04-01T14:05:48.320735,1760.5405866954668,90688,74.0,-4.379831156404024,5.449634241287292,3.154594429549129,7.670260773752137,0.06151058720791269,True,walking_dual_task,P01,0,0.0
2026-04-01T14:05:48.321242,1841.0890937073787,90785,93.0,-3.3041650898423547,5.393541340204271,2.7328976259606175,6.890321078397334,0.7799396953548028,True,walking_dual_task,P01,0,0.0
2026-04-01T14:05:48.379949,1708.429446133827,90822,68.0,-3.393805331232358,5.34977179147834,2.7415297246236605,6.903184633065643,0.012863554668308907,True,walking_dual_task,P01,0,0.0
2026-04-01T14:05:48.380625,1796.0261387287987,90822,50.0,-3.4178203285661697,5.421044851923979,2.897634375941445,7.033171977249611,0.1299873441839683,True,walking_dual_task,P01,0,0.0
2026-04-01T14:05:48.380939,1830.562979613313,90828,62.0,-3.502809573567081,5.337615575866982,2.678512215691762,6.923455974729745,0.10971600251986668,True,walking_dual_task,P01,0,0.0
2026-04-01T14:05:48.440172,1649.3224447514667,90828,80.0,-3.479397271584626,5.294267547626051,2.8938669404302346,6.964907760212761,0.041451785483016756,True,walking_dual_task,P01,0,0.0
2026-04-01T14:05:48.440660,1792.4816888030323,90825,71.0,-3.509758281365223,5.279403629736684,2.7374402189816887,6.90536637925803,0.05954138095473116,True,walking_dual_task,P01,0,0.0
2026-04-01T14:05:48.441159,1847.1964786324907,90825,84.0,-3.5047892582791325,5.390693781980341,2.713893432857025,6.9791363907674695,0.07377001150943929,True,walking_dual_task,P01,0,0.0
2026-04-01T14:05:48.499758,1758.1275578419936,90825,68.0,-3.470143769379452,5.317999069226115,2.9617599618825268,7.006784851289729,0.027648460522259555,True,walking_dual_task,P01,0,0.0
2026-04-01T14:05:48.500210,1786.6158666375843,90823,81.0,-3.3415342783704647,5.342423470024031,2.8743064925857205,6.925964025311484,0.08082082597824503,True,walking_dual_task,P01,0,0.0
2026-04-01T14:05:48.500818,1754.690910716616,90829,65.0,-3.4614863204763404,5.382389843613998,2.6468258832524905,6.925149473602666,0.0008145517088182785,True,walking_dual_task,P01,0,0.0
2026-04-01T14:05:48.561207,1640.9458336686039,90829,54.0,-3.3806725318570403,5.370135137930914,2.7818191908287857,6.928622964035227,0.003473490432560844,True,walking_dual_task,P01,0,0.0
2026-04-01T14:05:48.561894,1783.111337433897,90689,50.0,-3.5175984898091865,5.368116834945648,3.0022877962763665,7.085471720415287,0.15684875638006002,True,walking_dual_task,P01,0,0.0
2026-04-01T14:05:48.562419,1795.9221973041251,90689,68.0,-3.455976426899422,5.24507111117423,2.757388995225039,6.859864291336026,0.22560742907926024,True,walking_dual_task,P01,0,0.0
2026-04-01T14:05:48.680647,1763.633429317137,90689,72.0,-3.666421873699571,5.424320171325361,2.7661193971591285,7.1075533903256645,0.2476890989896381,True,walking_dual_task,P01,0,0.0
2026-04-01T14:05:48.681314,1730.9852420658117,90464,100.0,-2.640874964331718,6.863548654928142,5.192789675258885,9.00264324114175,1.8950898508160847,True,walking_dual_task,P01,0,0.0
2026-04-01T14:05:48.681843,1841.4875738720257,90464,110.0,-2.64284410841015,7.775808170545189,5.382414124287759,9.819276933247576,0.8166336921058264,True,walking_dual_task,P01,0,0.0
2026-04-01T14:05:48.681880,1790.7278954795192,90348,98.0,-2.690613435583377,7.603710797418536,5.620090888905726,9.830627657992249,0.011350724744673357,True,walking_dual_task,P01,0,0.0
2026-04-01T14:05:48.682473,1815.558446747792,90227,103.0,-3.2629700034235674,7.800071216851533,5.93906396504373,10.332500424005735,0.5018727660134861,True,walking_dual_task,P01,0,0.0
2026-04-01T14:05:48.682812,1798.5202084786447,90227,87.0,-4.624675979238013,8.244686333006953,6.057569517476319,11.227494337637005,0.8949939136312697,True,walking_dual_task,P01,0,0.0
2026-04-01T14:05:48.740137,1760.8435956418048,90168,107.0,-4.492000442480999,7.963832680074374,6.171353784032799,11.031151637937267,0.19634269969973772,True,walking_dual_task,P01,0,0.0
2026-04-01T14:05:48.740306,1815.2734497013066,90168,72.0,-4.4955963575334,8.20778925105306,6.196747948214393,11.223986641709308,0.192835003772041,True,walking_dual_task,P01,0,0.0
2026-04-01T14:05:48.740869,1831.5600980337842,90168,111.0,-4.167620424840094,8.216680382130107,6.458053367339035,11.251193261295672,0.027206619586364056,True,walking_dual_task,P01,0,0.0
2026-04-01T14:05:48.799365,1775.2970416348642,90188,127.0,-4.14398304654202,8.35987445355344,6.556258722844398,11.40371101045955,0.15251774916387717,True,walking_dual_task,P01,0,0.0
2026-04-01T14:05:48.800023,1850.689692950755,90171,67.0,-5.027167568149404,8.674340335211584,6.109964986568884,11.740880126567578,0.33716911610802924,True,walking_dual_task,P01,0,0.0
2026-04-01T14:05:48.800383,1760.3286108026916,90171,69.0,-6.493881591172519,8.414230144929595,5.547106004445714,11.989168114451017,0.24828798788343853,True,walking_dual_task,P01,0,0.0
2026-04-01T14:05:48.860318,1810.9762109894298,90202,75.0,-6.364561619418052,8.392009423306193,5.351900785047453,11.814241777669054,0.17492633678196334,True,walking_dual_task,P01,0,0.0
2026-04-01T14:05:48.860977,1722.4392255033183,90202,76.0,-6.607719957198694,8.039017297618258,4.6309841315629265,11.390073580576866,0.4241681970921878,True,walking_dual_task,P01,0,0.0
2026-04-01T14:05:48.861460,1817.3076860361427,90518,55.0,-6.506158572636429,7.9447189623740595,4.711639472791532,11.29815052497371,0.09192305560315539,True,walking_dual_task,P01,0,0.0
2026-04-01T14:05:48.919905,1754.897026965882,90518,67.0,-5.536865436351873,7.028425815942962,4.817514201795521,10.161894085011074,1.1362564399626365,True,walking_dual_task,P01,0,0.0
2026-04-01T14:05:48.979617,1733.4917287623373,90654,88.0,-5.388182198831167,7.044515070436135,4.805679923952017,10.087232500387723,0.07466158462335137,True,walking_dual_task,P01,0,0.0
2026-04-01T14:05:48.980683,1728.5190903303478,90654,119.0,-4.280044794429085,6.806214474994363,5.095356787535736,9.518718386118417,0.5685141142693055,True,walking_dual_task,P01,0,0.0
2026-04-01T14:05:48.981337,1723.7005646863659,90576,95.0,-4.162303459577734,7.785198667554553,5.855782440893777,10.593596007871259,1.074877621752842,True,walking_dual_task,P01,0,0.0
2026-04-01T14:05:49.039619,1824.739882609768,90576,55.0,-4.13505901147489,7.593088567840572,5.6108686183788405,10.307063290780714,0.2865327170905445,True,walking_dual_task,P01,0,0.0
2026-04-01T14:05:49.040682,1766.9415305021541,90431,78.0,-3.7042169459195056,7.696188167841391,5.6850673743303215,10.260240082373029,0.04682320840768561,True,walking_dual_task,P01,0,0.0
2026-04-01T14:05:49.041076,1729.30215342972,90431,91.0,-3.71320090097693,7.910934108986996,5.803821361133783,10.490714074823627,0.23047399245059808,True,walking_dual_task,P01,0,0.0
2026-04-01T14:05:49.041726,1785.9371448876973,90391,102.0,-3.977016925178448,7.210595540453237,5.246323441744501,9.763875323177668,0.7268387516459587,True,walking_dual_task,P01,0,0.0
2026-04-01T14:05:49.100297,1783.4608122391276,90391,59.0,-3.7883909923159753,7.121638301296874,4.911952919941059,9.444412098848554,0.3194632243291142,True,walking_dual_task,P01,0,0.0
2026-04-01T14:05:49.159847,1805.5182088010813,90414,80.0,-3.949630679517862,7.195131887452745,5.170193682465163,9.700536484990442,0.25612438614188804,True,walking_dual_task,P01,0,0.0
2026-04-01T14:05:49.160314,1789.1517185047774,90414,84.0,-4.143985755670186,7.773427963056778,4.971017577771163,10.11483148641342,0.41429500142297826,True,walking_dual_task,P01,0,0.0
2026-04-01T14:05:49.160630,1776.0981388876555,90325,84.0,-4.062520751038846,7.910697424549026,5.0604883361310735,10.231898689661977,0.11706720324855624,True,walking_dual_task,P01,0,0.0
2026-04-01T14:05:49.161196,1819.347768030947,90325,90.0,-4.956638415729078,8.284981594102916,4.990748599168005,10.86815329202725,0.6362546023652733,True,walking_dual_task,P01,0,0.0
2026-04-01T14:05:49.161887,1742.7392995728355,90146,98.0,-4.732153409086602,8.188949748267007,4.941331180138155,10.670938463817405,0.19721482820984448,True,walking_dual_task,P01,0,0.0
2026-04-01T14:05:49.219329,1741.22372296257,90146,101.0,-5.550311172422678,8.294405659028408,4.681132967215658,11.023435272363862,0.3524968085464568,True,walking_dual_task,P01,0,0.0
2026-04-01T14:05:49.219937,1706.0977153595088,90114,81.0,-5.774011617183363,8.317014671633904,4.68085218845965,11.154475353585644,0.1310400812217818,True,walking_dual_task,P01,0,0.0
2026-04-01T14:05:49.220376,1749.8452090201204,90114,115.0,-5.7189408041662375,8.574605610168984,4.731129882746329,11.340799586401053,0.18632423281540866,True,walking_dual_task,P01,0,0.0
2026-04-01T14:05:49.220984,1769.2192954137795,90114,85.0,-5.991806752415022,8.166426870359338,4.827360018876363,11.22032444892122,0.12047513747983274,True,walking_dual_task,P01,0,0.0
2026-04-01T14:05:49.279868,1726.0742576858174,90155,83.0,-6.073869456639327,8.169269829573532,4.671973923703959,11.20072319399271,0.01960125492851006,True,walking_dual_task,P01,0,0.0
2026-04-01T14:05:49.280695,1786.8115082397076,90155,95.0,-6.119273092808743,8.119530519108427,4.552842394060302,11.140047257541548,0.06067593645116176,True,walking_dual_task,P01,0,0.0
2026-04-01T14:05:49.280816,1752.7416293002732,90248,89.0,-6.4070331937157805,8.475844650065117,4.533646677482877,11.551795058503455,0.41174780096190666,True,walking_dual_task,P01,0,0.0
2026-04-01T14:05:49.339987,1810.1729068984855,90248,98.0,-6.372472684188663,8.475744555856641,4.578315734856972,11.550222026216773,0.0015730322866822632,True,walking_dual_task,P01,0,0.0
2026-04-01T14:05:49.340511,1785.955221661348,90373,87.0,-6.090138184253409,8.71209045218672,4.568635111624241,11.569906219738787,0.019684193522014226,True,walking_dual_task,P01,0,0.0
2026-04-01T14:05:49.340993,1801.8453297548288,90373,89.0,-6.222687488332878,8.59890496980975,4.621509009045448,11.576759122395249,0.006852902656461879,True,walking_dual_task,P01,0,0.0
2026-04-01T14:05:49.400118,1853.1101364759318,90519,83.0,-6.329704780165785,8.51989081713409,4.316989674344085,11.458189297979539,0.11856982441570985,True,walking_dual_task,P01,0,0.0
2026-04-01T14:05:49.400749,1806.8658056425445,90519,69.0,-6.134010569387637,8.609015637415476,4.430411365611259,11.461665707006153,0.003476409026614391,True,walking_dual_task,P01,0,0.0
2026-04-01T14:05:49.401586,1790.2092252150799,90569,63.0,-6.250421265033006,8.42283814570189,4.6674209702668765,11.480278173143482,0.01861246613732881,True,walking_dual_task,P01,0,0.0
2026-04-01T14:05:49.459678,1753.7298340256348,90569,66.0,-6.129695238045485,8.550961924993144,4.647733469167646,11.50189288571325,0.021614712569768102,True,walking_dual_task,P01,0,0.0
2026-04-01T14:05:49.460395,1805.3684960381975,90383,99.0,-6.280430672583238,8.659981103661048,4.520110565210759,11.613375119689396,0.11148223397614565,True,walking_dual_task,P01,0,0.0
2026-04-01T14:05:49.460507,1762.1983908358147,90383,80.0,-6.267893094845999,8.649693481951028,4.497245154800712,11.590034303767299,0.023340815922097136,True,walking_dual_task,P01,0,0.0
2026-04-01T14:05:49.519819,1794.2815515068878,90275,101.0,-6.18764564403557,8.606034301046286,4.417348885900121,11.483194511402331,0.10683979236496732,True,walking_dual_task,P01,0,0.0
2026-04-01T14:05:49.520384,1764.5294850585844,90275,105.0,-6.058964338270716,8.633517078782615,4.465967899071522,11.453974649771348,0.02921986163098289,True,walking_dual_task,P01,0,0.0
2026-04-01T14:05:49.520818,1800.883339812115,90283,67.0,-6.234025319399796,8.647547927276015,4.428882168881932,11.5437495686321,0.08977491886075128,True,walking_dual_task,P01,0,0.0
2026-04-01T14:05:49.579731,1729.162122071926,90283,96.0,-6.373110419985882,8.555202775153113,4.525195921031239,11.58815900275095,0.04440943411885101,True,walking_dual_task,P01,0,0.0
2026-04-01T14:05:49.580364,1801.4644612598452,90217,90.0,-6.057924479779221,8.549426492381343,4.566723453682587,11.430052731888637,0.158106270862314,True,walking_dual_task,P01,0,0.0
2026-04-01T14:05:49.581102,1844.67286377403,90217,72.0,-6.167586531278868,8.57806982831459,4.542163133767487,11.500158761252388,0.07010602936375143,True,walking_dual_task,P01,0,0.0
2026-04-01T14:05:49.699560,1863.6380283603794,90207,78.0,-3.8736866391419458,5.535960755648295,4.687771125994015,8.223594578774422,3.2765641824779657,True,walking_dual_task,P01,0,0.0
2026-04-01T14:05:49.699949,1807.7684512588871,90207,94.0,-3.6796648600082835,4.639846743142824,3.438505026621811,6.847731602504315,1.3758629762701071,True,walking_dual_task,P01,0,0.0
2026-04-01T14:05:49.700517,1777.8650830707547,90368,76.0,-3.5327379879314287,4.545436672985077,3.437930251116365,6.705266337069131,0.14246526543518456,True,walking_dual_task,P01,0,0.0
2026-04-01T14:05:49.701255,1807.5560349233615,90368,52.0,-3.167052844725473,4.135725644195272,2.8162065827565472,5.921610409516943,0.7836559275521875,True,walking_dual_task,P01,0,0.0
2026-04-01T14:05:49.701755,1819.464101622187,90492,88.0,-3.033255111110352,4.438694055654664,3.0420978258763975,6.1771353126658175,0.2555249031488742,True,walking_dual_task,P01,0,0.0
2026-04-01T14:05:49.702455,1710.6708522418598,90492,63.0,-3.1036256516125684,4.334273317303224,3.057473789849058,6.1454506222121905,0.031684690453626985,True,walking_dual_task,P01,0,0.0
2026-04-01T14:05:49.760336,1753.4980733821312,90447,90.0,-3.189756590684609,4.291239999603999,3.133783880930665,6.197571238347978,0.05212061613578722,True,walking_dual_task,P01,0,0.0
2026-04-01T14:05:49.760929,1801.9996817524134,90447,82.0,-2.898323231465601,4.302152530576582,3.2421753668679636,6.1172293613959825,0.08034187695199524,True,walking_dual_task,P01,0,0.0
2026-04-01T14:05:49.761385,1831.0017238307769,90332,70.0,-2.8943776606171263,4.392220769218315,3.1319016207543235,6.121914168780526,0.004684807384543355,True,walking_dual_task,P01,0,0.0
2026-04-01T14:05:49.819597,1767.4387565333075,90332,50.0,-2.4745314757215686,4.148898620903652,3.2594925976300053,5.827603090883746,0.2943110778967801,True,walking_dual_task,P01,0,0.0
2026-04-01T14:05:49.820129,1766.5125232934272,90255,57.0,-2.6653086942934934,4.469391049404186,3.629782353094067,6.344654972431822,0.5170518815480767,True,walking_dual_task,P01,0,0.0
2026-04-01T14:05:49.820509,1832.1479259934317,90255,83.0,-2.7817207935531174,4.272585772377306,3.603542355738527,6.243274562696113,0.10138040973570916,True,walking_dual_task,P01,0,0.0
2026-04-01T14:05:49.879433,1814.974303965063,90208,69.0,-2.5344474665649206,5.122890237902802,4.591895680088081,7.331639263301813,1.0883647006057,True,walking_dual_task,P01,0,0.0
2026-04-01T14:05:49.940072,1874.7939913479988,90208,89.0,-2.513837200968923,5.3092154201038655,4.406799352402369,7.343502323985326,0.011863060683512394,True,walking_dual_task,P01,0,0.0
2026-04-01T14:05:49.940356,1738.2545812955007,90152,50.0,-1.8810869232084786,6.145323476496708,5.092760250656612,8.19998143986409,0.8564791158787637,True,walking_dual_task,P01,0,0.0
2026-04-01T14:05:49.940657,1760.7377068225412,90152,61.0,-1.9568915180715847,6.2703375284823135,5.024580327835588,8.270003906012777,0.07002246614868746,True,walking_dual_task,P01,0,0.0
2026-04-01T14:05:49.941118,1881.93433509276,90032,103.0,-1.5218670854030045,7.405873478004162,5.064443505578903,9.100089528078216,0.8300856220654396,True,walking_dual_task,P01,0,0.0
2026-04-01T14:05:49.941948,1770.7100368227432,89919,85.0,-1.9151555573250203,7.6391677630310975,5.334922661213129,9.51241844756694,0.41232891948872386,True,walking_dual_task,P01,0,0.0
2026-04-01T14:05:49.999595,1772.4499712666332,89919,67.0,-1.8720289121903404,7.400785829805911,5.300270682868342,9.293491941052414,0.21892650651452605,True,walking_dual_task,P01,0,0.0
2026-04-01T14:05:49.999829,1791.2058638834033,89846,98.0,-2.5410484320958098,7.8065158969335995,5.837722489721642,10.073610149809026,0.7801182087566119,True,walking_dual_task,P01,0,0.0
2026-04-01T14:05:50.060087,1750.183206912218,89846,123.0,-2.6373670622769607,7.644542682077201,6.066856165549437,10.109474841590375,0.03586469178134877,True,walking_dual_task,P01,0,0.0
2026-04-01T14:05:50.060708,1767.958194971442,89846,60.0,-3.7152989145737965,8.926118288754521,6.8772936294396105,11.864914723461009,1.7554398818706343,True,walking_dual_task,P01,0,0.0
2026-04-01T14:05:50.061341,1737.0952154242357,89770,100.0,-3.7348991805631067,8.936600944159096,6.836912294874294,11.85561799536066,0.009296728100348872,True,walking_dual_task,P01,0,0.0
2026-04-01T14:05:50.061892,1800.3905597455296,89770,86.0,-4.417951772790955,10.092478711451408,7.411646787876967,13.278137388807723,1.4225193934470628,True,walking_dual_task,P01,0,0.0
2026-04-01T14:05:50.123432,1726.5726011884894,89729,82.0,-4.667083473216689,10.880906940716324,6.925684670141295,13.716446775631479,0.43830938682375553,True,walking_dual_task,P01,0,0.0
2026-04-01T14:05:50.124141,1809.8626011537633,89729,115.0,-4.419835627504927,10.660975039197105,6.912983245058618,13.452905749577182,0.2635410260542965,True,walking_dual_task,P01,0,0.0
2026-04-01T14:05:50.179718,1741.6293814535613,89727,118.0,-5.686460105284619,9.91902255692635,5.7906746661542865,12.816190935806487,0.6367148137706948,True,walking_dual_task,P01,0,0.0
2026-04-01T14:05:50.181541,1732.4067705178459,89726,52.0,-5.64063044467366,9.768016396786544,5.848938211421132,12.705940907398098,0.11025002840838916,True,walking_dual_task,P01,0,0.0
2026-04-01T14:05:50.182088,1723.5400733801969,89726,104.0,-6.0269184486702985,8.456334721594201,4.198997609628082,11.201112615995985,1.504828291402113,True,walking_dual_task,P01,0,0.0
2026-04-01T14:05:50.239815,1784.9796054404176,89875,75.0,-5.745655899902767,7.712876459758684,3.4031760784789973,10.20208961069833,0.999023005297655,True,walking_dual_task,P01,0,0.0
2026-04-01T14:05:50.240282,1785.767377961207,89875,82.0,-5.890130021522055,7.856432304786436,3.561621292919011,10.445204950804047,0.24311534010571734,True,walking_dual_task,P01,0,0.0
2026-04-01T14:05:50.240687,1727.6048528863312,90028,78.0,-4.892191083091689,8.155874772499763,4.693470840003859,10.60568222341903,0.16047727261498324,True,walking_dual_task,P01,0,0.0
2026-04-01T14:05:50.299608,1792.9117004528964,90028,68.0,-4.645101749832291,8.252188991156599,4.701060355310379,10.572396222064897,0.03328600135413318,True,walking_dual_task,P01,0,0.0
2026-04-01T14:05:50.300177,1692.1646006132164,89962,58.0,-3.7866815783620917,9.153081086599355,6.210059718590267,11.691137346820756,1.118741124755859,True,walking_dual_task,P01,0,0.0
2026-04-01T14:05:50.300572,1810.0067551807324,89962,87.0,-3.876640883548452,9.1328875943756,6.301451936436845,11.753564432065819,0.06242708524506213,True,walking_dual_task,P01,0,0.0
2026-04-01T14:05:50.419692,1869.3911736881512,89760,81.0,-4.281624988139297,8.931382196014326,6.703049190635172,11.959630802094827,0.20606637002900818,True,walking_dual_task,P01,0,0.0
2026-04-01T14:05:50.420654,1878.6535780026643,89760,89.0,-3.8936814964223285,7.2295177853464665,6.00878074681311,10.175073909682151,1.7845568924126756,True,walking_dual_task,P01,0,0.0
2026-04-01T14:05:50.421186,1774.558398692229,89760,96.0,-3.958608809072498,7.214317009941272,5.979908700433405,10.172328233433754,0.0027456762483968333,True,walking_dual_task,P01,0,0.0
2026-04-01T14:05:50.422101,1906.4399321323237,89584,56.0,-3.5223677613987974,6.027124999701017,4.787500555186375,8.464837386180102,1.707490847253652,True,walking_dual_task,P01,0,0.0
2026-04-01T14:05:50.422549,1757.909001702883,89584,69.0,-3.3534465342926487,6.087934009674468,4.88599912782478,8.495971494868314,0.03113410868821198,True,walking_dual_task,P01,0,0.0
2026-04-01T14:05:50.422952,1687.8476232335147,89610,92.0,-3.4063399787315904,6.240513385089578,4.890323401428001,8.629161160318056,0.1331896654497413,True,walking_dual_task,P01,0,0.0
2026-04-01T14:05:50.479453,1764.7219038869853,89610,90.0,-3.388417321329332,6.019643385624012,4.946468454281938,8.496177293511353,0.13298386680670227,True,walking_dual_task,P01,0,0.0
2026-04-01T14:05:50.480903,1673.3910613752485,89599,88.0,-3.5529174198302464,6.1156964328559305,4.871728077156103,8.588288508703645,0.0921112151922916,True,walking_dual_task,P01,0,0.0
2026-04-01T14:05:50.481266,1736.110702731241,89599,89.0,-3.327005742762837,6.253993631937835,4.8298051912478845,8.573705251879195,0.01458325682444972,True,walking_dual_task,P01,0,0.0
2026-04-01T14:05:50.481807,1730.7997113163792,89544,74.0,-3.3785777025964183,6.10238700559402,5.10094537546556,8.641386357640071,0.06768110576087594,True,walking_dual_task,P01,0,0.0
2026-04-01T14:05:50.540030,1735.9035488739569,89544,99.0,-3.5230866901027995,6.1060362950581375,4.8429184238059655,8.552758497828995,0.08862785981107635,True,walking_dual_task,P01,0,0.0
2026-04-01T14:05:50.540721,1694.455885535203,89538,71.0,-3.4257699275751827,5.77296925542218,4.935260902510009,8.331858964035103,0.22089953379389193,True,walking_dual_task,P01,0,0.0
2026-04-01T14:05:50.541044,1772.080915736837,89538,94.0,-3.601090162838321,5.975644030261445,4.836531346997194,8.489299582873528,0.1574406188384252,True,walking_dual_task,P01,0,0.0
2026-04-01T14:05:50.600328,1812.4649490254083,89642,84.0,-3.4789950737596524,5.91072445095984,4.760077693043299,8.348557354550955,0.14074222832257277,True,walking_dual_task,P01,0,0.0
2026-04-01T14:05:50.601353,1778.6599618677685,89642,79.0,-3.3445556234179654,6.105762468351106,5.012120285999505,8.578329522662877,0.22977216811192136,True,walking_dual_task,P01,0,0.0
2026-04-01T14:05:50.601732,1824.4051999996834,89765,80.0,-3.400325565354602,6.001229009713024,4.709060278099671,8.351778988946092,0.22655053371678413,True,walking_dual_task,P01,0,0.0
2026-04-01T14:05:50.660364,1713.8742101049945,89898,74.0,-5.691456137863779,7.343471141049095,5.335354678391723,10.7137878881787,2.362008899232608,True,walking_dual_task,P01,0,0.0
2026-04-01T14:05:50.662003,1817.1896848813187,89898,84.0,-5.610040376708161,8.082659620309045,5.172622778767282,11.115663092118812,0.40187520394011145,True,walking_dual_task,P01,0,0.0
2026-04-01T14:05:50.719750,1884.2643480674292,89898,82.0,-5.79781290533441,8.058758697357975,5.159353156195318,11.188259525853322,0.07259643373451041,True,walking_dual_task,P01,0,0.0
2026-04-01T14:05:50.721272,1756.3558189896337,90030,50.0,-5.66972430846587,8.351828667183476,4.956178645542212,11.245555681535935,0.05729615568261259,True,walking_dual_task,P01,0,0.0
2026-04-01T14:05:50.722691,1772.4944045822886,90030,53.0,-5.403800881290379,7.939128386059403,4.9166989043288405,10.789103373811805,0.45645230772412937,True,walking_dual_task,P01,0,0.0
2026-04-01T14:05:50.723607,1818.4270931485507,90125,88.0,-5.499313630192418,8.263991878435228,5.102115417637657,11.160985346507692,0.37188197269588663,True,walking_dual_task,P01,0,0.0
2026-04-01T14:05:50.779753,1767.996048250331,90187,109.0,-4.721992921570412,8.473043280387904,5.011842396621427,10.918252781066196,0.24273256544149646,True,walking_dual_task,P01,0,0.0
2026-04-01T14:05:50.780695,1767.9731909703405,90187,90.0,-4.8909799680630055,8.436867800707905,5.2710485753711165,11.085412776190939,0.16715999512474333,True,walking_dual_task,P01,0,0.0
2026-04-01T14:05:50.840050,1766.7295454428502,90187,100.0,-4.6027003151663335,9.322173780926068,5.682287243130099,11.848044670174769,0.7626318939838299,True,walking_dual_task,P01,0,0.0
2026-04-01T14:05:50.840618,1813.151934377099,90197,50.0,-4.348048921903417,9.99390602409124,6.8075344869420515,12.850144467535687,1.002099797360918,True,walking_dual_task,P01,0,0.0
2026-04-01T14:05:50.840959,1779.2599319577375,90107,71.0,-4.512335088929132,10.00618880643733,6.657334348406703,12.837643203147861,0.012501264387825728,True,walking_dual_task,P01,0,0.0
2026-04-01T14:05:50.899448,1864.8380787936433,90107,93.0,-4.070507178645878,9.460379395661123,6.347913097393574,12.098091076418545,0.7395521267293166,True,walking_dual_task,P01,0,0.0
2026-04-01T14:05:50.960348,1798.58819705894,90081,59.0,-4.096895936451414,9.432378327839864,6.189420804083131,12.002635007515321,0.09545606890322311,True,walking_dual_task,P01,0,0.0
2026-04-01T14:05:50.960914,1889.1544079176847,90081,51.0,-3.8712771886887096,8.530869447019905,5.214037309064505,10.721413416806381,1.28122159070894,True,walking_dual_task,P01,0,0.0
2026-04-01T14:05:50.961604,1778.9058134076704,90072,88.0,-3.661260800041415,8.524250276637773,5.432307625487136,10.750704142641297,0.02929072583491532,True,walking_dual_task,P01,0,0.0
2026-04-01T14:05:50.962040,1821.4457652521955,90072,71.0,-3.2122101768483886,8.433195756609685,5.427785408118696,10.530809053730591,0.21989508891070564,True,walking_dual_task,P01,0,0.0
2026-04-01T14:05:50.962644,1827.2648658545797,90072,86.0,-3.5732371842121844,8.041175766777851,5.311564249011493,10.278192762262684,0.2526162914679073,True,walking_dual_task,P01,0,0.0
2026-04-01T14:05:50.963138,1693.6086008943764,89887,84.0,-3.5094782185052407,7.947528518140116,5.442676292504597,10.251944797832493,0.026247964430190507,True,walking_dual_task,P01,0,0.0
2026-04-01T14:05:51.019717,1709.0290860791756,89887,82.0,-3.97733793300115,6.364518189222009,4.2062166634867495,8.603404409559117,1.6485403882733767,True,walking_dual_task,P01,0,0.0
2026-04-01T14:05:51.020681,1790.518858429805,89923,50.0,-4.147243139267437,6.337211258133276,4.079352133246711,8.602382577718597,0.001021831840519738,True,walking_dual_task,P01,0,0.0
2026-04-01T14:05:51.020936,1726.6632638690814,89923,86.0,-4.371584261211543,5.304194415874344,3.0447820654267397,7.517707441780996,1.0846751359376006,True,walking_dual_task,P01,0,0.0
2026-04-01T14:05:51.140161,1851.0787421945743,90221,57.0,-3.8851011024341613,4.978514539380805,2.378006267043464,6.7479279338963885,0.7697795078846079,True,walking_dual_task,P01,0,0.0
2026-04-01T14:05:51.140432,1713.7338070692917,90221,67.0,-3.968570152623879,4.6798742244545055,2.370597813000798,6.5780320616438885,0.1698958722524999,True,walking_dual_task,P01,0,0.0
2026-04-01T14:05:51.141131,1811.3759543313881,90462,85.0,-3.0697514296432367,4.888434113766242,2.4667121222960677,6.277326709572524,0.30070535207136473,True,walking_dual_task,P01,0,0.0
2026-04-01T14:05:51.141413,1795.368456751134,90462,97.0,-3.142071587955574,4.9834269228153305,2.57074826577432,6.427744892640032,0.15041818306750798,True,walking_dual_task,P01,0,0.0
2026-04-01T14:05:51.141798,1817.9657018695314,90582,69.0,-2.764027283569975,5.804629906675868,2.899949756467353,7.0528918726881225,0.6251469800480907,True,walking_dual_task,P01,0,0.0
2026-04-01T14:05:51.142437,1770.5689226929026,90582,88.0,-2.3952616755763434,5.802146598992236,3.4205683496167483,7.148599267344744,0.09570739465662115,True,walking_dual_task,P01,0,0.0
2026-04-01T14:05:51.200186,1686.8957470562018,90703,64.0,-2.3552400564027005,5.800212208322569,3.334176139293294,7.0926968011251335,0.05590246621961015,True,walking_dual_task,P01,0,0.0
2026-04-01T14:05:51.200760,1840.8490036314568,90703,76.0,-2.3163738260673563,5.180026320767546,3.352957876299251,6.59094734512207,0.5017494560030631,True,walking_dual_task,P01,0,0.0
2026-04-01T14:05:51.201234,1841.655574153765,90790,61.0,-2.381986321840357,5.365876409073747,3.275734351351925,6.72286575914734,0.13191841402526983,True,walking_dual_task,P01,0,0.0
2026-04-01T14:05:51.260059,1678.557246171476,90790,89.0,-2.854092672385796,5.119998661447751,3.3665492841026583,6.759725242795389,0.036859483648048474,True,walking_dual_task,P01,0,0.0
2026-04-01T14:05:51.260612,1784.3066219670086,90863,50.0,-2.8570500368164256,5.1817714897071045,3.8115330220060577,7.038556291048382,0.278831048252993,True,walking_dual_task,P01,0,0.0
2026-04-01T14:05:51.261121,1795.69809715585,90863,78.0,-2.812847480845528,5.268379718239504,3.6183452116766333,6.982861725461818,0.05569456558656327,True,walking_dual_task,P01,0,0.0
2026-04-01T14:05:51.319784,1816.8950641960587,90928,70.0,-2.26164418950252,5.742436669206958,4.084933611191068,7.401168552843646,0.41830682738182734,True,walking_dual_task,P01,0,0.0
2026-04-01T14:05:51.320181,1760.2674386854521,90928,76.0,-2.0271238990753098,5.726271778391913,4.143240424368936,7.352949135981756,0.048219416861889464,True,walking_dual_task,P01,0,0.0
2026-04-01T14:05:51.440080,1845.6257262646534,90962,98.0,-1.7415062548372005,6.865423226391741,4.925012687209244,8.626855167573424,1.2739060315916682,True,walking_dual_task,P01,0,0.0
2026-04-01T14:05:51.440735,1797.016844817735,90962,96.0,-1.8078891219663744,7.389421648789196,5.448101902500003,9.357020344155663,0.7301651765822381,True,walking_dual_task,P01,0,0.0
2026-04-01T14:05:51.441245,1751.0671217637803,90906,79.0,-1.993606730284923,7.4185173294382825,5.309993544023,9.33835631145971,0.01866403269595196,True,walking_dual_task,P01,0,0.0
2026-04-01T14:05:51.441679,1720.5856543428888,90906,83.0,-1.8845497842520424,7.503715086400689,5.524845783377439,9.506902172490532,0.1685458610308217,True,walking_dual_task,P01,0,0.0
2026-04-01T14:05:51.442184,1749.6768970892786,90795,92.0,-1.8271130424226019,7.405820583304296,5.426817633194748,9.361349806830091,0.14555236566044094,True,walking_dual_task,P01,0,0.0
2026-04-01T14:05:51.442785,1721.2730086498018,90795,66.0,-1.863128346703449,7.165806763515137,5.513014587103241,9.231108473306028,0.1302413335240633,True,walking_dual_task,P01,0,0.0
2026-04-01T14:05:51.499667,1808.5542446221825,90675,56.0,-1.7961995657792365,7.327551726437965,5.360607993854543,9.255023784275583,0.02391531096955468,True,walking_dual_task,P01,0,0.0
2026-04-01T14:05:51.499714,1787.0190321699956,90675,68.0,-1.8100235994370426,7.283822538207407,5.340472499344209,9.211454972742851,0.04356881153273129,True,walking_dual_task,P01,0,0.0
2026-04-01T14:05:51.500440,1880.75122264708,90586,71.0,-1.9391888733923466,7.451208895662777,5.41641017740666,9.41373818965703,0.2022832169141786,True,walking_dual_task,P01,0,0.0
2026-04-01T14:05:51.501579,1856.8892993400054,90586,96.0,-1.7961588137186406,7.335123129064775,5.42336293364837,9.297477255294107,0.11626093436292351,True,walking_dual_task,P01,0,0.0
2026-04-01T14:05:51.560788,1860.9747387299074,90466,121.0,-1.8692215515438269,7.418604320303491,5.495239267623397,9.419518771063183,0.12204151576907663,True,walking_dual_task,P01,0,0.0
2026-04-01T14:05:51.560961,1791.350362517184,90466,62.0,-1.8218019685121696,7.389441623336168,5.507125278065072,9.394213045565401,0.025305725497782205,True,walking_dual_task,P01,0,0.0
2026-04-01T14:05:51.561354,1879.2774727385495,90213,72.0,-1.7747518598215972,7.326434686165518,5.471573282477719,9.314746564459682,0.07946648110571886,True,walking_dual_task,P01,0,0.0
2026-04-01T14:05:51.623305,1757.8201332781816,90213,101.0,-1.8225697806286751,7.364748289455015,5.363097193657014,9.291075797823584,0.023670766636097795,True,walking_dual_task,P01,0,0.0
2026-04-01T14:05:51.624159,1726.6602907969875,90162,58.0,-5.873537450771734,7.754319131345043,4.132404777480846,10.569043316275527,1.277967518451943,True,walking_dual_task,P01,0,0.0
2026-04-01T14:05:51.624704,1727.8549921427618,90162,96.0,-5.660202765541481,8.929125974296625,5.049542161741784,11.716017329071768,1.1469740127962407,True,walking_dual_task,P01,0,0.0
2026-04-01T14:05:51.679923,1716.1803388054905,90200,59.0,-5.665144177661181,8.962920466082183,4.909121488837469,11.684488676325081,0.0315286527466867,True,walking_dual_task,P01,0,0.0
2026-04-01T14:05:51.680767,1808.2888530623652,90200,99.0,-5.747042854903117,8.960442131566719,4.8675122410572165,11.70515699109118,0.020668314766098206,True,walking_dual_task,P01,0,0.0
2026-04-01T14:05:51.681236,1825.4359400137323,90167,70.0,-5.28009956912999,9.860518467039324,6.092675271583513,12.736952848453019,1.031795857361839,True,walking_dual_task,P01,0,0.0
2026-04-01T14:05:51.740958,1764.9685676553145,90167,78.0,-4.80367616909427,8.504836690810013,5.90271278769449,11.412693377502283,1.3242594709507358,True,walking_dual_task,P01,0,0.0
2026-04-01T14:05:51.741459,1750.4202867852448,90042,87.0,-4.820458888925585,8.471645449329767,5.795390859194115,11.339848135217778,0.07284524228450451,True,walking_dual_task,P01,0,0.0
2026-04-01T14:05:51.741968,1822.5279415757398,90042,75.0,-4.489502000962999,6.974549816394098,5.134587943074059,9.755202032924547,1.584646102293231,True,walking_dual_task,P01,0,0.0
2026-04-01T14:05:51.800093,1846.4853762217022,90056,71.0,-4.357982267241501,7.050570307005249,5.328878699632947,9.853907818272768,0.09870578534822094,True,walking_dual_task,P01,0,0.0
2026-04-01T14:05:51.800655,1780.78441341535,90056,74.0,-4.037674759694523,6.5547385775714595,4.704131673918114,9.02198814513394,0.8319196731388274,True,walking_dual_task,P01,0,0.0
2026-04-01T14:05:51.801580,1732.3215077899697,90120,97.0,-3.9978108745578163,6.569617916968006,4.557901315841957,8.939621679278916,0.08236646585502427,True,walking_dual_task,P01,0,0.0
2026-04-01T14:05:51.860247,1806.6987887709715,90120,75.0,-3.525743831054049,7.224281632676203,4.609550151454762,9.266556386771466,0.3269347074925495,True,walking_dual_task,P01,0,0.0
2026-04-01T14:05:51.860774,1713.221257801291,90107,69.0,-3.5693442668261497,8.432244827947022,5.12202437998965,10.49181133469204,1.2252549479205737,True,walking_dual_task,P01,0,0.0
2026-04-01T14:05:51.861211,1828.7595931342457,90107,79.0,-3.6033833636214454,8.411628471907418,5.021771452163059,10.438297453722384,0.05351388096965515,True,walking_dual_task,P01,0,0.0
2026-04-01T14:05:51.919951,1692.4634328263244,90029,92.0,-3.248856129066183,8.619031386300941,5.511743654745537,10.734155127490906,0.2958576737685217,True,walking_dual_task,P01,0,0.0
2026-04-01T14:05:51.920720,1730.0031907421205,90029,87.0,-3.5050986653017424,8.923250911900219,5.265906453353399,10.938002297755158,0.20384717026425214,True,walking_dual_task,P01,0,0.0
2026-04-01T14:05:51.921125,1749.514825855184,89969,75.0,-4.188794488860843,8.292075245143034,5.3876354683950565,10.739233076962865,0.1987692207922933,True,walking_dual_task,P01,0,0.0
2026-04-01T14:05:51.980028,1759.9515607764079,89969,98.0,-3.9595588285963057,8.356624240332453,5.2965559108591815,10.656677687163304,0.08255538979956079,True,walking_dual_task,P01,0,0.0
2026-04-01T14:05:51.980454,1776.417056400246,90019,59.0,-4.459988437611326,7.6326794218089,5.294145249266017,10.30423533990066,0.35244234726264345,True,walking_dual_task,P01,0,0.0
2026-04-01T14:05:51.980803,1815.2552154686139,90019,69.0,-4.778393259886768,7.808699804615544,5.425223065090432,10.641516813439866,0.3372814735392051,True,walking_dual_task,P01,0,0.0
2026-04-01T14:05:52.039769,1755.2159226234055,90102,97.0,-4.917220005133083,7.8144212012320065,5.484336689123216,10.738816518071639,0.09729970463177295,True,walking_dual_task,P01,0,0.0
2026-04-01T14:05:52.160257,1705.6122138413753,90102,80.0,-5.07650545852841,8.375537077264045,5.846183602898643,11.406068197319112,0.6672516792474728,True,walking_dual_task,P01,0,0.0
2026-04-01T14:05:52.160538,1862.4303914079874,90128,99.0,-5.280043499389996,8.388267126760974,5.908043613689199,11.538928203546597,0.13286000622748517,True,walking_dual_task,P01,0,0.0
2026-04-01T14:05:52.219856,1821.628360005105,90128,63.0,-4.970832527878597,8.279763267176138,5.78035944194565,11.255052690182549,0.28387551336404826,True,walking_dual_task,P01,0,0.0
2026-04-01T14:05:52.279988,1790.4550566384337,90143,76.0,-4.643904918751764,7.891188270297254,5.460214733750294,10.660705893623911,0.5943467965586375,True,walking_dual_task,P01,0,0.0
2026-04-01T14:05:52.281019,1738.3571197826138,90143,58.0,-4.70067162119034,7.9062755444629085,5.369114466843089,10.650488103054256,0.010217790569654994,True,walking_dual_task,P01,0,0.0
2026-04-01T14:05:52.281636,1737.7559265611353,90184,58.0,-4.414250875408469,7.721770358922619,4.883131045320276,10.146739233505071,0.5037488695491845,True,walking_dual_task,P01,0,0.0
2026-04-01T14:05:52.282163,1752.4175823412936,90246,88.0,-4.451100229590812,7.780666785663081,5.011835241881281,10.269837456121067,0.12309822261599557,True,walking_dual_task,P01,0,0.0
2026-04-01T14:05:52.282684,1710.6450414706653,90246,83.0,-4.245136690078644,8.216219102119966,5.301391106682271,10.659840032453712,0.3900025763326447,True,walking_dual_task,P01,0,0.0
2026-04-01T14:05:52.282844,1724.223868102097,90246,71.0,-4.435910770791784,8.362899154843975,5.208363702927307,10.80474151021149,0.14490147775777906,True,walking_dual_task,P01,0,0.0
2026-04-01T14:05:52.283364,1771.8487402717735,90196,66.0,-4.696407525232894,9.52487717062852,5.902742411218887,12.149975174123883,1.345233663912392,True,walking_dual_task,P01,0,0.0
2026-04-01T14:05:52.283809,1799.6199737034467,90003,69.0,-3.968776470554375,9.690580582817278,6.096343794049666,12.117093148133721,0.03288202599016188,True,walking_dual_task,P01,0,0.0
2026-04-01T14:05:52.284845,1822.4016228124904,90003,76.0,-3.910178028440724,9.667734195067807,6.227934836613609,12.146676459414293,0.029583311280571678,True,walking_dual_task,P01,0,0.0
2026-04-01T14:05:52.285385,1875.5903570440994,89918,61.0,-3.2885760353710785,8.93402531833534,5.772061602612009,11.13320420514336,1.0134722542709333,True,walking_dual_task,P01,0,0.0
2026-04-01T14:05:52.286028,1680.6211353595868,89918,96.0,-3.420210106649712,9.069846669816553,5.641128159042768,11.215270067829687,0.08206586268632776,True,walking_dual_task,P01,0,0.0
2026-04-01T14:05:52.340113,1782.4095473289494,89973,77.0,-3.341017735840732,7.9771174447949145,4.931765205045036,9.955858088429475,1.2594119794002125,True,walking_dual_task,P01,0,0.0
2026-04-01T14:05:52.340864,1804.8086205930488,89973,50.0,-3.408531126432447,7.958642916571143,4.908726888343277,9.9525715861626,0.003286502266874436,True,walking_dual_task,P01,0,0.0
2026-04-01T14:05:52.341355,1839.1861157412227,89973,85.0,-3.1753449811756367,8.044063229116734,4.660110047229591,9.823766825194673,0.12880476096792748,True,walking_dual_task,P01,0,0.0
2026-04-01T14:05:52.406149,1759.1464418848213,90055,57.0,-3.212994794011097,8.354088554491955,5.297419636379673,10.40080698439005,0.5770401591953771,True,walking_dual_task,P01,0,0.0
2026-04-01T14:05:52.407092,1719.7769118595065,90055,84.0,-3.130479599297574,8.31080878814998,4.977892605273006,10.180808417038449,0.21999856735160073,True,walking_dual_task,P01,0,0.0
2026-04-01T14:05:52.407778,1855.0251048061173,90075,87.0,-3.2812650395530123,8.372370095599502,5.104955317201896,10.340398931768036,0.15959051472958663,True,walking_dual_task,P01,0,0.0
2026-04-01T14:05:52.465901,1700.3976213069673,90075,93.0,-3.2239802824132733,8.330713642267343,5.089643196545731,10.281016803750154,0.0593821280178819,True,walking_dual_task,P01,0,0.0
2026-04-01T14:05:52.467125,1752.7136866341427,90181,55.0,-3.106808109757377,8.29548731764247,5.032626580370593,10.187968235397767,0.09304856835238695,True,walking_dual_task,P01,0,0.0
2026-04-01T14:05:52.467767,1837.1054371252226,90181,50.0,-3.2063099991419177,8.349922394852394,4.987808998155695,10.241087169472678,0.053118934074911195,True,walking_dual_task,P01,0,0.0
2026-04-01T14:05:52.530015,1806.0967729997726,90377,78.0,-3.3379006954664994,8.329217537573342,5.079286105741419,10.310993802005358,0.06990663253268004,True,walking_dual_task,P01,0,0.0
2026-04-01T14:05:52.530646,1704.2026891900373,90377,109.0,-3.177878769115773,8.249369428479653,5.019100164160024,10.16574522091729,0.14524858108806882,True,walking_dual_task,P01,0,0.0
2026-04-01T14:05:52.580080,1685.0963666867074,90552,87.0,-3.043053873771245,8.236630117196775,5.026817409495073,10.117862710799642,0.047882510117647215,True,walking_dual_task,P01,0,0.0
2026-04-01T14:05:52.580412,1784.7282754054995,90552,71.0,-3.2397518636045883,8.279808766744079,4.976667104277244,10.18913346749255,0.07127075669290761,True,walking_dual_task,P01,0,0.0
2026-04-01T14:05:52.580711,1787.1661260857013,90724,70.0,-3.2364698400385414,8.337735278342214,5.014335537950248,10.253590955579524,0.06445748808697438,True,walking_dual_task,P01,0,0.0
2026-04-01T14:05:52.581058,1716.4509218823755,90724,65.0,-2.9793880294221076,8.073822157514757,5.00777954424167,9.956968073905093,0.2966228816744305,True,walking_dual_task,P01,0,0.0
2026-04-01T14:05:52.642032,1775.2345304622256,90885,82.0,-3.2284350694832677,8.351493644225943,4.994636802228018,10.252640434228946,0.29567236032385225,True,walking_dual_task,P01,0,0.0
2026-04-01T14:05:52.642258,1791.6173326297321,90965,69.0,-3.01069537373664,6.027813547431008,3.5276174404674814,7.605452491622201,2.6471879426067444,True,walking_dual_task,P01,0,0.0
2026-04-01T14:05:52.699863,1724.3414607818506,90965,73.0,-3.2698336365563114,5.554334129638636,3.66549386779384,7.414734312789494,0.19071817883270725,True,walking_dual_task,P01,0,0.0
2026-04-01T14:05:52.700061,1713.1123748527525,91026,71.0,-3.1565863503143805,5.463195336997993,3.7010790040259125,7.314952253516704,0.0997820592727896,True,walking_dual_task,P01,0,0.0
2026-04-01T14:05:52.700555,1852.0061582520725,91026,65.0,-3.3268581212593467,4.8284373883374485,3.7112244103772625,6.939378876835036,0.37557337668166824,True,walking_dual_task,P01,0,0.0
2026-04-01T14:05:52.760362,1835.1028627609307,91063,98.0,-3.2320168915463787,5.030268310967937,3.6076115680097827,6.983150699591649,0.04377182275661262,True,walking_dual_task,P01,0,0.0
2026-04-01T14:05:52.760871,1810.8105218744538,91063,104.0,-3.2218442079106757,5.065573643894488,3.720555316132938,7.062779077825605,0.07962837823395663,True,walking_dual_task,P01,0,0.0
2026-04-01T14:05:52.761058,1842.5688208534775,91063,99.0,-2.9410914127571104,6.28305240545154,4.051508280441975,8.033771565979075,0.9709924881534695,True,walking_dual_task,P01,0,0.0
2026-04-01T14:05:52.761584,1789.1443103158265,91077,72.0,-3.021650024497349,6.248104100709825,4.068540285031788,8.045010489413814,0.011238923434738979,True,walking_dual_task,P01,0,0.0
2026-04-01T14:05:52.819709,1697.0741567345897,91077,86.0,-2.8786683121050562,7.3569216316545285,4.644608531340226,9.164246589590576,1.119236100176762,True,walking_dual_task,P01,0,0.0
2026-04-01T14:05:52.820247,1780.7363023725122,91074,79.0,-3.2888815547911814,7.964750976918584,5.174156723204609,10.05116400234593,0.8869174127553539,True,walking_dual_task,P01,0,0.0
2026-04-01T14:05:52.820565,1743.2127653106415,91074,92.0,-3.005861426791068,7.817487664701521,5.316123147610453,9.920155322644426,0.13100867970150354,True,walking_dual_task,P01,0,0.0
2026-04-01T14:05:52.879570,1756.8419256376021,91080,101.0,-3.34440393757775,8.717124557541492,5.696232217228966,10.937109294597716,1.0169539719532903,True,walking_dual_task,P01,0,0.0
2026-04-01T14:05:52.880103,1832.6690465236704,91080,97.0,-3.430998903428515,8.68869574446037,5.808839952097854,11.000354939919875,0.0632456453221586,True,walking_dual_task,P01,0,0.0
2026-04-01T14:05:52.881434,1785.1647284286087,90938,77.0,-4.229336820125978,9.055718386567742,6.571780829508564,11.961673323828512,0.9613183839086368,True,walking_dual_task,P01,0,0.0
2026-04-01T14:05:52.940765,1799.6117732510727,90938,107.0,-3.9108943905796045,9.453566812016314,7.218337888294627,12.520759652397814,0.5590863285693022,True,walking_dual_task,P01,0,0.0
2026-04-01T14:05:52.941306,1834.48057681492,90822,90.0,-4.063846989270052,9.667386032370953,7.0721447257637005,12.648653528072764,0.1278938756749497,True,walking_dual_task,P01,0,0.0
2026-04-01T14:05:52.941558,1787.4793257799984,90822,51.0,-4.101340604360705,9.450882932800962,7.200077544427643,12.569061206321557,0.0795923217512069,True,walking_dual_task,P01,0,0.0
2026-04-01T14:05:52.999403,1787.7549718173925,90699,94.0,-4.027767340974451,9.43787326349626,7.040587498059615,12.444526258908827,0.12453494741273019,True,walking_dual_task,P01,0,0.0
2026-04-01T14:05:52.999854,1835.3132124591368,90699,78.0,-5.111513959027428,8.14866503295506,6.290456573505312,11.493396394268881,0.9511298646399453,True,walking_dual_task,P01,0,0.0
2026-04-01T14:05:53.000564,1765.7394392755984,90575,106.0,-5.63221553119622,7.495269400677489,5.1431159286261705,10.69357548408709,0.7998209101817917,True,walking_dual_task,P01,0,0.0
2026-04-01T14:05:53.060131,1733.4730486174622,90575,107.0,-5.537544774687533,7.447634684601011,5.257282069616306,10.666333919695667,0.027241564391422557,True,walking_dual_task,P01,0,0.0
2026-04-01T14:05:53.060835,1839.1187192720083,90614,64.0,-5.60087992775905,7.619331994048604,5.486589881801428,10.932828752513812,0.2664948328181449,True,walking_dual_task,P01,0,0.0
2026-04-01T14:05:53.060959,1774.5739599443,90614,88.0,-5.466669644503286,7.771373831358073,5.6828767309404515,11.071305982941452,0.1384772304276396,True,walking_dual_task,P01,0,0.0
2026-04-01T14:05:53.180061,1725.8240618318428,90675,105.0,-5.091279261108265,8.28235716063973,6.567719577997341,11.73258305345421,0.6612770705127584,True,walking_dual_task,P01,0,0.0
2026-04-01T14:05:53.180123,1767.5175903534698,90675,77.0,-4.637572687514952,8.042677142686122,6.395857661092956,11.273807310506594,0.4587757429476156,True,walking_dual_task,P01,0,0.0
2026-04-01T14:05:53.180421,1857.0242019434293,90617,124.0,-4.836115995765739,7.94995790363086,6.278843265740462,11.225583341178238,0.048223969328356375,True,walking_dual_task,P01,0,0.0
2026-04-01T14:05:53.180771,1816.9564003108742,90617,81.0,-4.705866695563467,7.948025571466621,6.270158176305464,11.163833364798625,0.06174997637961255,True,walking_dual_task,P01,0,0.0
2026-04-01T14:05:53.181700,1683.7723972212073,90515,97.0,-4.937007770020076,6.826682755757215,5.483120045161872,10.051977347698683,1.1118560170999423,True,walking_dual_task,P01,0,0.0
2026-04-01T14:05:53.182266,1807.5597477504373,90515,85.0,-4.948119089775393,6.696390860123465,5.3730621743735805,9.909355690852403,0.1426216568462806,True,walking_dual_task,P01,0,0.0
2026-04-01T14:05:53.239920,1755.5508132608957,90565,94.0,-4.7533932095829945,6.238746351950641,4.5601569622099545,9.072581472154388,0.8367742186980145,True,walking_dual_task,P01,0,0.0
2026-04-01T14:05:53.240384,1702.4501270186831,90565,65.0,-4.7133326836428,7.086261768549268,4.185562265650154,9.484173254360808,0.4115917822064201,True,walking_dual_task,P01,0,0.0
2026-04-01T14:05:53.240784,1807.8335474247283,90605,89.0,-4.703531975436012,7.084520205368403,4.156982542059381,9.465418291824646,0.018754962536162267,True,walking_dual_task,P01,0,0.0
2026-04-01T14:05:53.299690,1743.9746989710916,90605,78.0,-4.862101556334351,7.9550820667238495,4.178722095995738,10.216901711770713,0.7514834199460676,True,walking_dual_task,P01,0,0.0
2026-04-01T14:05:53.300464,1699.52208474997,90665,53.0,-4.9408797172817245,7.992235776318485,4.194147452005616,10.289752083217373,0.07285037144665907,True,walking_dual_task,P01,0,0.0
2026-04-01T14:05:53.359748,1748.1712518624904,90665,87.0,-4.5926010002265745,8.844669876041223,4.412753549167989,10.899200110518564,0.6094480273011911,True,walking_dual_task,P01,0,0.0
2026-04-01T14:05:53.360397,1761.6207825718934,90675,64.0,-4.578569232933216,8.251314140106858,4.8580580909190685,10.613586089264752,0.28561402125381186,True,walking_dual_task,P01,0,0.0
2026-04-01T14:05:53.360755,1791.7460506307941,90675,68.0,-4.671589033994459,8.487422072594036,4.7280180590441185,10.780270511797978,0.16668442253322624,True,walking_dual_task,P01,0,0.0
2026-04-01T14:05:53.361235,1702.2809964976789,90720,65.0,-4.713725157868728,7.5986013177298615,4.668031859490661,10.087044576631472,0.693225935166506,True,walking_dual_task,P01,0,0.0
2026-04-01T14:05:53.419432,1790.4451283052294,90720,85.0,-4.808493414263213,7.6088169004975095,4.5629848316413675,10.091408926116234,0.004364349484761831,True,walking_dual_task,P01,0,0.0
2026-04-01T14:05:53.479658,1788.474784854528,90794,61.0,-4.784083758239864,7.4576848231828965,4.618724981094133,9.991853720845295,0.09955520527093853,True,walking_dual_task,P01,0,0.0
2026-04-01T14:05:53.480715,1770.5907247693606,90794,73.0,-4.754416819725764,7.589102125500413,4.581099723880205,10.059096631760797,0.0672429109155015,True,walking_dual_task,P01,0,0.0
2026-04-01T14:05:53.481210,1648.6653553703404,90863,99.0,-4.788508829926415,7.666739446133159,4.390865576050407,10.049299033072998,0.009797598687798725,True,walking_dual_task,P01,0,0.0
2026-04-01T14:05:53.481494,1792.411066970338,90863,69.0,-4.860796672759986,7.624050066860607,4.368518984227174,10.04178479312642,0.007514239946578627,True,walking_dual_task,P01,0,0.0
2026-04-01T14:05:53.482064,1820.2085819900267,90909,83.0,-4.741574231641159,7.473009827261501,4.494109364524989,9.925997232158672,0.1157875609677479,True,walking_dual_task,P01,0,0.0
2026-04-01T14:05:53.540104,1762.0836844511302,90909,76.0,-4.706920263327868,7.5958024703353795,4.56966090764849,10.036588780286376,0.11059154812770444,True,walking_dual_task,P01,0,0.0
2026-04-01T14:05:53.540630,1796.1963260974271,90894,76.0,-4.784887206383842,7.645133063895743,4.6237758750947044,10.13521131923728,0.09862253895090412,True,walking_dual_task,P01,0,0.0
2026-04-01T14:05:53.599714,1797.0005736395049,90894,85.0,-4.666573131688768,7.588029107943988,4.43450453406221,9.950875388578789,0.18433593065849152,True,walking_dual_task,P01,0,0.0
2026-04-01T14:05:53.600170,1698.7010632715162,90730,71.0,-4.74509920819656,7.561328554517022,4.689859912933612,10.083870388294555,0.13299499971576623,True,walking_dual_task,P01,0,0.0
2026-04-01T14:05:53.600877,1732.2629184521577,90730,62.0,-4.784086466674389,7.592749531191832,4.5348632054070475,10.054964597440685,0.028905790853869462,True,walking_dual_task,P01,0,0.0
2026-04-01T14:05:53.659713,1708.45430854318,90640,71.0,-4.668693005424097,7.582843308898927,4.400537147030787,9.932821059930909,0.12214353750977658,True,walking_dual_task,P01,0,0.0
2026-04-01T14:05:53.660204,1698.6725278599852,90640,67.0,-4.782993688708847,9.467885691643044,7.0410978845427525,12.731651405688115,2.7988303457572066,True,walking_dual_task,P01,0,0.0
2026-04-01T14:05:53.660550,1760.190262551119,90527,98.0,-3.513086637087194,10.559693149811162,7.7549987797292435,13.564250927030635,0.8325995213425195,True,walking_dual_task,P01,0,0.0
2026-04-01T14:05:53.719498,1783.1200080016151,90527,76.0,-3.7313299371051696,10.538981211056168,7.671976134379765,13.559209633051069,0.005041293979566319,True,walking_dual_task,P01,0,0.0
2026-04-01T14:05:53.719872,1663.9702109423893,90283,66.0,-3.210563948980428,8.146629966939468,5.906933073430513,10.56253563415131,2.996673998899759,True,walking_dual_task,P01,0,0.0
2026-04-01T14:05:53.720168,1767.258417682424,90283,94.0,-3.546514047283125,6.737970237998004,4.4134870781425315,8.800958641230768,1.761576992920542,True,walking_dual_task,P01,0,0.0
2026-04-01T14:05:53.779545,1818.9727006196078,90297,106.0,-3.4588029498216915,7.022684820393888,4.363061064222163,8.962015497778243,0.16105685654747504,True,walking_dual_task,P01,0,0.0
2026-04-01T14:05:53.780228,1769.7650832711092,90297,62.0,-3.8947813604205725,7.747562794029876,4.5184112049630905,9.778041261420999,0.8160257636427559,True,walking_dual_task,P01,0,0.0
2026-04-01T14:05:53.780248,1786.5815323862628,90397,102.0,-3.7461059702633914,7.747830508284717,4.63051481452167,9.77260737843566,0.005433882985338201,True,walking_dual_task,P01,0,0.0
2026-04-01T14:05:53.780891,1839.5840296119243,90397,114.0,-3.679066658272226,7.840344721398758,4.862440565546518,9.93226384465536,0.1596564662196993,True,walking_dual_task,P01,0,0.0
2026-04-01T14:05:53.899896,1843.2950645931783,90397,74.0,-3.80833737538242,7.7492548823843395,5.053270678028353,10.004495456659138,0.07223161200377781,True,walking_dual_task,P01,0,0.0
2026-04-01T14:05:53.900209,1723.9742681681541,90397,94.0,-3.8227968161607455,6.53531107239981,4.639859721413774,8.879885390312095,1.1246100663470422,True,walking_dual_task,P01,0,0.0
2026-04-01T14:05:53.900548,1732.7600512487961,90450,61.0,-3.9711620252193534,5.828182749911434,4.074798309958445,8.145049003152142,0.7348363871599535,True,walking_dual_task,P01,0,0.0
2026-04-01T14:05:53.901551,1864.6286872398662,90450,50.0,-4.0716980671367775,5.668424067891556,4.110813910582193,8.099910343381197,0.04513865977094511,True,walking_dual_task,P01,0,0.0
2026-04-01T14:05:53.901611,1766.0646878037985,90597,118.0,-4.416557441389531,5.933721596718127,3.8686624528343407,8.347549388558452,0.2476390451772552,True,walking_dual_task,P01,0,0.0
2026-04-01T14:05:53.902050,1809.5002455115862,90597,90.0,-4.528715102687877,6.051083586740241,3.701419194963939,8.415781432040514,0.06823204348206247,True,walking_dual_task,P01,0,0.0
2026-04-01T14:05:53.961521,1750.8831949187538,90792,105.0,-4.414298389924983,6.528742347755163,3.709591456379123,8.710429133625212,0.29464770158469733,True,walking_dual_task,P01,0,0.0
2026-04-01T14:05:53.961898,1760.2104441708811,90792,61.0,-4.639884495454919,6.762087232202084,3.7050444946829013,8.998983641203793,0.28855450757858137,True,walking_dual_task,P01,0,0.0
2026-04-01T14:05:53.961919,1737.3648037644443,90959,59.0,-4.624250806561042,6.837982043658447,3.7575450918320494,9.069776131114093,0.07079248991029985,True,walking_dual_task,P01,0,0.0
2026-04-01T14:05:54.019652,1790.594292642438,90959,105.0,-4.790608143076168,6.488807332259,3.4096185465000968,8.756714315787816,0.31306181532627697,True,walking_dual_task,P01,0,0.0
2026-04-01T14:05:54.020088,1790.8977437337724,91171,121.0,-4.948277572958025,6.327351917382171,3.4081119009188483,8.7255979711779,0.031116344609916524,True,walking_dual_task,P01,0,0.0
2026-04-01T14:05:54.020583,1728.0958247981478,91171,93.0,-4.595107869994139,5.486609757399627,3.1969880327466536,7.838280133320075,0.8873178378578244,True,walking_dual_task,P01,0,0.0
2026-04-01T14:05:54.079545,1725.4940529060439,91401,80.0,-4.10800193004966,5.304263161100334,3.34832738756753,7.498145359609444,0.3401347737106315,True,walking_dual_task,P01,0,0.0
2026-04-01T14:05:54.080149,1660.5329971666101,91401,76.0,-4.19706728794747,5.2868616063791425,3.277414464657038,7.503847349040874,0.005701989431430299,True,walking_dual_task,P01,0,0.0
2026-04-01T14:05:54.080384,1865.6651268365015,91588,65.0,-4.100636445202815,5.670956951311811,3.6139827063558694,7.876283578007881,0.3724362289670067,True,walking_dual_task,P01,0,0.0
2026-04-01T14:05:54.139624,1875.070924297442,91588,60.0,-4.174241668495491,5.84905240214935,3.4628377653255638,7.976650481189334,0.10036690318145336,True,walking_dual_task,P01,0,0.0
2026-04-01T14:05:54.140144,1828.6805961014445,91741,69.0,-4.020045616966443,6.310205247135414,4.309303219083501,8.634208200956811,0.6575577197674773,True,walking_dual_task,P01,0,0.0
2026-04-01T14:05:54.140426,1698.2921986913418,91741,54.0,-3.4402334622366415,6.086719093575819,4.07267148117763,8.091353940620243,0.5428542603365685,True,walking_dual_task,P01,0,0.0
2026-04-01T14:05:54.200792,1784.322840134782,91830,87.0,-3.4065236723572134,6.167951462701132,4.24432447266875,8.225710851097428,0.13435691047718556,True,walking_dual_task,P01,0,0.0
2026-04-01T14:05:54.201445,1772.759485530578,91830,50.0,-3.3734464785289835,6.385852587079132,4.580077116933435,8.551979934755584,0.3262690836581559,True,walking_dual_task,P01,0,0.0
2026-04-01T14:05:54.201913,1731.0768377064328,91727,67.0,-3.2495547372722835,6.24621614071577,4.494476205148806,8.353151406847344,0.19882852790824046,True,walking_dual_task,P01,0,0.0
2026-04-01T14:05:54.259623,1830.9030077963532,91727,89.0,-3.379664378524341,7.526422319194931,5.261665513452208,9.785412010426246,1.4322606035789018,True,walking_dual_task,P01,0,0.0
2026-04-01T14:05:54.259942,1767.8093061419904,91616,71.0,-3.746290048882552,8.206198690966684,5.535369897152618,10.58379449839627,0.7983824879700236,True,walking_dual_task,P01,0,0.0
2026-04-01T14:05:54.260405,1728.4990674569574,91616,95.0,-3.625590575113081,8.030563420830571,5.480088836406783,10.376233879844897,0.20756061855137276,True,walking_dual_task,P01,0,0.0
2026-04-01T14:05:54.320378,1783.517625515422,91561,60.0,-3.7495846008803406,7.449867832404718,5.918187060277254,10.226673627328227,0.14956025251666993,True,walking_dual_task,P01,0,0.0
2026-04-01T14:05:54.320899,1735.4291468041483,91561,53.0,-3.92889300440877,7.4216127102685014,5.866703223314843,10.24376601508273,0.017092387754503946,True,walking_dual_task,P01,0,0.0
2026-04-01T14:05:54.321182,1814.856171914917,91581,116.0,-3.2845198489428578,8.44249952329109,6.172949060917588,10.962169901417932,0.7184038863352011,True,walking_dual_task,P01,0,0.0
2026-04-01T14:05:54.399406,1798.8780923145025,91581,80.0,-3.4060510050786728,8.64401696578698,6.267638093952882,11.207296731628903,0.24512683021097104,True,walking_dual_task,P01,0,0.0
2026-04-01T14:05:54.400077,1700.8308428970658,91575,81.0,-3.4318870113947186,8.448737908513085,6.3452907778711305,11.1095335528303,0.09776317879860308,True,walking_dual_task,P01,0,0.0
2026-04-01T14:05:54.400100,1797.5331037544652,91575,99.0,-3.3129781288699367,8.571639054305718,6.16207349918604,11.064355831635227,0.04517772119507235,True,walking_dual_task,P01,0,0.0
