timestamp,gsr_filtered,ppg_ir,hr_bpm_avg,imu_ax_mps2,imu_ay_mps2,imu_az_mps2,svm,jerk,hr_valid_flag,label,patient_id,day,progression
2026-04-01T14:05:15.067029,1601.0136670627942,95437,80,-4.695428258884552,4.393497063597666,7.209641508109639,9.660682877396937,,True,walking_dual_task,P01,24,0.68
2026-04-01T14:05:15.068655,1648.2585804634434,95449,82,-4.698984164338467,4.42853029351871,6.972271796387815,9.502889389023823,0.15779348837311424,True,walking_dual_task,P01,24,0.68
2026-04-01T14:05:15.109889,1573.6773155208768,95449,82,-4.650640896562701,4.685366446574281,7.485600100190462,9.980747885175594,0.47785849615177156,True,walking_dual_task,P01,24,0.68
2026-04-01T14:05:15.110304,1688.7898578289767,95341,82,-4.204518798782301,4.919887985854203,7.243746179819451,9.713657130057411,0.2670907551181827,True,walking_dual_task,P01,24,0.68
2026-04-01T14:05:15.123653,1581.3189575531412,95341,81,-4.6844373754466355,4.84148118611883,7.390983109874362,10.000526232677561,0.28686910262015,True,walking_dual_task,P01,24,0.68
2026-04-01T14:05:15.169416,1626.8810895538659,95145,82,-4.550873869843051,3.927348736275446,7.19509859584499,9.375711433244687,0.6248147994328743,True,walking_dual_task,P01,24,0.68
2026-04-01T14:05:15.169454,1620.4718592966703,95081,82,-4.5433569783236765,3.962085128171819,7.363657098190229,9.516493947620106,0.14078251437541844,True,walking_dual_task,P01,24,0.68
2026-04-01T14:05:15.199136,1591.0310354068909,95081,82,-4.537689397576026,3.206934365588474,7.0012850607675,8.938290977373269,0.5782029702468368,True,walking_dual_task,P01,24,0.68
2026-04-01T14:05:15.199826,1681.2904999631546,95129,81,-4.554761613771055,3.3052229394142767,6.977586560990125,8.964210297266717,0.025919319893448645,True,walking_dual_task,P01,24,0.68
2026-04-01T14:05:15.230996,1838.2212617996347,95129,81,-4.624373483796044,3.1334887647920917,7.034104241115655,8.982327339370096,0.018117042103378722,True,walking_dual_task,P01,24,0.68
2026-04-01T14:05:15.274618,1546.0977171450184,95223,81,-4.478438202289346,3.5041758601879147,7.654845648449257,9.535843910867609,0.5535165714975125,True,walking_dual_task,P01,24,0.68
2026-04-01T14:05:15.275002,1767.646674024603,95223,82,-4.324341279897791,3.669343180636766,7.304994359750366,9.248078150529345,0.28776576033826373,True,walking_dual_task,P01,24,0.68
2026-04-01T14:05:15.303998,1630.4529872276944,95261,81,-4.484294947180489,3.4194159604092635,8.062735951545475,9.839157367780738,0.5910792172513926,True,walking_dual_task,P01,24,0.68
2026-04-01T14:05:15.305070,1744.6107916974506,95261,83,-4.448696444112526,3.6914646796204584,7.813459926921298,9.71946333715755,0.1196940306231884,True,walking_dual_task,P01,24,0.68
2026-04-01T14:05:15.319026,1633.8021372009432,95261,82,-4.542356331164962,4.133850968263045,8.166698560176181,10.2184485241091,0.4989851869515505,True,walking_dual_task,P01,24,0.68
2026-04-01T14:05:15.364321,1748.1327399453428,95292,81,-4.56969102252557,3.9903202200113155,7.95295030353533,10.002707135075216,0.21574138903388373,True,walking_dual_task,P01,24,0.68
2026-04-01T14:05:15.364940,1563.5144185243364,95316,79,-4.422336361310517,4.332269512407224,7.876136732456714,10.017941297944214,0.015234162868997814,True,walking_dual_task,P01,24,0.68
2026-04-01T14:05:15.409583,1623.5796254887048,95316,81,-4.680708604544071,4.202582432016957,7.990980187589317,10.16988183299076,0.15194053504654548,True,walking_dual_task,P01,24,0.68
2026-04-01T14:05:15.410193,1688.8540185006536,95335,81,-4.391767357093043,4.143448204046685,7.880440397739285,9.92759408924272,0.2422877437480384,True,walking_dual_task,P01,24,0.68
2026-04-01T14:05:15.423587,1646.1083111863502,95335,81,-4.541327935492991,4.311379364039269,7.861378610845543,10.050518648378922,0.1229245591362016,True,walking_dual_task,P01,24,0.68
2026-04-01T14:05:15.468989,1650.4012557547726,95335,81,-4.280002561977169,4.174401422661929,7.828911427576769,9.85068034751383,0.19983830086509258,True,walking_dual_task,P01,24,0.68
2026-04-01T14:05:15.469386,1628.8379858770556,95347,81,-4.345538300591322,4.388911879703519,8.019823449481457,10.122441344387305,0.2717609968734749,True,walking_dual_task,P01,24,0.68
2026-04-01T14:05:15.499007,1662.9541683087673,95347,81,-4.192229660654058,4.12348514540642,8.283149735485981,10.158173497855632,0.035732153468327255,True,walking_dual_task,P01,24,0.68
2026-04-01T14:05:15.499509,1560.6324130694786,95407,81,-4.597939916343034,3.860068180915144,8.039850497011066,10.033961024934431,0.12421247292120086,True,walking_dual_task,P01,24,0.68
2026-04-01T14:05:15.529929,1629.6871188529035,95407,79,-4.8302304847916115,4.0752640335869454,8.07562796063892,10.254495133272561,0.22053410833813025,True,walking_dual_task,P01,24,0.68
2026-04-01T14:05:15.574444,1602.9636246871662,95477,81,-4.514041812793286,4.369218793289602,7.965916089005948,10.14507099474247,0.10942413853009114,True,walking_dual_task,P01,24,0.68
2026-04-01T14:05:15.575491,1700.3774058951483,95477,80,-4.60232287910048,4.182642823205966,7.873940233325291,10.033683853300683,0.11138714144178685,True,walking_dual_task,P01,24,0.68
2026-04-01T14:05:15.591136,1615.3663678076957,95536,81,-6.433119658594856,5.589086832496187,5.967124653299614,10.40334065533749,0.36965680203680584,True,walking_dual_task,P01,24,0.68
2026-04-01T14:05:15.604730,1568.614828788014,95536,81,-6.251354569891829,5.589167412288214,5.885817737154089,10.245051330085646,0.15828932525184314,True,walking_dual_task,P01,24,0.68
2026-04-01T14:05:15.619422,1605.7784325383109,95590,82,-6.701385959824566,5.846854858353355,6.479144322997316,11.003344794898158,0.7582934648125121,True,walking_dual_task,P01,24,0.68
2026-04-01T14:05:15.679190,1602.5094508709383,95590,81,-6.492708741536515,5.761388316618842,6.4046372131813225,10.787411180156424,0.21593361474173456,True,walking_dual_task,P01,24,0.68
2026-04-01T14:05:15.679588,1579.608714744375,95600,81,-6.523933893066901,5.51271231931809,6.043775176228321,10.463217905475455,0.3241932746809688,True,walking_dual_task,P01,24,0.68
2026-04-01T14:05:15.680474,1702.68887249014,95600,82,-6.20377829984337,4.83982734656669,6.085743081697202,9.947213820694095,0.5160040847813594,True,walking_dual_task,P01,24,0.68
2026-04-01T14:05:15.708655,1537.9223006822242,95627,81,-6.397853373275307,5.567995433146437,6.1196729815181135,10.458752235816307,0.511538415122212,True,walking_dual_task,P01,24,0.68
2026-04-01T14:05:15.723999,1572.5171659329326,95627,82,-5.67132428266751,5.077904444802274,6.029361546403442,9.710933700060224,0.7478185357560836,True,walking_dual_task,P01,24,0.68
2026-04-01T14:05:15.738811,1662.6571173506552,95538,81,-5.695016478089022,5.051822496480942,6.1326848775994325,9.77568140998842,0.06474770992819678,True,walking_dual_task,P01,24,0.68
2026-04-01T14:05:15.784686,1752.8397616805757,95538,81,-5.4853973926269095,5.417272322395735,6.524675940935443,10.099892083792518,0.32421067380409774,True,walking_dual_task,P01,24,0.68
2026-04-01T14:05:15.785481,1637.899953565184,95446,82,-5.2153515524989755,5.2415880081185255,6.376221086255409,9.763725313824304,0.33616676996821404,True,walking_dual_task,P01,24,0.68
2026-04-01T14:05:15.798991,1619.7416988936304,95446,82,-4.902741315230335,5.072111241627765,6.463774999843449,9.567840513935964,0.19588479988833996,True,walking_dual_task,P01,24,0.68
2026-04-01T14:05:15.829641,1593.2061537328864,95460,82,-5.04426118879715,4.575115783821584,6.68690570566366,9.544158595319749,0.023681918616215825,True,walking_dual_task,P01,24,0.68
2026-04-01T14:05:15.890089,1686.308151490266,95460,81,-5.42765524136043,4.615688757695163,6.396382589604725,9.574849051529707,0.030690456209958583,True,walking_dual_task,P01,24,0.68
2026-04-01T14:05:15.890638,1661.4036730464468,95547,79,-5.020788412964244,4.167837680943196,6.5722977599095955,9.26144076628246,0.31340828524724706,True,walking_dual_task,P01,24,0.68
2026-04-01T14:05:15.891397,1748.9531762728227,95547,81,-5.393984747134437,4.136231063287912,6.28230727013931,9.255855632931622,0.005585133350837879,True,walking_dual_task,P01,24,0.68
2026-04-01T14:05:15.903684,1685.9771329420757,95624,82,-5.54225395845779,4.2386029361656785,6.256646540980238,9.371657256284683,0.11580162335306099,True,walking_dual_task,P01,24,0.68
2026-04-01T14:05:15.918974,1589.682066158283,95624,82,-5.791015567883498,4.455111059400589,6.23336953176419,9.604101810090759,0.23244455380607576,True,walking_dual_task,P01,24,0.68
2026-04-01T14:05:15.964619,1694.7622598853843,95684,81,-6.005429491723106,4.597173851779939,5.947226471745251,9.62126257358016,0.01716076348940021,True,walking_dual_task,P01,24,0.68
2026-04-01T14:05:15.978885,1690.886433488601,95684,81,-5.884522176749862,5.034327621858288,6.188351852074303,9.913009356292251,0.2917467827120923,True,walking_dual_task,P01,24,0.68
2026-04-01T14:05:15.979407,1684.6939824719852,95732,80,-5.831525626714525,5.101463408545758,5.9083581146082205,9.743732121431517,0.16927723486073454,True,walking_dual_task,P01,24,0.68
2026-04-01T14:05:16.009323,1700.3247548071465,95732,82,-5.569085853685134,5.465103603266402,6.359331250737309,10.065941018938837,0.32220889750731985,True,walking_dual_task,P01,24,0.68
2026-04-01T14:05:16.039381,1648.024708431481,95712,81,-5.104203610934178,4.9207155327574865,6.527620049782622,9.637227784509317,0.4287132344295195,True,walking_dual_task,P01,24,0.68
2026-04-01T14:05:16.039998,1667.4330675411054,95712,80,-5.524549781336432,5.182301559919256,6.638785898183577,10.0722578375619,0.43503005305258213,True,walking_dual_task,P01,24,0.68
2026-04-01T14:05:16.101594,1653.1382461350327,95684,82,-5.227227343204366,5.279984748355001,6.315707899509556,9.751426096337509,0.3208317412243904,True,walking_dual_task,P01,24,0.68
2026-04-01T14:05:16.104212,1686.1197045053805,95684,80,-5.5259114985394335,5.341860469954984,6.229455344040901,9.893294954339417,0.1418688580019083,True,walking_dual_task,P01,24,0.68
2026-04-01T14:05:16.105193,1594.7530414329208,95738,81,-5.505278431094218,5.368108881699122,6.156593708086906,9.850295917184594,0.04299903715482323,True,walking_dual_task,P01,24,0.68
2026-04-01T14:05:16.221108,1632.3105900232306,95738,81,-5.663444585609674,5.126454456612885,6.051889098437131,9.74579404306185,0.10450187412274481,True,walking_dual_task,P01,24,0.68
2026-04-01T14:05:16.222656,1600.7952639557059,95810,81,-5.689071087178961,5.444691812727851,6.578694189905847,10.261063103541574,0.5152690604797243,True,walking_dual_task,P01,24,0.68
2026-04-01T14:05:16.223708,1709.9122044818866,95810,80,-5.830743683846961,5.229658530554991,6.005680136372443,9.869908517982644,0.39115458555892957,True,walking_dual_task,P01,24,0.68
2026-04-01T14:05:16.279343,1617.0306874097166,95871,80,-5.746075510981914,4.6309451245800615,6.685968220207171,9.95817290301781,0.0882643850351652,True,walking_dual_task,P01,24,0.68
2026-04-01T14:05:16.340922,1717.2720091052133,95871,82,-5.609692660865,4.857868816726493,6.643004672243758,9.959771697450634,0.001598794432824846,True,walking_dual_task,P01,24,0.68
2026-04-01T14:05:16.341492,1610.309372091997,95918,81,-5.266742113589754,4.786100869456597,6.938434392493894,9.939175309984988,0.020596387465646515,True,walking_dual_task,P01,24,0.68
2026-04-01T14:05:16.341915,1568.5309711203722,95918,82,-4.7203541638648225,5.416768064100194,7.460263969495788,10.35754112649951,0.4183658165145232,True,walking_dual_task,P01,24,0.68
2026-04-01T14:05:16.342304,1597.7331152001004,95944,82,-5.081538814071537,5.4263522307212915,7.198060604922804,10.347918231359927,0.009622895139584031,True,walking_dual_task,P01,24,0.68
2026-04-01T14:05:16.343084,1642.6401970754143,95944,82,-5.057335960910487,5.027767947670359,6.718897717640729,9.797891819021968,0.5500264123379583,True,walking_dual_task,P01,24,0.68
2026-04-01T14:05:16.344462,1612.0082199716335,95990,82,-5.377869298224643,5.511594951279497,6.735523813948203,10.230661666970528,0.43276984794855977,True,walking_dual_task,P01,24,0.68
2026-04-01T14:05:16.344620,1570.20962680359,95990,80,-5.688248091480583,4.950849993211987,7.02019234829735,10.30292107184231,0.07225940487178129,True,walking_dual_task,P01,24,0.68
2026-04-01T14:05:16.345366,1530.7795112656606,96040,82,-5.217887489788641,4.932313279206667,6.849925597637749,9.923484510669834,0.3794365611724757,True,walking_dual_task,P01,24,0.68
2026-04-01T14:05:16.400222,1645.7059078069835,96040,82,-5.479664869882767,5.144956153997756,6.715370287454626,10.07936004964676,0.15587553897692707,True,walking_dual_task,P01,24,0.68
2026-04-01T14:05:16.401619,1652.6313405669664,95887,81,-5.63335651105764,4.949459238039036,6.913229729031308,10.199244953232947,0.1198849035861862,True,walking_dual_task,P01,24,0.68
2026-04-01T14:05:16.402302,1596.463019824344,95887,82,-5.541743890894066,4.974672672905401,6.819534360156091,10.097739471988916,0.1015054812440308,True,walking_dual_task,P01,24,0.68
2026-04-01T14:05:16.521987,1593.9253029985007,95773,81,-6.002375398795042,5.149937465940178,6.847443976881772,10.461254960457122,0.3635154884682059,True,walking_dual_task,P01,24,0.68
2026-04-01T14:05:16.522838,1687.1897336329512,95773,82,-5.464166036598322,4.856855773279525,6.897806538372353,10.051163789271651,0.41009117118547067,True,walking_dual_task,P01,24,0.68
2026-04-01T14:05:16.523399,1694.7017126246117,95810,81,-5.5708268174003415,4.81598422216329,7.184542630905106,10.288122679715936,0.23695889044428498,True,walking_dual_task,P01,24,0.68
2026-04-01T14:05:16.523799,1574.6067848899177,95810,82,-5.51902279119286,5.154558725586511,6.792145177407218,10.156885562819067,0.13123711689686957,True,walking_dual_task,P01,24,0.68
2026-04-01T14:05:16.524455,1793.866655178421,95892,81,-5.525039853678071,4.95623082380194,6.590926954505008,9.926258483595726,0.23062707922334091,True,walking_dual_task,P01,24,0.68
2026-04-01T14:05:16.526329,1571.9847944679489,95892,81,-5.422079421500739,4.90484977948723,7.00478455032091,10.125389039874579,0.19913055627885257,True,walking_dual_task,P01,24,0.68
2026-04-01T14:05:16.579475,1615.9175955285448,95951,80,-5.584490505690524,4.921968961405351,6.873268334953683,10.131837457710336,0.00644841783575778,True,walking_dual_task,P01,24,0.68
2026-04-01T14:05:16.579807,1584.8649409128377,95951,80,-5.665269565037528,4.898591218656681,6.849072243559003,10.14895392488956,0.017116467179222994,True,walking_dual_task,P01,24,0.68
2026-04-01T14:05:16.580756,1595.8907637636648,95992,82,-6.106087097614541,4.216142696636488,6.5209073556514765,9.878380010054558,0.27057391483500126,True,walking_dual_task,P01,24,0.68
2026-04-01T14:05:16.640182,1691.762861250523,95992,81,-6.023378779167067,4.272020153135519,6.487549587061727,9.829524289135307,0.048855720919251056,True,walking_dual_task,P01,24,0.68
2026-04-01T14:05:16.640569,1652.4860944435407,96013,81,-6.0435259268443495,4.448780998564441,7.059348455893199,10.302924760637126,0.47340047150181874,True,walking_dual_task,P01,24,0.68
2026-04-01T14:05:16.641014,1562.2494180086444,96013,82,-5.917982591911417,4.589132310580311,7.055541598402921,10.288990259931865,0.013934500705261144,True,walking_dual_task,P01,24,0.68
2026-04-01T14:05:16.699542,1571.7608759029076,96013,82,-5.7434495406208494,4.538475266883275,7.091720216550251,10.192029533100687,0.09696072683117762,True,walking_dual_task,P01,24,0.68
2026-04-01T14:05:16.700196,1625.8323116652261,96013,81,-5.101208499105653,3.912134603974101,6.816126476755186,9.369455985172374,0.8225735479283127,True,walking_dual_task,P01,24,0.68
2026-04-01T14:05:16.700702,1553.781482691907,96031,80,-5.220609099609747,3.500059243893624,6.673013692303076,9.167021643879632,0.20243434129274185,True,walking_dual_task,P01,24,0.68
2026-04-01T14:05:16.759748,1677.2839649777354,96031,80,-5.299453694273474,3.570258242509593,6.835413256698175,9.357020239681091,0.18999859580145895,True,walking_dual_task,P01,24,0.68
2026-04-01T14:05:16.819701,1651.6850008068939,96084,81,-5.1315303564202885,3.5189499667429693,6.339790398833137,8.883048742883274,0.4739714967978177,True,walking_dual_task,P01,24,0.68
2026-04-01T14:05:16.820449,1610.4544656803469,96084,81,-5.136487604505576,3.7006136819929885,6.5579746903091,9.115101676521654,0.2320529336383803,True,walking_dual_task,P01,24,0.68
2026-04-01T14:05:16.821033,1645.3153192955929,96134,81,-5.48743488691332,4.502322980557928,6.628527011215948,9.711859976224579,0.596758299702925,True,walking_dual_task,P01,24,0.68
2026-04-01T14:05:16.821540,1659.81786039096,96134,80,-5.50254321579115,4.395442195338918,7.072842153816315,9.981131702718686,0.26927172649410736,True,walking_dual_task,P01,24,0.68
2026-04-01T14:05:16.821949,1684.325877489397,96164,82,-5.89574901672538,5.057286565563383,7.52266534779254,10.813255652638793,0.8321239499201063,True,walking_dual_task,P01,24,0.68
2026-04-01T14:05:16.880808,1752.5491891840559,96164,82,-6.017375625090348,4.907092933116374,7.254896993896879,10.626471703238384,0.1867839494004091,True,walking_dual_task,P01,24,0.68
2026-04-01T14:05:16.881379,1594.5438507299946,96203,81,-6.085203428248881,5.008765549769359,8.193987690831717,11.369206980842154,0.7427352776037708,True,walking_dual_task,P01,24,0.68
2026-04-01T14:05:16.881413,1662.2724771514759,96203,80,-5.464130381212752,4.077679392443051,7.8558198829508825,10.401831381243083,0.9673755995990714,True,walking_dual_task,P01,24,0.68
2026-04-01T14:05:16.939363,1765.9488980094814,96254,80,-5.7476699819140755,4.099440241201889,7.746080202343048,10.480595355861826,0.0787639746187434,True,walking_dual_task,P01,24,0.68
2026-04-01T14:05:16.939650,1635.469724034529,96254,82,-5.585313675566729,2.356993741509015,6.51239151987435,8.897324972154088,1.5832703837077382,True,walking_dual_task,P01,24,0.68
2026-04-01T14:05:16.939930,1691.2492943111486,96285,82,-5.794618249290373,2.4989570998224795,6.45957857555573,9.030423169239679,0.1330981970855909,True,walking_dual_task,P01,24,0.68
2026-04-01T14:05:16.999190,1767.6510500343609,96285,82,-4.913571133513996,2.9290657604629295,6.136515774376772,8.389245100865349,0.6411780683743302,True,walking_dual_task,P01,24,0.68
2026-04-01T14:05:16.999827,1547.178217897238,96377,82,-5.201825646189567,3.0855985363279794,5.844231273707937,8.410407098430538,0.021161997565188884,True,walking_dual_task,P01,24,0.68
2026-04-01T14:05:17.000311,1684.6407877890258,96377,81,-4.2499203720887495,4.328833255035131,6.936011830927942,9.214601490990557,0.804194392560019,True,walking_dual_task,P01,24,0.68
2026-04-01T14:05:17.059525,1612.4701809353635,96248,80,-4.057868475793572,4.480218797098018,6.743366013375418,9.056027949772258,0.15857354121829914,True,walking_dual_task,P01,24,0.68
2026-04-01T14:05:17.060099,1664.5955334874996,96248,81,-4.854856746309399,4.547330666082011,6.465247662503198,9.276167180003755,0.2201392302314975,True,walking_dual_task,P01,24,0.68
2026-04-01T14:05:17.060560,1640.8133628545722,96073,81,-4.876182573208345,4.24216988154227,7.089362427694038,9.593342557332404,0.317175377328649,True,walking_dual_task,P01,24,0.68
2026-04-01T14:05:17.239813,1705.333728026035,96073,82,-5.17481074123276,5.040864667317108,7.112585522760363,10.137941389669022,0.544598832336618,True,walking_dual_task,P01,24,0.68
2026-04-01T14:05:17.240245,1700.0978370078612,96105,81,-4.807568820249409,5.179541355023337,6.932445984828892,9.89945321431449,0.23848817535453115,True,walking_dual_task,P01,24,0.68
2026-04-01T14:05:17.240687,1706.399776679024,96105,80,-5.105307440206453,5.145532960656259,6.751798006530642,9.905930033531353,0.006476819216862495,True,walking_dual_task,P01,24,0.68
2026-04-01T14:05:17.240962,1558.0254245562421,96202,81,-5.731801398830816,4.012785604229656,6.160585604671811,9.3224895051505,0.5834405283808533,True,walking_dual_task,P01,24,0.68
2026-04-01T14:05:17.241469,1594.5023062563562,96202,82,-5.717364785321038,4.101945906126038,6.521428705902189,9.593917483039885,0.27142797788938466,True,walking_dual_task,P01,24,0.68
2026-04-01T14:05:17.241841,1577.4174070844144,96289,82,-6.999411547177678,3.602202302587891,5.679308475884329,9.706810402999809,0.11289291995992379,True,walking_dual_task,P01,24,0.68
2026-04-01T14:05:17.242939,1602.9911763666603,96289,82,-7.103996557628614,4.036639737033069,5.547207343874717,9.875866380896978,0.16905597789716964,True,walking_dual_task,P01,24,0.68
2026-04-01T14:05:17.244061,1742.7372133243887,96405,82,-7.311352725214419,4.458424900595159,5.279598968024765,10.060198632726664,0.1843322518296855,True,walking_dual_task,P01,24,0.68
2026-04-01T14:05:17.244697,1633.9704430188779,96405,81,-6.2948970228272145,5.292356134736349,5.920460429428124,10.133440367481551,0.07324173475488749,True,walking_dual_task,P01,24,0.68
2026-04-01T14:05:17.299264,1630.7633946315343,96458,80,-6.51829066602563,5.251000383857419,5.964957377659901,10.278221380928068,0.14478101344651684,True,walking_dual_task,P01,24,0.68
2026-04-01T14:05:17.299608,1709.798921896952,96460,81,-5.523559818005156,5.69296353812667,6.336582810517411,10.152429690673342,0.1257916902547258,True,walking_dual_task,P01,24,0.68
2026-04-01T14:05:17.359843,1671.8864839403288,96460,81,-5.7808383741197416,5.420974211991281,6.2507162691961735,10.093389301555925,0.059040389117416936,True,walking_dual_task,P01,24,0.68
2026-04-01T14:05:17.362200,1615.549466872689,96460,80,-5.460030041740742,5.315604663131057,6.70254779349171,10.148484020554628,0.055094718998702774,True,walking_dual_task,P01,24,0.68
2026-04-01T14:05:17.362689,1586.8479256738833,96498,81,-5.621178300262124,4.96693863567278,6.472184741575548,9.907436612109112,0.24104740844551564,True,walking_dual_task,P01,24,0.68
2026-04-01T14:05:17.363368,1710.3189516429236,96498,81,-5.516617880664895,5.179851272523647,6.703447127827753,10.109408263707557,0.20197165159844488,True,walking_dual_task,P01,24,0.68
2026-04-01T14:05:17.420074,1539.3154242021649,96571,80,-5.799353607654167,5.142747468865944,6.56991818913452,10.160914270234697,0.05150600652713955,True,walking_dual_task,P01,24,0.68
2026-04-01T14:05:17.429562,1606.5906623787089,96571,80,-5.804639477840713,5.330797667185293,6.544836537457983,10.24432177053318,0.08340750029848287,True,walking_dual_task,P01,24,0.68
2026-04-01T14:05:17.430080,1658.3839346377345,96643,81,-5.722588084031909,5.1615340948519215,6.598118291043812,10.145176862649055,0.09914490788412422,True,walking_dual_task,P01,24,0.68
2026-04-01T14:05:17.479404,1678.1283432516443,96643,81,-5.699137936882404,5.249503670480579,6.71254417103329,10.251619933360498,0.10644307071144254,True,walking_dual_task,P01,24,0.68
2026-04-01T14:05:17.479793,1725.829060637621,96685,80,-5.285019757622449,5.024509251242712,6.583456539719114,9.824409756552992,0.42721017680750606,True,walking_dual_task,P01,24,0.68
2026-04-01T14:05:17.540769,1667.007506058277,96685,81,-5.690933423021869,5.1084579494083515,6.34027165515535,9.93388697878666,0.10947722223366796,True,walking_dual_task,P01,24,0.68
2026-04-01T14:05:17.541432,1649.200496054962,96740,80,-5.632987197652803,4.9939182830549225,6.652549906823832,10.046202508885255,0.11231553009859496,True,walking_dual_task,P01,24,0.68
2026-04-01T14:05:17.541531,1742.838259906029,96740,81,-5.51486985642636,4.926021807953152,6.595543651256212,9.908616272788864,0.1375862360963911,True,walking_dual_task,P01,24,0.68
2026-04-01T14:05:17.542042,1606.041059045895,96807,80,-5.594399660699456,5.045019755147394,6.767907599423667,10.126900076913877,0.21828380412501325,True,walking_dual_task,P01,24,0.68
2026-04-01T14:05:17.599408,1623.7140572748997,96807,82,-5.659609796996749,5.1597943441208,6.595101044713524,10.106929232851291,0.01997084406258587,True,walking_dual_task,P01,24,0.68
2026-04-01T14:05:17.599454,1578.1867886065984,96856,81,-6.612139886368095,4.53865191845906,5.88076157549309,9.945004365088433,0.16192486776285797,True,walking_dual_task,P01,24,0.68
2026-04-01T14:05:17.599764,1595.3634196840774,96856,81,-6.359714508247742,4.665251898962646,5.921208061895748,9.862618760727324,0.08238560436110909,True,walking_dual_task,P01,24,0.68
2026-04-01T14:05:17.660924,1692.204000856285,96911,81,-6.489214074385713,4.609860678577507,5.735286701420995,9.810923928285105,0.05169483244221951,True,walking_dual_task,P01,24,0.68
2026-04-01T14:05:17.661778,1623.0641043322034,96911,81,-6.399331631251262,4.669742691130982,6.067778128035107,9.978771143741367,0.1678472154562627,True,walking_dual_task,P01,24,0.68
2026-04-01T14:05:17.662552,1579.8001759997455,96834,80,-6.46244277150648,4.517984241995478,6.204682460936202,10.033615132491635,0.054843988750267414,True,walking_dual_task,P01,24,0.68
2026-04-01T14:05:17.719532,1509.8517190777854,96834,81,-5.684384353784133,4.410402672019752,6.463916970342028,9.671923273598715,0.3616918588929199,True,walking_dual_task,P01,24,0.68
2026-04-01T14:05:17.719577,1702.5938879141636,96725,82,-5.738706707557705,4.689220415894417,6.376837598196584,9.776788866390763,0.10486559279204855,True,walking_dual_task,P01,24,0.68
2026-04-01T14:05:17.719963,1664.0411417461369,96725,81,-4.963574499619323,5.685008513740447,7.480630381196735,10.626204614755741,0.8494157483649776,True,walking_dual_task,P01,24,0.68
2026-04-01T14:05:17.780632,1685.4165283143411,96713,81,-5.107121345756991,5.475616543219752,7.271781939948003,10.437618384996766,0.18858622975897532,True,walking_dual_task,P01,24,0.68
2026-04-01T14:05:17.781281,1731.6664062692068,96713,81,-4.698886749856662,5.891204348639495,6.804835512242003,10.153403947153747,0.28421443784301914,True,walking_dual_task,P01,24,0.68
2026-04-01T14:05:17.781695,1709.6551265341154,96753,81,-3.8388843561586845,4.604867599347214,6.0460904391089825,8.514519851721687,1.6388840954320596,True,walking_dual_task,P01,24,0.68
2026-04-01T14:05:17.843392,1716.3642248891224,96753,80,-4.0326673747198,4.665076076337096,6.467571246746351,8.936152347900205,0.4216324961785176,True,walking_dual_task,P01,24,0.68
2026-04-01T14:05:17.844199,1617.1870759467013,96854,81,-4.794490104290355,3.962580412212893,5.62232423109578,8.384492151761977,0.5516601961382275,True,walking_dual_task,P01,24,0.68
2026-04-01T14:05:17.844649,1555.1646347192996,96854,80,-4.723315683782987,3.9065236757661106,5.914436462283442,8.517699040490887,0.1332068887289104,True,walking_dual_task,P01,24,0.68
2026-04-01T14:05:17.959923,1610.902147994577,96946,81,-5.817909860237997,4.342335312475369,6.1239539746520215,9.497724116412382,0.9800250759214943,True,walking_dual_task,P01,24,0.68
2026-04-01T14:05:18.021031,1715.2022215480204,96946,80,-6.5699752429981375,4.167736480720576,6.6305115597722,10.222440296260494,0.7247161798481123,True,walking_dual_task,P01,24,0.68
2026-04-01T14:05:18.021570,1668.101131904794,96967,82,-6.839966806575003,4.553602917966106,6.7920307221219645,10.660775149106462,0.4383348528459674,True,walking_dual_task,P01,24,0.68
2026-04-01T14:05:18.022014,1591.6018927097457,96967,81,-6.7026091416138085,4.316257850119613,6.633387097920905,10.370963095336311,0.2898120537701505,True,walking_dual_task,P01,24,0.68
2026-04-01T14:05:18.022372,1668.7787949189392,96972,81,-6.308377938414047,3.974876573424119,7.243049960113693,10.395049240505207,0.024086145168896067,True,walking_dual_task,P01,24,0.68
2026-04-01T14:05:18.022764,1649.7124138227114,96972,81,-6.445640933308945,4.143027367555098,7.452273056075442,10.688654569765381,0.29360532926017413,True,walking_dual_task,P01,24,0.68
2026-04-01T14:05:18.022794,1702.9113666246087,96990,81,-5.53866540167959,3.982800276431337,7.798177614857031,10.361036945526319,0.32761762423906227,True,walking_dual_task,P01,24,0.68
2026-04-01T14:05:18.080829,1602.3435653814506,96990,82,-5.602658531299094,3.4104813449782805,7.6685868291199215,10.091005379967593,0.2700315655587264,True,walking_dual_task,P01,24,0.68
2026-04-01T14:05:18.081228,1630.6819505073677,97024,82,-5.517336079655311,3.7691233609538406,7.482510758208296,10.031712494517429,0.05929288545016398,True,walking_dual_task,P01,24,0.68
2026-04-01T14:05:18.081797,1702.16832382767,97024,82,-5.442523540818524,4.044657317262121,7.0202867691131825,9.760365855183474,0.2713466393339541,True,walking_dual_task,P01,24,0.68
2026-04-01T14:05:18.081828,1601.0711933321618,97067,81,-5.236062851992625,3.9923495786279464,6.899013641838155,9.536854752918115,0.22351110226535909,True,walking_dual_task,P01,24,0.68
2026-04-01T14:05:18.139696,1728.1394738488561,97067,81,-5.348452306865906,4.590576169429503,6.93935057223135,9.89110297239296,0.3542482194748455,True,walking_dual_task,P01,24,0.68
2026-04-01T14:05:18.259688,1557.0635906088667,97099,81,-4.996882793520528,4.6074816280240665,6.770439625125525,9.593569581872572,0.29753339052038896,True,walking_dual_task,P01,24,0.68
2026-04-01T14:05:18.260382,1725.7575533192455,97099,82,-5.0835144123701665,4.639361797309886,6.760701252661605,9.647428574229187,0.05385899235661462,True,walking_dual_task,P01,24,0.68
2026-04-01T14:05:18.260871,1586.1525658155413,97121,80,-5.558111991278436,4.740859580254008,7.279394583711033,10.312998786611043,0.6655702123818568,True,walking_dual_task,P01,24,0.68
2026-04-01T14:05:18.261366,1681.25876923453,97121,81,-5.374454597862231,4.874210737521082,7.299418481866578,10.291948440973831,0.021050345637211976,True,walking_dual_task,P01,24,0.68
2026-04-01T14:05:18.261782,1620.9010297970433,97143,81,-5.5751456441437375,4.6577033613087515,7.05521406735817,10.126820581584841,0.16512785938899022,True,walking_dual_task,P01,24,0.68
2026-04-01T14:05:18.262221,1738.5192758800972,97143,80,-5.484508011097238,4.721562072949025,7.359445315372005,10.321550846769657,0.19473026518481618,True,walking_dual_task,P01,24,0.68
2026-04-01T14:05:18.319226,1614.3336931800893,97167,80,-5.581481627007051,4.310052497780805,7.029364035313239,9.956979884844554,0.36457096192510363,True,walking_dual_task,P01,24,0.68
2026-04-01T14:05:18.320868,1643.504617094143,97167,80,-5.64528601289656,3.9497546369929846,6.941312114442113,9.780165117724442,0.17681476712011168,True,walking_dual_task,P01,24,0.68
2026-04-01T14:05:18.321265,1653.8757720057686,97214,81,-5.656022084939298,4.208908051128816,6.838110415662222,9.821672304906443,0.04150718718200075,True,walking_dual_task,P01,24,0.68
2026-04-01T14:05:18.321918,1682.8568769908077,97215,80,-5.192821651669346,4.346895306609341,7.016898056331811,9.751807721936554,0.06986458296988829,True,walking_dual_task,P01,24,0.68
2026-04-01T14:05:18.322291,1637.5955721529376,97215,81,-5.231841736414937,4.27368478445289,6.808692170964986,9.591393989963986,0.16041373197256803,True,walking_dual_task,P01,24,0.68
2026-04-01T14:05:18.323446,1683.0021269959639,97215,81,-5.377040605281334,4.351050126687558,7.172434664528954,9.964337503955225,0.37294351399123826,True,walking_dual_task,P01,24,0.68
2026-04-01T14:05:18.379393,1625.2563628919495,97068,82,-5.183602095056958,4.280656917154836,6.897011866837242,9.631330490309123,0.3330070136461014,True,walking_dual_task,P01,24,0.68
2026-04-01T14:05:18.442385,1646.6203442014444,97068,81,-5.023680543667815,4.477786101173533,7.120523956613049,9.797438236058943,0.16610774574981946,True,walking_dual_task,P01,24,0.68
2026-04-01T14:05:18.442976,1677.1796094881943,96993,80,-5.006961857634675,4.5022912535861215,6.875712222174737,9.623705738336435,0.17373249772250787,True,walking_dual_task,P01,24,0.68
2026-04-01T14:05:18.444140,1611.9861906872734,96993,82,-5.238330358568139,4.405749992207255,7.133386027966089,9.88614860111422,0.2624428627777853,True,walking_dual_task,P01,24,0.68
2026-04-01T14:05:18.444735,1657.756896926984,97018,81,-5.305664756319262,4.340507438123702,6.853398593480909,9.69325309728275,0.1928955038314708,True,walking_dual_task,P01,24,0.68
2026-04-01T14:05:18.445276,1593.8885927219133,97018,81,-5.276276763507155,4.1243965351180485,7.310005145089449,9.913925483140043,0.2206723858572932,True,walking_dual_task,P01,24,0.68
2026-04-01T14:05:18.499664,1539.8071567877323,97086,82,-4.735938977543871,4.391793656009884,7.099484782842079,9.597898400055826,0.3160270830842169,True,walking_dual_task,P01,24,0.68
2026-04-01T14:05:18.500264,1648.975482838766,97086,81,-4.745729906617964,4.333125421078161,7.014678762728518,9.513340444115117,0.08455795594070814,True,walking_dual_task,P01,24,0.68
2026-04-01T14:05:18.501293,1541.5559995742167,97116,81,-5.141012809435511,4.662380990052704,7.141708509444027,9.958504387559914,0.44516394344479693,True,walking_dual_task,P01,24,0.68
2026-04-01T14:05:18.559550,1542.0074518033648,97116,82,-5.203678258007655,4.480029288073214,7.08073745928765,9.863355047964902,0.0951493395950127,True,walking_dual_task,P01,24,0.68
2026-04-01T14:05:18.560071,1572.7955363234216,97156,81,-5.118183346750942,4.515355860015647,7.030292901503563,9.798431384383303,0.06492366358159884,True,walking_dual_task,P01,24,0.68
2026-04-01T14:05:18.560348,1550.2522981967275,97156,81,-5.324274855362172,4.04861105359382,7.11620127243295,9.766241587657982,0.032189796725321074,True,walking_dual_task,P01,24,0.68
2026-04-01T14:05:18.619198,1683.310676545459,97200,81,-5.027740366386636,6.168237724596974,5.975510100235661,9.951484852872625,0.18524326521464296,True,walking_dual_task,P01,24,0.68
2026-04-01T14:05:18.619665,1580.380746250248,97200,80,-5.164820290706144,6.1480210480851465,5.61069717239798,9.795583402908811,0.15590144996381383,True,walking_dual_task,P01,24,0.68
2026-04-01T14:05:18.620231,1704.8970941525383,97177,81,-5.3614314601910795,5.797263388579607,5.692620075687083,9.734430308189985,0.061153094718825685,True,walking_dual_task,P01,24,0.68
2026-04-01T14:05:18.680234,1712.7542581141056,97177,82,-5.4600699520549565,5.8528156701292655,6.1999366790686965,10.124575545389815,0.39014523719982996,True,walking_dual_task,P01,24,0.68
2026-04-01T14:05:18.680867,1561.0856944269053,97154,82,-6.818734619670692,5.199591489949949,5.907177677839842,10.412763398513617,0.2881878531238016,True,walking_dual_task,P01,24,0.68
2026-04-01T14:05:18.681379,1707.6399484545166,97154,82,-6.907415882110235,4.853566247762525,5.399625383758979,10.021250110379574,0.3915132881340426,True,walking_dual_task,P01,24,0.68
2026-04-01T14:05:18.739422,1631.5241004894426,97193,80,-6.732433176432221,4.609389017778991,5.6091876745184885,9.901268098598127,0.11998201178144718,True,walking_dual_task,P01,24,0.68
2026-04-01T14:05:18.739927,1683.5198353053613,97193,80,-6.3887646617556255,5.091386494576898,5.712177136857383,9.968324733037829,0.06705663443970167,True,walking_dual_task,P01,24,0.68
2026-04-01T14:05:18.740294,1602.89962627462,97240,83,-6.282057753862702,5.172815793403698,5.700165981552767,9.935500242695616,0.0328244903422128,True,walking_dual_task,P01,24,0.68
2026-04-01T14:05:18.799643,1676.4797481822188,97240,81,-5.994563622407952,5.99856629722515,5.929836144366106,10.347973103189478,0.4124728604938621,True,walking_dual_task,P01,24,0.68
2026-04-01T14:05:18.800403,1654.0312188482574,97265,81,-5.519280789623611,5.84767074864484,5.689043524009355,9.850021819130022,0.49795128405945555,True,walking_dual_task,P01,24,0.68
2026-04-01T14:05:18.800443,1803.2371211277416,97265,82,-5.364005171522533,5.8591608519286815,5.951073763262537,9.92560307007518,0.07558125094515766,True,walking_dual_task,P01,24,0.68
2026-04-01T14:05:18.859539,1643.807880794395,97291,81,-5.731213806113227,4.532013765651078,5.690146776948532,9.260870952920762,0.6647321171544185,True,walking_dual_task,P01,24,0.68
2026-04-01T14:05:18.860363,1685.537820363275,97291,82,-5.9409142514744016,4.971164824683566,5.6429649143681795,9.583840299291985,0.32296934637122376,True,walking_dual_task,P01,24,0.68
2026-04-01T14:05:18.860879,1600.607625558471,97324,82,-5.894704773189518,4.505498910042501,5.688249741822593,9.348970527111648,0.23486977218033722,True,walking_dual_task,P01,24,0.68
2026-04-01T14:05:18.979318,1665.8404037641658,97324,79,-5.86627720653491,4.775109203958854,5.557474743187783,9.386181422432326,0.037210895320678006,True,walking_dual_task,P01,24,0.68
2026-04-01T14:05:18.979953,1480.6938262523036,97375,81,-6.066764494680658,4.5270508398252005,5.3457458146967145,9.266974644166636,0.11920677826569026,True,walking_dual_task,P01,24,0.68
2026-04-01T14:05:18.980534,1685.110038550341,97375,81,-6.259703446724836,4.643663483395336,5.2440087118994665,9.393994100404555,0.12701945623791921,True,walking_dual_task,P01,24,0.68
2026-04-01T14:05:18.981702,1524.9806652176983,97371,81,-6.359899810329954,4.540507780892541,5.383831338450527,9.48947713979346,0.09548303938890434,True,walking_dual_task,P01,24,0.68
2026-04-01T14:05:18.982131,1687.1941658183553,97371,82,-6.082801418706329,4.5146198396333626,5.510293921814549,9.36726238025888,0.12221475953457883,True,walking_dual_task,P01,24,0.68
2026-04-01T14:05:18.982567,1700.9350680601394,97231,82,-5.930022941797151,5.140860026858089,5.288291171001899,9.463595374659914,0.09633299440103293,True,walking_dual_task,P01,24,0.68
2026-04-01T14:05:19.040096,1670.9724103415328,97231,82,-5.662688909765166,5.3581476910034525,5.509886148206252,9.546446340580255,0.08285096592034158,True,walking_dual_task,P01,24,0.68
2026-04-01T14:05:19.040148,1612.5464238886188,97164,81,-5.827415473004384,5.505949830140461,5.364972284168934,9.646615066277679,0.10016872569742397,True,walking_dual_task,P01,24,0.68
2026-04-01T14:05:19.040691,1596.318218952337,97164,80,-5.367902479157194,6.063635467813337,5.76622835047341,9.9414003793263,0.2947853130486209,True,walking_dual_task,P01,24,0.68
2026-04-01T14:05:19.100740,1498.5129255642187,97177,81,-5.34282629145484,5.67878114190994,5.696224569843246,9.65615463776647,0.2852457415598302,True,walking_dual_task,P01,24,0.68
2026-04-01T14:05:19.101404,1662.8146378804506,97177,80,-5.021634808998005,5.389280315261766,6.221044598000061,9.641709099620986,0.014445538145483994,True,walking_dual_task,P01,24,0.68
2026-04-01T14:05:19.102126,1608.9591083121234,97223,81,-5.023962304871037,5.487409159143684,6.372849761598776,9.796176325716512,0.15446722609552666,True,walking_dual_task,P01,24,0.68
2026-04-01T14:05:19.159260,1638.5285342795726,97223,80,-5.171265404873286,5.710709890688072,6.44741779344836,10.046063385551395,0.24988705983488302,True,walking_dual_task,P01,24,0.68
2026-04-01T14:05:19.160015,1607.8205621200038,97245,81,-5.067538977904666,5.671727902885335,6.129649982295781,9.768370263376067,0.2776931221753287,True,walking_dual_task,P01,24,0.68
2026-04-01T14:05:19.160663,1572.0692763227844,97245,80,-5.107320206321788,5.643012433060571,6.522897895448595,10.023796983380436,0.25542672000436895,True,walking_dual_task,P01,24,0.68
2026-04-01T14:05:19.219868,1628.897880441909,97273,81,-5.675355044352664,5.173848705752965,6.57888612522733,10.112374002092166,0.08857701871172985,True,walking_dual_task,P01,24,0.68
2026-04-01T14:05:19.220210,1504.074712084997,97273,81,-5.703033627216053,5.35527439764229,6.352122526809483,10.077351686966203,0.03502231512596232,True,walking_dual_task,P01,24,0.68
2026-04-01T14:05:19.220512,1649.5636481648119,97284,81,-5.5552746936257025,4.885977243343689,6.603537068586562,9.916680511154292,0.16067117581191148,True,walking_dual_task,P01,24,0.68
2026-04-01T14:05:19.279527,1654.3098952220382,97284,81,-5.033337199860351,5.2798533442111495,6.57997869867758,9.82382076276468,0.0928597483896123,True,walking_dual_task,P01,24,0.68
2026-04-01T14:05:19.339603,1624.8748566198142,97255,82,-4.937106459284997,5.209135712508291,6.357153679824141,9.587675316287287,0.23614544647739244,True,walking_dual_task,P01,24,0.68
2026-04-01T14:05:19.340095,1680.9553045300488,97255,82,-5.326676185981834,5.324618176805666,5.642497974979798,9.410782184108099,0.17689313217918823,True,walking_dual_task,P01,24,0.68
2026-04-01T14:05:19.340476,1656.517997671728,97250,81,-5.284128855838589,5.401555913036085,5.913333317240118,9.595120372749014,0.18433818864091478,True,walking_dual_task,P01,24,0.68
2026-04-01T14:05:19.341052,1634.059868928529,97250,82,-4.457854514560873,5.389999237259367,6.258463269962227,9.385782926965316,0.20933744578369762,True,walking_dual_task,P01,24,0.68
2026-04-01T14:05:19.341513,1533.1345110175068,97344,81,-4.77112844120135,5.2143951714625665,6.410670967512884,9.5420273453981,0.15624441843278447,True,walking_dual_task,P01,24,0.68
2026-04-01T14:05:19.399669,1559.4948323302756,97344,82,-4.762719829076309,5.2067812572423,6.335453621326365,9.483250698944097,0.058776646454003156,True,walking_dual_task,P01,24,0.68
2026-04-01T14:05:19.400236,1514.8323837959815,97373,81,-4.577434191666501,5.0397970171309,6.525431034518555,9.430467005359649,0.052783693584448343,True,walking_dual_task,P01,24,0.68
2026-04-01T14:05:19.400684,1502.3574226085047,97373,81,-4.90228055717345,5.165832170008808,6.39736438070324,9.573110658998427,0.1426436536387783,True,walking_dual_task,P01,24,0.68
2026-04-01T14:05:19.461379,1588.4383326164907,97368,80,-4.622449458748407,4.9890388137064186,6.430300992887038,9.359824685456273,0.2132859735421544,True,walking_dual_task,P01,24,0.68
2026-04-01T14:05:19.461907,1632.5050265567677,97368,80,-4.545822275925644,5.253959190733528,6.406768618468365,9.450675715142603,0.09085102968633052,True,walking_dual_task,P01,24,0.68
2026-04-01T14:05:19.462371,1609.5760592936847,97366,82,-4.790346760220598,5.016516334517672,6.155962197794159,9.274089108818682,0.1765866063239212,True,walking_dual_task,P01,24,0.68
2026-04-01T14:05:19.519686,1709.8166590457997,97366,81,-4.815281436115191,5.225768503984973,6.429521841680591,9.583023681431905,0.3089345726132233,True,walking_dual_task,P01,24,0.68
2026-04-01T14:05:19.521120,1681.9888006311635,97431,81,-4.846072023297293,5.021928513416676,6.339250360470119,9.428163934805795,0.15485974662611035,True,walking_dual_task,P01,24,0.68
2026-04-01T14:05:19.521158,1545.0266484083388,97431,80,-5.003240735869059,5.125369881340093,6.181171801004222,9.460904772543559,0.03274083773776404,True,walking_dual_task,P01,24,0.68
2026-04-01T14:05:19.579503,1655.9836169362022,97462,80,-4.624416234731539,5.190425763169854,6.313762605370712,9.39091813147168,0.06998664107187835,True,walking_dual_task,P01,24,0.68
2026-04-01T14:05:19.580116,1597.3029121267075,97462,82,-4.668744074528112,5.32279049086251,6.521881453775006,9.626224989067733,0.2353068575960524,True,walking_dual_task,P01,24,0.68
2026-04-01T14:05:19.580612,1574.6624152697277,97443,80,-4.5112273009784705,6.004971145671674,7.0884094479884485,10.32745848327529,0.7012334942075569,True,walking_dual_task,P01,24,0.68
2026-04-01T14:05:19.699690,1542.1975843516811,97443,82,-4.385187610258749,6.068705528910734,7.12498249091902,10.335590581563356,0.008132098288065492,True,walking_dual_task,P01,24,0.68
2026-04-01T14:05:19.759843,1423.7273076346403,97301,82,-4.849329358307604,6.136507254840173,7.5079738574355215,10.841696728740633,0.5061061471772774,True,walking_dual_task,P01,24,0.68
2026-04-01T14:05:19.760502,1627.6163966847794,97301,79,-4.4494285640422895,6.386599790902353,7.699278484413664,10.948285738700127,0.10658900995949416,True,walking_dual_task,P01,24,0.68
2026-04-01T14:05:19.760945,1636.9646108685056,97181,82,-4.748499483340416,5.712233518837017,7.6488160822518365,10.662187701270488,0.2860980374296389,True,walking_dual_task,P01,24,0.68
2026-04-01T14:05:19.761368,1651.0798034510274,97181,81,-4.934699620213499,4.96129423291274,7.633696643487227,10.35562770922442,0.30655999204606843,True,walking_dual_task,P01,24,0.68
2026-04-01T14:05:19.761977,1559.9245441265282,97171,80,-4.686969397384531,4.834760885972147,7.647444003475869,10.189504146073268,0.1661235631511513,True,walking_dual_task,P01,24,0.68
2026-04-01T14:05:19.762370,1685.3330856017722,97171,81,-4.872318942289297,4.018153529839585,7.371699287260878,9.707059289329388,0.4824448567438804,True,walking_dual_task,P01,24,0.68
2026-04-01T14:05:19.819601,1614.6425425368077,97199,81,-5.09669673426685,4.104420197318714,7.4962741729399704,9.950714006197293,0.24365471686790485,True,walking_dual_task,P01,24,0.68
2026-04-01T14:05:19.820183,1659.4295956636815,97199,80,-4.820100018429333,4.718871088982975,7.574127886759911,10.142412030039797,0.19169802384250367,True,walking_dual_task,P01,24,0.68
2026-04-01T14:05:19.820683,1695.9789216859795,97226,81,-4.575953355896054,4.210079071852267,7.605281881725555,9.823666698696968,0.31874533134282856,True,walking_dual_task,P01,24,0.68
2026-04-01T14:05:19.820959,1680.7409625276618,97226,80,-4.6935818624914125,4.226790789465237,7.5738436776005695,9.861976431250818,0.038309732553850395,True,walking_dual_task,P01,24,0.68
2026-04-01T14:05:19.821425,1614.7077728723898,97254,79,-5.1841910130680215,4.204834011250395,7.038636187505894,9.700456942959482,0.16151948829133644,True,walking_dual_task,P01,24,0.68
2026-04-01T14:05:19.879752,1707.9174211299905,97254,81,-4.896073243953599,4.046093925923195,7.0069365728383195,9.457249568628825,0.2432073743306571,True,walking_dual_task,P01,24,0.68
2026-04-01T14:05:19.881026,1654.239116806066,97297,80,-4.875095800029823,4.071331017182033,6.816132221445826,9.316756612210545,0.14049295641827975,True,walking_dual_task,P01,24,0.68
2026-04-01T14:05:19.881501,1546.648489683508,97297,81,-5.719544675018185,4.712480898462325,6.74782216617718,10.022662894373594,0.7059062821630491,True,walking_dual_task,P01,24,0.68
2026-04-01T14:05:19.939319,1702.0093897477907,97329,81,-4.997782178476701,4.400979230594672,6.416134904083649,9.2473364813348,0.775326413038794,True,walking_dual_task,P01,24,0.68
2026-04-01T14:05:19.939750,1631.9617487688738,97329,81,-4.834290909018854,4.581673685311847,6.795401141338875,9.515228795116336,0.26789231378153566,True,walking_dual_task,P01,24,0.68
2026-04-01T14:05:19.999679,1578.4344520960574,97330,82,-4.511063163187766,4.240212368976405,6.507521442636104,8.982033573899553,0.5331952212167828,True,walking_dual_task,P01,24,0.68
2026-04-01T14:05:20.000387,1649.0737975497361,97330,81,-4.5352631972508695,4.480413121585733,6.64824967853806,9.210968341960427,0.2289347680608742,True,walking_dual_task,P01,24,0.68
2026-04-01T14:05:20.008909,1666.4008317639561,97318,81,-5.044816814991112,4.563082705744081,5.487386403179081,8.739754574018223,0.4712137679422046,True,walking_dual_task,P01,24,0.68
2026-04-01T14:05:20.009005,1667.4238283575103,97318,82,-5.396046902743677,4.516486570639612,5.843996492295971,9.147036029301798,0.4072814552835755,True,walking_dual_task,P01,24,0.68
2026-04-01T14:05:20.059605,1521.1163574560956,97362,82,-5.354408654718015,5.922188396306449,5.108805259863558,9.478496643786688,0.3314606144848895,True,walking_dual_task,P01,24,0.68
2026-04-01T14:05:20.059963,1604.96653315212,97362,83,-4.571620444429442,7.1575376270048,5.708052552852427,10.232884359555708,0.7543877157690204,True,walking_dual_task,P01,24,0.68
2026-04-01T14:05:20.119889,1663.5901255851693,97387,81,-4.647569770909315,7.2048014389125985,6.066233070630806,10.502773548774721,0.26988918921901295,True,walking_dual_task,P01,24,0.68
2026-04-01T14:05:20.120007,1694.5889063808504,97387,81,-4.714493055866506,5.863102241102282,6.415562247112524,9.887459310156862,0.6153142386178594,True,walking_dual_task,P01,24,0.68
2026-04-01T14:05:20.120871,1530.6346492553228,97343,82,-4.835885754279368,6.322480808669206,6.583210911661067,10.32948307089207,0.4420237607352089,True,walking_dual_task,P01,24,0.68
2026-04-01T14:05:20.121227,1527.29266475205,97343,79,-5.690118506960301,5.834807044022067,6.153713205358701,10.212277320853941,0.11720575003812961,True,walking_dual_task,P01,24,0.68
2026-04-01T14:05:20.179862,1643.6405182622054,97339,81,-6.024095794324544,5.432928243398636,5.881562309786698,10.019940850175749,0.19233647067819248,True,walking_dual_task,P01,24,0.68
2026-04-01T14:05:20.181416,1668.416633659714,97339,81,-5.8359274818148466,5.390653023593279,5.815387135720968,9.845603949585117,0.17433690059063167,True,walking_dual_task,P01,24,0.68
2026-04-01T14:05:20.181801,1709.1813113180667,97393,80,-5.707989037787805,5.4310934363329535,5.738658115293345,9.747313052011144,0.09829089757397291,True,walking_dual_task,P01,24,0.68
2026-04-01T14:05:20.240030,1647.5806496600576,97393,81,-5.992211351313809,5.634034011814798,5.8368046620497935,10.085495763125689,0.3381827111145448,True,walking_dual_task,P01,24,0.68
2026-04-01T14:05:20.240583,1548.702632480798,97431,82,-5.22461486865536,5.92931012609907,5.784624819272613,9.793630756618322,0.2918650065073667,True,walking_dual_task,P01,24,0.68
2026-04-01T14:05:20.240838,1630.2480224425872,97431,81,-5.127899376778345,5.808140925208948,5.485168110527295,9.492993322772136,0.3006374338461857,True,walking_dual_task,P01,24,0.68
2026-04-01T14:05:20.299480,1599.6130944579202,97337,82,-4.860971562033697,6.177140267598623,5.920573947922709,9.840696229703964,0.34770290693182737,True,walking_dual_task,P01,24,0.68
2026-04-01T14:05:20.299668,1611.4110103818339,97337,81,-4.594763446180876,6.056417992670879,5.780938785024772,9.550460892779531,0.2902353369244324,True,walking_dual_task,P01,24,0.68
2026-04-01T14:05:20.419481,1721.4967753971457,97187,81,-5.1351176318432605,6.193818563889968,5.8179275095729395,9.928801639770084,0.37834074699055265,True,walking_dual_task,P01,24,0.68
2026-04-01T14:05:20.420399,1792.2325304585675,97187,81,-5.3154041864706825,5.547487184630815,5.5294038541068415,9.465856681304908,0.4629449584651759,True,walking_dual_task,P01,24,0.68
2026-04-01T14:05:20.420929,1502.2258546918983,97142,81,-5.052214751140323,5.785298151597613,5.648919185113099,9.534402789606565,0.06854610830165697,True,walking_dual_task,P01,24,0.68
2026-04-01T14:05:20.421590,1661.8081903326893,97142,81,-5.279844814241369,5.950333972163388,5.505497346935713,9.674385597022138,0.13998280741557245,True,walking_dual_task,P01,24,0.68
2026-04-01T14:05:20.421999,1615.169392609271,97167,81,-5.0396408649500986,5.80854208557052,5.454807933822962,9.428259160757984,0.24612643626415398,True,walking_dual_task,P01,24,0.68
2026-04-01T14:05:20.422557,1582.916296458008,97167,80,-4.781129480950976,5.632045982626187,5.578115326396487,9.257133015065394,0.17112614569258966,True,walking_dual_task,P01,24,0.68
2026-04-01T14:05:20.423176,1609.9800781500262,97187,81,-5.085540255029059,5.925742939971887,5.500458105701486,9.55155424256832,0.29442122750292654,True,walking_dual_task,P01,24,0.68
2026-04-01T14:05:20.479613,1597.7103684419405,97187,81,-5.025953404061492,5.736812877863765,5.373795047205809,9.330000151382341,0.22155409118597902,True,walking_dual_task,P01,24,0.68
2026-04-01T14:05:20.480104,1631.3974994113255,97204,82,-5.3486296611519,5.722992399781879,5.131297296455693,9.364330900001802,0.034330748619460394,True,walking_dual_task,P01,24,0.68
2026-04-01T14:05:20.480646,1667.163162939138,97204,81,-4.893584502169346,5.654091643447478,5.476386944724822,9.268588649882304,0.095742250119498,True,walking_dual_task,P01,24,0.68
2026-04-01T14:05:20.539965,1594.2218227997396,97220,82,-4.904441657210385,5.584185198875508,5.3215094157186975,9.14084978357612,0.12773886630618314,True,walking_dual_task,P01,24,0.68
2026-04-01T14:05:20.540558,1677.848949448123,97220,81,-5.196828288266282,5.524374748990828,5.292702238403236,9.248699238780056,0.10784945520393485,True,walking_dual_task,P01,24,0.68
2026-04-01T14:05:20.540833,1649.4680249693029,97209,80,-5.060265989654732,5.818756213149456,5.550760808864469,9.501324187256612,0.2526249484765568,True,walking_dual_task,P01,24,0.68
2026-04-01T14:05:20.599307,1592.338615267769,97209,81,-5.189832980549656,5.81947965962568,5.53622198238935,9.562973581114244,0.06164939385763191,True,walking_dual_task,P01,24,0.68
2026-04-01T14:05:20.599841,1605.0876905797431,97182,82,-4.029409321096827,6.059300576391796,6.956000733590254,10.066638423908554,0.5036648427943096,True,walking_dual_task,P01,24,0.68
2026-04-01T14:05:20.600103,1715.564757354176,97182,80,-4.357843541979373,5.956146251848973,6.458411847164355,9.807015962940959,0.259622460967595,True,walking_dual_task,P01,24,0.68
2026-04-01T14:05:20.720356,1639.379634655865,97170,81,-4.508260527920294,5.003975454651932,7.056205945588841,9.754702747133123,0.052313215807835434,True,walking_dual_task,P01,24,0.68
2026-04-01T14:05:20.722305,1558.675508796102,97170,81,-4.872226743838905,4.936580245823595,7.031507769898031,9.876766651337428,0.12206390420430502,True,walking_dual_task,P01,24,0.68
2026-04-01T14:05:20.722399,1559.8770365277505,97196,81,-5.624811889088339,4.462431961570462,7.030664395233019,10.048982517532428,0.17221586619499973,True,walking_dual_task,P01,24,0.68
2026-04-01T14:05:20.722430,1674.1188423601682,97196,81,-5.055742794565579,5.264934801718722,7.026024530814654,10.13139153220129,0.08240901466886186,True,walking_dual_task,P01,24,0.68
2026-04-01T14:05:20.722919,1474.354586123186,97223,81,-5.187310159412346,5.0675961593596766,6.922033150879205,10.025131443835047,0.10626008836624301,True,walking_dual_task,P01,24,0.68
2026-04-01T14:05:20.723427,1589.8691235158562,97223,82,-4.8304277112792064,5.764787603925628,6.580393751693454,9.993367296341853,0.03176414749319356,True,walking_dual_task,P01,24,0.68
2026-04-01T14:05:20.780083,1689.5411476694496,97225,81,-4.841199949670936,5.488273188105149,6.55206495786176,9.82282621000737,0.17054108633448273,True,walking_dual_task,P01,24,0.68
2026-04-01T14:05:20.780827,1618.5904693584164,97225,82,-4.159215111033783,4.994913008099726,7.705505197179022,10.080825196485083,0.2579989864777126,True,walking_dual_task,P01,24,0.68
2026-04-01T14:05:20.781211,1665.906272729369,97284,81,-4.820850375633152,3.959678366822871,7.770596171509499,9.965029652419778,0.11579554406530512,True,walking_dual_task,P01,24,0.68
2026-04-01T14:05:20.839538,1621.4808383489506,97284,80,-4.647778576221771,4.323469292418262,7.8285962776307,10.078747545910801,0.11371789349102279,True,walking_dual_task,P01,24,0.68
2026-04-01T14:05:20.899606,1647.1399958079278,97338,83,-4.673725578972342,4.578413871060424,8.084389525118166,10.400141266160723,0.3213937202499224,True,walking_dual_task,P01,24,0.68
2026-04-01T14:05:20.900239,1673.538849563702,97338,80,-5.00798115742556,4.2503960840704025,7.778691336674361,10.181050095931324,0.21909117022939917,True,walking_dual_task,P01,24,0.68
2026-04-01T14:05:20.901106,1690.807974843595,97375,80,-4.940520201862149,4.2335154159736135,7.375403582219786,9.835037907548434,0.3460121883828897,True,walking_dual_task,P01,24,0.68
2026-04-01T14:05:20.901631,1670.533926608984,97375,82,-5.156773030741923,4.4647387999571855,7.608013097233548,10.2180264205035,0.3829885129550661,True,walking_dual_task,P01,24,0.68
2026-04-01T14:05:20.902293,1657.8361828649647,97393,81,-5.267684150308255,4.597314624186365,7.453388741889361,10.21943255757822,0.0014061370747189272,True,walking_dual_task,P01,24,0.68
2026-04-01T14:05:20.959167,1701.7310338345305,97393,80,-5.015606149443479,4.637746098916441,7.3761979495325,10.05352127938452,0.16591127819369866,True,walking_dual_task,P01,24,0.68
2026-04-01T14:05:20.960532,1615.6316369352312,97265,81,-4.66574992898144,4.200244949036815,7.137007581178524,9.505164766878021,0.5483565125064995,True,walking_dual_task,P01,24,0.68
2026-04-01T14:05:20.960603,1643.1097955275734,97265,81,-4.511691154764367,4.049118911592191,7.252963725273059,9.452841045755472,0.05232372112254957,True,walking_dual_task,P01,24,0.68
2026-04-01T14:05:21.019410,1744.9890319067638,97152,82,-4.9344438742134855,4.302692172479466,6.371234095284214,9.135344557037305,0.3174964887181666,True,walking_dual_task,P01,24,0.68
2026-04-01T14:05:21.019944,1725.2348299552705,97152,82,-5.034881884846809,4.359913531048839,6.741858904328833,9.476895223566592,0.3415506665292867,True,walking_dual_task,P01,24,0.68
2026-04-01T14:05:21.020417,1639.4742961423708,97147,82,-4.860719702698009,4.963035426918289,6.431319375163373,9.466793838591522,0.010101384975069294,True,walking_dual_task,P01,24,0.68
2026-04-01T14:05:21.079258,1529.4118600044221,97147,82,-4.887418833444144,5.023520815332151,6.2329073618821225,9.379326117444913,0.08746772114660928,True,walking_dual_task,P01,24,0.68
2026-04-01T14:05:21.139601,1591.319292720482,97166,81,-4.862967497407424,5.14895308004623,5.978822241667308,9.268575192488555,0.11075092495635808,True,walking_dual_task,P01,24,0.68
2026-04-01T14:05:21.140262,1650.650330529525,97166,80,-4.919029683696416,5.408103594429205,6.461291374327287,9.75667585508101,0.4881006625924549,True,walking_dual_task,P01,24,0.68
2026-04-01T14:05:21.140751,1630.5208855237809,97195,82,-5.166195069782974,5.034935996762225,6.78480196422151,9.903216128321445,0.14654027324043462,True,walking_dual_task,P01,24,0.68
2026-04-01T14:05:21.141197,1629.0067251288397,97195,82,-5.053519986355474,4.991181384986061,6.833540029982274,9.856329195582692,0.04688693273875266,True,walking_dual_task,P01,24,0.68
2026-04-01T14:05:21.141613,1771.904192373312,97238,82,-5.385298451345212,4.6895015002286975,6.760913072403684,9.833758655941653,0.02257053964103939,True,walking_dual_task,P01,24,0.68
2026-04-01T14:05:21.201700,1625.7288806643273,97238,80,-5.375633652364479,4.530335519027661,6.6847780964984125,9.700908992399736,0.13284966354191674,True,walking_dual_task,P01,24,0.68
2026-04-01T14:05:21.202399,1673.9805305510267,97275,81,-5.288911579300069,4.481009794655124,6.716292827685067,9.651975125364931,0.048933867034804734,True,walking_dual_task,P01,24,0.68
2026-04-01T14:05:21.202441,1651.0947131259607,97275,82,-5.179880811679236,4.311500828637009,6.726113936584895,9.521597203540061,0.13037792182486996,True,walking_dual_task,P01,24,0.68
2026-04-01T14:05:21.259847,1482.1700031937212,97285,82,-4.724814894264728,4.275737200130688,6.864793265152637,9.36649299166621,0.15510421187385148,True,walking_dual_task,P01,24,0.68
2026-04-01T14:05:21.260505,1728.10241634789,97285,82,-4.59258017705256,4.312848193535506,6.726065432661349,9.215878060585464,0.15061493108074586,True,walking_dual_task,P01,24,0.68
2026-04-01T14:05:21.261218,1779.433997392498,97281,80,-4.349191236046037,3.4794702761733363,6.744311983185844,8.74688069754113,0.46899736304433404,True,walking_dual_task,P01,24,0.68
2026-04-01T14:05:21.319352,1728.0001405107591,97281,81,-5.121532982375812,2.435706832026357,6.727836787578217,8.799236086242596,0.052355388701466055,True,walking_dual_task,P01,24,0.68
2026-04-01T14:05:21.319914,1656.4901488759467,97291,82,-5.209930779937738,2.737064332011409,6.433320742056432,8.719089153087335,0.08014693315526067,True,walking_dual_task,P01,24,0.68
2026-04-01T14:05:21.320317,1698.262236582473,97291,82,-4.677508846036405,1.868211296929688,7.116682947211986,8.718742949867394,0.0003462032199408327,True,walking_dual_task,P01,24,0.68
2026-04-01T14:05:21.439788,1650.6599044932561,97334,81,-4.825776652270983,2.205672391545288,7.002078996418029,8.785341272170784,0.06659832230339013,True,walking_dual_task,P01,24,0.68
2026-04-01T14:05:21.440414,1599.7895165351806,97334,81,-4.845335801694867,2.2852596094902538,7.0454345354534365,8.850866528612528,0.06552525644174345,True,walking_dual_task,P01,24,0.68
2026-04-01T14:05:21.440830,1594.5693641711987,97331,83,-5.001865060821632,2.0484321953393976,7.3264764978705585,9.104503633884761,0.25363710527223304,True,walking_dual_task,P01,24,0.68
2026-04-01T14:05:21.441193,1668.9654352119821,97331,82,-4.987786348525552,2.312167621956706,6.930860596468683,8.846522501991673,0.2579811318930876,True,walking_dual_task,P01,24,0.68
2026-04-01T14:05:21.441707,1623.882572681736,97328,82,-4.665979647789579,2.0534501767455264,6.849213349126854,8.538134878521204,0.30838762347046966,True,walking_dual_task,P01,24,0.68
2026-04-01T14:05:21.442167,1617.4592804252488,97328,81,-4.466691218870294,2.138135141601092,7.2693241783709945,8.795795946856183,0.25766106833497915,True,walking_dual_task,P01,24,0.68
2026-04-01T14:05:21.499516,1682.6608746848822,97360,81,-4.523021627335056,2.225090740092951,7.26375668014963,8.841431702581117,0.04563575572493406,True,walking_dual_task,P01,24,0.68
2026-04-01T14:05:21.500063,1637.8020275816987,97360,80,-4.772252012916488,1.9091441183708546,7.191816808796631,8.839765242968008,0.0016664596131086284,True,walking_dual_task,P01,24,0.68
2026-04-01T14:05:21.501354,1606.9330960565874,97376,82,-4.757774226311569,2.173704576876251,7.274966815891335,8.960276187060726,0.12051094409271812,True,walking_dual_task,P01,24,0.68
2026-04-01T14:05:21.559635,1592.472713321438,97376,81,-4.724661865754633,2.0867614470270053,7.161247379586844,8.829522473732865,0.13075371332786112,True,walking_dual_task,P01,24,0.68
2026-04-01T14:05:21.619584,1697.5121184802715,97347,80,-4.796018282088587,2.0826337277255376,7.096185984138333,8.814477303134273,0.015045170598591895,True,walking_dual_task,P01,24,0.68
2026-04-01T14:05:21.620713,1611.6920321846853,97347,81,-4.6541044796362225,1.8563542169983374,7.221170747864031,8.789314333674989,0.025162969459284312,True,walking_dual_task,P01,24,0.68
2026-04-01T14:05:21.621509,1644.053036204137,97274,83,-2.6246353036587795,7.648788929531265,7.359742363635413,10.934280507871646,2.1449661741966572,True,walking_dual_task,P01,24,0.68
2026-04-01T14:05:21.621897,1678.77084185797,97274,81,-2.714460697230015,7.5556191631116585,7.500918480455347,10.987240593762527,0.05296008589088075,True,walking_dual_task,P01,24,0.68
2026-04-01T14:05:21.622189,1703.9126337155742,97131,81,-2.23234414137364,7.6679683304325215,7.245787608203014,10.783438076292258,0.2038025174702689,True,walking_dual_task,P01,24,0.68
2026-04-01T14:05:21.679778,1638.521667791409,97131,81,-2.6118470743304423,7.514098873978007,6.966649663725944,10.574385777183412,0.20905229910884593,True,walking_dual_task,P01,24,0.68
2026-04-01T14:05:21.682004,1634.9267736161585,97063,81,-2.4326781255984327,7.445873738296927,7.10488935053019,10.575368138873571,0.0009823616901591947,True,walking_dual_task,P01,24,0.68
2026-04-01T14:05:21.682573,1497.8485367264655,97063,81,-3.6724694242543894,7.2788230865865176,7.252290491144072,10.911645822965799,0.33627768409222725,True,walking_dual_task,P01,24,0.68
2026-04-01T14:05:21.739639,1695.1597050930168,97036,81,-3.6873299188586177,6.970878088139937,7.0727652661318965,10.593089811760363,0.31855601120543575,True,walking_dual_task,P01,24,0.68
2026-04-01T14:05:21.739980,1558.7231492049036,97036,80,-3.562427194541836,7.969892493774635,7.061059500069859,11.2280289963227,0.6349391845623362,True,walking_dual_task,P01,24,0.68
2026-04-01T14:05:21.740378,1663.713791594709,97055,79,-3.44933132835832,7.819154341037249,7.00640366857542,11.051097392964326,0.17693160335837277,True,walking_dual_task,P01,24,0.68
2026-04-01T14:05:21.799424,1622.5533288115719,97055,81,-3.4731562481969087,10.115920523569743,6.180689809727752,12.352958709865472,1.301861316901146,True,walking_dual_task,P01,24,0.68
2026-04-01T14:05:21.799905,1491.1881946708522,97064,82,-3.248716576070496,9.912833347979912,5.548514608668003,11.81543222819462,0.5375264816708523,True,walking_dual_task,P01,24,0.68
2026-04-01T14:05:21.800396,1557.842669746014,97064,80,-3.3778277400332333,9.73642567165643,5.38869484743907,11.629520078655215,0.18591214953940494,True,walking_dual_task,P01,24,0.68
2026-04-01T14:05:21.860255,1632.1785357759322,97073,81,-2.696597370810087,8.375429050833125,4.83073433826805,10.037701101981538,1.591818976673677,True,walking_dual_task,P01,24,0.68
2026-04-01T14:05:21.861411,1525.622394038139,97073,80,-2.4586196017228588,8.791304531572365,4.91063470269266,10.365624867614596,0.3279237656330576,True,walking_dual_task,P01,24,0.68
2026-04-01T14:05:21.861777,1609.654167660336,97047,81,-2.665269959481834,8.391316285511156,4.872341317220199,10.062681693857364,0.3029431737572317,True,walking_dual_task,P01,24,0.68
2026-04-01T14:05:21.919461,1703.4303551138287,97047,80,-2.324674778527704,7.5814141823585794,4.603136764705253,9.169014227547681,0.8936674663096831,True,walking_dual_task,P01,24,0.68
2026-04-01T14:05:21.920210,1596.5686467374276,97047,81,-2.345677807319439,7.329623087058931,4.778930668224106,9.05890486238768,0.11010936516000136,True,walking_dual_task,P01,24,0.68
2026-04-01T14:05:21.920248,1568.755755870662,97047,81,-2.488335943001869,7.223918523870149,4.678100535647572,8.958874886188298,0.10002997619938192,True,walking_dual_task,P01,24,0.68
2026-04-01T14:05:21.979988,1638.3670649880873,97066,82,-2.3528594036036075,7.194450879651502,4.789969966320632,8.95767174611226,0.0012031400760381672,True,walking_dual_task,P01,24,0.68
2026-04-01T14:05:21.980805,1654.6040363899235,97066,80,-2.6705078507826037,7.22791034390838,5.08106060330742,9.22992291274158,0.2722511666293208,True,walking_dual_task,P01,24,0.68
2026-04-01T14:05:21.980943,1675.5971734888303,97088,82,-2.4977577410298357,6.363968036891647,4.997609728889088,8.468470104436802,0.761452808304778,True,walking_dual_task,P01,24,0.68
2026-04-01T14:05:22.039399,1581.4002144850656,97088,79,-2.782326126259549,6.377424699797746,4.988646917533644,8.56151169725737,0.09304159282056723,True,walking_dual_task,P01,24,0.68
2026-04-01T14:05:22.099927,1592.316586802733,97124,81,-3.0373805127407287,6.254568040984063,4.335481857538782,8.194004191817593,0.36750750543977695,True,walking_dual_task,P01,24,0.68
2026-04-01T14:05:22.100550,1521.6487913978583,97124,81,-2.6452505990495894,7.592870183996564,4.574735206311524,9.250796212795002,1.0567920209774098,True,walking_dual_task,P01,24,0.68
2026-04-01T14:05:22.101372,1549.9706312991486,97154,81,-2.7491823352829172,7.647641161627319,4.51139679698514,9.295005105404508,0.04420889260950567,True,walking_dual_task,P01,24,0.68
2026-04-01T14:05:22.160331,1516.374994347188,97154,81,-2.256761313106262,8.128544825567703,4.866479515508026,9.73903668133845,0.44403157593394127,True,walking_dual_task,P01,24,0.68
2026-04-01T14:05:22.160862,1550.4879459890415,97166,81,-2.274116747232141,8.104278834609039,4.848394095768748,9.713797800912833,0.025238880425616728,True,walking_dual_task,P01,24,0.68
2026-04-01T14:05:22.161133,1595.7066872922535,97166,81,-1.706900924574782,9.262307117420342,5.829521024826086,11.076423578150989,1.362625777238156,True,walking_dual_task,P01,24,0.68
2026-04-01T14:05:22.161365,1496.5546403725643,97157,80,-2.046510764968457,9.273733640542043,5.774108390113351,11.11443519247066,0.038011614319671594,True,walking_dual_task,P01,24,0.68
2026-04-01T14:05:22.219502,1661.1397824350724,97157,81,-2.3351247812701486,8.435440554472782,7.325224466844751,11.413517362400032,0.2990821699293722,True,walking_dual_task,P01,24,0.68
2026-04-01T14:05:22.219967,1510.6002947466263,97151,81,-2.2396511216374204,5.39356130150244,6.715963808414223,8.900039917643412,2.513477444756621,True,walking_dual_task,P01,24,0.68
2026-04-01T14:05:22.220449,1625.3078512950929,97151,82,-1.7877451852915454,5.423998222531878,6.743371389558466,8.836789420546229,0.063250497097183,True,walking_dual_task,P01,24,0.68
2026-04-01T14:05:22.279209,1505.7547509246626,97148,83,-2.3970646370663022,5.636989868598297,6.054911183079741,8.612985724354694,0.22380369619153484,True,walking_dual_task,P01,24,0.68
2026-04-01T14:05:22.279793,1553.924514171323,97148,81,-2.3034133912315182,5.092816163786334,6.507534307980849,8.578490105990438,0.03449561836425552,True,walking_dual_task,P01,24,0.68
2026-04-01T14:05:22.280403,1482.1763331785398,97130,80,-2.788597804795385,7.483966847678793,6.872768871668421,10.53664982133502,1.958159715344582,True,walking_dual_task,P01,24,0.68
2026-04-01T14:05:22.281112,1452.853376285621,97130,81,-2.369191844612937,7.599983798490529,7.249254322181361,10.766824599739893,0.23017477840487288,True,walking_dual_task,P01,24,0.68
2026-04-01T14:05:22.339171,1540.5665239802752,97007,80,-2.3182370561365273,7.4499815600003165,7.280272741202509,10.671401945343714,0.09542265439617914,True,walking_dual_task,P01,24,0.68
2026-04-01T14:05:22.339749,1492.5605885738926,97007,82,-3.30866085237556,7.568274139534017,7.032653694761236,10.84823617357314,0.17683422822942596,True,walking_dual_task,P01,24,0.68
2026-04-01T14:05:22.340153,1527.7265112933574,96937,81,-3.5136374762189213,7.812323502296155,6.961197091016194,11.037948711549227,0.1897125379760869,True,walking_dual_task,P01,24,0.68
2026-04-01T14:05:22.461552,1609.760810757156,96937,81,-3.4131692904182866,7.502937019635285,6.81269340985971,10.693763604195391,0.34418510735383556,True,walking_dual_task,P01,24,0.68
2026-04-01T14:05:22.462116,1676.5805588136686,96933,81,-3.1540073090380805,7.871032278959191,6.721803940088269,10.820515673981038,0.12675206978564724,True,walking_dual_task,P01,24,0.68
2026-04-01T14:05:22.462491,1603.370808514873,96933,81,-3.3636934169804733,7.769845780096438,6.855249679453256,10.89400683943076,0.07349116544972212,True,walking_dual_task,P01,24,0.68
2026-04-01T14:05:22.462815,1557.6214199721674,96970,81,-2.956996214627407,7.601117157288431,6.703035534790726,10.557058967004616,0.3369478724261441,True,walking_dual_task,P01,24,0.68
2026-04-01T14:05:22.463109,1491.1815610596914,96970,81,-3.228268948553131,7.6807337094815455,6.933048568726384,10.838936902504665,0.2818779355000487,True,walking_dual_task,P01,24,0.68
2026-04-01T14:05:22.464956,1703.9947099937403,97019,80,-3.170357380581752,7.585822368096642,6.961538894199733,10.773063199312448,0.06587370319221719,True,walking_dual_task,P01,24,0.68
2026-04-01T14:05:22.519478,1674.319228756296,97019,81,-3.4399152646849567,7.648247031139891,6.707624935380601,10.73875839896272,0.03430480034972838,True,walking_dual_task,P01,24,0.68
2026-04-01T14:05:22.519981,1564.7102971963238,97034,81,-3.5194986186601587,7.643608622591868,6.911763975472702,10.88963289347964,0.1508744945169198,True,walking_dual_task,P01,24,0.68
2026-04-01T14:05:22.520325,1576.5703050436125,97034,81,-3.3081003095174877,7.7664406085381925,6.7736888612063915,10.823307635478738,0.0663252580009015,True,walking_dual_task,P01,24,0.68
2026-04-01T14:05:22.579760,1568.6327590396002,97009,81,-3.351425411920829,7.448989118941722,7.171143153361779,10.8694427323478,0.0461350968690617,True,walking_dual_task,P01,24,0.68
2026-04-01T14:05:22.580688,1539.9108576326014,97009,79,-3.3862548895260822,7.637519698234716,7.065228408961183,10.941475302195531,0.07203256984773176,True,walking_dual_task,P01,24,0.68
2026-04-01T14:05:22.581076,1606.3925125531348,96974,82,-3.3644930093314835,8.965692454168282,4.6272091420112575,10.635530961662566,0.3059443405329656,True,walking_dual_task,P01,24,0.68
2026-04-01T14:05:22.639778,1621.9757924301073,96974,82,-3.2885746739369957,8.787339266017232,4.94414136734096,10.605498037452094,0.03003292421047199,True,walking_dual_task,P01,24,0.68
2026-04-01T14:05:22.699750,1605.7932894611972,96973,81,-3.0207241280061288,9.937275270208563,5.168525471462433,11.601201213778383,0.9957031763262894,True,walking_dual_task,P01,24,0.68
2026-04-01T14:05:22.700302,1530.4233611212296,96973,81,-2.7749026430145927,9.548783764458014,5.394584265865065,11.312864158121286,0.288337055657097,True,walking_dual_task,P01,24,0.68
2026-04-01T14:05:22.701153,1486.6636827296343,96972,81,-2.530006485269255,9.177637324510094,5.518523236734989,11.003820172564131,0.30904398555715495,True,walking_dual_task,P01,24,0.68
2026-04-01T14:05:22.701581,1560.808479097661,96972,81,-2.764594027783673,8.689747211755659,5.256145459248669,10.525291056852195,0.478529115711936,True,walking_dual_task,P01,24,0.68
2026-04-01T14:05:22.702888,1540.947406209726,96975,82,-2.936812979216158,8.27136678827991,5.695663638081531,10.46331511994724,0.06197593690495573,True,walking_dual_task,P01,24,0.68
2026-04-01T14:05:22.759703,1506.8322920919552,96975,82,-2.222668659515149,8.24392136538678,6.0666089793430675,10.474074658742769,0.010759538795529267,True,walking_dual_task,P01,24,0.68
2026-04-01T14:05:22.760350,1556.9982452704935,96975,81,-2.2383636515104435,8.326614325022584,6.246351795728972,10.647050704776465,0.1729760460336962,True,walking_dual_task,P01,24,0.68
2026-04-01T14:05:22.760943,1596.5866849202323,96975,81,-2.013869958746747,8.776876266114355,6.567862684946908,11.145674024021252,0.4986233192447873,True,walking_dual_task,P01,24,0.68
2026-04-01T14:05:22.819500,1589.8403372419923,96990,82,-1.739917419473643,8.748873136361228,6.315441711935671,10.929542433221435,0.21613159079981692,True,walking_dual_task,P01,24,0.68
2026-04-01T14:05:22.820060,1389.230664841672,96990,81,-1.6361866659666018,10.580806801954282,7.066119573419425,12.82811853749528,1.898576104273845,True,walking_dual_task,P01,24,0.68
2026-04-01T14:05:22.820488,1652.9879001100553,96999,83,-0.4353972521576287,10.520475309018101,7.659379783512236,13.0206017588636,0.1924832213683203,True,walking_dual_task,P01,24,0.68
2026-04-01T14:05:22.879338,1547.8846878028592,96999,82,-0.416298303169403,10.59756709020973,8.074895407378884,13.329878782225538,0.30927702336193796,True,walking_dual_task,P01,24,0.68
2026-04-01T14:05:22.879911,1555.5986856670295,97007,81,-0.1907163526074536,10.786679588751307,7.949944591553525,13.401136081926305,0.07125729970076655,True,walking_dual_task,P01,24,0.68
2026-04-01T14:05:22.939567,1566.55682869542,97007,80,0.759319867528974,10.901103410448869,8.776222016930891,14.015444877597952,0.6143087956716471,True,walking_dual_task,P01,24,0.68
2026-04-01T14:05:22.999885,1486.4827591655073,96990,82,1.32525783360958,10.080557871865803,7.962334827940618,12.914051697504362,1.1013931800935897,True,walking_dual_task,P01,24,0.68
2026-04-01T14:05:23.000616,1727.7607546693475,96990,81,1.0752430905301593,10.025772871983191,7.7140619160051305,12.695629981544345,0.2184217159600177,True,walking_dual_task,P01,24,0.68
2026-04-01T14:05:23.001267,1565.4851528985002,96929,81,0.7103010336499752,8.844349787121386,7.651173752987562,11.716121820541305,0.9795081610030394,True,walking_dual_task,P01,24,0.68
2026-04-01T14:05:23.001295,1588.2290976092759,96929,82,0.7753741358285334,8.967262897030778,7.477803109743832,11.701732703453416,0.014389117087889147,True,walking_dual_task,P01,24,0.68
2026-04-01T14:05:23.002042,1498.4010447399369,96766,81,1.3288953178730787,9.098963764587884,8.180674196740476,12.307742874644552,0.6060101711911354,True,walking_dual_task,P01,24,0.68
2026-04-01T14:05:23.059522,1520.1255589467019,96766,81,1.7281463470701572,9.00591159252008,8.265556922636005,12.345540273739157,0.037797399094605666,True,walking_dual_task,P01,24,0.68
2026-04-01T14:05:23.060021,1555.8922410491555,96605,82,1.663097547318734,7.695124078114167,7.618975676439905,10.955802954948254,1.3897373187909032,True,walking_dual_task,P01,24,0.68
2026-04-01T14:05:23.060228,1653.2648886218549,96605,81,0.57924289489575,6.231099237939773,7.06407476711899,9.437333964620944,1.5184689903273103,True,walking_dual_task,P01,24,0.68
2026-04-01T14:05:23.179210,1563.7212548011269,96504,81,0.7231839276186369,6.2908881562044305,7.080221068002829,9.49883146280795,0.06149749818700556,True,walking_dual_task,P01,24,0.68
2026-04-01T14:05:23.179757,1535.4662178169606,96504,79,-0.35984936919684507,5.508274689011067,5.806328649223111,8.011493868243326,1.4873375945646234,True,walking_dual_task,P01,24,0.68
2026-04-01T14:05:23.180260,1475.9637746483716,96500,80,-0.6021752394190736,5.591003420317508,5.988684364863567,8.215003024158472,0.20350915591514607,True,walking_dual_task,P01,24,0.68
2026-04-01T14:05:23.180518,1451.4726946901576,96500,82,-0.4179653995084952,4.6046111580408144,5.17514621220708,6.939688559990395,1.2753144641680771,True,walking_dual_task,P01,24,0.68
2026-04-01T14:05:23.181507,1674.1104069452454,96519,81,0.18084271466835028,4.108459864120757,4.865332158907656,6.37052616029797,0.5691623996924244,True,walking_dual_task,P01,24,0.68
2026-04-01T14:05:23.182127,1671.005983224478,96519,80,0.19156806773926804,4.020901320253908,5.083099620947072,6.48399934517804,0.11347318488006941,True,walking_dual_task,P01,24,0.68
2026-04-01T14:05:23.239412,1548.4807708499436,96534,82,0.20792922139542713,4.386383847590503,4.6518237096496735,6.397113540118842,0.08688580505919763,True,walking_dual_task,P01,24,0.68
2026-04-01T14:05:23.239912,1588.5603538796138,96534,81,0.0278185541322691,4.054006641092428,5.156771808004237,6.5595761446760275,0.1624626045571853,True,walking_dual_task,P01,24,0.68
2026-04-01T14:05:23.240480,1610.7739829313432,96511,81,0.16813422805660816,4.439257630431146,5.475066992148582,7.050647913241751,0.49107176856572377,True,walking_dual_task,P01,24,0.68
2026-04-01T14:05:23.241181,1607.0394669962059,96511,81,0.5990616422354884,4.546562927595166,5.53144509150656,7.185192697912327,0.13454478467057562,True,walking_dual_task,P01,24,0.68
2026-04-01T14:05:23.299716,1641.7621101877378,96454,82,-0.3163121021715363,4.683466506358753,5.694701909038058,7.380009599923712,0.19481690201138502,True,walking_dual_task,P01,24,0.68
2026-04-01T14:05:23.300343,1696.3486126644775,96454,80,-0.6994137645687069,5.129535265671038,6.6921688965022685,8.460876798248714,1.0808671983250022,True,walking_dual_task,P01,24,0.68
2026-04-01T14:05:23.300387,1716.722726876491,96409,81,-0.9203143124460962,5.3857992277573965,6.4468166185884765,8.450754775114106,0.010122023134607971,True,walking_dual_task,P01,24,0.68
2026-04-01T14:05:23.359394,1664.484813866091,96409,81,-0.6516324256992414,5.554401110061351,7.189972536396395,9.10888036938722,0.6581255942731143,True,walking_dual_task,P01,24,0.68
2026-04-01T14:05:23.359504,1330.6821287496732,96358,81,-0.6459301036203577,5.683042957294215,7.03122900100627,9.063795243594486,0.045085125792734715,True,walking_dual_task,P01,24,0.68
2026-04-01T14:05:23.360832,1585.92687855262,96358,82,-0.584995304342439,5.848415946228443,7.162203456534659,9.265168478716339,0.2013732351218529,True,walking_dual_task,P01,24,0.68
2026-04-01T14:05:23.419453,1512.151849240763,96295,80,-0.40672691521726867,5.441345603197596,7.349147938003078,9.153340601750536,0.11182787696580299,True,walking_dual_task,P01,24,0.68
2026-04-01T14:05:23.419951,1627.9440273653745,96295,81,-0.7916285922172591,5.368957681441871,7.0638962536939305,8.907918538922587,0.24542206282794865,True,walking_dual_task,P01,24,0.68
2026-04-01T14:05:23.420407,1520.498682700587,96268,81,-0.3828314946767512,5.531220862006431,7.231455257814279,9.112349275756575,0.20443073683398794,True,walking_dual_task,P01,24,0.68
2026-04-01T14:05:23.479782,1676.4564004692834,96268,81,-0.5384075601077536,5.516532692392034,7.310771559180113,9.174388068832062,0.06203879307548732,True,walking_dual_task,P01,24,0.68
2026-04-01T14:05:23.480365,1635.1890348937552,96246,81,-0.27083556012809085,5.526827826353522,7.17327457521174,9.059527904596612,0.11486016423545031,True,walking_dual_task,P01,24,0.68
2026-04-01T14:05:23.480457,1667.0781921996493,96246,81,-0.592204714418816,5.364506184360635,7.326591161214585,9.099866541296693,0.04033863670008131,True,walking_dual_task,P01,24,0.68
2026-04-01T14:05:23.539816,1435.0191905140696,96236,82,-0.709205602001487,5.561293456880945,7.405236589176652,9.288083033712487,0.18821649241579408,True,walking_dual_task,P01,24,0.68
2026-04-01T14:05:23.540581,1529.8757615687698,96236,82,-0.4759531694563571,5.54699363248705,7.424210996889853,9.27979410896102,0.008288924751466809,True,walking_dual_task,P01,24,0.68
2026-04-01T14:05:23.540681,1572.4885065607016,96244,82,-0.6036953888864,5.382007029903107,7.363479273272458,9.140638642917805,0.13915546604321527,True,walking_dual_task,P01,24,0.68
2026-04-01T14:05:23.599593,1612.7178885294454,96244,80,-0.5476043622568098,5.396787172556847,7.079165434648044,8.91850691397122,0.22213172894658584,True,walking_dual_task,P01,24,0.68
2026-04-01T14:05:23.599825,1451.9111427929824,96229,81,-1.9935796757861282,8.17889326419949,6.658011011238118,10.733022201441834,1.8145152874706145,True,walking_dual_task,P01,24,0.68
2026-04-01T14:05:23.600397,1593.4290834868975,96229,81,-1.759711114883511,8.2677776260451,6.582965328719567,10.713923772395454,0.01909842904638026,True,walking_dual_task,P01,24,0.68
2026-04-01T14:05:23.659705,1743.7717978003734,96100,81,-2.9705806656767146,8.107019671157419,5.830001667937023,10.418111003822819,0.2958127685726346,True,walking_dual_task,P01,24,0.68
2026-04-01T14:05:23.660469,1522.102901001087,96100,80,-2.984585653148938,7.914084615212852,5.746982198030806,10.225863836479254,0.19224716734356484,True,walking_dual_task,P01,24,0.68
2026-04-01T14:05:23.660678,1563.684525058503,95977,81,-3.275728475404063,7.872484372265583,5.404713634309569,10.095411665951548,0.13045217052770575,True,walking_dual_task,P01,24,0.68
2026-04-01T14:05:23.720106,1543.5894068211826,95977,81,-3.3277171740533884,8.658444111495115,6.4098903479764875,11.27515189677977,1.1797402308282212,True,walking_dual_task,P01,24,0.68
2026-04-01T14:05:23.720745,1489.5223424308633,95958,80,-3.279589005298117,8.736674493647604,6.536351505766853,11.39337861472906,0.11822671794929107,True,walking_dual_task,P01,24,0.68
2026-04-01T14:05:23.721128,1468.8586949679852,95958,81,-2.9304592045098032,10.430143383224607,7.849075644972109,13.37847041422952,1.9850917995004593,True,walking_dual_task,P01,24,0.68
2026-04-01T14:05:23.779707,1590.1217223561619,95933,82,-3.051688883198372,10.372213224045367,7.356998254431011,13.077501119120544,0.30096929510897574,True,walking_dual_task,P01,24,0.68
2026-04-01T14:05:23.780149,1633.4390651729482,95933,82,-2.630867500552739,8.493566365511562,7.554332909508677,11.667479552949718,1.4100215661708262,True,walking_dual_task,P01,24,0.68
2026-04-01T14:05:23.780172,1507.6712651705477,95887,80,-2.8148951437139673,8.858057051749318,7.461480406313449,11.918997409847433,0.2515178568977152,True,walking_dual_task,P01,24,0.68
2026-04-01T14:05:23.839460,1612.1600007987386,95887,83,-2.351004232935175,6.152936359910716,6.586808247498599,9.315143028515772,2.6038543813316615,True,walking_dual_task,P01,24,0.68
2026-04-01T14:05:23.839937,1523.3635916261906,95884,80,-2.2446370217065317,6.327384718668297,6.584857035346849,9.40396378731913,0.08882075880335805,True,walking_dual_task,P01,24,0.68
2026-04-01T14:05:23.899309,1634.7672738866875,95884,80,-1.8081869497974086,5.677429415722756,5.974804430314333,8.438070442727737,0.9658933445913931,True,walking_dual_task,P01,24,0.68
2026-04-01T14:05:23.899878,1634.8887718012602,95953,81,-1.9880580418660003,5.555086623189074,5.943456446757937,8.374726067369055,0.06334437535868176,True,walking_dual_task,P01,24,0.68
2026-04-01T14:05:23.900274,1472.5751450248995,95953,81,-1.3552600754213417,6.406719204701047,4.9948461033044635,8.235974042917574,0.13875202445148105,True,walking_dual_task,P01,24,0.68
2026-04-01T14:05:23.900834,1676.3785351270428,95946,83,-1.090941100233573,6.256514553617614,5.316497170218617,8.282467567382948,0.046493524465374136,True,walking_dual_task,P01,24,0.68
2026-04-01T14:05:23.959579,1514.2929097413332,95946,81,-1.676989395752765,7.036732223225642,4.52906895464244,8.534656373326069,0.25218880594312054,True,walking_dual_task,P01,24,0.68
2026-04-01T14:05:23.960209,1654.0297294743496,95895,82,-2.3070763932994245,8.37050624731914,4.715721876612687,9.88058748954189,1.3459311162158212,True,walking_dual_task,P01,24,0.68
2026-04-01T14:05:24.019188,1624.0362834403593,95895,81,-2.6450697154123124,8.29983181322977,4.807435525085795,9.949625030881782,0.06903754133989182,True,walking_dual_task,P01,24,0.68
2026-04-01T14:05:24.019523,1432.4675174265778,95876,83,-3.3099144061301695,8.972318418118824,4.499579978991366,10.56902318851474,0.6193981576329577,True,walking_dual_task,P01,24,0.68
2026-04-01T14:05:24.019937,1587.9997928513317,95876,82,-3.212700754949546,9.10931821540753,4.423826903609281,10.624093794931692,0.05507060641695283,True,walking_dual_task,P01,24,0.68
2026-04-01T14:05:24.020690,1691.2087769056493,95895,82,-3.3627389836253396,9.207811835992752,4.975831394165484,10.993212012064745,0.36911821713305315,True,walking_dual_task,P01,24,0.68
2026-04-01T14:05:24.079111,1585.7240435567041,95895,81,-3.2753171891595168,9.07101429014247,5.396753132753219,11.05151334964829,0.058301337583545276,True,walking_dual_task,P01,24,0.68
2026-04-01T14:05:24.079413,1625.8816247428092,95916,80,-3.0591172171886303,9.06171527155959,5.244908137815002,10.907884450498834,0.14362889914945676,True,walking_dual_task,P01,24,0.68
2026-04-01T14:05:24.199836,1681.8154561849876,95916,81,-3.0291922554834794,8.49468000283311,5.281756288900573,10.4514373923664,0.4564470581324347,True,walking_dual_task,P01,24,0.68
2026-04-01T14:05:24.200185,1633.7729815232503,95950,81,-2.9999137921069114,8.62780945006796,5.266364688905618,10.543869104996858,0.09243171263045902,True,walking_dual_task,P01,24,0.68
2026-04-01T14:05:24.201405,1600.8057557215855,95950,81,-2.9531980456269213,8.226732633642209,4.8442649865766,9.993368390202592,0.550500714794266,True,walking_dual_task,P01,24,0.68
2026-04-01T14:05:24.201455,1670.986680757167,95986,81,-2.8589335592146345,8.251830442567567,5.1270364541442826,10.126831170263129,0.1334627800605368,True,walking_dual_task,P01,24,0.68
2026-04-01T14:05:24.201704,1641.964791896314,95986,81,-2.6458639774789448,8.933655614960813,5.408776147598108,10.773377290750927,0.6465461204877982,True,walking_dual_task,P01,24,0.68
2026-04-01T14:05:24.202474,1714.6489391312,96011,81,-1.8380216634798738,11.358661960483646,5.999473359218145,12.976563711396317,2.2031864206453893,True,walking_dual_task,P01,24,0.68
2026-04-01T14:05:24.259637,1645.8937970686125,96011,82,-1.53014964349248,11.08180985746732,6.072241360277308,12.728707035123499,0.24785667627281782,True,walking_dual_task,P01,24,0.68
2026-04-01T14:05:24.260568,1727.673534319559,96035,81,-0.4879468037893496,10.468502937190504,6.8358370883735615,12.512246581972319,0.21646045315118023,True,walking_dual_task,P01,24,0.68
2026-04-01T14:05:24.260594,1569.4858826396417,96035,80,-0.576428586015712,10.570940344052024,6.73540573569972,12.547618901480053,0.03537231950773467,True,walking_dual_task,P01,24,0.68
2026-04-01T14:05:24.261010,1606.0438805877695,96018,81,-0.1452609476180894,8.473097561602765,6.8386590324335845,10.889524341918111,1.6580945595619418,True,walking_dual_task,P01,24,0.68
2026-04-01T14:05:24.319767,1607.256068783257,96018,80,-0.7073476089468477,7.99307143869607,6.157300093953271,10.114438991411172,0.7750853505069397,True,walking_dual_task,P01,24,0.68
2026-04-01T14:05:24.320330,1666.307501623059,96018,81,-0.9382691980622672,7.74251570137896,6.05403178436561,9.873104847019563,0.24133414439160816,True,walking_dual_task,P01,24,0.68
2026-04-01T14:05:24.320773,1669.1467968060701,96018,82,-1.071079021368221,7.5406513911948,6.311415660252582,9.891541907611002,0.018437060591438126,True,walking_dual_task,P01,24,0.68
2026-04-01T14:05:24.379471,1721.8599009073853,95931,81,-1.3292165761033112,7.840492857585257,6.48274435104094,10.25992783975533,0.3683859321443279,True,walking_dual_task,P01,24,0.68
2026-04-01T14:05:24.380304,1614.4467684986257,95931,81,-1.3309718143341547,7.509632861193506,6.12189704958972,9.77975946361896,0.4801683761363691,True,walking_dual_task,P01,24,0.68
2026-04-01T14:05:24.380906,1741.849507880877,95792,83,-1.229508708341778,7.586418929223631,6.204266324346498,9.877163786076997,0.09740432245803632,True,walking_dual_task,P01,24,0.68
2026-04-01T14:05:24.439178,1547.8251120643968,95792,82,-1.4961803087333165,7.612645007280122,6.201205138759981,9.932062459332979,0.05489867325598219,True,walking_dual_task,P01,24,0.68
2026-04-01T14:05:24.439875,1561.543994696814,95667,80,-1.4455788626827062,7.64894040175686,6.3281594764307805,10.032028203559044,0.09996574422606486,True,walking_dual_task,P01,24,0.68
2026-04-01T14:05:24.440492,1658.353192344347,95667,80,-1.306197310564934,7.540876743323538,6.189543413202466,9.842836031146861,0.18919217241218256,True,walking_dual_task,P01,24,0.68
2026-04-01T14:05:24.499687,1663.7296642124709,95631,81,-1.3936264350809595,7.663392696051356,6.477228727933297,10.130363974133118,0.28752794298625695,True,walking_dual_task,P01,24,0.68
2026-04-01T14:05:24.500295,1609.4749419834598,95631,81,-1.4266932445682685,7.7800580239509936,5.988483665557869,9.921022784108217,0.20934119002490092,True,walking_dual_task,P01,24,0.68
2026-04-01T14:05:24.500791,1621.5436362028802,95653,81,-1.2691643104149055,7.908602834041575,6.120839404509998,10.080746591857354,0.15972380774913653,True,walking_dual_task,P01,24,0.68
2026-04-01T14:05:24.559654,1668.9000451101995,95653,81,-1.1937205418651093,7.495223707293274,6.085832454310655,9.728345379168172,0.35240121268918223,True,walking_dual_task,P01,24,0.68
2026-04-01T14:05:24.560319,1603.4353584802009,95679,81,-1.3550900452866366,7.668133743386106,6.390655690020123,10.073580509713421,0.3452351305452499,True,walking_dual_task,P01,24,0.68
2026-04-01T14:05:24.560363,1679.261508375171,95679,80,-1.2387733714397058,7.67470429715883,6.397960557886682,10.068244376001704,0.005336133711717039,True,walking_dual_task,P01,24,0.68
2026-04-01T14:05:24.619532,1670.1931028047502,95699,81,0.8637750834323771,5.693341994978118,5.80508668724539,8.17675252853929,1.8914918474624152,True,walking_dual_task,P01,24,0.68
2026-04-01T14:05:24.619855,1668.543622418114,95699,81,0.6427071500747678,5.669331724474328,5.961959961191353,8.252233713470378,0.07548118493108902,True,walking_dual_task,P01,24,0.68
2026-04-01T14:05:24.620390,1560.4660501558665,95685,80,0.4786754693965664,5.556983365894196,6.414031676038197,8.499940980680288,0.24770726720990943,True,walking_dual_task,P01,24,0.68
2026-04-01T14:05:24.679671,1631.0188598791335,95685,80,0.4909189816229731,5.230204740788146,6.308420443656485,8.20927594681916,0.29066503386112785,True,walking_dual_task,P01,24,0.68
2026-04-01T14:05:24.680433,1577.4945880489058,95653,80,0.003060353744526595,5.319849301766669,6.124876462728549,8.112639375872599,0.0966365709465613,True,walking_dual_task,P01,24,0.68
2026-04-01T14:05:24.681063,1624.787400689296,95653,81,-0.2546216680329987,5.363573629993089,6.591986645696361,8.502178674623835,0.3895392987512363,True,walking_dual_task,P01,24,0.68
2026-04-01T14:05:24.739710,1570.15211997552,95630,82,-0.5950586658945201,6.099845300755735,6.192747468151573,8.712768142978769,0.21058946835493408,True,walking_dual_task,P01,24,0.68
2026-04-01T14:05:24.740531,1646.7060587474143,95630,80,-0.9197066942827741,6.043753046072755,5.996088047166233,8.563053378018383,0.14971476496038605,True,walking_dual_task,P01,24,0.68
2026-04-01T14:05:24.740571,1617.711011991603,95627,81,-0.4843228140563027,6.833301782139782,6.106344213692488,9.176928761307122,0.6138753832887396,True,walking_dual_task,P01,24,0.68
2026-04-01T14:05:24.799299,1680.081125397149,95627,81,-0.7467651614657905,6.538486159720033,6.316634657138638,9.121914977623636,0.05501378368348675,True,walking_dual_task,P01,24,0.68
2026-04-01T14:05:24.799875,1530.2216146752935,95630,80,-0.6765622377373331,7.092711590136577,6.799088388944954,9.848446429923655,0.7265314523000193,True,walking_dual_task,P01,24,0.68
2026-04-01T14:05:24.800381,1628.299054103585,95630,80,-0.5517949850337783,7.249753565784581,6.765740827540495,9.931699422332667,0.08325299240901174,True,walking_dual_task,P01,24,0.68
2026-04-01T14:05:24.919874,1642.1033944180301,95635,81,-0.4030599359513348,7.2072317188889015,6.745184576088356,9.879481834956103,0.05221758737656401,True,walking_dual_task,P01,24,0.68
2026-04-01T14:05:24.920500,1736.1433178692503,95635,81,-0.16746152483162985,7.117186371389933,6.965507711466426,9.95995396002892,0.0804721250728182,True,walking_dual_task,P01,24,0.68
2026-04-01T14:05:24.921027,1568.2020784485132,95649,82,-0.42839394531477754,7.159378589366108,7.117434427645713,10.10436024645265,0.1444062864237292,True,walking_dual_task,P01,24,0.68
2026-04-01T14:05:24.921498,1703.573710046899,95649,81,0.6009676385577237,8.220475361002926,7.247644684966988,10.975688167171118,0.8713279207184677,True,walking_dual_task,P01,24,0.68
2026-04-01T14:05:24.922312,1648.8062653003315,95642,81,0.5344083054612957,7.974778298027366,7.2197204980957554,10.770656674978472,0.20503149219264571,True,walking_dual_task,P01,24,0.68
2026-04-01T14:05:24.922342,1624.7074102852928,95642,81,0.032242810350632214,8.972818596178094,6.708613762208441,11.203482126965314,0.43282545198684197,True,walking_dual_task,P01,24,0.68
2026-04-01T14:05:24.979827,1593.0104750249532,95633,82,-1.8094725774834646,9.322897234814942,5.935572388679798,11.199179587846725,0.004302539118588911,True,walking_dual_task,P01,24,0.68
2026-04-01T14:05:24.980939,1679.9267696944169,95633,80,-1.9977353267790374,9.259096036097645,5.7867584790357505,11.09992700589658,0.09925258195014486,True,walking_dual_task,P01,24,0.68
2026-04-01T14:05:25.040050,1709.1441197910538,95630,81,-2.6782580260525473,9.646249344005177,5.183230848950128,11.273379018481702,0.17345201258512155,True,walking_dual_task,P01,24,0.68
2026-04-01T14:05:25.040593,1567.0508214173542,95630,80,-2.7748329671675416,9.605181084798032,4.847633147494338,11.111199251211707,0.16217976726999517,True,walking_dual_task,P01,24,0.68
2026-04-01T14:05:25.040902,1624.2961242345252,95613,81,-3.229653690763275,9.299113869256558,4.842986399076791,10.970811226946863,0.1403880242648441,True,walking_dual_task,P01,24,0.68
2026-04-01T14:05:25.041287,1622.4159246853828,95613,81,-3.50713289340512,8.885727744950138,5.100197659747434,10.829042194851493,0.14176903209536995,True,walking_dual_task,P01,24,0.68
2026-04-01T14:05:25.099249,1695.5288415479772,95551,82,-3.069935498161328,8.450113180483557,5.098713386682109,10.335656482555152,0.493385712296341,True,walking_dual_task,P01,24,0.68
2026-04-01T14:05:25.099901,1549.5919791097208,95551,82,-3.483089961756879,8.989903055011023,5.4210089585167935,11.060633379174423,0.7249768966192711,True,walking_dual_task,P01,24,0.68
2026-04-01T14:05:25.100289,1558.7733545436781,95501,81,-3.447799897439451,9.305749796407014,5.449606777495398,11.321771832864167,0.2611384536897443,True,walking_dual_task,P01,24,0.68
2026-04-01T14:05:25.159671,1629.4496635884593,95501,82,-3.7324780442080376,9.47988481475225,5.1373674420427164,11.41017759222116,0.08840575935699313,True,walking_dual_task,P01,24,0.68
2026-04-01T14:05:25.160556,1641.8274580039626,95501,81,-3.6904263386893366,8.885471939603145,4.948806547570192,10.81949834308599,0.5906792491351709,True,walking_dual_task,P01,24,0.68
2026-04-01T14:05:25.160755,1632.6140596989555,95501,80,-3.7647305742445822,9.018506369907925,5.030666472628237,10.991553966548478,0.17205562346248904,True,walking_dual_task,P01,24,0.68
2026-04-01T14:05:25.219328,1589.2352773620134,95535,80,-3.7833605981980547,7.594206565786331,4.306860355979511,9.514979606165099,1.4765743603833794,True,walking_dual_task,P01,24,0.68
2026-04-01T14:05:25.220055,1581.181208231525,95535,82,-3.6933550347815767,7.512927386884842,4.550725318335135,9.528591199987915,0.013611593822815848,True,walking_dual_task,P01,24,0.68
2026-04-01T14:05:25.220890,1696.8616216562204,95601,81,-3.423026607004508,7.057120885966997,4.635786493552276,9.111014365328051,0.4175768346598634,True,walking_dual_task,P01,24,0.68
2026-04-01T14:05:25.279553,1526.8710343301582,95601,82,-3.7486387389262883,7.015545302266553,4.526831381473976,9.152178464137965,0.04116409880991334,True,walking_dual_task,P01,24,0.68
2026-04-01T14:05:25.280516,1724.8442332762138,95651,80,-3.1431925696393885,7.085600751980779,4.881867717729708,9.160678466124565,0.008500001986600836,True,walking_dual_task,P01,24,0.68
2026-04-01T14:05:25.280613,1581.616804508072,95651,82,-2.7865864718781577,7.798259600101958,5.276945191266746,9.819575729504303,0.6588972633797372,True,walking_dual_task,P01,24,0.68
2026-04-01T14:05:25.339579,1638.913012135941,95617,81,-3.299128268783798,7.90528577576966,5.190461131398673,10.015921190136975,0.19634546063267244,True,walking_dual_task,P01,24,0.68
2026-04-01T14:05:25.340079,1581.6328017097383,95617,80,-3.028366802489479,8.543298942006114,5.546038290679918,10.626264772938372,0.6103435828013968,True,walking_dual_task,P01,24,0.68
2026-04-01T14:05:25.340291,1589.5912658261218,95549,81,-3.5109062982466313,8.307105486114759,5.532379946406592,10.58025011348539,0.04601465945298244,True,walking_dual_task,P01,24,0.68
2026-04-01T14:05:25.399642,1590.6081571515308,95549,81,-3.4365920905194525,8.22499922691924,5.619538095091861,10.537551227948152,0.042698885537237885,True,walking_dual_task,P01,24,0.68
2026-04-01T14:05:25.400138,1560.1932733475437,95438,80,-3.566804822199247,8.210254713654436,5.551908307854887,10.533473546820954,0.004077681127197863,True,walking_dual_task,P01,24,0.68
2026-04-01T14:05:25.400302,1533.7957791237477,95438,81,-3.3143774717075596,8.546703307634065,5.362537462202249,10.620171537560408,0.08669799073945406,True,walking_dual_task,P01,24,0.68
2026-04-01T14:05:25.459324,1650.1156407698872,95405,81,-3.260857188637009,8.42770071793426,5.4581219267786425,10.557008286599812,0.06316325096059572,True,walking_dual_task,P01,24,0.68
2026-04-01T14:05:25.460558,1685.9360882749775,95405,81,-3.2732000994702424,8.43461137076904,5.655395587298156,10.669583268146411,0.11257498154659906,True,walking_dual_task,P01,24,0.68
2026-04-01T14:05:25.460999,1626.7348215295867,95476,80,-3.4212548894328645,8.4339193916419,5.61606456814203,10.694679170350174,0.025095902203762677,True,walking_dual_task,P01,24,0.68
2026-04-01T14:05:25.523552,1678.051265975735,95476,82,-3.4112762775177776,8.217727428977826,5.583645478873389,10.504520301864016,0.19015886848615793,True,walking_dual_task,P01,24,0.68
2026-04-01T14:05:25.524077,1652.9710422763585,95538,82,-3.038892274995702,8.275591220970758,5.609262239645491,10.449119541317804,0.05540076054621146,True,walking_dual_task,P01,24,0.68
2026-04-01T14:05:25.524796,1534.2623503025616,95538,81,-3.179912160054698,8.747198750824062,5.586199091892168,10.85499643603528,0.40587689471747623,True,walking_dual_task,P01,24,0.68
2026-04-01T14:05:25.640429,1618.6567433609691,95608,81,-3.2304043935758298,8.339755709462061,5.693427054892545,10.601987996075145,0.25300843996013533,True,walking_dual_task,P01,24,0.68
2026-04-01T14:05:25.641035,1567.0877460275663,95608,81,-3.326176873715915,8.517652884491392,5.846350590568332,10.853279618795685,0.2512916227205402,True,walking_dual_task,P01,24,0.68
2026-04-01T14:05:25.641473,1557.6560223846675,95791,82,-2.343985459301168,9.734942871912137,6.675368643253435,12.03428132777938,1.181001708983695,True,walking_dual_task,P01,24,0.68
2026-04-01T14:05:25.641884,1570.271105414508,95791,81,-1.1617928951482919,10.336969516185281,7.5233950939162835,12.83760784760636,0.8033265198269799,True,walking_dual_task,P01,24,0.68
2026-04-01T14:05:25.642236,1621.2802415991234,95867,81,-0.7138276996309979,9.52016323960498,6.876594291561038,11.765653706624903,1.0719541409814575,True,walking_dual_task,P01,24,0.68
2026-04-01T14:05:25.642888,1564.80767928076,95867,81,-0.7623630409061838,9.33288729787349,7.0368383118261315,11.713286308621168,0.05236739800373513,True,walking_dual_task,P01,24,0.68
2026-04-01T14:05:25.699368,1532.8946921266383,95908,81,-1.146236621447252,9.474163848451592,6.625362013961259,11.617618552685173,0.0956677559359953,True,walking_dual_task,P01,24,0.68
2026-04-01T14:05:25.700214,1560.4939555021567,95908,82,-0.6845894329136913,9.703198381646963,6.441681353087361,11.666875339180013,0.049256786494840554,True,walking_dual_task,P01,24,0.68
2026-04-01T14:05:25.700390,1674.7162534810489,95924,81,-0.11426851307335899,9.928247735396715,6.533587424993001,11.885744613969992,0.21886927478997897,True,walking_dual_task,P01,24,0.68
2026-04-01T14:05:25.760246,1649.831070368859,95924,81,0.027235612662061287,10.131515441819802,6.646503919782814,12.11711026945445,0.2313656554844581,True,walking_dual_task,P01,24,0.68
2026-04-01T14:05:25.761078,1585.7846616863005,95744,80,-0.1162096731566479,8.375941550677872,6.614119909769047,10.673166527760658,1.4439437416937917,True,walking_dual_task,P01,24,0.68
2026-04-01T14:05:25.761644,1621.5455718308049,95744,81,-0.12728544549339532,8.305435703816109,6.864196028382189,10.775604434597422,0.10243790683676401,True,walking_dual_task,P01,24,0.68
2026-04-01T14:05:25.819524,1661.6873088696902,95613,81,-0.2303479410423663,7.117883998531651,6.909079409661303,9.922333953234046,0.853270481363376,True,walking_dual_task,P01,24,0.68
2026-04-01T14:05:25.819852,1746.8963265642724,95613,80,-0.34501168807960236,6.942511807859833,6.37469673708963,9.431556698501362,0.4907772547326843,True,walking_dual_task,P01,24,0.68
2026-04-01T14:05:25.940020,1610.4950169720682,95615,82,-0.6955186511983756,5.675681430709419,6.071558437785612,8.340319403986289,1.0912372945150732,True,walking_dual_task,P01,24,0.68
2026-04-01T14:05:25.940526,1609.8291190558525,95615,81,-1.3600915227446442,4.38688760380551,4.811439529431668,6.6516601043680765,1.6886592996182124,True,walking_dual_task,P01,24,0.68
2026-04-01T14:05:25.940870,1513.136828999081,95687,81,-1.3052445364234462,4.330154649675519,4.454034403346066,6.34762357549344,0.3040365288746365,True,walking_dual_task,P01,24,0.68
2026-04-01T14:05:25.999588,1701.9507941453194,95687,82,-0.7075286932661445,3.9445058253805696,3.891343490738015,5.585899857781669,0.7617237177117708,True,walking_dual_task,P01,24,0.68
2026-04-01T14:05:26.059564,1585.3961861598839,95771,81,-0.756727963590893,4.101967387066229,4.041614630390748,5.80804807797111,0.2221482201894407,True,walking_dual_task,P01,24,0.68
2026-04-01T14:05:26.060161,1638.156758457541,95771,80,-0.4975454596190074,4.563646108587596,3.9160817265761407,6.034079331433898,0.2260312534627884,True,walking_dual_task,P01,24,0.68
2026-04-01T14:05:26.060724,1706.8450099764439,95875,82,1.011375036330658,6.157807457248903,4.863364026981069,7.911623209152251,1.8775438777183524,True,walking_dual_task,P01,24,0.68
2026-04-01T14:05:26.061439,1642.142167582002,95875,80,0.6825237483942848,6.346494707027283,4.598783611944634,7.867187835747792,0.04443537340445847,True,walking_dual_task,P01,24,0.68
2026-04-01T14:05:26.061828,1731.9862675079532,95914,80,1.6151958094611842,8.06616289469459,5.456489180057448,9.871429254101596,2.0042414183538035,True,walking_dual_task,P01,24,0.68
2026-04-01T14:05:26.062292,1610.5017766922745,95914,81,1.7054026435087553,8.143584241942554,5.467239640421065,9.955755710537156,0.08432645643556036,True,walking_dual_task,P01,24,0.68
2026-04-01T14:05:26.062881,1622.4239224362661,95861,81,1.0546556622726189,8.164982489339737,5.740292492736895,10.036443370007115,0.08068765946995882,True,walking_dual_task,P01,24,0.68
2026-04-01T14:05:26.063572,1518.6527069673903,95861,81,0.9074047242066845,8.393884210187847,5.9622340278061845,10.335807180374614,0.29936381036749893,True,walking_dual_task,P01,24,0.68
2026-04-01T14:05:26.064472,1638.3568350618993,95836,82,0.7086799349654577,7.313189307428692,6.206709466917228,9.618118709146396,0.7176884712282181,True,walking_dual_task,P01,24,0.68
2026-04-01T14:05:26.119577,1612.1628647401233,95836,80,0.38994021047662686,7.222985426590599,6.166967976288056,9.50552817370235,0.11259053544404551,True,walking_dual_task,P01,24,0.68
2026-04-01T14:05:26.120104,1651.979919276396,95836,80,0.5025589575480442,6.969891945874377,6.454827525825229,9.512978378569317,0.007450204866966459,True,walking_dual_task,P01,24,0.68
2026-04-01T14:05:26.120555,1554.5655393977138,95836,81,0.6328837362261517,7.113044017847097,6.228185359733731,9.47555960873085,0.03741876983846737,True,walking_dual_task,P01,24,0.68
2026-04-01T14:05:26.179569,1721.130999494745,95834,83,0.47532884307146805,7.1255559923166105,5.984470854396674,9.317369645764735,0.1581899629661141,True,walking_dual_task,P01,24,0.68
2026-04-01T14:05:26.240630,1554.1193701424384,95834,81,0.25715334500603504,7.3286904909640835,6.632911111974228,9.88793921778175,0.5705695720170141,True,walking_dual_task,P01,24,0.68
2026-04-01T14:05:26.241201,1597.277855154772,95855,80,0.21249295204442292,7.773045021710195,6.6571786696863535,10.236376800622825,0.3484375828410755,True,walking_dual_task,P01,24,0.68
2026-04-01T14:05:26.241378,1690.340769177538,95855,81,0.1987194027239931,7.7029556234779335,6.465566716390226,10.058755773075633,0.17762102754719145,True,walking_dual_task,P01,24,0.68
2026-04-01T14:05:26.241967,1599.7068258071902,95884,81,1.2804211399657934,7.840926434119636,6.48788724566959,10.257304058741239,0.19854828566560556,True,walking_dual_task,P01,24,0.68
2026-04-01T14:05:26.242676,1617.9160262462274,95884,82,0.9599055274441494,7.863265218606276,6.5318909366093125,10.267324760010268,0.01002070126902943,True,walking_dual_task,P01,24,0.68
2026-04-01T14:05:26.299422,1637.0805017784164,95899,81,0.9108686287331711,8.777840548185521,6.5523332233925045,10.991507495268943,0.7241827352586743,True,walking_dual_task,P01,24,0.68
2026-04-01T14:05:26.300049,1557.510468939119,95899,81,0.13648418806011103,9.80831476220879,6.236854781803748,11.624113900743641,0.6326064054746983,True,walking_dual_task,P01,24,0.68
2026-04-01T14:05:26.300402,1553.4851182570774,95907,82,0.17008889382412018,10.049803554029392,6.402822280379581,11.917366104156962,0.2932522034133207,True,walking_dual_task,P01,24,0.68
2026-04-01T14:05:26.359967,1595.7645496340756,95907,82,-1.92857271213831,9.40136017166952,5.777437322086551,11.201952856270065,0.7154132478868966,True,walking_dual_task,P01,24,0.68
2026-04-01T14:05:26.360643,1559.0928525049567,95867,81,-1.4819494613138982,9.469991198041397,5.846374318134928,11.227510862369172,0.02555800609910719,True,walking_dual_task,P01,24,0.68
2026-04-01T14:05:26.361138,1673.2614668709741,95867,80,-1.795687021617542,9.446620077244676,5.392573833369737,11.024653069904371,0.20285779246480118,True,walking_dual_task,P01,24,0.68
2026-04-01T14:05:26.419560,1756.8969643875066,95856,81,-1.9184388545565267,9.546778723977685,5.6421156331733595,11.254104160765724,0.22945109086135318,True,walking_dual_task,P01,24,0.68
2026-04-01T14:05:26.420006,1640.5629741925882,95856,81,-1.7985913422757156,9.627682351146191,5.689056790280556,11.326630806825053,0.07252664605932857,True,walking_dual_task,P01,24,0.68
2026-04-01T14:05:26.420389,1683.7371662430037,95786,80,-1.9565664426199838,9.27008340471809,5.70381210397507,11.058755404306078,0.2678754025189747,True,walking_dual_task,P01,24,0.68
2026-04-01T14:05:26.480133,1699.0100561971237,95786,80,-1.3980248625263403,9.50920814773124,5.728152311422995,11.188889221722619,0.1301338174165405,True,walking_dual_task,P01,24,0.68
2026-04-01T14:05:26.480802,1589.065295755641,95689,82,-1.806839006072335,9.742198379795003,5.598858332253154,11.380786927527701,0.1918977058050828,True,walking_dual_task,P01,24,0.68
2026-04-01T14:05:26.480841,1650.9804905555147,95689,82,-2.084663342260264,9.426576366112899,5.6467055876951715,11.18442878428889,0.19635814323881107,True,walking_dual_task,P01,24,0.68
2026-04-01T14:05:26.540053,1717.1936572684585,95682,83,-1.8153068452227734,9.136202450887545,5.762161843048855,10.95299243455433,0.23143634973455995,True,walking_dual_task,P01,24,0.68
2026-04-01T14:05:26.540114,1674.4988563570926,95682,81,-1.7012702951268412,9.498876815691727,5.8583147682366885,11.289058122824368,0.3360656882700379,True,walking_dual_task,P01,24,0.68
2026-04-01T14:05:26.540514,1674.656613539857,95741,82,-2.020187939015536,9.470572443344313,5.8285712504565526,11.302439760300658,0.013381637476289399,True,walking_dual_task,P01,24,0.68
2026-04-01T14:05:26.659697,1748.111768549627,95741,81,-1.6737372429022996,9.465302190462468,5.607158808949799,11.128053370820753,0.17438638947990448,True,walking_dual_task,P01,24,0.68
2026-04-01T14:05:26.660262,1696.8347462864813,95775,81,-2.7998071109468747,8.009352752054692,4.565322942639328,9.634875449944527,1.4931779208762261,True,walking_dual_task,P01,24,0.68
2026-04-01T14:05:26.660700,1701.6324292846102,95775,81,-2.707256617475669,7.201268741439312,4.340972978026894,8.833547207959915,0.8013282419846117,True,walking_dual_task,P01,24,0.68
2026-04-01T14:05:26.662598,1583.4443452521537,95817,82,-2.3989292375375353,7.8613377423402975,4.624907065418502,9.431079362915701,0.5975321549557862,True,walking_dual_task,P01,24,0.68
2026-04-01T14:05:26.663132,1720.6332837007628,95817,80,-2.334849573444834,7.765993638943635,4.649887405220018,9.347921298981516,0.08315806393418512,True,walking_dual_task,P01,24,0.68
2026-04-01T14:05:26.663545,1629.693202153482,95824,80,-2.409659575551727,8.428874824662442,4.813237302618086,10.00098212233132,0.6530608233498043,True,walking_dual_task,P01,24,0.68
2026-04-01T14:05:26.720053,1579.38292166342,95824,81,-2.6082192809536604,8.33328317542096,4.632059218407801,9.884451876666159,0.11653024566516201,True,walking_dual_task,P01,24,0.68
2026-04-01T14:05:26.721291,1594.5405643890222,95832,81,-2.5857964594096647,8.615172670289022,4.623531439741992,10.113584253007096,0.22913237634093697,True,walking_dual_task,P01,24,0.68
2026-04-01T14:05:26.721332,1519.5588710323705,95832,83,-2.667493146664141,8.586863993074692,4.385647078670275,10.004181786718588,0.10940246628850758,True,walking_dual_task,P01,24,0.68
2026-04-01T14:05:26.780035,1693.6319516749725,95862,81,-2.7988771187564665,8.683966507747096,4.396362348382431,10.127832410335712,0.12365062361712376,True,walking_dual_task,P01,24,0.68
2026-04-01T14:05:26.780549,1597.6453312531037,95862,81,-2.721293648548435,8.983657099095396,4.256608174205642,10.306805865275209,0.1789734549394968,True,walking_dual_task,P01,24,0.68
2026-04-01T14:05:26.780579,1725.7099235207045,95914,80,-2.9111138865582107,9.452497322294418,4.782052947282438,10.986005647145273,0.6791997818700644,True,walking_dual_task,P01,24,0.68
2026-04-01T14:05:26.839821,1754.9209737906683,95914,81,-2.8482496060103992,9.235709858430024,4.79589685180655,10.789415601431243,0.19659004571403038,True,walking_dual_task,P01,24,0.68
2026-04-01T14:05:26.840764,1547.710912082679,95955,81,-2.5647363167791877,9.501215520265191,4.982562230727948,11.030725049615318,0.24130944818407585,True,walking_dual_task,P01,24,0.68
2026-04-01T14:05:26.841174,1545.3279351316237,95955,82,-2.521038027663156,9.292262165527616,5.542687261218618,11.109597245872367,0.07887219625704844,True,walking_dual_task,P01,24,0.68
2026-04-01T14:05:26.899696,1688.0624794560895,95978,81,-2.221842033974854,9.309954770576143,5.473741834288554,11.02604596047702,0.0835512853953464,True,walking_dual_task,P01,24,0.68
2026-04-01T14:05:26.900308,1656.4778791906454,95978,81,-2.02206596677945,10.040579672128686,6.285045985971038,12.016812970673303,0.9907670101962829,True,walking_dual_task,P01,24,0.68
2026-04-01T14:05:26.900869,1662.0063539423077,96026,80,-2.0653730114561126,10.279156262570936,6.273711647795341,12.218276350880492,0.2014633802071888,True,walking_dual_task,P01,24,0.68
2026-04-01T14:05:26.960357,1569.62163427729,96026,81,-0.9216421339910061,11.521051187409107,7.457027160546674,13.754682793840761,1.5364064429602688,True,walking_dual_task,P01,24,0.68
2026-04-01T14:05:26.960686,1632.5689655900364,96046,79,-0.6343156378004045,11.67488663079508,7.386916937686308,13.830107592298502,0.07542479845774075,True,walking_dual_task,P01,24,0.68
2026-04-01T14:05:26.960929,1687.2355177885597,96046,80,0.09636247215558172,11.46518572346252,7.938783538278585,13.945753958362085,0.11564636606358292,True,walking_dual_task,P01,24,0.68
2026-04-01T14:05:27.019715,1543.2751193449722,96033,83,-0.27459760109101805,11.42998106169896,8.049816865128665,13.98282598316348,0.03707202480139493,True,walking_dual_task,P01,24,0.68
2026-04-01T14:05:27.020209,1594.990120506569,96033,81,-0.7092170948149656,11.314478041006103,8.04488448799412,13.901099548350679,0.08172643481280062,True,walking_dual_task,P01,24,0.68
2026-04-01T14:05:27.020556,1571.6305457626177,96041,82,0.028938072837250695,10.994438826346366,7.825856598269606,13.49527895284169,0.4058205955089882,True,walking_dual_task,P01,24,0.68
2026-04-01T14:05:27.079630,1668.4772126000391,96041,80,-0.020142001806126686,11.106023454402122,8.06865727422007,13.727614245701663,0.2323352928599718,True,walking_dual_task,P01,24,0.68
2026-04-01T14:05:27.080300,1551.4629945946933,96002,81,-0.09015992722318687,9.496693032397511,8.055151515389888,12.453143109269737,1.2744711364319254,True,walking_dual_task,P01,24,0.68
2026-04-01T14:05:27.080856,1699.7604995951006,96002,79,-0.025777683791446432,7.635921681344179,7.448636998355339,10.667246952511778,1.7858961567579588,True,walking_dual_task,P01,24,0.68
2026-04-01T14:05:27.139583,1690.7006722012034,95819,82,0.14066332643021487,7.7907824903404395,7.318057670255957,10.689716836679523,0.022469884167744425,True,walking_dual_task,P01,24,0.68
2026-04-01T14:05:27.139901,1522.8618786260295,95819,81,0.20278874396713603,6.346564487275433,6.71820147507803,9.244145992224812,1.4455708444547106,True,walking_dual_task,P01,24,0.68
2026-04-01T14:05:27.140636,1604.9754885837126,95720,81,0.34694295221756316,6.535159583156619,6.768130024584818,9.414683437009645,0.17053744478483246,True,walking_dual_task,P01,24,0.68
2026-04-01T14:05:27.199997,1612.696755775612,95720,82,0.09585311825572522,5.655381896155248,5.735049902485433,8.055018907217914,1.359664529791731,True,walking_dual_task,P01,24,0.68
2026-04-01T14:05:27.200053,1622.0312462017164,95711,82,-0.17838407387943545,5.790118980573189,5.565064283031812,8.032884859207439,0.022134048010475027,True,walking_dual_task,P01,24,0.68
2026-04-01T14:05:27.200588,1623.5068119151772,95711,79,0.6012014474845142,5.845638934729365,5.049951255458512,7.74822208110921,0.2846627780982285,True,walking_dual_task,P01,24,0.68
2026-04-01T14:05:27.259251,1612.6384954846012,95743,82,0.8824999517311852,5.6684720237118285,4.811133127487543,7.487147869437152,0.26107421167205835,True,walking_dual_task,P01,24,0.68
2026-04-01T14:05:27.260564,1621.2119590352293,95743,81,0.7628741933353153,5.450459389442166,4.486100664968694,7.10032279315862,0.3868250762785319,True,walking_dual_task,P01,24,0.68
2026-04-01T14:05:27.379733,1575.455850577751,95763,81,0.5322934574568239,4.8593288585659495,4.60670871154091,6.717006657249202,0.3833161359094177,True,walking_dual_task,P01,24,0.68
2026-04-01T14:05:27.381101,1697.3125906495045,95763,81,0.33507980545913846,4.727336532434767,4.71967661596991,6.688447990846014,0.02855866640318805,True,walking_dual_task,P01,24,0.68
2026-04-01T14:05:27.381670,1640.8433045415,95798,80,0.921119559990399,4.585087683743051,4.29863093648854,6.352142806923146,0.33630518392286834,True,walking_dual_task,P01,24,0.68
2026-04-01T14:05:27.381939,1723.44138230358,95798,80,0.6809783171572384,4.299968356704207,4.682089531985513,6.393388907506262,0.041246100583116174,True,walking_dual_task,P01,24,0.68
2026-04-01T14:05:27.382202,1724.4109069184112,95800,81,0.7291375691451794,4.458264414477361,4.080872528827182,6.087797941839928,0.30559096566633404,True,walking_dual_task,P01,24,0.68
2026-04-01T14:05:27.382784,1659.9996810542855,95800,80,0.5889186795239536,4.506475834919479,4.2272803878158465,6.206855011921734,0.11905707008180588,True,walking_dual_task,P01,24,0.68
2026-04-01T14:05:27.439806,1615.297164754843,95760,82,0.3021680987289958,4.342309529297366,4.644015307633095,6.365047979838542,0.1581929679168086,True,walking_dual_task,P01,24,0.68
2026-04-01T14:05:27.440361,1540.9634620836473,95760,81,0.5976708647182867,4.0401754764346425,4.7547404472255845,6.2679968940164565,0.09705108582208588,True,walking_dual_task,P01,24,0.68
2026-04-01T14:05:27.440955,1683.1384107796944,95712,81,0.6226136185728472,4.079845684356624,4.729082630711507,6.27670383675166,0.008706942735203782,True,walking_dual_task,P01,24,0.68
2026-04-01T14:05:27.441047,1572.6814483937421,95712,81,0.7166529945087944,3.9851758427082897,4.717286928865673,6.216752687785728,0.0599511489659319,True,walking_dual_task,P01,24,0.68
2026-04-01T14:05:27.499882,1634.500100740078,95695,81,0.7283391217017168,4.070546908086284,4.31016985086803,5.973055679504735,0.24369700828099372,True,walking_dual_task,P01,24,0.68
2026-04-01T14:05:27.500219,1625.3998378431352,95695,81,0.4783801681242931,4.20372417167999,4.4155658009005005,6.115338571077101,0.14228289157236595,True,walking_dual_task,P01,24,0.68
2026-04-01T14:05:27.500632,1626.1288507590284,95658,81,0.6606473213105859,4.033142765178557,4.59951916172137,6.152907602630568,0.037569031553466914,True,walking_dual_task,P01,24,0.68
2026-04-01T14:05:27.560520,1628.3300716098804,95658,81,0.5987253076512651,4.381362756498059,4.556295274480808,6.349380932524565,0.19647332989399757,True,walking_dual_task,P01,24,0.68
2026-04-01T14:05:27.560890,1608.687963641508,95644,80,0.5582045457685817,4.014832697077027,4.591367748015359,6.124633188849038,0.2247477436755272,True,walking_dual_task,P01,24,0.68
2026-04-01T14:05:27.561253,1608.592319740259,95644,81,0.6688062110361647,4.093666152325099,4.4713809890131735,6.099069786739709,0.025563402109328948,True,walking_dual_task,P01,24,0.68
2026-04-01T14:05:27.620243,1615.7142172535987,95683,81,0.6918846134191603,4.021860021114779,4.333831816693088,5.95282794670809,0.14624184003161922,True,walking_dual_task,P01,24,0.68
2026-04-01T14:05:27.620782,1652.516034646356,95683,82,-0.5919622039738915,11.899998002224267,6.89672585431319,13.76681514415833,7.813987197450241,True,walking_dual_task,P01,24,0.68
2026-04-01T14:05:27.679204,1627.0568811852481,95713,80,-1.0084475421483001,12.186547104995146,6.955945622151136,14.068193781927164,0.301378637768833,True,walking_dual_task,P01,24,0.68
2026-04-01T14:05:27.679831,1623.4434741468606,95713,82,-2.118744322191279,11.71134606624709,5.948169928251482,13.305090367283277,0.7631034146438864,True,walking_dual_task,P01,24,0.68
2026-04-01T14:05:27.680334,1577.2534870046818,95688,81,-2.068408094475418,11.657140636226863,6.154105698748252,13.343172666552315,0.03808229926903728,True,walking_dual_task,P01,24,0.68
2026-04-01T14:05:27.680978,1677.140792124596,95688,80,-3.3067182279419507,10.656219392756382,5.288193874773787,12.34724226873174,0.9959303978205742,True,walking_dual_task,P01,24,0.68
2026-04-01T14:05:27.739806,1722.1040267070953,95675,82,-3.293569783227779,10.826128242994457,5.056253713974077,12.394287243356514,0.04704497462477342,True,walking_dual_task,P01,24,0.68
2026-04-01T14:05:27.740421,1563.589001094501,95675,81,-3.72865589866444,9.878596668048987,4.127114854235454,11.336781904962475,1.057505338394039,True,walking_dual_task,P01,24,0.68
2026-04-01T14:05:27.741257,1673.6711238696535,95672,80,-3.493617975291448,9.918874939214819,4.207354054839573,11.326573831474295,0.010208073488179537,True,walking_dual_task,P01,24,0.68
2026-04-01T14:05:27.799566,1540.4575462206872,95672,81,-3.504988770986334,9.676216633328858,4.387222016554542,11.187574877621657,0.1389989538526386,True,walking_dual_task,P01,24,0.68
2026-04-01T14:05:27.799948,1547.6800313058075,95535,81,-3.598250434895503,10.429909643645901,5.522110106510812,12.337913980704855,1.1503391030831978,True,walking_dual_task,P01,24,0.68
2026-04-01T14:05:27.800196,1543.1855259248014,95535,81,-3.425174985680565,10.159254599579299,5.359496955281862,11.986095499172386,0.35181848153246875,True,walking_dual_task,P01,24,0.68
2026-04-01T14:05:27.859582,1700.2450919712292,95379,83,-3.0770313868521377,10.299922427349141,5.097862978490706,11.897257293702156,0.08883820547023014,True,walking_dual_task,P01,24,0.68
2026-04-01T14:05:27.860307,1641.7220260642189,95379,81,-3.453031020392433,9.11915960713149,4.146998781683305,10.596230181692627,1.3010271120095283,True,walking_dual_task,P01,24,0.68
2026-04-01T14:05:27.861005,1597.3190836576537,95326,81,-3.172204145317297,9.07887745037831,4.025793673488401,10.425733048570503,0.1704971331221241,True,walking_dual_task,P01,24,0.68
2026-04-01T14:05:27.919786,1604.6340603112615,95326,81,-3.603160875067242,8.16245524884512,3.1486727579133524,9.461637496619717,0.9640955519507859,True,walking_dual_task,P01,24,0.68
2026-04-01T14:05:27.920303,1595.1854818198142,95394,82,-3.603390284248139,7.991287044918153,3.144937225554649,9.313201400569515,0.1484360960502027,True,walking_dual_task,P01,24,0.68
2026-04-01T14:05:27.920715,1661.3402663329841,95394,80,-3.2244916346242958,7.858984615627257,2.5946860782192718,8.882194623792753,0.431006776776762,True,walking_dual_task,P01,24,0.68
2026-04-01T14:05:27.979320,1663.062423545497,95481,80,-3.4124597869202042,7.753379437594011,2.5522450493347413,8.84724416372165,0.03495046007110325,True,walking_dual_task,P01,24,0.68
2026-04-01T14:05:27.979958,1556.616295446597,95481,80,-3.275492763137557,8.101672251973339,2.4121535622078936,9.065562912882658,0.2183187491610088,True,walking_dual_task,P01,24,0.68
2026-04-01T14:05:27.980739,1621.241296246661,95548,80,-3.1644778856817766,8.941488214596847,3.2031119005383286,10.011196613198322,0.9456337003156641,True,walking_dual_task,P01,24,0.68
2026-04-01T14:05:28.039874,1573.0975516274102,95548,81,-3.352838234176306,9.124896376800672,3.3954798856708326,10.29730750079358,0.2861108875952585,True,walking_dual_task,P01,24,0.68
2026-04-01T14:05:28.040565,1475.3265741641728,95567,80,-3.3276395382437967,8.697494201196792,3.449170316154925,9.930577331967132,0.3667301688264484,True,walking_dual_task,P01,24,0.68
2026-04-01T14:05:28.041005,1683.4176547393677,95567,80,-2.930398532920713,8.930348771278734,3.5029624612563715,10.030409300890705,0.09983196892357249,True,walking_dual_task,P01,24,0.68
2026-04-01T14:05:28.099614,1703.2377185861274,95580,82,-3.508529202356564,8.898818828193322,3.6787016383911904,10.248492545008695,0.21808324411798985,True,walking_dual_task,P01,24,0.68
2026-04-01T14:05:28.100022,1624.0268028238936,95580,82,-3.162419499932336,8.62434670369283,3.858418777043481,9.963315141964113,0.2851774030445817,True,walking_dual_task,P01,24,0.68
2026-04-01T14:05:28.159428,1698.5648387160354,95610,82,-3.3850559863620338,8.975110821459735,4.364151144051776,10.538360095214887,0.5750449532507744,True,walking_dual_task,P01,24,0.68
2026-04-01T14:05:28.159872,1583.3412722294936,95610,80,-2.889579914209117,8.967582758237898,4.848610011750808,10.596047926113611,0.05768783089872365,True,walking_dual_task,P01,24,0.68
2026-04-01T14:05:28.160464,1761.2134174467096,95662,80,-3.113624932366355,8.842636830421894,4.54021104052788,10.416352654682846,0.1796952714307647,True,walking_dual_task,P01,24,0.68
2026-04-01T14:05:28.219962,1664.8413064689448,95662,81,-3.3615620456973208,8.81392392452103,4.943414690874411,10.650009537097603,0.23365688241475624,True,walking_dual_task,P01,24,0.68
2026-04-01T14:05:28.220665,1772.8586502182986,95693,81,-3.403452485094381,8.836418433177668,4.8160606805007955,10.623569081187497,0.026440455910105243,True,walking_dual_task,P01,24,0.68
2026-04-01T14:05:28.221337,1581.2838375671383,95693,81,-3.0929124044876204,8.589969297722476,5.071542832554389,10.443860702828335,0.17970837835916242,True,walking_dual_task,P01,24,0.68
2026-04-01T14:05:28.221370,1564.6582892380047,95642,81,-2.9878283567580404,8.456431833821417,5.325439649820619,10.430659859922443,0.013200842905892074,True,walking_dual_task,P01,24,0.68
2026-04-01T14:05:28.279571,1593.6199135435616,95642,80,-2.8948163174207138,8.678229975457166,5.278251543473275,10.561797970739002,0.13113811081655946,True,walking_dual_task,P01,24,0.68
2026-04-01T14:05:28.280222,1607.3987225821627,95686,82,-2.2931680403265484,9.755647016707455,6.415896160951718,11.899369391857837,1.3375714211188345,True,walking_dual_task,P01,24,0.68
2026-04-01T14:05:28.280910,1708.661841850448,95686,81,-2.6754450489518753,9.754962314194724,6.1998425400306365,11.864035716504478,0.03533367535335863,True,walking_dual_task,P01,24,0.68
2026-04-01T14:05:28.399540,1653.5873395734484,95714,80,-1.8734506795996677,10.26553887829891,7.471464645996903,12.834090924843121,0.9700552083386427,True,walking_dual_task,P01,24,0.68
2026-04-01T14:05:28.400223,1601.6101182813277,95714,81,-1.9635984049336124,8.871225138749745,6.503285590366834,11.17349889820177,1.6605920266413516,True,walking_dual_task,P01,24,0.68
2026-04-01T14:05:28.400737,1756.765181842267,95725,81,-1.9587843660341735,8.968385911052115,6.849026047105906,11.453293842214698,0.27979494401292904,True,walking_dual_task,P01,24,0.68
2026-04-01T14:05:28.401649,1626.5664576370978,95725,81,-1.70373253097369,8.81138153958318,6.980009080164362,11.369418451811079,0.08387539040361958,True,walking_dual_task,P01,24,0.68
2026-04-01T14:05:28.401902,1666.6304781863093,95797,80,-2.166130472976465,8.458084850299329,6.7138712686120225,11.013963318093731,0.3554551337173475,True,walking_dual_task,P01,24,0.68
2026-04-01T14:05:28.402232,1620.1453914990138,95797,82,-1.8321171041401891,8.683845467541474,6.63267232605879,11.079628485300839,0.0656651672071078,True,walking_dual_task,P01,24,0.68
2026-04-01T14:05:28.459773,1625.8882038172858,95804,81,-1.865438946484134,8.886028425997994,6.788305671858963,11.336774565338096,0.25714608003725736,True,walking_dual_task,P01,24,0.68
2026-04-01T14:05:28.460505,1598.7476209839,95804,82,-1.9752620354194161,8.999001086338449,6.411290400945746,11.224452114279295,0.11232245105880168,True,walking_dual_task,P01,24,0.68
2026-04-01T14:05:28.460535,1598.9984531465348,95636,81,-1.6920778854573078,8.798234908966307,6.6032422342673565,11.129908943392985,0.09454317088630937,True,walking_dual_task,P01,24,0.68
2026-04-01T14:05:28.519694,1635.6680999171665,95636,81,-1.8044035317061013,9.080322145947033,6.543887785941099,11.337133223809213,0.2072242804162272,True,walking_dual_task,P01,24,0.68
2026-04-01T14:05:28.579759,1465.5888827585472,95547,81,-1.9004475806945804,8.711413003044788,6.870332890721854,11.256193474968356,0.08093974884085675,True,walking_dual_task,P01,24,0.68
2026-04-01T14:05:28.580174,1608.264064030218,95547,80,-1.6567653558662783,9.051353592024538,6.734965361916643,11.403141309238924,0.14694783427056812,True,walking_dual_task,P01,24,0.68
2026-04-01T14:05:28.580677,1607.386539346357,95568,81,-1.9212813728451956,8.80862313344232,6.989388099803502,11.407660129506485,0.004518820267561452,True,walking_dual_task,P01,24,0.68
2026-04-01T14:05:28.581708,1702.6954095424228,95568,81,-1.8922872349515403,9.057900340354314,6.663970027976901,11.403280496818702,0.004379632687783186,True,walking_dual_task,P01,24,0.68
2026-04-01T14:05:28.581741,1602.7521307129432,95615,80,-1.9719319424720456,9.226819833705504,6.666399301043282,11.552644695927993,0.1493641991092911,True,walking_dual_task,P01,24,0.68
2026-04-01T14:05:28.639882,1624.7907892727915,95615,81,-2.070261753121289,5.0900005925643,4.058092003218518,6.830973610352176,4.721671085575817,True,walking_dual_task,P01,24,0.68
2026-04-01T14:05:28.640573,1637.1766929637686,95692,81,-2.2283970332261083,5.127964964137077,3.8187423464251067,6.770861918507024,0.06011169184515186,True,walking_dual_task,P01,24,0.68
2026-04-01T14:05:28.641051,1756.2445980714087,95692,82,-1.9149325107534922,5.457786506444262,4.380906932634731,7.255807716792995,0.4849457982859704,True,walking_dual_task,P01,24,0.68
2026-04-01T14:05:28.699779,1649.4426923834822,95712,81,-1.3104471740758379,5.702447658969939,4.225410246942443,7.217289855222754,0.03851786157024062,True,walking_dual_task,P01,24,0.68
2026-04-01T14:05:28.699832,1726.4604930864348,95712,80,-1.6084690527988148,5.802092517363233,4.634216099605876,7.597855561387058,0.38056570616430374,True,walking_dual_task,P01,24,0.68
2026-04-01T14:05:28.700195,1595.0701111188243,95711,81,-1.8435547244396366,6.273412486075367,4.578707322241435,7.982415610903591,0.38456004951653355,True,walking_dual_task,P01,24,0.68
2026-04-01T14:05:28.759272,1643.7849936598036,95711,80,-1.9591276112693903,6.032735834812068,4.446178125108821,7.746004297059223,0.23641131384436864,True,walking_dual_task,P01,24,0.68
2026-04-01T14:05:28.759949,1697.2463185824952,95713,81,-2.447255967860513,6.91024303488124,5.051048156571154,8.902449553541679,1.1564452564824563,True,walking_dual_task,P01,24,0.68
2026-04-01T14:05:28.760408,1548.1290670510411,95713,81,-2.5918283422369415,6.748178985046788,4.814108004428845,8.685109650899962,0.21733990264171688,True,walking_dual_task,P01,24,0.68
2026-04-01T14:05:28.819528,1712.025272462995,95729,80,-2.494716388859739,7.37300937494905,4.952097130073938,9.22540747553291,0.5402978246329475,True,walking_dual_task,P01,24,0.68
2026-04-01T14:05:28.820170,1528.7921089084016,95729,81,-2.4330818639364904,7.033541857121438,4.735481458991318,8.821302798393585,0.4041046771393244,True,walking_dual_task,P01,24,0.68
2026-04-01T14:05:28.820671,1624.4161721414719,95778,82,-2.93516314502826,7.554267521435649,4.3817687394704885,9.213144835481014,0.3918420370874287,True,walking_dual_task,P01,24,0.68
2026-04-01T14:05:28.879790,1643.6758391874512,95778,81,-3.602446921371756,8.379798282408556,5.140585201092193,10.47016042307119,1.2570155875901765,True,walking_dual_task,P01,24,0.68
2026-04-01T14:05:28.880572,1585.728719332952,95886,81,-3.4294705587571723,8.13240180750858,5.0115022071662185,10.14950155645995,0.3206588666112413,True,walking_dual_task,P01,24,0.68
2026-04-01T14:05:28.881039,1603.194530287455,95886,82,-3.948332364877134,8.010815242072633,4.910420341555673,10.19189468337086,0.042393126910910794,True,walking_dual_task,P01,24,0.68
2026-04-01T14:05:28.939721,1717.0186871969265,95982,81,-3.7424326915264197,7.798972013643891,5.110772930299112,10.04737611843433,0.14451856493652926,True,walking_dual_task,P01,24,0.68
2026-04-01T14:05:28.940742,1693.9204358607676,95982,81,-3.506338411220858,8.363878037866842,5.224286191113764,10.466232898850286,0.41885678041595575,True,walking_dual_task,P01,24,0.68
2026-04-01T14:05:28.941276,1772.1573996893092,96045,82,-2.5576766229759302,9.485388661749692,5.577561869759884,11.297057324063047,0.8308244252127608,True,walking_dual_task,P01,24,0.68
2026-04-01T14:05:28.999201,1670.357865658692,96045,80,-2.031857782476412,9.037533027693739,6.0790117497308165,11.079703657058271,0.21735366700477599,True,walking_dual_task,P01,24,0.68
2026-04-01T14:05:28.999739,1722.3385892347007,96052,82,-1.8211566280628646,9.567984383287985,6.054798526030512,11.46837049513144,0.3886668380731688,True,walking_dual_task,P01,24,0.68
2026-04-01T14:05:29.000226,1625.2685124322672,96052,81,-1.8105715262510795,9.839536852892088,6.0570284529783915,11.695394324745212,0.22702382961377232,True,walking_dual_task,P01,24,0.68
2026-04-01T14:05:29.119681,1655.435462725465,96023,81,-3.228148843353759,8.883061398597938,5.073009742807615,10.726842621047814,0.9685517036973987,True,walking_dual_task,P01,24,0.68
2026-04-01T14:05:29.119855,1621.040154703283,96023,81,-3.408661782225693,7.810505075057994,5.175565527802024,9.970428436415627,0.7564141846321863,True,walking_dual_task,P01,24,0.68
2026-04-01T14:05:29.120505,1590.9861870762795,96067,81,-3.2488979090998775,7.482512135562534,5.003154080814125,9.569476278196273,0.40095215821935426,True,walking_dual_task,P01,24,0.68
2026-04-01T14:05:29.120978,1713.0746240622138,96067,82,-2.562438763965057,6.885538990109879,5.601060937033235,9.238431859561112,0.33104441863516065,True,walking_dual_task,P01,24,0.68
2026-04-01T14:05:29.121301,1672.529119731959,96141,81,-2.590215599454893,6.9411793223683,5.587423507311335,9.279465969924564,0.041034110363451504,True,walking_dual_task,P01,24,0.68
2026-04-01T14:05:29.122451,1704.658318063696,96141,81,-2.7837531491475564,6.502107735630344,6.245061483675959,9.435437432150449,0.1559714622258852,True,walking_dual_task,P01,24,0.68
2026-04-01T14:05:29.179704,1578.7128446821846,96117,80,-2.4250036974576994,7.768614008593699,5.9657821041377,10.090716657465485,0.6552792253150361,True,walking_dual_task,P01,24,0.68
2026-04-01T14:05:29.180316,1602.1241691253485,96117,82,-2.4381381074732316,8.000359013029339,6.144972675690935,10.378388649181584,0.28767199171609903,True,walking_dual_task,P01,24,0.68
2026-04-01T14:05:29.180351,1711.0397858314573,95991,82,-2.9859235787440404,9.433268171798806,6.297192607804186,11.728466343003065,1.350077693821481,True,walking_dual_task,P01,24,0.68
2026-04-01T14:05:29.240230,1611.6106037544519,95991,81,-3.3369104726030834,9.182844817554297,6.077468705811682,11.506312889695478,0.2221534533075875,True,walking_dual_task,P01,24,0.68
2026-04-01T14:05:29.240658,1707.6257003255544,95931,81,-4.339290710475426,9.047369221023496,5.840530170496111,11.610173399394903,0.10386050969942495,True,walking_dual_task,P01,24,0.68
2026-04-01T14:05:29.240997,1550.5436668188404,95931,80,-4.184802743000304,7.84819349640661,5.636758692206749,10.529946044924932,1.0802273544699705,True,walking_dual_task,P01,24,0.68
2026-04-01T14:05:29.299836,1673.7651966148471,95942,81,-4.466375136153177,7.760635256910289,5.643837430572612,10.58436901238703,0.054422967462098626,True,walking_dual_task,P01,24,0.68
2026-04-01T14:05:29.300378,1621.8780273986542,95942,81,-4.0129373322347135,6.819931984121156,5.269122099255483,9.506775793997894,1.0775932183891364,True,walking_dual_task,P01,24,0.68
2026-04-01T14:05:29.300877,1615.229996512523,95993,81,-4.1766259079492,6.894796529363014,5.063509808924352,9.519535426760166,0.012759632762271877,True,walking_dual_task,P01,24,0.68
2026-04-01T14:05:29.359885,1574.7036007022139,95993,80,-3.7195287519251616,6.855058303387065,5.013964721568378,9.271815394428762,0.24772003233140438,True,walking_dual_task,P01,24,0.68
2026-04-01T14:05:29.360528,1604.2507780102774,96053,82,-3.3639253127213937,6.904181889075048,4.765152386378517,9.03827407929238,0.23354131513638166,True,walking_dual_task,P01,24,0.68
2026-04-01T14:05:29.361027,1613.4822625843901,96053,81,-3.427322645582825,7.132779323342204,4.530563655639533,9.118612198696948,0.08033811940456737,True,walking_dual_task,P01,24,0.68
2026-04-01T14:05:29.419455,1655.208107606473,96085,81,-3.416310713332608,6.942234867847585,4.997651302976177,9.21098921921687,0.09237702051992258,True,walking_dual_task,P01,24,0.68
2026-04-01T14:05:29.420081,1623.0601504913088,96085,82,-3.6645023792605147,7.191349855524617,4.71990160306508,9.349949816698281,0.13896059748141099,True,walking_dual_task,P01,24,0.68
2026-04-01T14:05:29.420120,1645.8952638180021,96099,81,-3.619839082163135,6.999368244141965,4.568973561673846,9.108782037414947,0.24116777928333377,True,walking_dual_task,P01,24,0.68
2026-04-01T14:05:29.479653,1631.3536151461358,96099,80,-3.3312822533353987,7.226797395037985,4.613905727897561,9.198487272711807,0.0897052352968597,True,walking_dual_task,P01,24,0.68
2026-04-01T14:05:29.480094,1600.198464577915,96111,80,-3.7966224919887774,7.01651427851395,4.668740413589791,9.243535688076927,0.04504841536511961,True,walking_dual_task,P01,24,0.68
2026-04-01T14:05:29.480636,1558.1291123007243,96111,82,-3.513008939352196,7.065231793817059,4.668086115081099,9.167865623259582,0.07567006481734495,True,walking_dual_task,P01,24,0.68
2026-04-01T14:05:29.539959,1510.527775347706,96134,80,-3.488176581758508,7.051202736354199,4.749929573735721,9.189595575984104,0.02172995272452205,True,walking_dual_task,P01,24,0.68
2026-04-01T14:05:29.540555,1638.2932790642647,96134,81,-3.648682306137096,7.127812887864642,4.541388369913171,9.205585666426108,0.0159900904420045,True,walking_dual_task,P01,24,0.68
2026-04-01T14:05:29.541061,1553.5743172076309,96160,81,-3.2615959023905114,7.056552846511044,4.634968561713079,9.050739167281439,0.15484649914466964,True,walking_dual_task,P01,24,0.68
2026-04-01T14:05:29.599898,1637.813250800407,96160,80,-3.349579789208912,7.090289914719028,4.737474155822239,9.16163507328942,0.11089590600798083,True,walking_dual_task,P01,24,0.68
2026-04-01T14:05:29.600013,1723.2744656481354,96180,79,-3.3647425298999023,7.0208409347509235,4.644890996499252,9.065799032239312,0.09583604105010757,True,walking_dual_task,P01,24,0.68
2026-04-01T14:05:29.600416,1504.4651098096301,96180,81,-4.335616595831959,9.128721768857323,4.094879526689764,10.904089633590054,1.8382906013507423,True,walking_dual_task,P01,24,0.68
2026-04-01T14:05:29.659486,1552.901813645091,96209,81,-4.231990080436996,8.966645955443052,3.9559829753539892,10.675218078918622,0.22887155467143216,True,walking_dual_task,P01,24,0.68
2026-04-01T14:05:29.719393,1676.5984638873845,96209,82,-4.109788468244536,8.69653411656993,4.578336850636059,10.652757164803514,0.022460914115107755,True,walking_dual_task,P01,24,0.68
2026-04-01T14:05:29.720277,1612.1235551215655,96252,82,-4.056165294854111,8.626499428824589,4.670497125869957,10.615201962160183,0.03755520264333079,True,walking_dual_task,P01,24,0.68
2026-04-01T14:05:29.720314,1650.3402742959784,96252,82,-3.5124915351080266,8.852980316208592,5.917475653558859,11.212911101665089,0.5977091395049055,True,walking_dual_task,P01,24,0.68
2026-04-01T14:05:29.720954,1612.7978127926758,96288,80,-3.997640225977909,10.222680180214635,7.7712736464046515,13.449052439878926,2.2361413382138373,True,walking_dual_task,P01,24,0.68
2026-04-01T14:05:29.721544,1546.7678478074333,96288,81,-2.404312507203462,10.299954268171701,7.948650217823833,13.230677112076854,0.2183753278020717,True,walking_dual_task,P01,24,0.68
2026-04-01T14:05:29.779484,1544.3157601510536,96286,81,-1.7725187326006362,9.407046382018017,7.715573136217733,12.294893782021184,0.9357833300556706,True,walking_dual_task,P01,24,0.68
2026-04-01T14:05:29.780693,1528.0976946268127,96286,81,-2.0131343150104892,9.249833949139907,7.553845925743818,12.110851585533133,0.18404219648805054,True,walking_dual_task,P01,24,0.68
2026-04-01T14:05:29.781139,1571.3451531186174,96296,82,-2.2759649427459494,8.35707041644316,6.408334189357656,10.77438580377036,1.336465781762774,True,walking_dual_task,P01,24,0.68
2026-04-01T14:05:29.840165,1725.5982362521459,96296,82,-2.266600652783284,7.757637789062235,6.310946767024341,10.254095361449444,0.5202904423209151,True,walking_dual_task,P01,24,0.68
2026-04-01T14:05:29.840802,1636.5162988391808,96237,80,-1.5814380467986078,8.887504826355928,6.878185496886665,11.348926119415182,1.0948307579657381,True,walking_dual_task,P01,24,0.68
2026-04-01T14:05:29.841269,1650.9333464677231,96237,81,-0.848262494873826,9.714414412808049,6.998280804008615,12.002721810311934,0.6537956908967519,True,walking_dual_task,P01,24,0.68
2026-04-01T14:05:29.899809,1539.8148390074361,96117,81,-0.853192488927571,9.504587723602608,7.051184607621198,11.865257249194975,0.1374645611169587,True,walking_dual_task,P01,24,0.68
2026-04-01T14:05:29.900396,1715.646753131554,96117,81,-1.2220035562652278,8.853065267004558,6.963388633782121,11.329555974461373,0.5357012747336025,True,walking_dual_task,P01,24,0.68
2026-04-01T14:05:29.900825,1580.3025117231266,96066,82,-1.3568433562181745,8.595840629329487,7.179493539946701,11.28160571498053,0.047950259480842305,True,walking_dual_task,P01,24,0.68
2026-04-01T14:05:29.959952,1528.1757139473548,96066,83,-2.427943977477344,7.35924832727335,6.092811978640935,9.85777894392619,1.4238267710543404,True,walking_dual_task,P01,24,0.68
2026-04-01T14:05:29.960023,1484.7563381726793,96076,82,-2.1454098366110728,6.051236284301316,5.224246386025804,8.27725765198692,1.5805212919392702,True,walking_dual_task,P01,24,0.68
2026-04-01T14:05:29.960617,1650.8129092509032,96076,83,-2.4653136687982635,5.746623752908847,5.007787435423505,8.01120409435718,0.2660535576297409,True,walking_dual_task,P01,24,0.68
2026-04-01T14:05:30.019122,1558.4216382131503,96116,80,-1.624847821361468,4.9181547019327505,4.092611760623702,6.6013519174425,1.4098521769146792,True,walking_dual_task,P01,24,0.68
2026-04-01T14:05:30.020163,1607.2044105913212,96116,81,-1.8114299530591023,4.742348712879743,4.0526356043908915,6.495768247972566,0.10558366946993392,True,walking_dual_task,P01,24,0.68
2026-04-01T14:05:30.020500,1579.4007675871546,96148,81,-1.6770236563015706,4.587593824915921,3.610472272025504,6.074037822838016,0.42173042513454995,True,walking_dual_task,P01,24,0.68
2026-04-01T14:05:30.139791,1639.1576647275208,96148,80,-1.66681980298038,5.334668670968981,4.009600083965254,6.878507899098443,0.8044700762604267,True,walking_dual_task,P01,24,0.68
2026-04-01T14:05:30.140541,1500.2188112521021,96137,80,-1.295945398007323,4.885531628775904,3.9783707733641105,6.432365644204615,0.44614225489382786,True,walking_dual_task,P01,24,0.68
2026-04-01T14:05:30.141064,1645.793228135175,96137,80,-1.5169686185663638,4.904623023404197,4.088639475434432,6.5630399626623035,0.13067431845768862,True,walking_dual_task,P01,24,0.68
2026-04-01T14:05:30.141558,1678.0472679418858,96107,82,-1.3415277584038943,5.137755967527885,4.419498021498676,6.908559608953756,0.3455196462914527,True,walking_dual_task,P01,24,0.68
2026-04-01T14:05:30.142092,1510.2964388204468,96107,81,-1.5721700388378295,5.593521144314005,4.677057090340752,7.458824334250935,0.5502647252971791,True,walking_dual_task,P01,24,0.68
2026-04-01T14:05:30.142778,1665.8605222559202,96114,81,-1.7129271261576413,5.994948391312631,5.064131848697644,8.032369322623456,0.5735449883725208,True,walking_dual_task,P01,24,0.68
2026-04-01T14:05:30.199904,1559.4403404186942,96114,81,-1.4692005417609615,5.597156834336347,5.207771753816958,7.785088406686371,0.24728091593708523,True,walking_dual_task,P01,24,0.68
2026-04-01T14:05:30.200187,1664.393601075513,96116,81,-1.6142767098114674,6.397793423375127,6.09302278193251,8.98123469268955,1.19614628600318,True,walking_dual_task,P01,24,0.68
2026-04-01T14:05:30.200568,1711.8956055656568,96116,82,-1.34486709343928,6.407887823546745,5.894898786650476,8.810194411193644,0.1710402814959071,True,walking_dual_task,P01,24,0.68
2026-04-01T14:05:30.259533,1606.0475763782183,96113,80,-0.8099148590537094,7.369104499665494,6.509587351995939,9.865819312108433,1.0556249009147898,True,walking_dual_task,P01,24,0.68
2026-04-01T14:05:30.259849,1556.8574446558691,96113,82,-0.7039315821403533,7.568182769297071,6.159254166006898,9.7831141250265,0.08270518708193286,True,walking_dual_task,P01,24,0.68
2026-04-01T14:05:30.260356,1644.8604329797731,96070,81,-1.1980717405615602,9.038101860064998,6.9372965718301245,11.456384458194854,1.6732703331683538,True,walking_dual_task,P01,24,0.68
2026-04-01T14:05:30.319549,1587.7141610102099,96070,81,-1.0718883524024456,9.00459219211014,6.961371064961577,11.43207384031048,0.024310617884374608,True,walking_dual_task,P01,24,0.68
2026-04-01T14:05:30.320538,1638.262290186383,95969,81,-1.5692276503932023,9.19841805687949,6.85881364195711,11.580876251086625,0.14880241077614542,True,walking_dual_task,P01,24,0.68
2026-04-01T14:05:30.321050,1673.3567825500538,95969,80,-1.9423425575905677,9.072193539870838,6.68551683126716,11.435625279671335,0.1452509714152903,True,walking_dual_task,P01,24,0.68
2026-04-01T14:05:30.379735,1641.2381052374656,96001,82,-2.2039281259833854,8.450906286113376,6.004451005098338,10.598516316626476,0.8371089630448587,True,walking_dual_task,P01,24,0.68
2026-04-01T14:05:30.380165,1635.8507407519592,96001,81,-2.3182453759211463,8.474159719596024,5.735623080569891,10.492045401091703,0.10647091553477317,True,walking_dual_task,P01,24,0.68
2026-04-01T14:05:30.380962,1600.5595730612056,96093,81,-2.263557873729159,8.547734953623927,5.798581289272144,10.574072633258318,0.0820272321666149,True,walking_dual_task,P01,24,0.68
2026-04-01T14:05:30.440458,1613.871788829484,96093,80,-2.295203516097034,8.62299172376856,5.60772101509758,10.538998075322544,0.035074557935773854,True,walking_dual_task,P01,24,0.68
2026-04-01T14:05:30.440816,1544.173701549632,96111,81,-2.2955487992565895,8.929454263526253,5.887107733519142,10.939046356983612,0.40004828166106776,True,walking_dual_task,P01,24,0.68
2026-04-01T14:05:30.441305,1566.276095567977,96111,81,-2.5743851397768047,8.744929569829006,5.635970902722745,10.71752863516169,0.22151772182192175,True,walking_dual_task,P01,24,0.68
2026-04-01T14:05:30.499359,1644.4482864618287,95976,81,-2.4677529818442387,8.595930786877599,5.655371822355368,10.581259911810236,0.13626872335145457,True,walking_dual_task,P01,24,0.68
2026-04-01T14:05:30.499802,1481.5365208758562,95976,81,-2.421816975752227,8.649911089039527,6.065776769958311,10.838810226925117,0.2575503151148819,True,walking_dual_task,P01,24,0.68
2026-04-01T14:05:30.500353,1665.8580920476948,95901,81,-2.357807941696543,8.571892986956518,5.737053937105683,10.580661394592562,0.25814883233255514,True,walking_dual_task,P01,24,0.68
2026-04-01T14:05:30.560089,1558.2152229150975,95901,81,-2.4000441785348543,8.481342410526835,5.378569115848834,10.325811681290876,0.25484971330168626,True,walking_dual_task,P01,24,0.68
2026-04-01T14:05:30.561555,1621.7683359530402,95884,81,-2.27876387462263,8.654653172014989,6.007364450873189,10.778878140593722,0.45306645930284617,True,walking_dual_task,P01,24,0.68
2026-04-01T14:05:30.561902,1657.233973591972,95884,81,-2.3196746324630233,8.597131234027339,5.9091464566713645,10.686887652725309,0.09199048786841324,True,walking_dual_task,P01,24,0.68
2026-04-01T14:05:30.619398,1580.7603690849724,95848,81,-2.3385705903861354,8.80541269894361,5.739218993041356,10.767675694179454,0.08078804145414509,True,walking_dual_task,P01,24,0.68
2026-04-01T14:05:30.619856,1606.0203802757146,95848,81,-3.186594006137854,7.706099499155407,5.720812619044788,10.112667693198418,0.6550080009810362,True,walking_dual_task,P01,24,0.68
2026-04-01T14:05:30.620253,1543.7855323282574,95857,81,-3.135101353894659,7.772101614862914,6.077708108209611,10.352437387376158,0.23976969417774008,True,walking_dual_task,P01,24,0.68
2026-04-01T14:05:30.681017,1550.3571560597413,95857,81,-3.4287448894024166,7.528079724254125,4.6971934687530865,9.512723181835257,0.8397142055409006,True,walking_dual_task,P01,24,0.68
2026-04-01T14:05:30.681397,1710.5262003321234,95892,81,-3.542197169497911,7.201238354493024,4.9863884071342826,9.448230732397658,0.06449244943759957,True,walking_dual_task,P01,24,0.68
2026-04-01T14:05:30.681698,1604.3643699135325,95892,81,-3.384247741244152,7.073069294830666,4.688720087509244,9.135947574422985,0.3122831579746723,True,walking_dual_task,P01,24,0.68
2026-04-01T14:05:30.740278,1539.4805881844884,95941,80,-3.258294524528143,7.554149056023409,4.656913253214288,9.453491006879538,0.3175434324565529,True,walking_dual_task,P01,24,0.68
2026-04-01T14:05:30.740883,1565.8459078453402,95941,81,-3.192115096848439,7.299641645780533,4.753024828482018,9.277155381285137,0.17633562559440108,True,walking_dual_task,P01,24,0.68
2026-04-01T14:05:30.741254,1568.0799222894234,95943,81,-3.181544209509875,7.92147523107917,4.815801864403818,9.80122140301207,0.5240660217269326,True,walking_dual_task,P01,24,0.68
2026-04-01T14:05:30.860289,1704.443152417841,95943,80,-3.3248568126780538,8.179864720640683,4.797148477506878,10.048755802985776,0.24753439997370563,True,walking_dual_task,P01,24,0.68
2026-04-01T14:05:30.861084,1653.1733983358909,95922,82,-3.1400204406075987,8.732249983381294,4.772205677771454,10.434839010289053,0.38608320730327783,True,walking_dual_task,P01,24,0.68
2026-04-01T14:05:30.861177,1612.398261943053,95922,81,-3.9153998474693408,8.755035103487561,5.152733991184182,10.887224770930711,0.4523857606416577,True,walking_dual_task,P01,24,0.68
2026-04-01T14:05:30.861461,1750.0312254306018,95913,81,-3.3657668788435573,8.94582214163406,5.176570359795124,10.869820659163606,0.01740411176710488,True,walking_dual_task,P01,24,0.68
2026-04-01T14:05:30.861871,1590.580292176858,95913,81,-3.462092717812117,8.579736272726198,5.057658017346243,10.54409147896053,0.3257291802030764,True,walking_dual_task,P01,24,0.68
2026-04-01T14:05:30.862919,1603.2099991279024,95933,82,-3.2669969673279646,8.681140917074481,5.198249311477523,10.632839353197781,0.08874787423725117,True,walking_dual_task,P01,24,0.68
2026-04-01T14:05:30.919689,1611.5692231948374,95933,82,-3.420392526194346,8.445133596860638,5.497804862558643,10.64167396647933,0.008834613281548442,True,walking_dual_task,P01,24,0.68
2026-04-01T14:05:30.920127,1588.8080635256129,95965,81,-3.589760106181558,8.370386764333219,5.261886308559852,10.518421921974179,0.1232520445051506,True,walking_dual_task,P01,24,0.68
2026-04-01T14:05:30.920369,1665.072122418718,95965,80,-3.6579628798201584,8.381413038408972,5.317312040330203,10.578401783104793,0.059979861130614154,True,walking_dual_task,P01,24,0.68
2026-04-01T14:05:30.979200,1622.3960178928212,95988,79,-3.4531732025609063,8.476244854955677,5.508138136574862,10.682261826955832,0.10386004385103931,True,walking_dual_task,P01,24,0.68
2026-04-01T14:05:30.980043,1616.3854123587662,95988,81,-3.8976525227921885,8.301788332731617,5.599707375084112,10.745608749460335,0.06334692250450225,True,walking_dual_task,P01,24,0.68
2026-04-01T14:05:30.980426,1695.682917053557,96019,81,-4.048612030027815,8.372260443512241,5.55324173781167,10.831643370341332,0.08603462088099789,True,walking_dual_task,P01,24,0.68
2026-04-01T14:05:31.039582,1635.052475206089,96019,81,-3.4983220741792023,8.984609357880117,5.635128141212612,11.167637700797906,0.33599433045657356,True,walking_dual_task,P01,24,0.68
2026-04-01T14:05:31.040221,1613.501709751622,96041,82,-3.5817442887361164,8.908293933838163,5.86236764166215,11.249619874802839,0.08198217400493313,True,walking_dual_task,P01,24,0.68
2026-04-01T14:05:31.040735,1618.2907597523833,96041,81,-3.481395416469788,9.272132405045978,5.816208363847507,11.485679479865798,0.23605960506295887,True,walking_dual_task,P01,24,0.68
2026-04-01T14:05:31.100144,1675.1755204694819,96062,80,-3.5059670786901798,9.283057989838833,5.98021123768576,11.585762695952,0.10008321608620285,True,walking_dual_task,P01,24,0.68
2026-04-01T14:05:31.100198,1622.597417609006,96062,83,-2.5925832063651124,9.496429371550226,6.330241069576617,11.703657996102018,0.11789530015001759,True,walking_dual_task,P01,24,0.68
2026-04-01T14:05:31.160608,1545.519986895091,96082,82,-2.6494583460863796,9.511341875228224,6.531909430785843,11.838542756906602,0.13488476080458334,True,walking_dual_task,P01,24,0.68
2026-04-01T14:05:31.160664,1689.7137174618258,96082,82,-2.4738152073566573,9.535611597599704,6.506400165598378,11.805968547108943,0.03257420979765868,True,walking_dual_task,P01,24,0.68
2026-04-01T14:05:31.161490,1637.8990825744215,95989,80,-2.3984749687472626,9.486881054345089,6.460925943980438,11.725918231362458,0.08005031574648491,True,walking_dual_task,P01,24,0.68
2026-04-01T14:05:31.161528,1582.6159823838461,95989,82,-2.4883679592882353,8.339953370398831,5.643651420278541,10.372926234908409,1.3529919964540493,True,walking_dual_task,P01,24,0.68
2026-04-01T14:05:31.219506,1776.380838908273,95873,80,-2.378801240926518,8.268327553109131,5.377708429781151,10.146116686943651,0.22680954796475739,True,walking_dual_task,P01,24,0.68
2026-04-01T14:05:31.220027,1573.6581226054816,95873,81,-2.24283883887429,7.811185684626874,4.893846615255909,9.486552722171236,0.6595639647724152,True,walking_dual_task,P01,24,0.68
2026-04-01T14:05:31.279902,1638.1298119891742,95852,82,-2.1329214320559093,7.969127078213773,5.005072963822055,9.649201811405227,0.1626490892339909,True,walking_dual_task,P01,24,0.68
2026-04-01T14:05:31.279959,1699.3384651012866,95852,81,-2.1911886334097486,8.66695503492339,5.859111100951125,10.688620121318593,1.0394183099133656,True,walking_dual_task,P01,24,0.68
2026-04-01T14:05:31.280951,1570.2262665187284,95836,81,-2.382709129411538,9.226132441612998,6.2330362580380685,11.386376228615587,0.6977561072969944,True,walking_dual_task,P01,24,0.68
2026-04-01T14:05:31.340926,1565.472080786825,95836,82,-2.262571125366343,9.388686561972486,6.409750084384198,11.591012017963207,0.20463578934761983,True,walking_dual_task,P01,24,0.68
2026-04-01T14:05:31.341618,1595.3517264322265,95809,82,-2.569076218855539,8.240391902598486,6.163864143331911,10.606480684192688,0.9845313337705193,True,walking_dual_task,P01,24,0.68
2026-04-01T14:05:31.341661,1653.1730583689698,95809,81,-2.6799046292418294,7.771263403654677,5.893809227853369,10.11491032709355,0.4915703570991372,True,walking_dual_task,P01,24,0.68
2026-04-01T14:05:31.342154,1704.7285866985178,95830,81,-3.262268016056878,5.948116156069416,4.541369842551424,8.163731895494685,1.9511784315988656,True,walking_dual_task,P01,24,0.68
2026-04-01T14:05:31.399564,1619.6566580920544,95830,81,-3.1892219521170238,5.8685402594718115,4.442547309273882,8.021666163088764,0.14206573240592135,True,walking_dual_task,P01,24,0.68
2026-04-01T14:05:31.400034,1640.4328272800262,95878,82,-3.528639183796948,5.92885638812342,4.642452177058747,8.315948218735887,0.2942820556471233,True,walking_dual_task,P01,24,0.68
2026-04-01T14:05:31.400063,1691.0844354647293,95878,81,-3.416880253243504,5.8109686138251,4.783792986590058,8.266020943260067,0.04992727547582021,True,walking_dual_task,P01,24,0.68
2026-04-01T14:05:31.459865,1694.7623983972824,95885,81,-3.100977776241748,5.677420484851348,4.907295278514262,8.119772994430528,0.1462479488295383,True,walking_dual_task,P01,24,0.68
2026-04-01T14:05:31.519709,1522.2874986586003,95885,79,-3.280239117838634,5.8548477920466215,4.691826413590573,8.188555820991768,0.06878282656123957,True,walking_dual_task,P01,24,0.68
2026-04-01T14:05:31.579852,1644.2564631771695,95852,81,-3.3112395314963026,5.709516002244234,4.690424740569715,8.09709605116398,0.0914597698277877,True,walking_dual_task,P01,24,0.68
2026-04-01T14:05:31.580034,1587.6163009107804,95852,81,-3.2298380479667883,5.74634326777357,4.698373764479845,8.094876824135934,0.0022192270280463333,True,walking_dual_task,P01,24,0.68
2026-04-01T14:05:31.580869,1528.315003028009,95838,80,-3.042736474224768,5.9998847604163155,4.5843719136331815,8.140843213842315,0.045966389706380895,True,walking_dual_task,P01,24,0.68
2026-04-01T14:05:31.581294,1627.0846752622735,95838,80,-3.2198361378616847,5.773898494990176,4.212180146875033,7.838858984243692,0.3019842295986228,True,walking_dual_task,P01,24,0.68
2026-04-01T14:05:31.581978,1648.763682636147,95842,81,-3.161142275955103,5.9780436710495914,4.725053649608938,8.249603542806735,0.41074455856304315,True,walking_dual_task,P01,24,0.68
2026-04-01T14:05:31.582905,1514.874491004255,95842,82,-3.2389515478815856,5.548666800341468,4.593926398006536,7.898270072682844,0.35133347012389127,True,walking_dual_task,P01,24,0.68
2026-04-01T14:05:31.583343,1618.9695736106466,95829,80,-2.9838588292855968,5.914077444476364,4.632169542790905,8.083113274322548,0.1848432016397039,True,walking_dual_task,P01,24,0.68
2026-04-01T14:05:31.639902,1642.5670028661414,95829,81,-1.2426282074253128,6.9977141255466035,5.9995139533796,9.30087606204706,1.2177627877245119,True,walking_dual_task,P01,24,0.68
2026-04-01T14:05:31.640584,1630.2245376366207,95808,80,-1.1155310564243404,7.448232749434253,5.791408063260243,9.500578297282113,0.19970223523505304,True,walking_dual_task,P01,24,0.68
2026-04-01T14:05:31.640954,1666.0941675716495,95808,81,-0.7770681488861042,8.634548353124739,5.925636875755487,10.501068162514501,1.0004898652323888,True,walking_dual_task,P01,24,0.68
2026-04-01T14:05:31.699801,1607.4671990063462,95778,80,-0.8413149568967272,8.555856734796743,5.8078534174647185,10.375049717559023,0.12601844495547887,True,walking_dual_task,P01,24,0.68
2026-04-01T14:05:31.700502,1528.9059412413988,95778,81,-1.0815995337535727,10.442316449526626,6.762838864880018,12.487906946154025,2.1128572285950025,True,walking_dual_task,P01,24,0.68
2026-04-01T14:05:31.700526,1623.6857517963897,95765,82,-1.194697700819544,11.113952187660763,7.156359820282385,13.272555206263227,0.7846482601092024,True,walking_dual_task,P01,24,0.68
2026-04-01T14:05:31.759390,1648.3504310387264,95765,80,-1.6651311193528324,11.1667477504305,7.103747679407002,13.339120962756962,0.06656575649373409,True,walking_dual_task,P01,24,0.68
2026-04-01T14:05:31.760110,1574.8635261262023,95759,81,-2.369643283980624,10.093674058155566,6.732059909210893,12.361961652860833,0.9771593098961286,True,walking_dual_task,P01,24,0.68
2026-04-01T14:05:31.760581,1565.3430545879928,95759,81,-2.4272079156197535,10.517820464277252,7.020164817230058,12.876280505079535,0.5143188522187021,True,walking_dual_task,P01,24,0.68
2026-04-01T14:05:31.879887,1611.1798322517366,95727,79,-2.459716024280497,9.405224047568334,5.731661310636473,11.285405782908603,1.5908747221709323,True,walking_dual_task,P01,24,0.68
2026-04-01T14:05:31.880219,1614.1232187423163,95727,81,-2.082909729794522,9.695377651374073,5.903813405266184,11.540965014652684,0.25555923174408157,True,walking_dual_task,P01,24,0.68
2026-04-01T14:05:31.881013,1509.9440186638094,95602,81,-2.7763898709482273,9.005250992885108,5.177324423905606,10.752096277039731,0.7888687376129528,True,walking_dual_task,P01,24,0.68
2026-04-01T14:05:31.881731,1642.5460687417553,95602,81,-3.6006213757470293,7.985339111065373,4.574568018880575,9.882144887096207,0.8699513899435249,True,walking_dual_task,P01,24,0.68
2026-04-01T14:05:31.882058,1608.4404914356146,95515,79,-3.3951219760727267,8.016279823893191,4.652286441286125,9.870732727571127,0.011412159525079346,True,walking_dual_task,P01,24,0.68
2026-04-01T14:05:31.883333,1567.6042759825307,95515,80,-3.948757008479735,7.358171724873736,4.032285565272571,9.273332730181458,0.5973999973896689,True,walking_dual_task,P01,24,0.68
2026-04-01T14:05:31.940042,1658.9596118585546,95532,80,-4.084250579163035,7.087253822493402,3.7484313557778117,8.99783347072056,0.2754992594608989,True,walking_dual_task,P01,24,0.68
2026-04-01T14:05:31.940456,1704.279007150374,95532,82,-4.0760768434202825,6.257041358196892,3.036900326751571,8.061496919696568,0.9363365510239916,True,walking_dual_task,P01,24,0.68
2026-04-01T14:05:31.941102,1779.7732558925295,95618,83,-4.0679120960044814,7.130732703325133,4.082680614896077,9.16861705549634,1.1071201357997715,True,walking_dual_task,P01,24,0.68
2026-04-01T14:05:32.000137,1699.1838545027636,95618,83,-3.8088701288311784,7.220624584424254,3.9513387859319624,9.069619024452164,0.09899803104417515,True,walking_dual_task,P01,24,0.68
2026-04-01T14:05:32.000409,1635.5643786150188,95664,81,-3.3893470340524403,9.26226570015605,5.922349863790061,11.50441076833844,2.434791743886276,True,walking_dual_task,P01,24,0.68
2026-04-01T14:05:32.000968,1788.6601616430341,95664,81,-3.3231173339044178,9.283818485349869,5.957946992555276,11.520830128507164,0.01641936016872414,True,walking_dual_task,P01,24,0.68
2026-04-01T14:05:32.059575,1529.1079050189833,95647,80,-2.9660675323356176,10.400959123837664,6.708257876354803,12.727066867027677,1.2062367385205128,True,walking_dual_task,P01,24,0.68
2026-04-01T14:05:32.119787,1672.7807739808572,95647,81,-3.2470268741911403,9.827121300615994,6.606383664323376,12.27842830735998,0.44863855966769783,True,walking_dual_task,P01,24,0.68
2026-04-01T14:05:32.120436,1625.8485154375144,95620,79,-2.8599222081844324,9.809150816678244,6.632273709236653,12.18136483877885,0.0970634685811298,True,walking_dual_task,P01,24,0.68
2026-04-01T14:05:32.120993,1473.4999177561272,95620,81,-3.1994588373257558,8.601514928422796,5.901124530651427,10.91081420618453,1.27055063259432,True,walking_dual_task,P01,24,0.68
2026-04-01T14:05:32.121475,1610.8468305798096,95634,82,-3.071225123397551,8.709675601837628,5.9268596802328295,10.973538103866206,0.06272389768167663,True,walking_dual_task,P01,24,0.68
2026-04-01T14:05:32.122053,1634.0733108606532,95634,80,-2.76807429427965,7.218903353393823,4.854810668203181,9.12929282849399,1.8442452753722165,True,walking_dual_task,P01,24,0.68
2026-04-01T14:05:32.179861,1559.999111050788,95674,81,-3.07096114687023,7.00504937460589,4.665625138490648,8.959329050725215,0.1699637777687748,True,walking_dual_task,P01,24,0.68
2026-04-01T14:05:32.180744,1570.689852394959,95674,80,-2.7627264468918975,7.006122469238001,4.206995062572433,8.626541423468987,0.3327876272562271,True,walking_dual_task,P01,24,0.68
2026-04-01T14:05:32.180778,1545.3046739053016,95695,80,-3.333770169713758,7.661644383417095,4.396464179377417,9.441594964992344,0.8150535415233566,True,walking_dual_task,P01,24,0.68
2026-04-01T14:05:32.239832,1636.4512908878903,95695,81,-3.0428161796104036,8.05819264085486,4.4467594840307285,9.693650955591682,0.25205599059933803,True,walking_dual_task,P01,24,0.68
2026-04-01T14:05:32.240411,1569.4120644478066,95676,81,-3.705510069942664,8.922771240156202,4.629174351589322,10.713351793907336,1.0197008383156536,True,walking_dual_task,P01,24,0.68
2026-04-01T14:05:32.240815,1665.237107961905,95676,79,-3.3251440891938064,8.93458791853156,4.526135272150894,10.553167533479181,0.1601842604281547,True,walking_dual_task,P01,24,0.68
2026-04-01T14:05:32.299681,1605.943662856208,95635,79,-3.9634045021303566,8.623146571610977,4.944717730482471,10.701283356548458,0.1481158230692774,True,walking_dual_task,P01,24,0.68
2026-04-01T14:05:32.300224,1557.0977506687796,95635,81,-3.805434776647727,8.831454142389196,4.5298489129805155,10.629931668777273,0.07135168777118572,True,walking_dual_task,P01,24,0.68
2026-04-01T14:05:32.360669,1723.518111940812,95618,82,-3.516692497628284,8.442117114675781,4.781163639421144,10.319689590665973,0.31024207811129934,True,walking_dual_task,P01,24,0.68
2026-04-01T14:05:32.361929,1688.6175150742358,95618,80,-3.5881529047179925,8.527264142578318,4.726322916590483,10.38880182392688,0.06911223326090621,True,walking_dual_task,P01,24,0.68
2026-04-01T14:05:32.362255,1639.8541490226273,95639,81,-3.8615235498552303,8.473158186489583,5.046861121694657,10.591344624788443,0.20254280086156307,True,walking_dual_task,P01,24,0.68
2026-04-01T14:05:32.362789,1645.5887049775067,95639,82,-4.0533250880503715,8.558975215513527,4.858650142803314,10.643870640859745,0.052526016071302806,True,walking_dual_task,P01,24,0.68
2026-04-01T14:05:32.419567,1647.9405944905648,95671,82,-3.898780348663674,8.340874901043849,5.122370618531394,10.536098095385357,0.10777254547438808,True,walking_dual_task,P01,24,0.68
2026-04-01T14:05:32.420112,1727.7930980746564,95671,80,-3.72618358367216,8.482261325032583,5.104798940324646,10.577909694571563,0.041811599186205584,True,walking_dual_task,P01,24,0.68
2026-04-01T14:05:32.420136,1699.4822366081903,95702,81,-4.020256212950864,8.352915953671523,4.854138646099053,10.464049261276564,0.11386043329499884,True,walking_dual_task,P01,24,0.68
2026-04-01T14:05:32.479752,1567.7070223003902,95702,80,-3.91168734104933,8.454427046511743,5.0082308364072485,10.576436576165683,0.11238731488911924,True,walking_dual_task,P01,24,0.68
2026-04-01T14:05:32.480165,1522.7615255098501,95636,82,-3.8907322717172015,8.633509509486782,5.162584129695061,10.785525437212584,0.20908886104690083,True,walking_dual_task,P01,24,0.68
2026-04-01T14:05:32.481289,1631.4021564500665,95636,81,-3.917455056596931,8.417045055711545,5.148919495567039,10.616236318119778,0.16928911909280586,True,walking_dual_task,P01,24,0.68
2026-04-01T14:05:32.599954,1619.6147834679048,95506,82,-3.915540566658004,8.673046191814327,4.776921673175441,10.64763677283099,0.03140045471121233,True,walking_dual_task,P01,24,0.68
2026-04-01T14:05:32.600661,1664.946880454082,95506,81,-4.125756023737196,8.50210673910277,5.121807991485411,10.748981294622496,0.10134452179150522,True,walking_dual_task,P01,24,0.68
2026-04-01T14:05:32.601355,1704.6282504810677,95414,82,-4.073145181307708,8.475306559462368,4.971110150615792,10.636412415585973,0.11256887903652313,True,walking_dual_task,P01,24,0.68
2026-04-01T14:05:32.659695,1658.4664783410763,95414,82,-4.064217083734948,8.71625574738369,4.868152170645062,10.779140982196978,0.1427285666110052,True,walking_dual_task,P01,24,0.68
2026-04-01T14:05:32.660330,1589.98771110373,95407,82,-4.219458933345099,8.61310047171128,5.161901051996337,10.891949132114956,0.11280814991797783,True,walking_dual_task,P01,24,0.68
2026-04-01T14:05:32.661041,1608.930303482469,95407,81,-2.3528016597990815,9.236133342569856,5.07760820826914,10.799256450736138,0.09269268137881781,True,walking_dual_task,P01,24,0.68
2026-04-01T14:05:32.661650,1614.062952662835,95409,80,-2.235944127018108,9.174111843392986,5.536662694885206,10.946159511498255,0.14690306076211712,True,walking_dual_task,P01,24,0.68
2026-04-01T14:05:32.661864,1559.648649848581,95409,82,-2.3181282822847633,8.485010702491692,4.96491308262045,10.100469656035939,0.8456898554623162,True,walking_dual_task,P01,24,0.68
2026-04-01T14:05:32.662237,1502.095265581146,95402,82,-2.5075070002124247,8.578244661099692,5.193816565250482,10.33680817928194,0.23633852324600113,True,walking_dual_task,P01,24,0.68
2026-04-01T14:05:32.719584,1627.3718380771365,95402,82,-2.1826530636119794,7.261692931372376,4.772012265082201,8.959255531780151,1.3775526475017887,True,walking_dual_task,P01,24,0.68
2026-04-01T14:05:32.720202,1707.0026323153425,95402,81,-1.7692881794286386,5.5400416273625614,4.078875676106714,7.103496932913459,1.855758598866692,True,walking_dual_task,P01,24,0.68
2026-04-01T14:05:32.720706,1615.5106409963014,95402,83,-2.021927977951653,5.765848964592169,4.1933745292242675,7.410640793673586,0.3071438607601271,True,walking_dual_task,P01,24,0.68
2026-04-01T14:05:32.779621,1586.604540205741,95417,81,-1.7235608156623978,4.880808677887133,3.4255877143114084,6.207061013383583,1.2035797802900037,True,walking_dual_task,P01,24,0.68
2026-04-01T14:05:32.780497,1556.3229885244207,95417,82,-1.7679699682064491,5.0779418244357295,3.484674577721911,6.407352643132338,0.20029162974875536,True,walking_dual_task,P01,24,0.68
2026-04-01T14:05:32.781009,1539.2983134700955,95412,81,-0.732953042563975,5.481422456424731,3.872036090304529,6.750990726776471,0.34363808364413284,True,walking_dual_task,P01,24,0.68
2026-04-01T14:05:32.840515,1614.7551820172278,95412,81,-1.0533142189559865,5.199336069250883,3.798371162613293,6.524583503476705,0.22640722329976626,True,walking_dual_task,P01,24,0.68
2026-04-01T14:05:32.841077,1694.3904175082273,95414,80,-0.6486532898422323,5.972498155873999,4.70335195497829,7.62974474833461,1.1051612448579053,True,walking_dual_task,P01,24,0.68
2026-04-01T14:05:32.841638,1557.2927364736543,95414,82,-0.17280505528543372,6.496478673550039,4.805539624997039,8.08253102873347,0.45278628039886026,True,walking_dual_task,P01,24,0.68
2026-04-01T14:05:32.900069,1435.0997662308068,95419,82,-0.3284169316514524,6.371046553799823,4.909328212471512,8.049819586142828,0.03271144259064229,True,walking_dual_task,P01,24,0.68
2026-04-01T14:05:32.901143,1548.140154318188,95419,81,-0.7536546897385745,5.888718055843896,4.71945956173671,7.584081637710325,0.46573794843250305,True,walking_dual_task,P01,24,0.68
2026-04-01T14:05:32.901189,1631.1457473574424,95418,82,-0.6767883355014983,6.109093410693712,4.6833806443773955,7.727426415811479,0.1433447781011541,True,walking_dual_task,P01,24,0.68
2026-04-01T14:05:32.959937,1517.1185836289208,95418,81,-1.9917578712023984,5.4280794255093205,4.915870792045092,7.589264214086655,0.13816220172482385,True,walking_dual_task,P01,24,0.68
2026-04-01T14:05:32.960508,1706.677191586689,95437,80,-2.0643018409060465,5.876779527053266,5.060751122609345,8.025526875224594,0.4362626611379392,True,walking_dual_task,P01,24,0.68
2026-04-01T14:05:32.960952,1607.191257739451,95437,82,-1.889654830921381,5.964019314726407,5.119792759661241,8.084095476201021,0.05856860097642702,True,walking_dual_task,P01,24,0.68
2026-04-01T14:05:33.019636,1517.8764160506576,95432,81,-1.851551740029165,6.454546436067323,5.3342056232854,8.575731057632579,0.4916355814315576,True,walking_dual_task,P01,24,0.68
2026-04-01T14:05:33.020239,1509.2757870889573,95432,81,-1.8492603225494904,6.494507030768765,5.11661931376526,8.472200334934039,0.10353072269854025,True,walking_dual_task,P01,24,0.68
2026-04-01T14:05:33.020730,1562.8652517198202,95440,83,-1.9165291058121794,7.522011429140119,5.895572291634878,9.74738490054808,1.2751845656140421,True,walking_dual_task,P01,24,0.68
2026-04-01T14:05:33.079737,1629.2540857298134,95440,82,-1.9522405696409126,8.784109359675147,6.163947747904509,10.907156931271388,1.1597720307233068,True,walking_dual_task,P01,24,0.68
2026-04-01T14:05:33.080453,1511.8263077890772,95413,82,-1.9840685259539395,8.60230122556398,6.648283176675282,11.051505937576298,0.14434900630491043,True,walking_dual_task,P01,24,0.68
2026-04-01T14:05:33.080939,1648.4701582803991,95413,83,-2.1822588889837964,9.326087585136518,6.743910190200132,11.714029543998574,0.6625236064222761,True,walking_dual_task,P01,24,0.68
2026-04-01T14:05:33.140042,1620.0726723403263,95287,79,-2.2662878319202227,9.363596902563025,6.820677292682997,11.804009751847843,0.08998020784926908,True,walking_dual_task,P01,24,0.68
2026-04-01T14:05:33.140407,1680.3809927017603,95287,82,-2.26584563515201,9.563472522451498,6.710285491586722,11.900503960279224,0.09649420843138046,True,walking_dual_task,P01,24,0.68
2026-04-01T14:05:33.140792,1703.6868515959616,95174,82,-2.4667930483270806,9.230919453074542,7.274778938344104,12.009052855833376,0.10854889555415248,True,walking_dual_task,P01,24,0.68
2026-04-01T14:05:33.199749,1642.5201030757346,95174,81,-2.410850953261137,9.601603228339531,7.027342921217494,12.140285639377925,0.13123278354454904,True,walking_dual_task,P01,24,0.68
2026-04-01T14:05:33.200180,1606.0558830357543,95135,81,-2.038081605927089,9.428842046511145,6.9891071492235515,11.912365747986525,0.2279198913913998,True,walking_dual_task,P01,24,0.68
2026-04-01T14:05:33.320287,1652.4730152230275,95135,81,-3.1680959551946586,9.43418113846258,6.065168184706033,11.654478574497194,0.25788717348933154,True,walking_dual_task,P01,24,0.68
2026-04-01T14:05:33.320908,1640.8314165415795,95110,81,-3.207189462007183,9.10916865290627,5.997674900509417,11.36816264857698,0.2863159259202135,True,walking_dual_task,P01,24,0.68
2026-04-01T14:05:33.321285,1685.3733179449164,95110,81,-6.030667183796177,7.300710475324735,4.547787490791064,10.504841321392156,0.8633213271848241,True,walking_dual_task,P01,24,0.68
2026-04-01T14:05:33.321777,1627.8867428998649,95128,81,-6.124795223718696,6.6304288910250815,4.355296843222753,10.022191097959244,0.48265022343291264,True,walking_dual_task,P01,24,0.68
2026-04-01T14:05:33.322500,1538.0738051345843,95128,81,-6.175582738195433,6.231756093857431,4.046690929718207,9.66169310474568,0.36049799321356346,True,walking_dual_task,P01,24,0.68
2026-04-01T14:05:33.322869,1652.7495655860107,95128,81,-3.263087274801909,6.888543725192967,5.8440336758435585,9.60481664693622,0.05687645780946049,True,walking_dual_task,P01,24,0.68
2026-04-01T14:05:33.323270,1582.9056854083374,95128,81,-3.2625827018385634,6.955154750294444,5.690523173476517,9.560370153647444,0.04444649328877581,True,walking_dual_task,P01,24,0.68
2026-04-01T14:05:33.379895,1561.0733976466397,95025,81,-2.1615731054453065,8.920293681875757,7.206773398857573,11.669688105668383,2.1093179520209393,True,walking_dual_task,P01,24,0.68
2026-04-01T14:05:33.380937,1624.4796520069456,95025,80,-2.1831929554535425,8.770815863121829,7.433759369066855,11.702748426874804,0.03306032120642044,True,walking_dual_task,P01,24,0.68
2026-04-01T14:05:33.380980,1493.9486609750866,94913,82,-2.3203159595090215,8.764317788535305,7.445898672484667,11.731945256064638,0.029196829189833906,True,walking_dual_task,P01,24,0.68
2026-04-01T14:05:33.440096,1649.6920833143017,94913,81,-2.2521105896384737,8.801991941003575,7.534222021098262,11.803032055393885,0.07108679932924744,True,walking_dual_task,P01,24,0.68
2026-04-01T14:05:33.440706,1495.0896190083186,94903,81,-2.0383769827362577,8.632555162492093,7.587271172191313,11.672303679976082,0.13072837541780302,True,walking_dual_task,P01,24,0.68
2026-04-01T14:05:33.441107,1687.6197084374598,94903,81,-2.0602011836211545,8.955031792659591,7.245512188694011,11.701900281623132,0.029596601647050136,True,walking_dual_task,P01,24,0.68
2026-04-01T14:05:33.500689,1684.1973186545608,94957,82,-2.2882598514005785,8.578180113095234,7.301486976204177,11.49491275582001,0.20698752580312174,True,walking_dual_task,P01,24,0.68
2026-04-01T14:05:33.501218,1547.603130797523,94957,81,-2.0166806053539137,8.859755079332663,7.670969927708868,11.891427179341651,0.3965144235216407,True,walking_dual_task,P01,24,0.68
2026-04-01T14:05:33.502740,1752.5869203148595,95029,81,-2.073983122828093,8.699564694170176,7.4354348994799215,11.630542721912507,0.26088445742914423,True,walking_dual_task,P01,24,0.68
2026-04-01T14:05:33.560281,1692.9881107517176,95029,82,-1.8879316174007539,8.972878108758355,7.3649676405873254,11.76093430359658,0.13039158168407283,True,walking_dual_task,P01,24,0.68
2026-04-01T14:05:33.619970,1480.8125494578396,95068,79,-2.0182397056278654,8.664491564124832,7.4590800401012975,11.60967616339064,0.15125814020593964,True,walking_dual_task,P01,24,0.68
2026-04-01T14:05:33.679482,1677.0508581011418,95068,80,-2.0821290216385577,8.736452671603004,7.4640905390337835,11.677907095057849,0.06823093166720895,True,walking_dual_task,P01,24,0.68
2026-04-01T14:05:33.680154,1670.693645235473,95094,80,-2.008420755300518,8.620216875846808,7.31646118965911,11.48357510781133,0.19433198724651923,True,walking_dual_task,P01,24,0.68
2026-04-01T14:05:33.681054,1659.305793858022,95094,82,-4.0542071609477865,7.400651923207761,5.964563161827322,10.333550130704674,1.1500249771066553,True,walking_dual_task,P01,24,0.68
2026-04-01T14:05:33.681551,1610.8542928539991,95153,80,-4.058546360173816,7.4747783309174896,5.870349927096229,10.334656158798534,0.0011060280938597344,True,walking_dual_task,P01,24,0.68
2026-04-01T14:05:33.682006,1578.3602205641703,95153,82,-5.600262767340371,6.5448927580549,4.881832622744787,9.901053178030786,0.4336029807677484,True,walking_dual_task,P01,24,0.68
2026-04-01T14:05:33.682734,1751.3330487596565,95262,82,-5.567375302744499,6.559843410541632,5.301259099293056,10.105966622261983,0.20491344423119706,True,walking_dual_task,P01,24,0.68
2026-04-01T14:05:33.739735,1650.4248910234176,95262,81,-5.766263068807772,6.7378219634277015,4.422181311151903,9.909779116521534,0.19618750574044874,True,walking_dual_task,P01,24,0.68
2026-04-01T14:05:33.740309,1696.7763754252444,95378,82,-6.151780412979765,6.662546279057812,4.1855128658696295,9.987614485975557,0.07783536945402325,True,walking_dual_task,P01,24,0.68
2026-04-01T14:05:33.740798,1593.9463127951535,95378,80,-5.747069266416197,8.84798505810326,4.858598272474028,11.61557669316043,1.627962207184872,True,walking_dual_task,P01,24,0.68
2026-04-01T14:05:33.741251,1524.5958177029665,95368,81,-4.817120977237535,11.353438293113214,5.409021301119857,13.467097943537789,1.8515212503773597,True,walking_dual_task,P01,24,0.68
2026-04-01T14:05:33.800076,1601.2384556235465,95368,81,-4.743318411277522,11.36193106543848,6.031279937763684,13.71017449831369,0.24307655477590018,True,walking_dual_task,P01,24,0.68
2026-04-01T14:05:33.800617,1681.4381894533392,95240,81,-3.9624674630279446,10.786221789947993,5.805319317693089,12.874216919016261,0.8359575792974283,True,walking_dual_task,P01,24,0.68
2026-04-01T14:05:33.801045,1514.216293654535,95240,80,-3.6427869109363846,10.927937596427718,6.086057618946075,13.028039527535961,0.1538226085197003,True,walking_dual_task,P01,24,0.68
2026-04-01T14:05:33.859968,1625.825452200659,95180,82,-2.6508852939488916,11.01174179693192,7.176244377318626,13.408360586103326,0.38032105856736464,True,walking_dual_task,P01,24,0.68
2026-04-01T14:05:33.860539,1598.8645145058583,95180,82,-1.6779217665756678,10.241880357351803,8.210821961617693,13.233636385908467,0.17472420019485924,True,walking_dual_task,P01,24,0.68
2026-04-01T14:05:33.860904,1580.109001878096,95161,79,-1.5435705797888748,10.506989135998303,8.329565634154841,13.4967068017524,0.26307041584393254,True,walking_dual_task,P01,24,0.68
2026-04-01T14:05:33.919580,1593.5190529126135,95161,82,-1.427514562935857,8.576492843638913,7.67689040675371,11.598649647337858,1.8980571544145413,True,walking_dual_task,P01,24,0.68
2026-04-01T14:05:33.919936,1636.970524156408,95158,80,-1.507809447153337,8.72952246074107,7.453419210453753,11.577197832302458,0.021451815035399946,True,walking_dual_task,P01,24,0.68
2026-04-01T14:05:33.920397,1700.5248722353813,95158,81,-1.4586340122244423,7.748951865126679,6.949347199773399,10.510342272859937,1.066855559442521,True,walking_dual_task,P01,24,0.68
2026-04-01T14:05:33.979629,1608.5437596455988,95210,82,-1.0435103786901823,8.713743907504877,6.608370537243669,10.98584580055276,0.47550352769282256,True,walking_dual_task,P01,24,0.68
2026-04-01T14:05:34.040023,1591.8355093574073,95210,81,-1.3636723698894913,8.435867471399169,6.605441291970276,10.800709096586047,0.18513670396671245,True,walking_dual_task,P01,24,0.68
2026-04-01T14:05:34.040397,1542.6755801044199,95270,80,-1.3806356597915235,9.76332480617995,7.193387880489354,12.205469892438712,1.4047607958526651,True,walking_dual_task,P01,24,0.68
2026-04-01T14:05:34.040724,1540.6733667552562,95270,81,-1.1849135347794066,9.357756297820183,7.324236157039573,11.942196544119618,0.2632733483190943,True,walking_dual_task,P01,24,0.68
2026-04-01T14:05:34.041470,1691.7922843601307,95289,80,-1.3555464338622163,9.06538904552079,7.155129468080453,11.628183967670884,0.31401257644873404,True,walking_dual_task,P01,24,0.68
2026-04-01T14:05:34.041817,1534.343052062707,95289,81,-2.2908187343306836,7.540481749942677,5.857720250367513,9.819348350391927,1.808835617278957,True,walking_dual_task,P01,24,0.68
2026-04-01T14:05:34.099447,1654.8112960437738,95305,79,-2.1423404811478832,7.375962796393197,5.934112878661569,9.706088067168904,0.11326028322302228,True,walking_dual_task,P01,24,0.68
2026-04-01T14:05:34.099789,1719.2154271267275,95305,81,-2.574637705047886,5.5960257819855705,4.212074459160983,7.4622942259346585,2.243793841234246,True,walking_dual_task,P01,24,0.68
2026-04-01T14:05:34.100524,1703.9320321899384,95414,81,-2.3663688850428675,5.493150985143254,4.405192747174439,7.428333096020776,0.03396112991388289,True,walking_dual_task,P01,24,0.68
2026-04-01T14:05:34.160034,1642.6341579506045,95414,81,-2.378992603441759,5.451778415353124,4.3629529765493915,7.376777912674478,0.05155518334629772,True,walking_dual_task,P01,24,0.68
2026-04-01T14:05:34.160878,1601.0843905001173,95496,82,-2.821068773180282,4.668027757556849,3.918741389598909,6.716058832893717,0.6607190797807609,True,walking_dual_task,P01,24,0.68
2026-04-01T14:05:34.161042,1625.6041958264848,95496,82,-2.352464487194429,4.786975846188978,3.525280217008952,6.3934988483570026,0.3225599845367144,True,walking_dual_task,P01,24,0.68
2026-04-01T14:05:34.219497,1693.4272694567433,95559,81,-2.1955246312975807,4.746131343525558,3.6492247625459857,6.376749368150587,0.016749480206415868,True,walking_dual_task,P01,24,0.68
2026-04-01T14:05:34.219960,1602.0627057412619,95559,81,-2.4104113085411925,4.72390266960629,3.5810531302625206,6.399162494422196,0.022413126271609407,True,walking_dual_task,P01,24,0.68
2026-04-01T14:05:34.340491,1534.387890447159,95616,80,-2.202274300208535,4.752053546972662,3.573359358231584,6.340419710848461,0.0587427835737353,True,walking_dual_task,P01,24,0.68
2026-04-01T14:05:34.340566,1658.265350793526,95616,81,-2.3317615145844037,4.200358404917759,3.620328062247648,6.015554651813749,0.3248650590347122,True,walking_dual_task,P01,24,0.68
2026-04-01T14:05:34.343228,1742.3304663996362,95675,82,-2.2450375853074456,3.638008683214985,3.9289430780235914,5.806194506640319,0.20936014517342993,True,walking_dual_task,P01,24,0.68
2026-04-01T14:05:34.343270,1605.1872781843538,95675,81,-2.1915382550648563,3.8958076108982556,3.8065992062677414,5.87114591725531,0.06495141061499154,True,walking_dual_task,P01,24,0.68
2026-04-01T14:05:34.343285,1705.1373028966495,95723,80,-2.5583682364512534,4.401403106461869,4.2932528849319995,6.659550861194156,0.7884049439388461,True,walking_dual_task,P01,24,0.68
2026-04-01T14:05:34.343297,1632.5790526408975,95723,80,-2.769554119152799,4.15093517436429,4.105390422571964,6.461804961652475,0.19774589954168142,True,walking_dual_task,P01,24,0.68
2026-04-01T14:05:34.343308,1606.6329904668692,95750,81,-2.694128835020338,5.018923790978574,4.645434568062192,7.350373359597861,0.8885683979453862,True,walking_dual_task,P01,24,0.68
2026-04-01T14:05:34.399659,1587.348381811775,95750,80,-2.558125284503843,4.776599947108433,4.244297701497959,6.882875489566479,0.4674978700313819,True,walking_dual_task,P01,24,0.68
2026-04-01T14:05:34.459935,1583.3313454755878,95657,80,-2.7650993418733787,4.733317507337057,4.462705652431099,7.068649852406933,0.185774362840454,True,walking_dual_task,P01,24,0.68
2026-04-01T14:05:34.460542,1652.0674954388373,95657,80,-2.532683697321616,5.019651632285979,4.734448192067028,7.350264546501489,0.2816146940945554,True,walking_dual_task,P01,24,0.68
2026-04-01T14:05:34.461044,1642.8851557863366,95513,81,-2.8513136076680707,5.06390320823245,4.465430809138633,7.328927431952407,0.02133711454908127,True,walking_dual_task,P01,24,0.68
2026-04-01T14:05:34.461431,1611.272127020186,95513,82,-2.597136285920857,5.182277762910088,4.480519920988823,7.326402832357559,0.002524599594848631,True,walking_dual_task,P01,24,0.68
2026-04-01T14:05:34.519923,1644.7698881055142,95421,81,-2.691151984160786,5.009931249224694,4.631850023348682,7.334558252724279,0.008155420366720456,True,walking_dual_task,P01,24,0.68
2026-04-01T14:05:34.521294,1605.9674817640187,95421,80,-2.3793610169139052,4.945607350512549,4.240304251715674,6.935457523579201,0.3991007291450783,True,walking_dual_task,P01,24,0.68
2026-04-01T14:05:34.522043,1616.3519899415382,95376,81,-2.757095340733588,5.010012690236486,4.540625763773454,7.301991796822889,0.3665342732436878,True,walking_dual_task,P01,24,0.68
2026-04-01T14:05:34.522386,1713.5137252656525,95376,82,-2.847962874481772,5.193481356638178,4.631213142515691,7.518728370381847,0.2167365735589586,True,walking_dual_task,P01,24,0.68
2026-04-01T14:05:34.580310,1590.371536520372,95363,81,-2.5926455144257368,4.777399626896469,4.2852114716045495,6.9215890744043485,0.5971392959774988,True,walking_dual_task,P01,24,0.68
2026-04-01T14:05:34.580919,1729.2965985731125,95363,80,-2.6622871017971574,4.988071385293706,4.436759190726174,7.187034219598133,0.2654451451937847,True,walking_dual_task,P01,24,0.68
2026-04-01T14:05:34.581424,1719.029008737573,95360,82,-2.6958970597197873,4.891942105398671,4.796063783058529,7.362145497770597,0.17511127817246397,True,walking_dual_task,P01,24,0.68
2026-04-01T14:05:34.639960,1601.6297808471973,95360,80,-2.9837047441616367,8.85317843736253,6.202505817156843,11.213935119126468,3.851789621355871,True,walking_dual_task,P01,24,0.68
2026-04-01T14:05:34.640253,1659.568243838804,95375,81,-2.9903865252796593,8.669114393639706,6.3433591590223175,11.150522918721686,0.06341220040478213,True,walking_dual_task,P01,24,0.68
2026-04-01T14:05:34.640589,1650.4776929252225,95375,82,-4.297170981002338,7.3000656793960585,4.7942607370932935,9.73352831087983,1.4169946078418558,True,walking_dual_task,P01,24,0.68
2026-04-01T14:05:34.700032,1626.0720366159,95366,81,-4.2351743208146715,7.300851999321464,4.4826286439843885,9.556835302732466,0.17669300814736388,True,walking_dual_task,P01,24,0.68
2026-04-01T14:05:34.700699,1643.3171304386603,95366,81,-4.264634673602469,6.796113160753802,3.921052829458468,8.930224985097952,0.6266103176345137,True,walking_dual_task,P01,24,0.68
2026-04-01T14:05:34.701172,1603.5543747249496,95452,82,-4.0162087382684595,8.05580464589426,4.7387714638983205,10.172604195053127,1.2423792099551747,True,walking_dual_task,P01,24,0.68
2026-04-01T14:05:34.759976,1656.6832190932848,95452,81,-4.015083753833241,7.530118368388137,4.845486161718813,9.813374360312592,0.3592298347405354,True,walking_dual_task,P01,24,0.68
2026-04-01T14:05:34.760682,1625.7412220027827,95494,82,-3.0257067086615845,8.76798147239884,5.784878718224695,10.931478489744105,1.1181041294315133,True,walking_dual_task,P01,24,0.68
2026-04-01T14:05:34.761134,1603.0116371276295,95494,82,-2.9174630770295273,8.459942509045634,5.770499799031172,10.648046111508286,0.283432378235819,True,walking_dual_task,P01,24,0.68
2026-04-01T14:05:34.819654,1537.3164571127224,95454,81,-3.508007643713241,8.254500556702046,5.99166955258882,10.78624128676736,0.13819517525907443,True,walking_dual_task,P01,24,0.68
2026-04-01T14:05:34.820307,1622.5712397679642,95454,81,-3.7436044210212653,8.4933423075481,5.891416682989716,10.993644898162119,0.20740361139475816,True,walking_dual_task,P01,24,0.68
2026-04-01T14:05:34.820661,1648.0242947958698,95470,80,-3.643017724653791,8.213959021258768,6.026079776830254,10.819165329256345,0.17447956890577387,True,walking_dual_task,P01,24,0.68
2026-04-01T14:05:34.879633,1423.9700557759813,95470,81,-3.4607321694622297,8.107840074129571,5.491902945466158,10.38627631920276,0.43288901005358404,True,walking_dual_task,P01,24,0.68
2026-04-01T14:05:34.880477,1716.4987558612543,95516,81,-3.3451994915715058,8.117759150025314,5.680240430896028,10.457222604927939,0.07094628572517792,True,walking_dual_task,P01,24,0.68
2026-04-01T14:05:34.881103,1617.8054657603573,95516,82,-3.5599856416025406,7.468179565272412,5.08007039724957,9.708466358214364,0.7487562467135742,True,walking_dual_task,P01,24,0.68
2026-04-01T14:05:34.940007,1622.6273769023694,95558,81,-3.4926502901331373,7.84595857183013,4.816894001247572,9.84683399775261,0.13836763953824516,True,walking_dual_task,P01,24,0.68
2026-04-01T14:05:34.940410,1534.363619107718,95558,80,-3.8071546127005567,8.351110351779383,5.116684384880587,10.507898431517347,0.6610644337647376,True,walking_dual_task,P01,24,0.68
2026-04-01T14:05:34.941071,1635.208395625969,95589,81,-4.590667210023388,8.771465311402885,5.319184977992013,11.238619042054228,0.7307206105368813,True,walking_dual_task,P01,24,0.68
2026-04-01T14:05:35.059819,1531.6954924590189,95589,82,-4.428593776080293,8.425368544513491,5.161029718028148,10.82753460833925,0.41108443371497927,True,walking_dual_task,P01,24,0.68
2026-04-01T14:05:35.060709,1659.0132767190821,95608,80,-4.2993091149772775,8.560259741702527,5.426617837283104,11.00955434445277,0.18201973611352074,True,walking_dual_task,P01,24,0.68
2026-04-01T14:05:35.060753,1608.4840729588018,95608,80,-4.637657435471179,8.197615258649252,5.370964944026572,10.842325712114654,0.1672286323381158,True,walking_dual_task,P01,24,0.68
2026-04-01T14:05:35.061059,1568.5934940410468,95552,81,-4.440158142635112,8.47571795559735,5.427826606008376,11.000640929479365,0.1583152173647111,True,walking_dual_task,P01,24,0.68
2026-04-01T14:05:35.061860,1535.1349333828875,95552,82,-4.4343069596586995,8.02325595024831,5.610263753357274,10.747593853412349,0.25304707606701626,True,walking_dual_task,P01,24,0.68
2026-04-01T14:05:35.062234,1646.4161568172942,95464,81,-4.460679782355172,7.934242619227929,5.656852288056043,10.716802128917466,0.030791724494882544,True,walking_dual_task,P01,24,0.68
2026-04-01T14:05:35.120501,1725.8317496054565,95464,80,-4.699289557395125,7.821720947969566,5.5059016093017155,10.65727889582796,0.059523233089507244,True,walking_dual_task,P01,24,0.68
2026-04-01T14:05:35.120556,1637.451179886112,95426,82,-4.286558702965918,8.381607835289866,5.591100927295698,10.949262303816278,0.2919834079883188,True,walking_dual_task,P01,24,0.68
2026-04-01T14:05:35.179779,1684.65645514519,95426,81,-4.526380927636264,7.961756860005909,5.50774781837567,10.687047423434707,0.2622148803815705,True,walking_dual_task,P01,24,0.68
2026-04-01T14:05:35.180319,1646.991579330054,95433,82,-4.35123383646637,8.650848128211022,5.589915255558402,11.18112524754582,0.49407782411111256,True,walking_dual_task,P01,24,0.68
2026-04-01T14:05:35.180845,1645.4077703304886,95433,80,-4.370419843143039,8.513360532926674,5.206445964474746,10.894262561088167,0.28686268645765267,True,walking_dual_task,P01,24,0.68
2026-04-01T14:05:35.181490,1608.6594947974893,95432,82,-4.4171114090592685,8.557912725427261,5.244741507479808,10.966132266955062,0.07186970586689512,True,walking_dual_task,P01,24,0.68
2026-04-01T14:05:35.240116,1600.7516450778476,95432,80,-4.246759767157316,7.925532090211279,5.111520371272812,10.342952573557117,0.6231796933979457,True,walking_dual_task,P01,24,0.68
2026-04-01T14:05:35.240179,1680.4076055060973,95466,81,-4.054155074696696,7.864342112601296,5.033738685580497,10.17951744379039,0.16343512976672692,True,walking_dual_task,P01,24,0.68
2026-04-01T14:05:35.240770,1610.8514495898676,95466,83,-3.611759921756915,9.009231689876888,5.41124274055348,11.112723040348131,0.933205596557741,True,walking_dual_task,P01,24,0.68
2026-04-01T14:05:35.299882,1569.5882123764475,95489,80,-3.0118867810728434,9.876221171301285,5.990704264459945,11.937325671635152,0.8246026312870214,True,walking_dual_task,P01,24,0.68
2026-04-01T14:05:35.299934,1608.0454719746606,95489,81,-3.1150882554802317,9.95927785056285,6.330765586181294,12.205309625376984,0.26798395374183137,True,walking_dual_task,P01,24,0.68
2026-04-01T14:05:35.360122,1596.7155838141257,95459,81,-2.898162124908846,9.726509270951752,5.785819148796458,11.682466756757593,0.5228428686193904,True,walking_dual_task,P01,24,0.68
2026-04-01T14:05:35.360190,1571.3109321420602,95459,83,-2.7795961024310656,9.591799629277201,5.78900372933359,11.543021216262684,0.13944554049490954,True,walking_dual_task,P01,24,0.68
2026-04-01T14:05:35.361336,1680.2498819732514,95461,81,-2.9271453919613246,9.583273096731102,5.094124231095494,11.24088097410718,0.30214024215550417,True,walking_dual_task,P01,24,0.68
2026-04-01T14:05:35.361378,1558.747969642805,95461,82,-3.047882790107161,9.745177593152489,5.098895620793959,11.413010662225131,0.17212968811795193,True,walking_dual_task,P01,24,0.68
2026-04-01T14:05:35.419453,1597.4527753984885,95463,81,-2.895046279192372,9.453952541909876,5.437258570659567,11.28371802144846,0.12929264077667213,True,walking_dual_task,P01,24,0.68
2026-04-01T14:05:35.420031,1668.2602398671452,95463,81,-2.9474728315298475,9.764382901934896,5.5239434973311115,11.599341417076738,0.315623395628279,True,walking_dual_task,P01,24,0.68
2026-04-01T14:05:35.420066,1730.044324460981,95467,82,-3.078130421693218,9.800761492623662,5.1791998669817785,11.504517547050469,0.09482387002626957,True,walking_dual_task,P01,24,0.68
2026-04-01T14:05:35.479719,1475.0800124003904,95467,80,-2.99369273481101,9.584534857009588,5.232482638200792,11.322737265112387,0.1817802819380816,True,walking_dual_task,P01,24,0.68
2026-04-01T14:05:35.480134,1762.2904511126376,95491,81,-2.9892311609418227,9.524717896992305,5.018462583238189,11.173214427826615,0.14952283728577243,True,walking_dual_task,P01,24,0.68
2026-04-01T14:05:35.480608,1588.8626149530937,95491,81,-3.059849771287376,9.56462972996739,5.472968374861444,11.436704303533295,0.26348987570668037,True,walking_dual_task,P01,24,0.68
2026-04-01T14:05:35.539680,1495.5020629078401,95557,83,-3.1663330019368803,9.620014296518756,5.093389770053569,11.33635563547943,0.100348668053865,True,walking_dual_task,P01,24,0.68
2026-04-01T14:05:35.540564,1645.9451148108267,95557,80,-2.7446114039831953,9.693427853455956,5.349377675847711,11.40663301890125,0.07027738342181955,True,walking_dual_task,P01,24,0.68
2026-04-01T14:05:35.540997,1617.459996563644,95612,81,-2.9301707083245008,9.758186099539017,5.252783297826486,11.462976433155758,0.05634341425450806,True,walking_dual_task,P01,24,0.68
2026-04-01T14:05:35.599617,1656.9367632939502,95612,82,-3.005635765824236,9.54779101531847,5.1944604790606475,11.277259387702356,0.1857170454534014,True,walking_dual_task,P01,24,0.68
2026-04-01T14:05:35.600171,1587.6618390091214,95643,82,-2.7943098101052586,9.464919938463472,5.3868630486150275,11.243272222129457,0.03398716557289916,True,walking_dual_task,P01,24,0.68
2026-04-01T14:05:35.600761,1528.7619859482772,95643,80,-3.7052889571034657,4.654130691001645,3.422557344279882,6.863235207935139,4.380037014194318,True,walking_dual_task,P01,24,0.68
2026-04-01T14:05:35.659887,1557.6653383368125,95660,82,-3.3458973144685764,4.7608241763002015,3.48570051266523,6.783110181959834,0.08012502597530524,True,walking_dual_task,P01,24,0.68
2026-04-01T14:05:35.660529,1549.5508576520906,95660,80,-2.980962895697946,5.5121673631333605,3.6632420226433533,7.258751334849585,0.47564115288975106,True,walking_dual_task,P01,24,0.68
2026-04-01T14:05:35.660990,1577.37679775707,95617,81,-3.0943057219270163,5.456949238913218,3.559491353887159,7.2126972482715,0.04605408657808496,True,walking_dual_task,P01,24,0.68
2026-04-01T14:05:35.719783,1575.0568965280534,95617,82,-3.342274286817089,6.103571867997139,3.8955351538514145,7.974934550892373,0.7622373026208731,True,walking_dual_task,P01,24,0.68
2026-04-01T14:05:35.720540,1505.2578454832424,95474,80,-3.2616220604337864,6.120306373091821,3.778671228336659,7.897764545583514,0.07717000530885887,True,walking_dual_task,P01,24,0.68
2026-04-01T14:05:35.720585,1590.7187619129295,95474,82,-3.4508964499033823,6.0578431856222155,3.85017916181414,7.964297203621492,0.06653265803797836,True,walking_dual_task,P01,24,0.68
2026-04-01T14:05:35.779703,1537.6333503272997,95400,82,-3.2695803459414465,5.914415987617802,4.025263633195099,7.865953179995331,0.09834402362616146,True,walking_dual_task,P01,24,0.68
2026-04-01T14:05:35.840588,1687.1197649836824,95400,81,-3.188334014651006,6.016312290378196,3.9306815903944594,7.862044589634572,0.003908590360758524,True,walking_dual_task,P01,24,0.68
2026-04-01T14:05:35.841239,1657.1886488441237,95377,82,-3.351532096717432,5.580050003644135,3.906906605810074,7.59168259775252,0.27036199188205234,True,walking_dual_task,P01,24,0.68
2026-04-01T14:05:35.841780,1631.6254619010535,95377,82,-2.9470529135332906,6.216740174103096,4.135928649991842,8.027383450745068,0.43570085299254835,True,walking_dual_task,P01,24,0.68
2026-04-01T14:05:35.842310,1614.2845445342748,95373,81,-3.3108935383888762,6.581358238306871,4.4217499250630175,8.592331737268395,0.5649482865233271,True,walking_dual_task,P01,24,0.68
2026-04-01T14:05:35.842343,1621.091141640868,95373,80,-3.745245274215906,7.899567281779755,5.372625086443246,10.261341321819534,1.669009584551139,True,walking_dual_task,P01,24,0.68
2026-04-01T14:05:35.899711,1611.033201519574,95343,81,-3.557948806376065,7.902283569268232,5.64684026927018,10.343688430370033,0.08234710855049876,True,walking_dual_task,P01,24,0.68
2026-04-01T14:05:35.900533,1539.30906310288,95343,82,-3.5285753255245873,8.634715419351634,5.666613869070175,10.914195661716363,0.5705072313463297,True,walking_dual_task,P01,24,0.68
2026-04-01T14:05:35.900579,1588.8800454044172,95328,79,-3.624610970043331,8.514449807182679,5.82523215102958,10.93466916813583,0.020473506419467213,True,walking_dual_task,P01,24,0.68
2026-04-01T14:05:35.959785,1695.2998947656044,95328,82,-3.6661934604608075,8.836490930633207,6.090593455125634,11.341070279841658,0.4064011117058275,True,walking_dual_task,P01,24,0.68
2026-04-01T14:05:35.960159,1540.0407341568784,95321,81,-3.7766415515274065,8.730974518999096,6.397827598631409,11.464080226601023,0.12300994675936572,True,walking_dual_task,P01,24,0.68
2026-04-01T14:05:36.079663,1734.5811560711404,95321,82,-2.576537699045301,9.035551676119022,6.3217353802965635,11.324490223622089,0.13959000297893454,True,walking_dual_task,P01,24,0.68
2026-04-01T14:05:36.080400,1653.0520114434498,95300,80,-2.464902867883878,9.008281764786258,6.031604013276269,11.117784557853835,0.20670566576825422,True,walking_dual_task,P01,24,0.68
2026-04-01T14:05:36.080880,1664.8454730365324,95300,82,-4.039946418063141,8.332834420750268,5.954150500088866,11.00950519878937,0.10827935906446484,True,walking_dual_task,P01,24,0.68
2026-04-01T14:05:36.081667,1576.4885851476279,95270,80,-3.692246872606947,8.541948074119562,5.689536352769761,10.907263074608556,0.10224212418081358,True,walking_dual_task,P01,24,0.68
2026-04-01T14:05:36.082056,1628.875109480096,95270,82,-5.080435762103062,7.43245000819645,5.171000706490431,10.382263190832703,0.5249998837758536,True,walking_dual_task,P01,24,0.68
2026-04-01T14:05:36.082695,1690.6910726699427,95344,80,-5.2565552693082385,7.171090530088925,4.677409460848144,10.04659504282197,0.33566814801073264,True,walking_dual_task,P01,24,0.68
2026-04-01T14:05:36.083178,1631.28141415328,95344,81,-5.034510837289389,7.332027033116486,4.566359891890385,9.99782788646616,0.04876715635580986,True,walking_dual_task,P01,24,0.68
2026-04-01T14:05:36.140527,1629.4710488286044,95449,80,-4.375253335811566,7.686653242429507,4.93218953218041,10.126893571240506,0.12906568477434632,True,walking_dual_task,P01,24,0.68
2026-04-01T14:05:36.141611,1622.4763724942377,95449,82,-4.108543864784912,7.581813338336971,5.232766015434408,10.086915601834459,0.039977969406047364,True,walking_dual_task,P01,24,0.68
2026-04-01T14:05:36.142213,1676.1801824767444,95454,80,-3.801901888953905,8.59596954962807,5.552070405420078,10.916530413006951,0.8296148111724921,True,walking_dual_task,P01,24,0.68
2026-04-01T14:05:36.199613,1661.0491984708124,95454,82,-3.913493178977211,8.407251240053334,5.567102627231419,10.816188512475476,0.1003419005314754,True,walking_dual_task,P01,24,0.68
2026-04-01T14:05:36.200161,1702.7211004824437,95443,80,-4.056128758898918,8.18396433424784,5.759715939538594,10.798323038193592,0.017865474281883564,True,walking_dual_task,P01,24,0.68
2026-04-01T14:05:36.200993,1626.594520949205,95443,81,-4.1384395003240755,7.787456107947403,5.773431104776459,10.540572131181978,0.25775090701161396,True,walking_dual_task,P01,24,0.68
2026-04-01T14:05:36.259638,1673.4311874542407,95477,80,-4.313597635947683,8.018649924086944,5.6856068521271315,10.734616734977918,0.19404460379593935,True,walking_dual_task,P01,24,0.68
2026-04-01T14:05:36.259986,1630.6979031701874,95477,81,-3.3451851361296727,7.713179843420937,5.531901442348602,10.06406182710522,0.6705549078726971,True,walking_dual_task,P01,24,0.68
2026-04-01T14:05:36.260417,1689.432067301427,95507,81,-3.579058846985148,7.843318703517954,5.242983400106793,10.090400658493824,0.026338831388603268,True,walking_dual_task,P01,24,0.68
2026-04-01T14:05:36.321298,1655.4405324138443,95507,82,-3.085746670301829,7.782197632069366,5.269620678577235,9.892084441307285,0.19831621718653913,True,walking_dual_task,P01,24,0.68
2026-04-01T14:05:36.323430,1698.935684594486,95478,81,-3.2918408641937678,7.724771087978922,5.460928801195729,10.016488806392191,0.12440436508490649,True,walking_dual_task,P01,24,0.68
2026-04-01T14:05:36.323982,1548.9423815196615,95478,81,-3.3925624829709995,7.810890678686025,5.423384675551986,10.09616732895502,0.07967852256282804,True,walking_dual_task,P01,24,0.68
2026-04-01T14:05:36.380247,1485.0527256720393,95351,81,-3.8946375632295256,8.000365827307979,4.992575511379901,10.202934154276699,0.1067668253216798,True,walking_dual_task,P01,24,0.68
2026-04-01T14:05:36.380886,1606.2277857524725,95351,79,-3.7470204216716265,7.6803368382568795,5.239589490686217,10.024022846164076,0.1789113081126228,True,walking_dual_task,P01,24,0.68
2026-04-01T14:05:36.381266,1654.675717165146,95317,81,-3.908860229242188,7.807131983679814,5.187007382032724,10.155567127620671,0.1315442814565948,True,walking_dual_task,P01,24,0.68
2026-04-01T14:05:36.440127,1561.923846660365,95317,83,-3.868197619982312,7.528403679964253,5.247952429781355,9.958956747620915,0.19661037999975584,True,walking_dual_task,P01,24,0.68
2026-04-01T14:05:36.440177,1721.938446547708,95337,81,-3.861279494074616,8.08751247849146,4.973036124348381,10.249313426527173,0.2903566789062584,True,walking_dual_task,P01,24,0.68
2026-04-01T14:05:36.440632,1638.220259037236,95337,80,-3.7392843889711442,7.962735480741184,5.1344549046986785,10.185775927549267,0.06353749897790628,True,walking_dual_task,P01,24,0.68
2026-04-01T14:05:36.499639,1574.62908976295,95371,81,-3.732679414002665,7.903406335598779,5.133920407332656,10.136758163344378,0.04901776420488879,True,walking_dual_task,P01,24,0.68
2026-04-01T14:05:36.500318,1679.5254755457777,95371,81,-3.776676105874104,7.9698877363981415,5.243629509280363,10.260508923541058,0.12375076019668008,True,walking_dual_task,P01,24,0.68
2026-04-01T14:05:36.500569,1662.5654186179863,95419,81,-3.645351234763936,7.594468858116821,5.0345113364493415,9.813809008664174,0.4466999148768842,True,walking_dual_task,P01,24,0.68
2026-04-01T14:05:36.560491,1569.6154995810784,95419,81,-3.8900041462365103,7.733882472487107,5.398721083345344,10.202512420562792,0.3887034118986179,True,walking_dual_task,P01,24,0.68
2026-04-01T14:05:36.561087,1487.2161340662294,95464,83,-3.973564668866402,8.042577723819516,5.0853142972295275,10.31177453801955,0.10926211745675829,True,walking_dual_task,P01,24,0.68
2026-04-01T14:05:36.561564,1623.074959544013,95464,82,-3.7260854918332584,7.773566924987352,5.154914402225955,10.044162400319113,0.26761213770043746,True,walking_dual_task,P01,24,0.68
2026-04-01T14:05:36.619904,1565.682718265452,95477,80,-3.6998200804056127,8.086432823548845,5.078332253910523,10.240533331728807,0.1963709314096942,True,walking_dual_task,P01,24,0.68
2026-04-01T14:05:36.620602,1548.2340800846046,95477,81,-5.201490251687701,8.018160128751349,5.5402628650459675,11.047212558039579,0.8066792263107718,True,walking_dual_task,P01,24,0.68
2026-04-01T14:05:36.621137,1667.6884509368072,95481,81,-5.039748926121618,8.11729462566998,5.11664569199983,10.838339559901929,0.20887299813765026,True,walking_dual_task,P01,24,0.68
2026-04-01T14:05:36.680212,1700.4909827617084,95481,81,-4.871237596671082,8.437668681643288,5.349537168908179,11.11488895247883,0.2765493925769018,True,walking_dual_task,P01,24,0.68
2026-04-01T14:05:36.680615,1715.7373615916258,95493,80,-4.972386630861476,8.419744535953525,5.893647914325908,11.417171829990442,0.30228287751161176,True,walking_dual_task,P01,24,0.68
2026-04-01T14:05:36.799547,1569.635727194136,95493,82,-4.335128197222721,9.365646763316079,5.886423687002996,11.881020983252172,0.46384915326173015,True,walking_dual_task,P01,24,0.68
2026-04-01T14:05:36.800357,1622.0301109557524,95503,82,-4.580727185846101,9.274387257682234,5.985215399178611,11.950737380227753,0.06971639697558096,True,walking_dual_task,P01,24,0.68
2026-04-01T14:05:36.801129,1766.5910142107643,95503,81,-4.304870882623752,9.572930212765616,6.018069875630658,12.099176467946723,0.14843908771896963,True,walking_dual_task,P01,24,0.68
2026-04-01T14:05:36.801164,1698.8883391185977,95480,81,-4.383035412867314,8.263164803775243,5.629495057551365,10.917055766450686,1.1821207014960375,True,walking_dual_task,P01,24,0.68
2026-04-01T14:05:36.801762,1583.9788406286152,95480,80,-4.451970790916672,8.503890734834965,5.552495164873596,11.089021783238223,0.17196601678753787,True,walking_dual_task,P01,24,0.68
2026-04-01T14:05:36.802184,1588.9395087664345,95519,82,-3.7320503601068618,8.550642309711337,4.868608225578581,10.523546448473102,0.5654753347651216,True,walking_dual_task,P01,24,0.68
2026-04-01T14:05:36.803007,1642.5042837961466,95519,82,-3.4670750985185754,8.76862686410619,5.164827172005178,10.751040253732443,0.22749380525934093,True,walking_dual_task,P01,24,0.68
2026-04-01T14:05:36.859710,1649.3810484735056,95579,80,-3.210468562688343,8.472555647605212,4.811325484070701,10.258662705608625,0.49237754812381773,True,walking_dual_task,P01,24,0.68
2026-04-01T14:05:36.860479,1708.8689172083286,95579,81,-3.308088694045153,8.195618688719346,5.200706248316815,10.254704382859448,0.003958322749177512,True,walking_dual_task,P01,24,0.68
2026-04-01T14:05:36.860973,1693.798903748154,95599,81,-3.6475035133462073,7.898651084083362,5.102832623340437,10.086221869946726,0.1684825129127212,True,walking_dual_task,P01,24,0.68
2026-04-01T14:05:36.920056,1526.4444726016748,95599,81,-3.3563716726535247,7.006282255000422,4.64162337973408,9.049745269399512,1.0364766005472141,True,walking_dual_task,P01,24,0.68
2026-04-01T14:05:36.920463,1536.5139128599103,95601,82,-3.457103832414538,6.951653311721847,4.594962096055477,9.021680959702309,0.028064309697203527,True,walking_dual_task,P01,24,0.68
2026-04-01T14:05:36.920707,1699.2223159675582,95601,81,-3.1877127280560518,6.965153365221096,4.706639593548377,8.990402110095996,0.031278849606312775,True,walking_dual_task,P01,24,0.68
2026-04-01T14:05:36.979584,1414.412667409293,95542,80,-3.1902323701039945,6.047052989483329,3.4099492818076005,7.640169274131221,1.3502328359647748,True,walking_dual_task,P01,24,0.68
2026-04-01T14:05:36.980068,1665.4121207793398,95542,82,-2.8563186344270655,5.282096395901699,2.838827082338942,6.642141046409211,0.9980282277220098,True,walking_dual_task,P01,24,0.68
2026-04-01T14:05:36.980721,1674.7578966588608,95467,81,-2.864267103928832,5.471332376661478,2.8775319334992333,6.813199985826104,0.1710589394168931,True,walking_dual_task,P01,24,0.68
2026-04-01T14:05:37.039717,1753.0568272349212,95467,81,-2.636954662255755,5.5886961010158105,3.115514901174213,6.920512054735564,0.10731206890945977,True,walking_dual_task,P01,24,0.68
2026-04-01T14:05:37.040032,1628.512761294181,95430,81,-2.623593471940762,5.565082718860478,3.123721183639087,6.90007408705771,0.020437967677853663,True,walking_dual_task,P01,24,0.68
2026-04-01T14:05:37.040396,1575.234344565349,95430,81,-2.801266477858755,5.776729291771276,3.1785812339894695,7.163872824907871,0.26379873785016095,True,walking_dual_task,P01,24,0.68
2026-04-01T14:05:37.099507,1558.3583672554112,95433,80,-2.6200505461857344,6.195371616591007,3.751594139196275,7.702061601771403,0.5381887768635316,True,walking_dual_task,P01,24,0.68
2026-04-01T14:05:37.100244,1568.421424888841,95433,81,-2.4213108868219773,6.140769412200293,3.673458534580587,7.554210282335296,0.14785131943610708,True,walking_dual_task,P01,24,0.68
2026-04-01T14:05:37.160289,1677.185390851017,95427,80,-2.1420183595473983,6.543537935141009,4.61455136993332,8.288559326386045,0.7343490440507487,True,walking_dual_task,P01,24,0.68
2026-04-01T14:05:37.161136,1630.0314104591423,95427,81,-2.4893211362577428,6.309820078430476,4.1787093283672965,7.966941746527822,0.3216175798582226,True,walking_dual_task,P01,24,0.68
2026-04-01T14:05:37.161352,1743.274617113254,95409,81,-2.6501179104015318,6.131936016285992,4.60432451200433,8.113172527359454,0.14623078083163232,True,walking_dual_task,P01,24,0.68
2026-04-01T14:05:37.161610,1626.5404233514653,95409,81,-2.9180026819929976,6.152128301964126,4.812138421079289,8.337871339830917,0.22469881247146262,True,walking_dual_task,P01,24,0.68
2026-04-01T14:05:37.219530,1570.8054943767863,95413,81,-2.857415236711484,5.828827996169433,4.886140838001871,8.124926457064651,0.21294488276626566,True,walking_dual_task,P01,24,0.68
2026-04-01T14:05:37.219956,1527.092249346482,95413,80,-2.5402421903567003,6.11263178555989,4.666912896127041,8.09920821509993,0.0257182419647215,True,walking_dual_task,P01,24,0.68
2026-04-01T14:05:37.279716,1642.7933248331574,95402,81,-2.371971897090459,5.964233166059742,4.517504187806804,7.848959932791474,0.25024828230845575,True,walking_dual_task,P01,24,0.68
2026-04-01T14:05:37.280176,1759.2521301168972,95402,81,-2.537306762990976,6.47911380683382,4.4051985943134495,8.235448742282692,0.386488809491218,True,walking_dual_task,P01,24,0.68
2026-04-01T14:05:37.280761,1580.4615105356966,95362,79,-2.502675018313216,6.609030872386619,4.597332160515136,8.430784916812623,0.19533617452993113,True,walking_dual_task,P01,24,0.68
2026-04-01T14:05:37.339990,1597.798544221536,95362,80,-2.74114058560555,7.1849873872365,4.72722361597577,9.026878673176046,0.5960937563634232,True,walking_dual_task,P01,24,0.68
2026-04-01T14:05:37.399482,1518.0946886761064,95348,82,-3.427225838475699,7.312432914240778,4.342902910629705,9.169425159972858,0.14254648679681203,True,walking_dual_task,P01,24,0.68
2026-04-01T14:05:37.400258,1679.0437233498578,95348,81,-3.6413313427410348,7.771556694513862,4.531490189149281,9.705194008263184,0.535768848290326,True,walking_dual_task,P01,24,0.68
2026-04-01T14:05:37.400461,1677.722136102017,95345,82,-3.606187932071801,9.731714842889506,5.147039062308301,11.584596509747922,1.879402501484737,True,walking_dual_task,P01,24,0.68
2026-04-01T14:05:37.401282,1637.398674629494,95345,81,-3.448092655029081,9.696246451046276,5.266068395669824,11.560190938949303,0.024405570798618825,True,walking_dual_task,P01,24,0.68
2026-04-01T14:05:37.401802,1582.6472177942478,95289,79,-3.4367204561411384,9.189378309608994,4.993781757200571,11.008795458601291,0.5513954803480114,True,walking_dual_task,P01,24,0.68
2026-04-01T14:05:37.402316,1656.6497001551577,95289,81,-3.364752749405791,9.378337241781397,5.279980950289996,11.276212543254184,0.2674170846528927,True,walking_dual_task,P01,24,0.68
2026-04-01T14:05:37.460570,1605.212342743558,95260,81,-3.2950842779716396,9.367362360145954,5.140125181480437,11.181500117001491,0.09471242625269305,True,walking_dual_task,P01,24,0.68
2026-04-01T14:05:37.460943,1614.5889925642696,95260,81,-3.391579582041259,9.577604715509569,5.148157205463079,11.390208372107672,0.20870825510618118,True,walking_dual_task,P01,24,0.68
2026-04-01T14:05:37.520209,1544.442941804305,95264,81,-3.1495661283651466,9.172534363871826,5.020574870948963,10.920683380089303,0.4695249920183695,True,walking_dual_task,P01,24,0.68
2026-04-01T14:05:37.520639,1637.4577513964155,95264,82,-3.401251527750638,9.474340384777435,4.96963582633081,11.226260193314664,0.3055768132253611,True,walking_dual_task,P01,24,0.68
2026-04-01T14:05:37.520717,1579.2675002864323,95288,80,-3.4855902915914028,9.344984665478723,5.312948723064675,11.300685917800887,0.07442572448622364,True,walking_dual_task,P01,24,0.68
2026-04-01T14:05:37.520958,1596.613056521262,95288,83,-3.4675979947400073,9.651220949297182,5.015757198516953,11.416134281785247,0.11544836398435976,True,walking_dual_task,P01,24,0.68
2026-04-01T14:05:37.579900,1542.858484333386,95337,81,-3.3116255293618155,9.367274927774517,5.151672763598227,11.191623451601371,0.22451083018387585,True,walking_dual_task,P01,24,0.68
2026-04-01T14:05:37.579961,1616.0609482713662,95337,81,-3.3918123756266993,9.37951442740754,5.072188737327531,11.18958357904676,0.002039872554611577,True,walking_dual_task,P01,24,0.68
2026-04-01T14:05:37.580827,1574.6577268221117,95315,82,-3.4411607215241213,9.464441334716007,5.183455346159802,11.326316533422238,0.1367329543754785,True,walking_dual_task,P01,24,0.68
2026-04-01T14:05:37.639825,1734.5123882929868,95315,81,-1.748035073922714,8.516841767682875,6.332818335045141,10.756245087394367,0.5700714460278711,True,walking_dual_task,P01,24,0.68
2026-04-01T14:05:37.640464,1681.468528377371,95154,82,-1.4206888284958432,8.171646947470798,6.735304448758786,10.684497957273967,0.07174713012040002,True,walking_dual_task,P01,24,0.68
2026-04-01T14:05:37.640752,1689.0271878945312,95154,81,-1.9295852604972845,8.4763173487434,7.042292423698891,11.187722630411585,0.503224673137618,True,walking_dual_task,P01,24,0.68
2026-04-01T14:05:37.699485,1497.205024673787,95010,81,-1.8527408389333169,8.557181476815584,7.041326437070898,11.235581045802688,0.04785841539110258,True,walking_dual_task,P01,24,0.68
2026-04-01T14:05:37.700061,1568.5759582474539,95010,82,-3.3104041449398953,8.282684830637601,6.766461071769254,11.195831324304516,0.03974972149817191,True,walking_dual_task,P01,24,0.68
2026-04-01T14:05:37.700400,1715.0512990038344,94998,81,-3.254881894279449,8.37728856486991,6.633434971785635,11.170303459159783,0.025527865144733042,True,walking_dual_task,P01,24,0.68
2026-04-01T14:05:37.819642,1554.4703615513392,94998,82,-3.4855828967593165,7.759704090208841,5.318467337054328,10.03236714405422,1.1379363151055628,True,walking_dual_task,P01,24,0.68
2026-04-01T14:05:37.820207,1624.901809171336,95064,82,-3.2355260883926116,6.80453682733603,4.966956554263877,9.024467181788982,1.0078999622652383,True,walking_dual_task,P01,24,0.68
2026-04-01T14:05:37.820347,1532.0222996908358,95064,81,-3.462089308730473,6.472406765538428,5.086845836212588,8.930515790345304,0.09395139144367803,True,walking_dual_task,P01,24,0.68
2026-04-01T14:05:37.820956,1694.249954926498,95121,80,-3.037586020653628,7.255993499008534,4.560580350145772,9.092593888471,0.16207809812569707,True,walking_dual_task,P01,24,0.68
2026-04-01T14:05:37.821462,1679.7025903666076,95121,81,-2.8446567110521706,7.225979291828792,4.686590264599316,9.070334990390915,0.022258898080085743,True,walking_dual_task,P01,24,0.68
2026-04-01T14:05:37.822505,1660.2916668676758,95153,80,-2.965008416619709,7.92319088501498,4.296014997625197,9.488096414499108,0.4177614241081926,True,walking_dual_task,P01,24,0.68
2026-04-01T14:05:37.880034,1545.474999045637,95153,81,-3.835943101413309,9.162310052903344,4.594519444079311,10.944039195143487,1.4559427806443797,True,walking_dual_task,P01,24,0.68
2026-04-01T14:05:37.880823,1651.944480420176,95153,80,-3.728945686880822,8.93115309878227,4.36251551846151,10.616123268802633,0.32791592634085376,True,walking_dual_task,P01,24,0.68
2026-04-01T14:05:37.881157,1648.292147353395,95153,81,-3.979720136142459,9.174082949048868,4.787359803386062,11.08696460737219,0.47084133856955646,True,walking_dual_task,P01,24,0.68
2026-04-01T14:05:37.939778,1590.1108843230575,95140,79,-3.815425821716736,9.041076298680004,4.738332563079555,10.897262514866576,0.18970209250561432,True,walking_dual_task,P01,24,0.68
2026-04-01T14:05:37.940298,1510.5216404074752,95140,82,-3.740327005604768,9.09830929332877,4.392550498687294,10.773290026238364,0.12397248862821186,True,walking_dual_task,P01,24,0.68
2026-04-01T14:05:37.940327,1618.399504337757,95135,82,-4.411713610877367,8.857117652089174,6.146021374000528,11.648404561012706,0.8751145347743421,True,walking_dual_task,P01,24,0.68
2026-04-01T14:05:37.999508,1512.9251877628692,95135,80,-4.348044047097448,8.61142909781494,6.254695296483295,11.497104478695652,0.1513000823170536,True,walking_dual_task,P01,24,0.68
2026-04-01T14:05:38.000117,1581.844362793511,95139,81,-4.606999368476536,8.794994201241348,5.7850409951255015,11.49099932539789,0.006105153297761845,True,walking_dual_task,P01,24,0.68
2026-04-01T14:05:38.001040,1581.4346811861217,95139,80,-4.459438794000308,8.4992184846525,6.42865827099348,11.552097488010848,0.061098162612957196,True,walking_dual_task,P01,24,0.68
2026-04-01T14:05:38.059872,1556.6356168915818,95150,81,-4.437294972069863,8.657696549933469,6.315958582766221,11.598992587251043,0.04689509924019575,True,walking_dual_task,P01,24,0.68
2026-04-01T14:05:38.119895,1616.2157410746863,95150,83,-4.286328106798921,8.57748433993585,6.55940855262374,11.617731568650253,0.01873898139920982,True,walking_dual_task,P01,24,0.68
2026-04-01T14:05:38.120418,1542.3617564840695,95167,80,-4.02861656615327,8.336359307735762,5.484851098567985,10.761423210626914,0.8563083580233393,True,walking_dual_task,P01,24,0.68
2026-04-01T14:05:38.121009,1578.6346712693921,95167,82,-4.344240292485999,7.915157327988981,5.654640710055141,10.65350180952204,0.10792140110487303,True,walking_dual_task,P01,24,0.68
2026-04-01T14:05:38.121816,1559.6448823889673,95213,81,-4.6471924625956476,8.247335582927029,4.909845377318838,10.664029427519377,0.010527617997336591,True,walking_dual_task,P01,24,0.68
2026-04-01T14:05:38.122241,1545.4915430294297,95213,81,-4.664729671084257,8.133433496155073,5.288825924483146,10.764948815491701,0.1009193879723238,True,walking_dual_task,P01,24,0.68
2026-04-01T14:05:38.179586,1614.091538309103,95261,83,-3.984895505146279,8.729183792819802,5.341123968738538,10.98206024046473,0.21711142497302838,True,walking_dual_task,P01,24,0.68
2026-04-01T14:05:38.180278,1558.9081813195278,95261,81,-4.324270379278562,8.7778453469656,5.2600662403867995,11.109373524263576,0.12731328379884665,True,walking_dual_task,P01,24,0.68
2026-04-01T14:05:38.180790,1609.4004675737904,95276,81,-4.072774698516893,10.283479310512257,5.81639806691508,12.4967166466807,1.387343122417123,True,walking_dual_task,P01,24,0.68
2026-04-01T14:05:38.239557,1529.0756351524542,95276,81,-3.4921504837394397,9.827684611217268,6.009814674498983,12.03729090121451,0.45942574546618964,True,walking_dual_task,P01,24,0.68
2026-04-01T14:05:38.240084,1757.798183370492,95234,81,-3.5901758066173404,9.885240026387004,5.9776922984448975,12.097112792587811,0.05982189137330174,True,walking_dual_task,P01,24,0.68
2026-04-01T14:05:38.299685,1560.419121735627,95234,80,-3.50038555335465,7.532203270070427,4.901609211103319,9.644301840059056,2.452810952528756,True,walking_dual_task,P01,24,0.68
2026-04-01T14:05:38.300303,1646.5098273051483,95181,82,-3.155178330648856,7.706924724293807,4.6146436685546615,9.520860002744442,0.12344183731461378,True,walking_dual_task,P01,24,0.68
2026-04-01T14:05:38.300777,1662.4285178824075,95181,81,-2.558753396767835,6.995252441187714,3.68526723888053,8.31035319847356,1.2105068042708815,True,walking_dual_task,P01,24,0.68
2026-04-01T14:05:38.301211,1501.4555557964375,95133,82,-2.4169994215465502,6.7792154428483595,3.6937131255308895,8.089694980531046,0.22065821794251406,True,walking_dual_task,P01,24,0.68
2026-04-01T14:05:38.359804,1582.3358590772305,95133,80,-3.0409342377026864,7.640797590193574,4.138537636570963,9.20633274554286,1.1166377650118129,True,walking_dual_task,P01,24,0.68
2026-04-01T14:05:38.360410,1576.2091838528809,95058,83,-3.881692801446734,7.920450084298496,5.136023946150461,10.20685115587067,1.0005184103278104,True,walking_dual_task,P01,24,0.68
2026-04-01T14:05:38.360939,1522.6177109288437,95058,79,-3.8819319663124645,8.196485624589286,4.974061490859605,10.34374497462258,0.13689381875190954,True,walking_dual_task,P01,24,0.68
2026-04-01T14:05:38.419435,1661.6849835928656,95023,81,-3.5137260872233704,8.111368425506148,5.079460268552498,10.195169707765318,0.14857526685726086,True,walking_dual_task,P01,24,0.68
2026-04-01T14:05:38.419845,1668.8812063729938,95023,80,-3.5044467868499773,8.093405911779671,5.116886721506701,10.19641585339794,0.0012461456326224862,True,walking_dual_task,P01,24,0.68
2026-04-01T14:05:38.420613,1521.3840823670578,95129,82,-3.4442210135685216,7.9587767040814885,5.047776051123156,10.034182980095073,0.16223287330286773,True,walking_dual_task,P01,24,0.68
2026-04-01T14:05:38.540143,1499.052108322797,95129,81,-3.548532060226321,7.714034888958708,5.159431475221907,9.935700639513891,0.09848234058118166,True,walking_dual_task,P01,24,0.68
2026-04-01T14:05:38.599749,1579.7959976254087,95244,82,-3.7160489035265,7.957180117808045,4.973829949135753,10.092805320799561,0.15710468128567,True,walking_dual_task,P01,24,0.68
2026-04-01T14:05:38.600233,1567.272784283096,95244,80,-3.3935302167890997,7.991630643848464,4.982485942484732,10.010363322428235,0.08244199837132626,True,walking_dual_task,P01,24,0.68
2026-04-01T14:05:38.600619,1517.3305912421015,95275,81,-3.446578010376648,8.170815215396678,5.320227056783034,10.341466878615238,0.3311035561870028,True,walking_dual_task,P01,24,0.68
2026-04-01T14:05:38.600995,1433.8284320284529,95275,81,-3.5285446189609373,8.170893099133528,5.218380895335838,10.317248680451206,0.024218198164032145,True,walking_dual_task,P01,24,0.68
2026-04-01T14:05:38.601759,1662.9848034050117,95255,81,-3.4702650786589415,8.123547496753254,4.852975869542163,10.07899491211918,0.23825376833202583,True,walking_dual_task,P01,24,0.68
2026-04-01T14:05:38.602423,1559.2773507359893,95255,80,-3.4636841767577105,7.912951709066861,5.120606461799936,10.041539890025492,0.03745502209368823,True,walking_dual_task,P01,24,0.68
2026-04-01T14:05:38.659743,1637.9109833150085,95205,81,-3.4085018350116334,8.285236475193503,5.227351811542174,10.372474881665793,0.3309349916403015,True,walking_dual_task,P01,24,0.68
2026-04-01T14:05:38.660351,1590.8795563496276,95205,81,-3.6971764428045737,6.341507246896236,3.8910454406401387,8.3080721249152,2.064402756750594,True,walking_dual_task,P01,24,0.68
2026-04-01T14:05:38.660814,1524.1383229648695,95183,82,-3.7932275893225507,5.900904080046139,3.808009660645933,7.981865827103064,0.32620629781213495,True,walking_dual_task,P01,24,0.68
2026-04-01T14:05:38.661270,1441.990779427321,95183,82,-4.09751626755733,5.069263885938373,4.1711980148544425,7.738602508676977,0.24326331842608706,True,walking_dual_task,P01,24,0.68
2026-04-01T14:05:38.661805,1568.6686745275802,95200,81,-4.244129186660891,4.92971427032047,3.7142957269868644,7.49070811656555,0.2478943921114274,True,walking_dual_task,P01,24,0.68
2026-04-01T14:05:38.720739,1590.3940476246355,95200,81,-3.3820381246916327,5.840992491090276,4.209370005679172,7.954506333051231,0.46379821648568154,True,walking_dual_task,P01,24,0.68
2026-04-01T14:05:38.721588,1497.623027395525,95198,81,-3.3311887836477627,6.36694800970581,4.6072972534341625,8.535926057089496,0.5814197240382644,True,walking_dual_task,P01,24,0.68
2026-04-01T14:05:38.722316,1594.5875898608836,95198,81,-3.257017409398711,6.940162318697439,4.5578807047252425,8.918984916093356,0.38305885900386016,True,walking_dual_task,P01,24,0.68
2026-04-01T14:05:38.779757,1624.0674457542152,95146,81,-3.444945740690023,7.331791143839771,5.323008350357858,9.693153791783411,0.7741688756900551,True,walking_dual_task,P01,24,0.68
2026-04-01T14:05:38.780438,1603.8148348726386,95146,82,-3.2004014069086986,7.031517816090287,5.234808856170033,9.332097070003853,0.3610567217795584,True,walking_dual_task,P01,24,0.68
2026-04-01T14:05:38.780901,1623.0828623884381,95108,80,-3.1840272562525938,7.5255546000792926,6.28002225370451,10.305856641461586,0.9737595714577338,True,walking_dual_task,P01,24,0.68
2026-04-01T14:05:38.839807,1658.850048445291,95108,82,-3.174452469232309,7.574882304740034,6.697960314569486,10.598049952025445,0.29219331056385833,True,walking_dual_task,P01,24,0.68
2026-04-01T14:05:38.840246,1570.307838097102,95058,81,-3.4792663435345847,7.9144959268101935,7.385500152378972,11.37058277158816,0.7725328195627146,True,walking_dual_task,P01,24,0.68
2026-04-01T14:05:38.840700,1518.2966239639286,95058,80,-3.1416906859792935,8.297264159507009,7.800640186307675,11.813754704379418,0.4431719327912589,True,walking_dual_task,P01,24,0.68
2026-04-01T14:05:38.901817,1485.4143788962613,95002,82,-3.214273888695694,8.21582636832697,7.7235459286299655,11.725379365193444,0.08837533918597451,True,walking_dual_task,P01,24,0.68
2026-04-01T14:05:38.902342,1533.622755554959,95002,80,-2.5443351474694706,8.56091983985552,7.619051989478296,11.739375752801065,0.01399638760762123,True,walking_dual_task,P01,24,0.68
2026-04-01T14:05:38.902737,1510.0596594128572,94840,79,-2.443706914899991,8.4783669097316,7.126805974165646,11.342211968366883,0.39716378443418243,True,walking_dual_task,P01,24,0.68
2026-04-01T14:05:38.960072,1595.978991763234,94840,81,-4.184547826937329,7.743412331572971,5.620784070778875,10.44337534626635,0.8988366221005322,True,walking_dual_task,P01,24,0.68
2026-04-01T14:05:38.960496,1494.487485224355,94672,81,-4.503683092192702,7.589380848289169,5.79078865788458,10.55533497031551,0.1119596240491596,True,walking_dual_task,P01,24,0.68
2026-04-01T14:05:38.960517,1551.0939093355748,94672,81,-5.04407705640067,7.054161564590163,4.108915302503054,9.596202045256891,0.9591329250586185,True,walking_dual_task,P01,24,0.68
2026-04-01T14:05:39.019864,1475.4613946845789,94730,81,-4.578936813982897,7.625664700029189,4.114106042188312,9.8001680082583,0.20396596300140857,True,walking_dual_task,P01,24,0.68
2026-04-01T14:05:39.020542,1539.8481169542767,94730,82,-4.601841833463292,7.351310020233554,4.405375813096394,9.727591856590909,0.07257615166739129,True,walking_dual_task,P01,24,0.68
2026-04-01T14:05:39.020580,1417.485399485507,94804,81,-3.1152171557201322,9.004510725613741,5.786484515686222,11.147609357403153,1.4200175008122446,True,walking_dual_task,P01,24,0.68
2026-04-01T14:05:39.080712,1480.5999686588486,94804,81,-3.1323860371111865,8.936266482567252,5.830733056053204,11.120528265504996,0.02708109189815744,True,walking_dual_task,P01,24,0.68
2026-04-01T14:05:39.081489,1565.8706214684573,94699,81,-2.9894392766747075,9.311225305596308,6.67284177995393,11.839023663326346,0.71849539782135,True,walking_dual_task,P01,24,0.68
2026-04-01T14:05:39.081897,1596.6260671574287,94699,81,-4.106066414147649,9.451406459060388,6.6903455644481,12.286154370814739,0.4471307074883928,True,walking_dual_task,P01,24,0.68
2026-04-01T14:05:39.140185,1588.752771093108,94578,82,-3.756589298118973,9.289589793217807,7.249492766283764,12.367844882977757,0.08169051216301781,True,walking_dual_task,P01,24,0.68
2026-04-01T14:05:39.140681,1493.4148768387881,94578,80,-4.090028876573534,8.342371695658299,6.506606772606891,11.34281417519744,1.0250307077803171,True,walking_dual_task,P01,24,0.68
2026-04-01T14:05:39.141092,1518.1823861272696,94556,80,-4.258346514404169,8.612339403090289,6.458442355812588,11.576587696472297,0.2337735212748573,True,walking_dual_task,P01,24,0.68
2026-04-01T14:05:39.199413,1557.6507762501617,94556,81,-4.1311368599122735,8.34765666157202,6.2733303025095095,11.229618719226295,0.34696897724600184,True,walking_dual_task,P01,24,0.68
2026-04-01T14:05:39.199975,1497.021952168094,94612,81,-3.847514517585795,7.400950481507385,5.776227088323828,10.146045306849553,1.083573412376742,True,walking_dual_task,P01,24,0.68
2026-04-01T14:05:39.259556,1484.7628879480897,94612,82,-3.687563053294073,7.315414133395689,5.330831955310647,9.774005041479468,0.37204026537008517,True,walking_dual_task,P01,24,0.68
2026-04-01T14:05:39.260495,1574.0334726677318,94628,81,-3.6759152825108456,7.3613648164164776,5.085874844716761,9.673064047172122,0.10094099430734538,True,walking_dual_task,P01,24,0.68
2026-04-01T14:05:39.261093,1522.4762974702962,94628,81,-4.06771766084804,7.777575976251095,5.145650707514606,10.174219195519564,0.5011551483474417,True,walking_dual_task,P01,24,0.68
2026-04-01T14:05:39.261555,1464.4449163504273,94604,82,-3.6360617232919683,7.778351199970901,5.409859682876445,10.148412389831709,0.025806805687855316,True,walking_dual_task,P01,24,0.68
2026-04-01T14:05:39.319546,1576.2686101492302,94604,81,-4.3272007801354,8.468716883421072,6.179430859598833,11.341481296184723,1.1930689063530142,True,walking_dual_task,P01,24,0.68
2026-04-01T14:05:39.319917,1491.0507480751842,94590,80,-4.345402205199024,8.191195072583795,5.940356618029527,11.012085805669914,0.3293954905148091,True,walking_dual_task,P01,24,0.68
2026-04-01T14:05:39.320511,1528.806527204577,94590,80,-4.620628244878225,8.201963330948121,6.397622529772604,11.382090400846325,0.37000459517641104,True,walking_dual_task,P01,24,0.68
2026-04-01T14:05:39.379856,1560.7209154211641,94585,80,-4.485258811892277,7.878668516281157,6.499276996945775,11.154889765574813,0.2272006352715117,True,walking_dual_task,P01,24,0.68
2026-04-01T14:05:39.380677,1541.0825962116942,94585,83,-4.417429112478407,7.804427199017796,6.442878279795226,11.042347775577332,0.11254198999748155,True,walking_dual_task,P01,24,0.68
2026-04-01T14:05:39.381125,1443.792088851056,94605,81,-4.659521683315776,7.59712074488245,6.6945467474075775,11.146494609644709,0.10414683406737701,True,walking_dual_task,P01,24,0.68
2026-04-01T14:05:39.440458,1490.0137653604284,94605,82,-4.541272586082,7.7380326164312505,6.547830251209436,11.107402327849082,0.03909228179562696,True,walking_dual_task,P01,24,0.68
2026-04-01T14:05:39.441267,1477.3769263581341,94609,81,-4.386483860504417,7.801717690615333,6.557796741455113,11.095617949657662,0.011784378191419975,True,walking_dual_task,P01,24,0.68
2026-04-01T14:05:39.441446,1548.023086662089,94609,80,-4.324007131379696,7.590040182052843,6.452998468857797,10.860337788323175,0.2352801613344866,True,walking_dual_task,P01,24,0.68
2026-04-01T14:05:39.560041,1514.4661950636264,94630,81,-4.562405651519094,7.734686645056082,6.512638244361973,11.093032936404205,0.23269514808102976,True,walking_dual_task,P01,24,0.68
2026-04-01T14:05:39.560793,1613.2295434949735,94630,80,-4.347318418521341,7.569467872850231,6.252520504159618,10.737319682540104,0.355713253864101,True,walking_dual_task,P01,24,0.68
2026-04-01T14:05:39.561282,1470.7577559064453,94639,81,-4.682536598099755,7.4992562851262665,6.895147055939187,11.211959986798751,0.47464030425864756,True,walking_dual_task,P01,24,0.68
2026-04-01T14:05:39.561748,1522.845994944661,94639,81,-4.46406792367387,7.6647227307615475,6.5856286990456265,11.047460447013155,0.16449953978559684,True,walking_dual_task,P01,24,0.68
2026-04-01T14:05:39.562334,1597.7923787316593,94541,82,-4.516087125898934,7.635922203381244,6.453231848512947,10.970257613906002,0.07720283310715281,True,walking_dual_task,P01,24,0.68
2026-04-01T14:05:39.562533,1541.0148563706007,94541,81,-4.647916455583813,7.930085541010684,6.321282369942658,11.155626153039613,0.18536853913361107,True,walking_dual_task,P01,24,0.68
2026-04-01T14:05:39.620298,1637.942027845864,94372,82,-4.648026178533837,7.628402138953777,6.444119485906282,11.014687580615597,0.14093857242401597,True,walking_dual_task,P01,24,0.68
2026-04-01T14:05:39.620827,1606.916144535167,94372,82,-3.833568940377175,8.913494477352996,7.420471012258972,12.215155531641937,1.20046795102634,True,walking_dual_task,P01,24,0.68
2026-04-01T14:05:39.621463,1614.9671805503638,94262,81,-3.7321859815032132,8.339789441291824,6.37683572570705,11.142052503837228,1.0731030278047093,True,walking_dual_task,P01,24,0.68
2026-04-01T14:05:39.679733,1599.917798291512,94262,81,-3.032933689246915,7.664929803149684,5.856210520753526,10.11162881606942,1.030423687767808,True,walking_dual_task,P01,24,0.68
2026-04-01T14:05:39.680120,1622.4749165983308,94313,81,-2.9837495327388535,7.852035097564192,5.74665668735637,10.177488861690636,0.06586004562121595,True,walking_dual_task,P01,24,0.68
2026-04-01T14:05:39.680464,1611.3369815350088,94313,81,-3.2969394567287713,7.964681974985236,5.824462509007735,10.403380809276685,0.22589194758604947,True,walking_dual_task,P01,24,0.68
2026-04-01T14:05:39.739768,1636.9372701166596,94302,82,-3.037950850660315,8.158220841838343,6.114794695448119,10.63844099681498,0.23506018753829494,True,walking_dual_task,P01,24,0.68
2026-04-01T14:05:39.740374,1642.5386121611423,94302,82,-3.514640703982857,8.044986672049422,6.173463827938249,10.73248179436648,0.09404079755150008,True,walking_dual_task,P01,24,0.68
2026-04-01T14:05:39.740417,1500.8005930866293,94271,80,-4.245599043267698,6.192552219992998,5.180678215559014,9.122074380682474,1.6104074136840065,True,walking_dual_task,P01,24,0.68
2026-04-01T14:05:39.799694,1537.270620877149,94271,81,-3.990924080785983,6.43808415692929,5.3245345351887305,9.258891437246623,0.13681705656414955,True,walking_dual_task,P01,24,0.68
2026-04-01T14:05:39.800323,1561.9306686231134,94319,81,-4.105618866269257,4.92457277771626,3.813022759317836,7.459669287653837,1.7992221495927865,True,walking_dual_task,P01,24,0.68
2026-04-01T14:05:39.800805,1541.3137968287926,94319,81,-4.069794802750282,4.953139477108549,3.8776355035507,7.492187765571632,0.03251847791779561,True,walking_dual_task,P01,24,0.68
2026-04-01T14:05:39.859641,1516.6661780480567,94430,80,-4.006652755603926,4.531224559550716,2.820571348539262,6.673895792208978,0.8182919733626539,True,walking_dual_task,P01,24,0.68
2026-04-01T14:05:39.860303,1430.7771948658628,94430,82,-3.6059881356094756,4.213632559616283,3.1289488069299654,6.367744531465064,0.3061512607439143,True,walking_dual_task,P01,24,0.68
2026-04-01T14:05:39.860540,1563.9351173676314,94495,81,-3.5123116102666914,4.113615219966496,3.1582475168794244,6.26360043452879,0.10414409693627391,True,walking_dual_task,P01,24,0.68
2026-04-01T14:05:39.979764,1410.9116985193573,94495,79,-3.851148547590279,4.287060131666016,3.5265928327837006,6.756262777332474,0.49266234280368426,True,walking_dual_task,P01,24,0.68
2026-04-01T14:05:39.980406,1586.2076004364433,94491,81,-3.8274579215965945,4.386721286528803,3.403642097345765,6.74370353100592,0.012559246326554252,True,walking_dual_task,P01,24,0.68
2026-04-01T14:05:39.980964,1546.0914181450278,94491,81,-3.8977646456092296,4.754015036084016,3.6479197463718522,7.148464637378003,0.4047611063720833,True,walking_dual_task,P01,24,0.68
2026-04-01T14:05:39.981432,1600.4805769044335,94462,80,-3.8055286306722045,4.8122747531444325,3.593992581102556,7.110331858052575,0.038132779325428245,True,walking_dual_task,P01,24,0.68
2026-04-01T14:05:39.981818,1507.5243479027602,94462,80,-4.092650729956553,5.177108237026158,3.9842611962081556,7.708863533291275,0.5985316752387,True,walking_dual_task,P01,24,0.68
2026-04-01T14:05:39.982352,1654.6809426475195,94425,81,-3.997840286662171,5.308668166910639,4.065503285489621,7.79057132875095,0.08170779545967477,True,walking_dual_task,P01,24,0.68
2026-04-01T14:05:40.039938,1550.1158443096158,94425,82,-4.230719398464122,5.4469903545753375,4.421408891835033,8.192529959675172,0.4019586309242218,True,walking_dual_task,P01,24,0.68
2026-04-01T14:05:40.040265,1589.9063974258113,94367,81,-4.34943831319987,5.551827155886539,4.65468267339325,8.450234860591596,0.2577049009164245,True,walking_dual_task,P01,24,0.68
2026-04-01T14:05:40.159618,1564.0873494691123,94367,80,-4.573112986024089,5.802701276801618,5.023629383287434,8.934291055890567,0.4840561952989706,True,walking_dual_task,P01,24,0.68
2026-04-01T14:05:40.160344,1553.0762477058904,94311,80,-4.874291071489414,5.667538431643728,4.7650489851523945,8.86484050362227,0.06945055226829666,True,walking_dual_task,P01,24,0.68
2026-04-01T14:05:40.161126,1555.1831276524254,94311,81,-4.160395692419662,5.814419087627344,4.608003892939527,8.505883935336474,0.35895656828579625,True,walking_dual_task,P01,24,0.68
2026-04-01T14:05:40.161308,1554.6792111144089,94225,81,-3.9984218440473067,5.909902158302016,4.758703302056079,8.576688048463517,0.07080411312704271,True,walking_dual_task,P01,24,0.68
2026-04-01T14:05:40.161540,1441.1007862279503,94225,80,-4.083695635724077,6.2342154369809,4.35054464267955,8.629556816422879,0.05286876795936202,True,walking_dual_task,P01,24,0.68
2026-04-01T14:05:40.162250,1460.605439013592,94083,81,-3.941576405579783,5.750622273954979,4.3741120942780505,8.230342502717605,0.39921431370527394,True,walking_dual_task,P01,24,0.68
2026-04-01T14:05:40.279713,1479.5706421787693,94083,82,-3.95763173008057,5.590631631109337,4.3772636174402635,8.128865094357698,0.10147740835990682,True,walking_dual_task,P01,24,0.68
2026-04-01T14:05:40.339741,1486.8051698944228,93943,81,-4.23770260836119,5.750319296350203,4.394502956964502,8.3866531850112,0.25778809065350217,True,walking_dual_task,P01,24,0.68
2026-04-01T14:05:40.340583,1521.7409927932608,93943,81,-4.2446240580318735,6.233244146793382,5.5117603173342085,9.340753062965375,0.9540998779541745,True,walking_dual_task,P01,24,0.68
2026-04-01T14:05:40.340954,1548.3909051505716,93857,81,-4.327929478197985,6.667623274106488,5.418058741505155,9.61995500093748,0.2792019379721058,True,walking_dual_task,P01,24,0.68
2026-04-01T14:05:40.341566,1593.1572257961395,93857,82,-3.703141053441047,7.474138727225776,6.474521694683013,10.559139858455215,0.9391848575177342,True,walking_dual_task,P01,24,0.68
2026-04-01T14:05:40.341641,1585.520561387794,93712,81,-3.9112962982404715,7.6383830516766045,6.525584091586163,10.780834017511467,0.221694159056252,True,walking_dual_task,P01,24,0.68
2026-04-01T14:05:40.342282,1589.9746418244445,93712,80,-3.857700018195625,8.364066640157166,6.319549613495555,11.170325308996526,0.3894912914850597,True,walking_dual_task,P01,24,0.68
2026-04-01T14:05:40.399646,1595.1864809504204,93604,80,-3.901043682671381,8.295171669765086,6.511947994075007,11.244264383343229,0.07393907434670233,True,walking_dual_task,P01,24,0.68
2026-04-01T14:05:40.400039,1570.1968445982823,93604,81,-5.2726797247109065,7.147195920134996,6.0045367708413755,10.720915204988703,0.5233491783545254,True,walking_dual_task,P01,24,0.68
2026-04-01T14:05:40.400887,1511.6514258465504,93584,81,-6.167602784305074,7.568241842888647,5.138367816636929,11.032698333429968,0.3117831284412649,True,walking_dual_task,P01,24,0.68
2026-04-01T14:05:40.401359,1589.8528698444488,93584,80,-6.2631721544389,7.385974495092753,5.083381038072618,10.937125191591058,0.0955731418389103,True,walking_dual_task,P01,24,0.68
2026-04-01T14:05:40.401810,1454.420157583373,93681,80,-6.479002051981901,7.456687442326863,5.094429782568683,11.11453417879776,0.17740898720670195,True,walking_dual_task,P01,24,0.68
2026-04-01T14:05:40.460521,1570.4525675755783,93681,80,-6.3186907443278795,7.494187220603763,5.159637510356274,11.077479589608416,0.0370545891893439,True,walking_dual_task,P01,24,0.68
2026-04-01T14:05:40.461256,1465.650974439346,93669,81,-6.269256175009791,7.323247807963159,5.142730306946093,10.926170713233317,0.15130887637509893,True,walking_dual_task,P01,24,0.68
2026-04-01T14:05:40.461960,1623.6271465833624,93669,81,-6.4942518605978,7.431946605325351,5.113851092923803,11.11578204958531,0.18961133635199268,True,walking_dual_task,P01,24,0.68
2026-04-01T14:05:40.462552,1512.216182283598,93522,81,-6.551248994325391,7.355534113580134,5.143250164386337,11.11196507082121,0.003816978764099588,True,walking_dual_task,P01,24,0.68
2026-04-01T14:05:40.519744,1630.3685449982836,93522,81,-6.347233471825746,7.496966068094954,4.988446743504181,11.017099159252842,0.09486591156836788,True,walking_dual_task,P01,24,0.68
2026-04-01T14:05:40.520008,1597.542647717501,93398,80,-6.437104571509202,7.654007917249301,5.013172534365037,11.187137762679587,0.17003860342674493,True,walking_dual_task,P01,24,0.68
2026-04-01T14:05:40.520734,1569.269390521775,93398,81,-6.118964963080495,7.63739109643241,5.009321455214962,10.993851755456259,0.19328600722332823,True,walking_dual_task,P01,24,0.68
2026-04-01T14:05:40.579908,1550.9352211943483,93397,82,-6.495986181903718,7.099249147476261,4.885599756154024,10.791953479827399,0.2018982756288601,True,walking_dual_task,P01,24,0.68
2026-04-01T14:05:40.580796,1493.4528592608808,93397,81,-6.3994571955292425,7.2723660617066255,4.927491133998429,10.86832689094814,0.07637341112074125,True,walking_dual_task,P01,24,0.68
2026-04-01T14:05:40.580932,1602.8802072692745,93420,81,-6.375676583397563,7.45787247044222,4.947233184476131,10.988367934458957,0.12004104351081679,True,walking_dual_task,P01,24,0.68
2026-04-01T14:05:40.639638,1479.5474883351812,93420,81,-3.4952271249976232,6.405751353542876,6.279671467020536,9.627280861824246,1.3610870726347102,True,walking_dual_task,P01,24,0.68
2026-04-01T14:05:40.640200,1530.936589145567,93368,83,-3.655331949120363,7.279746128808874,6.099404438222229,10.17638884178336,0.5491079799591141,True,walking_dual_task,P01,24,0.68
2026-04-01T14:05:40.640701,1623.84070177785,93368,81,-3.8044473934330254,7.50355624223998,6.061355719576553,10.369050554853192,0.19266171306983182,True,walking_dual_task,P01,24,0.68
2026-04-01T14:05:40.700025,1540.7124563030397,93312,82,-4.193234108380084,7.782624713226386,6.2089448648341,10.802937380599499,0.4338868257463062,True,walking_dual_task,P01,24,0.68
2026-04-01T14:05:40.700500,1564.039492448566,93312,80,-4.462823687050641,7.527349366559762,6.1409913414455986,10.690629467138862,0.1123079134606364,True,walking_dual_task,P01,24,0.68
2026-04-01T14:05:40.700784,1515.8523519452147,93180,81,-4.760608410318389,7.972880414713591,6.313861866213113,11.229205947409545,0.5385764802706827,True,walking_dual_task,P01,24,0.68
2026-04-01T14:05:40.759782,1480.452313079982,93180,81,-4.915744379425814,7.413287727939305,5.888560644876775,10.667545369458878,0.5616605779506667,True,walking_dual_task,P01,24,0.68
2026-04-01T14:05:40.760393,1530.4101436547596,92782,80,-4.961627262894703,7.432947874282101,6.122509879286865,10.832893723269883,0.1653483538110052,True,walking_dual_task,P01,24,0.68
2026-04-01T14:05:40.760762,1470.7360854938374,92782,81,-5.001314769156389,7.597957308062046,6.308014675271534,11.069469446127773,0.2365757228578893,True,walking_dual_task,P01,24,0.68
2026-04-01T14:05:40.819327,1527.8690548908598,92384,83,-4.644471395994653,7.852225905550885,6.5091179391928815,11.207014882043278,0.13754543591550572,True,walking_dual_task,P01,24,0.68
2026-04-01T14:05:40.820192,1543.3700231497266,92384,82,-4.797239680393668,7.854541350920995,6.366564978517107,11.191089223581049,0.01592565846222982,True,walking_dual_task,P01,24,0.68
2026-04-01T14:05:40.820771,1522.17470450982,92154,82,-4.565225951451621,8.101442380637632,6.196909879179188,11.174808664369493,0.016280559211555357,True,walking_dual_task,P01,24,0.68
2026-04-01T14:05:40.879588,1377.4568497783093,92154,81,-4.895080337470323,7.899473297449806,6.07548780535065,11.102929431477783,0.07187923289171039,True,walking_dual_task,P01,24,0.68
2026-04-01T14:05:40.880113,1504.8656997074886,92135,80,-5.311716417132562,7.648940470749738,6.107407859614886,11.13647396552403,0.033544534046246355,True,walking_dual_task,P01,24,0.68
2026-04-01T14:05:40.880854,1572.3752028363037,92135,82,-5.546955865204927,7.1500474673643275,5.413247665057591,10.544911020930705,0.5915629445933241,True,walking_dual_task,P01,24,0.68
2026-04-01T14:05:40.999819,1550.2309561895008,92257,81,-5.000549281888311,6.967733300304287,5.351446492155763,10.109044466376098,0.43586655455460743,True,walking_dual_task,P01,24,0.68
2026-04-01T14:05:40.999972,1547.7780137156094,92257,82,-5.281881034930422,7.29060212834874,5.4539719025873445,10.52601330871537,0.4169688423392728,True,walking_dual_task,P01,24,0.68
2026-04-01T14:05:41.000456,1547.0794890766485,92476,81,-4.968811430534165,7.151953568690277,5.460544237716011,10.278962508588213,0.2470508001271572,True,walking_dual_task,P01,24,0.68
2026-04-01T14:05:41.001115,1548.5854351714634,92476,80,-5.253479248878163,7.289050936131966,5.083844849517749,10.323506488683382,0.04454398009516858,True,walking_dual_task,P01,24,0.68
2026-04-01T14:05:41.001629,1549.6401169872117,92736,81,-4.813025461838982,7.850247553318302,5.367463374000329,10.658389363122616,0.33488287443923426,True,walking_dual_task,P01,24,0.68
2026-04-01T14:05:41.002178,1494.4689518368941,92736,80,-4.544399143334209,8.756707117053544,5.745599710843241,11.416803368063883,0.7584140049412671,True,walking_dual_task,P01,24,0.68
2026-04-01T14:05:41.060260,1518.3887951304819,92977,82,-4.416507360834286,8.579372667526933,5.6528726334094275,11.183297440655009,0.23350592740887421,True,walking_dual_task,P01,24,0.68
2026-04-01T14:05:41.060321,1544.3838835417134,92977,82,-4.191766702465843,9.099751080607808,5.738434073257579,11.545821903617252,0.3625244629622433,True,walking_dual_task,P01,24,0.68
2026-04-01T14:05:41.060693,1589.031586794906,93106,81,-4.168269456637003,9.38609989070458,6.447968466580307,12.126402548465537,0.5805806448482844,True,walking_dual_task,P01,24,0.68
2026-04-01T14:05:41.119553,1458.3688872167825,93106,81,-3.7904398103666797,8.656692335435075,5.392475249796033,10.88046623385486,1.2459363146106774,True,walking_dual_task,P01,24,0.68
2026-04-01T14:05:41.119946,1518.5793490984754,93283,83,-3.223856395424543,8.407969899199845,5.055791737029908,10.327063376022743,0.5534028578321166,True,walking_dual_task,P01,24,0.68
2026-04-01T14:05:41.179627,1565.9659539155027,93283,82,-3.1582448318293346,8.299251938338683,5.090703539244492,10.23559259047914,0.09147078554360277,True,walking_dual_task,P01,24,0.68
2026-04-01T14:05:41.180185,1500.0302203121912,93511,80,-2.5361106541393887,8.126218936344129,5.1518403400998185,9.95031408254619,0.28527850793294895,True,walking_dual_task,P01,24,0.68
2026-04-01T14:05:41.180624,1498.4146420621205,93511,80,-2.6047978038133177,7.967444296388318,4.9939121893000165,9.757269042577471,0.19304503996871958,True,walking_dual_task,P01,24,0.68
2026-04-01T14:05:41.240025,1594.1084657922063,93617,80,-3.2071063180146737,7.5122172805639,5.680264059309426,9.94908735457353,0.1918183119960588,True,walking_dual_task,P01,24,0.68
2026-04-01T14:05:41.299712,1544.439565298574,93617,81,-3.1785417877640385,7.367353000190344,5.678736987839591,9.830008743792314,0.11907861078121584,True,walking_dual_task,P01,24,0.68
2026-04-01T14:05:41.300411,1591.3124435968712,93793,80,-4.604343153568945,5.929567939423976,5.608293335708488,9.370843396589986,0.4591653472023278,True,walking_dual_task,P01,24,0.68
2026-04-01T14:05:41.300980,1518.5831404322337,93793,81,-4.919863278156263,4.543898768972197,4.140890573226235,7.873947259021452,1.4968961375685348,True,walking_dual_task,P01,24,0.68
2026-04-01T14:05:41.359628,1449.7688552538812,94064,82,-5.010159239795404,4.73969552063204,4.437842809833612,8.201271733164228,0.32732447414277654,True,walking_dual_task,P01,24,0.68
2026-04-01T14:05:41.360300,1568.8894950606891,94064,80,-4.949247737458802,4.68485533360795,3.4478035463295402,7.6374257415479,0.5638459916163283,True,walking_dual_task,P01,24,0.68
2026-04-01T14:05:41.360918,1461.6069511255316,94239,81,-4.71712902569497,4.7330994730081315,3.346496692993488,7.473458167586153,0.163967573961747,True,walking_dual_task,P01,24,0.68
2026-04-01T14:05:41.360952,1531.5399938686028,94239,83,-4.203609447102542,4.951578271986896,3.5197007849403095,7.387608096189991,0.08585007139616163,True,walking_dual_task,P01,24,0.68
2026-04-01T14:05:41.361540,1571.855112650768,94278,81,-3.5135041800649986,5.160263826295803,3.5583950009695995,7.1857643548363495,0.2018437413536418,True,walking_dual_task,P01,24,0.68
2026-04-01T14:05:41.362249,1441.9646301742766,94278,82,-3.8665729977419026,5.1989721751243145,3.6273985759384977,7.425477685193344,0.23971333035699427,True,walking_dual_task,P01,24,0.68
2026-04-01T14:05:41.420392,1502.9604608621376,94221,81,-3.654655574982377,5.114223927683899,3.5006197525273146,7.194868477326649,0.2306092078666948,True,walking_dual_task,P01,24,0.68
2026-04-01T14:05:41.420521,1580.953283704855,94221,80,-3.389861516966802,5.1849636048848655,3.7274237234429517,7.229709282002869,0.03484080467621986,True,walking_dual_task,P01,24,0.68
2026-04-01T14:05:41.421190,1592.1480386337182,94124,80,-3.6272705480911807,5.302016499047916,3.664594031388178,7.395790694720334,0.1660814127174648,True,walking_dual_task,P01,24,0.68
2026-04-01T14:05:41.480246,1599.8116619648222,94124,80,-3.6998041997444364,5.130702530060436,3.794848476151636,7.3765530246427105,0.019237670077623115,True,walking_dual_task,P01,24,0.68
2026-04-01T14:05:41.480336,1525.1769728685517,94062,81,-3.6127177804239596,5.420691926697188,3.8653624172786327,7.57473810385954,0.19818507921682915,True,walking_dual_task,P01,24,0.68
2026-04-01T14:05:41.481004,1574.1517658122675,94062,82,-3.4197924303519525,5.097512424925463,3.456145588146358,7.044469853397452,0.5302682504620879,True,walking_dual_task,P01,24,0.68
2026-04-01T14:05:41.540197,1536.5799559401462,94039,83,-3.6735523466706255,5.438482042274356,3.8603549622580497,7.6140931306689605,0.5696232772715089,True,walking_dual_task,P01,24,0.68
2026-04-01T14:05:41.540638,1622.9277733717768,94039,81,-3.6593592271855746,5.225685788628917,3.550990833780654,7.301249058665282,0.3128440720036787,True,walking_dual_task,P01,24,0.68
2026-04-01T14:05:41.541196,1506.7451127558006,94008,81,-3.7777789744080006,5.166694626936093,3.72460737803281,7.4053391190401205,0.1040900603748387,True,walking_dual_task,P01,24,0.68
2026-04-01T14:05:41.599587,1579.2125894949831,94008,81,-4.020940522309093,5.008511996181931,3.7776971020895633,7.4514529116798105,0.046113792639689954,True,walking_dual_task,P01,24,0.68
2026-04-01T14:05:41.600209,1595.9035283468,93963,82,-3.4730775864371473,5.100737848445902,3.421987649408639,7.056188347308048,0.3952645643717627,True,walking_dual_task,P01,24,0.68
2026-04-01T14:05:41.600840,1565.3689656692786,93963,81,-3.185438408207289,7.834947030298195,5.001384842073123,9.825846689144884,2.769658341836836,True,walking_dual_task,P01,24,0.68
2026-04-01T14:05:41.719908,1574.275555999741,93921,81,-3.9912984622311303,7.759420067210497,5.246693068648488,10.18169196895298,0.3558452798080971,True,walking_dual_task,P01,24,0.68
2026-04-01T14:05:41.720555,1559.1030325207878,93921,82,-4.775845506121968,8.249496231698586,5.677320849443169,11.094812319398498,0.9131203504455172,True,walking_dual_task,P01,24,0.68
2026-04-01T14:05:41.721097,1541.5218088832917,93867,80,-4.708367724177521,8.34572027453692,5.710195910497719,11.154645259404624,0.05983294000612638,True,walking_dual_task,P01,24,0.68
2026-04-01T14:05:41.721142,1503.7138596242496,93867,81,-4.609753082309563,8.723682592137548,6.08500369556899,11.592227198572088,0.4375819391674636,True,walking_dual_task,P01,24,0.68
2026-04-01T14:05:41.721664,1682.8056154476105,93839,80,-4.751745581687799,8.796386977120449,6.244047941452431,11.78743587976198,0.1952086811898912,True,walking_dual_task,P01,24,0.68
2026-04-01T14:05:41.722438,1604.5524990094218,93839,82,-3.98987406887367,8.91978871092183,6.129731658340847,11.534961462277414,0.25247441748456545,True,walking_dual_task,P01,24,0.68
2026-04-01T14:05:41.780292,1658.445572574186,93808,81,-5.261906046734775,8.44299297164967,5.730005307404192,11.480624825629915,0.05433663664749844,True,walking_dual_task,P01,24,0.68
2026-04-01T14:05:41.780676,1602.6526151755456,93808,81,-5.3880816624867105,8.137156264665506,5.65690234508504,11.280304970125554,0.20031985550436104,True,walking_dual_task,P01,24,0.68
2026-04-01T14:05:41.781165,1615.3278145387471,93749,82,-5.808560609659256,7.381337468839234,5.243437910204999,10.757191097268379,0.5231138728571754,True,walking_dual_task,P01,24,0.68
2026-04-01T14:05:41.840000,1633.051713475342,93749,82,-5.848952228510816,7.102337788423109,5.42843612295761,10.682760082174248,0.07443101509413097,True,walking_dual_task,P01,24,0.68
2026-04-01T14:05:41.900152,1572.2923000106684,93817,81,-4.865018694288406,6.786707345552186,5.501056590680045,9.999471341216596,0.6832887409576518,True,walking_dual_task,P01,24,0.68
2026-04-01T14:05:41.900879,1647.4721854289753,93817,80,-4.572563781224511,6.7551825577342015,5.632315447873863,9.912810309192905,0.08666103202369158,True,walking_dual_task,P01,24,0.68
2026-04-01T14:05:41.901148,1645.0758427161063,93841,79,-3.449077788796268,7.792874921858894,6.681548003151139,10.829040625065455,0.91623031587255,True,walking_dual_task,P01,24,0.68
2026-04-01T14:05:41.901680,1608.423103140344,93841,81,-3.529545785841072,7.371807661091081,6.9775901157229185,10.746534579551856,0.08250604551359864,True,walking_dual_task,P01,24,0.68
2026-04-01T14:05:41.902217,1513.494714297793,93814,81,-3.175747778967174,7.921459910416065,7.534544720063503,11.384386905168878,0.6378523256170219,True,walking_dual_task,P01,24,0.68
2026-04-01T14:05:42.019763,1538.7145562417313,93814,80,-3.5114041256561377,7.556466636419373,7.231095498692942,11.03262838457869,0.3517585205901881,True,walking_dual_task,P01,24,0.68
2026-04-01T14:05:42.020557,1540.6224509991068,93785,80,-3.7106790506354748,7.31291858896974,7.1665294242613875,10.890686906459502,0.1419414781191879,True,walking_dual_task,P01,24,0.68
2026-04-01T14:05:42.021169,1705.3610456715546,93785,80,-3.9031023905225948,7.438297691561271,7.177968672531799,11.04924047539182,0.15855356893231765,True,walking_dual_task,P01,24,0.68
2026-04-01T14:05:42.021231,1559.192205630662,93677,80,-4.220421573818901,6.847728340780593,6.740991035689499,10.494965547019767,0.5542749283720525,True,walking_dual_task,P01,24,0.68
2026-04-01T14:05:42.022013,1640.5016261688947,93677,80,-4.168048858418422,7.017861294721094,6.09389307680392,10.186193659538693,0.30877188748107365,True,walking_dual_task,P01,24,0.68
2026-04-01T14:05:42.022418,1587.2389366921689,93573,82,-4.421627880209398,6.988709887843716,6.130860854415139,10.294674051357308,0.10848039181861502,True,walking_dual_task,P01,24,0.68
2026-04-01T14:05:42.080010,1660.8934153765008,93573,81,-4.144913864102125,7.336121144424822,5.16579241542547,9.883541655994085,0.4111323953632233,True,walking_dual_task,P01,24,0.68
2026-04-01T14:05:42.080393,1646.6763556460587,93558,82,-4.31704849469818,7.267096548611057,5.242228992461084,9.946283967483037,0.06274231148895204,True,walking_dual_task,P01,24,0.68
2026-04-01T14:05:42.139958,1666.8056847920075,93558,82,-4.8876159902802545,7.127434264184281,5.306717379945814,10.141516583299085,0.19523261581604778,True,walking_dual_task,P01,24,0.68
2026-04-01T14:05:42.140017,1571.6311224556323,93563,80,-5.080242807528139,7.798853317646496,5.0017633585737595,10.566390904598325,0.4248743212992405,True,walking_dual_task,P01,24,0.68
2026-04-01T14:05:42.140513,1628.5233582752878,93563,81,-5.282152256115141,7.50120359846913,4.9925063733391095,10.44482205546366,0.1215688491346647,True,walking_dual_task,P01,24,0.68
2026-04-01T14:05:42.199777,1526.1298466720646,93584,81,-5.233007973491817,7.473646223946235,4.9488591376896265,10.379352922799614,0.06546913266404708,True,walking_dual_task,P01,24,0.68
2026-04-01T14:05:42.200401,1576.478510843335,93584,81,-5.2778676846464645,7.515949932175902,5.034903649078219,10.473568896756804,0.09421597395719061,True,walking_dual_task,P01,24,0.68
2026-04-01T14:05:42.200704,1643.2518189732516,93626,80,-5.6802816522122965,7.144578709026048,5.229401122437866,10.519374538311789,0.04580564155498479,True,walking_dual_task,P01,24,0.68
2026-04-01T14:05:42.201242,1607.7616328418333,93626,82,-5.2049119509795965,7.3645894394754725,5.673310516275374,10.654329553921478,0.13495501560968926,True,walking_dual_task,P01,24,0.68
2026-04-01T14:05:42.260041,1541.9270232368758,93648,80,-5.641466581992533,7.137392494413404,5.5115403176641795,10.63699174993969,0.017337803981787303,True,walking_dual_task,P01,24,0.68
2026-04-01T14:05:42.260557,1536.6092504237213,93648,81,-5.2314123617869805,7.493234699967445,5.47366451211526,10.652569866423962,0.015578116484270765,True,walking_dual_task,P01,24,0.68
2026-04-01T14:05:42.261042,1523.2846425256307,93641,81,-4.993159997939037,7.018245764297714,5.505938552275461,10.222660109508414,0.42990975691554745,True,walking_dual_task,P01,24,0.68
2026-04-01T14:05:42.319524,1623.8435584943925,93641,82,-5.411328882751106,7.102231636150557,5.602909739338203,10.541194051814292,0.31853394230587817,True,walking_dual_task,P01,24,0.68
2026-04-01T14:05:42.320267,1586.0372546525473,93621,81,-5.166865543473863,7.09898530097164,5.66463809080303,10.448933751705265,0.09226030010902697,True,walking_dual_task,P01,24,0.68
2026-04-01T14:05:42.320303,1651.4396982857936,93621,82,-5.50937632324871,7.217266175999669,5.544043273630491,10.638541927646376,0.18960817594111035,True,walking_dual_task,P01,24,0.68
2026-04-01T14:05:42.380277,1607.4311087528376,93612,82,-5.254319256832334,7.523016022660225,5.875368820819319,10.896035963164648,0.2574940355182722,True,walking_dual_task,P01,24,0.68
2026-04-01T14:05:42.380346,1507.017884792442,93612,81,-5.493446697394518,7.607544662598667,5.964031598552389,11.118559498382853,0.22252353521820467,True,walking_dual_task,P01,24,0.68
2026-04-01T14:05:42.381369,1693.0007793368065,93614,81,-5.448781205787405,7.597718085980146,6.125467107624621,11.17747216633363,0.058912667950776765,True,walking_dual_task,P01,24,0.68
2026-04-01T14:05:42.440392,1587.5958434932854,93614,80,-5.789892997340276,7.665814942700809,6.064897512211761,11.360922563331615,0.18345039699798527,True,walking_dual_task,P01,24,0.68
2026-04-01T14:05:42.441529,1591.310585277182,93619,81,-5.145595668382817,7.624361582236232,5.9377371285636915,10.94827687479101,0.41264568854060535,True,walking_dual_task,P01,24,0.68
2026-04-01T14:05:42.441984,1576.176607726864,93619,80,-5.4007745021250795,7.670815399841793,5.997976263422697,11.134877340044502,0.18660046525349294,True,walking_dual_task,P01,24,0.68
2026-04-01T14:05:42.499557,1679.4337207148176,93588,82,-5.507940751954968,7.465746749224731,5.678024854845941,10.877258482855604,0.25761885718889843,True,walking_dual_task,P01,24,0.68
2026-04-01T14:05:42.499960,1633.3594556547691,93588,81,-5.652562617834003,7.629565277255709,5.875072857504028,11.165939796963842,0.2886813141082385,True,walking_dual_task,P01,24,0.68
2026-04-01T14:05:42.500577,1517.9593957960985,93587,79,-5.606893859917778,7.522461374056467,5.980287805929799,11.126029216315578,0.03991058064826447,True,walking_dual_task,P01,24,0.68
2026-04-01T14:05:42.561932,1604.2083431808594,93587,81,-5.666290214607363,7.5636741891808095,6.006025564994255,11.197694187804903,0.07166497148932471,True,walking_dual_task,P01,24,0.68
2026-04-01T14:05:42.562457,1632.685963656055,93660,80,-5.383148483101601,7.3517975771791955,5.773805505773191,10.787216750646747,0.4104774371581552,True,walking_dual_task,P01,24,0.68
2026-04-01T14:05:42.563241,1498.2735861613637,93660,81,-5.258885485216564,7.5626943197046295,5.93440205668447,10.957524797612598,0.17030804696585022,True,walking_dual_task,P01,24,0.68
2026-04-01T14:05:42.620248,1525.3452233554717,93541,80,-5.040816941630113,7.4043587092828975,6.003304524527177,10.783043566125805,0.1744812314867925,True,walking_dual_task,P01,24,0.68
2026-04-01T14:05:42.620405,1656.762471785155,93541,82,-4.162200800174391,8.093025904905891,6.405559282771078,11.12888914148869,0.34584557536288507,True,walking_dual_task,P01,24,0.68
2026-04-01T14:05:42.620753,1548.8004459880306,93293,82,-4.918773412713963,7.4200760257086795,6.1923705795209685,10.844229502691066,0.2846596387976241,True,walking_dual_task,P01,24,0.68
2026-04-01T14:05:42.740151,1597.4431279384899,93293,81,-5.120380761794758,6.064822970299722,4.582023363549255,9.164895793785341,1.679333708905725,True,walking_dual_task,P01,24,0.68
2026-04-01T14:05:42.740659,1617.9269814106474,93281,81,-5.016876876123593,6.1729514522752185,4.507011179041888,9.142621778808248,0.022274014977092804,True,walking_dual_task,P01,24,0.68
2026-04-01T14:05:42.741169,1518.026085210984,93281,81,-4.973490808823614,5.311145619677212,4.105373974697326,8.354518184251651,0.7881035945565973,True,walking_dual_task,P01,24,0.68
2026-04-01T14:05:42.741540,1730.1613198586213,93344,80,-4.521278641500488,5.241740999685177,3.9372182996448575,7.96363592845174,0.39088225579991054,True,walking_dual_task,P01,24,0.68
2026-04-01T14:05:42.742284,1654.050668729921,93344,81,-4.1032298072993525,5.601184295293683,3.9373832001440245,7.982026486183247,0.01839055773150644,True,walking_dual_task,P01,24,0.68
2026-04-01T14:05:42.742771,1487.8782008386872,93363,80,-3.5840538058406888,5.173810184793184,4.027840183750142,7.472432673317518,0.5095938128657291,True,walking_dual_task,P01,24,0.68
2026-04-01T14:05:42.800057,1649.9633074699448,93363,80,-3.993088770575613,5.270888524792673,3.8192307351779693,7.636330740546548,0.16389806722903,True,walking_dual_task,P01,24,0.68
2026-04-01T14:05:42.800387,1638.2456419425619,93377,82,-4.032420819586145,5.444325711365233,3.820976766493565,7.778236533286189,0.14190579273964143,True,walking_dual_task,P01,24,0.68
2026-04-01T14:05:42.801263,1535.7937520491685,93377,80,-4.141887167630024,5.442191909180299,3.98576136368342,7.91574227308831,0.13750573980212089,True,walking_dual_task,P01,24,0.68
2026-04-01T14:05:42.859841,1617.17639432806,93379,80,-3.908140477263542,5.49462047992007,4.0433900566719725,7.862151064357422,0.05359120873088763,True,walking_dual_task,P01,24,0.68
2026-04-01T14:05:42.860578,1685.8134262738135,93379,80,-3.4946250655418196,5.751249201011873,4.037815864845655,7.848135363209031,0.014015701148391457,True,walking_dual_task,P01,24,0.68
2026-04-01T14:05:42.860675,1558.1694038470444,93361,80,-3.635146056746988,5.2100382653433055,3.9229322214299818,7.466470571438571,0.38166479177045964,True,walking_dual_task,P01,24,0.68
2026-04-01T14:05:42.920015,1513.2606560953836,93361,80,-3.125594331492001,5.5370344991015585,3.7920951348229983,7.403247698195977,0.06322287324259435,True,walking_dual_task,P01,24,0.68
2026-04-01T14:05:42.920555,1578.980487142916,93348,81,-3.293766741432738,5.058533501291013,3.7739016967544754,7.118988309262648,0.2842593889333287,True,walking_dual_task,P01,24,0.68
2026-04-01T14:05:42.981027,1543.3777624925988,93348,82,-3.4158234346605587,5.370321096480506,3.689592357085497,7.356717350662832,0.23772904140018358,True,walking_dual_task,P01,24,0.68
2026-04-01T14:05:42.981626,1644.9918600503029,93350,82,-3.0951054409299474,4.8698560195069165,3.861274905746731,6.942954647623109,0.4137627030397226,True,walking_dual_task,P01,24,0.68
2026-04-01T14:05:43.040406,1557.9749931669883,93350,80,-2.995675205377053,4.800864712190574,3.9292923664891535,6.889245998091334,0.05370864953177534,True,walking_dual_task,P01,24,0.68
2026-04-01T14:05:43.040464,1653.2487968657358,93349,81,-2.5283359107810073,4.569674886830617,3.8460661644336613,6.485879739116097,0.4033662589752369,True,walking_dual_task,P01,24,0.68
2026-04-01T14:05:43.040908,1559.395079299665,93349,81,-2.5749777979064477,5.220327798269801,4.817910116546565,7.556096272032359,1.0702165329162616,True,walking_dual_task,P01,24,0.68
2026-04-01T14:05:43.041415,1673.4627188995514,93317,81,-2.578031277850335,5.323412440196836,4.903112820413585,7.682804215110595,0.12670794307823652,True,walking_dual_task,P01,24,0.68
2026-04-01T14:05:43.099512,1600.7605141830552,93317,80,-2.099671567969522,7.290561367819609,6.011772180420723,9.679995377094137,1.997191161983542,True,walking_dual_task,P01,24,0.68
2026-04-01T14:05:43.100015,1547.7066373676453,93128,80,-2.2907269278058306,7.120965960855633,6.05975821555412,9.62685076774409,0.05314460935004739,True,walking_dual_task,P01,24,0.68
2026-04-01T14:05:43.100281,1549.9989707161678,93128,81,-4.3572279687633255,9.500967066529476,7.0247043215607015,12.593660372441553,2.9668096046974632,True,walking_dual_task,P01,24,0.68
2026-04-01T14:05:43.100499,1543.0081026627868,92971,82,-5.186262309101583,8.756338471895246,6.9549867443305065,12.326500751917127,0.267159620524426,True,walking_dual_task,P01,24,0.68
2026-04-01T14:05:43.159781,1510.7015304814104,92971,81,-5.154742452780867,8.491055553899384,7.097446870094519,12.208322826978378,0.1181779249387489,True,walking_dual_task,P01,24,0.68
2026-04-01T14:05:43.160173,1706.8585232247879,92892,81,-4.227057637845085,7.980607368373584,6.426213548891044,11.083967286930886,1.1243555400474925,True,walking_dual_task,P01,24,0.68
2026-04-01T14:05:43.160486,1612.9715742317874,92892,82,-4.248025416045858,8.22572448776175,6.351233796181169,11.227040305338214,0.14307301840732833,True,walking_dual_task,P01,24,0.68
2026-04-01T14:05:43.219988,1608.2169489886332,92700,82,-5.8891894348893095,7.89179260112709,5.220849719301531,11.145412260241745,0.08162804509646904,True,walking_dual_task,P01,24,0.68
2026-04-01T14:05:43.279672,1590.0351910094457,92700,83,-7.198197919981782,8.57642772599902,5.302826029432523,12.389072997320739,1.2436607370789936,True,walking_dual_task,P01,24,0.68
2026-04-01T14:05:43.280469,1676.4073689521763,92442,81,-6.938919675225444,8.575343542096267,5.184765977703215,12.188803114652059,0.20026988266867995,True,walking_dual_task,P01,24,0.68
2026-04-01T14:05:43.281321,1621.7903375361177,92442,82,-7.075165325493017,7.95679754966732,5.297912521821913,11.892706534608847,0.29609658004321204,True,walking_dual_task,P01,24,0.68
2026-04-01T14:05:43.281355,1606.705947546016,92411,81,-7.164114208307525,8.255356726445607,5.089981673969917,12.057502250130169,0.164795715521322,True,walking_dual_task,P01,24,0.68
2026-04-01T14:05:43.281956,1572.2980544201823,92411,80,-5.526268148782001,8.070405454162252,5.272545748147817,11.111742550704003,0.9457596994261657,True,walking_dual_task,P01,24,0.68
2026-04-01T14:05:43.340086,1573.5393221589084,92385,80,-4.942285062773693,7.336864658664637,5.6462990741534975,10.494591840374964,0.6171507103290388,True,walking_dual_task,P01,24,0.68
2026-04-01T14:05:43.340397,1554.8854180596345,92385,81,-5.069165361822985,7.498250385810123,5.596272724210692,10.641356338247121,0.14676449787215695,True,walking_dual_task,P01,24,0.68
2026-04-01T14:05:43.340678,1565.687700641133,92366,82,-4.19643729684364,6.196442168482967,4.865826224394451,8.926491269233338,1.7148650690137828,True,walking_dual_task,P01,24,0.68
2026-04-01T14:05:43.459827,1529.9393855597393,92366,82,-4.5050513843360696,6.128925538035447,4.957467293401173,9.079410674236174,0.15291940500283552,True,walking_dual_task,P01,24,0.68
2026-04-01T14:05:43.460604,1556.1786541701863,92385,82,-4.088347870710997,6.512690618779378,4.790284865415725,9.0596112775171,0.01979939671907438,True,walking_dual_task,P01,24,0.68
2026-04-01T14:05:43.460719,1474.2717428548528,92385,82,-4.483796675542386,6.379015335377325,5.081710449747267,9.306989329082452,0.2473780515653523,True,walking_dual_task,P01,24,0.68
2026-04-01T14:05:43.461109,1627.3597259543092,92442,81,-4.360864742190955,6.306262071187371,4.923545466957777,9.111936269277848,0.19505305980460363,True,walking_dual_task,P01,24,0.68
2026-04-01T14:05:43.461666,1552.6485288476254,92442,81,-4.401169808068043,6.499872467465879,5.03682939946029,9.32675121208013,0.2148149428022812,True,walking_dual_task,P01,24,0.68
2026-04-01T14:05:43.462371,1522.9692114963595,92444,83,-4.042665178257273,6.469434672367742,4.942355692697531,9.089752830339641,0.23699838174048793,True,walking_dual_task,P01,24,0.68
2026-04-01T14:05:43.520248,1475.295054532214,92444,81,-3.9895957895422147,6.312452165510446,5.315114753132659,9.165935399333716,0.07618256899407427,True,walking_dual_task,P01,24,0.68
2026-04-01T14:05:43.520503,1625.2414783786735,92401,81,-4.389791212159924,6.351940083399692,4.79002697158583,9.086350647976111,0.07958475135760423,True,walking_dual_task,P01,24,0.68
2026-04-01T14:05:43.520927,1609.2232677532693,92401,80,-4.067625794124745,6.265029993063801,4.77435963657148,8.865139048787725,0.2212115991883863,True,walking_dual_task,P01,24,0.68
2026-04-01T14:05:43.580462,1634.5615853392162,92351,82,-3.9392159162997515,6.184623278496344,4.9472593562571126,8.845471285930541,0.019667762857183746,True,walking_dual_task,P01,24,0.68
2026-04-01T14:05:43.580531,1619.3634221940329,92351,81,-3.9232915773538615,6.489670949495484,4.946300553679142,9.053945824942181,0.2084745390116396,True,walking_dual_task,P01,24,0.68
2026-04-01T14:05:43.580899,1511.2822136285154,92349,82,-4.213528128075498,6.358085210646048,4.857700727595495,9.04302621862843,0.010919606313750663,True,walking_dual_task,P01,24,0.68
2026-04-01T14:05:43.640218,1527.904669178274,92349,80,-5.383805482074724,8.001183943871288,5.904168187413549,11.30767473699822,2.264648518369789,True,walking_dual_task,P01,24,0.68
2026-04-01T14:05:43.640869,1654.1851060003025,92398,80,-5.824770896094074,8.269595656535692,5.963500038091971,11.742125064012114,0.4344503270138951,True,walking_dual_task,P01,24,0.68
2026-04-01T14:05:43.641338,1606.2896616048463,92398,82,-5.497833189607003,7.860986537254021,5.111648760288265,10.869693287677892,0.8724317763342224,True,walking_dual_task,P01,24,0.68
2026-04-01T14:05:43.819971,1702.5016120608466,92465,83,-5.528510273110369,7.662041970570667,5.45820604704079,10.911614282526026,0.04192099484813383,True,walking_dual_task,P01,24,0.68
2026-04-01T14:05:43.820869,1706.8799986757492,92465,81,-5.784500356548826,8.022405978809845,4.795282872329055,10.99155038606519,0.0799361035391648,True,walking_dual_task,P01,24,0.68
2026-04-01T14:05:43.820915,1630.6856977385692,92537,81,-5.521118899572727,7.8990529050266085,4.970983692747698,10.843821723598742,0.14772866246644867,True,walking_dual_task,P01,24,0.68
2026-04-01T14:05:43.821940,1521.915518694311,92537,81,-6.111766888564012,7.927794002270627,4.8689452171244865,11.131497642722877,0.28767591912413515,True,walking_dual_task,P01,24,0.68
2026-04-01T14:05:43.822388,1549.67734482653,92586,80,-5.7279228556916335,7.981608207317954,4.767908426009317,10.92007878060825,0.2114188621146269,True,walking_dual_task,P01,24,0.68
2026-04-01T14:05:43.822880,1624.4724476376314,92586,81,-5.734975743351608,7.926766302742365,4.763261460833733,10.881738396937648,0.03834038367060266,True,walking_dual_task,P01,24,0.68
2026-04-01T14:05:43.880222,1589.5439210841039,92619,81,-6.04414503377792,8.127011270027486,4.889033520857734,11.246450557423291,0.36471216048564337,True,walking_dual_task,P01,24,0.68
2026-04-01T14:05:43.880881,1513.6440081530986,92619,80,-5.509895431352166,9.308152075174444,6.087765212850338,12.412152432426879,1.1657018750035881,True,walking_dual_task,P01,24,0.68
2026-04-01T14:05:43.881252,1519.8984910307597,92471,80,-5.625096603937231,9.188614808010165,6.023625986045862,12.343274440494987,0.06887799193189181,True,walking_dual_task,P01,24,0.68
2026-04-01T14:05:43.881730,1630.2364932132443,92471,81,-4.529265603098774,10.114182217804007,7.132490396786876,13.178897833226172,0.8356233927311845,True,walking_dual_task,P01,24,0.68
2026-04-01T14:05:43.882179,1636.6726195841886,92277,80,-4.729839485392206,9.95408539161958,7.227762931678293,13.179368518171588,0.0004706849454159112,True,walking_dual_task,P01,24,0.68
2026-04-01T14:05:43.882590,1562.9299588447388,92277,80,-4.039172999906864,8.76623655783117,6.599674208612854,11.692626803711047,1.4867417144605408,True,walking_dual_task,P01,24,0.68
2026-04-01T14:05:43.940812,1670.8591474182658,92295,81,-3.8332205888038704,8.208751862054287,5.869761476761546,10.794965817883979,0.8976609858270681,True,walking_dual_task,P01,24,0.68
2026-04-01T14:05:43.941442,1649.5134063386308,92295,81,-4.070249836580248,8.073902323109541,5.970804801003352,10.835374586371247,0.04040876848726782,True,walking_dual_task,P01,24,0.68
2026-04-01T14:05:43.941994,1444.3628102079474,92339,82,-3.585722457224378,8.451750045795414,6.432333676556673,11.210013421196741,0.374638834825495,True,walking_dual_task,P01,24,0.68
2026-04-01T14:05:44.000253,1577.6895232598015,92339,81,-3.5526571396698623,8.775244990211807,6.007799709148675,11.21249101384396,0.00247759264721914,True,walking_dual_task,P01,24,0.68
2026-04-01T14:05:44.001402,1680.631941056133,92337,81,-3.9191879896091604,9.308276274735613,6.85709878716941,12.207532325646442,0.9950413118024812,True,walking_dual_task,P01,24,0.68
2026-04-01T14:05:44.001878,1596.737022084883,92337,81,-3.150920374336613,7.527982657719448,6.376171636583983,10.356369385045728,1.8511629406007142,True,walking_dual_task,P01,24,0.68
2026-04-01T14:05:44.059965,1424.248237203675,92351,81,-3.9005632403621995,7.764356026012305,6.264349594799929,10.711754941960185,0.3553855569144577,True,walking_dual_task,P01,24,0.68
2026-04-01T14:05:44.060869,1562.9163394973161,92351,80,-3.5261260831359555,5.414956136498172,5.322845950618049,8.371857865992583,2.3398970759676025,True,walking_dual_task,P01,24,0.68
2026-04-01T14:05:44.061283,1570.692564491177,92438,80,-3.7482757147519425,5.198994316312787,5.392672478218395,8.376158379125002,0.0043005131324189705,True,walking_dual_task,P01,24,0.68
2026-04-01T14:05:44.179729,1545.3132844386396,92438,82,-3.645214905018976,4.687435347724105,4.056540639980773,7.191325594539683,1.1848327845853186,True,walking_dual_task,P01,24,0.68
2026-04-01T14:05:44.239902,1611.6779985399805,92484,82,-3.6187689406146393,4.601971669377793,4.227444251738716,7.221143731630866,0.02981813709118253,True,walking_dual_task,P01,24,0.68
2026-04-01T14:05:44.240576,1606.503566954053,92484,81,-2.848640751967001,4.934349746582289,3.903220655304929,6.906351644635746,0.3147920869951202,True,walking_dual_task,P01,24,0.68
2026-04-01T14:05:44.240638,1630.1748766902276,92460,81,-2.669894920643129,4.770769578786243,3.807093865811508,6.662022588091988,0.2443290565437577,True,walking_dual_task,P01,24,0.68
2026-04-01T14:05:44.241339,1630.1081339704758,92460,80,-2.4056245658040702,4.831171322420643,4.091342858725478,6.772468699508593,0.11044611141660532,True,walking_dual_task,P01,24,0.68
2026-04-01T14:05:44.241574,1573.177029665943,92435,81,-2.2217972110239264,4.293948758193921,3.5920003050728124,6.023026230770708,0.7494424687378851,True,walking_dual_task,P01,24,0.68
2026-04-01T14:05:44.242916,1530.2887832524202,92435,81,-2.395198440800118,4.709637137237694,4.15753118139501,6.72329703787744,0.7002708071067323,True,walking_dual_task,P01,24,0.68
2026-04-01T14:05:44.299620,1477.4464145343168,92419,81,-1.6072860895321932,4.306449906661164,3.5442517314937203,5.804360404763118,0.9189366331143223,True,walking_dual_task,P01,24,0.68
2026-04-01T14:05:44.300234,1536.0724646253955,92419,82,-1.9190928187999992,4.769850437535576,3.5424086128253354,6.243640702654756,0.4392802978916377,True,walking_dual_task,P01,24,0.68
2026-04-01T14:05:44.300704,1515.7231885239855,92423,81,-2.130529597133633,4.949843723556559,3.315036357051598,6.326893021101952,0.0832523184471965,True,walking_dual_task,P01,24,0.68
2026-04-01T14:05:44.301238,1418.318217022466,92423,81,-2.3994480318090017,5.536215610722063,3.7257851102623096,7.091439122886629,0.7645461017846769,True,walking_dual_task,P01,24,0.68
2026-04-01T14:05:44.301980,1593.004251410414,92397,80,-2.5325253786878075,5.969014502678744,3.7342293147365457,7.482465335831819,0.3910262129451896,True,walking_dual_task,P01,24,0.68
2026-04-01T14:05:44.359745,1585.3036598420047,92397,81,-2.056565889122031,6.9861198665519275,4.499652425929657,8.560502672174483,1.078037336342664,True,walking_dual_task,P01,24,0.68
2026-04-01T14:05:44.360299,1508.2858200072185,92342,82,-2.360402558483518,7.070780029330498,4.25122079386015,8.58139316774517,0.02089049557068634,True,walking_dual_task,P01,24,0.68
2026-04-01T14:05:44.360669,1525.0461185544707,92342,82,-2.36098477369043,7.246504533688248,4.50660046754374,8.854124735535853,0.2727315677906841,True,walking_dual_task,P01,24,0.68
2026-04-01T14:05:44.480105,1565.3990494429163,92265,80,-2.4854869250689298,6.934733305940715,4.785098206968678,8.7843802359385,0.06974449959735374,True,walking_dual_task,P01,24,0.68
2026-04-01T14:05:44.481124,1593.8201400786852,92265,81,-2.37886068785326,7.423626402528153,4.492305453310889,8.997222650483511,0.21284241454501185,True,walking_dual_task,P01,24,0.68
2026-04-01T14:05:44.481161,1515.4075978569438,92080,81,-2.2435393321444033,7.080437048361426,4.579925584083577,8.725925503144714,0.27129714733879773,True,walking_dual_task,P01,24,0.68
2026-04-01T14:05:44.481657,1680.554202667857,92080,81,-2.507917254067617,7.047684584030591,4.4540800888859495,8.7062240028294,0.019701500315314036,True,walking_dual_task,P01,24,0.68
2026-04-01T14:05:44.482163,1623.0700871972645,91958,81,-2.4128378371442625,7.108509658796519,4.333532132541752,8.667883059970887,0.03834094285851286,True,walking_dual_task,P01,24,0.68
2026-04-01T14:05:44.482931,1636.016944431121,91958,80,-2.3004606541271704,7.3177054056381845,4.6364021516657665,8.963099716998828,0.2952166570279413,True,walking_dual_task,P01,24,0.68
2026-04-01T14:05:44.540367,1595.825830932784,91921,81,-2.4498824247551756,7.141506581749883,4.186714684772835,8.63316975415135,0.3299299628474781,True,walking_dual_task,P01,24,0.68
2026-04-01T14:05:44.540408,1657.0109010145386,91921,81,-2.508732146886755,7.166303514868387,4.6327694118883995,8.894503666634064,0.26133391248271387,True,walking_dual_task,P01,24,0.68
2026-04-01T14:05:44.541025,1521.6910934343912,91924,82,-2.244601891731491,7.041334025545879,4.282466390927946,8.541553775578665,0.352949891055399,True,walking_dual_task,P01,24,0.68
2026-04-01T14:05:44.600198,1595.4506943130698,91924,80,-2.1479835054859566,7.007993023907949,4.365713216315497,8.531427269226059,0.010126506352605702,True,walking_dual_task,P01,24,0.68
2026-04-01T14:05:44.600498,1517.7133437791167,91864,80,-2.2310129444374374,7.163260628911088,4.353457375517251,8.674232687471592,0.1428054182455334,True,walking_dual_task,P01,24,0.68
2026-04-01T14:05:44.601227,1559.3783550987282,91864,81,-7.366066740795182,7.989851951711007,6.051537502785862,12.438560189496728,3.764327502025136,True,walking_dual_task,P01,24,0.68
2026-04-01T14:05:44.659910,1553.1616093148064,91846,82,-6.131111049907029,7.642188334729237,5.38277640980539,11.178901874858779,1.2596583146379494,True,walking_dual_task,P01,24,0.68
2026-04-01T14:05:44.660391,1545.909460510918,91846,81,-6.435750228184746,7.870824729392836,5.611660628578601,11.612902218254531,0.434000343395752,True,walking_dual_task,P01,24,0.68
2026-04-01T14:05:44.660790,1563.1420631146239,91968,82,-4.863255598277082,6.852851204022397,5.4966421242734125,10.041210050635407,1.5716921676191244,True,walking_dual_task,P01,24,0.68
2026-04-01T14:05:44.719953,1577.4792221895532,91968,80,-3.817802800105981,8.117221181058488,5.543385222586281,10.544857402957595,0.5036473523221883,True,walking_dual_task,P01,24,0.68
2026-04-01T14:05:44.720438,1473.437508747287,91957,80,-4.033488657149701,8.244680840839688,5.926100147703531,10.925312621397895,0.38045521844030006,True,walking_dual_task,P01,24,0.68
2026-04-01T14:05:44.720525,1579.4343383568216,91957,81,-4.089219924586654,9.21820908629943,6.185193339852369,11.830203506352879,0.9048908849549839,True,walking_dual_task,P01,24,0.68
2026-04-01T14:05:44.780357,1504.487557888793,91798,79,-4.3072974269879944,9.178479756881988,5.9351563336776065,11.748335306639117,0.08186819971376202,True,walking_dual_task,P01,24,0.68
2026-04-01T14:05:44.781216,1562.5237628868194,91798,82,-4.503215896617148,7.801754563754171,4.908166550194979,10.258480714465339,1.4898545921737778,True,walking_dual_task,P01,24,0.68
2026-04-01T14:05:44.781568,1534.7522590020226,91827,81,-4.576742301230085,7.7554590527710365,5.07078030085792,10.334724382906678,0.07624366844133945,True,walking_dual_task,P01,24,0.68
2026-04-01T14:05:44.839923,1477.1671064782904,91827,82,-3.962398223364228,6.914784958057555,4.191792958559894,9.00477533890387,1.3299490440028077,True,walking_dual_task,P01,24,0.68
2026-04-01T14:05:44.840913,1505.2504022839596,91919,80,-3.832202653687315,6.99103182579816,4.478849543360698,9.144418866188992,0.13964352728512175,True,walking_dual_task,P01,24,0.68
2026-04-01T14:05:44.841237,1503.8128864728594,91919,81,-3.674508229233936,6.976597397327985,4.820663578415842,9.24195430130319,0.09753543511419771,True,walking_dual_task,P01,24,0.68
2026-04-01T14:05:44.899960,1583.7952012006144,91961,80,-3.9075636775347524,6.809011473403821,4.804764054484465,9.204208209194302,0.03774609210888791,True,walking_dual_task,P01,24,0.68
2026-04-01T14:05:44.900355,1546.5947907557002,91961,82,-3.744426199917873,7.85719071679015,4.94743595325619,10.01165800645511,0.8074497972608086,True,walking_dual_task,P01,24,0.68
2026-04-01T14:05:44.901056,1596.796996678066,91951,82,-4.086946755254765,8.623446523139469,5.209000869329208,10.872012406836468,0.8603544003813575,True,walking_dual_task,P01,24,0.68
2026-04-01T14:05:44.959767,1641.730741052093,91951,81,-4.135922652188421,8.340834936725837,5.281859560943103,10.703897610128644,0.16811479670782425,True,walking_dual_task,P01,24,0.68
2026-04-01T14:05:44.960339,1574.4181954595226,91978,82,-4.451204508278574,8.241656216930943,6.347071859240153,11.314744361184403,0.6108467510557585,True,walking_dual_task,P01,24,0.68
2026-04-01T14:05:44.960772,1585.7207391433071,91978,82,-4.694253722096492,8.282121804593178,6.023096262057727,11.265311721188557,0.04943263999584602,True,walking_dual_task,P01,24,0.68
2026-04-01T14:05:45.019777,1536.967547206784,91991,82,-4.837823459803251,7.765023054033624,6.050239652937531,10.968387243158132,0.29692447803042477,True,walking_dual_task,P01,24,0.68
2026-04-01T14:05:45.020334,1582.205037367646,91991,81,-4.787227227862453,7.890770399322177,6.670105495578082,11.387366216476382,0.41897897331825007,True,walking_dual_task,P01,24,0.68
2026-04-01T14:05:45.020806,1502.2721444853398,91857,82,-4.626563232138831,7.449010161619128,6.137886010666619,10.70357344109064,0.6837927753857418,True,walking_dual_task,P01,24,0.68
2026-04-01T14:05:45.079792,1630.0916528357643,91857,81,-4.997108981752535,7.133750151573362,5.817623707941777,10.474074422486746,0.2294990186038941,True,walking_dual_task,P01,24,0.68
2026-04-01T14:05:45.080131,1524.1689251661182,91752,79,-4.496276917087764,7.363831464646715,6.070313332424309,10.54946557455237,0.07539115206562386,True,walking_dual_task,P01,24,0.68
2026-04-01T14:05:45.080961,1576.4103639454772,91752,82,-4.827214128323692,7.720248352587073,4.967865523736915,10.372266807609856,0.17719876694251369,True,walking_dual_task,P01,24,0.68
2026-04-01T14:05:45.199822,1663.1918884314275,91739,81,-4.639461715455386,7.501622766254826,4.771199001001542,10.028124901671651,0.34414190593820493,True,walking_dual_task,P01,24,0.68
2026-04-01T14:05:45.200636,1540.5406953649554,91739,80,-5.038784276293086,7.627944722883258,4.264957434576411,10.087851584808808,0.05972668313715701,True,walking_dual_task,P01,24,0.68
2026-04-01T14:05:45.201148,1633.553589717253,91760,81,-5.1084554205799915,8.188650417740785,4.516904907534969,10.656112911926794,0.5682613271179857,True,walking_dual_task,P01,24,0.68
2026-04-01T14:05:45.201182,1626.493390017878,91760,81,-4.95061596738054,8.028363864878248,4.264399648562701,10.35124771059159,0.304865201335204,True,walking_dual_task,P01,24,0.68
2026-04-01T14:05:45.201553,1489.5167271188566,91765,81,-4.5688860596899445,8.46565245533921,4.402424732520656,10.57938253616578,0.2281348255741893,True,walking_dual_task,P01,24,0.68
2026-04-01T14:05:45.202155,1517.9351899351725,91765,83,-4.805553307720738,8.51501736123849,4.81057676219854,10.89681201271928,0.3174294765535013,True,walking_dual_task,P01,24,0.68
2026-04-01T14:05:45.259629,1610.759509336664,91774,80,-4.3143583360144255,9.284415428972615,5.390524423422268,11.57029866808951,0.6734866553702297,True,walking_dual_task,P01,24,0.68
2026-04-01T14:05:45.260295,1576.2501144750383,91774,83,-4.395841132828852,9.455878237845731,5.160503233803206,11.634768847730834,0.06447017964132407,True,walking_dual_task,P01,24,0.68
2026-04-01T14:05:45.319694,1682.7259530390543,91728,81,-3.5254880543048794,9.69667732935595,6.378282978465873,12.130008697609394,0.4952398498785602,True,walking_dual_task,P01,24,0.68
2026-04-01T14:05:45.320205,1625.6377286241263,91728,81,-4.085999886405984,9.231465503864989,6.28734056775383,11.893107324651622,0.2369013729577727,True,walking_dual_task,P01,24,0.68
2026-04-01T14:05:45.320683,1514.7691327713364,91688,81,-3.766604229886126,9.165713790995113,6.086494130016475,11.629403575324018,0.263703749327604,True,walking_dual_task,P01,24,0.68
2026-04-01T14:05:45.380859,1649.328618913066,91688,83,-4.27210420249559,9.087975141416694,5.607161013965303,11.501409527728358,0.12799404759566002,True,walking_dual_task,P01,24,0.68
2026-04-01T14:05:45.380917,1538.4575030936596,91729,80,-3.91770792010156,8.874630611209673,5.983137599464492,11.397606738555774,0.10380278917258323,True,walking_dual_task,P01,24,0.68
2026-04-01T14:05:45.381632,1584.948920992479,91729,80,-4.160998544830944,8.753433353646095,5.859710449870519,11.325754320270722,0.07185241828505262,True,walking_dual_task,P01,24,0.68
2026-04-01T14:05:45.381826,1618.6432238502348,91767,81,-3.9238853615624705,8.781914656811422,5.884331209365796,11.275826140541536,0.04992817972918573,True,walking_dual_task,P01,24,0.68
2026-04-01T14:05:45.500009,1553.3389469508516,91767,80,-3.95585668658379,8.758954009379151,5.764403537841531,11.206981110463635,0.06884503007790066,True,walking_dual_task,P01,24,0.68
2026-04-01T14:05:45.500479,1645.81412915548,91743,81,-3.781912630743597,8.929592818226581,5.865667351220875,11.333425983394438,0.12644487293080253,True,walking_dual_task,P01,24,0.68
2026-04-01T14:05:45.500874,1493.3024684417076,91743,81,-3.847799973405616,8.741777276567479,5.638370671201699,11.091233403653504,0.24219257974093367,True,walking_dual_task,P01,24,0.68
2026-04-01T14:05:45.501282,1710.4098939903292,91764,81,-3.9951314558972686,9.04569198056972,5.6163835546243135,11.372307724903402,0.28107432124989806,True,walking_dual_task,P01,24,0.68
2026-04-01T14:05:45.501689,1484.9339184822763,91764,80,-4.038614531892306,8.99052175159457,5.7067282164910305,11.388882106686403,0.01657438178300019,True,walking_dual_task,P01,24,0.68
2026-04-01T14:05:45.502421,1593.9386748085747,91891,81,-3.9293832321251196,8.799427111468209,5.797402508435648,11.246325885362017,0.1425562213243854,True,walking_dual_task,P01,24,0.68
2026-04-01T14:05:45.560619,1647.1178960299596,91891,80,-4.106351240969322,8.765246097286486,5.706489213215019,11.236355227596965,0.009970657765052238,True,walking_dual_task,P01,24,0.68
2026-04-01T14:05:45.561190,1701.4384956392407,92004,81,-4.180805489156634,8.955861787947205,5.97071254684699,11.547120992699922,0.31076576510295695,True,walking_dual_task,P01,24,0.68
2026-04-01T14:05:45.561218,1520.45981024183,92004,82,-4.028186757611934,8.716093569084553,5.733510978175734,11.183457595757178,0.3636633969427443,True,walking_dual_task,P01,24,0.68
2026-04-01T14:05:45.619983,1535.1899916304208,92000,82,-4.290400848378839,8.697391770741932,5.608546453313448,11.203033355860109,0.019575760102931383,True,walking_dual_task,P01,24,0.68
2026-04-01T14:05:45.620518,1595.395776918067,92000,81,-3.369225217123257,5.460948191836444,3.1825002024796416,7.162537347644614,4.040496008215495,True,walking_dual_task,P01,24,0.68
2026-04-01T14:05:45.620916,1570.1443113323771,91859,81,-2.892521275306563,5.43449338581288,3.51419292692388,7.088719885577852,0.07381746206676176,True,walking_dual_task,P01,24,0.68
2026-04-01T14:05:45.679994,1569.928711233319,91859,81,-3.289062539825625,5.5068361429699575,3.403109775841406,7.261152308196804,0.17243242261895197,True,walking_dual_task,P01,24,0.68
2026-04-01T14:05:45.680518,1596.732669338983,91859,81,-2.8035000169871633,5.269214684247705,3.486188064733981,6.91214459893833,0.34900770925847446,True,walking_dual_task,P01,24,0.68
2026-04-01T14:05:45.681037,1369.0167311031012,91766,81,-2.631497100163355,5.069042088058226,3.202633949278497,6.548040080187737,0.3641045187505929,True,walking_dual_task,P01,24,0.68
2026-04-01T14:05:45.739945,1600.1304614217488,91739,81,-2.6644800265623054,5.243539059604747,3.423687915523378,6.8055708522100415,0.2575307720223048,True,walking_dual_task,P01,24,0.68
2026-04-01T14:05:45.740677,1527.6069850573945,91739,80,-3.3368872353064725,5.1540274033861,3.3829406850559613,7.010214160395746,0.20464330818570442,True,walking_dual_task,P01,24,0.68
2026-04-01T14:05:45.740739,1577.041705150476,91720,80,-3.1321015778651304,5.478584266397207,3.4751553644557327,7.2042800240680345,0.1940658636722885,True,walking_dual_task,P01,24,0.68
2026-04-01T14:05:45.800494,1665.1786117502,91720,82,-3.49453145986711,5.748855777081449,3.5802399206089612,7.62097177260261,0.4166917485345758,True,walking_dual_task,P01,24,0.68
2026-04-01T14:05:45.801270,1532.1183050864627,91686,81,-3.525696787491844,6.012999439091019,4.301916130122794,8.1910428202061,0.5700710476034896,True,walking_dual_task,P01,24,0.68
2026-04-01T14:05:45.801764,1575.9268746162456,91686,82,-3.456336860458018,6.431566739265172,4.474495904956789,8.563435573299882,0.3723927530937825,True,walking_dual_task,P01,24,0.68
2026-04-01T14:05:45.859708,1594.8256746266009,91673,81,-4.09317725713333,7.573428077213292,4.637741565754113,9.778525437393899,1.2150898640940166,True,walking_dual_task,P01,24,0.68
2026-04-01T14:05:45.860240,1433.5260781513487,91673,82,-4.03970796339537,7.208487231943413,4.918880003603331,9.616491516788223,0.16203392060567623,True,walking_dual_task,P01,24,0.68
2026-04-01T14:05:45.860783,1572.3169674388064,91635,82,-3.881124444691287,7.363673788233359,4.591599433571008,9.506292861734531,0.11019865505369175,True,walking_dual_task,P01,24,0.68
2026-04-01T14:05:45.920115,1553.9936814052871,91635,81,-5.061621956037641,8.332024098692855,6.0687975771856,11.483594665430099,1.9773018036955676,True,walking_dual_task,P01,24,0.68
2026-04-01T14:05:45.920172,1541.4428184829326,91603,80,-5.0875548270947775,8.516683420463313,5.799166408975357,11.491189740060783,0.0075950746306840955,True,walking_dual_task,P01,24,0.68
2026-04-01T14:05:45.920852,1563.9903802278227,91603,82,-4.822502437641304,8.551388591679698,5.851073791509876,11.428816260692082,0.0623734793687003,True,walking_dual_task,P01,24,0.68
2026-04-01T14:05:45.980277,1498.9618457655788,91635,81,-4.727205780764837,8.814964494815609,6.184028815729976,11.759774059578483,0.3309577988864003,True,walking_dual_task,P01,24,0.68
2026-04-01T14:05:45.980335,1594.600553217163,91635,80,-4.8032144653822355,9.002655129435283,6.255372359775868,11.96864035467072,0.2088662950922373,True,walking_dual_task,P01,24,0.68
2026-04-01T14:05:45.980782,1620.5880865192032,91593,81,-3.6016426948625098,8.796563192041296,6.477194319222794,11.502408458318817,0.46623189635190343,True,walking_dual_task,P01,24,0.68
2026-04-01T14:05:46.040385,1556.7581146352315,91593,80,-3.754166803764435,9.100635569954074,6.361422879334141,11.721051028696873,0.2186425703780568,True,walking_dual_task,P01,24,0.68
2026-04-01T14:05:46.041167,1602.9174007745776,91527,81,-4.143297384998699,8.264372513147432,6.183246872157043,11.12201906753642,0.5990319611604527,True,walking_dual_task,P01,24,0.68
2026-04-01T14:05:46.041370,1573.0677639250507,91527,81,-5.057045639770585,6.863112170324345,4.80544131952184,9.786127198261049,1.3358918692753718,True,walking_dual_task,P01,24,0.68
2026-04-01T14:05:46.099795,1485.7218544991526,91554,83,-5.072257313981731,6.78945562684007,4.995115202253838,9.8374629784238,0.05133578016275031,True,walking_dual_task,P01,24,0.68
2026-04-01T14:05:46.100107,1585.8026013953777,91554,82,-5.532661883988585,5.808591164156553,4.436043948948617,9.166709592425264,0.6707533859985357,True,walking_dual_task,P01,24,0.68
2026-04-01T14:05:46.101075,1492.6120073540483,91699,82,-5.558910555952511,6.018780985768587,4.4265480610916885,9.31244000576027,0.1457304133350057,True,walking_dual_task,P01,24,0.68
2026-04-01T14:05:46.219719,1563.224546358607,91699,81,-5.1248326993799775,6.680847288081691,4.413835179563429,9.506817115925523,0.19437711016525405,True,walking_dual_task,P01,24,0.68
2026-04-01T14:05:46.220511,1624.7889669040503,91740,80,-4.875738786547235,7.733883872651199,5.3897003171410125,10.612947657408158,1.106130541482635,True,walking_dual_task,P01,24,0.68
2026-04-01T14:05:46.220618,1588.7573822452393,91740,81,-4.878366290460054,7.602448589158477,5.019852053143227,10.33414712737055,0.27880053003760885,True,walking_dual_task,P01,24,0.68
2026-04-01T14:05:46.220999,1562.4579255478463,91591,82,-4.6702100258043675,8.410399232763023,5.341968646129627,11.003740543824925,0.6695934164543758,True,walking_dual_task,P01,24,0.68
2026-04-01T14:05:46.221791,1526.055953330969,91591,82,-5.324130522011864,8.363794530364938,5.104501117504848,11.151473284736372,0.14773274091144728,True,walking_dual_task,P01,24,0.68
2026-04-01T14:05:46.222412,1557.4169458603549,91417,82,-5.055287015335792,8.704103681292935,4.501920411677405,11.026542300068392,0.12493098466798003,True,walking_dual_task,P01,24,0.68
2026-04-01T14:05:46.280179,1601.6975459305777,91417,82,-5.0512937979993735,8.326359953205884,4.674236497075301,10.802422225345962,0.22412007472243012,True,walking_dual_task,P01,24,0.68
2026-04-01T14:05:46.281059,1608.624284220977,91413,81,-5.046072093668927,7.43425725946527,4.280116619965252,9.95240789231024,0.8500143330357215,True,walking_dual_task,P01,24,0.68
2026-04-01T14:05:46.340188,1593.4427165108837,91413,81,-4.481394815283925,6.462327941868922,4.63348577677431,9.127637830363522,0.8247700619467189,True,walking_dual_task,P01,24,0.68
2026-04-01T14:05:46.340712,1491.0560908829937,91432,81,-4.307372598689225,6.663599913714488,4.619993142028848,9.181577160073758,0.05393932971023574,True,walking_dual_task,P01,24,0.68
2026-04-01T14:05:46.341071,1500.1126299547382,91432,81,-3.8114903630371844,6.465668513628503,4.915407550395855,8.97182030037054,0.20975685970321756,True,walking_dual_task,P01,24,0.68
2026-04-01T14:05:46.341440,1609.31211382799,91443,81,-4.058824023269149,6.518712744873218,4.867767698522614,9.091910177120067,0.12008987674952643,True,walking_dual_task,P01,24,0.68
2026-04-01T14:05:46.400023,1616.028819520155,91443,81,-3.971325349099744,6.441836887216151,4.635858714026381,8.874675967398202,0.21723420972186425,True,walking_dual_task,P01,24,0.68
2026-04-01T14:05:46.400701,1531.829314335956,91408,82,-4.276565909845997,6.522307027702371,4.585368939016938,9.047381568817245,0.17270560141904312,True,walking_dual_task,P01,24,0.68
2026-04-01T14:05:46.400750,1660.646418700511,91408,81,-4.212553816698165,6.475853991842908,4.31375535217147,8.848207717986396,0.19917385083084937,True,walking_dual_task,P01,24,0.68
2026-04-01T14:05:46.460410,1504.1404636090904,91410,81,-4.179195802223495,6.570567642932864,4.7326529932138595,9.11241137448562,0.26420365649922317,True,walking_dual_task,P01,24,0.68
2026-04-01T14:05:46.460843,1570.9816075100566,91410,82,-3.8103389286226426,6.422108277568458,4.549323033606367,8.744054982895058,0.3683563915905612,True,walking_dual_task,P01,24,0.68
2026-04-01T14:05:46.461209,1460.3783287884803,91415,81,-4.316912906243591,6.341159427066841,4.655817088786628,8.97344263278084,0.22938764988578164,True,walking_dual_task,P01,24,0.68
2026-04-01T14:05:46.520039,1471.2181588260637,91415,81,-4.219021517531513,6.783243340211423,4.768469429019816,9.30327004194832,0.3298274091674802,True,walking_dual_task,P01,24,0.68
2026-04-01T14:05:46.520874,1568.26734748454,91421,80,-4.132360519655971,6.527679349568234,4.668683101619107,9.026826854356669,0.2764431875916511,True,walking_dual_task,P01,24,0.68
2026-04-01T14:05:46.520915,1654.0485699143346,91421,81,-4.372892679709986,6.49953991632787,4.655857205986332,9.11280504755453,0.08597819319786204,True,walking_dual_task,P01,24,0.68
2026-04-01T14:05:46.580218,1528.4126172485753,91441,81,-4.138920142505769,6.38837724831987,4.3958871292662876,8.790099400242294,0.3227056473122367,True,walking_dual_task,P01,24,0.68
2026-04-01T14:05:46.580908,1566.2214646267691,91441,81,-4.200808425491502,6.576786243407626,4.551177413771945,9.034053606813725,0.24395420657143063,True,walking_dual_task,P01,24,0.68
2026-04-01T14:05:46.581422,1454.285579657771,91475,83,-3.8194023894213798,6.542258008318756,4.4234306630405085,8.772440554968476,0.26161305184524863,True,walking_dual_task,P01,24,0.68
2026-04-01T14:05:46.640067,1514.312057569983,91475,81,-6.033348574818758,8.869945672313966,4.7606510385924565,11.736312434760768,2.9638718797922916,True,walking_dual_task,P01,24,0.68
2026-04-01T14:05:46.640369,1578.9949869572395,91540,80,-5.809294546859876,10.24937226760624,5.866632696884518,13.161113714739582,1.424801279978814,True,walking_dual_task,P01,24,0.68
2026-04-01T14:05:46.640612,1510.3224957491286,91540,81,-6.011735883022287,10.31180652200174,5.702889636691536,13.22865345689799,0.06753974215840763,True,walking_dual_task,P01,24,0.68
2026-04-01T14:05:46.699933,1529.7591374414255,91526,80,-5.130744017114121,10.46227937423012,6.455803911405227,13.321457428378787,0.092803971480798,True,walking_dual_task,P01,24,0.68
2026-04-01T14:05:46.760007,1483.951816330683,91526,81,-4.62814767338122,8.861476668241915,5.9799454809837345,11.649260387851136,1.6721970405276512,True,walking_dual_task,P01,24,0.68
2026-04-01T14:05:46.760581,1644.0863160082592,91456,80,-4.6597375166614965,9.193242290231357,5.918244257240776,11.885052487029427,0.23579209917829047,True,walking_dual_task,P01,24,0.68
2026-04-01T14:05:46.761193,1485.9908745919395,91456,81,-4.659723445291992,9.007563906682766,5.943157451121487,11.754588491665661,0.1304639953637654,True,walking_dual_task,P01,24,0.68
2026-04-01T14:05:46.761234,1689.0255405464302,91456,82,-3.7852895965694913,7.805865823095776,4.908626755663228,9.96767651985581,1.7869119718098503,True,walking_dual_task,P01,24,0.68
2026-04-01T14:05:46.761956,1578.5651457669665,91456,80,-3.8501713738324463,7.979826615716162,4.545176116754773,9.957915362016735,0.009761157839076162,True,walking_dual_task,P01,24,0.68
2026-04-01T14:05:46.819626,1545.3021524069052,91341,81,-3.551643915748779,8.4706636089455,4.754166746647149,10.34255374339986,0.3846383813831249,True,walking_dual_task,P01,24,0.68
2026-04-01T14:05:46.820265,1621.649288685522,91341,81,-3.6944246642944516,9.298996340350053,5.5730764718409915,11.453352692507922,1.1107989491080623,True,walking_dual_task,P01,24,0.68
2026-04-01T14:05:46.820755,1525.0753944053265,91165,80,-3.7650251336405685,9.413103553818365,5.874605211893292,11.717206116112191,0.2638534236042691,True,walking_dual_task,P01,24,0.68
2026-04-01T14:05:46.939740,1500.9244574149327,91165,82,-4.168674790369394,8.169860980914978,5.635391784055813,10.764855712694997,0.9523504034171939,True,walking_dual_task,P01,24,0.68
2026-04-01T14:05:46.940110,1575.7146097738223,91109,81,-4.005162858269194,8.4458028203548,5.41383238608995,10.80196722390179,0.03711151120679368,True,walking_dual_task,P01,24,0.68
2026-04-01T14:05:46.940521,1546.1928701716668,91109,80,-3.7213114696198164,5.652323309755694,3.9904634251289557,7.856253318167858,2.9457139057339328,True,walking_dual_task,P01,24,0.68
2026-04-01T14:05:46.941243,1584.939055340849,91237,83,-3.4522927956190648,4.647419601104491,3.056167521666478,6.546525369682954,1.3097279484849036,True,walking_dual_task,P01,24,0.68
2026-04-01T14:05:46.999665,1507.5411957795118,91237,82,-3.407744806751192,4.3620744046457025,2.9551543112452916,6.274819103597849,0.27170626608510506,True,walking_dual_task,P01,24,0.68
2026-04-01T14:05:47.000322,1551.5895533254054,91325,81,-2.8253394310933446,4.502057796041393,2.8929555385559254,6.051467511922158,0.22335159167569163,True,walking_dual_task,P01,24,0.68
2026-04-01T14:05:47.000778,1491.93885561675,91325,82,-2.8174917522432006,4.576504913184377,2.973827622121936,6.142174510745735,0.09070699882357758,True,walking_dual_task,P01,24,0.68
2026-04-01T14:05:47.001708,1431.965187939746,91358,81,-2.4868345955214757,4.851525282156192,2.96300873824,6.204922614486806,0.06274810374107087,True,walking_dual_task,P01,24,0.68
2026-04-01T14:05:47.060352,1554.6275842309446,91358,80,-2.746412531837509,4.8259474769730355,2.843585079592953,6.238471523572115,0.03354890908530894,True,walking_dual_task,P01,24,0.68
2026-04-01T14:05:47.060820,1471.7062217920636,91370,80,-2.763733833438675,4.794482841413956,2.9052657634734205,6.250268760230817,0.011797236658702026,True,walking_dual_task,P01,24,0.68
2026-04-01T14:05:47.061664,1460.8893569799773,91370,80,-3.4752120020975545,4.90926884664863,3.2520333192243216,6.837670639738568,0.5874018795077509,True,walking_dual_task,P01,24,0.68
2026-04-01T14:05:47.119930,1549.06239004106,91373,81,-2.987412590664362,4.704118641633327,3.0669111911260667,6.360763353220778,0.4769072865177897,True,walking_dual_task,P01,24,0.68
2026-04-01T14:05:47.120528,1589.982188013174,91373,81,-3.2476642714671544,4.9314152295133455,3.2623237068492075,6.7460310816294635,0.3852677284086852,True,walking_dual_task,P01,24,0.68
2026-04-01T14:05:47.121036,1658.6691113658835,91371,82,-3.439559768783123,4.855190707905761,3.450529839342446,6.878197757069687,0.13216667544022354,True,walking_dual_task,P01,24,0.68
2026-04-01T14:05:47.240782,1521.6163264131155,91371,81,-3.9155609001003344,5.622593624646486,3.9930657030106085,7.930305791006388,1.052108033936701,True,walking_dual_task,P01,24,0.68
2026-04-01T14:05:47.241652,1474.2591052884877,91367,82,-3.7825790032603126,5.97075074801796,4.805530748793124,8.546981583486595,0.6166757924802067,True,walking_dual_task,P01,24,0.68
2026-04-01T14:05:47.241680,1471.0853801511125,91367,81,-3.649488770879853,6.088608015755435,4.717092324219437,8.522961683212557,0.024019900274037553,True,walking_dual_task,P01,24,0.68
2026-04-01T14:05:47.242150,1630.0371936217746,91370,81,-3.84299981878003,6.321301075566041,4.946265488835197,8.899046981623247,0.3760852984106897,True,walking_dual_task,P01,24,0.68
2026-04-01T14:05:47.242456,1442.9574682002228,91370,79,-3.757619287384888,6.334277200664777,5.191592855070152,9.01084939040732,0.11180240878407233,True,walking_dual_task,P01,24,0.68
2026-04-01T14:05:47.242926,1638.8166358789938,91371,82,-3.5902076317066864,6.356987003715581,5.22816939889415,8.979678717398912,0.03117067300840759,True,walking_dual_task,P01,24,0.68
2026-04-01T14:05:47.299655,1572.369453682428,91371,82,-4.009678376679644,7.379358109644555,5.168331064500067,9.861241949524693,0.8815632321257816,True,walking_dual_task,P01,24,0.68
2026-04-01T14:05:47.300438,1522.7799956095942,91325,80,-3.6049409637758316,7.572490526108903,5.347149275771034,9.946367050219735,0.08512510069504131,True,walking_dual_task,P01,24,0.68
2026-04-01T14:05:47.300484,1476.596323510143,91325,81,-4.315007154854883,8.299527616387364,5.8508239614402004,11.033294450407283,1.0869274001875482,True,walking_dual_task,P01,24,0.68
2026-04-01T14:05:47.301546,1585.5748872097843,91305,81,-4.135583520650899,8.200862579327755,5.607303723307114,10.760996847258685,0.27229760314859774,True,walking_dual_task,P01,24,0.68
2026-04-01T14:05:47.420176,1504.1713002561125,91305,82,-4.76334590668141,9.160429773863829,6.40546932242064,12.150431066800115,1.38943421954143,True,walking_dual_task,P01,24,0.68
2026-04-01T14:05:47.420656,1516.654278095288,91230,81,-4.388596258870138,9.117235003469993,6.724647915503171,12.14926503206464,0.001166034735474497,True,walking_dual_task,P01,24,0.68
2026-04-01T14:05:47.421339,1615.6083350974823,91230,81,-4.19619311727703,9.30931267331528,6.813674786285857,12.275891137522327,0.12662610545768693,True,walking_dual_task,P01,24,0.68
2026-04-01T14:05:47.421912,1495.8797877324832,90983,80,-4.1367780508099345,9.208250917813816,6.780402220877686,12.160537483350186,0.11535365417214116,True,walking_dual_task,P01,24,0.68
2026-04-01T14:05:47.422385,1565.760356740965,90983,81,-4.396169025550644,9.292997122240587,6.862247164069566,12.360280488563498,0.19974300521331223,True,walking_dual_task,P01,24,0.68
2026-04-01T14:05:47.479551,1456.4438953815973,90864,81,-4.243021086988829,9.295742589466029,6.7593258255923505,12.251634333865999,0.1086461546974995,True,walking_dual_task,P01,24,0.68
2026-04-01T14:05:47.480180,1592.2275873959493,90864,81,-4.222703912197215,9.46944288722961,6.728716923356393,12.36030777769113,0.10867344382513089,True,walking_dual_task,P01,24,0.68
2026-04-01T14:05:47.480681,1458.39077769141,90940,81,-4.196130901618023,9.375826418192961,6.742947499092737,12.287431649580792,0.07287612811033739,True,walking_dual_task,P01,24,0.68
2026-04-01T14:05:47.481184,1500.269589612727,90940,81,-4.138247686683064,9.09541756139989,6.588264902668866,11.968999497046427,0.3184321525343652,True,walking_dual_task,P01,24,0.68
2026-04-01T14:05:47.539908,1647.8348861462407,90940,81,-4.213350325215378,9.0973963071015,6.702454334812628,12.059760969509517,0.09076147246308963,True,walking_dual_task,P01,24,0.68
2026-04-01T14:05:47.540868,1507.794346584544,90965,79,-4.284637405264149,9.143181212017232,6.80048509589029,12.173844007124437,0.11408303761492,True,walking_dual_task,P01,24,0.68
2026-04-01T14:05:47.541280,1494.4950655459156,90902,81,-3.903136024866708,9.12195082720924,6.834777242723533,12.048179849267154,0.12566415785728324,True,walking_dual_task,P01,24,0.68
2026-04-01T14:05:47.600314,1542.2109049620035,90902,83,-4.00569640899625,9.322126554968392,6.624454500170851,12.117386048679235,0.06920619941208095,True,walking_dual_task,P01,24,0.68
2026-04-01T14:05:47.601077,1543.5446720873224,90834,81,-4.270817061861751,9.218633739214471,7.0078610446208165,12.342333766933496,0.22494771825426163,True,walking_dual_task,P01,24,0.68
2026-04-01T14:05:47.601803,1573.685541690966,90834,82,-4.062803350884217,7.136399517462996,5.505041318671273,9.886356713222522,2.455977053710974,True,walking_dual_task,P01,24,0.68
2026-04-01T14:05:47.660077,1510.0925278109064,90814,82,-3.8593142969283583,7.413828132544449,4.7118229017046405,9.594812633835613,0.2915440793869095,True,walking_dual_task,P01,24,0.68
2026-04-01T14:05:47.660518,1474.6866841810245,90814,82,-3.9856572893619204,7.5151364031850445,4.305407758826832,9.534111136151452,0.060701497684160444,True,walking_dual_task,P01,24,0.68
2026-04-01T14:05:47.661109,1559.1690129305314,90814,81,-3.944831623009789,7.576045043041758,3.9180658342868413,9.397307854375182,0.13680328177627032,True,walking_dual_task,P01,24,0.68
2026-04-01T14:05:47.719627,1547.9928546856167,90818,79,-4.432712599639618,7.891465459401742,3.863718133892115,9.841366058942292,0.44405820456711,True,walking_dual_task,P01,24,0.68
2026-04-01T14:05:47.720066,1497.6895984330713,90838,81,-4.1758729015347695,8.114936399762534,3.6472015264880815,9.828132388036922,0.013233670905369976,True,walking_dual_task,P01,24,0.68
2026-04-01T14:05:47.720091,1515.4768468731631,90838,81,-4.35503137772604,7.997351845632751,4.370275140353416,10.100655406765197,0.27252301872827545,True,walking_dual_task,P01,24,0.68
2026-04-01T14:05:47.779537,1571.7282610734135,90838,82,-4.42037271610186,7.964787881215657,4.5160486598235865,10.16721379926241,0.06655839249721218,True,walking_dual_task,P01,24,0.68
2026-04-01T14:05:47.780549,1490.5620022889004,90852,82,-4.445983214021142,8.134144394113665,4.359729032141998,10.243940110980263,0.07672631171785405,True,walking_dual_task,P01,24,0.68
2026-04-01T14:05:47.780570,1538.6959680452987,90883,80,-5.260420560114929,6.901797677144898,4.900210851935026,9.965886916825033,0.27805319415523044,True,walking_dual_task,P01,24,0.68
2026-04-01T14:05:47.840077,1510.0346137097617,90883,81,-5.188070421041271,6.810838694360743,4.8836458056017324,9.856652310437672,0.1092346063873606,True,walking_dual_task,P01,24,0.68
2026-04-01T14:05:47.840383,1437.2485953163525,90934,79,-4.999213744679556,6.7702120335455005,4.563456378150848,9.57355958666592,0.28309272377175176,True,walking_dual_task,P01,24,0.68
2026-04-01T14:05:47.960251,1523.9328066068979,90934,81,-5.272138512074679,6.982661193748361,4.798463323708669,9.978890324387654,0.40533073772173367,True,walking_dual_task,P01,24,0.68
2026-04-01T14:05:48.020041,1605.7869574421588,90981,81,-5.224679067440964,6.787415475044852,4.728260439133286,9.783799209351498,0.19509111503615628,True,walking_dual_task,P01,24,0.68
2026-04-01T14:05:48.020613,1525.271350218911,90981,81,23.097201852169455,-19.011878613251167,47.306030838675404,54.748657179154364,0.5807886646633307,True,walking_dual_task,P01,24,0.68
2026-04-01T14:05:48.020699,1503.2512783149148,91026,80,-5.856022161826779,7.696737194992211,4.3228966031909755,10.593403327092906,0.22881545307807727,True,walking_dual_task,P01,24,0.68
2026-04-01T14:05:48.021523,1521.3290979456767,91026,81,-5.686593296591874,7.57394799011224,4.489067259150768,10.481114269720957,0.1122890573719495,True,walking_dual_task,P01,24,0.68
2026-04-01T14:05:48.022187,1517.1103704195903,90993,81,-5.860406706080485,7.6842725047330545,4.854553408319366,10.814763034014879,0.33364876429392254,True,walking_dual_task,P01,24,0.68
2026-04-01T14:05:48.022700,1616.9575407071243,90993,81,-6.008181410355459,7.655904534512296,4.625401731577045,10.775224326193065,0.0395387078218139,True,walking_dual_task,P01,24,0.68
2026-04-01T14:05:48.080170,1594.3020133047478,90895,81,-5.476726442361783,7.642637138972495,4.5314764998511095,10.437371040217421,0.337853285975644,True,walking_dual_task,P01,24,0.68
2026-04-01T14:05:48.081042,1503.5455076406229,90895,81,-5.84575976106031,7.936252346498889,4.8786073602369555,10.998082481355521,0.5607114411380998,True,walking_dual_task,P01,24,0.68
2026-04-01T14:05:48.081075,1636.432603524891,90830,81,-5.429931321912222,9.021401807435451,5.599690409168278,11.92587009028751,0.9277876089319896,True,walking_dual_task,P01,24,0.68
2026-04-01T14:05:48.081640,1486.1925140529977,90830,80,-4.9206672718845335,10.237556133532943,6.568657362730736,13.121272100554513,1.1954020102670029,True,walking_dual_task,P01,24,0.68
2026-04-01T14:05:48.081747,1583.1358464702587,90830,81,-4.975896390618297,9.865460926264925,6.576308775909225,12.858254208636913,0.2630178919176007,True,walking_dual_task,P01,24,0.68
2026-04-01T14:05:48.082577,1538.0501849005193,90713,82,-4.838941616866116,9.541962471124185,6.230322053845251,12.380683206770607,0.4775710018663055,True,walking_dual_task,P01,24,0.68
2026-04-01T14:05:48.139733,1625.5249813500661,90713,81,-4.845875104071873,9.323167224358214,6.540105129429422,12.376466689713986,0.004216517056621072,True,walking_dual_task,P01,24,0.68
2026-04-01T14:05:48.139965,1484.4673954827506,90633,81,-4.331738621062422,8.568734634500496,5.5426576114051045,11.086398248076742,1.2900684416372439,True,walking_dual_task,P01,24,0.68
2026-04-01T14:05:48.140601,1582.69969328168,90633,81,-4.417117501424424,8.853556198283659,5.620543749367552,11.37923092375366,0.29283267567691773,True,walking_dual_task,P01,24,0.68
2026-04-01T14:05:48.199899,1472.5337145181516,90644,79,-4.078524114913559,8.867206684808732,5.726173061609453,11.315952071237747,0.06327885251591248,True,walking_dual_task,P01,24,0.68
2026-04-01T14:05:48.200410,1469.476378753126,90641,81,-4.717850178855992,8.64124997167722,5.585607945451268,11.31937840623024,0.0034263349924916753,True,walking_dual_task,P01,24,0.68
2026-04-01T14:05:48.201346,1576.4995390792349,90641,81,-5.139024845658889,8.602477353767702,5.83837510882564,11.597362497470723,0.2779840912404836,True,walking_dual_task,P01,24,0.68
2026-04-01T14:05:48.259397,1532.3581580415478,90641,80,-4.891344222672974,7.84704852003734,5.2019602953906245,10.609515054672245,0.9878474427984774,True,walking_dual_task,P01,24,0.68
2026-04-01T14:05:48.260083,1482.3508321481809,90634,82,-5.329127445192015,6.019953284929502,3.97109009775355,8.967106191202856,1.6424088634693899,True,walking_dual_task,P01,24,0.68
2026-04-01T14:05:48.260634,1601.848486783974,90688,81,-5.220771039621432,6.0327995756655906,4.019499829063156,8.93350434287349,0.03360184832936497,True,walking_dual_task,P01,24,0.68
2026-04-01T14:05:48.320061,1525.4290128345453,90688,80,-4.237604077971546,5.155785802194269,3.4552242252422882,7.515183963580017,1.4183203792934735,True,walking_dual_task,P01,24,0.68
2026-04-01T14:05:48.320735,1588.6509582730823,90688,82,-4.599780003210589,5.047010789397873,3.0016242711387933,7.45922531174143,0.05595865183858706,True,walking_dual_task,P01,24,0.68
2026-04-01T14:05:48.321242,1573.5121936926512,90785,83,-3.576025511271065,5.318657896134261,2.730569079561838,6.96649752541634,0.49272778632508984,True,walking_dual_task,P01,24,0.68
2026-04-01T14:05:48.379949,1568.3380172204525,90822,82,-3.215686333227552,5.095476115301169,2.7512392817505464,6.623732559573825,0.34276496584251515,True,walking_dual_task,P01,24,0.68
2026-04-01T14:05:48.380625,1561.8056017131748,90822,81,-3.4207163086228407,5.32224138793622,2.989962816529639,6.997673263290405,0.3739407037165803,True,walking_dual_task,P01,24,0.68
2026-04-01T14:05:48.380939,1499.2246207089356,90828,82,-3.59480046803374,5.0961517692523035,2.6717232210858577,6.784648718269676,0.21302454502072887,True,walking_dual_task,P01,24,0.68
2026-04-01T14:05:48.440172,1581.031544007572,90828,80,-3.4792494802786695,5.248442270164009,2.7537227577158747,6.8727223307526435,0.08807361248296708,True,walking_dual_task,P01,24,0.68
2026-04-01T14:05:48.440660,1437.4536745407422,90825,82,-3.431335003848455,5.285012515581815,3.0154052083235943,6.985562666591515,0.11284033583887165,True,walking_dual_task,P01,24,0.68
2026-04-01T14:05:48.441159,1579.7471525426636,90825,80,-3.249978510012241,5.339486642300712,2.638801437461321,6.784965065878899,0.2005976007126158,True,walking_dual_task,P01,24,0.68
2026-04-01T14:05:48.499758,1452.4962462568833,90825,81,-3.6449585776633238,5.208870935967745,2.8117712385403633,6.95155500289926,0.16658993702036096,True,walking_dual_task,P01,24,0.68
2026-04-01T14:05:48.500210,1635.6127488502366,90823,81,-3.5215689089025646,5.244682265055729,2.932968869028403,6.964944079332514,0.0133890764332536,True,walking_dual_task,P01,24,0.68
2026-04-01T14:05:48.500818,1517.1521796107277,90829,81,-3.3523643994538257,5.454634210324975,2.5233494605575837,6.881763868026076,0.08318021130643771,True,walking_dual_task,P01,24,0.68
2026-04-01T14:05:48.561207,1432.4334178064266,90829,83,-3.5153457376588917,5.508345726975649,3.1717354455895523,7.263568960227237,0.38180509220116043,True,walking_dual_task,P01,24,0.68
2026-04-01T14:05:48.561894,1593.7996247477452,90689,82,-3.4393282600601167,5.643549914353926,2.7998122270318953,7.177575009910357,0.08599395031687962,True,walking_dual_task,P01,24,0.68
2026-04-01T14:05:48.562419,1507.6388485780355,90689,80,-3.572770846549327,5.336423179095124,2.9357599273373145,7.0612173326768595,0.11635767723349755,True,walking_dual_task,P01,24,0.68
2026-04-01T14:05:48.680647,1578.8929449468533,90689,81,-3.4697331338551294,5.0829615873613765,2.9009684305753356,6.80376104474269,0.2574562879341693,True,walking_dual_task,P01,24,0.68
2026-04-01T14:05:48.681314,1638.652417498101,90464,82,-2.6294996463498275,7.0913645660877425,5.292705228197183,9.231167230199247,2.427406185456557,True,walking_dual_task,P01,24,0.68
2026-04-01T14:05:48.681843,1434.4239383194688,90464,81,-2.7907421878608853,7.646735633432993,5.292302300163192,9.7092363985554,0.47806916835615354,True,walking_dual_task,P01,24,0.68
2026-04-01T14:05:48.681880,1609.945713057962,90348,81,-2.7684707865625953,7.563169199278722,5.690403465992097,9.861371630698425,0.15213523214302427,True,walking_dual_task,P01,24,0.68
2026-04-01T14:05:48.682473,1582.1858382360813,90227,83,-3.28021705435577,7.8688257425040025,5.930044157601052,10.384780508064601,0.523408877366176,True,walking_dual_task,P01,24,0.68
2026-04-01T14:05:48.682812,1530.1050053549304,90227,80,-4.284001172605353,8.04538316985376,6.050608167201312,10.940325204931222,0.5555446968666207,True,walking_dual_task,P01,24,0.68
2026-04-01T14:05:48.740137,1590.2573529794,90168,79,-4.4094081717538876,8.191918376682178,6.325574383163292,11.250035484045586,0.30971027911436444,True,walking_dual_task,P01,24,0.68
2026-04-01T14:05:48.740306,1620.616085288121,90168,80,-4.467600719205698,8.16269104612765,5.867608643913588,11.000809629245897,0.24922585479968973,True,walking_dual_task,P01,24,0.68
2026-04-01T14:05:48.740869,1528.8174130965683,90168,80,-4.066997225743249,8.136641918613936,6.620180221584428,11.250430850069982,0.24962122082408555,True,walking_dual_task,P01,24,0.68
2026-04-01T14:05:48.799365,1455.9023342015767,90188,81,-4.002552113688486,8.171923855763957,6.402107689129754,11.125994148408067,0.12443670166191545,True,walking_dual_task,P01,24,0.68
2026-04-01T14:05:48.800023,1579.6074598463647,90171,81,-4.794742440843195,8.607410217354092,6.048396247906298,11.561148857078242,0.4351547086701757,True,walking_dual_task,P01,24,0.68
2026-04-01T14:05:48.800383,1488.1253644040753,90171,81,-6.355422449846959,8.397725217824208,5.160936022065463,11.728104875637506,0.16695601855926334,True,walking_dual_task,P01,24,0.68
2026-04-01T14:05:48.860318,1647.0984297088962,90202,81,-6.843044589549192,8.535572040959025,5.215006447274802,12.119387012802159,0.3912821371646533,True,walking_dual_task,P01,24,0.68
2026-04-01T14:05:48.860977,1562.5156426302358,90202,81,-6.730060959061421,7.962534593523706,4.8076016581632715,11.480797505805889,0.6385895069962704,True,walking_dual_task,P01,24,0.68
2026-04-01T14:05:48.861460,1531.000101803776,90518,80,-6.497840915661303,7.967481654144406,4.855046446577781,11.369880231242426,0.11091727456346234,True,walking_dual_task,P01,24,0.68
2026-04-01T14:05:48.919905,1406.8566397761692,90518,80,-5.553781529271612,7.042673750804362,4.722207896453497,10.136221695112784,1.2336585361296422,True,walking_dual_task,P01,24,0.68
2026-04-01T14:05:48.979617,1592.1703066858372,90654,82,-5.375776302947973,7.12829835846436,4.624033719524231,10.054516208446818,0.08170548666596567,True,walking_dual_task,P01,24,0.68
2026-04-01T14:05:48.980683,1547.7052409454795,90654,81,-4.300264339770331,7.151286943731843,5.368266818429781,9.922271261024065,0.1322449474227536,True,walking_dual_task,P01,24,0.68
2026-04-01T14:05:48.981337,1586.9456066791865,90576,79,-4.21974125326048,7.947441489359451,5.545925738925293,10.570020566343963,0.6477493053198984,True,walking_dual_task,P01,24,0.68
2026-04-01T14:05:49.039619,1507.947758061816,90576,81,-4.04903414053835,7.945745501318325,5.70092742997413,10.584428307886872,0.014407741542909136,True,walking_dual_task,P01,24,0.68
2026-04-01T14:05:49.040682,1468.084793491065,90431,82,-3.6298626318689116,7.742027586468138,5.928029467433947,10.404634892327419,0.1797934155594536,True,walking_dual_task,P01,24,0.68
2026-04-01T14:05:49.041076,1630.4701406941333,90431,81,-3.5292995597844685,7.798273452293541,5.214627610541925,10.023041720758586,0.38159317156883255,True,walking_dual_task,P01,24,0.68
2026-04-01T14:05:49.041726,1630.2873410158659,90391,81,-3.686730281080621,7.341347719653551,5.266257643237143,9.758116420255131,0.26492530050345486,True,walking_dual_task,P01,24,0.68
2026-04-01T14:05:49.100297,1512.9755750413583,90391,81,-4.0890070918551915,7.204731299495467,5.277370282786388,9.822360673321285,0.06424425306615333,True,walking_dual_task,P01,24,0.68
2026-04-01T14:05:49.159847,1457.1666555946917,90414,81,-4.007704069307124,7.3018548485134875,5.1847609137694075,9.811244664610692,0.011116008710592595,True,walking_dual_task,P01,24,0.68
2026-04-01T14:05:49.160314,1602.256789673576,90414,82,-4.091928750295369,7.9549066248308815,4.938393662333153,10.218226473877172,0.40698180926647964,True,walking_dual_task,P01,24,0.68
2026-04-01T14:05:49.160630,1555.0285478847954,90325,81,-3.9084355160629745,7.740427739194066,4.95005584668339,9.984645344437219,0.23358112943995302,True,walking_dual_task,P01,24,0.68
2026-04-01T14:05:49.161196,1557.1525996174141,90325,79,-5.025657890780622,8.487413088151996,5.0894111715017285,11.099347919436797,1.114702574999578,True,walking_dual_task,P01,24,0.68
2026-04-01T14:05:49.161887,1529.1037028987673,90146,81,-5.057274817617042,8.334861179040221,5.294998303747586,11.094275392807997,0.005072526628799423,True,walking_dual_task,P01,24,0.68
2026-04-01T14:05:49.219329,1477.4876913913195,90146,80,-5.4488342145505815,8.617298706232853,4.748865028005979,11.24719299844711,0.1529176056391126,True,walking_dual_task,P01,24,0.68
2026-04-01T14:05:49.219937,1568.0150413546423,90114,81,-5.594078403877137,8.378857987022593,4.707367966193375,11.12017479739237,0.1270182010547405,True,walking_dual_task,P01,24,0.68
2026-04-01T14:05:49.220376,1528.8244062045649,90114,82,-5.5791544985098716,8.292511114200849,4.859102546081035,11.113216593350403,0.006958204041966454,True,walking_dual_task,P01,24,0.68
2026-04-01T14:05:49.220984,1555.0504214187365,90114,81,-6.121623303593928,8.42105120401688,4.720733130144127,11.431259621661068,0.3180430283106652,True,walking_dual_task,P01,24,0.68
2026-04-01T14:05:49.279868,1420.3631559767207,90155,81,-5.916659482548361,8.340542910599451,4.681314743946526,11.246609409411858,0.18465021224920974,True,walking_dual_task,P01,24,0.68
2026-04-01T14:05:49.280695,1512.9303221967696,90155,81,-6.433346106718395,8.399303901371772,4.6618450463473415,11.561533090061243,0.31492368064938425,True,walking_dual_task,P01,24,0.68
2026-04-01T14:05:49.280816,1602.7326573379314,90248,82,-6.582333660841038,8.585042244568355,4.409568786506942,11.68222425938659,0.1206911693253474,True,walking_dual_task,P01,24,0.68
2026-04-01T14:05:49.339987,1527.102121860873,90248,82,-6.172237950605972,8.556785925325231,4.5861297856225764,11.504246742021799,0.17797751736479128,True,walking_dual_task,P01,24,0.68
2026-04-01T14:05:49.340511,1522.784514316738,90373,81,-6.253273145594916,8.678293596079081,4.443759987036656,11.582884252013992,0.07863750999219299,True,walking_dual_task,P01,24,0.68
2026-04-01T14:05:49.340993,1445.2419804724202,90373,82,-6.087700228923396,8.83252226613084,4.4979473566916495,11.632070928364408,0.04918667635041629,True,walking_dual_task,P01,24,0.68
2026-04-01T14:05:49.400118,1551.977527894974,90519,83,-6.152754016251876,8.765877210697104,4.629038364478142,11.667261094075718,0.03519016571130962,True,walking_dual_task,P01,24,0.68
2026-04-01T14:05:49.400749,1687.67508899997,90519,81,-6.674054164767679,8.411204789659559,4.492749413308943,11.63942276483815,0.027838329237567905,True,walking_dual_task,P01,24,0.68
2026-04-01T14:05:49.401586,1587.8488898215012,90569,82,-6.095329565087002,8.434725607549286,4.305439156042578,11.262079954788813,0.37734281004933656,True,walking_dual_task,P01,24,0.68
2026-04-01T14:05:49.459678,1555.4399532514137,90569,81,-6.330443107476992,8.848792182301422,4.647202764846354,11.830981639752354,0.5689016849635404,True,walking_dual_task,P01,24,0.68
2026-04-01T14:05:49.460395,1619.6758672349988,90383,81,-6.325938065954919,8.73560013575162,4.483297273436111,11.680246426682993,0.15073521306936044,True,walking_dual_task,P01,24,0.68
2026-04-01T14:05:49.460507,1510.813641369466,90383,81,-6.168992086651021,8.879334253910107,4.244664008984485,11.615343847987994,0.06490257869499949,True,walking_dual_task,P01,24,0.68
2026-04-01T14:05:49.519819,1503.218594022738,90275,81,-6.267334401147329,8.591717966302495,4.614606639898013,11.592743098563025,0.022600749424968924,True,walking_dual_task,P01,24,0.68
2026-04-01T14:05:49.520384,1517.1500620980667,90275,82,-6.177721567380574,8.640558026079367,4.704308059586833,11.616970391871423,0.02422729330839779,True,walking_dual_task,P01,24,0.68
2026-04-01T14:05:49.520818,1563.9548399389055,90283,82,-6.341006966252066,8.825888987479466,4.38235866822096,11.717924443445602,0.10095405157417936,True,walking_dual_task,P01,24,0.68
2026-04-01T14:05:49.579731,1494.7458876537664,90283,80,-6.324546789609508,8.654526108449328,4.597136257622057,11.663377556562864,0.05454688688273812,True,walking_dual_task,P01,24,0.68
2026-04-01T14:05:49.580364,1446.5016587282778,90217,82,-6.3251860419013,8.683627952730713,4.581526806599131,11.679202060316264,0.015824503753400165,True,walking_dual_task,P01,24,0.68
2026-04-01T14:05:49.581102,1561.4304373935613,90217,82,-6.1093841326830365,8.440887218993248,4.335793719966332,11.285931893580711,0.3932701667355527,True,walking_dual_task,P01,24,0.68
2026-04-01T14:05:49.699560,1485.774419709432,90207,82,-4.115845997600919,5.371309190130489,4.553224731213426,8.156163690417287,3.129768203163424,True,walking_dual_task,P01,24,0.68
2026-04-01T14:05:49.699949,1523.60642283673,90207,81,-4.0851374890067955,4.49069277875985,3.4528148014340747,6.984024626982412,1.1721390634348747,True,walking_dual_task,P01,24,0.68
2026-04-01T14:05:49.700517,1596.982338782934,90368,80,-3.720023130173647,4.661530423481066,3.448372452942664,6.889100852236111,0.09492377474630143,True,walking_dual_task,P01,24,0.68
2026-04-01T14:05:49.701255,1605.891919772743,90368,81,-3.319995596279291,4.126119928668387,2.976941414999478,6.075312058932231,0.8137887933038801,True,walking_dual_task,P01,24,0.68
2026-04-01T14:05:49.701755,1506.233746736996,90492,81,-3.3665687858069413,4.465901825112074,3.1249527777813477,6.406511871874768,0.3311998129425371,True,walking_dual_task,P01,24,0.68
2026-04-01T14:05:49.702455,1535.414276400196,90492,82,-3.1535936640538016,4.493758718968252,3.1822852302224747,6.345546446820445,0.060965425054322786,True,walking_dual_task,P01,24,0.68
2026-04-01T14:05:49.760336,1507.0386404642388,90447,80,-3.1511242349014825,4.156832831661664,2.8732978150156994,5.9552232089097865,0.3903232379106587,True,walking_dual_task,P01,24,0.68
2026-04-01T14:05:49.760929,1527.001068166464,90447,81,-2.760092538719429,4.3609264896944255,3.2519279509285486,6.100067710185154,0.14484450127536785,True,walking_dual_task,P01,24,0.68
2026-04-01T14:05:49.761385,1574.1018154896033,90332,82,-3.0157640506221948,4.145376380331008,3.27327916635531,6.0822146167762865,0.01785309340886787,True,walking_dual_task,P01,24,0.68
2026-04-01T14:05:49.819597,1608.7560879027396,90332,79,-2.565760972271951,4.212434679797145,3.4465332641445277,6.017169337757275,0.06504527901901191,True,walking_dual_task,P01,24,0.68
2026-04-01T14:05:49.820129,1530.6208975414554,90255,81,-2.783510199554575,4.532915444257435,3.7745265606283107,6.522446029880241,0.5052766921229663,True,walking_dual_task,P01,24,0.68
2026-04-01T14:05:49.820509,1542.0539231105834,90255,81,-2.999730585068836,4.182076907152524,3.803084457244536,6.39934389053056,0.1231021393496805,True,walking_dual_task,P01,24,0.68
2026-04-01T14:05:49.879433,1686.6852545212496,90208,79,-2.587911302751482,5.039104440358811,4.074197146637205,6.977746116148071,0.578402225617511,True,walking_dual_task,P01,24,0.68
2026-04-01T14:05:49.940072,1540.74300157428,90208,81,-2.4491162770744106,5.246992982829211,4.407109839951998,7.276793458790178,0.29904734264210653,True,walking_dual_task,P01,24,0.68
2026-04-01T14:05:49.940356,1577.2939875423015,90152,83,-2.2299504698888186,6.493240551255673,4.923931458756961,8.448665750588367,1.1718722917981887,True,walking_dual_task,P01,24,0.68
2026-04-01T14:05:49.940657,1537.6514377919373,90152,80,-2.1234190528568564,6.305178884309588,4.738906394904825,8.168318251442512,0.28034749914585433,True,walking_dual_task,P01,24,0.68
2026-04-01T14:05:49.941118,1615.9278823282746,90032,81,-1.7801470440500917,7.33019235995915,4.953364162750089,9.024215204728922,0.8558969532864094,True,walking_dual_task,P01,24,0.68
2026-04-01T14:05:49.941948,1518.0392884302646,89919,80,-1.927549333758907,7.493931221400904,5.175391565463616,9.309088539756917,0.2848733350279957,True,walking_dual_task,P01,24,0.68
2026-04-01T14:05:49.999595,1468.45870938759,89919,81,-1.8804880233071621,7.557051643473461,5.442525035959702,9.500860146059134,0.19177160630221657,True,walking_dual_task,P01,24,0.68
2026-04-01T14:05:49.999829,1653.3111512436926,89846,82,-2.3843231086351397,7.587758839922521,5.688956871548685,9.778717256651554,0.2778571105924197,True,walking_dual_task,P01,24,0.68
2026-04-01T14:05:50.060087,1560.7696122300852,89846,82,-2.590799868841748,7.4598673606218115,6.047775094421498,9.946730547831583,0.1680132911800296,True,walking_dual_task,P01,24,0.68
2026-04-01T14:05:50.060708,1534.3412792631264,89846,81,-3.710224476562299,8.715956959208594,6.742743989611137,11.627478999795951,1.6807484519643676,True,walking_dual_task,P01,24,0.68
2026-04-01T14:05:50.061341,1535.7891516750299,89770,81,-3.7421887887180345,8.743409725541854,6.779017990215986,11.679309717221255,0.051830717425303874,True,walking_dual_task,P01,24,0.68
2026-04-01T14:05:50.061892,1541.7273684763434,89770,81,-4.294684741519162,10.15834325138131,7.697620324947685,13.449520932322066,1.7702112151008116,True,walking_dual_task,P01,24,0.68
2026-04-01T14:05:50.123432,1582.3600708837303,89729,81,-4.127408833459581,10.929707396356271,6.7675793426119695,13.50163462722323,0.052113694901164465,True,walking_dual_task,P01,24,0.68
2026-04-01T14:05:50.124141,1492.531088328172,89729,81,-4.477764246334189,10.613262828412404,6.914326344427212,13.435015046807704,0.06661958041552651,True,walking_dual_task,P01,24,0.68
2026-04-01T14:05:50.179718,1587.3315320011218,89727,81,-5.77527404672255,9.713500137418682,6.076470231645373,12.830797547715115,0.6042174990925897,True,walking_dual_task,P01,24,0.68
2026-04-01T14:05:50.181541,1416.4386171293638,89726,80,-5.831911223595921,9.982986112868964,5.79893693021884,12.934406432855532,0.10360888514041733,True,walking_dual_task,P01,24,0.68
2026-04-01T14:05:50.182088,1492.6120230283484,89726,81,-5.941255490559192,8.229617935691817,4.310511939285073,11.02749479030842,1.9069116425471115,True,walking_dual_task,P01,24,0.68
2026-04-01T14:05:50.239815,1529.9661668507006,89875,81,-5.35667821739938,8.003193521167194,3.420593813254594,10.21986154981021,0.8076332404982107,True,walking_dual_task,P01,24,0.68
2026-04-01T14:05:50.240282,1606.3028171831106,89875,82,-5.68822259457621,7.519506992622795,3.373864732751706,10.014081332426663,0.20578021738354657,True,walking_dual_task,P01,24,0.68
2026-04-01T14:05:50.240687,1547.1539920451728,90028,82,-5.107508813185149,8.085094143184401,4.927268202870616,10.757944298235538,0.7438629658088747,True,walking_dual_task,P01,24,0.68
2026-04-01T14:05:50.299608,1483.117743983647,90028,80,-5.010474754799321,8.176593852499737,4.698307862127197,10.678747167366781,0.07919713086875646,True,walking_dual_task,P01,24,0.68
2026-04-01T14:05:50.300177,1479.433174551246,89962,80,-3.82977134190351,9.429340679005627,6.097818907400783,11.864358794282571,1.1856116269157901,True,walking_dual_task,P01,24,0.68
2026-04-01T14:05:50.300572,1501.1099814745126,89962,80,-3.8383400908700738,8.999172953846603,6.149216572788823,11.555554204168894,0.30880459011367734,True,walking_dual_task,P01,24,0.68
2026-04-01T14:05:50.419692,1458.755397227166,89760,81,-4.137708129024826,9.108336710268063,6.836583068250669,12.116983710383813,0.5614295062149193,True,walking_dual_task,P01,24,0.68
2026-04-01T14:05:50.420654,1528.3242566391675,89760,79,-4.262487828773227,7.476238920808966,6.023344212388208,10.50445745349893,1.612526256884884,True,walking_dual_task,P01,24,0.68
2026-04-01T14:05:50.421186,1553.4016271777211,89760,82,-4.034820160188137,7.100051845667802,5.660827029482085,9.936572477164667,0.5678849763342626,True,walking_dual_task,P01,24,0.68
2026-04-01T14:05:50.422101,1573.7791751319128,89584,82,-3.6078478986678175,6.18541986974708,4.690329077897955,8.560091838523629,1.3764806386410378,True,walking_dual_task,P01,24,0.68
2026-04-01T14:05:50.422549,1491.951268523839,89584,80,-3.3144173297544066,6.0923883237199705,5.029845853657517,8.56749129175697,0.007399453233340125,True,walking_dual_task,P01,24,0.68
2026-04-01T14:05:50.422952,1491.467127967805,89610,80,-3.3833550259153395,5.829713051225305,5.013133984758895,8.400247486839767,0.16724380491720225,True,walking_dual_task,P01,24,0.68
2026-04-01T14:05:50.479453,1539.0912824368158,89610,81,-3.644473418824649,6.166019491408235,4.715610851098638,8.575486491619289,0.17523900477952203,True,walking_dual_task,P01,24,0.68
2026-04-01T14:05:50.480903,1543.9108343258558,89599,81,-3.6346183281950575,6.117656632732164,4.8791170920995635,8.627975235597363,0.052488743978074126,True,walking_dual_task,P01,24,0.68
2026-04-01T14:05:50.481266,1472.8429355711403,89599,81,-3.301182153866359,6.158211032851655,4.819408159726795,8.488112967449407,0.13986226814795621,True,walking_dual_task,P01,24,0.68
2026-04-01T14:05:50.481807,1534.8138270733753,89544,81,-3.516188457317369,6.0557543073607025,4.624850995806839,8.391959737266683,0.0961532301827237,True,walking_dual_task,P01,24,0.68
2026-04-01T14:05:50.540030,1499.9539309935758,89544,81,-3.5415983168577023,5.907562932085319,4.865805223938721,8.433165414708,0.04120567744131698,True,walking_dual_task,P01,24,0.68
2026-04-01T14:05:50.540721,1652.2080719052392,89538,80,-3.4501931710246168,6.051485901133392,4.775046817636449,8.445435846634625,0.012270431926625136,True,walking_dual_task,P01,24,0.68
2026-04-01T14:05:50.541044,1586.3728008779449,89538,82,-3.6638732145513084,5.9852751114334,4.709165691999324,8.451255918888867,0.005820072254241637,True,walking_dual_task,P01,24,0.68
2026-04-01T14:05:50.600328,1565.5519664569595,89642,82,-3.386364655883692,5.990866913889073,5.047648650462538,8.534442504409139,0.0831865855202718,True,walking_dual_task,P01,24,0.68
2026-04-01T14:05:50.601353,1494.4184758264896,89642,81,-3.3074690374031963,6.121436520553695,4.911098125924497,8.51646765455071,0.017974849858429565,True,walking_dual_task,P01,24,0.68
2026-04-01T14:05:50.601732,1596.5371465416158,89765,82,-3.361660435424965,6.185259182344793,5.05607378505823,8.667299126938865,0.15083147238815542,True,walking_dual_task,P01,24,0.68
2026-04-01T14:05:50.660364,1431.5621709516242,89898,80,-5.632266681138268,7.368624274330947,4.912067453084039,10.49511592729528,1.8278168003564161,True,walking_dual_task,P01,24,0.68
2026-04-01T14:05:50.662003,1613.817891483483,89898,82,-5.904706300700074,7.999133565384705,4.918859979981055,11.092649719388536,0.5975337920932553,True,walking_dual_task,P01,24,0.68
2026-04-01T14:05:50.719750,1482.1782670642144,89898,80,-5.590389720683118,7.707672351027809,5.138357299035865,10.81958345004433,0.27306626934420564,True,walking_dual_task,P01,24,0.68
2026-04-01T14:05:50.721272,1575.491781137459,90030,83,-5.681840065895563,8.320270288641973,4.6538831113533785,11.098145440775891,0.2785619907315606,True,walking_dual_task,P01,24,0.68
2026-04-01T14:05:50.722691,1583.5523572600061,90030,81,-5.607709936551076,8.156012446670024,4.88975913878493,11.039777814705365,0.0583676260705257,True,walking_dual_task,P01,24,0.68
2026-04-01T14:05:50.723607,1433.9332329260162,90125,81,-5.512016428049862,8.16018233021794,5.098522490947642,11.088996003074021,0.04921818836865555,True,walking_dual_task,P01,24,0.68
2026-04-01T14:05:50.779753,1507.684264453531,90187,81,-4.848241669119371,8.43685585220297,4.981384869388784,10.93161374958027,0.15738225349375057,True,walking_dual_task,P01,24,0.68
2026-04-01T14:05:50.780695,1583.0136752468518,90187,82,-4.60338150647155,8.56652050193516,5.0587878516665175,10.962104238346233,0.030490488765963164,True,walking_dual_task,P01,24,0.68
2026-04-01T14:05:50.840050,1594.9222103167237,90187,81,-4.515889708983773,9.392007608740148,5.84560979826639,11.948816707102273,0.9867124687560391,True,walking_dual_task,P01,24,0.68
2026-04-01T14:05:50.840618,1536.9505340147289,90197,82,-4.378236534281338,10.164714729918835,6.839546141095615,13.010371712865114,1.0615550057628411,True,walking_dual_task,P01,24,0.68
2026-04-01T14:05:50.840959,1565.3930518618877,90107,81,-4.590407276035747,10.12880405315186,6.808761290645816,13.03931519751035,0.028943484645235884,True,walking_dual_task,P01,24,0.68
2026-04-01T14:05:50.899448,1494.8532168067452,90107,81,-4.093923115345659,9.26029713302204,6.528283383291483,12.047065758879935,0.9922494386304148,True,walking_dual_task,P01,24,0.68
2026-04-01T14:05:50.960348,1531.4051219378973,90081,80,-3.881247655394831,9.03733901103524,6.171532821548822,11.611433896394606,0.43563186248532837,True,walking_dual_task,P01,24,0.68
2026-04-01T14:05:50.960914,1654.6225137189956,90081,80,-3.5981350787130006,8.300091816440567,5.347006965307797,10.508500544466788,1.1029333519278186,True,walking_dual_task,P01,24,0.68
2026-04-01T14:05:50.961604,1548.606740486663,90072,80,-3.694071371039242,8.398588599888717,5.443673607634372,10.668459875303814,0.15995933083702596,True,walking_dual_task,P01,24,0.68
2026-04-01T14:05:50.962040,1444.7140632358526,90072,81,-3.4517428656693534,8.321293471193428,5.5735381448367285,10.593525442286703,0.07493443301711089,True,walking_dual_task,P01,24,0.68
2026-04-01T14:05:50.962644,1513.8422682597497,90072,83,-3.647151430352426,8.08347737778333,5.40365557587069,10.384787607635268,0.20873783465143525,True,walking_dual_task,P01,24,0.68
2026-04-01T14:05:50.963138,1524.1153762921979,89887,81,-3.6397797934059497,8.025929857033445,5.232436338026937,10.248996879988397,0.13579072764687083,True,walking_dual_task,P01,24,0.68
2026-04-01T14:05:51.019717,1529.2435631607166,89887,81,-3.9358281718612322,6.628365091974643,4.309786664366409,8.831773790313873,1.4172230896745237,True,walking_dual_task,P01,24,0.68
2026-04-01T14:05:51.020681,1504.374376020627,89923,81,-4.197053748487419,6.54327449788389,4.522209800676435,8.993335465981682,0.16156167566780866,True,walking_dual_task,P01,24,0.68
2026-04-01T14:05:51.020936,1575.9721067377216,89923,81,-4.207097113156152,5.323559749789769,2.952796940467804,7.399930019989687,1.593405445991995,True,walking_dual_task,P01,24,0.68
2026-04-01T14:05:51.140161,1447.6095458086697,90221,81,-4.151722728762783,4.8505326720815045,2.4621541411265984,6.84300166842903,0.5569283515606571,True,walking_dual_task,P01,24,0.68
2026-04-01T14:05:51.140432,1507.862551042819,90221,80,-3.822243213304558,4.581007747353491,2.6219413854134093,6.51688206057997,0.32611960784905936,True,walking_dual_task,P01,24,0.68
2026-04-01T14:05:51.141131,1528.2890065274926,90462,81,-2.71899641373541,4.799484678039783,2.5800638514098733,6.089722830309817,0.4271592302701528,True,walking_dual_task,P01,24,0.68
2026-04-01T14:05:51.141413,1347.2705564348157,90462,81,-3.1141364478106826,4.608805048114609,2.4500810557437216,6.077978855411057,0.011743974898760001,True,walking_dual_task,P01,24,0.68
2026-04-01T14:05:51.141798,1528.6268154874651,90582,81,-2.6768047451196946,5.557063525299752,2.9015470870552034,6.816539750203966,0.7385608947929088,True,walking_dual_task,P01,24,0.68
2026-04-01T14:05:51.142437,1505.7970017019293,90582,80,-2.0465385579563944,5.887797538249084,3.6325064189812184,7.214539680711027,0.3979999305070612,True,walking_dual_task,P01,24,0.68
2026-04-01T14:05:51.200186,1528.2596472420537,90703,82,-2.333484230538806,5.7422079719984405,3.2647906615162765,7.005494922657472,0.2090447580535555,True,walking_dual_task,P01,24,0.68
2026-04-01T14:05:51.200760,1515.1190309987144,90703,79,-2.2961794328947307,5.159710832739086,3.5440561775597,6.667487536938701,0.33800738571877087,True,walking_dual_task,P01,24,0.68
2026-04-01T14:05:51.201234,1481.9531918094895,90790,80,-2.2481705953166053,5.2969245618723795,3.398727922776911,6.6830406502487,0.015553113309999311,True,walking_dual_task,P01,24,0.68
2026-04-01T14:05:51.260059,1610.103727315523,90790,80,-2.9585911619237977,4.942189391321077,3.6183431921694185,6.80227205420505,0.11923140395634935,True,walking_dual_task,P01,24,0.68
2026-04-01T14:05:51.260612,1498.1826050614545,90863,82,-2.548340776884453,5.453887577132675,3.673672840394909,7.0522905894035155,0.25001853519846584,True,walking_dual_task,P01,24,0.68
2026-04-01T14:05:51.261121,1550.4550067071566,90863,82,-2.769903763596739,5.04705474256681,3.647791269431437,6.815534430944775,0.2367561584587401,True,walking_dual_task,P01,24,0.68
2026-04-01T14:05:51.319784,1483.5596759419266,90928,82,-2.024159883745306,5.68875272752932,3.830427483486452,7.150615745247708,0.33508131430293275,True,walking_dual_task,P01,24,0.68
2026-04-01T14:05:51.320181,1428.781230093193,90928,80,-2.281614642607849,5.914817564438567,4.304550031823652,7.662896526407396,0.5122807811596877,True,walking_dual_task,P01,24,0.68
2026-04-01T14:05:51.440080,1528.6878651636712,90962,81,-1.7181602880324074,6.984024005557858,5.162512393829302,8.853259303896005,1.190362777488609,True,walking_dual_task,P01,24,0.68
2026-04-01T14:05:51.440735,1505.4735703698866,90962,81,-1.8428716388343245,7.268150499334511,5.345333200338957,9.208407820076298,0.355148516180293,True,walking_dual_task,P01,24,0.68
2026-04-01T14:05:51.441245,1605.3095260804064,90906,81,-1.5823032640700376,7.283931475638632,5.368709749299631,9.185988555050065,0.02241926502623315,True,walking_dual_task,P01,24,0.68
2026-04-01T14:05:51.441679,1636.143318569719,90906,82,-1.7366629018899746,7.401417751887412,5.558590876269957,9.417797794734533,0.23180923968446798,True,walking_dual_task,P01,24,0.68
2026-04-01T14:05:51.442184,1585.5287227058604,90795,81,-1.8595930749110083,7.360317673303173,5.566422970504825,9.413682985036186,0.004114809698346988,True,walking_dual_task,P01,24,0.68
2026-04-01T14:05:51.442785,1364.1667349180489,90795,81,-2.038300212200138,7.2631978041583265,5.3581582242324055,9.253030295708257,0.16065268932792875,True,walking_dual_task,P01,24,0.68
2026-04-01T14:05:51.499667,1619.8647225677003,90675,82,-1.8700730389446905,7.224857209983806,5.242093317604948,9.120048093410542,0.13298220229771474,True,walking_dual_task,P01,24,0.68
2026-04-01T14:05:51.499714,1528.7723998501817,90675,82,-1.6303882082403205,7.344472987653145,5.523979836853911,9.333477509155115,0.21342941574457264,True,walking_dual_task,P01,24,0.68
2026-04-01T14:05:51.500440,1579.1992224555297,90586,82,-1.7255268363766894,7.351920976381612,5.42356676089847,9.297486827951886,0.0359906812032289,True,walking_dual_task,P01,24,0.68
2026-04-01T14:05:51.501579,1601.0730009307497,90586,80,-1.5549578804090185,7.539543359702476,5.489437082019539,9.454973694311953,0.1574868663600668,True,walking_dual_task,P01,24,0.68
2026-04-01T14:05:51.560788,1557.7542285361724,90466,81,-1.9376847999519162,7.337133053710143,5.1524933060153595,9.172585845896657,0.2823878484152953,True,walking_dual_task,P01,24,0.68
2026-04-01T14:05:51.560961,1469.1290030260816,90466,81,-1.5627604496478247,7.408692362970503,5.700951225202518,9.477963263500182,0.3053774176035251,True,walking_dual_task,P01,24,0.68
2026-04-01T14:05:51.561354,1410.959676975011,90213,81,-1.6882251232168513,7.443161948975099,5.58636415286973,9.458236004340307,0.019727259159875388,True,walking_dual_task,P01,24,0.68
2026-04-01T14:05:51.623305,1449.8194836232572,90213,80,-1.8178078266301603,7.042972258190712,5.600539027516334,9.18008283856608,0.2781531657742278,True,walking_dual_task,P01,24,0.68
2026-04-01T14:05:51.624159,1579.8734075344419,90162,82,-5.850816756127258,7.793015929313732,4.188710670050818,10.607000097375066,1.4269172588089862,True,walking_dual_task,P01,24,0.68
2026-04-01T14:05:51.624704,1479.9272136483742,90162,83,-5.864506563035666,8.883095443403557,5.164620813360287,11.83110857148643,1.2241084741113646,True,walking_dual_task,P01,24,0.68
2026-04-01T14:05:51.679923,1496.3586505783674,90200,80,-5.622965789951307,8.899804922984742,4.676593829612674,11.519322974433763,0.3117855970526673,True,walking_dual_task,P01,24,0.68
2026-04-01T14:05:51.680767,1481.9780052441358,90200,81,-5.933316533552668,8.728673145052918,4.983096554880164,11.671556504415168,0.15223352998140527,True,walking_dual_task,P01,24,0.68
2026-04-01T14:05:51.681236,1540.244387168547,90167,81,-4.775493914683692,10.051235381708462,6.0368473521332655,12.660023727491488,0.9884672230763201,True,walking_dual_task,P01,24,0.68
2026-04-01T14:05:51.740958,1569.3788467931656,90167,81,-4.724295096358297,8.582747443550623,5.903945397805035,11.438491556910511,1.2215321705809767,True,walking_dual_task,P01,24,0.68
2026-04-01T14:05:51.741459,1522.2645505745786,90042,82,-4.748227929351799,8.755419421786222,5.9256139069349105,11.58947530712794,0.15098375021742783,True,walking_dual_task,P01,24,0.68
2026-04-01T14:05:51.741968,1531.2602958910152,90042,82,-4.503308093735692,6.983226375858402,4.893872737905632,9.643403174108498,1.9460721330194417,True,walking_dual_task,P01,24,0.68
2026-04-01T14:05:51.800093,1559.4167400841955,90056,82,-4.53960746206191,7.020840077389362,5.170201171395652,9.83011757074074,0.18671439663224199,True,walking_dual_task,P01,24,0.68
2026-04-01T14:05:51.800655,1555.1285120343991,90056,81,-3.8110210389648653,6.156379225012896,4.679069673136362,8.620822439168299,1.209295131572441,True,walking_dual_task,P01,24,0.68
2026-04-01T14:05:51.801580,1610.5149159847028,90120,82,-4.020630378780919,6.380600140571439,4.528607919525882,8.796920852515886,0.1760984133475869,True,walking_dual_task,P01,24,0.68
2026-04-01T14:05:51.860247,1595.9379051224396,90120,82,-3.3074231826618816,7.3657189442429525,4.307614318418411,9.151415452870232,0.35449460035434655,True,walking_dual_task,P01,24,0.68
2026-04-01T14:05:51.860774,1464.9256784881302,90107,80,-3.7650285698287087,8.36906251469116,5.030195889808837,10.46515734216571,1.3137418892954784,True,walking_dual_task,P01,24,0.68
2026-04-01T14:05:51.861211,1636.4253118785,90107,81,-3.446659438680054,8.549985422839605,4.8170835008067465,10.40125018787437,0.06390715429134097,True,walking_dual_task,P01,24,0.68
2026-04-01T14:05:51.919951,1647.38292176866,90029,81,-3.546330416243471,8.838397118845867,5.530671851290556,11.0128131818466,0.61156299397223,True,walking_dual_task,P01,24,0.68
2026-04-01T14:05:51.920720,1544.7446412591796,90029,83,-3.3900528176049245,8.71736932623655,5.491645113125711,10.846342799519038,0.16647038232756195,True,walking_dual_task,P01,24,0.68
2026-04-01T14:05:51.921125,1494.7324653192518,89969,80,-3.9353536868430004,8.510550804600099,5.36672757874148,10.803622010356182,0.042720789162855155,True,walking_dual_task,P01,24,0.68
2026-04-01T14:05:51.980028,1486.572530247789,89969,81,-3.9795307411497984,8.118600586620795,5.052600981005886,10.357466730726072,0.44615527963011026,True,walking_dual_task,P01,24,0.68
2026-04-01T14:05:51.980454,1559.0675232839653,90019,80,-4.462025739292565,7.610626101970315,5.260299467312231,10.27141927135226,0.08604745937381253,True,walking_dual_task,P01,24,0.68
2026-04-01T14:05:51.980803,1438.2207016953798,90019,81,-4.926675074832418,7.649018495149709,5.382969702582859,10.571469815075021,0.30005054372276163,True,walking_dual_task,P01,24,0.68
2026-04-01T14:05:52.039769,1573.0403951531148,90102,80,-4.669693371943217,7.498379846617932,5.4758560719860085,10.393110036617644,0.17835977845737716,True,walking_dual_task,P01,24,0.68
2026-04-01T14:05:52.160257,1454.0166750454368,90102,81,-5.1259181244996,8.226163364213777,6.215259520800758,11.51408924859934,1.1209792119816964,True,walking_dual_task,P01,24,0.68
2026-04-01T14:05:52.160538,1520.5829775009008,90128,81,-5.185486637018764,8.174962428706701,5.76101363424878,11.265369965849619,0.24871928274972177,True,walking_dual_task,P01,24,0.68
2026-04-01T14:05:52.219856,1604.7314828510107,90128,82,-4.9410856325998775,8.245650984156429,5.84462484539215,11.25009897576817,0.015270990081448943,True,walking_dual_task,P01,24,0.68
2026-04-01T14:05:52.279988,1597.451425854597,90143,81,-4.985261555465074,7.987348494940498,5.116957424721724,10.716054406470745,0.5340445692974249,True,walking_dual_task,P01,24,0.68
2026-04-01T14:05:52.281019,1549.7250038909012,90143,81,-4.5057884201847465,7.920026687844072,5.285034647058045,10.533781051656488,0.18227335481425655,True,walking_dual_task,P01,24,0.68
2026-04-01T14:05:52.281636,1598.7479949006688,90184,81,-4.5917205417563975,8.062496470682007,5.02465442824218,10.551535385743689,0.01775433408720062,True,walking_dual_task,P01,24,0.68
2026-04-01T14:05:52.282163,1489.5852300200318,90246,82,-4.628256415842319,7.646830182576996,5.182259446723876,10.332017337631358,0.2195180481123309,True,walking_dual_task,P01,24,0.68
2026-04-01T14:05:52.282684,1556.933238958385,90246,81,-4.343291914146611,8.363202722267715,5.16234260277361,10.745097746118871,0.41308040848751304,True,walking_dual_task,P01,24,0.68
2026-04-01T14:05:52.282844,1614.0340238930985,90246,81,-4.455591309560094,8.309276179551942,5.1397217958136405,10.738393952740724,0.006703793378147083,True,walking_dual_task,P01,24,0.68
2026-04-01T14:05:52.283364,1465.589532078304,90196,82,-4.341810309570332,9.413704246541526,5.866537713075341,11.91156619192373,1.1731722391830068,True,walking_dual_task,P01,24,0.68
2026-04-01T14:05:52.283809,1654.827075873442,90003,80,-3.6282222196651004,9.695176336228567,6.240034162393191,12.087119880834805,0.1755536889110747,True,walking_dual_task,P01,24,0.68
2026-04-01T14:05:52.284845,1516.0750024832676,90003,81,-3.882495767776843,9.459168733765555,6.190860434592641,11.953091626907975,0.1340282539268305,True,walking_dual_task,P01,24,0.68
2026-04-01T14:05:52.285385,1573.1818433894653,89918,82,-3.323439620640501,9.107432483653582,6.086832501215241,11.44727510170878,0.5058165251991955,True,walking_dual_task,P01,24,0.68
2026-04-01T14:05:52.286028,1510.2724111673062,89918,81,-3.2176674457555796,8.911319834097956,5.962215464678074,11.194329735375373,0.2529453663334067,True,walking_dual_task,P01,24,0.68
2026-04-01T14:05:52.340113,1525.7829658448109,89973,82,-3.362582663658455,8.005974076635795,4.8283263303645825,9.935558275114323,1.25877146026105,True,walking_dual_task,P01,24,0.68
2026-04-01T14:05:52.340864,1672.6285169076723,89973,82,-3.0309170262390497,7.953226790484649,4.87316572480796,9.80754906091586,0.12800921419846212,True,walking_dual_task,P01,24,0.68
2026-04-01T14:05:52.341355,1638.1291339059626,89973,82,-3.349927254969884,8.06757756785668,4.428090702737984,9.79366160833878,0.01388745257708024,True,walking_dual_task,P01,24,0.68
2026-04-01T14:05:52.406149,1477.3212614430588,90055,81,-3.083657430703253,8.323508831491473,5.200265499571596,10.287492584876189,0.49383097653740826,True,walking_dual_task,P01,24,0.68
2026-04-01T14:05:52.407092,1610.0760846066707,90055,81,-3.4226683907258977,8.291362430283556,5.240545891308277,10.388679949931074,0.10118736505488535,True,walking_dual_task,P01,24,0.68
2026-04-01T14:05:52.407778,1572.7435946680318,90075,80,-3.1949547459405303,8.131976032550883,5.093233557841817,10.113248642118709,0.27543130781236513,True,walking_dual_task,P01,24,0.68
2026-04-01T14:05:52.465901,1515.470615443041,90075,81,-3.4224571880884866,8.247321283481732,5.045916425780475,10.256353842044966,0.14310519992625714,True,walking_dual_task,P01,24,0.68
2026-04-01T14:05:52.467125,1558.0404092719439,90181,80,-3.470565643825262,8.421267880592158,4.969026121942548,10.375634882036895,0.11928103999192885,True,walking_dual_task,P01,24,0.68
2026-04-01T14:05:52.467767,1617.9805443498747,90181,81,-3.3695492408768732,8.049089306315423,4.935982930091008,10.025249534744011,0.3503853472928835,True,walking_dual_task,P01,24,0.68
2026-04-01T14:05:52.530015,1522.944654386463,90377,80,-3.0882544629002906,8.273545604157006,5.167260399534094,10.231786380113812,0.20653684536980066,True,walking_dual_task,P01,24,0.68
2026-04-01T14:05:52.530646,1607.9493818585104,90377,80,-3.376151970541529,8.161252848075602,5.16231579014348,10.2300515392435,0.001734840870312837,True,walking_dual_task,P01,24,0.68
2026-04-01T14:05:52.580080,1443.735750311797,90552,81,-3.2248752273467045,8.316584292382718,4.834841569147438,10.145988740532756,0.08406279871074318,True,walking_dual_task,P01,24,0.68
2026-04-01T14:05:52.580412,1509.7625363609657,90552,79,-3.1433933347583523,8.301014646602509,5.112273964248982,10.243198275228817,0.09720953469606108,True,walking_dual_task,P01,24,0.68
2026-04-01T14:05:52.580711,1611.0769483747242,90724,81,-3.1031613124256303,8.28441368115098,5.245889556757432,10.284963656380775,0.041765381151957826,True,walking_dual_task,P01,24,0.68
2026-04-01T14:05:52.581058,1642.7399248807815,90724,81,-3.260181229936791,7.857561573190305,5.314127755600781,10.03045409397579,0.25450956240498535,True,walking_dual_task,P01,24,0.68
2026-04-01T14:05:52.642032,1436.8191426683836,90885,82,-3.2689064230881115,8.20273534418881,4.944132128743328,10.120032551142463,0.08957845716667379,True,walking_dual_task,P01,24,0.68
2026-04-01T14:05:52.642258,1452.8499265104056,90965,82,-2.7076313432820553,6.2882015168949605,3.625562887508724,7.747093136104927,2.3729394150375365,True,walking_dual_task,P01,24,0.68
2026-04-01T14:05:52.699863,1477.2451317456832,90965,81,-3.1679128979104654,5.648392603432386,3.70024053945554,7.458672213007312,0.2884209230976147,True,walking_dual_task,P01,24,0.68
2026-04-01T14:05:52.700061,1414.9420669690296,91026,81,-3.1225385827655487,5.57511744213396,3.902950247782905,7.487670020180806,0.02899780717349376,True,walking_dual_task,P01,24,0.68
2026-04-01T14:05:52.700555,1490.956194944858,91026,81,-3.4024752386204997,4.7083988698325365,4.187510384089335,7.161082382134836,0.3265876380459698,True,walking_dual_task,P01,24,0.68
2026-04-01T14:05:52.760362,1619.0596730781963,91063,83,-3.1902143436537855,5.02157930243434,3.9177576367433895,7.123380598378304,0.03770178375653188,True,walking_dual_task,P01,24,0.68
2026-04-01T14:05:52.760871,1660.6589026126542,91063,81,-3.327766023972558,4.917989993574129,3.9554957624060108,7.134886054704259,0.011505456325954455,True,walking_dual_task,P01,24,0.68
2026-04-01T14:05:52.761058,1575.4754268318281,91063,81,-2.92626181586031,6.153081179049347,4.136526304323864,7.970838480191192,0.8359524254869335,True,walking_dual_task,P01,24,0.68
2026-04-01T14:05:52.761584,1633.7655699964976,91077,80,-2.574096814529829,6.465852937872943,4.184882517678121,8.120743211771982,0.14990473158078998,True,walking_dual_task,P01,24,0.68
2026-04-01T14:05:52.819709,1507.930166983631,91077,81,-2.951094826447817,7.3300802708134585,4.730714597309802,9.209706729991776,1.0889635182197939,True,walking_dual_task,P01,24,0.68
2026-04-01T14:05:52.820247,1616.0263592625042,91074,80,-3.3430125338835093,7.88263951967401,5.034537267649208,9.932688664111923,0.7229819341201473,True,walking_dual_task,P01,24,0.68
2026-04-01T14:05:52.820565,1521.2598829115154,91074,81,-3.2499324386068422,7.468945451581777,4.981992663583057,9.548165159558591,0.3845235045533322,True,walking_dual_task,P01,24,0.68
2026-04-01T14:05:52.879570,1543.8512714384951,91080,80,-3.7459599216722257,8.787641921919562,5.715594087661813,11.132065489277693,1.5839003297191017,True,walking_dual_task,P01,24,0.68
2026-04-01T14:05:52.880103,1569.4524870760272,91080,80,-3.756493586498621,8.557576023747902,5.79255593168849,10.995319717469325,0.13674577180836778,True,walking_dual_task,P01,24,0.68
2026-04-01T14:05:52.881434,1542.687559742873,90938,82,-3.9475399444168664,9.150487570308844,6.525454751043053,11.91201301607137,0.9166932986020448,True,walking_dual_task,P01,24,0.68
2026-04-01T14:05:52.940765,1530.5138115597808,90938,80,-3.851449891621675,9.682782013726396,7.219600774900713,12.677246118221534,0.7652331021501642,True,walking_dual_task,P01,24,0.68
2026-04-01T14:05:52.941306,1581.5056696199467,90822,80,-3.722627413249975,9.508041442556651,7.199511280596437,12.493749221538357,0.18349689668317737,True,walking_dual_task,P01,24,0.68
2026-04-01T14:05:52.941558,1486.841901085982,90822,81,-4.238153242788295,9.156694147904146,7.219821267574156,12.406966178858355,0.08678304268000225,True,walking_dual_task,P01,24,0.68
2026-04-01T14:05:52.999403,1626.6755250721305,90699,81,-4.04044436208003,9.4136859039481,7.062144175930253,12.442530020171985,0.03556384131363011,True,walking_dual_task,P01,24,0.68
2026-04-01T14:05:52.999854,1576.2580660390554,90699,82,-5.219338019446343,8.120531924784238,6.285541571389417,11.51922570958407,0.9233043105879144,True,walking_dual_task,P01,24,0.68
2026-04-01T14:05:53.000564,1484.53171767655,90575,80,-5.538182332248971,7.33340993397949,5.134912121302914,10.526998019308607,0.9922276902754632,True,walking_dual_task,P01,24,0.68
2026-04-01T14:05:53.060131,1586.0458661696891,90575,79,-5.679520298288475,7.446268807428033,5.167603175186291,10.696167189575055,0.16916917026644818,True,walking_dual_task,P01,24,0.68
2026-04-01T14:05:53.060835,1512.2914152134013,90614,81,-5.405695016109515,7.271368673713165,5.711603273445329,10.710590690969374,0.014423501394318805,True,walking_dual_task,P01,24,0.68
2026-04-01T14:05:53.060959,1527.1801987216054,90614,81,-5.254027607983548,7.49869225961883,5.6153073111928995,10.740896978793582,0.03030628782420841,True,walking_dual_task,P01,24,0.68
2026-04-01T14:05:53.180061,1533.1859616400307,90675,81,-4.984962848442882,8.304565247197626,6.507270058407266,11.668771236011187,0.9278742572176046,True,walking_dual_task,P01,24,0.68
2026-04-01T14:05:53.180123,1515.6916653825135,90675,82,-4.706970309567217,8.020547015799558,6.10739361389931,11.125870783129587,0.5429004528816002,True,walking_dual_task,P01,24,0.68
2026-04-01T14:05:53.180421,1508.9818159287474,90617,81,-4.812796860289233,7.767666995940642,6.145579911996457,11.012166754684102,0.11370402844548444,True,walking_dual_task,P01,24,0.68
2026-04-01T14:05:53.180771,1502.8333871825976,90617,81,-4.504552416033279,8.203554625328232,6.31017011558946,11.287495198103686,0.27532844341958373,True,walking_dual_task,P01,24,0.68
2026-04-01T14:05:53.181700,1511.5998124454377,90515,81,-4.954463606781303,6.706292860120203,5.663815135761219,10.079676356346837,1.2078188417568487,True,walking_dual_task,P01,24,0.68
2026-04-01T14:05:53.182266,1612.7750049302833,90515,80,-4.8023744077863935,7.076842300431694,5.56993358246519,10.206304767682306,0.12662841133546898,True,walking_dual_task,P01,24,0.68
2026-04-01T14:05:53.239920,1395.1975362690837,90565,83,-4.6587744918908,6.230589312592854,4.438257574434052,8.956704374127233,1.249600393555074,True,walking_dual_task,P01,24,0.68
2026-04-01T14:05:53.240384,1542.3318690099945,90565,81,-4.894051578419115,6.8582286954772345,4.275375431792447,9.44806206449071,0.4913576903634773,True,walking_dual_task,P01,24,0.68
2026-04-01T14:05:53.240784,1478.9580982658056,90605,82,-4.694943132121752,6.964421875968583,4.394717087622908,9.479409336059485,0.031347271568774815,True,walking_dual_task,P01,24,0.68
2026-04-01T14:05:53.299690,1437.8254677608502,90605,81,-4.748632515599897,8.181724461049553,4.139081647302724,10.32579889440945,0.8463895583499657,True,walking_dual_task,P01,24,0.68
2026-04-01T14:05:53.300464,1516.1685067564265,90665,82,-4.765889048263372,8.116423464083711,4.687478202624998,10.514869479397728,0.18907058498827745,True,walking_dual_task,P01,24,0.68
2026-04-01T14:05:53.359748,1521.9698701840641,90665,81,-4.754145502903911,8.74656616558166,4.712148488892251,11.014021179072104,0.49915169967437656,True,walking_dual_task,P01,24,0.68
2026-04-01T14:05:53.360397,1510.5288117456384,90675,79,-4.671994378303288,8.2215182125448,4.636827201752892,10.531906745172922,0.4821144338991825,True,walking_dual_task,P01,24,0.68
2026-04-01T14:05:53.360755,1537.407683657079,90675,82,-4.9456841998310495,8.625428445430808,4.749054950089432,11.01868100049522,0.4867742553222989,True,walking_dual_task,P01,24,0.68
2026-04-01T14:05:53.361235,1420.3143728898988,90720,82,-4.5403593407253275,7.647957750520507,4.54360705163743,9.987516494922438,1.0311645055727823,True,walking_dual_task,P01,24,0.68
2026-04-01T14:05:53.419432,1447.1434208281992,90720,82,-4.82316830370094,7.799474368615815,4.483475998006182,10.207659376038075,0.2201428811156365,True,walking_dual_task,P01,24,0.68
2026-04-01T14:05:53.479658,1467.6205019501533,90794,82,-4.522240068626041,7.475412909481362,4.419843883450175,9.791193663675507,0.4164657123625677,True,walking_dual_task,P01,24,0.68
2026-04-01T14:05:53.480715,1475.168212000946,90794,82,-4.469433047273469,7.532812472357117,4.86958937962467,10.02157653435389,0.23038287067838326,True,walking_dual_task,P01,24,0.68
2026-04-01T14:05:53.481210,1462.579619770573,90863,80,-4.8879926242092395,7.51409621571534,4.614991197462183,10.082274425247755,0.06069789089386468,True,walking_dual_task,P01,24,0.68
2026-04-01T14:05:53.481494,1524.1104827138422,90863,81,-4.4422793478161084,7.702166512650643,4.633943316900511,10.02649716784867,0.05577725739908601,True,walking_dual_task,P01,24,0.68
2026-04-01T14:05:53.482064,1584.0674872906943,90909,82,-4.754792183986129,7.543308191754166,4.3352911958417195,9.914852340878499,0.11164482697017064,True,walking_dual_task,P01,24,0.68
2026-04-01T14:05:53.540104,1492.4796868214553,90909,79,-4.583927552354971,7.686425586373935,4.680960216064761,10.099748444614052,0.18489610373555365,True,walking_dual_task,P01,24,0.68
2026-04-01T14:05:53.540630,1594.9370098362174,90894,81,-4.775238054704678,7.642732886473289,4.6354210718296756,10.134169574575049,0.034421129960996666,True,walking_dual_task,P01,24,0.68
2026-04-01T14:05:53.599714,1493.293413893483,90894,80,-4.685174256773803,7.528469707330279,4.557364270951556,9.969868757845884,0.16430081672916508,True,walking_dual_task,P01,24,0.68
2026-04-01T14:05:53.600170,1399.1977203776385,90730,80,-4.6212425386588665,7.961261989268753,4.453865690604293,10.226167153573607,0.2562983957277236,True,walking_dual_task,P01,24,0.68
2026-04-01T14:05:53.600877,1378.2690817045936,90730,81,-4.70662481878344,7.821224153636045,4.498964434763045,10.176666715161252,0.04950043841235541,True,walking_dual_task,P01,24,0.68
2026-04-01T14:05:53.659713,1660.9721524335616,90640,81,-4.782944044711257,7.645512448643184,4.794524999815414,10.213612696350483,0.03694598118923054,True,walking_dual_task,P01,24,0.68
2026-04-01T14:05:53.660204,1591.4500863987191,90640,81,-5.058022492408363,9.499142752194022,6.884323766027651,12.775414602891065,2.561801906540582,True,walking_dual_task,P01,24,0.68
2026-04-01T14:05:53.660550,1449.6305494882865,90527,80,-3.2227322175956705,10.302277996526932,7.686409108710958,13.251559147908855,0.4761445450177906,True,walking_dual_task,P01,24,0.68
2026-04-01T14:05:53.719498,1491.3737475622602,90527,80,-3.623547723639172,10.536533241113624,7.534704792812931,13.450665677260034,0.19910652935117845,True,walking_dual_task,P01,24,0.68
2026-04-01T14:05:53.719872,1569.1546651184601,90283,80,-3.334525312898731,7.910502447778672,6.061984826248537,10.509175423045438,2.941490254214596,True,walking_dual_task,P01,24,0.68
2026-04-01T14:05:53.720168,1467.1991045750303,90283,80,-3.2727585772717034,7.038346237546149,4.625032914226949,9.035496440283078,1.47367898276236,True,walking_dual_task,P01,24,0.68
2026-04-01T14:05:53.779545,1605.8490172493614,90297,82,-3.5469058000648706,6.851183437666294,4.266894682907351,8.816214918325766,0.21928152195731165,True,walking_dual_task,P01,24,0.68
2026-04-01T14:05:53.780228,1521.6120192652602,90297,81,-3.972403137192765,7.892375834842374,4.420821151416187,9.879941429765235,1.0637265114394694,True,walking_dual_task,P01,24,0.68
2026-04-01T14:05:53.780248,1563.2421589183348,90397,80,-3.83779262057522,7.981969424117959,4.6735073031591154,10.014097992269559,0.13415656250432306,True,walking_dual_task,P01,24,0.68
2026-04-01T14:05:53.780891,1469.4293964733322,90397,81,-3.802787119753936,7.627585206089179,4.7809122669638935,9.772326645109791,0.24177134715976756,True,walking_dual_task,P01,24,0.68
2026-04-01T14:05:53.899896,1444.4295747399426,90397,79,-3.6212168386495707,7.659836365889885,4.806721269470987,9.741194685823354,0.031131959286437194,True,walking_dual_task,P01,24,0.68
2026-04-01T14:05:53.900209,1427.339044523962,90397,81,-3.386303387873208,6.275377773043591,4.687057286757525,8.533224644791552,1.2079700410318015,True,walking_dual_task,P01,24,0.68
2026-04-01T14:05:53.900548,1569.2319427480152,90450,83,-3.6930469583659558,5.826401259349912,4.255437614748031,8.105201833678338,0.4280228111132143,True,walking_dual_task,P01,24,0.68
2026-04-01T14:05:53.901551,1464.361647450786,90450,82,-3.6861304298754067,5.555070369633967,3.964798268216482,7.756673879008393,0.3485279546699447,True,walking_dual_task,P01,24,0.68
2026-04-01T14:05:53.901611,1478.9879961512881,90597,83,-4.256531749916951,5.935260336506747,3.7752833809675383,8.221808949785377,0.46513507077698346,True,walking_dual_task,P01,24,0.68
2026-04-01T14:05:53.902050,1493.8309647038993,90597,82,-4.4682883839833485,5.946978163237005,3.899071839097419,8.398506507879889,0.17669755809451182,True,walking_dual_task,P01,24,0.68
2026-04-01T14:05:53.961521,1524.379872070987,90792,81,-4.373810181956355,6.490534072446572,3.263283136600685,8.479756180633814,0.08124967275392514,True,walking_dual_task,P01,24,0.68
2026-04-01T14:05:53.961898,1526.1367276877327,90792,81,-4.611647325265689,6.805402466098414,3.7030812828242334,9.016296621419004,0.5365404407851901,True,walking_dual_task,P01,24,0.68
2026-04-01T14:05:53.961919,1504.600837926324,90959,81,-4.635857378345249,6.434982832959875,3.679334813868746,8.742864654413504,0.2734319670055001,True,walking_dual_task,P01,24,0.68
2026-04-01T14:05:54.019652,1585.2325338896921,90959,80,-4.53878413171643,6.571021127032032,3.6275188752475205,8.771417971827544,0.028553317414040436,True,walking_dual_task,P01,24,0.68
2026-04-01T14:05:54.020088,1608.03936744426,91171,81,-4.786348838411002,6.269810531296477,3.4435374065175637,8.606835026384568,0.16458294544297658,True,walking_dual_task,P01,24,0.68
2026-04-01T14:05:54.020583,1442.0326878386827,91171,82,-4.017600265277214,5.681744603738559,3.4077315005448936,7.748288044043905,0.8585469823406626,True,walking_dual_task,P01,24,0.68
2026-04-01T14:05:54.079545,1612.8859299887529,91401,80,-3.973573634359051,5.472067246487483,3.214355075515426,7.487648891958428,0.26063915208547694,True,walking_dual_task,P01,24,0.68
2026-04-01T14:05:54.080149,1530.6158297580678,91401,81,-4.041457617257791,5.436041198112342,3.321864707939253,7.544448867711811,0.0567999757533828,True,walking_dual_task,P01,24,0.68
2026-04-01T14:05:54.080384,1493.8772436086701,91588,81,-4.109856143097216,5.759028597811452,3.52547262284107,7.904826697769278,0.36037783005746693,True,walking_dual_task,P01,24,0.68
2026-04-01T14:05:54.139624,1456.9445863465378,91588,81,-4.119911984918451,5.629643838585531,3.846250922773064,7.966191729661757,0.061365031892479216,True,walking_dual_task,P01,24,0.68
2026-04-01T14:05:54.140144,1600.5778326308382,91741,82,-3.758202339238518,6.291327609382797,4.164850628982149,8.429167733114173,0.4629760034524164,True,walking_dual_task,P01,24,0.68
2026-04-01T14:05:54.140426,1583.6904071497981,91741,81,-3.465621273657515,6.039476789029152,4.210525246265927,8.137219030300963,0.29194870281320995,True,walking_dual_task,P01,24,0.68
2026-04-01T14:05:54.200792,1445.7574303491087,91830,77,-3.5746211420061633,5.996609035928754,4.441607642518479,8.274364911504591,0.1371458812036277,True,walking_dual_task,P01,24,0.68
2026-04-01T14:05:54.201445,1581.0390174406791,91830,78,-3.578088854483017,6.389829344881648,4.351957999647716,8.518930527829417,0.24456561632482554,True,walking_dual_task,P01,24,0.68
2026-04-01T14:05:54.201913,1585.6355031463847,91727,76,-3.1559624799570045,6.09907763686452,4.721209046229147,8.333586386040118,0.18534414178929914,True,walking_dual_task,P01,24,0.68
2026-04-01T14:05:54.259623,1446.5749835838283,91727,78,-3.479044370006075,7.658378770677686,5.236652293468024,9.90843289154857,1.574846505508452,True,walking_dual_task,P01,24,0.68
2026-04-01T14:05:54.259942,1441.658342141881,91616,76,-3.326425027955705,7.827178623286455,5.669771167890195,10.221356747696536,0.31292385614796636,True,walking_dual_task,P01,24,0.68
2026-04-01T14:05:54.260405,1478.6752311820665,91616,78,-3.634228021139044,8.18831244351782,5.875200709236289,10.713265485187584,0.49190873749104824,True,walking_dual_task,P01,24,0.68
2026-04-01T14:05:54.320378,1535.2298408017687,91561,77,43.138540309019525,29.49068114516244,-42.010376250156284,79.16716498795621,0.5411398956402582,True,walking_dual_task,P01,24,0.68
2026-04-01T14:05:54.320899,1595.343004340664,91561,78,-3.885874380342743,7.385879163269688,5.43842568247479,9.961310386592059,0.210815202955267,True,walking_dual_task,P01,24,0.68
2026-04-01T14:05:54.321182,1508.5646236848236,91581,78,-3.4015013664886777,8.37334654261197,6.141806624458585,10.92725640227864,0.9659460156865816,True,walking_dual_task,P01,24,0.68
2026-04-01T14:05:54.399406,1477.9092720067922,91581,77,-3.5088381322237105,8.665924230182943,6.161700848071334,11.19717576635028,0.2699193640716402,True,walking_dual_task,P01,24,0.68
2026-04-01T14:05:54.400077,1475.9600516933347,91575,77,-3.372437222345328,8.455469578378692,6.162333114339971,10.992845310548073,0.2043304558022072,True,walking_dual_task,P01,24,0.68
2026-04-01T14:05:54.400100,1542.8001837064553,91575,77,-3.295608509020082,8.655251818630294,6.2125079820947855,11.152115266451473,0.1592699559033992,True,walking_dual_task,P01,24,0.68
