timestamp,gsr_filtered,ppg_ir,hr_bpm_avg,imu_ax_mps2,imu_ay_mps2,imu_az_mps2,svm,jerk,hr_valid_flag,label,patient_id,day,progression
2026-04-03T01:32:07.485749,1460.2130739763827,83628,69,-9.025260109412955,-1.1103564956567102,5.845224942565535,10.809942933207282,,True,walking_dual_task,P08,12,0.097
2026-04-03T01:32:07.530531,1367.597943568171,83628,66,-9.263347803005837,-1.2812471618216124,6.142707527582845,11.188568388250212,0.3786254550429309,True,walking_dual_task,P08,12,0.097
2026-04-03T01:32:07.531214,1408.50554063261,83595,67,-9.23654836843479,-1.2817276565697358,6.237662195842932,11.218960790443079,0.03039240219286654,True,walking_dual_task,P08,12,0.097
2026-04-03T01:32:07.560693,1368.671061707075,83595,67,-9.837191635587779,-1.0996424414955885,6.178808802322761,11.668643065501566,0.44968227505848724,True,walking_dual_task,P08,12,0.097
2026-04-03T01:32:07.561238,1379.5830718378988,83566,66,-9.931305766763245,-1.2158811588495164,6.172808896114601,11.756392767058342,0.08774970155677586,True,walking_dual_task,P08,12,0.097
2026-04-03T01:32:07.575280,1475.781745974779,83566,66,-9.877510921484802,-1.1431979875904634,6.1893372366781625,11.712387419830907,0.044005347227434655,True,walking_dual_task,P08,12,0.097
2026-04-03T01:32:07.620415,1363.0059223041721,83567,67,-9.827748278472432,-1.2378160011309767,6.169373060342073,11.669532494292488,0.04285492553841941,True,walking_dual_task,P08,12,0.097
2026-04-03T01:32:07.620947,1386.594690740574,83567,67,-9.857679380540297,-1.1349490255086194,6.290104271525167,11.748504747698382,0.07897225340589387,True,walking_dual_task,P08,12,0.097
2026-04-03T01:32:07.665432,1404.7219221466685,83661,65,-9.771580567390323,-1.0597550843113004,6.17020235008982,11.60509649528076,0.1434082524176219,True,walking_dual_task,P08,12,0.097
2026-04-03T01:32:07.666140,1365.2126838056238,83661,67,-9.948921382292898,-1.164104974790388,6.2155116540220465,11.788501269655123,0.1834047743743632,True,walking_dual_task,P08,12,0.097
2026-04-03T01:32:07.680247,1403.8825996600565,83781,67,-9.897874323102679,-1.1203780517867823,6.203449869368815,11.734817995036515,0.05368327461860822,True,walking_dual_task,P08,12,0.097
2026-04-03T01:32:07.725545,1393.8668043584507,83781,66,-9.94445152753834,-1.0745763424997623,6.1837813359373905,11.759506031722054,0.024688036685539316,True,walking_dual_task,P08,12,0.097
2026-04-03T01:32:07.726134,1455.6038207007985,83718,68,-9.853179401722327,-1.1359776794159513,6.244390707541132,11.720409759009385,0.03909627271266913,True,walking_dual_task,P08,12,0.097
2026-04-03T01:32:07.770280,1376.0775893379441,83718,68,-9.828105102164146,-1.1435204691524328,6.102914648283653,11.625181984243977,0.09522777476540867,True,walking_dual_task,P08,12,0.097
2026-04-03T01:32:07.770997,1349.5175420946855,83699,68,-9.802703089220117,-1.228514221298381,6.132600573493331,11.628027555924897,0.002845571680920145,True,walking_dual_task,P08,12,0.097
2026-04-03T01:32:07.785267,1443.4365616073237,83699,68,-9.880862114325112,-1.0774488606489543,6.090298806355175,11.656932346046721,0.028904790121824675,True,walking_dual_task,P08,12,0.097
2026-04-03T01:32:07.830354,1474.0245237200763,83721,67,-7.308659314923526,-1.3957228118848384,5.3386611904385735,9.15782978961332,2.4991025564334013,True,walking_dual_task,P08,12,0.097
2026-04-03T01:32:07.831218,1427.2225817054068,83721,66,-7.294464381158867,-1.345967469583844,5.198865072487249,9.058092353200049,0.09973743641327104,True,walking_dual_task,P08,12,0.097
2026-04-03T01:32:07.875324,1333.160653987643,83794,67,-7.1696352995129,-1.207138069002476,5.119962787651552,8.892405275997778,0.16568707720227138,True,walking_dual_task,P08,12,0.097
2026-04-03T01:32:07.875799,1471.7136278256396,83794,66,-7.272306726131565,-1.1947760147333981,5.11528388824306,8.971068169490168,0.07866289349239075,True,walking_dual_task,P08,12,0.097
2026-04-03T01:32:07.876668,1320.0948607971177,83872,66,-7.388060604165711,-1.0802449060607888,5.288283457458668,9.149661768301968,0.17859359881179948,True,walking_dual_task,P08,12,0.097
2026-04-03T01:32:07.935758,1484.8746736667692,83872,67,-7.298656213725588,-1.120325097275557,5.26266604690127,9.067588696613234,0.08207307168873434,True,walking_dual_task,P08,12,0.097
2026-04-03T01:32:07.936049,1413.242095671724,83914,66,-7.6432667801101735,-1.1177336375094786,5.6031446076311955,9.542750392333568,0.4751616957203346,True,walking_dual_task,P08,12,0.097
2026-04-03T01:32:07.936692,1370.1737343269963,83914,67,-7.927224768098079,-1.161449541604953,5.4998437236733615,9.717928716885675,0.1751783245521068,True,walking_dual_task,P08,12,0.097
2026-04-03T01:32:07.965317,1457.5282789958778,83923,68,-7.979291170784024,-1.0874138349658462,5.535461439194991,9.772046345645403,0.054117628759728476,True,walking_dual_task,P08,12,0.097
2026-04-03T01:32:07.980243,1343.7834155527328,83923,65,-8.868525914089329,-1.2336596610313424,5.579808433873245,10.550209960320833,0.7781636146754298,True,walking_dual_task,P08,12,0.097
2026-04-03T01:32:07.995081,1418.5911235269084,83934,68,-8.820102728062178,-1.2020439093604725,5.548246972811469,10.489145158920822,0.06106480140001125,True,walking_dual_task,P08,12,0.097
2026-04-03T01:32:08.040915,1360.2635666321369,83934,65,-8.7497922574801,-1.1807150573257905,5.659728593781519,10.487396261747845,0.001748897172976882,True,walking_dual_task,P08,12,0.097
2026-04-03T01:32:08.041107,1492.7452669119864,83794,67,-9.995969378551216,-1.4218462135839849,5.798965509752657,11.643412363019598,1.156016101271753,True,walking_dual_task,P08,12,0.097
2026-04-03T01:32:08.085690,1341.6257115699032,83794,68,-10.916578424338837,-1.6197133038941918,5.8700216983946385,12.500092416505405,0.8566800534858068,True,walking_dual_task,P08,12,0.097
2026-04-03T01:32:08.085950,1440.9774155068878,83559,65,-10.877660006128156,-1.4787522961153103,5.865117836376112,12.44627666399729,0.053815752508114656,True,walking_dual_task,P08,12,0.097
2026-04-03T01:32:08.100736,1461.3716916822398,83559,66,-11.102862696405136,-1.3167534459967531,5.649299211991913,12.526850413387297,0.08057374939000717,True,walking_dual_task,P08,12,0.097
2026-04-03T01:32:08.145499,1466.7334633474297,83518,67,-10.996521876676963,-1.2621548308179846,5.735947867908186,12.466660585118722,0.060189828268574885,True,walking_dual_task,P08,12,0.097
2026-04-03T01:32:08.146063,1376.0576220093762,83518,67,-10.428223532964433,-0.9290213145399677,5.072191901504536,11.633488614428217,0.8331719706905059,True,walking_dual_task,P08,12,0.097
2026-04-03T01:32:08.175668,1414.1718820346066,83582,67,-9.567497421463015,-0.6207310314884531,4.739496426450135,10.695098891524461,0.9383897229037554,True,walking_dual_task,P08,12,0.097
2026-04-03T01:32:08.190632,1341.8483891777257,83582,65,-9.649345773376169,-0.6187404570289478,4.546794592427489,10.684851644878593,0.010247246645867847,True,walking_dual_task,P08,12,0.097
2026-04-03T01:32:08.235865,1352.4105921537175,83660,66,-9.575886608548581,-0.3065290713396423,4.180991354108086,10.45333693681032,0.23151470806827312,True,walking_dual_task,P08,12,0.097
2026-04-03T01:32:08.236131,1467.6744042852044,83660,67,-9.666807716816988,-0.21693364106663296,4.350269680926303,10.602786328853636,0.14944939204331575,True,walking_dual_task,P08,12,0.097
2026-04-03T01:32:08.280660,1440.5539289203653,83691,64,-9.13612890688385,-0.15763999357468603,3.772879720983227,9.885763660930772,0.7170226679228637,True,walking_dual_task,P08,12,0.097
2026-04-03T01:32:08.281041,1453.4098543044838,83691,67,-9.260382780407946,-0.21551786219448743,3.928885645840823,10.061673797470029,0.17591013653925636,True,walking_dual_task,P08,12,0.097
2026-04-03T01:32:08.281611,1413.2436254535837,83749,68,-8.091677268855088,-0.10103149107278069,3.174306746180158,8.692621681882825,1.3690521155872037,True,walking_dual_task,P08,12,0.097
2026-04-03T01:32:08.340677,1402.4028993871755,83749,66,-7.202589586204646,0.28032867989462573,2.853999720147973,7.75249607021376,0.9401256116690648,True,walking_dual_task,P08,12,0.097
2026-04-03T01:32:08.341017,1389.890167013888,83819,68,-7.166819173130425,0.1572514365683475,2.839872763500367,7.7105708211210855,0.04192524909267448,True,walking_dual_task,P08,12,0.097
2026-04-03T01:32:08.341909,1435.9027980568894,83819,65,-6.934715413005591,0.3023596021797016,2.7306300664172034,7.459091080555941,0.2514797405651441,True,walking_dual_task,P08,12,0.097
2026-04-03T01:32:08.385569,1324.4704928779577,83838,66,-6.950039710538429,0.34919906672970746,2.6933145170097683,7.461831883244325,0.0027408026883835035,True,walking_dual_task,P08,12,0.097
2026-04-03T01:32:08.385829,1382.6077710865593,83838,66,-6.909640618468825,0.16435873924838285,2.952689290859801,7.5158845999602555,0.05405271671593059,True,walking_dual_task,P08,12,0.097
2026-04-03T01:32:08.400164,1366.7023890674438,83837,65,-7.081988525428446,0.02188379163875291,3.082890709390914,7.723940412812975,0.20805581285271924,True,walking_dual_task,P08,12,0.097
2026-04-03T01:32:08.445434,1411.3941529961342,83837,65,-7.07723653452887,-0.43624923028394846,3.414664881625068,7.87003980996266,0.14609939714968512,True,walking_dual_task,P08,12,0.097
2026-04-03T01:32:08.446016,1525.5903806924525,83843,66,-7.359322410935052,-0.49678355916386335,3.7999727085819863,8.297361799916546,0.42732198995388604,True,walking_dual_task,P08,12,0.097
2026-04-03T01:32:08.490636,1349.97922573734,83843,68,-7.447387016921729,-0.6031181536688396,3.7008045047629823,8.3380620571913,0.04070025727475368,True,walking_dual_task,P08,12,0.097
2026-04-03T01:32:08.505642,1413.372433003272,83877,66,-7.626636751420541,-0.221931512534303,3.730126560333129,8.492860877847752,0.15479882065645256,True,walking_dual_task,P08,12,0.097
2026-04-03T01:32:08.520408,1440.220414610133,83877,69,-7.427034026827268,-0.23162007420831093,3.762536027931104,8.328935085345899,0.16392579250185335,True,walking_dual_task,P08,12,0.097
2026-04-03T01:32:08.535472,1383.8843326871483,83923,68,-7.851769115755465,-0.1613067786133086,3.512537979738996,8.603151816809167,0.27421673146326775,True,walking_dual_task,P08,12,0.097
2026-04-03T01:32:08.550390,1409.2401615589802,83923,66,-8.304713520957694,0.040958160862916204,3.3329094263848704,8.948644002339345,0.345492185530178,True,walking_dual_task,P08,12,0.097
2026-04-03T01:32:08.565436,1371.800414642416,83938,66,-8.248162137213285,0.184912072937494,3.3247159001817694,8.89494839408292,0.053695608256424165,True,walking_dual_task,P08,12,0.097
2026-04-03T01:32:08.580687,1382.2456163900172,83938,67,-8.418515974717694,0.00566439677218461,3.298813952327906,9.041770666967896,0.1468222728849753,True,walking_dual_task,P08,12,0.097
2026-04-03T01:32:08.595442,1461.67539087078,83968,66,-8.256001791373969,0.18392635936057442,3.183574564471892,8.850454309943089,0.19131635702480665,True,walking_dual_task,P08,12,0.097
2026-04-03T01:32:08.655448,1434.0226562675311,83968,66,-8.364511221497835,0.07638025819194871,3.221507841630225,8.963760075553656,0.11330576561056738,True,walking_dual_task,P08,12,0.097
2026-04-03T01:32:08.656068,1330.7151630935723,84081,67,-8.201273776550554,0.02670085796690015,3.36414381662492,8.86448352204953,0.09927655350412579,True,walking_dual_task,P08,12,0.097
2026-04-03T01:32:08.657201,1424.0681904998767,84081,68,-8.368745153333718,0.20166186170796177,3.2432839602443155,8.977497078512037,0.11301355646250677,True,walking_dual_task,P08,12,0.097
2026-04-03T01:32:08.685468,1390.8687680616376,84157,67,-8.305002485199967,0.10583067516477436,3.19896076842222,8.90042787785441,0.07706920065762723,True,walking_dual_task,P08,12,0.097
2026-04-03T01:32:08.700357,1385.2889173243861,84157,66,-8.289250050647194,0.07855882822051793,3.1644505970585035,8.873082072925383,0.02734580492902694,True,walking_dual_task,P08,12,0.097
2026-04-03T01:32:08.730323,1473.464695162577,84054,65,-8.17491795992293,0.16600746814000586,3.1683586246763107,8.768998717385555,0.10408335553982795,True,walking_dual_task,P08,12,0.097
2026-04-03T01:32:08.745422,1443.639475411031,84054,67,-8.29772323338336,0.05981903943103624,3.258886216037984,8.914938504801412,0.14593978741585723,True,walking_dual_task,P08,12,0.097
2026-04-03T01:32:08.760633,1473.5197680520996,84013,66,-8.316476023848047,0.24696849172634233,3.067741230994201,8.86768307685197,0.04725542794944282,True,walking_dual_task,P08,12,0.097
2026-04-03T01:32:08.775531,1427.0945740962657,84013,66,-8.233781605413249,0.09422430565066395,3.266942806096796,8.858721862871898,0.008961213980072102,True,walking_dual_task,P08,12,0.097
2026-04-03T01:32:08.835729,1432.0183576650952,83930,66,-10.597643427064716,0.4404266988661382,3.3679147935740326,11.128650948837281,2.2699290859653836,True,walking_dual_task,P08,12,0.097
2026-04-03T01:32:08.836057,1444.3526549661533,83930,66,-10.417604938022329,0.4145378602615932,3.528102875267586,11.006627284539478,0.12202366429780298,True,walking_dual_task,P08,12,0.097
2026-04-03T01:32:08.836509,1434.3953417734012,83904,68,-10.524943202164295,-0.03704048386791657,3.3607146440663103,11.04853856060028,0.04191127606080158,True,walking_dual_task,P08,12,0.097
2026-04-03T01:32:08.895828,1416.4891766022308,83904,66,-10.51570873101091,0.046021712889937345,3.299245539630355,11.021219045291097,0.027319515309182307,True,walking_dual_task,P08,12,0.097
2026-04-03T01:32:08.896046,1457.9947180298443,83881,68,-10.515158742726767,-0.08859698321793624,3.534779832338121,11.09374063484823,0.07252158955713206,True,walking_dual_task,P08,12,0.097
2026-04-03T01:32:08.896465,1446.1772693389275,83881,65,-10.126656211687639,-0.385359376184889,3.2428160524798666,10.640184388850907,0.4535562459973228,True,walking_dual_task,P08,12,0.097
2026-04-03T01:32:08.955654,1358.0114673852324,83881,65,-10.124553205160788,-0.2929007881711675,3.338750423745072,10.66487800529855,0.024693616447644118,True,walking_dual_task,P08,12,0.097
2026-04-03T01:32:08.956373,1569.8413205858863,83881,67,-9.827604395609827,-0.5607096881581367,3.032620866606057,10.300145282061726,0.36473272323682515,True,walking_dual_task,P08,12,0.097
2026-04-03T01:32:08.956704,1411.8348591775489,83926,67,-9.711262382626822,-0.6790658849336996,2.9210375959510007,10.163769388236963,0.13637589382476278,True,walking_dual_task,P08,12,0.097
2026-04-03T01:32:09.015395,1433.3086796068883,83926,66,-9.701762524862092,-0.6955648587581892,2.8938037331278914,10.148009982623327,0.01575940561363609,True,walking_dual_task,P08,12,0.097
2026-04-03T01:32:09.015976,1440.823609187372,83946,65,-9.573465719409318,-0.3280333234832552,2.774990015078884,9.972934439060971,0.17507554356235566,True,walking_dual_task,P08,12,0.097
2026-04-03T01:32:09.016589,1400.523512262678,83946,67,-9.601912015786093,-0.2724304747840498,2.6793285701633183,9.97244876193314,0.0004856771278305416,True,walking_dual_task,P08,12,0.097
2026-04-03T01:32:09.075678,1426.887495510847,83906,66,-9.310046005438423,0.27429572039459066,2.6564439573624714,9.685498916638952,0.2869498452941883,True,walking_dual_task,P08,12,0.097
2026-04-03T01:32:09.075952,1426.930598874737,83906,64,-8.638722431075436,0.3933976986089172,2.3357677945905744,8.9575721141771,0.7279268024618517,True,walking_dual_task,P08,12,0.097
2026-04-03T01:32:09.076706,1459.2296760505913,83880,67,-8.715005288282878,0.33595892609714084,2.4713713679408063,9.064869663326688,0.10729754914958711,True,walking_dual_task,P08,12,0.097
2026-04-03T01:32:09.135317,1484.5382509943827,83880,66,-7.817458307275406,0.22333438717341578,3.0161470779154755,8.38210449887744,0.682765164449247,True,walking_dual_task,P08,12,0.097
2026-04-03T01:32:09.135823,1444.8706909617847,83897,63,-7.804404463254388,0.17156330241138557,2.965115159932393,8.350453335266307,0.031651163611133626,True,walking_dual_task,P08,12,0.097
2026-04-03T01:32:09.136406,1478.570319136613,83897,66,-8.010019400514167,0.3122960523583294,3.686040802740275,8.822972085436865,0.47251875017055767,True,walking_dual_task,P08,12,0.097
2026-04-03T01:32:09.195648,1405.3829283503485,83931,67,-8.02523320776125,0.3777918295142891,3.6176091500402117,8.811026652317898,0.01194543311896723,True,walking_dual_task,P08,12,0.097
2026-04-03T01:32:09.196099,1406.2649441594722,83931,66,-9.147202141406986,0.5909504401055174,4.5306098869955616,10.224820555225572,1.413793902907674,True,walking_dual_task,P08,12,0.097
2026-04-03T01:32:09.255661,1458.9707596115186,83931,67,-10.75835895606302,-0.07144733290000208,5.03721065221149,11.879431101851335,1.6546105466257632,True,walking_dual_task,P08,12,0.097
2026-04-03T01:32:09.256330,1421.3070857307503,83931,66,-10.696408575315555,-0.006884158398879594,5.085318227217908,11.843718388825177,0.03571271302615742,True,walking_dual_task,P08,12,0.097
2026-04-03T01:32:09.256775,1332.3233956474157,83876,67,-11.646161645837147,-0.7974291488131553,5.143749214157224,12.756454456724569,0.9127360678993917,True,walking_dual_task,P08,12,0.097
2026-04-03T01:32:09.315711,1451.9733843775923,83876,66,-11.671068842402875,-0.8864236337487644,5.060212117347333,12.75167994638841,0.0047745103361584995,True,walking_dual_task,P08,12,0.097
2026-04-03T01:32:09.315981,1317.0976740597962,83801,68,-12.538681845414363,-1.3234939163090362,4.853173410672825,13.510124748539239,0.7584448021508283,True,walking_dual_task,P08,12,0.097
2026-04-03T01:32:09.316751,1445.0953200866504,83801,68,-12.070735663103852,-1.2921230882977675,4.152550494603374,12.830273462949652,0.6798512855895869,True,walking_dual_task,P08,12,0.097
2026-04-03T01:32:09.375831,1324.5592362440138,83728,67,-12.077004607165765,-1.3906156437886528,4.046089839527592,12.81244298093776,0.017830482011891746,True,walking_dual_task,P08,12,0.097
2026-04-03T01:32:09.375924,1462.318557917959,83728,66,-10.516609063760969,-0.33524544089924113,3.4107812081631246,11.060962171329482,1.7514808096082781,True,walking_dual_task,P08,12,0.097
2026-04-03T01:32:09.376499,1421.0272094991576,83682,67,-10.572271609269517,-0.42201765311081324,3.3836425760647413,11.108558095552342,0.04759592422285941,True,walking_dual_task,P08,12,0.097
2026-04-03T01:32:09.495389,1450.0790667174626,83682,67,-9.664048608666345,-0.15951324938184594,2.7522017266771504,10.049571848179353,1.0589862473729887,True,walking_dual_task,P08,12,0.097
2026-04-03T01:32:09.495751,1484.6072907105774,83630,65,-9.304580167189414,-0.22862391177561253,2.4764180067884105,9.631205901912598,0.4183659462667553,True,walking_dual_task,P08,12,0.097
2026-04-03T01:32:09.496505,1388.469225222365,83630,67,-9.329113566103059,-0.2828075411855047,2.594378197238865,9.687266810866102,0.05606090895350491,True,walking_dual_task,P08,12,0.097
2026-04-03T01:32:09.497198,1487.1943061264296,83530,66,-8.78639707697403,-0.5151493832116526,2.3880844128975407,9.119709405699576,0.5675574051665269,True,walking_dual_task,P08,12,0.097
2026-04-03T01:32:09.497801,1491.447001642376,83530,67,-8.802655336159212,-0.5162853786540273,2.396670464637308,9.137686844901667,0.017977439202091716,True,walking_dual_task,P08,12,0.097
2026-04-03T01:32:09.498683,1521.090008160412,83558,66,-9.08084711515371,-0.7036979774424635,2.143969706806807,9.357007068286169,0.21932022338450174,True,walking_dual_task,P08,12,0.097
2026-04-03T01:32:09.555582,1395.402842286342,83558,63,-9.020002975442821,-0.5499373396986387,2.2363274984203074,9.309352578712604,0.04765448957356533,True,walking_dual_task,P08,12,0.097
2026-04-03T01:32:09.556090,1426.0908838177497,83599,67,-8.409986798804711,-0.8746071158687965,2.331436600172874,8.770884344456007,0.5384682342565963,True,walking_dual_task,P08,12,0.097
2026-04-03T01:32:09.556616,1356.4713459450898,83599,67,-7.641621978131479,-0.602286392406385,2.6728143439853285,8.117947516001422,0.6529368284545853,True,walking_dual_task,P08,12,0.097
2026-04-03T01:32:09.557225,1407.3284874439435,83627,67,-7.594852949343678,-0.5709471434387472,2.6869506851550615,8.076352886495888,0.04159462950553383,True,walking_dual_task,P08,12,0.097
2026-04-03T01:32:09.615497,1482.1418489196192,83627,66,-7.534079397954357,-0.6269120173916398,2.8015412184134707,8.062506077560498,0.013846808935390698,True,walking_dual_task,P08,12,0.097
2026-04-03T01:32:09.615996,1293.9008781648063,83653,64,-7.552939354667333,-0.6165453866993249,2.6114988017398364,8.015419334048058,0.047086743512439355,True,walking_dual_task,P08,12,0.097
2026-04-03T01:32:09.616775,1479.3724503449137,83653,66,-7.638861566048871,-0.6218039010938666,2.869245258423518,8.183606446406133,0.1681871123580745,True,walking_dual_task,P08,12,0.097
2026-04-03T01:32:09.675527,1490.9662051129033,83680,66,-7.662512385292848,-0.6327036086037401,2.7802650739911394,8.175835357488642,0.007771088917490232,True,walking_dual_task,P08,12,0.097
2026-04-03T01:32:09.675772,1496.4856405890887,83680,66,-7.567995780868498,-0.6649994981942422,2.7072390155330006,8.065105551638247,0.11072980585039538,True,walking_dual_task,P08,12,0.097
2026-04-03T01:32:09.676749,1369.3097578414356,83681,66,-7.39503401211866,-0.7032698718392658,2.639974938031759,7.883564182935559,0.1815413687026881,True,walking_dual_task,P08,12,0.097
2026-04-03T01:32:09.735476,1475.651459049972,83681,67,-7.6366984153340525,-0.676943720115817,2.809929112298877,8.16536080667074,0.28179662373518166,True,walking_dual_task,P08,12,0.097
2026-04-03T01:32:09.736068,1479.2905360808522,83682,66,-7.551089541884564,-0.6626922630559726,2.6890699339505777,8.042960363867873,0.1224004428028671,True,walking_dual_task,P08,12,0.097
2026-04-03T01:32:09.736576,1444.104808962596,83682,66,-7.604136754311742,-0.6874783023692109,2.7163672922033495,8.103960356557485,0.060999992689611204,True,walking_dual_task,P08,12,0.097
2026-04-03T01:32:09.795391,1507.5932512726474,83658,65,-7.619492618097986,-0.6118873461632708,2.5515802835632218,8.058637342945334,0.045323013612151186,True,walking_dual_task,P08,12,0.097
2026-04-03T01:32:09.795865,1464.7444478110024,83658,66,-7.557159621165737,-0.5757170497076318,2.5995692541066844,8.012482260073885,0.04615508287144898,True,walking_dual_task,P08,12,0.097
2026-04-03T01:32:09.796534,1403.7285019777178,83619,65,-9.417384913302357,-2.278965868970106,5.039547191025354,10.921440377889587,2.9089581178157022,True,walking_dual_task,P08,12,0.097
2026-04-03T01:32:09.855325,1384.3363462193358,83619,66,-11.210477038775444,-3.2060530904966194,5.135108513953736,12.740600900509934,1.819160522620347,True,walking_dual_task,P08,12,0.097
2026-04-03T01:32:09.856196,1509.4752200611076,83590,65,-12.11733929414336,-2.522647836358786,4.6694444330930756,13.228657338876848,0.4880564383669146,True,walking_dual_task,P08,12,0.097
2026-04-03T01:32:09.856734,1411.661979433571,83590,67,-12.225608418250786,-2.434621557648355,4.696944813927741,13.321192660961454,0.09253532208460591,True,walking_dual_task,P08,12,0.097
2026-04-03T01:32:09.915451,1432.7827631866646,83495,67,-10.292297574284573,-0.27228342722724536,4.893607333039481,11.399689484908986,1.9215031760524681,True,walking_dual_task,P08,12,0.097
2026-04-03T01:32:09.916095,1388.7099570118673,83495,66,-10.151888708883938,-0.17342626180629653,4.9339071181367204,11.288682849484678,0.11100663542430844,True,walking_dual_task,P08,12,0.097
2026-04-03T01:32:09.916619,1450.6475358693906,83465,66,-10.267950675152393,-0.3146486292008094,4.993030500246352,11.421916144133208,0.13323329464853018,True,walking_dual_task,P08,12,0.097
2026-04-03T01:32:09.975493,1385.5803490209032,83465,64,-8.963322305048855,0.15496303560207852,6.119967138005563,10.854453374392344,0.5674627697408638,True,walking_dual_task,P08,12,0.097
2026-04-03T01:32:09.976077,1413.2538792945697,83499,64,-8.966599414472801,0.2998749751160685,6.139022039615515,10.87094391776583,0.016490543373485878,True,walking_dual_task,P08,12,0.097
2026-04-03T01:32:09.976692,1437.1904658158542,83499,66,-9.010189140362733,0.317006126352428,6.068545825775445,10.86789996589921,0.00304395186661921,True,walking_dual_task,P08,12,0.097
2026-04-03T01:32:10.035959,1427.031051179087,83546,67,-8.972861167728318,0.07728723397866243,6.629713120470505,11.156670960084895,0.2887709941856844,True,walking_dual_task,P08,12,0.097
2026-04-03T01:32:10.043961,1432.7610643925511,83546,64,-9.01133806553801,0.06770840142445567,6.583701579273236,11.160372961687377,0.003702001602482241,True,walking_dual_task,P08,12,0.097
2026-04-03T01:32:10.043987,1404.2505681878158,83546,66,-9.386571642836953,-0.485374522413422,6.8829558675945774,11.649823908899803,0.48945094721242555,True,walking_dual_task,P08,12,0.097
2026-04-03T01:32:10.095688,1412.9122396027672,83546,65,-9.382775474199763,-1.01864513575598,6.573200988525304,11.501351431349011,0.14847247755079174,True,walking_dual_task,P08,12,0.097
2026-04-03T01:32:10.096098,1464.591730710031,83506,67,-9.510870515219365,-0.984860586059914,6.677369009760224,11.662498241103815,0.1611468097548041,True,walking_dual_task,P08,12,0.097
2026-04-03T01:32:10.096839,1470.4297708656136,83506,68,-8.539879421794817,-0.6498790247556229,5.817083041840196,10.353276698769172,1.3092215423346438,True,walking_dual_task,P08,12,0.097
2026-04-03T01:32:10.215496,1516.2424419740928,83371,66,-8.688198112990701,-0.6679967804766945,5.92636851141923,10.538161598800988,0.18488490003181646,True,walking_dual_task,P08,12,0.097
2026-04-03T01:32:10.215734,1464.505220683346,83371,67,-8.098923922195349,0.33872456038917925,5.048332307462449,9.549500621073756,0.9886609777272319,True,walking_dual_task,P08,12,0.097
2026-04-03T01:32:10.216478,1390.3200713195756,83394,65,-8.098910510388134,0.3180568083181992,5.191996669745592,9.625504714415877,0.07600409334212088,True,walking_dual_task,P08,12,0.097
2026-04-03T01:32:10.217152,1480.9706240762298,83394,66,-7.5270346031915505,0.5144476292108809,4.542411124258072,8.806497890911412,0.8190068235044645,True,walking_dual_task,P08,12,0.097
2026-04-03T01:32:10.217903,1454.7335323582386,83552,65,-7.413920734474369,0.20634462122827613,4.355082852168321,8.600903755363698,0.20559413554771488,True,walking_dual_task,P08,12,0.097
2026-04-03T01:32:10.218606,1370.9101006550936,83552,66,-7.322306208120991,0.021846627266313964,4.474165594914616,8.581072383526886,0.01983137183681194,True,walking_dual_task,P08,12,0.097
2026-04-03T01:32:10.275659,1313.7517048127272,83683,67,-7.70313629912497,-0.40846026095146815,4.410922899601906,8.886022138949787,0.3049497554229017,True,walking_dual_task,P08,12,0.097
2026-04-03T01:32:10.275932,1436.1659710965323,83683,66,-7.660308228214382,-0.32919528841156787,4.471069581466677,8.875762214676437,0.010259924273350762,True,walking_dual_task,P08,12,0.097
2026-04-03T01:32:10.335780,1456.6545414022999,83713,67,-7.85735578022134,-0.5136564633396576,4.478928130596722,9.058845402056432,0.18308318737999585,True,walking_dual_task,P08,12,0.097
2026-04-03T01:32:10.335963,1505.9784161200498,83713,66,-8.365466365518278,-0.3758213488463822,4.94248938437696,9.723706624201764,0.6648612221453316,True,walking_dual_task,P08,12,0.097
2026-04-03T01:32:10.336422,1432.8540506694494,83710,66,-8.390313581921266,-0.2991081328045873,4.871324931766113,9.706525344783705,0.017181279418059248,True,walking_dual_task,P08,12,0.097
2026-04-03T01:32:10.395506,1402.5915356648811,83710,67,-9.240647810627337,-0.5401585322371818,5.321861661494963,10.677244716877587,0.9707193720938818,True,walking_dual_task,P08,12,0.097
2026-04-03T01:32:10.395861,1327.6482369866617,83664,67,-9.27614366662719,-0.65962184393815,5.25905425966737,10.683613340393483,0.006368623515896843,True,walking_dual_task,P08,12,0.097
2026-04-03T01:32:10.396672,1469.0414477715199,83664,66,-10.145603299266414,-1.154078722646256,5.351375181119,11.528329468454949,0.8447161280614655,True,walking_dual_task,P08,12,0.097
2026-04-03T01:32:10.397411,1431.528628522997,83511,66,-10.252296228675434,-1.1386773862555781,5.27157295671931,11.584284422807338,0.05595495435238895,True,walking_dual_task,P08,12,0.097
2026-04-03T01:32:10.455620,1608.6242527149348,83511,64,-10.715314492510462,-1.3502790446651014,5.261283619414754,12.01342263868996,0.429138215882622,True,walking_dual_task,P08,12,0.097
2026-04-03T01:32:10.515753,1345.8007826907372,83405,67,-10.922812625717809,-1.1643326510853944,5.635505935267999,12.345948052918608,0.33252541422864823,True,walking_dual_task,P08,12,0.097
2026-04-03T01:32:10.516177,1380.292934685229,83405,65,-11.05721240636671,-1.3102158314026848,5.558474862839744,12.444888690751295,0.09894063783268692,True,walking_dual_task,P08,12,0.097
2026-04-03T01:32:10.516783,1473.7494834132744,83370,67,-11.080604221985045,-1.075121770424865,5.610311972182253,12.466405944406183,0.021517253654888435,True,walking_dual_task,P08,12,0.097
2026-04-03T01:32:10.517448,1396.8488093827434,83370,67,-11.014166335876729,-1.2586389598866077,4.771399070671205,12.069062979258442,0.39734296514774137,True,walking_dual_task,P08,12,0.097
2026-04-03T01:32:10.517887,1499.1774765721266,83372,67,-10.908585400321114,-1.362315141892314,4.769879584482328,11.983525742968524,0.08553723628991783,True,walking_dual_task,P08,12,0.097
2026-04-03T01:32:10.575796,1452.2862696329873,83372,65,-10.401661711668035,-0.9621645404237702,4.153600232593124,11.24156225170805,0.7419634912604742,True,walking_dual_task,P08,12,0.097
2026-04-03T01:32:10.576080,1390.8129494046045,83410,65,-10.302977552248507,-0.7963041146473174,4.171511947090152,11.14392025320788,0.09764199850017086,True,walking_dual_task,P08,12,0.097
2026-04-03T01:32:10.576732,1353.0343020005034,83410,66,-10.352389476227184,-0.766753002061559,4.183804703308832,11.192144558979699,0.04822430577181969,True,walking_dual_task,P08,12,0.097
2026-04-03T01:32:10.635714,1400.5765445888014,83431,65,-10.297375373248416,-0.7491137073008601,4.090469139112904,11.105361259413584,0.08678329956611464,True,walking_dual_task,P08,12,0.097
2026-04-03T01:32:10.636086,1405.1660695573714,83431,66,-10.296667127878555,-0.8013491565739251,4.186729206379452,11.144156130485039,0.038794871071454295,True,walking_dual_task,P08,12,0.097
2026-04-03T01:32:10.636475,1389.5312247052507,83429,66,-10.401410113470831,-0.8381953473250371,4.0868935039803,11.206899763171213,0.06274363268617478,True,walking_dual_task,P08,12,0.097
2026-04-03T01:32:10.695494,1426.1903234853671,83429,66,-10.339744851184571,-0.7947763212584651,4.115254655694092,11.156940166086887,0.04995959708432629,True,walking_dual_task,P08,12,0.097
2026-04-03T01:32:10.755901,1382.3773616882593,83449,65,-10.382504210507852,-0.7337112325442596,4.12895565544465,11.197455097414021,0.04051493132713446,True,walking_dual_task,P08,12,0.097
2026-04-03T01:32:10.756703,1411.5935685221855,83449,67,-10.46690783996124,-0.7246139457726006,4.181058726860376,11.294355987753596,0.09690089033957427,True,walking_dual_task,P08,12,0.097
2026-04-03T01:32:10.757183,1446.2626925183192,83518,66,-10.420453522717063,-0.8121987307849908,4.0932539319784915,11.224983124666718,0.06937286308687796,True,walking_dual_task,P08,12,0.097
2026-04-03T01:32:10.757570,1378.222762773644,83518,65,-10.287443862487907,-0.787900564872318,4.179769995760474,11.132060264902707,0.09292285976401082,True,walking_dual_task,P08,12,0.097
2026-04-03T01:32:10.758155,1441.2408656874045,83502,67,-10.411565716906159,-0.8905836486871214,4.010074199773719,11.192610732106042,0.06055046720333479,True,walking_dual_task,P08,12,0.097
2026-04-03T01:32:10.815515,1428.1431446977072,83502,66,-10.47722885052833,-0.7899333825906243,4.188596173098059,11.311085581701075,0.1184748495950334,True,walking_dual_task,P08,12,0.097
2026-04-03T01:32:10.815940,1351.931064710873,83559,66,-6.2588887961738315,0.5476211249157318,2.3393380417995355,6.704183793209638,4.606901788491437,True,walking_dual_task,P08,12,0.097
2026-04-03T01:32:10.816649,1360.7460226675598,83559,67,-6.226534305072484,0.4859866448870771,2.160041768740554,6.60845616721159,0.09572762599804818,True,walking_dual_task,P08,12,0.097
2026-04-03T01:32:10.875200,1472.5483011849733,83719,67,-6.603788688003079,0.4120470839453148,2.3978294098992685,7.037712250025796,0.4292560828142058,True,walking_dual_task,P08,12,0.097
2026-04-03T01:32:10.875832,1439.0075199819223,83719,66,-6.56505437544455,0.4747974216423848,2.473241041590735,7.031521371221928,0.00619087880386715,True,walking_dual_task,P08,12,0.097
2026-04-03T01:32:10.876611,1350.6511940519006,83844,67,-6.682822356402842,0.49278001871384197,2.3778270290060797,7.110345151534707,0.0788237803127787,True,walking_dual_task,P08,12,0.097
2026-04-03T01:32:10.935482,1450.985323555509,83844,65,-7.218936879926854,0.24220527779938988,2.9091474133789554,7.786838366482986,0.6764932149482785,True,walking_dual_task,P08,12,0.097
2026-04-03T01:32:10.936009,1429.5932851131283,83825,68,-7.418234659562597,0.25044435868374737,2.8384394767161187,7.946676443904885,0.1598380774218997,True,walking_dual_task,P08,12,0.097
2026-04-03T01:32:10.936710,1449.046909338133,83825,67,-7.9659792009520425,-0.538195123234726,3.8869349418435557,8.880019249010587,0.9333428051057018,True,walking_dual_task,P08,12,0.097
2026-04-03T01:32:10.997141,1401.1743186142855,83705,66,-8.654812066281876,-1.852785557517192,4.98884823742013,10.160078393438338,1.2800591444277511,True,walking_dual_task,P08,12,0.097
2026-04-03T01:32:10.997444,1474.9711980039235,83705,66,-8.516066439441385,-1.8760641853997566,4.91625287081334,10.010621694904865,0.14945669853347354,True,walking_dual_task,P08,12,0.097
2026-04-03T01:32:10.997679,1399.7079062164098,83527,66,-9.399668897918557,-2.7099224254800167,5.231402493261214,11.093467762116434,1.0828460672115696,True,walking_dual_task,P08,12,0.097
2026-04-03T01:32:11.055814,1382.5236739251552,83527,66,-9.560854202530894,-2.712640348748032,5.167322065464644,11.201319925434962,0.10785216331852787,True,walking_dual_task,P08,12,0.097
2026-04-03T01:32:11.115812,1510.031447357252,83364,67,-10.388045588873394,-2.3890148812189373,5.067215515145056,11.802353847268106,0.6010339218331442,True,walking_dual_task,P08,12,0.097
2026-04-03T01:32:11.116092,1455.8424285440387,83364,66,-11.38824287532632,-0.9031509050776996,5.606928448763186,12.72577714618299,0.9234232989148836,True,walking_dual_task,P08,12,0.097
2026-04-03T01:32:11.116728,1410.7548264600537,83212,66,-11.363885121666618,-0.8871521521786733,5.587075261680069,12.694106269416078,0.031670876766911604,True,walking_dual_task,P08,12,0.097
2026-04-03T01:32:11.117310,1463.5202946292557,83212,66,-11.505528598679408,0.20470487651755187,6.79822716728161,13.365439949341942,0.6713336799258638,True,walking_dual_task,P08,12,0.097
2026-04-03T01:32:11.235471,1488.4148533752482,83112,66,-11.56068662117632,0.2910232279115131,6.875202152970752,13.453719720450655,0.08827977110871288,True,walking_dual_task,P08,12,0.097
2026-04-03T01:32:11.235812,1412.214677928824,83112,65,-10.03640273309789,-0.0159854230600636,6.90898728752797,12.184569778777924,1.2691499416727314,True,walking_dual_task,P08,12,0.097
2026-04-03T01:32:11.236533,1450.2224374896311,83152,67,-10.102181841264574,-0.012940744784308868,7.024779095037651,12.304542525056723,0.11997274627879939,True,walking_dual_task,P08,12,0.097
2026-04-03T01:32:11.237192,1458.291473239649,83152,66,-9.42444413033803,-0.6196542238207496,6.533433514536764,11.484331587508,0.8202109375487225,True,walking_dual_task,P08,12,0.097
2026-04-03T01:32:11.237880,1506.1986841332487,83177,67,-9.233931197148566,-1.456422507081602,6.535000077665627,11.405826488593327,0.07850509891467361,True,walking_dual_task,P08,12,0.097
2026-04-03T01:32:11.238694,1381.0181860971632,83177,67,-9.313052500254638,-1.4593684993505165,6.654057538401323,11.538595452382895,0.1327689637895677,True,walking_dual_task,P08,12,0.097
2026-04-03T01:32:11.295431,1453.1486196122946,83212,68,-8.92376732527459,-2.127825212399038,6.152736886382578,11.046150216397214,0.4924452359856808,True,walking_dual_task,P08,12,0.097
2026-04-03T01:32:11.295962,1446.8284211921846,83212,66,-8.958497784503576,-2.1164025133362423,6.257792195390396,11.130759422164347,0.08460920576713349,True,walking_dual_task,P08,12,0.097
2026-04-03T01:32:11.296460,1381.7777971891999,83241,66,-9.523322540354618,-1.3241738777698528,5.450768548988795,11.052510413514199,0.07824900865014861,True,walking_dual_task,P08,12,0.097
2026-04-03T01:32:11.297409,1517.5047076299927,83241,67,-9.589464976606708,-0.263359692566924,4.882062877149711,10.76390889972964,0.2886015137845579,True,walking_dual_task,P08,12,0.097
2026-04-03T01:32:11.355683,1368.4614133728724,83225,67,-9.491668092309242,-0.20312273649940155,4.877847419858134,10.673631878234373,0.09027702149526817,True,walking_dual_task,P08,12,0.097
2026-04-03T01:32:11.355891,1447.1163344724528,83225,66,-9.001325802441777,0.5216790246155818,4.664492347902156,10.15152717920145,0.5221046990329228,True,walking_dual_task,P08,12,0.097
2026-04-03T01:32:11.356490,1438.5496754164994,83205,66,-9.096808679052666,0.2537762702198001,4.6059076836162856,10.199544898112372,0.04801771891092166,True,walking_dual_task,P08,12,0.097
2026-04-03T01:32:11.415671,1385.445164307141,83205,66,-7.868843449944468,0.7807613282695379,4.3647283404404815,9.032117081686856,1.1674278164255156,True,walking_dual_task,P08,12,0.097
2026-04-03T01:32:11.415884,1417.633269727905,83196,67,-6.675364502212165,0.6500103380136592,4.432825077393063,8.039461601605154,0.9926554800817016,True,walking_dual_task,P08,12,0.097
2026-04-03T01:32:11.416696,1363.2798328094552,83196,66,-6.658811148999171,0.7786950402845794,4.433967442789442,8.037798154190998,0.0016634474141561384,True,walking_dual_task,P08,12,0.097
2026-04-03T01:32:11.475472,1452.377837686697,83273,67,-6.8428838989035725,0.17153632110299413,4.98012658333567,8.464995307109032,0.4271971529180334,True,walking_dual_task,P08,12,0.097
2026-04-03T01:32:11.476035,1428.4146318212736,83273,67,-6.918960530024516,0.11826220012475819,4.839080811846335,8.444092838641392,0.020902468467639324,True,walking_dual_task,P08,12,0.097
2026-04-03T01:32:11.476685,1458.3940774525288,83376,66,-7.366562418470118,0.06956230791720167,5.457505403708122,9.168175718833188,0.724082880191796,True,walking_dual_task,P08,12,0.097
2026-04-03T01:32:11.535792,1445.4687086498045,83376,65,-7.465598443129834,0.043568556532907164,5.416046010675146,9.223373174871064,0.055197456037875625,True,walking_dual_task,P08,12,0.097
2026-04-03T01:32:11.536094,1444.2096924474426,83403,67,-8.772193375984592,0.099718812428466,6.3840474274689,10.849764145979966,1.6263909711089024,True,walking_dual_task,P08,12,0.097
2026-04-03T01:32:11.536773,1385.1303975704386,83403,66,-10.900465535846637,0.1479242154795662,7.236272410080618,13.084558413053132,2.234794267073166,True,walking_dual_task,P08,12,0.097
2026-04-03T01:32:11.595700,1415.5296951249059,83281,66,-10.924053626744046,0.09005969879185652,7.207870529145729,13.088027198713096,0.003468785659963558,True,walking_dual_task,P08,12,0.097
2026-04-03T01:32:11.596024,1475.1340200330724,83281,66,-10.911866529048089,0.18509795697303055,7.120496750728149,13.03090811795424,0.057119080758855745,True,walking_dual_task,P08,12,0.097
2026-04-03T01:32:11.596656,1462.6430322144004,83070,66,-10.923744632627292,0.07558307150921906,7.152508124505577,13.057269319067851,0.026361201113610733,True,walking_dual_task,P08,12,0.097
2026-04-03T01:32:11.655593,1508.568499526132,83070,66,-10.879173220551573,0.13469830244838935,7.1388182700651,13.012965837520063,0.044303481547787626,True,walking_dual_task,P08,12,0.097
2026-04-03T01:32:11.656043,1432.7372048691773,82977,65,-10.970180269748425,0.13335158680495351,7.324664901483793,13.191412119841818,0.17844628232175452,True,walking_dual_task,P08,12,0.097
2026-04-03T01:32:11.656696,1424.876492647272,82977,67,-11.059151771363569,0.23827556651621984,7.110448697589201,13.149908510278713,0.041503609563104504,True,walking_dual_task,P08,12,0.097
2026-04-03T01:32:11.715743,1381.4929266729357,82966,66,-10.7795802859802,0.18805375293029147,7.209380649639779,12.96957534799365,0.1803331622850628,True,walking_dual_task,P08,12,0.097
2026-04-03T01:32:11.715967,1417.4729400334256,82966,67,-10.921607480911733,0.1013488800750606,7.240846082926542,13.10426013017264,0.13468478217899005,True,walking_dual_task,P08,12,0.097
2026-04-03T01:32:11.716700,1362.234939120993,82967,67,-10.807017116797605,0.1181219975922317,7.243158987544308,13.010339115023694,0.09392101514894691,True,walking_dual_task,P08,12,0.097
2026-04-03T01:32:11.775704,1311.4267309083796,82967,67,-10.867024077288772,0.11071677755097759,7.232521158625177,13.054264928028923,0.04392581300522913,True,walking_dual_task,P08,12,0.097
2026-04-03T01:32:11.775947,1450.4107892458337,83014,66,-10.912378758314512,0.10795061902158437,7.1452451312679015,13.044009793271721,0.010255134757201745,True,walking_dual_task,P08,12,0.097
2026-04-03T01:32:11.777196,1391.954261131999,83014,67,-10.8594670118632,0.076728573493404,7.099023655093483,12.97420702437387,0.06980276889785131,True,walking_dual_task,P08,12,0.097
2026-04-03T01:32:11.835393,1422.855485023708,83209,66,-8.752456364760665,-0.13848667501330297,2.2739349126296777,9.044083754757684,3.9301232696161854,True,walking_dual_task,P08,12,0.097
2026-04-03T01:32:11.835797,1496.0328244611635,83209,66,-7.790822446859795,-0.24759796283274477,1.7215160196820474,7.982595853211866,1.061487901545818,True,walking_dual_task,P08,12,0.097
2026-04-03T01:32:11.836789,1478.0429507575955,83332,64,-6.860276601724037,0.09497775449361762,1.330947636349539,6.988836629705646,0.9937592235062205,True,walking_dual_task,P08,12,0.097
2026-04-03T01:32:11.955986,1380.1176779882758,83332,68,-6.9502513350361825,-0.08029267764423384,1.3159080189694452,7.074182245930876,0.08534561622523018,True,walking_dual_task,P08,12,0.097
2026-04-03T01:32:11.956308,1420.0710725113195,83407,66,-7.012994709413711,-0.19688296335911412,1.1754835963569268,7.113551811917165,0.03936956598628871,True,walking_dual_task,P08,12,0.097
2026-04-03T01:32:11.956643,1349.649929091421,83407,66,-6.654669938591419,0.19364177316279793,1.1106144257783932,6.74948839028952,0.3640634216276446,True,walking_dual_task,P08,12,0.097
2026-04-03T01:32:11.957431,1438.438482329234,83494,67,-6.710487213898771,0.30946894788611334,1.2350170685056654,6.830203279339859,0.08071488905033863,True,walking_dual_task,P08,12,0.097
2026-04-03T01:32:11.958568,1439.989350475907,83494,68,-6.665167115297671,-0.028160226794818034,1.4200889548901137,6.814829294488566,0.015373984851293265,True,walking_dual_task,P08,12,0.097
2026-04-03T01:32:11.958966,1524.0780226156528,83587,66,-6.199351500215122,-0.2740620011968382,1.5675962659921274,6.4003458544731755,0.41448344001539006,True,walking_dual_task,P08,12,0.097
2026-04-03T01:32:12.015706,1425.8452866462842,83587,66,-6.322004938757478,-0.286931570537967,1.7027337577436308,6.553577528465278,0.1532316739921029,True,walking_dual_task,P08,12,0.097
2026-04-03T01:32:12.016253,1412.2270708418614,83768,65,-6.46709181343398,-0.4507594998518862,1.8447107711267041,6.740134900667968,0.18655737220268964,True,walking_dual_task,P08,12,0.097
2026-04-03T01:32:12.016968,1395.3670782100426,83768,68,-6.392042364384797,-0.3480776857580816,1.8466673466357113,6.662547857429864,0.07758704323810406,True,walking_dual_task,P08,12,0.097
2026-04-03T01:32:12.075486,1307.499828119408,83854,67,-7.308075195055705,-0.8831642773134968,2.6258022712893134,7.815547310663487,1.1529994532336234,True,walking_dual_task,P08,12,0.097
2026-04-03T01:32:12.075750,1528.3594972544797,83854,65,-8.907103190624586,-1.791615694867073,3.7185220538865336,9.817014837096316,2.0014675264328288,True,walking_dual_task,P08,12,0.097
2026-04-03T01:32:12.076724,1447.990128520772,83628,66,-8.902217606938946,-1.9119245051220082,3.754586618459811,9.84895193967852,0.03193710258220328,True,walking_dual_task,P08,12,0.097
2026-04-03T01:32:12.135811,1387.2358835223588,83628,66,-10.638689851415936,-2.814653568619339,4.819509646797516,12.013811622525814,2.164859682847295,True,walking_dual_task,P08,12,0.097
2026-04-03T01:32:12.136093,1451.9782223079283,83387,67,-10.587927802998895,-2.915838045558713,4.893680915385585,12.02307945457626,0.00926783205044579,True,walking_dual_task,P08,12,0.097
2026-04-03T01:32:12.195409,1388.6565683444198,83387,67,-12.098976977682392,-3.083925033576239,5.537625837423019,13.658738500846326,1.6356590462700655,True,walking_dual_task,P08,12,0.097
2026-04-03T01:32:12.196060,1467.4982339536166,83227,67,-12.092101512435235,-3.0120390015282386,5.5648592963900905,13.647672216256696,0.01106628458962966,True,walking_dual_task,P08,12,0.097
2026-04-03T01:32:12.255610,1407.366373733264,83227,68,-12.907431909790049,-3.074127357500692,5.953836303241762,14.54304728183884,0.8953750655821437,True,walking_dual_task,P08,12,0.097
2026-04-03T01:32:12.255924,1464.7880556939062,83178,67,-11.511273982561134,-1.0606233897057824,5.639428508065659,12.862251147212277,1.6807961346265632,True,walking_dual_task,P08,12,0.097
2026-04-03T01:32:12.256559,1357.3174756576425,83178,66,-11.316982609242308,-0.9956728269544737,5.5273961878580335,12.63398465939293,0.22826648781934722,True,walking_dual_task,P08,12,0.097
2026-04-03T01:32:12.257289,1352.8502841676654,83346,65,-10.10947921214807,0.28444256450758,4.9255656050197585,11.249163259670084,1.3848213997228456,True,walking_dual_task,P08,12,0.097
2026-04-03T01:32:12.257926,1347.2759924161967,83346,67,-10.064042443759025,0.48805516323697273,4.972090400487139,11.235872511859581,0.013290747810502879,True,walking_dual_task,P08,12,0.097
2026-04-03T01:32:12.315523,1437.4190081114698,83510,64,-9.890393750668629,0.786327654769967,4.8595313752850915,11.04777103814617,0.18810147371341124,True,walking_dual_task,P08,12,0.097
2026-04-03T01:32:12.375614,1393.9537324484186,83510,65,-9.943848629478577,0.7221361224955709,4.799756906813836,11.065228082145573,0.01745704399940351,True,walking_dual_task,P08,12,0.097
2026-04-03T01:32:12.375933,1469.842016782891,83531,68,-10.098583161589973,0.249098443377402,5.039604694932117,11.28897902324313,0.22375094109755622,True,walking_dual_task,P08,12,0.097
2026-04-03T01:32:12.376554,1468.9997320399943,83531,66,-10.17025296430981,-0.15433315402325798,4.76178450022093,11.23087065667785,0.05810836656528018,True,walking_dual_task,P08,12,0.097
2026-04-03T01:32:12.377186,1459.506284072014,83498,66,-10.247063636386683,-0.13759035086660942,4.818037978212475,11.32407763273935,0.09320697606150041,True,walking_dual_task,P08,12,0.097
2026-04-03T01:32:12.435757,1444.66318574041,83498,67,-10.294811574843568,-0.14900287646417507,4.333998869905334,11.170894924896054,0.15318270784329613,True,walking_dual_task,P08,12,0.097
2026-04-03T01:32:12.435949,1450.0604617174536,83423,66,-10.187328609418977,-0.12555571515677516,4.321173867340206,11.066615201843733,0.10427972305232025,True,walking_dual_task,P08,12,0.097
2026-04-03T01:32:12.436604,1400.2497051232453,83423,67,-9.923825895605749,0.015003784551301438,3.7415368978127113,10.60573636658672,0.460878835257013,True,walking_dual_task,P08,12,0.097
2026-04-03T01:32:12.495374,1411.2642694514798,83433,67,-8.985557788756772,0.10030592803079814,3.305001595691613,9.574619867222392,1.0311164993643285,True,walking_dual_task,P08,12,0.097
2026-04-03T01:32:12.495970,1469.4648215358345,83433,67,-8.864011970126025,0.15185798306287757,3.3847243799291458,9.489474599873489,0.08514526734890282,True,walking_dual_task,P08,12,0.097
2026-04-03T01:32:12.496626,1485.2784512858018,83493,68,-8.164936910411253,0.4446700246959342,3.111726162645354,8.749100861982946,0.7403737378905433,True,walking_dual_task,P08,12,0.097
2026-04-03T01:32:12.555724,1370.889150864152,83493,67,-8.273436802243449,0.5919382865265453,3.0927792899795485,8.852425158808105,0.10332429682515887,True,walking_dual_task,P08,12,0.097
2026-04-03T01:32:12.556227,1533.186430859991,83531,66,-8.081464494536347,0.7710344532979235,3.378488895736498,8.79310808094833,0.059317077859773804,True,walking_dual_task,P08,12,0.097
2026-04-03T01:32:12.556697,1341.6924762000965,83531,66,-8.060595641586506,0.8901210928903293,3.255844038033008,8.738766392184125,0.05434168876420564,True,walking_dual_task,P08,12,0.097
2026-04-03T01:32:12.557373,1403.7528048193788,83506,67,-8.305094846928645,0.7308645802720282,3.7343078057799213,9.135306138246587,0.39653974606246223,True,walking_dual_task,P08,12,0.097
2026-04-03T01:32:12.615705,1393.1463671890995,83506,67,-8.348669104288568,0.808508923074736,3.73101114733771,9.180109295272699,0.04480315702611115,True,walking_dual_task,P08,12,0.097
2026-04-03T01:32:12.615984,1356.4214125451729,83474,67,-8.248170840168973,0.6957394953610135,3.7557149850744223,9.08965184719038,0.09045744808231859,True,walking_dual_task,P08,12,0.097
2026-04-03T01:32:12.616698,1451.638481960142,83474,67,-8.370925664608288,0.7980058747706714,3.749107928662366,9.206792064520911,0.11714021733053137,True,walking_dual_task,P08,12,0.097
2026-04-03T01:32:12.675596,1453.5471858302774,83490,65,-28.563164511502492,46.69377803901892,-30.76304685214013,72.70221484907782,0.11090611161373687,True,walking_dual_task,P08,12,0.097
2026-04-03T01:32:12.735610,1477.6614786517155,83490,66,-8.31363379034817,0.7768269228657554,3.839192057294813,9.190177502143445,0.09429154923627081,True,walking_dual_task,P08,12,0.097
2026-04-03T01:32:12.795641,1442.6412583260824,83525,67,-8.39232761462226,0.7008060155323593,3.711803943851846,9.20324836023411,0.013070858090664217,True,walking_dual_task,P08,12,0.097
2026-04-03T01:32:12.855936,1476.5633588742867,83525,66,-8.299290206734852,0.7467029999112489,3.7549831967138556,9.139785671080306,0.06346268915380371,True,walking_dual_task,P08,12,0.097
2026-04-03T01:32:12.975878,1442.045151180686,83315,66,-8.356722339368694,0.7661255980056276,3.7191536352913777,9.178990165161109,0.03920449408080273,True,walking_dual_task,P08,12,0.097
2026-04-03T01:32:13.035854,1399.8502327770204,83315,68,-8.30656168793592,0.7063650942464412,3.755571284369567,9.14342574716041,0.035564418000697984,True,walking_dual_task,P08,12,0.097
2026-04-03T01:32:13.095715,1426.2838279530476,83029,67,-8.277589462690122,0.7046608219722635,3.8594813407446433,9.160274581387679,0.016848834227268128,True,walking_dual_task,P08,12,0.097
2026-04-03T01:32:13.155635,1567.3166938451193,83029,67,-8.329179897617864,0.7472154847482303,3.6772030295093305,9.135392212037843,0.024882369349835898,True,walking_dual_task,P08,12,0.097
2026-04-03T01:32:13.215640,1342.7338377354579,82997,66,-8.440126579692201,0.8520422003920973,3.7090996959989484,9.258462785329716,0.12307057329187288,True,walking_dual_task,P08,12,0.097
2026-04-03T01:32:13.275821,1406.991305439012,82997,65,-12.02447012284791,1.108580553790594,4.324508039001847,12.826464920581053,3.568002135251337,True,walking_dual_task,P08,12,0.097
2026-04-03T01:32:13.335655,1450.4340448052112,83033,67,-11.854750979574076,1.1397073143241558,4.268732122100089,12.651329079598144,0.17513584098290913,True,walking_dual_task,P08,12,0.097
2026-04-03T01:32:13.395597,1428.8577948152817,83033,66,-11.71029576097667,1.7395526868853988,3.541240378038416,12.357081118737064,0.29424796086107996,True,walking_dual_task,P08,12,0.097
2026-04-03T01:32:13.455798,1284.8417062975636,83024,65,-11.778521978901166,1.7243626293498506,3.3790145821318944,12.374358408871798,0.017277290134734002,True,walking_dual_task,P08,12,0.097
2026-04-03T01:32:13.515648,1454.248634758828,83024,65,-10.16828839807528,0.8744695670516565,2.6338595504372075,10.540208826278594,1.834149582593204,True,walking_dual_task,P08,12,0.097
2026-04-03T01:32:13.575727,1439.217943566514,83146,67,-10.127659313660216,1.0578604424048632,2.758747267367157,10.549845419454225,0.009636593175631702,True,walking_dual_task,P08,12,0.097
2026-04-03T01:32:13.696038,1364.3722597814133,83146,65,-8.258499042849111,0.6502073284799983,2.2491635815134434,8.583956711631016,1.9658887078232095,True,walking_dual_task,P08,12,0.097
2026-04-03T01:32:13.755601,1420.6504659682369,83426,66,-6.844216831145842,0.7515183614534244,2.067837563563945,7.1891610128461965,1.3947956987848196,True,walking_dual_task,P08,12,0.097
2026-04-03T01:32:13.815635,1434.5237359839846,83426,66,-6.808808003506002,0.6186501852459877,2.043552114504761,7.135734000438158,0.053427012408038266,True,walking_dual_task,P08,12,0.097
2026-04-03T01:32:13.875675,1417.4541394586731,83552,67,-6.182816927239356,0.659262333045167,1.8431715501186734,6.485301330138527,0.6504326702996313,True,walking_dual_task,P08,12,0.097
2026-04-03T01:32:13.935482,1365.9757836471274,83552,67,-6.474286474048876,0.7660717367768592,1.8223613154581737,6.769361271052018,0.2840599409134912,True,walking_dual_task,P08,12,0.097
2026-04-03T01:32:13.936119,1353.6272713746584,83617,65,-6.484551752240878,0.7734895520984028,1.8625534477567736,6.790935345035047,0.021574073983028796,True,walking_dual_task,P08,12,0.097
2026-04-03T01:32:13.936759,1431.381861830603,83617,66,-6.4714473435115085,0.6376710904763454,1.7953715889409474,6.7460814019583095,0.0448539430767374,True,walking_dual_task,P08,12,0.097
2026-04-03T01:32:13.995453,1411.1931431985975,83655,66,-6.46290128261035,0.7012852564195315,1.9557021347539667,6.788642341405175,0.04256093944686512,True,walking_dual_task,P08,12,0.097
2026-04-03T01:32:13.996012,1397.4879058269491,83687,66,-6.683090533550427,0.48697023845014425,1.8820468983621266,6.960096236432513,0.1714538950273381,True,walking_dual_task,P08,12,0.097
2026-04-03T01:32:13.996706,1445.0538034263423,83767,66,-8.180986154268679,-0.3033811283391412,2.6309087924134835,8.598968289240677,1.6388720528081642,True,walking_dual_task,P08,12,0.097
2026-04-03T01:32:13.997356,1430.7836972828845,83650,66,-8.984160427176858,-0.809260818130283,4.0762140195174155,9.89876570012251,1.2997974108818333,True,walking_dual_task,P08,12,0.097
2026-04-03T01:32:13.998037,1474.7733030914176,83520,67,-13.033804606785125,-0.9757652844439102,5.76835913492265,14.286572280558573,4.387806580436063,True,walking_dual_task,P08,12,0.097
2026-04-03T01:32:13.998758,1356.574698984842,83155,67,-9.92429316719764,-0.590038879512174,5.210964068354938,11.224699874362253,3.0618724061963203,True,walking_dual_task,P08,12,0.097
2026-04-03T01:32:14.055521,1509.6712921104586,83269,66,-9.104175957777198,-0.07391247396354406,5.301029286366325,10.535292801763472,0.6894070725987813,True,walking_dual_task,P08,12,0.097
2026-04-03T01:32:14.056133,1384.2440528623156,83537,65,-9.510124202918965,-0.2610372035764012,4.43194525921736,10.495367623732639,0.03992517803083295,True,walking_dual_task,P08,12,0.097
2026-04-03T01:32:14.056447,1350.186520719035,83480,65,-10.10358107179645,-0.5445709910071908,4.122210084235028,10.925727619576602,0.430359995843963,True,walking_dual_task,P08,12,0.097
2026-04-03T01:32:14.057202,1348.1572501163698,83371,66,-9.695116401988049,-0.8161398101397354,4.1115709796920825,10.562498859589939,0.36322875998666326,True,walking_dual_task,P08,12,0.097
2026-04-03T01:32:14.058006,1311.1965159114081,83304,65,-9.674191395590517,-0.8101091479698685,4.040903167547074,10.51547214344815,0.04702671614178833,True,walking_dual_task,P08,12,0.097
2026-04-03T01:32:14.058728,1387.181483252143,83257,65,-9.663930362200121,-0.8345601580438389,4.137638557703922,10.545524810887589,0.030052667439438352,True,walking_dual_task,P08,12,0.097
2026-04-03T01:32:14.115782,1318.268641873092,83242,65,-10.468258367168405,0.9125103687939097,5.7502957821166705,11.978439380686305,1.432914569798717,True,walking_dual_task,P08,12,0.097
2026-04-03T01:32:14.116105,1426.1335291566131,83114,66,-11.339749073728132,0.8293820474682683,5.558396207380335,12.655969027854042,0.6775296471677361,True,walking_dual_task,P08,12,0.097
2026-04-03T01:32:14.116864,1373.0361123592706,83007,63,-11.179372507029935,0.5014733659435241,5.1743803532294415,12.328992547145706,0.3269764807083355,True,walking_dual_task,P08,12,0.097
2026-04-03T01:32:14.117562,1344.4436897336552,83029,67,-10.323766819068762,0.6634607926860382,4.161355138655002,11.15065998710153,1.1783325600441756,True,walking_dual_task,P08,12,0.097
2026-04-03T01:32:14.118438,1358.1656623819065,83029,65,-10.269831620428423,0.5048945057101899,4.0993504686806945,11.069283366095588,0.08137662100594234,True,walking_dual_task,P08,12,0.097
2026-04-03T01:32:14.175808,1396.5748071777077,83056,65,-10.033181301325472,1.1426027553455342,3.413637069716722,10.659417719816336,0.40986564627925226,True,walking_dual_task,P08,12,0.097
2026-04-03T01:32:14.176221,1314.2705532967905,83056,66,-10.141071483899232,1.2537451648893594,3.329143259422238,10.746925263618154,0.08750754380181824,True,walking_dual_task,P08,12,0.097
2026-04-03T01:32:14.176807,1335.1299736349551,82995,65,-9.928404888320784,1.250783485395239,2.6700368780609605,10.356967697351143,0.38995756626701095,True,walking_dual_task,P08,12,0.097
2026-04-03T01:32:14.177208,1437.8243357058345,82995,65,-9.768645982919995,0.6203891543036909,2.0548368413629907,10.001683932569518,0.3552837647816247,True,walking_dual_task,P08,12,0.097
2026-04-03T01:32:14.177953,1274.3631379804833,83073,66,-9.89020774261982,0.6197255318971856,2.127191880579043,10.135344800442839,0.13366086787332065,True,walking_dual_task,P08,12,0.097
2026-04-03T01:32:14.178802,1305.9984555665571,83073,65,-9.096877730951144,0.23629746658150613,1.617811489289586,9.242636796902985,0.8927080035398536,True,walking_dual_task,P08,12,0.097
2026-04-03T01:32:14.235717,1344.8508127544635,83235,63,-9.135422723245762,0.35743902126166927,1.6209550224898999,9.28499898606622,0.04236218916323509,True,walking_dual_task,P08,12,0.097
2026-04-03T01:32:14.236088,1373.861088217392,83235,64,-7.949873471396277,0.08307823106917142,1.392299381731721,8.071300252874899,1.2136987331913218,True,walking_dual_task,P08,12,0.097
2026-04-03T01:32:14.236575,1332.554352019372,83313,66,-6.881880639968673,0.15544874448065304,1.3319136935924352,7.011307976555822,1.0599922763190763,True,walking_dual_task,P08,12,0.097
2026-04-03T01:32:14.237691,1329.8719539701576,83313,66,-7.000394104333489,0.16377534605503408,1.3558024124440557,7.132358667478217,0.12105069092239429,True,walking_dual_task,P08,12,0.097
2026-04-03T01:32:14.238164,1294.3423225161796,83387,66,-6.525093412539932,0.32598221723726184,1.3715779658543819,6.675652369974352,0.4567062975038647,True,walking_dual_task,P08,12,0.097
2026-04-03T01:32:14.238997,1389.4547937324246,83387,66,-6.53538034326658,0.3068191655694718,1.4181319444092257,6.69450763262466,0.018855262650308013,True,walking_dual_task,P08,12,0.097
2026-04-03T01:32:14.239328,1361.1443152994636,83528,66,-6.703549400708677,0.5824518221260044,1.3043217001495149,6.85405571835541,0.15954808573074963,True,walking_dual_task,P08,12,0.097
2026-04-03T01:32:14.295343,1322.0923914142695,83528,65,-7.445683640080703,0.5667281028742539,1.458759419447379,7.608374639473226,0.7543189211178163,True,walking_dual_task,P08,12,0.097
2026-04-03T01:32:14.295767,1337.3863137790097,83670,67,-7.226385981866817,0.5894705326465274,1.5503309161270502,7.414287276419707,0.19408736305351848,True,walking_dual_task,P08,12,0.097
2026-04-03T01:32:14.296482,1397.6637380650498,83670,65,-8.441146394110648,0.06253817655754156,2.180201814627064,8.718379632869715,1.304092356450007,True,walking_dual_task,P08,12,0.097
2026-04-03T01:32:14.355663,1342.3640384246119,83689,66,-8.422232547942945,0.10250267096868629,2.113206154544898,8.683901665771652,0.034477967098062834,True,walking_dual_task,P08,12,0.097
2026-04-03T01:32:14.356148,1288.6901763822693,83689,66,-9.041006073249292,-0.7027254921122933,2.7062281636388197,9.46347107606226,0.779569410290609,True,walking_dual_task,P08,12,0.097
2026-04-03T01:32:14.356977,1295.4585177181002,83568,64,-9.171666853114507,-0.8769335560633315,2.5534021394058724,9.56077129795456,0.09730022189229892,True,walking_dual_task,P08,12,0.097
2026-04-03T01:32:14.415638,1417.1635701841674,83568,66,-9.727030261453683,-1.6553804066762434,2.9484541981207566,10.297999036534195,0.7372277385796355,True,walking_dual_task,P08,12,0.097
2026-04-03T01:32:14.416292,1468.0084359326572,83411,64,-11.432059671527364,-0.8517391672098263,4.013591327940257,12.146043112472427,1.8480440759382315,True,walking_dual_task,P08,12,0.097
2026-04-03T01:32:14.416499,1318.4223712213188,83411,63,-11.258596226408613,-0.8769976121072348,4.03490405803185,11.991895786674679,0.15414732579774792,True,walking_dual_task,P08,12,0.097
2026-04-03T01:32:14.475352,1341.4489450925048,83276,64,-12.572632567607446,-0.11139870708249618,5.5146294471441575,13.729334918025437,1.737439131350758,True,walking_dual_task,P08,12,0.097
2026-04-03T01:32:14.475792,1381.2126824796244,83276,66,-12.541890772215057,-0.1785759303072178,5.466070045047717,13.682427973222671,0.04690694480276569,True,walking_dual_task,P08,12,0.097
2026-04-03T01:32:14.476684,1446.9944637009326,83183,64,-11.249038241273357,-0.27156977430999074,5.83612592639596,12.675763382325352,1.0066645908973193,True,walking_dual_task,P08,12,0.097
2026-04-03T01:32:14.535348,1371.434328798869,83183,64,-9.667251704484233,-0.5030016441512152,5.918222931431864,11.34610632939768,1.3296570529276721,True,walking_dual_task,P08,12,0.097
2026-04-03T01:32:14.535765,1335.4064872285712,83215,67,-9.865315007958515,-0.6463195806375626,6.003801350646792,11.566667621428191,0.22056129203051178,True,walking_dual_task,P08,12,0.097
2026-04-03T01:32:14.536779,1317.7663959017473,83215,66,-9.790051277941846,-0.5553281359739916,5.911260316374824,11.449737634167994,0.11692998726019788,True,walking_dual_task,P08,12,0.097
2026-04-03T01:32:14.595616,1497.485540358823,83314,65,-9.286653224433113,-0.21462322789584531,5.6749229534521515,10.885437141816789,0.5643004923512045,True,walking_dual_task,P08,12,0.097
2026-04-03T01:32:14.595906,1413.8546929133001,83314,65,-9.218679091275737,-0.2612150883040012,5.747957872909092,10.866981973805778,0.01845516801101077,True,walking_dual_task,P08,12,0.097
2026-04-03T01:32:14.596423,1386.129223803785,83292,65,-9.267510040191898,-0.21386605433115313,5.664382043330946,10.863595397798228,0.0033865760075499907,True,walking_dual_task,P08,12,0.097
2026-04-03T01:32:14.715738,1354.5017443561667,83292,63,-9.273001990599255,-0.22290593427607924,5.699790473050418,10.886958455412124,0.023363057613895677,True,walking_dual_task,P08,12,0.097
2026-04-03T01:32:14.716013,1381.2138615645467,83280,63,-9.256173851606725,-0.25567665025101,5.737633939968898,10.893234971748965,0.006276516336841453,True,walking_dual_task,P08,12,0.097
2026-04-03T01:32:14.716726,1321.002289624577,83280,61,-9.309366922432897,-0.2955012070399013,5.7148991034285626,10.927566299145404,0.03433132739643874,True,walking_dual_task,P08,12,0.097
2026-04-03T01:32:14.717225,1336.4144484540598,83144,62,-9.22910712047478,-0.17667917792352397,5.796106136716883,10.899655045972652,0.02791125317275167,True,walking_dual_task,P08,12,0.097
2026-04-03T01:32:14.718006,1378.8768060731136,83144,64,-9.27416619695318,-0.03804756705137932,5.735185273800715,10.904309074438789,0.004654028466136495,True,walking_dual_task,P08,12,0.097
2026-04-03T01:32:14.718811,1334.8261790069241,83004,63,-9.333776475399885,-0.1867201264174448,5.667310800154255,10.921202287471957,0.016893213033167598,True,walking_dual_task,P08,12,0.097
2026-04-03T01:32:14.775692,1418.1201802233911,83004,62,-9.163193915082008,-0.17010733107493972,5.722317347044128,10.804534929822918,0.1166673576490389,True,walking_dual_task,P08,12,0.097
2026-04-03T01:32:14.776107,1339.7159794617664,82986,63,-9.272925889428738,-0.1948487947927441,5.747345493510782,10.911329012794392,0.10679408297147397,True,walking_dual_task,P08,12,0.097
2026-04-03T01:32:14.776860,1420.2642380621055,82986,62,-9.370776883919433,-0.18035339153026952,5.720566143467061,10.98038541016739,0.06905639737299829,True,walking_dual_task,P08,12,0.097
2026-04-03T01:32:14.835350,1317.552394116614,83047,64,-9.25998403907809,-0.2543180727420829,5.75384235820833,10.904984363547552,0.07540104661983804,True,walking_dual_task,P08,12,0.097
2026-04-03T01:32:14.835783,1278.9264898274766,83047,63,-8.110628676584529,0.6859083121694983,4.24868584843457,9.181726372574316,1.7232579909732362,True,walking_dual_task,P08,12,0.097
2026-04-03T01:32:14.895557,1424.7444676851699,83099,63,-7.977612981631015,0.7899571884760619,4.084768230255628,8.997314751592189,0.18441162098212693,True,walking_dual_task,P08,12,0.097
2026-04-03T01:32:14.895936,1365.464598852864,83099,62,-8.550519298089428,0.7101331634954879,4.748094801496668,9.806124291528,0.8088095399358117,True,walking_dual_task,P08,12,0.097
2026-04-03T01:32:14.896655,1373.6755137610517,83112,62,-8.507729046523703,0.6784438460917191,4.674633089697149,9.731080829211848,0.07504346231615244,True,walking_dual_task,P08,12,0.097
2026-04-03T01:32:14.955815,1391.8696778236515,83112,62,-8.678803326017944,0.35109054535805484,4.964091087333699,10.00435365558844,0.27327282637659245,True,walking_dual_task,P08,12,0.097
2026-04-03T01:32:14.956217,1396.9404306343374,83091,62,-8.463377628740348,0.36245837336018893,4.818840827365103,9.745838285061081,0.25851537052735907,True,walking_dual_task,P08,12,0.097
2026-04-03T01:32:14.957207,1363.7323491163395,83091,61,-8.859551780825837,0.2808921721941311,4.9303092932305095,10.142904312693151,0.39706602763206966,True,walking_dual_task,P08,12,0.097
2026-04-03T01:32:15.015420,1348.9418506007103,83080,63,-9.31292966535437,0.38230450039296726,4.83316187888852,10.499346142993828,0.35644183030067644,True,walking_dual_task,P08,12,0.097
2026-04-03T01:32:15.016122,1418.8433347720925,83080,60,-9.394400661167095,0.24539148940607858,4.827128873128364,10.564854656993592,0.06550851399976487,True,walking_dual_task,P08,12,0.097
2026-04-03T01:32:15.016791,1385.3446493232311,83007,63,-10.97413123566353,0.20485746085292736,4.8727845926928595,12.009061272373373,1.4442066153797803,True,walking_dual_task,P08,12,0.097
2026-04-03T01:32:15.017424,1259.2531812734765,83007,62,-10.898394946994138,0.2714209145898347,4.971811144563063,11.981969278492814,0.027091993880558718,True,walking_dual_task,P08,12,0.097
2026-04-03T01:32:15.075419,1387.6042225693034,82838,63,-11.821209856860573,0.36454497832610444,5.119349807548847,12.887266505089851,0.9052972265970372,True,walking_dual_task,P08,12,0.097
2026-04-03T01:32:15.076019,1339.2691874923426,82838,63,-11.126062671633912,0.5003901868022294,4.627812504601849,12.060526915932105,0.8267395891577465,True,walking_dual_task,P08,12,0.097
2026-04-03T01:32:15.077245,1326.0954289544127,82739,60,-11.000576304910602,0.48059153057988924,4.673312985046573,11.961751607337057,0.09877530859504802,True,walking_dual_task,P08,12,0.097
2026-04-03T01:32:15.135610,1383.2775273468642,82739,64,-10.20024720104903,0.32373178940938374,3.946367190622776,10.941830707756663,1.0199208995803932,True,walking_dual_task,P08,12,0.097
2026-04-03T01:32:15.136023,1336.6228204029212,82789,62,-10.40858470482781,0.3100192289894857,4.116028490457523,11.197162051795834,0.25533134403917046,True,walking_dual_task,P08,12,0.097
2026-04-03T01:32:15.136521,1396.106736815075,82789,62,-10.097618404205518,0.5324489860149889,3.6202625292300388,10.740190880063793,0.45697117173204127,True,walking_dual_task,P08,12,0.097
2026-04-03T01:32:15.195472,1362.986707981777,82860,62,-10.049263583070644,0.5256057186069023,3.716451318915815,10.727346845298385,0.012844034765407741,True,walking_dual_task,P08,12,0.097
2026-04-03T01:32:15.195995,1446.1069903889452,82860,61,-9.342991651787505,0.789005267285691,3.160686003066455,9.894642910542846,0.8327039347555392,True,walking_dual_task,P08,12,0.097
2026-04-03T01:32:15.196632,1479.0918853741766,82939,62,-8.415147786646678,0.6330972836384394,2.5946442477197578,8.828799647397153,1.0658432631456929,True,walking_dual_task,P08,12,0.097
2026-04-03T01:32:15.255741,1382.0288649842487,82939,62,-8.466102446100672,0.5389765178658518,2.4599515612636544,8.832708984136525,0.003909336739372549,True,walking_dual_task,P08,12,0.097
2026-04-03T01:32:15.256416,1415.3457863327108,83070,63,-7.906077569929878,0.6388963599254396,2.1038621167790765,8.206124962909865,0.6265840212266607,True,walking_dual_task,P08,12,0.097
2026-04-03T01:32:15.256808,1337.4854096604722,83070,62,-7.8993165043600975,0.5879333106012162,1.9787844831183663,8.16458540554267,0.04153955736719439,True,walking_dual_task,P08,12,0.097
2026-04-03T01:32:15.315873,1338.5195355125045,83182,63,-7.242243324166345,0.6102167404525083,2.0694897178763956,7.556800945450171,0.6077844600924998,True,walking_dual_task,P08,12,0.097
2026-04-03T01:32:15.316132,1286.621718847216,83182,64,-7.083501513683267,0.3621832464176879,2.4232004104676914,7.4952698835752125,0.06153106187495805,True,walking_dual_task,P08,12,0.097
2026-04-03T01:32:15.316785,1343.3841935249004,83132,62,-7.121028733452888,0.4499610391194733,2.4004123812095624,7.528180042961996,0.0329101593867831,True,walking_dual_task,P08,12,0.097
2026-04-03T01:32:15.435774,1377.5009300063505,83132,63,-7.217052751582872,0.24306120802678818,2.6460373348127306,7.690672450910922,0.1624924079489265,True,walking_dual_task,P08,12,0.097
2026-04-03T01:32:15.436106,1312.1474431449026,83035,61,-7.188768123108436,0.28519102839198246,2.6516654413375518,7.6675322407720685,0.02314021013885359,True,walking_dual_task,P08,12,0.097
2026-04-03T01:32:15.436904,1315.6310655198274,83035,62,-7.141367793467665,0.4456948669556858,2.6269121578682832,7.62223362021685,0.045298620555218605,True,walking_dual_task,P08,12,0.097
2026-04-03T01:32:15.437395,1404.7063369234531,83142,61,-7.604511947202001,0.5204508328053989,2.8641577915606296,8.142657482632023,0.5204238624151731,True,walking_dual_task,P08,12,0.097
2026-04-03T01:32:15.438077,1328.3609639404217,83142,62,-7.461104634245429,0.5167809535796531,2.816488555973699,7.991730269664519,0.15092721296750433,True,walking_dual_task,P08,12,0.097
2026-04-03T01:32:15.438808,1332.8774948726539,83198,62,-8.313690261416161,0.32360934433805555,3.1621251861382973,8.900629441973134,0.9088991723086153,True,walking_dual_task,P08,12,0.097
2026-04-03T01:32:15.495953,1324.0750964879978,83198,62,-8.344245557247723,0.39859992673751315,3.2766829358613925,8.973403305513953,0.07277386354081905,True,walking_dual_task,P08,12,0.097
2026-04-03T01:32:15.496416,1311.746361206558,83146,62,-8.540886597168214,-0.06292129880686431,3.5406445531177564,9.245910815439094,0.2725075099251413,True,walking_dual_task,P08,12,0.097
2026-04-03T01:32:15.497437,1370.279034282941,83146,62,-9.13754992694612,-0.14796071266549593,4.1269847091002925,10.0273981584992,0.781487343060105,True,walking_dual_task,P08,12,0.097
2026-04-03T01:32:15.555637,1332.2990344645332,83046,62,-9.151183117514963,-0.34051756237862796,4.106873389387258,10.03625994566882,0.008861787169621493,True,walking_dual_task,P08,12,0.097
2026-04-03T01:32:15.556219,1373.3507307278846,83046,62,-9.12151897205957,-0.40363580677756294,4.22167098505364,10.059201565144196,0.02294161947537532,True,walking_dual_task,P08,12,0.097
2026-04-03T01:32:15.557214,1370.111706197196,82937,61,-10.02517686397457,-1.0727916976434408,4.798773781596054,11.16616688875092,1.1069653236067243,True,walking_dual_task,P08,12,0.097
2026-04-03T01:32:15.615602,1350.159979285722,82937,61,-10.090651909791966,-1.079451641524708,4.876265358809589,11.258971341135258,0.09280445238433721,True,walking_dual_task,P08,12,0.097
2026-04-03T01:32:15.675669,1297.7734019644884,82875,61,-10.085033316213023,-0.9822938769855943,4.709807043700831,11.17385701710846,0.0851143240267973,True,walking_dual_task,P08,12,0.097
2026-04-03T01:32:15.676022,1404.9248760814623,82875,63,-10.023741332425649,-0.9810586367595191,4.632346870066097,11.085869558710762,0.0879874583976985,True,walking_dual_task,P08,12,0.097
2026-04-03T01:32:15.676943,1281.011127789253,82820,62,-10.055322175917563,-0.9734344427800454,4.620383958020272,11.108781508132253,0.02291194942149133,True,walking_dual_task,P08,12,0.097
2026-04-03T01:32:15.677411,1390.9726454518197,82820,61,-9.905848947090695,-0.969784402949382,4.794977497173415,11.047992322100026,0.060789186032227605,True,walking_dual_task,P08,12,0.097
2026-04-03T01:32:15.735449,1407.672419079424,82762,61,-10.069220576998468,-0.9419174012077698,4.7355161480264885,11.166983684378113,0.11899136227808782,True,walking_dual_task,P08,12,0.097
2026-04-03T01:32:15.736032,1244.6791140773637,82762,62,-10.024781286120458,-0.9888041324552908,4.636634721650208,11.089290103019396,0.07769358135871762,True,walking_dual_task,P08,12,0.097
2026-04-03T01:32:15.736729,1387.7301083766474,82795,62,-9.981612807679555,-1.10680893658006,4.719708756815061,11.096543201091174,0.007253098071778652,True,walking_dual_task,P08,12,0.097
2026-04-03T01:32:15.737386,1346.0091531208109,82795,61,-10.136433464700792,-1.0046179783157485,4.802065073943309,11.261277442681514,0.1647342415903399,True,walking_dual_task,P08,12,0.097
2026-04-03T01:32:15.795501,1425.4328447916535,82824,64,-9.975214184583175,-0.9952020251250849,4.7144114478517825,11.077951092090919,0.18332635059059577,True,walking_dual_task,P08,12,0.097
2026-04-03T01:32:15.795819,1457.281412625103,82824,64,-9.952063685464536,-0.9985124939984215,4.755941605616607,11.075178524802567,0.002772567288351624,True,walking_dual_task,P08,12,0.097
2026-04-03T01:32:15.855935,1360.572883841867,82835,62,-10.158930030500187,-0.9929061008597831,4.628958949390119,11.207898234944052,0.13271971014148498,True,walking_dual_task,P08,12,0.097
2026-04-03T01:32:15.856392,1458.3548502313977,82835,62,-9.126640354584485,-0.061100884401377634,4.33307879501413,10.103210842291956,1.104687392652096,True,walking_dual_task,P08,12,0.097
2026-04-03T01:32:15.856852,1381.6720560518938,82875,63,-9.213146438147437,-2.128445948536599,4.279235338343049,10.379027147450506,0.2758163051585498,True,walking_dual_task,P08,12,0.097
2026-04-03T01:32:15.915415,1351.8768957208977,82875,62,-9.320480702480351,-2.4763481995555203,4.67980644213172,10.719339964128762,0.3403128166782565,True,walking_dual_task,P08,12,0.097
2026-04-03T01:32:15.916001,1376.0035951793075,82870,61,-9.310019833456233,-2.497604042271438,4.450987710001618,10.617240076682098,0.10209988744666454,True,walking_dual_task,P08,12,0.097
2026-04-03T01:32:15.916687,1344.711845038579,82870,60,-9.07693169911004,-1.9602076264436321,4.87597817511876,10.488482548648824,0.12875752803327423,True,walking_dual_task,P08,12,0.097
2026-04-03T01:32:15.975424,1416.4638018196727,82823,63,-9.192937167403823,-2.0023797280779307,4.829088801937917,10.575429872882438,0.08694732423361451,True,walking_dual_task,P08,12,0.097
2026-04-03T01:32:15.976062,1411.130719994611,82823,61,-8.762480525332796,-1.1632962810518692,5.039666305945451,10.175095069316429,0.40033480356600926,True,walking_dual_task,P08,12,0.097
2026-04-03T01:32:15.977001,1427.4837146456298,82768,61,-7.781792261908178,-0.3258169738379665,4.598129056405575,9.044624830654733,1.1304702386616956,True,walking_dual_task,P08,12,0.097
2026-04-03T01:32:16.035577,1371.6493687517445,82768,62,-7.728049301168891,-0.21197034096433723,4.516885800621741,8.953766512624943,0.09085831802978994,True,walking_dual_task,P08,12,0.097
2026-04-03T01:32:16.035975,1394.3082760331579,82692,62,-7.39877693497784,0.4317079414953321,4.173698513676292,8.505764584290697,0.44800192833424646,True,walking_dual_task,P08,12,0.097
2026-04-03T01:32:16.036748,1295.369681895178,82692,62,-7.459377992505745,0.39909280918965473,4.105594016329544,8.523936727378194,0.01817214308749726,True,walking_dual_task,P08,12,0.097
2026-04-03T01:32:16.155865,1394.9722290679938,82720,63,-7.6528660646474815,0.518143288562998,4.210454033897112,8.75001455098655,0.2260778236083567,True,walking_dual_task,P08,12,0.097
2026-04-03T01:32:16.155981,1391.762951207523,82720,62,-7.688707598668083,0.5400938014001917,4.2769061261541585,8.81475194569094,0.06473739470438922,True,walking_dual_task,P08,12,0.097
2026-04-03T01:32:16.156559,1357.4745136888257,82783,62,-8.164496670213321,0.14459594842517345,4.576795572754411,9.360927923075241,0.5461759773843013,True,walking_dual_task,P08,12,0.097
2026-04-03T01:32:16.157223,1358.090339006683,82783,63,-8.595119068897917,-0.12870418411549464,4.740636611004582,9.816632419171986,0.4557044960967449,True,walking_dual_task,P08,12,0.097
2026-04-03T01:32:16.158176,1340.2573109111297,82794,62,-8.593037391272368,-0.022907793367644,4.879197852906636,9.881669295347358,0.06503687617537146,True,walking_dual_task,P08,12,0.097
2026-04-03T01:32:16.215407,1389.4876250001992,82794,61,-9.500972393788446,-0.46507781275072574,4.766265762780816,10.639645817455568,0.7579765221082102,True,walking_dual_task,P08,12,0.097
2026-04-03T01:32:16.216047,1388.0342605558044,82710,63,-9.506180399836039,-0.5113749367114032,4.651819220254711,10.595677995204206,0.04396782225136242,True,walking_dual_task,P08,12,0.097
2026-04-03T01:32:16.216763,1353.9371447626027,82710,63,-10.330198201940368,-0.2517869875757728,4.52440238557713,11.280363847194847,0.6846858519906416,True,walking_dual_task,P08,12,0.097
2026-04-03T01:32:16.217840,1372.8233750622308,82589,61,-10.968045459093572,0.21094100579106576,4.635174253745775,11.90912917317026,0.6287653259754133,True,walking_dual_task,P08,12,0.097
2026-04-03T01:32:16.218419,1439.006216300222,82589,62,-11.001241257986617,0.07931869008946899,4.849394527434478,12.022904306104076,0.11377513293381547,True,walking_dual_task,P08,12,0.097
2026-04-03T01:32:16.275270,1339.2164513513935,82510,61,-11.092258521855888,0.25235828469857824,4.5722010748871575,12.000287766913752,0.022616539190323692,True,walking_dual_task,P08,12,0.097
2026-04-03T01:32:16.275793,1350.5284107358223,82510,62,-11.094168070117416,0.18545772826645662,4.568235122594165,11.999322142199928,0.0009656247138245533,True,walking_dual_task,P08,12,0.097
2026-04-03T01:32:16.276785,1365.787977409199,82474,62,-10.706272362991777,-0.3264992849032758,4.016452496938818,11.439526229427946,0.5597959127719818,True,walking_dual_task,P08,12,0.097
2026-04-03T01:32:16.335856,1428.771248983732,82474,62,-10.828483033682097,-0.44541405433018855,4.013983172040184,11.557097360321825,0.11757113089387872,True,walking_dual_task,P08,12,0.097
2026-04-03T01:32:16.336143,1315.8065900139222,82499,62,-10.387539797863306,-0.33667064745504655,3.4103923409853243,10.93824053934193,0.6188568209798948,True,walking_dual_task,P08,12,0.097
2026-04-03T01:32:16.336691,1372.3532644178338,82499,63,-10.269055224680578,0.010362362316350175,3.424921769027392,10.825141648498183,0.11309889084374625,True,walking_dual_task,P08,12,0.097
2026-04-03T01:32:16.455891,1365.0018135012888,82536,63,-10.273678955955553,0.0028209533264671183,3.2674548471066984,10.780758249107654,0.04438339939052938,True,walking_dual_task,P08,12,0.097
2026-04-03T01:32:16.456212,1348.9555628449293,82536,63,-9.919416984842364,-0.26591487123441315,3.145489518128384,10.409594052919562,0.3711641961880918,True,walking_dual_task,P08,12,0.097
2026-04-03T01:32:16.456574,1370.8824110425765,82565,63,-9.977611336620631,-0.3986324752551257,3.0532781764833947,10.441941555954923,0.0323475030353606,True,walking_dual_task,P08,12,0.097
2026-04-03T01:32:16.457246,1359.667932893989,82565,62,-9.032926975477789,-0.8571810489408669,2.592838909066313,9.43670189755647,1.0052396583984535,True,walking_dual_task,P08,12,0.097
2026-04-03T01:32:16.458227,1407.9877827538692,82660,64,-8.513253183881092,-0.4446749642332305,2.196902742277181,8.803385556460785,0.6333163410956839,True,walking_dual_task,P08,12,0.097
2026-04-03T01:32:16.458940,1317.029217326251,82660,64,-8.40814546415042,-0.5835974035404059,2.16762225032386,8.70264800482195,0.10073755163883469,True,walking_dual_task,P08,12,0.097
2026-04-03T01:32:16.515676,1364.955431148163,82747,62,-8.049476565124083,-0.17009695794368693,2.314861942787116,8.377445419801173,0.3252025850207776,True,walking_dual_task,P08,12,0.097
2026-04-03T01:32:16.516100,1339.2955642801203,82747,64,-7.953531520283479,-0.2134073252557212,2.127901887402938,8.236028944402067,0.1414164753991063,True,walking_dual_task,P08,12,0.097
2026-04-03T01:32:16.575774,1407.4403854203886,82805,62,-7.724857159907719,-0.1967368784871048,2.394888387756703,8.089969958544117,0.14605898585794996,True,walking_dual_task,P08,12,0.097
2026-04-03T01:32:16.635449,1377.069540703816,82805,62,-7.400884226021267,-0.48099055176955174,2.566583886845271,7.848043838185141,0.24192612035897554,True,walking_dual_task,P08,12,0.097
2026-04-03T01:32:16.636564,1431.3024434037154,82883,63,-7.565232150521574,-0.28068778620829843,2.4687675517320726,7.962809576342823,0.11476573815768187,True,walking_dual_task,P08,12,0.097
2026-04-03T01:32:16.636673,1318.9435202676464,82883,61,-7.5464199437476225,-0.4379874107154925,2.440886911670268,7.943438541016122,0.019371035326701147,True,walking_dual_task,P08,12,0.097
2026-04-03T01:32:16.637350,1389.7005242981106,82939,61,-7.540092449156894,-0.39793063835168624,2.4496547337507066,7.93801935304765,0.005419187968471739,True,walking_dual_task,P08,12,0.097
2026-04-03T01:32:16.637915,1311.2708309683455,82939,61,-7.41624094555238,-0.3630659917778719,2.4526499943245734,7.819714743616524,0.1183046094311262,True,walking_dual_task,P08,12,0.097
2026-04-03T01:32:16.638689,1352.3203677389806,82874,60,-7.58904945846879,-0.17586714310994417,2.45755819123554,7.978984471624192,0.1592697280076676,True,walking_dual_task,P08,12,0.097
2026-04-03T01:32:16.695821,1374.5095544251353,82874,63,-7.5416965075663525,-0.31652970429732163,2.456165697950102,7.937891861302205,0.04109261032198663,True,walking_dual_task,P08,12,0.097
2026-04-03T01:32:16.755756,1353.935285270345,82748,62,-7.565950964327085,-0.3664767970646338,2.3242318024866457,7.923381393639904,0.014510467662301352,True,walking_dual_task,P08,12,0.097
2026-04-03T01:32:16.756107,1377.6340226282223,82748,61,-7.4641084366509265,-0.3897106343245031,2.4222181246386145,7.856966957797197,0.06641443584270679,True,walking_dual_task,P08,12,0.097
2026-04-03T01:32:16.756850,1309.2157406279546,82659,63,-7.535039548067647,-0.3273545188106505,2.479830333101586,7.93936650198868,0.08239954419148265,True,walking_dual_task,P08,12,0.097
2026-04-03T01:32:16.757412,1476.8205836250545,82659,62,-7.53083707593356,-0.3701462233978182,2.5207366100283037,7.950133857243423,0.010767355254743372,True,walking_dual_task,P08,12,0.097
2026-04-03T01:32:16.757926,1445.5361016713794,82571,61,-7.522323378534184,-0.42395693183443495,2.337984740726968,7.88867930259334,0.06145455465008265,True,walking_dual_task,P08,12,0.097
2026-04-03T01:32:16.815609,1223.4508460625116,82571,63,-7.420956462751927,-0.348119254938874,2.485115166279213,7.833746180939854,0.054933121653486516,True,walking_dual_task,P08,12,0.097
2026-04-03T01:32:16.815788,1312.443983092886,82632,62,-7.541121856504799,-0.4569921347135962,2.435796550468509,7.9379131704194625,0.10416698947960867,True,walking_dual_task,P08,12,0.097
2026-04-03T01:32:16.875593,1338.059156811506,82632,63,-10.216360399928032,-1.4185633185758337,4.331048765355788,11.186792440995607,3.2488792705761442,True,walking_dual_task,P08,12,0.097
2026-04-03T01:32:16.876045,1391.1137390753308,82796,61,-10.022488921072688,-0.8937903249311131,4.90250810234244,11.193021531807151,0.006229090811544324,True,walking_dual_task,P08,12,0.097
2026-04-03T01:32:16.877028,1393.1588106549775,82796,62,-9.49882732460834,-0.6856087625002529,5.541112583724049,11.018244351231651,0.17477718057550007,True,walking_dual_task,P08,12,0.097
2026-04-03T01:32:16.877287,1388.0993262748195,82902,64,-9.578756579280103,-0.5887712961483038,5.537809202269995,11.080007220440619,0.061762869208967786,True,walking_dual_task,P08,12,0.097
2026-04-03T01:32:16.935557,1468.4996655424745,82902,61,-8.894835008175683,-0.9813751194564241,5.596345181003905,10.554632458437453,0.5253747620031657,True,walking_dual_task,P08,12,0.097
2026-04-03T01:32:16.995471,1376.4453644638927,82892,60,-8.91084010826777,-1.0971268562284269,5.69921706586567,10.63427637113244,0.07964391269498705,True,walking_dual_task,P08,12,0.097
2026-04-03T01:32:16.996048,1395.6502226874254,82892,64,-9.0214322284965,-0.17396249597238075,4.8939454848640676,10.264852887995117,0.3694234831373233,True,walking_dual_task,P08,12,0.097
2026-04-03T01:32:16.996756,1348.9813784327894,82719,63,-9.038322604943714,-0.3569541376048996,4.5396178167296295,10.120613701221822,0.1442391867732944,True,walking_dual_task,P08,12,0.097
2026-04-03T01:32:16.997482,1386.855126828633,82719,62,-9.11935345782859,-0.35857159365296115,4.365146995392885,10.116604636337856,0.004009064883966573,True,walking_dual_task,P08,12,0.097
2026-04-03T01:32:16.998067,1360.9162227501058,82681,64,-8.90617414600777,-0.910891185065809,4.872888461656563,10.192875091444684,0.07627045510682784,True,walking_dual_task,P08,12,0.097
2026-04-03T01:32:17.055705,1337.3490717879024,82681,63,-8.829456805704119,-0.8161764473310349,4.9142332423389385,10.137807447228507,0.0550676442161766,True,walking_dual_task,P08,12,0.097
2026-04-03T01:32:17.056323,1396.357176783084,82632,64,-8.679729378311958,-0.6858129881980137,5.023766979436039,10.052177684421654,0.0856297628068532,True,walking_dual_task,P08,12,0.097
2026-04-03T01:32:17.175543,1320.9370479839395,82632,62,-8.355379960398812,-0.8225512334511603,5.140572810252851,9.844513884991832,0.20766379942982205,True,walking_dual_task,P08,12,0.097
2026-04-03T01:32:17.235782,1372.3523237617476,82595,63,-8.365900182493931,-0.9398359008762046,5.174070220156183,9.881426011823132,0.036912126831300185,True,walking_dual_task,P08,12,0.097
2026-04-03T01:32:17.235990,1343.6215579528002,82595,62,-8.095379170155091,-0.8808433680989454,4.969492287556638,9.53975379890853,0.34167221291460237,True,walking_dual_task,P08,12,0.097
2026-04-03T01:32:17.236790,1396.9607653178275,82608,64,-7.974976017138185,-0.8703377631387745,4.951195186060266,9.42719810263585,0.11255569627267903,True,walking_dual_task,P08,12,0.097
2026-04-03T01:32:17.237336,1463.3135010447834,82608,62,-7.975289476069999,-0.8645580402502299,4.36976236024211,9.134961735938628,0.29223636669722275,True,walking_dual_task,P08,12,0.097
2026-04-03T01:32:17.238194,1326.0239877861113,82639,60,-7.820401386717101,-0.838872093437829,4.228681768484899,8.929957096068945,0.2050046398696832,True,walking_dual_task,P08,12,0.097
2026-04-03T01:32:17.238907,1323.940912770474,82639,62,-7.819654700287548,-0.6984500216808017,4.226630352527653,8.9162344182633,0.013722677805644068,True,walking_dual_task,P08,12,0.097
2026-04-03T01:32:17.295487,1394.6374674441374,82687,63,-7.784459812919749,-0.5782766421988814,4.225845637228169,8.876372558852841,0.03986185941045939,True,walking_dual_task,P08,12,0.097
2026-04-03T01:32:17.296090,1353.1142970587794,82687,63,-7.798790539491975,-0.6410658070781036,4.223321730171882,8.892049577258117,0.01567701840527569,True,walking_dual_task,P08,12,0.097
2026-04-03T01:32:17.296635,1404.612118663362,82711,63,-7.620382068349654,-0.05816841936240528,4.335539277862506,8.767582749111902,0.12446682814621468,True,walking_dual_task,P08,12,0.097
2026-04-03T01:32:17.297229,1407.5317041617234,82711,62,-8.12958712346151,0.271409220135312,4.467347647971029,9.280142497319636,0.5125597482077335,True,walking_dual_task,P08,12,0.097
2026-04-03T01:32:17.298034,1395.1005805206728,82732,62,-8.117107631678499,0.23478939492918474,4.6221443937780755,9.343809777663425,0.06366728034378966,True,walking_dual_task,P08,12,0.097
2026-04-03T01:32:17.298670,1387.938067165821,82732,62,-9.31162514679826,0.25561737561977416,4.851234957001479,10.50267507472442,1.158865297060995,True,walking_dual_task,P08,12,0.097
2026-04-03T01:32:17.355872,1353.7855504735767,82624,63,-9.382717922108585,0.3031196186311613,4.748584028815254,10.52028171617928,0.017606641454859684,True,walking_dual_task,P08,12,0.097
2026-04-03T01:32:17.356277,1267.9004311878323,82624,61,-10.47124666994881,0.3626070563224476,4.9628107082772575,11.593445597681487,1.0731638815022073,True,walking_dual_task,P08,12,0.097
2026-04-03T01:32:17.356765,1327.8115433925984,82417,64,-10.431164044573983,0.29821874462877607,4.982792145959809,11.564010347379485,0.029435250302002558,True,walking_dual_task,P08,12,0.097
2026-04-03T01:32:17.415762,1365.9572659441687,82417,61,-10.73139470911103,-0.028043762088288335,4.870721086130259,11.785055907979487,0.22104556060000213,True,walking_dual_task,P08,12,0.097
2026-04-03T01:32:17.415981,1311.5314083570024,82351,63,-10.952847323571199,-0.30207425543146027,4.624891193439668,11.893095976254923,0.10804006827543589,True,walking_dual_task,P08,12,0.097
2026-04-03T01:32:17.416731,1343.8856469017926,82351,62,-11.002514492167734,-0.2812617868241841,4.613150474255166,11.93380034361264,0.04070436735771743,True,walking_dual_task,P08,12,0.097
2026-04-03T01:32:17.475735,1363.936779188939,82349,61,-10.974276771335019,-0.3314796757110277,4.628547892381762,11.915036089804534,0.01876425380810609,True,walking_dual_task,P08,12,0.097
2026-04-03T01:32:17.476548,1462.0691818108648,82349,62,-11.44673209307993,-0.3372696788132517,4.417053454323029,12.274028990732416,0.3589929009278823,True,walking_dual_task,P08,12,0.097
2026-04-03T01:32:17.477055,1390.5957090414756,82322,63,-11.435274389588802,-0.48427487537619995,4.467586319873398,12.286551592925743,0.012522602193326904,True,walking_dual_task,P08,12,0.097
2026-04-03T01:32:17.535496,1341.4619855611024,82322,61,-11.13019377390588,-0.41159563634717883,3.7946117902858854,11.76646518932215,0.5200864036035941,True,walking_dual_task,P08,12,0.097
2026-04-03T01:32:17.535998,1388.3410012853067,82328,62,-10.057799509899796,-0.26685375423313107,2.896093365571,10.469856669964171,1.296608519357978,True,walking_dual_task,P08,12,0.097
2026-04-03T01:32:17.536713,1282.3408042029096,82328,64,-9.892519061952584,-0.29461485914618135,2.910821884895147,10.3160852726172,0.1537713973469721,True,walking_dual_task,P08,12,0.097
2026-04-03T01:32:17.595620,1392.1290765041713,82426,61,-9.168793938009225,0.204850760632995,2.396646959454258,9.479064445401137,0.8370208272160617,True,walking_dual_task,P08,12,0.097
2026-04-03T01:32:17.655977,1359.5053289925559,82426,62,14.584759122055429,39.40767821260039,49.50784069382725,35.15275468147476,0.06911689617832195,True,walking_dual_task,P08,12,0.097
2026-04-03T01:32:17.656306,1281.4821301738089,82480,62,-9.077265836984674,0.25354190473927685,2.5724945522381946,9.438154840541825,0.110026501037634,True,walking_dual_task,P08,12,0.097
2026-04-03T01:32:17.657116,1405.8893235417065,82480,62,-9.153882546116368,0.23734697850677597,2.5032377242318016,9.492949929306347,0.05479508876452144,True,walking_dual_task,P08,12,0.097
2026-04-03T01:32:17.657489,1284.1506122244691,82485,64,-9.276736154072434,0.29600224954880144,2.4161192717628475,9.590781164190767,0.09783123488442058,True,walking_dual_task,P08,12,0.097
2026-04-03T01:32:17.658103,1418.1128489826735,82485,61,-9.034377317312702,0.3059574385333663,2.4155518465039902,9.356734162565322,0.234047001625445,True,walking_dual_task,P08,12,0.097
2026-04-03T01:32:17.716105,1389.5450434987304,82575,61,-9.123750673524627,0.33197861278848817,2.449534850671375,9.452685181293392,0.09595101872806922,True,walking_dual_task,P08,12,0.097
2026-04-03T01:32:17.716233,1360.4435556071196,82575,63,-9.06450436801879,0.2567414535178467,2.3717159197127082,9.373163394265827,0.07952178702756463,True,walking_dual_task,P08,12,0.097
2026-04-03T01:32:17.716800,1336.922075701217,82694,63,-9.260828303405107,0.3304745019082831,2.413237183318542,9.575795944176749,0.2026325499109216,True,walking_dual_task,P08,12,0.097
2026-04-03T01:32:17.775513,1334.8201251007285,82694,63,-9.168871971539774,0.2770135139812237,2.476295447846616,9.501420360264131,0.07437558391261767,True,walking_dual_task,P08,12,0.097
2026-04-03T01:32:17.775837,1441.1293028518448,82762,62,-9.192808553131663,0.11862241805630648,2.49041979417937,9.524914231836242,0.02349387157211069,True,walking_dual_task,P08,12,0.097
2026-04-03T01:32:17.776914,1354.9746211758084,82762,60,-9.220465830146402,0.3270305252387801,2.477662738229631,9.553154020204369,0.02823978836812735,True,walking_dual_task,P08,12,0.097
2026-04-03T01:32:17.895466,1342.2905151497653,82767,62,-9.149788623708302,0.14950325969325254,2.530125770458947,9.494341446226866,0.05881257397750339,True,walking_dual_task,P08,12,0.097
2026-04-03T01:32:17.895792,1315.452648553656,82767,62,-7.9329102539342955,0.6117353442394147,3.115024148733597,8.544510557987572,0.9498308882392941,True,walking_dual_task,P08,12,0.097
2026-04-03T01:32:17.896483,1371.1090076198811,82752,62,-8.686439639584139,0.04424508335704197,3.3441311057777225,9.308029012211447,0.7635184542238758,True,walking_dual_task,P08,12,0.097
2026-04-03T01:32:17.897360,1381.9675047290275,82752,63,-9.443972254214657,-0.9048306377672218,3.7921194643971745,10.217020135718556,0.9089911235071089,True,walking_dual_task,P08,12,0.097
2026-04-03T01:32:17.897904,1407.5494486899195,82681,63,-9.325180690503537,-1.0038368802531221,4.000044472543009,10.196422861720585,0.0205972739979714,True,walking_dual_task,P08,12,0.097
2026-04-03T01:32:17.898809,1341.3927845633425,82681,63,-10.30035689996303,-1.506515382147219,4.388267729950031,11.297071945109625,1.1006490833890403,True,walking_dual_task,P08,12,0.097
2026-04-03T01:32:17.955673,1333.3167163293012,82579,62,-10.428400997416606,-1.467249562483653,4.495616272873632,11.45054297028985,0.1534710251802256,True,walking_dual_task,P08,12,0.097
2026-04-03T01:32:18.015749,1379.146994719522,82579,63,-10.974860272100948,-1.3592746667646962,4.5923904846045245,11.974357434740877,0.5238144644510268,True,walking_dual_task,P08,12,0.097
2026-04-03T01:32:18.016243,1342.0841896107725,82423,62,-10.597226485555113,-1.2109322080382565,4.506293401674398,11.579043406974058,0.395314027766819,True,walking_dual_task,P08,12,0.097
2026-04-03T01:32:18.016864,1367.7513228925623,82423,61,-10.622511386275994,-1.0355209392421432,4.6894360492982585,11.657652517879837,0.07860911090577893,True,walking_dual_task,P08,12,0.097
2026-04-03T01:32:18.017451,1394.134863354165,82271,63,-9.989347276429047,-0.9638393465887509,4.660094623090551,11.064923279955018,0.5927292379248197,True,walking_dual_task,P08,12,0.097
2026-04-03T01:32:18.018057,1328.6665857834953,82271,62,-9.992164080297428,-1.0235422751143308,4.659853067866975,11.072723802689275,0.0078005227342572425,True,walking_dual_task,P08,12,0.097
2026-04-03T01:32:18.075652,1269.0911640629924,82291,63,-9.473613213895979,-0.5565482643292374,4.9215436793931575,10.690214473302541,0.38250932938673365,True,walking_dual_task,P08,12,0.097
2026-04-03T01:32:18.076547,1345.843635298281,82291,63,-8.948666050431905,-0.5400167925722457,4.706185992638076,10.125138459088618,0.5650760142139237,True,walking_dual_task,P08,12,0.097
2026-04-03T01:32:18.077107,1493.932770424724,82330,61,-9.01691437124057,-0.4556056726379764,4.593935520007354,10.129983458486487,0.004844999397869643,True,walking_dual_task,P08,12,0.097
2026-04-03T01:32:18.135593,1351.2146870178456,82330,63,-8.32599590542724,-0.6629243479715838,4.589737888672152,9.530339469034534,0.5996439894519536,True,walking_dual_task,P08,12,0.097
2026-04-03T01:32:18.195720,1248.8616725785291,82361,61,-8.461169932133188,-0.7253604820771878,4.569329910032971,9.64345997430984,0.11312050527530637,True,walking_dual_task,P08,12,0.097
2026-04-03T01:32:18.195893,1334.4908317659315,82361,63,-8.325232597620527,-0.9891737273831271,4.534740851809492,9.531623002432394,0.11183697187744635,True,walking_dual_task,P08,12,0.097
2026-04-03T01:32:18.196859,1289.5033569898267,82397,62,-8.443454265328796,-0.9684846555439941,4.674120223009357,9.699344427221268,0.16772142478887453,True,walking_dual_task,P08,12,0.097
2026-04-03T01:32:18.197298,1331.9676200379533,82397,64,-9.089695940659869,-1.2225155784345556,5.055416924468033,10.472552550040582,0.7732081228193142,True,walking_dual_task,P08,12,0.097
2026-04-03T01:32:18.198050,1439.1566982267564,82371,62,-9.36312765510943,-1.0734872454664393,5.3630542419638365,10.84356422742543,0.37101167738484797,True,walking_dual_task,P08,12,0.097
2026-04-03T01:32:18.255419,1298.0134540487097,82371,62,-9.397201829292102,-1.1310266469192547,5.454598121774114,10.9242511947755,0.0806869673500703,True,walking_dual_task,P08,12,0.097
2026-04-03T01:32:18.256172,1342.54509696234,82252,63,-9.042525596803875,-0.9509948416257632,5.597255436936558,10.677121746237042,0.24712944853845897,True,walking_dual_task,P08,12,0.097
2026-04-03T01:32:18.256865,1253.438514835457,82252,62,-9.015377905147806,-1.0560578616732632,5.674838868309817,10.704956476376212,0.027834730139170816,True,walking_dual_task,P08,12,0.097
2026-04-03T01:32:18.315673,1334.8550976991735,82219,63,-8.214378130029157,-0.52694194979243,4.984281099732322,9.622719675990838,1.082236800385374,True,walking_dual_task,P08,12,0.097
2026-04-03T01:32:18.316053,1369.1443773325807,82219,64,-7.518450258395089,0.14517299841578138,4.769515107600082,8.904855071760329,0.7178646042305097,True,walking_dual_task,P08,12,0.097
2026-04-03T01:32:18.316841,1313.8535696294364,82283,62,-7.61355834593338,-0.029763230274855126,4.736604843125878,8.966748684820589,0.06189361306025987,True,walking_dual_task,P08,12,0.097
2026-04-03T01:32:18.375465,1389.622097714795,82283,63,-7.437559044848706,0.1852520455073306,4.646210516660276,8.771480777559738,0.19526790726085075,True,walking_dual_task,P08,12,0.097
2026-04-03T01:32:18.376185,1294.4316036655061,82353,60,-7.405941689927372,0.15896555896910697,4.608508420225212,8.724195792325464,0.047284985234274046,True,walking_dual_task,P08,12,0.097
2026-04-03T01:32:18.377039,1377.9861835114084,82353,63,-7.571688490254307,0.12519924039134367,4.7846201677915445,8.957607470372974,0.23341167804750995,True,walking_dual_task,P08,12,0.097
2026-04-03T01:32:18.435526,1336.2184245379988,82394,63,-7.587469588436491,0.1828643828777114,4.772739259110194,8.965610641413422,0.00800317104044801,True,walking_dual_task,P08,12,0.097
2026-04-03T01:32:18.436059,1365.0191672801122,82394,64,-7.775155015072834,-0.18145028607285518,4.802486295931405,9.140559848134965,0.1749492067215428,True,walking_dual_task,P08,12,0.097
2026-04-03T01:32:18.436711,1431.5665079582718,82402,63,-8.595528747639774,-0.3444013123912981,4.999022286953567,9.949469862306087,0.8089100141711221,True,walking_dual_task,P08,12,0.097
2026-04-03T01:32:18.495714,1344.7437207074458,82402,63,-8.669533731026416,-0.32302007475267946,5.087968754347791,10.057464050510816,0.10799418820472972,True,walking_dual_task,P08,12,0.097
2026-04-03T01:32:18.496201,1391.366963907932,82355,61,-8.60228976749775,-0.3961538880445781,4.975161782573068,9.945278372664335,0.11218567784648137,True,walking_dual_task,P08,12,0.097
2026-04-03T01:32:18.496592,1415.917930500439,82355,62,-9.544648339286335,-0.46718166134857864,5.06373880416595,10.814805652537535,0.8695272798731999,True,walking_dual_task,P08,12,0.097
2026-04-03T01:32:18.555679,1328.0017874201114,82250,62,-10.52981585391506,-0.20628413547737617,5.069891577896847,11.688600244406512,0.8737945918689771,True,walking_dual_task,P08,12,0.097
2026-04-03T01:32:18.615609,1369.3712049408416,82250,61,-10.555952314756137,-0.33669658303498334,5.056142800169988,11.709230285383565,0.020630040977053454,True,walking_dual_task,P08,12,0.097
2026-04-03T01:32:18.675650,1288.5761024984583,82145,62,-10.817236056202098,-0.09271122445134407,5.099061320810212,11.959164587048745,0.2499343016651796,True,walking_dual_task,P08,12,0.097
2026-04-03T01:32:18.675938,1378.431352741413,82145,61,-10.746403341726651,0.007251032280388647,5.036357899000207,11.868030091273136,0.09113449577560928,True,walking_dual_task,P08,12,0.097
2026-04-03T01:32:18.677112,1180.7343777186752,82110,61,-10.681145797858123,-0.013906850624637104,5.048657598004293,11.814229238400744,0.05380085287239211,True,walking_dual_task,P08,12,0.097
2026-04-03T01:32:18.677199,1414.238285605609,82110,63,-10.840600950546662,0.09448900926296251,4.993561695442579,11.935795555724638,0.12156631732389478,True,walking_dual_task,P08,12,0.097
2026-04-03T01:32:18.678017,1304.5407299927958,82031,62,-10.858348782424308,-0.2330668102427205,5.140276572864197,12.015843776628783,0.08004822090414443,True,walking_dual_task,P08,12,0.097
2026-04-03T01:32:18.678725,1410.254102493838,82031,62,-10.81287717638017,-0.19962832053861812,5.087238238777951,11.951491839763305,0.06435193686547791,True,walking_dual_task,P08,12,0.097
2026-04-03T01:32:18.735573,1372.944645468322,81977,62,-10.731289859203235,-0.07706440286759773,4.984374151991438,11.832603544929066,0.1188882948342389,True,walking_dual_task,P08,12,0.097
2026-04-03T01:32:18.736022,1453.7458020477563,81977,63,-10.725903482173184,-0.11235126844399214,4.873055129275977,11.781523441787089,0.05108010314197742,True,walking_dual_task,P08,12,0.097
2026-04-03T01:32:18.736620,1347.1336120735723,81982,63,-10.788661982868284,-0.02945769557508983,5.173345857502875,11.964932197791935,0.1834087560048463,True,walking_dual_task,P08,12,0.097
2026-04-03T01:32:18.737235,1329.2348769552643,81982,62,-10.780606136364746,-0.09514100892108393,5.132529290856136,11.940409431862038,0.02452276592989655,True,walking_dual_task,P08,12,0.097
2026-04-03T01:32:18.795692,1416.8058738043178,82006,62,-10.768966198184733,-0.01346249563279929,5.063955693360568,11.900187455698038,0.04022197616400014,True,walking_dual_task,P08,12,0.097
2026-04-03T01:32:18.796310,1416.898864401039,82006,62,-10.665833607388704,-0.1935104960626825,5.176873564758309,11.857380518397905,0.042806937300133185,True,walking_dual_task,P08,12,0.097
2026-04-03T01:32:18.915602,1357.6880721061855,82093,63,-10.823955749687208,-0.09275119009126215,5.156985069989591,11.99004236300046,0.1326618446025556,True,walking_dual_task,P08,12,0.097
2026-04-03T01:32:18.916261,1368.988157480389,82093,62,-7.940917052910816,0.020347038975106948,3.1870591384580447,8.556630387905848,3.4334119750946126,True,walking_dual_task,P08,12,0.097
2026-04-03T01:32:18.916780,1290.1295834374203,82189,62,-7.673840955256116,-0.14882301880813156,3.1997688060957725,8.315557931369177,0.24107245653667064,True,walking_dual_task,P08,12,0.097
2026-04-03T01:32:18.917781,1297.3428315701794,82189,62,-7.498596777533097,-0.09217054290886899,3.336059905418658,8.20772469893769,0.10783323243148679,True,walking_dual_task,P08,12,0.097
2026-04-03T01:32:18.918230,1427.106132012857,82221,62,-7.404336122304233,-0.11034493221107682,3.207678833432074,8.070041692244972,0.13768300669271838,True,walking_dual_task,P08,12,0.097
2026-04-03T01:32:18.918700,1287.7383781300796,82221,61,-7.727493472700441,-0.32862112745791694,3.5481449904108446,8.50949352717406,0.4394518349290877,True,walking_dual_task,P08,12,0.097
2026-04-03T01:32:18.975627,1357.472072587844,82224,61,-7.684135423017439,-0.39018200281120574,3.444088296985066,8.429704822354022,0.07978870482003764,True,walking_dual_task,P08,12,0.097
2026-04-03T01:32:18.975934,1328.4598431647794,82224,62,-7.840958535926779,-0.2022940373595405,3.3493913082415387,8.528773403919125,0.09906858156510268,True,walking_dual_task,P08,12,0.097
2026-04-03T01:32:18.976792,1434.5213102869632,82264,63,-7.664680966740661,-0.30574817472563287,3.3995936560203215,8.390354777619253,0.13841862629987212,True,walking_dual_task,P08,12,0.097
2026-04-03T01:32:18.977319,1432.970300977914,82264,62,-7.779489360938909,-0.09687526811803232,3.0550105615166188,8.358404696203259,0.03195008141599409,True,walking_dual_task,P08,12,0.097
2026-04-03T01:32:19.035564,1311.2233640597526,82337,62,-7.941253208478455,-0.23125615228900498,3.2224154854571156,8.573269125021953,0.21486442881869472,True,walking_dual_task,P08,12,0.097
2026-04-03T01:32:19.036144,1343.268641307119,82337,64,-7.9201309269843465,-0.24234084873571912,3.159513754499572,8.530517578225359,0.04275154679659465,True,walking_dual_task,P08,12,0.097
2026-04-03T01:32:19.036772,1393.3788924076487,82377,62,-8.81694449795294,-0.20670089566787697,3.7431775682606596,9.580846196854552,1.0503286186291927,True,walking_dual_task,P08,12,0.097
2026-04-03T01:32:19.095598,1289.7745021458936,82377,63,-8.904573731211764,-0.226593170674946,3.66055409766666,9.630287332241302,0.049441135386750545,True,walking_dual_task,P08,12,0.097
2026-04-03T01:32:19.096067,1322.8396227997182,82318,62,-9.771136948592094,-0.3646430667184656,4.486078215067713,10.757926360872368,1.1276390286310658,True,walking_dual_task,P08,12,0.097
2026-04-03T01:32:19.096810,1434.5230530912515,82318,62,-10.729720253452086,-1.0530517509083563,5.013696832528882,11.890036612052176,1.1321102511798085,True,walking_dual_task,P08,12,0.097
2026-04-03T01:32:19.155612,1389.636655587974,82232,61,-10.785980734860098,-1.0564476260999554,5.031819809109154,11.948751926071974,0.058715314019798015,True,walking_dual_task,P08,12,0.097
2026-04-03T01:32:19.156180,1367.9172923546646,82232,61,-10.916284845596053,-1.8491305781085756,5.219857807779424,12.240566745805605,0.29181481973363077,True,walking_dual_task,P08,12,0.097
2026-04-03T01:32:19.156711,1419.3550656932366,82162,62,-11.007449022267382,-1.7187423838115634,5.331265724907816,12.350724820402334,0.110158074596729,True,walking_dual_task,P08,12,0.097
2026-04-03T01:32:19.215724,1367.1890569742586,82162,63,-10.447561673434532,-1.6579647758419052,5.4628715162112345,11.905601930216829,0.4451228901855053,True,walking_dual_task,P08,12,0.097
2026-04-03T01:32:19.216091,1419.2321441540012,82148,62,-8.910849177353084,-0.709407918166438,5.661930640843266,10.581301963256282,1.324299966960547,True,walking_dual_task,P08,12,0.097
2026-04-03T01:32:19.216781,1279.56342896386,82148,61,-8.835667943268444,-0.7442704455419495,5.681326191061,10.530927489497044,0.05037447375923776,True,walking_dual_task,P08,12,0.097
2026-04-03T01:32:19.275974,1411.3601172667693,82255,62,-8.136412631350145,-0.5754016331718337,5.363153879846137,9.76195252426274,0.7689749652343032,True,walking_dual_task,P08,12,0.097
2026-04-03T01:32:19.276556,1423.9795231915625,82255,63,-8.02724357125848,-0.5614240402979561,5.393168886199737,9.68700711986979,0.07494540439295072,True,walking_dual_task,P08,12,0.097
2026-04-03T01:32:19.277059,1366.7067323141605,82383,65,-8.275374870234364,-0.6350980631924218,4.747958057454783,9.561813871234211,0.12519324863557912,True,walking_dual_task,P08,12,0.097
2026-04-03T01:32:19.335522,1460.234527749526,82383,63,-8.605727951986179,-1.42089284063848,4.732609876296906,9.923461406656296,0.36164753542208494,True,walking_dual_task,P08,12,0.097
2026-04-03T01:32:19.336088,1333.1159884660335,82339,62,-8.495019651921966,-1.454100875092532,4.782918958083516,9.856778479862474,0.06668292679382226,True,walking_dual_task,P08,12,0.097
2026-04-03T01:32:19.336656,1265.7246881764845,82339,63,-8.821338241054676,-2.1091206046717366,5.294724409753716,10.502309491887312,0.6455310120248381,True,walking_dual_task,P08,12,0.097
2026-04-03T01:32:19.395524,1328.5419880255956,82255,60,-8.905497418663321,-2.1668753305920845,5.2763439653163235,10.575586915745037,0.07327742385772495,True,walking_dual_task,P08,12,0.097
2026-04-03T01:32:19.395965,1366.6344428045354,82255,64,-8.983836333009345,-2.371212178086971,5.312314457167717,10.702927045609528,0.12734012986449095,True,walking_dual_task,P08,12,0.097
2026-04-03T01:32:19.396620,1286.7420007024623,82254,63,-8.72600372244721,-2.505671883426344,5.285064600678294,10.504924577782493,0.19800246782703468,True,walking_dual_task,P08,12,0.097
2026-04-03T01:32:19.455730,1344.4498339925651,82254,62,-8.692374119607136,-2.415695292601688,5.3694968400899405,10.498783162712225,0.006141415070267442,True,walking_dual_task,P08,12,0.097
2026-04-03T01:32:19.456163,1293.3703217703821,82285,62,-8.732835901913106,-2.4536735469591116,5.412469530690249,10.563037592730593,0.06425443001836761,True,walking_dual_task,P08,12,0.097
2026-04-03T01:32:19.456716,1363.9363472828675,82285,63,-8.259094647934003,-2.1614813620427595,4.929936136805446,9.858443913466795,0.7045936792637981,True,walking_dual_task,P08,12,0.097
2026-04-03T01:32:19.516047,1325.7399114132377,82305,62,-8.266077427500614,-2.1562008885424473,5.0580742744657154,9.927807092968632,0.06936317950183657,True,walking_dual_task,P08,12,0.097
2026-04-03T01:32:19.635783,1391.5991397216872,82305,64,-8.08725037317026,-2.0643513723466884,4.633707272279496,9.546539072984935,0.38126801998369686,True,walking_dual_task,P08,12,0.097
2026-04-03T01:32:19.636116,1364.9677205892144,82336,63,-7.610479731452476,-2.2909932662901795,4.374333029982071,9.072091343578284,0.47444772940665025,True,walking_dual_task,P08,12,0.097
2026-04-03T01:32:19.636705,1367.1159429610038,82336,63,-7.630175550538469,-2.2491549940037845,4.42741240475474,9.10385949588763,0.031768152309345155,True,walking_dual_task,P08,12,0.097
2026-04-03T01:32:19.637333,1339.1314654201299,82359,64,-7.395399503247585,-2.23458357669063,4.38332090979064,8.882499635353664,0.2213598605339655,True,walking_dual_task,P08,12,0.097
2026-04-03T01:32:19.638073,1344.9617226612854,82359,63,-7.389796384464983,-2.256752166024282,4.3888844779863465,8.88618747854312,0.0036878431894553643,True,walking_dual_task,P08,12,0.097
2026-04-03T01:32:19.639089,1358.4252048125236,82355,61,-7.26293249319608,-2.264687002874655,4.54752478815859,8.86335023118401,0.02283724735911008,True,walking_dual_task,P08,12,0.097
2026-04-03T01:32:19.695823,1318.398951383462,82355,63,-7.515389884445091,-2.2237777171525335,4.411605922410472,8.993805605258038,0.13045537407402819,True,walking_dual_task,P08,12,0.097
2026-04-03T01:32:19.695953,1283.713862394198,82338,65,-7.472270498552129,-2.379832735176112,4.6219018721858625,9.102769203218518,0.10896359796048039,True,walking_dual_task,P08,12,0.097
2026-04-03T01:32:19.696697,1356.4977758905716,82338,63,-7.421313708545755,-2.3166153566444994,4.389560822730054,8.928093194391332,0.17467600882718592,True,walking_dual_task,P08,12,0.097
2026-04-03T01:32:19.697577,1376.7756159401915,82325,62,-7.305709591613866,-2.2071424038685357,4.34597236723772,8.782502265570288,0.14559092882104352,True,walking_dual_task,P08,12,0.097
2026-04-03T01:32:19.697880,1359.9516255235958,82325,60,-7.4689841778686565,-2.2423897257125835,4.342907853957955,8.926078924096705,0.14357665852641688,True,walking_dual_task,P08,12,0.097
2026-04-03T01:32:19.755586,1311.61449612484,82290,63,-7.509135796271135,-2.261708910706951,4.482479936614902,9.032999168923181,0.10692024482647611,True,walking_dual_task,P08,12,0.097
2026-04-03T01:32:19.756116,1361.1535625964107,82290,63,-7.45554898786431,-2.2229723810572266,4.426446491419214,8.950991311513224,0.0820078574099572,True,walking_dual_task,P08,12,0.097
2026-04-03T01:32:19.756836,1425.5245786530572,82229,62,-7.354217560583121,-2.2007532728327073,4.362493140694591,8.82944943350832,0.1215418780049049,True,walking_dual_task,P08,12,0.097
2026-04-03T01:32:19.815661,1298.3154515709616,82229,62,-7.282042678306929,-2.1526757267809713,4.214932124409054,8.684918604496588,0.14453082901173175,True,walking_dual_task,P08,12,0.097
2026-04-03T01:32:19.875777,1349.4002283297314,82126,64,-7.469620652585233,-2.223650695779767,4.317765812218441,8.909711371280892,0.22479276678430438,True,walking_dual_task,P08,12,0.097
2026-04-03T01:32:19.876381,1294.2373990280605,82126,62,-9.69769807259047,-1.2255681650943595,6.1797036036138975,11.564432621747436,2.654721250466544,True,walking_dual_task,P08,12,0.097
2026-04-03T01:32:19.935758,1345.6257018546303,82068,63,-9.357417768230185,-0.7642263160677526,5.835815690408659,11.05450378460202,0.5099288371454165,True,walking_dual_task,P08,12,0.097
2026-04-03T01:32:19.936184,1427.3776581834852,82068,61,-9.370225071870784,-0.5556466231090128,5.351278371695961,10.804908203157918,0.2495955814441011,True,walking_dual_task,P08,12,0.097
2026-04-03T01:32:19.936804,1364.8990482236247,82083,60,-9.214217968122544,-0.6106340393985779,5.31577585946411,10.65514709810268,0.14976110505523899,True,walking_dual_task,P08,12,0.097
2026-04-03T01:32:19.937418,1340.7415366703108,82083,61,-9.6722749630849,-0.6283520494728243,4.822949153818367,10.826290583570765,0.171143485468086,True,walking_dual_task,P08,12,0.097
2026-04-03T01:32:19.938026,1388.1076950209297,82083,61,-9.653918705493904,-0.6455755157994871,4.896762948258393,10.84403990634123,0.017749322770464815,True,walking_dual_task,P08,12,0.097
2026-04-03T01:32:19.938814,1391.7530769048703,82083,63,-9.62890441827469,-0.4386327459234585,4.390083834991433,10.591554893419534,0.2524850129216958,True,walking_dual_task,P08,12,0.097
2026-04-03T01:32:19.995593,1363.083404841777,82048,63,-9.630222812866903,-0.6572218416855972,4.409975594593183,10.612304967327232,0.02075007390769734,True,walking_dual_task,P08,12,0.097
2026-04-03T01:32:20.055736,1358.6827580727336,82048,62,-9.046846679764236,-0.11899003252309859,4.050248471199707,9.912825336575672,0.6994796307515596,True,walking_dual_task,P08,12,0.097
2026-04-03T01:32:20.056228,1415.7987717981775,81950,62,-8.87244204539537,0.1616994886234647,4.007287239136796,9.736771825942583,0.17605351063308916,True,walking_dual_task,P08,12,0.097
2026-04-03T01:32:20.056764,1448.7355821290917,81950,62,-8.940519606117602,0.16660083661134856,4.076742952208631,9.827536810641595,0.09076498469901217,True,walking_dual_task,P08,12,0.097
2026-04-03T01:32:20.057307,1347.377004964448,81891,61,-9.034501458194375,0.28355912395758087,4.124240154603849,9.935390240334934,0.10785342969333911,True,walking_dual_task,P08,12,0.097
2026-04-03T01:32:20.058040,1411.959502540999,81891,62,-8.998984971340532,0.165763944780766,4.047456299392576,9.868693464450837,0.06669677588409684,True,walking_dual_task,P08,12,0.097
2026-04-03T01:32:20.115710,1371.8302952814518,81890,64,-8.70193866498132,0.0021288337945681857,4.196633368590452,9.661028552457397,0.20766491199344017,True,walking_dual_task,P08,12,0.097
2026-04-03T01:32:20.116041,1348.5268329347296,81890,62,-8.24850211108844,-0.4584905268264986,4.424352005809253,9.371386840330969,0.28964171212642853,True,walking_dual_task,P08,12,0.097
2026-04-03T01:32:20.116933,1447.3243216776675,81925,63,-8.165966722135158,-0.48701374273159653,4.252920505595867,9.2199526961664,0.15143414416456835,True,walking_dual_task,P08,12,0.097
2026-04-03T01:32:20.175630,1355.0209094975542,81925,63,-7.769564007193133,-0.6267051107160845,4.057122999694947,8.787441675045269,0.4325110211211314,True,walking_dual_task,P08,12,0.097
2026-04-03T01:32:20.176000,1361.8949793215986,81983,63,-7.7977522288092604,-0.5922908939403467,4.1116254438072275,8.835225640305255,0.047783965259986516,True,walking_dual_task,P08,12,0.097
2026-04-03T01:32:20.177034,1433.0660607602902,81983,63,-7.58025554530012,-0.3496349773286572,3.6968311615945084,8.440916975469019,0.3943086648362364,True,walking_dual_task,P08,12,0.097
2026-04-03T01:32:20.235826,1358.06492425897,82077,62,-7.400247225672331,-0.18622818084825848,3.092222843184234,8.022479794198516,0.41843718127050344,True,walking_dual_task,P08,12,0.097
2026-04-03T01:32:20.236143,1387.5901656045555,82077,64,-7.439762930496625,-0.16322282866567114,3.2128248813573688,8.105489366599548,0.08300957240103202,True,walking_dual_task,P08,12,0.097
2026-04-03T01:32:20.236676,1372.412301323952,82175,62,-7.501028649903199,-0.36385271100846334,2.8548945299744153,8.03419208005725,0.07129728654229694,True,walking_dual_task,P08,12,0.097
2026-04-03T01:32:20.295567,1337.9545681417503,82175,62,-7.481820391405401,-0.2501523542316817,2.953709028034664,8.047646214382862,0.013454134325611378,True,walking_dual_task,P08,12,0.097
2026-04-03T01:32:20.296004,1378.7929125562127,82254,62,-7.996848614839766,-0.8175609392983602,2.815118291256886,8.517211084146043,0.4695648697631807,True,walking_dual_task,P08,12,0.097
2026-04-03T01:32:20.296796,1368.9154968378452,82254,63,-8.641438028136928,-1.1601591986603568,3.105682388725839,9.25557581461084,0.7383647304647969,True,walking_dual_task,P08,12,0.097
2026-04-03T01:32:20.355800,1365.4357241148375,82302,63,-8.535844112771274,-1.226980480639087,3.1114185530657648,9.167717340197788,0.08785847441305172,True,walking_dual_task,P08,12,0.097
2026-04-03T01:32:20.356210,1338.4860698009659,82302,62,-9.782268577791873,-1.8726273347540308,3.2832159233391978,10.487088178431145,1.3193708382333575,True,walking_dual_task,P08,12,0.097
2026-04-03T01:32:20.356831,1474.4762916329992,82310,61,-9.85567686427865,-1.7444936921462544,3.3369827182920835,10.550501332031361,0.06341315360021582,True,walking_dual_task,P08,12,0.097
2026-04-03T01:32:20.415750,1331.5840474565778,82310,62,-10.635333738351466,-2.3172208129178378,3.2924898824076436,11.371909498747044,0.821408166715683,True,walking_dual_task,P08,12,0.097
2026-04-03T01:32:20.416014,1357.9616040852775,82281,61,-10.729629828665491,-2.1938835927682914,3.2780287599768263,11.431690777397776,0.059781278650731906,True,walking_dual_task,P08,12,0.097
2026-04-03T01:32:20.416689,1398.0266287628035,82281,64,-10.914167998826146,-1.563989004514809,3.5291203304524563,11.576692749643863,0.1450019722460869,True,walking_dual_task,P08,12,0.097
2026-04-03T01:32:20.475743,1331.1837088647344,82231,63,-10.948868594170191,-0.7060742679987092,4.5541836484207305,11.879261469800175,0.3025687201563123,True,walking_dual_task,P08,12,0.097
2026-04-03T01:32:20.476144,1328.3193765070548,82231,62,-11.042017185243177,-0.8031817468425168,4.663636690674789,12.013357216876335,0.13409574707615945,True,walking_dual_task,P08,12,0.097
2026-04-03T01:32:20.476775,1415.4935653705127,82196,62,-10.948119059577277,-0.8730365085760533,5.660639423187032,12.355822205232847,0.34246498835651273,True,walking_dual_task,P08,12,0.097
2026-04-03T01:32:20.535633,1345.5488056278905,82196,63,-10.930084400779505,-0.9904687427447141,5.587191273080838,12.315213342062265,0.040608863170582765,True,walking_dual_task,P08,12,0.097
2026-04-03T01:32:20.536280,1300.031871533764,82186,65,-10.30179993374785,-1.2080453060557599,5.665138050362185,11.81863970455619,0.4965736375060743,True,walking_dual_task,P08,12,0.097
2026-04-03T01:32:20.536648,1396.5465585137583,82186,63,-10.20375936170731,-1.2280660015470841,5.651305701229167,11.728687366646392,0.08995233790979817,True,walking_dual_task,P08,12,0.097
2026-04-03T01:32:20.655807,1342.7321574291475,82223,63,-9.616381431590789,-1.0162544344817865,5.177223929248578,10.968646795618506,0.7600405710278864,True,walking_dual_task,P08,12,0.097
2026-04-03T01:32:20.656228,1316.4138576670057,82223,62,-9.676917368103771,-1.0605379196882903,5.351888449858325,11.109013475909196,0.14036668029068977,True,walking_dual_task,P08,12,0.097
2026-04-03T01:32:20.657198,1373.5906293839344,82248,63,-9.682510910648134,-0.9802869832384183,5.191531412428859,11.030139550819944,0.07887392508925117,True,walking_dual_task,P08,12,0.097
2026-04-03T01:32:20.715595,1288.133813365805,82248,63,-9.625340482800565,-0.9898290635121282,5.146944736208954,10.959834903063175,0.07030464775676926,True,walking_dual_task,P08,12,0.097
2026-04-03T01:32:20.716059,1333.2075959234855,82207,62,-9.753249507378936,-1.0228758751945195,5.143365384006001,11.073678633707663,0.11384373064448816,True,walking_dual_task,P08,12,0.097
2026-04-03T01:32:20.716664,1356.6459769267428,82207,64,-9.704644458001292,-0.9342450100584645,5.206490270275339,11.052623160567183,0.021055473140480174,True,walking_dual_task,P08,12,0.097
2026-04-03T01:32:20.717471,1375.5735127837763,82153,62,-9.648237146023053,-0.9070756318215637,5.149720301415934,10.974100665228061,0.07852249533912214,True,walking_dual_task,P08,12,0.097
2026-04-03T01:32:20.718239,1387.330880795903,82153,64,-9.68179241531083,-0.9944890726284151,5.276550938132247,11.071047949108157,0.09694728388009644,True,walking_dual_task,P08,12,0.097
2026-04-03T01:32:20.718723,1353.584381253958,82194,61,-9.81289906711876,-0.9997690933433658,5.26264331714615,11.179800580733446,0.10875263162528803,True,walking_dual_task,P08,12,0.097
2026-04-03T01:32:20.775774,1296.6550659848622,82194,64,-9.687990909506503,-1.0743948756833064,5.2357458247670445,11.064561742479487,0.11523883825395842,True,walking_dual_task,P08,12,0.097
2026-04-03T01:32:20.776226,1340.746661855901,82184,62,-9.719278668033944,-1.0289567179152685,5.149667334974066,11.047271310832443,0.017290431647044358,True,walking_dual_task,P08,12,0.097
2026-04-03T01:32:20.776914,1323.8965803733256,82184,61,-9.666210342871626,-1.0675179689268082,5.2049499006770015,11.030263844313858,0.01700746651858509,True,walking_dual_task,P08,12,0.097
2026-04-03T01:32:20.835577,1406.0488099395084,82163,61,-9.588801048074693,-0.9258658277638256,5.175178119559387,10.935483603377829,0.09478024093602855,True,walking_dual_task,P08,12,0.097
2026-04-03T01:32:20.836018,1385.30830536047,82163,62,-7.470982718749245,-1.6715891523108308,4.492033252271664,8.876269251069813,2.0592143523080164,True,walking_dual_task,P08,12,0.097
2026-04-03T01:32:20.895603,1322.0724695580802,82188,62,-7.206815151616928,-1.040139619703566,4.5999709937778395,8.612770065527691,0.2634991855421216,True,walking_dual_task,P08,12,0.097
2026-04-03T01:32:20.896208,1349.0919096881787,82188,60,-7.305439340694538,-0.9701516997345192,4.5654630727152155,8.66914594117503,0.0563758756473387,True,walking_dual_task,P08,12,0.097
2026-04-03T01:32:20.896819,1332.3130938834609,82201,62,-7.500520425473919,-0.4136353282986098,4.8991962410468535,8.96833455252734,0.2991886113523101,True,walking_dual_task,P08,12,0.097
2026-04-03T01:32:20.955676,1388.5606496420842,82201,61,-8.027828265697714,-0.43083754914869726,4.991462512078745,9.462893091796984,0.49455853926964366,True,walking_dual_task,P08,12,0.097
2026-04-03T01:32:20.956042,1395.0586216102654,82192,62,-7.983674366160201,-0.29662412805908606,5.091339012448793,9.473583017945922,0.010689926148938156,True,walking_dual_task,P08,12,0.097
2026-04-03T01:32:20.957103,1437.1468410748005,82192,61,-8.75442039202415,-0.7796366168813699,5.261159067489434,10.24341273151174,0.7698297135658176,True,walking_dual_task,P08,12,0.097
2026-04-03T01:32:21.015890,1351.1561075966417,82154,61,-8.654108772508897,-0.7245537937380462,5.360424668742999,10.20552445863044,0.03788827288129859,True,walking_dual_task,P08,12,0.097
2026-04-03T01:32:21.075597,1348.7864724857025,82154,58,-8.943371550039123,-1.0198764600505428,5.32758797766956,10.459791409756871,0.2542669511264304,True,walking_dual_task,P08,12,0.097
2026-04-03T01:32:21.135718,1368.6804915810744,82107,62,-9.02064622938732,-0.7400788140086674,5.182585759441562,10.429715729619415,0.030075680137455763,True,walking_dual_task,P08,12,0.097
2026-04-03T01:32:21.195997,1378.3714171653107,82107,61,-8.901412902549534,-0.8902922202195056,5.002872336377117,10.249707484272228,0.18000824534718696,True,walking_dual_task,P08,12,0.097
2026-04-03T01:32:21.256027,1331.021303827542,82081,60,-9.64732336669563,-0.8184748351281927,5.006804267066749,10.899946704734269,0.6502392204620406,True,walking_dual_task,P08,12,0.097
2026-04-03T01:32:21.256137,1386.6625499717668,82081,61,-9.615038952969828,-0.956216852842376,4.9680699936136135,10.864853620653657,0.03509308408061251,True,walking_dual_task,P08,12,0.097
2026-04-03T01:32:21.256852,1344.0945829141322,82030,62,-10.313901336688344,-0.9732949832645578,5.115050453104402,11.55368361368759,0.6888299930339326,True,walking_dual_task,P08,12,0.097
2026-04-03T01:32:21.257455,1401.5058181937607,82030,60,-10.155211695648028,-0.9706220759330325,4.83008909841966,11.287169374842724,0.2665142388448647,True,walking_dual_task,P08,12,0.097
2026-04-03T01:32:21.258171,1380.9472775802024,81974,61,-10.29213613738914,-0.8828611159474932,4.835251801594271,11.405576268011368,0.11840689316864328,True,walking_dual_task,P08,12,0.097
2026-04-03T01:32:21.258821,1420.9677996763521,81974,62,-9.841648951529653,-0.594301449090295,4.6428465707541005,10.898039850225299,0.5075364177860688,True,walking_dual_task,P08,12,0.097
2026-04-03T01:32:21.375610,1397.3605891255957,81981,61,-9.935796825802308,-0.6956743797660034,4.673595106373062,11.002114007071564,0.10407415684626464,True,walking_dual_task,P08,12,0.097
2026-04-03T01:32:21.375795,1345.0759967057318,81981,61,-9.792983068305542,-0.24848871638548614,4.483273228944524,10.773300462887898,0.22881354418366584,True,walking_dual_task,P08,12,0.097
2026-04-03T01:32:21.376730,1453.7742921675672,82004,61,-9.758313278643316,0.027358759925818973,4.018039958620501,10.553201962199063,0.22009850068883452,True,walking_dual_task,P08,12,0.097
2026-04-03T01:32:21.377226,1343.2969322575846,82004,61,-9.70399998329428,0.06480998899376077,3.9531551208174767,10.478513798229889,0.07468816396917433,True,walking_dual_task,P08,12,0.097
2026-04-03T01:32:21.378013,1354.8629330187705,82044,63,-9.416502063308164,-0.04986529236929127,3.431493116963009,10.022382085484193,0.4561317127456963,True,walking_dual_task,P08,12,0.097
2026-04-03T01:32:21.378780,1326.9573827290692,82044,60,-9.451920051637693,-0.05291853096160142,3.3877791308848866,10.04084859327781,0.018466507793617026,True,walking_dual_task,P08,12,0.097
2026-04-03T01:32:21.435845,1246.1924366486255,82106,61,-8.701685389005439,-0.2782614009388955,2.799515041138163,9.145164978393884,0.8956836148839251,True,walking_dual_task,P08,12,0.097
2026-04-03T01:32:21.436237,1318.2851667836621,82106,60,-8.773999512802193,-0.1585862042809733,2.9125124331569348,9.246131391459624,0.1009664130657395,True,walking_dual_task,P08,12,0.097
2026-04-03T01:32:21.436909,1395.3614048671868,82074,60,-8.31457020470876,-0.15943883839140766,2.6159150759976346,8.717827144251597,0.5283042472080268,True,walking_dual_task,P08,12,0.097
2026-04-03T01:32:21.437550,1411.8634172323304,82074,59,-8.31212664069903,-0.27814082310191157,2.6388353739666077,8.72538043522412,0.00755329097252222,True,walking_dual_task,P08,12,0.097
2026-04-03T01:32:21.438062,1283.687621684484,82060,61,-8.25394634237924,-0.4005368751283118,2.5904315683473293,8.660161414286895,0.06521902093722431,True,walking_dual_task,P08,12,0.097
2026-04-03T01:32:21.438992,1380.3016060592026,82060,61,-8.172430526948242,-0.5554172495001282,2.747954557934873,8.639928430913814,0.02023298337308077,True,walking_dual_task,P08,12,0.097
2026-04-03T01:32:21.495584,1381.5646928973429,82107,61,-8.219535740421513,-0.6764399437966454,2.7799493480589024,8.703244059740216,0.06331562882640185,True,walking_dual_task,P08,12,0.097
2026-04-03T01:32:21.496153,1400.7139708163877,82107,61,-7.966059939715979,-0.6687292913517392,2.978359641496853,8.530881313343706,0.1723627463965105,True,walking_dual_task,P08,12,0.097
2026-04-03T01:32:21.496524,1372.5692845269,82135,61,-7.601192701390898,-0.7755555005981766,2.9911444025513,8.205276452082545,0.3256048612611604,True,walking_dual_task,P08,12,0.097
2026-04-03T01:32:21.497307,1379.2757668949034,82135,61,-7.492595277206208,-0.899321106578003,2.930427405379831,8.095379374615536,0.10989707746700894,True,walking_dual_task,P08,12,0.097
2026-04-03T01:32:21.497970,1362.4818072412652,82177,58,-7.2828303006649735,-0.9295010538536624,2.666891290979565,7.811267410305551,0.284111964309985,True,walking_dual_task,P08,12,0.097
2026-04-03T01:32:21.499233,1365.7354869601909,82177,62,-7.438594956371152,-0.9313145337062664,2.5734425183075786,7.926073938632929,0.11480652832737803,True,walking_dual_task,P08,12,0.097
2026-04-03T01:32:21.555694,1329.772696663953,82265,60,-7.72336554410752,-1.314280123446272,2.510493855328737,8.22680296156633,0.30072902293340054,True,walking_dual_task,P08,12,0.097
2026-04-03T01:32:21.556168,1505.3291270076534,82265,59,-8.24063420700746,-1.7586054745892805,2.6911985005419687,8.845523993426065,0.6187210318597351,True,walking_dual_task,P08,12,0.097
2026-04-03T01:32:21.556801,1431.6457844978272,82345,59,-8.113885790766656,-1.8387020101849443,2.8707187110346917,8.8009654939528,0.044558499473264845,True,walking_dual_task,P08,12,0.097
2026-04-03T01:32:21.615492,1454.9428210549393,82345,63,-8.001486996918901,-1.8655289026907993,2.8547986567626764,8.697923178511694,0.10304231544110642,True,walking_dual_task,P08,12,0.097
2026-04-03T01:32:21.616151,1431.6799332125618,82361,59,-8.025228375502541,-1.8169452489073321,2.7607591928725386,8.679134279265895,0.018788899245798518,True,walking_dual_task,P08,12,0.097
2026-04-03T01:32:21.616731,1344.087835746511,82361,62,-8.088769145696064,-1.9258768631958267,2.760114609042375,8.76101710074845,0.0818828214825551,True,walking_dual_task,P08,12,0.097
2026-04-03T01:32:21.675568,1374.9783063629802,82318,60,-8.068587336485884,-1.9632502754538477,2.770465475280531,8.753966655196452,0.007050445551998408,True,walking_dual_task,P08,12,0.097
2026-04-03T01:32:21.676096,1418.7159285817454,82318,61,-8.06080858126845,-1.843247220005398,2.8782622685531942,8.755489077400856,0.00152242220440435,True,walking_dual_task,P08,12,0.097
2026-04-03T01:32:21.676969,1395.0313946377914,82031,62,-8.087726549019893,-1.8501869006413985,2.6310663507636556,8.70385101211797,0.05163806528288539,True,walking_dual_task,P08,12,0.097
2026-04-03T01:32:21.735509,1368.1143728573174,82031,61,-8.040646856565033,-1.8742022289245308,2.7504851877313437,8.70228732201048,0.0015636901074902454,True,walking_dual_task,P08,12,0.097
2026-04-03T01:32:21.735900,1434.5812852760998,81939,62,-8.106499440025257,-1.7450148754231658,2.6939736934949736,8.718824711382887,0.016537389372405897,True,walking_dual_task,P08,12,0.097
2026-04-03T01:32:21.736554,1371.1150567498664,81939,62,-8.090093344230405,-1.777038447973419,2.832155498930688,8.753775227526706,0.0349505161438195,True,walking_dual_task,P08,12,0.097
2026-04-03T01:32:21.795715,1294.0613927794866,82078,62,-7.970032183620456,-2.032357302082246,2.8377495194973625,8.70084545010888,0.052929777417826784,True,walking_dual_task,P08,12,0.097
2026-04-03T01:32:21.796109,1331.6478021850542,82078,63,-8.093431074335015,-1.8121722517310233,2.840241399630839,8.76667360137997,0.06582815127109143,True,walking_dual_task,P08,12,0.097
2026-04-03T01:32:21.796728,1365.2942247917686,82186,62,-8.110753136284465,-1.9748972387196324,2.8378726048174556,8.816918762380888,0.050245161000917804,True,walking_dual_task,P08,12,0.097
2026-04-03T01:32:21.855499,1302.551834635766,82186,62,-8.465542180064428,0.6255180132871704,4.33906666183005,9.533319289901167,0.7164005275202783,True,walking_dual_task,P08,12,0.097
2026-04-03T01:32:21.855979,1262.3234887495942,82207,61,-7.514217251399214,0.09524048224704332,4.1154204632611355,8.567917905775749,0.9654013841254176,True,walking_dual_task,P08,12,0.097
2026-04-03T01:32:21.856732,1357.9085862978327,82207,61,-7.462458562181976,0.02074611140275104,4.036108351409545,8.484037294692858,0.08388061108289158,True,walking_dual_task,P08,12,0.097
2026-04-03T01:32:21.915588,1396.982024837002,82275,59,-7.695788452106805,-0.7927214354548656,4.096842227549854,8.754295140743526,0.2702578460506686,True,walking_dual_task,P08,12,0.097
2026-04-03T01:32:21.915952,1456.3470118178504,82275,59,-8.600854265967024,-1.1359877980040218,4.235503231770763,9.654255538774482,0.8999603980309558,True,walking_dual_task,P08,12,0.097
2026-04-03T01:32:21.916726,1417.1741350298312,82284,59,-8.666041169954626,-1.146474023640936,4.184944523025274,9.691668221056231,0.0374126822817491,True,walking_dual_task,P08,12,0.097
2026-04-03T01:32:21.975607,1365.2700932066705,82284,57,-9.393328668160487,-0.9746167541148036,4.500541258101064,10.4613274923098,0.7696592712535697,True,walking_dual_task,P08,12,0.097
2026-04-03T01:32:21.976026,1431.7194575922945,82153,58,-9.456136759830041,-0.9145835781030333,4.5805591830511325,10.546871951976037,0.08554445966623625,True,walking_dual_task,P08,12,0.097
2026-04-03T01:32:21.976955,1278.8674434798888,82153,59,-9.264675884066781,-0.6104020123172408,4.34951378118299,10.253052227807595,0.2938197241684417,True,walking_dual_task,P08,12,0.097
2026-04-03T01:32:22.035466,1401.3254471846742,82055,60,-8.4198908719122,-0.15687108137962702,4.311919671161707,9.46106876000988,0.7919834677977153,True,walking_dual_task,P08,12,0.097
2026-04-03T01:32:22.036041,1443.324085518918,82055,58,-8.334512185772216,-0.250567496201901,4.377429236685922,9.4174712193418,0.043597540668079304,True,walking_dual_task,P08,12,0.097
2026-04-03T01:32:22.036708,1326.7007047750878,81965,57,-7.974626896296105,-0.1319182576159872,4.508776494593445,9.16193986227917,0.2555313570626314,True,walking_dual_task,P08,12,0.097
2026-04-03T01:32:22.095653,1456.5808042267822,81965,58,-7.84738421369923,0.01049065352543898,4.510405767157004,9.05126009103873,0.1106797712404397,True,walking_dual_task,P08,12,0.097
2026-04-03T01:32:22.096095,1373.4824156092116,81956,59,-7.729685362258289,-0.04998609274649196,4.3631112505575285,8.876219589088578,0.17504050195015175,True,walking_dual_task,P08,12,0.097
2026-04-03T01:32:22.096681,1450.8977369214226,81956,59,-8.075478351046902,0.028014269437821163,4.557098807509459,9.27260939212493,0.39638980303635307,True,walking_dual_task,P08,12,0.097
2026-04-03T01:32:22.155749,1376.7145530380783,82014,58,-8.051136905499186,-0.027354845414898486,4.499475153558064,9.223168133355538,0.049441258769393315,True,walking_dual_task,P08,12,0.097
2026-04-03T01:32:22.156252,1435.0589913558415,82014,59,-9.04267253768284,-0.2411923993001643,4.928220480635075,10.301235726989,1.0780675936334632,True,walking_dual_task,P08,12,0.097
2026-04-03T01:32:22.157058,1396.9172078529277,82021,57,-9.056238543291197,-0.13898318293866668,4.961848430103993,10.327376855787644,0.02614112879864372,True,walking_dual_task,P08,12,0.097
2026-04-03T01:32:22.215767,1383.8387004840697,82021,58,-10.267085631597682,-0.2660434416025327,5.118121373944543,11.475146747549998,1.1477698917623531,True,walking_dual_task,P08,12,0.097
2026-04-03T01:32:22.216183,1451.8353331069186,81906,59,-11.16784167127921,-0.05770556568953514,5.142830696660766,12.295231803491474,0.8200850559414761,True,walking_dual_task,P08,12,0.097
2026-04-03T01:32:22.216826,1325.567648551076,81906,57,-11.198579894618943,-0.0731881860514684,5.0124278300443486,12.269392035392144,0.02583976809932942,True,walking_dual_task,P08,12,0.097
2026-04-03T01:32:22.275776,1272.456861345384,81784,56,-11.251708449971986,-0.23822869689384352,4.906117614485453,12.277120427948859,0.007728392556714425,True,walking_dual_task,P08,12,0.097
2026-04-03T01:32:22.276387,1359.4799144378055,81784,56,-11.187104516951191,-0.22785804682584884,5.069928046264531,12.284437193335018,0.0073167653861592186,True,walking_dual_task,P08,12,0.097
2026-04-03T01:32:22.276916,1432.1544219795328,81733,58,-10.786729023392951,-0.4460854505174,4.729184824060246,11.786335492993269,0.49810170034174917,True,walking_dual_task,P08,12,0.097
2026-04-03T01:32:22.395781,1387.6980194590906,81733,59,-10.748419658846412,-0.5222163557090307,4.609534671254793,11.706794820545293,0.07954067244797614,True,walking_dual_task,P08,12,0.097
2026-04-03T01:32:22.396186,1374.5578690656012,81708,59,-10.898489068427597,-0.5860988823920072,4.106791294460922,11.661316847201993,0.04547797334329928,True,walking_dual_task,P08,12,0.097
2026-04-03T01:32:22.455864,1329.9377909871146,81708,60,-10.540576748386432,-0.23639850201798027,3.665825572334015,11.162343820504681,0.49897302669731225,True,walking_dual_task,P08,12,0.097
2026-04-03T01:32:22.515548,1372.7450618366427,81683,60,-10.551876228330638,-0.20656031924773438,3.5790474116940856,11.144251409522807,0.01809241098187364,True,walking_dual_task,P08,12,0.097
2026-04-03T01:32:22.515946,1400.528148940429,81683,59,-10.05745954934922,-0.016196115207153583,3.471203524535478,10.639643265151852,0.5046081443709554,True,walking_dual_task,P08,12,0.097
2026-04-03T01:32:22.516481,1422.893932450766,81703,58,-9.996478158985893,-0.056729543374651324,3.2443243541015527,10.509920757969107,0.1297225071827448,True,walking_dual_task,P08,12,0.097
2026-04-03T01:32:22.517256,1415.7155948868524,81703,59,-9.639321597711321,-0.001938503613651013,3.2165723411692393,10.161833606582778,0.34808715138632884,True,walking_dual_task,P08,12,0.097
2026-04-03T01:32:22.518371,1371.5035727751706,81744,58,-8.804923633044325,0.16454545297046147,2.9851771478929656,9.298657859827843,0.8631757467549352,True,walking_dual_task,P08,12,0.097
2026-04-03T01:32:22.575676,1455.115291182932,81744,58,-8.882410678107822,0.20690185313790613,3.0043079920251325,9.379013505819355,0.08035564599151179,True,walking_dual_task,P08,12,0.097
2026-04-03T01:32:22.576134,1398.3422692358279,81803,57,-7.776926625481982,0.267962451742722,2.892940359844007,8.301897104836275,1.0771164009830798,True,walking_dual_task,P08,12,0.097
2026-04-03T01:32:22.576986,1360.5848910846207,81803,59,-7.804857503689912,0.2823911503408314,3.0663554056714424,8.390356422023205,0.08845931718692945,True,walking_dual_task,P08,12,0.097
2026-04-03T01:32:22.577465,1288.563639113872,81902,58,-7.751640535091369,0.28330701711294354,3.145705350594919,8.370403574737512,0.019952847285692243,True,walking_dual_task,P08,12,0.097
2026-04-03T01:32:22.578425,1428.5127194752504,81902,59,-6.900277770767966,0.07023183629454777,3.311686970009953,7.654151580150313,0.716251994587199,True,walking_dual_task,P08,12,0.097
2026-04-03T01:32:22.635805,1330.6974450837192,82030,57,-6.593820559328649,-0.012254070075937984,3.283502163400499,7.366139164305434,0.2880124158448796,True,walking_dual_task,P08,12,0.097
2026-04-03T01:32:22.636231,1367.440998244156,82030,59,-6.633382759675022,-0.014742148107516059,3.3863155882485674,7.447759222108343,0.08162005780290915,True,walking_dual_task,P08,12,0.097
2026-04-03T01:32:22.636881,1421.0938333866939,82156,57,-6.658928883081754,-0.018974957723966308,3.4384854114324956,7.494322907614479,0.04656368550613621,True,walking_dual_task,P08,12,0.097
2026-04-03T01:32:22.637449,1470.0220600737632,82156,57,-6.663912368777168,-0.022126751231110426,3.2353990834358064,7.407835370805605,0.08648753680887378,True,walking_dual_task,P08,12,0.097
2026-04-03T01:32:22.638375,1435.7663667302659,82257,56,-6.586555857633024,-0.0006761800089250519,3.4210534877940812,7.422016268460165,0.014180897654560098,True,walking_dual_task,P08,12,0.097
2026-04-03T01:32:22.695572,1451.6880901721413,82257,58,-6.652175926171858,0.05613050087258018,3.316192289464459,7.433150508806623,0.011134240346457602,True,walking_dual_task,P08,12,0.097
2026-04-03T01:32:22.696192,1435.7927571014827,82360,58,-6.701108393828986,-0.029679865696170912,3.287503148769323,7.464141715792999,0.030991206986375808,True,walking_dual_task,P08,12,0.097
2026-04-03T01:32:22.696746,1364.002934975727,82360,58,-6.5577075471518915,-0.04116010228332565,3.469368079677989,7.419011881664659,0.04512983412833993,True,walking_dual_task,P08,12,0.097
2026-04-03T01:32:22.755538,1417.4079923161205,82270,60,-6.597568392221345,0.1059523262475718,3.3321109511868077,7.392029354412391,0.026982527252267907,True,walking_dual_task,P08,12,0.097
2026-04-03T01:32:22.756083,1345.9585492787946,82270,59,-6.6634298195495285,-0.04955595413678959,3.162448997079035,7.375963422616633,0.016065931795758104,True,walking_dual_task,P08,12,0.097
2026-04-03T01:32:22.756562,1464.693301343875,82084,57,-6.72713201863346,-0.07789217006837414,3.240582897736674,7.467379051808264,0.09141562919163082,True,walking_dual_task,P08,12,0.097
2026-04-03T01:32:22.815645,1354.9952817706924,82084,56,-6.636057927268706,-0.06616255125580303,3.4106217362762434,7.461500045246566,0.005879006561698041,True,walking_dual_task,P08,12,0.097
2026-04-03T01:32:22.816162,1410.7987064084082,81959,59,-6.692470274833775,-0.017956139250100946,3.354457295179349,7.486111443710438,0.024611398463872725,True,walking_dual_task,P08,12,0.097
2026-04-03T01:32:22.816718,1303.4504150169785,81959,58,-10.717351436761225,-1.4605002446303808,4.702217284515338,11.794300749701446,4.308189305991007,True,walking_dual_task,P08,12,0.097
2026-04-03T01:32:22.875417,1384.6879659655597,81856,58,-11.122802159497898,-1.2501698172517863,5.1855049953500645,12.335684598274185,0.5413838485727389,True,walking_dual_task,P08,12,0.097
2026-04-03T01:32:22.875795,1381.760049810738,81856,58,-11.085032636427846,-1.3704655691418195,5.129949136006797,12.291155460935745,0.044529137338439995,True,walking_dual_task,P08,12,0.097
2026-04-03T01:32:22.876923,1424.098000323572,81811,57,-10.61390186037034,-1.3996653354440498,5.7861284106056345,12.169357326368322,0.12179813456742217,True,walking_dual_task,P08,12,0.097
2026-04-03T01:32:22.935592,1264.77971948856,81811,59,-10.12896022624863,-1.0402280537290691,5.8732181311764,11.754684210350819,0.4146731160175037,True,walking_dual_task,P08,12,0.097
2026-04-03T01:32:22.936191,1294.2585886011545,81801,58,-10.106745692950552,-0.958085483151603,5.879024323163158,11.731460407270033,0.023223803080785643,True,walking_dual_task,P08,12,0.097
2026-04-03T01:32:22.936754,1461.9124645203713,81801,57,-9.706651604270512,-0.6948302258554577,5.842586339282098,11.350669123070034,0.38079128419999897,True,walking_dual_task,P08,12,0.097
2026-04-03T01:32:22.995658,1425.899821665344,81800,59,-9.789996152689065,-0.5911706878106023,5.823627906439833,11.406495931900293,0.05582680883025937,True,walking_dual_task,P08,12,0.097
2026-04-03T01:32:23.115637,1347.4870863135307,81800,59,-9.116083270787334,-1.0266499197689294,5.822947250186131,10.865712076810267,0.5407838550900266,True,walking_dual_task,P08,12,0.097
2026-04-03T01:32:23.116070,1307.5041196502486,81836,59,-8.56072531596398,-1.3320876907912234,5.896485484162191,10.479933998660464,0.38577807814980325,True,walking_dual_task,P08,12,0.097
2026-04-03T01:32:23.116836,1366.3441217861823,81836,58,-8.52099761272435,-1.4542089075028648,5.976443526735258,10.509043776241992,0.029109777581528107,True,walking_dual_task,P08,12,0.097
2026-04-03T01:32:23.117407,1371.038575883611,81886,58,-8.850763939346859,-1.53947173819371,5.834230833314421,10.711874017142685,0.20283024090069368,True,walking_dual_task,P08,12,0.097
2026-04-03T01:32:23.118483,1394.1221518716495,81886,58,-8.86489289968148,-1.5503790711591199,5.814036709041678,10.714150654214057,0.002276637071371823,True,walking_dual_task,P08,12,0.097
2026-04-03T01:32:23.175855,1383.417168276375,81896,58,-8.811998684122678,-1.1374695935551622,5.535533699733258,10.468394873433317,0.24575578078074045,True,walking_dual_task,P08,12,0.097
2026-04-03T01:32:23.176169,1449.760176722929,81896,58,-8.813996626380836,-0.7389403865633688,5.143655791489433,10.231801616825358,0.23659325660795893,True,walking_dual_task,P08,12,0.097
2026-04-03T01:32:23.235493,1341.0362564713305,81877,57,-8.833921063481684,-0.87526684209814,4.957937041029431,10.167860792886254,0.06394082393910416,True,walking_dual_task,P08,12,0.097
2026-04-03T01:32:23.235856,1426.8250429046889,81877,56,-8.295936978518624,-0.4490525088810098,4.485723453494918,9.441712419287056,0.726148373599198,True,walking_dual_task,P08,12,0.097
2026-04-03T01:32:23.236536,1420.5330644186868,81871,57,-8.210845874198025,-0.5408595309037203,4.539079348958979,9.397540121656837,0.04417229763021879,True,walking_dual_task,P08,12,0.097
2026-04-03T01:32:23.237579,1363.6773377194959,81871,57,-7.455839567564577,-0.37999521742238507,4.200220946236368,8.56596731372051,0.8315728079363272,True,walking_dual_task,P08,12,0.097
2026-04-03T01:32:23.238229,1398.7589638052516,81915,55,-7.117579776257061,-0.4300963502891265,4.192904870944154,8.271963249356393,0.29400406436411686,True,walking_dual_task,P08,12,0.097
2026-04-03T01:32:23.295758,1353.4979326175508,81915,57,-7.101299865580695,-0.46616120145663525,4.279054727062162,8.303979492016639,0.032016242660246164,True,walking_dual_task,P08,12,0.097
2026-04-03T01:32:23.355575,1453.4273953526006,81964,56,-7.212436550528255,-0.5101838459435866,4.530659288226621,8.532666765909228,0.22868727389258936,True,walking_dual_task,P08,12,0.097
2026-04-03T01:32:23.355936,1327.745138644409,81964,56,-7.272120261940297,-0.5714022637365793,4.434664235050609,8.536772254708621,0.004105488799392987,True,walking_dual_task,P08,12,0.097
2026-04-03T01:32:23.356520,1319.0732257576021,81989,57,-7.581998902512366,-1.0470917726655558,4.93317173959934,9.1060030721752,0.569230817466579,True,walking_dual_task,P08,12,0.097
2026-04-03T01:32:23.357247,1330.7368584501805,81989,56,-7.998446926702872,-1.1864990886147642,5.122746365797208,9.572119078597737,0.4661160064225367,True,walking_dual_task,P08,12,0.097
2026-04-03T01:32:23.415577,1421.8306451518395,81985,56,-8.109064601755213,-1.0627493458447865,5.128391192155558,9.653329016837231,0.0812099382394944,True,walking_dual_task,P08,12,0.097
2026-04-03T01:32:23.415877,1358.5481269609718,81985,56,-8.753914692904319,-1.3046398392701073,5.24154404497585,10.286247689817635,0.6329186729804039,True,walking_dual_task,P08,12,0.097
2026-04-03T01:32:23.416609,1415.8566330738456,81934,56,-8.728893542341638,-1.2892681048823318,5.176410783618321,10.229908275276003,0.05633941454163249,True,walking_dual_task,P08,12,0.097
2026-04-03T01:32:23.417317,1296.6847238664507,81934,56,-9.830466068168107,-1.118570203515582,5.333898078225112,11.240094800600703,1.0101865253247002,True,walking_dual_task,P08,12,0.097
2026-04-03T01:32:23.418566,1363.6794182029066,81829,57,-9.787936734292222,-1.171816763781804,5.502378978189171,11.289509930107917,0.049415129507213607,True,walking_dual_task,P08,12,0.097
2026-04-03T01:32:23.475477,1354.1078680436472,81829,57,-10.91928348561588,-0.907849124271536,5.878646094088122,12.434364550358888,1.144854620250971,True,walking_dual_task,P08,12,0.097
2026-04-03T01:32:23.476101,1346.812967203795,81566,56,-10.855726659683206,-0.9424005599485754,5.815366353480592,12.351251189670716,0.08311336068817177,True,walking_dual_task,P08,12,0.097
2026-04-03T01:32:23.476979,1366.5868683840085,81566,55,-10.288699819760412,-0.3444786148735803,5.743167140061514,11.78812870204281,0.563122487627906,True,walking_dual_task,P08,12,0.097
2026-04-03T01:32:23.477488,1346.347618329326,81481,56,-10.172017926766962,-0.4164225913024916,5.823648484973793,11.728522419876814,0.05960628216599595,True,walking_dual_task,P08,12,0.097
2026-04-03T01:32:23.535825,1479.329396527602,81481,57,-9.842016614990364,-0.08332430285719444,5.2325232968558435,11.146817215749621,0.5817052041271928,True,walking_dual_task,P08,12,0.097
2026-04-03T01:32:23.595880,1378.865476599852,81555,56,-9.909606610675878,-0.1334289458511435,5.318488525781802,11.247418666556994,0.10060145080737293,True,walking_dual_task,P08,12,0.097
2026-04-03T01:32:23.656029,1395.3610055704266,81555,55,-10.0875859973804,0.023241491366789574,4.882085985324976,11.206903898471362,0.04051476808563237,True,walking_dual_task,P08,12,0.097
2026-04-03T01:32:23.656169,1416.5741591204412,81602,54,-10.143577265976042,0.22754524425984768,4.321810588089685,11.028235731445687,0.17866816702567512,True,walking_dual_task,P08,12,0.097
2026-04-03T01:32:23.656882,1362.8872659140904,81602,56,-10.241373753959515,0.19162672074288392,4.408725863650852,11.151651039609222,0.12341530816353519,True,walking_dual_task,P08,12,0.097
2026-04-03T01:32:23.657346,1294.619761991285,81612,57,-10.112848573031908,0.19937937783423482,4.38470427685454,11.024295442015584,0.12735559759363824,True,walking_dual_task,P08,12,0.097
2026-04-03T01:32:23.658368,1399.2067444687216,81612,55,-10.03529762927453,0.08085342033572238,4.39301116595882,10.955011770324203,0.06928367169138028,True,walking_dual_task,P08,12,0.097
2026-04-03T01:32:23.715502,1330.7253748955686,81639,59,-10.156095721513442,0.10916239522695936,4.286257333969167,11.024073596728199,0.0690618264039955,True,walking_dual_task,P08,12,0.097
2026-04-03T01:32:23.715984,1438.6770558542846,81639,56,-10.086514827986083,0.1530535446557197,4.3453764741724505,10.983783658876671,0.04028993785152757,True,walking_dual_task,P08,12,0.097
2026-04-03T01:32:23.716723,1371.796643414352,81648,56,-10.256454360005113,0.19920583869322867,4.408455378641895,11.165528103520856,0.1817444446441847,True,walking_dual_task,P08,12,0.097
2026-04-03T01:32:23.717323,1393.1727092166575,81648,56,-10.092507615225868,0.3165113052216564,4.27529898280208,10.965266561377964,0.2002615421428917,True,walking_dual_task,P08,12,0.097
2026-04-03T01:32:23.718214,1390.6311964964943,81669,57,-10.134257459113424,0.17513222223892494,4.343946688888581,11.027407600101144,0.062141038723179776,True,walking_dual_task,P08,12,0.097
2026-04-03T01:32:23.835455,1487.4512001620421,81669,58,-10.235533269780326,0.192501021748869,4.365353060280684,11.129218539549676,0.10181093944853181,True,walking_dual_task,P08,12,0.097
2026-04-03T01:32:23.835913,1405.9367610378422,81763,56,-10.10342179657979,0.18027481865816425,4.393077782190784,11.018655245093392,0.11056329445628421,True,walking_dual_task,P08,12,0.097
2026-04-03T01:32:23.836592,1403.9006065516976,81763,57,-10.172021703173913,0.20108139024005459,4.329865896047256,11.057042910882416,0.038387665789024084,True,walking_dual_task,P08,12,0.097
2026-04-03T01:32:23.837285,1433.4082033771265,81908,55,-10.198878137065423,0.205644696484977,4.302954846686035,11.07135156196037,0.014308651077953982,True,walking_dual_task,P08,12,0.097
2026-04-03T01:32:23.837995,1514.02294163528,81908,56,-6.809126160170366,0.5203468144192457,3.125733701157176,7.510337611781672,3.5610139501786975,True,walking_dual_task,P08,12,0.097
2026-04-03T01:32:23.838793,1405.278912492216,82063,57,-6.850307892230001,0.4455298141807329,2.805059541533118,7.415765238006024,0.09457237377564809,True,walking_dual_task,P08,12,0.097
2026-04-03T01:32:23.895516,1364.3152481065554,82063,56,-6.896581928050922,0.5526069838210935,2.8646656762599303,7.488292609509072,0.07252737150304789,True,walking_dual_task,P08,12,0.097
2026-04-03T01:32:23.896083,1400.7026881579739,82199,56,-6.707236942669627,0.22019986463557115,3.0415050853141157,7.367921590889072,0.12037101862000021,True,walking_dual_task,P08,12,0.097
2026-04-03T01:32:23.896565,1410.068799727971,82199,56,-7.170253088673971,0.05953923499530324,3.491848328276139,7.97553001522954,0.6076084243404685,True,walking_dual_task,P08,12,0.097
2026-04-03T01:32:23.955561,1305.586499749256,82283,57,-7.2604669974758105,-0.06768282174434499,3.492545226334,8.057098369995435,0.08156835476589475,True,walking_dual_task,P08,12,0.097
2026-04-03T01:32:23.956052,1348.6134565023613,82283,57,-8.277430190811861,-0.8870724737793283,4.080958217629096,9.27129808125783,1.2141997112623955,True,walking_dual_task,P08,12,0.097
2026-04-03T01:32:23.957077,1326.6178810959536,82231,57,-8.110840957771172,-0.7818601987492065,3.9403122944893316,9.051138458268678,0.22015962298915248,True,walking_dual_task,P08,12,0.097
2026-04-03T01:32:24.015738,1397.2054294275333,82231,56,-9.371908031063619,-1.7803432608696914,4.515404073168077,10.554200879897149,1.5030624216284707,True,walking_dual_task,P08,12,0.097
2026-04-03T01:32:24.015996,1342.725722803911,82062,55,-9.893690814909124,-2.1947847642360228,4.93940945033582,11.273861974514615,0.7196610946174662,True,walking_dual_task,P08,12,0.097
2026-04-03T01:32:24.016786,1331.7773003291613,82062,56,-9.863759529561479,-2.093505614533302,5.077776711009289,11.289833220290088,0.015971245775473264,True,walking_dual_task,P08,12,0.097
2026-04-03T01:32:24.135699,1324.8841665519367,81940,56,-9.606432607975757,-2.1129987213167283,5.573807479755544,11.305557963640931,0.01572474335084273,True,walking_dual_task,P08,12,0.097
2026-04-03T01:32:24.136343,1402.1201175584235,81940,57,-9.52259118925676,-2.1092163860667847,5.600399002881117,11.2469109408955,0.05864702274543099,True,walking_dual_task,P08,12,0.097
2026-04-03T01:32:24.196604,1397.2033783199654,81884,56,-9.165233363221583,-1.5077348599205884,5.891614649320743,10.999358626130004,0.2475523147654961,True,walking_dual_task,P08,12,0.097
2026-04-03T01:32:24.196766,1371.3219767214805,81884,58,-9.301603890456853,-0.3162692305123887,5.634079336887876,10.879462814655781,0.11989581147422257,True,walking_dual_task,P08,12,0.097
2026-04-03T01:32:24.197050,1380.1806407255297,81807,56,-9.37495612526018,-0.3462611476575912,5.66086812657267,10.956967056598138,0.07750424194235705,True,walking_dual_task,P08,12,0.097
2026-04-03T01:32:24.197753,1286.4741282589296,81807,55,-9.459216127261003,-0.20729850773266964,5.873575682711536,11.136365372691538,0.1793983160933994,True,walking_dual_task,P08,12,0.097
2026-04-03T01:32:24.198413,1430.2841405809654,81774,55,-9.532892693803884,-0.2141969908236338,5.992075215949208,11.261744485471606,0.12537911278006852,True,walking_dual_task,P08,12,0.097
2026-04-03T01:32:24.199028,1385.641095044524,81774,56,-9.135297594321191,-1.4966643743974344,6.544383817206938,11.33678199196408,0.07503750649247465,True,walking_dual_task,P08,12,0.097
2026-04-03T01:32:24.256124,1443.6330520805584,81793,56,-8.746489786658124,-2.574395174372848,6.8907991872956185,11.428547919205792,0.09176592724171151,True,walking_dual_task,P08,12,0.097
2026-04-03T01:32:24.256406,1433.2392454792684,81793,57,-8.78321646077528,-2.698280351571309,6.920070003777111,11.50273780930807,0.07418989010227683,True,walking_dual_task,P08,12,0.097
2026-04-03T01:32:24.256683,1472.4714866927673,81810,56,-8.796331385433307,-2.2208454147250545,6.822377761235282,11.351318800714836,0.15141900859323343,True,walking_dual_task,P08,12,0.097
2026-04-03T01:32:24.257250,1382.7249194455092,81810,56,-8.876459468491516,-2.2759213811951566,6.783656597190967,11.40128710531256,0.04996830459772461,True,walking_dual_task,P08,12,0.097
2026-04-03T01:32:24.315723,1448.9392900005798,81812,56,-8.773659308893302,-1.594122500742878,6.20570266852216,10.864118456000371,0.5371686493121892,True,walking_dual_task,P08,12,0.097
2026-04-03T01:32:24.316193,1389.3981616031729,81812,55,-8.830269151557552,-1.617181523879623,6.158927375845979,10.886749551223799,0.022631095223427877,True,walking_dual_task,P08,12,0.097
2026-04-03T01:32:24.316868,1412.477800867209,81809,56,-8.192303395247295,-1.3736456875506826,5.376955687711242,9.895068967031873,0.9916805841919256,True,walking_dual_task,P08,12,0.097
2026-04-03T01:32:24.375777,1439.8968718763535,81809,55,-7.565285355162953,-1.6075327279663263,4.79632986519854,9.100685916584604,0.7943830504472693,True,walking_dual_task,P08,12,0.097
2026-04-03T01:32:24.376277,1358.3202365699467,81831,55,-7.549847242921628,-1.575435919794091,4.875790955475832,9.124446787084063,0.02376087049945852,True,walking_dual_task,P08,12,0.097
2026-04-03T01:32:24.376807,1398.0420385194866,81831,55,-7.293218250748724,-1.4550150288173502,4.69932506461972,8.797258507631897,0.3271882794521659,True,walking_dual_task,P08,12,0.097
2026-04-03T01:32:24.435630,1445.2181179386257,81865,55,-7.289964094508548,-1.4868843963760838,4.667748092805224,8.783067457631036,0.014191050000860628,True,walking_dual_task,P08,12,0.097
2026-04-03T01:32:24.436125,1451.9731343499534,81865,57,-7.087857285656321,-1.3500710114559407,4.928094918790764,8.737650265741724,0.045417191889312036,True,walking_dual_task,P08,12,0.097
2026-04-03T01:32:24.436659,1321.5554563024605,81897,54,-7.223367797127247,-1.718134425151886,5.208052095707664,9.069334863542748,0.3316845978010239,True,walking_dual_task,P08,12,0.097
2026-04-03T01:32:24.495588,1444.8583133790416,81897,54,-7.285942225740136,-1.7819207538350244,5.158596326989418,9.103368154403062,0.03403329086031448,True,walking_dual_task,P08,12,0.097
2026-04-03T01:32:24.496115,1434.3798323080157,81899,55,-7.488811413216582,-1.9994494890022572,5.5536477581325014,9.53536040552241,0.4319922511193468,True,walking_dual_task,P08,12,0.097
2026-04-03T01:32:24.496797,1442.1697486053886,81899,55,-7.580743507651882,-1.8279375221021537,5.539518235828264,9.56531703596849,0.029956630446081434,True,walking_dual_task,P08,12,0.097
2026-04-03T01:32:24.555786,1407.9289289605763,81867,55,-7.9237504003185055,-1.7206755972375225,5.524497946719563,9.811555558665765,0.24623852269727386,True,walking_dual_task,P08,12,0.097
2026-04-03T01:32:24.615746,1390.9900895594806,81867,56,-7.894347506939179,-1.555563978981207,5.568320490993547,9.785024013431919,0.026531545233845932,True,walking_dual_task,P08,12,0.097
2026-04-03T01:32:24.616132,1331.0962223232862,81840,56,-8.365932177600236,-1.3217333838029723,5.473752833648176,10.084531244531782,0.299507231099863,True,walking_dual_task,P08,12,0.097
2026-04-03T01:32:24.617029,1370.6792387255641,81840,57,-8.454640582368809,-1.3354502054429573,5.438872872572633,10.141287529316074,0.05675628478429218,True,walking_dual_task,P08,12,0.097
2026-04-03T01:32:24.617711,1388.351148284777,81818,55,-8.432807934191176,-1.380505816727567,5.3675617456381,10.091023984621868,0.050263544694205464,True,walking_dual_task,P08,12,0.097
2026-04-03T01:32:24.618243,1422.6854154885673,81818,55,-8.47881977709963,-1.3822930717099524,5.369062940077654,10.130545681410675,0.03952169678880679,True,walking_dual_task,P08,12,0.097
2026-04-03T01:32:24.675864,1431.6706695266457,81759,54,-8.271107583258683,-1.2670581828475698,5.304115639395258,9.907083314913509,0.22346236649716644,True,walking_dual_task,P08,12,0.097
2026-04-03T01:32:24.676112,1483.2935731145772,81759,56,-8.448796995103818,-1.3500160799156755,5.511662394611497,10.177580087264394,0.2704967723508851,True,walking_dual_task,P08,12,0.097
2026-04-03T01:32:24.676751,1325.9701965072445,81708,55,-8.387484479990015,-1.2206710243176417,5.355660879920652,10.02611774877966,0.151462338484734,True,walking_dual_task,P08,12,0.097
2026-04-03T01:32:24.735861,1360.948360619795,81708,55,-8.346569200151404,-1.2462993942566056,5.340627472698133,9.987030659569363,0.039087089210296355,True,walking_dual_task,P08,12,0.097
2026-04-03T01:32:24.736049,1479.7468920081483,81710,56,-8.365981764988176,-1.4021264105058975,5.3727799691542835,10.04103450646886,0.05400384689949611,True,walking_dual_task,P08,12,0.097
2026-04-03T01:32:24.736970,1415.1835946243027,81710,54,-8.399066499444551,-1.472545325533556,5.37734512503793,10.081098570672328,0.04006406420346842,True,walking_dual_task,P08,12,0.097
2026-04-03T01:32:24.855708,1339.2625233256952,81718,55,-8.406732030783484,-1.2894563893026296,5.2397786535294415,9.98955061828595,0.09154795238637803,True,walking_dual_task,P08,12,0.097
2026-04-03T01:32:24.855864,1380.5180638888849,81718,56,-8.34982203528887,-1.365272229285035,5.4056362928447905,10.040139441839106,0.05058882355315575,True,walking_dual_task,P08,12,0.097
2026-04-03T01:32:24.856547,1408.8858558287982,81635,54,-8.379845536668943,-1.5008231058271058,5.410119411406331,10.086806891137082,0.04666744929797595,True,walking_dual_task,P08,12,0.097
2026-04-03T01:32:24.857213,1453.7152296449535,81635,54,-8.852941671887928,-0.4944937875736466,4.141795728890967,9.786397305017726,0.30040958611935586,True,walking_dual_task,P08,12,0.097
2026-04-03T01:32:24.858296,1371.3527530644103,81616,57,-8.984261576449203,-0.4827355073425079,4.028942791438346,9.858111870981874,0.07171456596414849,True,walking_dual_task,P08,12,0.097
2026-04-03T01:32:24.858718,1374.0808689362855,81616,54,-9.191834568866959,-0.283433721798913,3.966579222723436,10.015183879800293,0.1570720088184192,True,walking_dual_task,P08,12,0.097
2026-04-03T01:32:24.915491,1468.0570624694487,81629,56,-9.020265014312772,-0.26260456152843975,4.01324511927826,9.876248198156084,0.13893568164420955,True,walking_dual_task,P08,12,0.097
2026-04-03T01:32:24.916053,1422.3691796681119,81629,58,-8.991607765347352,-0.3869700635348941,4.164632832047953,9.916800021261837,0.040551823105753115,True,walking_dual_task,P08,12,0.097
2026-04-03T01:32:24.916678,1410.1063871912606,81627,54,-8.884105516837725,-0.3088390368870802,4.107680610847969,9.792637662333277,0.12416235892855987,True,walking_dual_task,P08,12,0.097
2026-04-03T01:32:24.975581,1344.3452292361774,81627,56,-8.500566672091601,-0.9115183831471244,4.182781616309825,9.517676268881447,0.27496139345183046,True,walking_dual_task,P08,12,0.097
2026-04-03T01:32:24.976601,1488.3643637761372,81645,54,-8.47712195207194,-0.8451139151615673,4.26994982557873,9.52933815292854,0.011661884047093451,True,walking_dual_task,P08,12,0.097
2026-04-03T01:32:24.976951,1420.3699434663602,81645,54,-8.121409847358342,-0.8726104260767924,4.251654324750233,9.208436966262749,0.32090118666579137,True,walking_dual_task,P08,12,0.097
2026-04-03T01:32:25.035707,1425.0102875230134,81690,53,-7.685127134552068,-0.4109324891683712,3.6792338582085016,8.530346204479066,0.6780907617836824,True,walking_dual_task,P08,12,0.097
2026-04-03T01:32:25.036083,1406.0071297861773,81690,56,-7.69681969393151,-0.40176294837176174,3.704700136350822,8.551447244054899,0.021101039575832203,True,walking_dual_task,P08,12,0.097
2026-04-03T01:32:25.036705,1341.0710369769354,81731,53,-7.664636030557028,0.0857426265723843,2.9892664498323964,8.227375716898925,0.324071527155974,True,walking_dual_task,P08,12,0.097
2026-04-03T01:32:25.095502,1406.2492520914207,81731,55,-7.826486430301061,0.15209720119013145,3.027046362131708,8.392856074113944,0.16548035721501897,True,walking_dual_task,P08,12,0.097
2026-04-03T01:32:25.096149,1400.5302503271116,81779,55,-7.41207689215329,-0.04662104039105339,2.515629747438431,7.827480463265115,0.5653756108488288,True,walking_dual_task,P08,12,0.097
2026-04-03T01:32:25.096926,1423.402569995977,81779,54,-7.540694295745848,-0.6069536046820498,2.460410854102571,7.95512945910475,0.1276489958396354,True,walking_dual_task,P08,12,0.097
2026-04-03T01:32:25.155926,1548.1007167588914,81844,56,-7.438742765250291,-0.6102040528421946,2.623087715871756,7.911247188580691,0.04388227052405913,True,walking_dual_task,P08,12,0.097
2026-04-03T01:32:25.156075,1395.2100978981937,81844,56,-7.940015432985164,-1.379664003307712,2.7025224360530897,8.50005560896139,0.5888084203806985,True,walking_dual_task,P08,12,0.097
2026-04-03T01:32:25.156832,1527.312892026989,81943,56,-7.913801953852491,-1.2978499398534982,2.6088046868796106,8.433180759681502,0.06687484927988763,True,walking_dual_task,P08,12,0.097
2026-04-03T01:32:25.215605,1399.895017518641,81943,55,-9.471806162871472,-2.057454351315359,3.161476126532885,10.195251919074577,1.7620711593930753,True,walking_dual_task,P08,12,0.097
2026-04-03T01:32:25.216356,1462.7256986210516,81946,56,-10.803029232916211,-2.12195256874063,4.075020073465886,11.739417017483326,1.5441650984087492,True,walking_dual_task,P08,12,0.097
2026-04-03T01:32:25.216814,1468.5479756554541,81946,57,-10.8998507518387,-2.1884138776740616,4.082402647624826,11.843222242687558,0.10380522520423163,True,walking_dual_task,P08,12,0.097
2026-04-03T01:32:25.275611,1397.069576898534,81833,54,-11.729694233565136,-1.814191799351863,4.579043032746815,12.721818022339177,0.8785957796516186,True,walking_dual_task,P08,12,0.097
2026-04-03T01:32:25.276086,1404.5259404041183,81833,54,-11.79905466983641,-2.0542242286288634,4.519939970135316,12.801069705962119,0.07925168362294244,True,walking_dual_task,P08,12,0.097
2026-04-03T01:32:25.276734,1434.1621487073921,81723,56,-11.836109045638475,-1.5397879498822966,4.933173218406381,12.91513152366826,0.11406181770614054,True,walking_dual_task,P08,12,0.097
2026-04-03T01:32:25.335595,1361.7829768812514,81723,56,-10.78470578725648,-0.863353872222605,4.947254250975209,11.89666270221012,1.0184688214581392,True,walking_dual_task,P08,12,0.097
2026-04-03T01:32:25.395941,1350.607501470463,81671,57,-10.70644463431297,-0.7422571423527776,4.998684279694904,11.839161579311757,0.05750112289836373,True,walking_dual_task,P08,12,0.097
2026-04-03T01:32:25.455677,1431.9534208507482,81671,54,-10.669739330487914,-0.825786444032214,5.007644377952031,11.815318990520003,0.023842588791753272,True,walking_dual_task,P08,12,0.097
2026-04-03T01:32:25.456140,1311.1620244213568,81714,56,-9.32494416267621,0.01709694827845525,5.0144047647551675,10.587687712029899,1.2276312784901044,True,walking_dual_task,P08,12,0.097
2026-04-03T01:32:25.456496,1479.2159287181285,81714,56,-9.235662196812436,0.08027173030272992,4.8634069009234695,10.438229085829938,0.14945862619996042,True,walking_dual_task,P08,12,0.097
2026-04-03T01:32:25.457251,1394.689336020641,81767,55,-8.907664327136564,-0.2670986850351347,4.699056030031391,10.074668880209572,0.3635602056203666,True,walking_dual_task,P08,12,0.097
2026-04-03T01:32:25.457986,1330.6207374766268,81767,56,-8.960792563330212,-0.15708782190344353,4.793345094287024,10.163495320988241,0.08882644077866964,True,walking_dual_task,P08,12,0.097
2026-04-03T01:32:25.458660,1449.849090899098,81765,56,-8.829344084522234,-0.8121292204484493,4.997021659001981,10.17777462386198,0.014279302873738686,True,walking_dual_task,P08,12,0.097
2026-04-03T01:32:25.575888,1384.075077555466,81765,56,-8.931434979553263,-1.6408198324542471,5.06311679578733,10.397017466771253,0.21924284290927254,True,walking_dual_task,P08,12,0.097
2026-04-03T01:32:25.575978,1380.926606317529,81662,55,-8.829027732190081,-1.6468378583697776,5.118691790308561,10.337543773629871,0.05947369314138129,True,walking_dual_task,P08,12,0.097
2026-04-03T01:32:25.576763,1466.9696817787922,81662,56,-8.961549739489476,-2.0221853213908236,4.9013681220932455,10.412589335783116,0.0750455621532442,True,walking_dual_task,P08,12,0.097
2026-04-03T01:32:25.577310,1419.673987951166,81603,54,-8.858337790243656,-2.085673746942499,4.934943068456224,10.352480208802534,0.06010912698058135,True,walking_dual_task,P08,12,0.097
2026-04-03T01:32:25.578008,1409.9374539505425,81603,56,-9.059807901732416,-1.7491287357655996,4.743728888401492,10.375092014880106,0.022611806077572183,True,walking_dual_task,P08,12,0.097
2026-04-03T01:32:25.578692,1386.718704209481,81601,57,-9.271882078117605,-0.9747635690209547,4.424933611269847,10.319786758947808,0.05530525593229818,True,walking_dual_task,P08,12,0.097
2026-04-03T01:32:25.635523,1419.8263059830301,81601,54,-9.325174093272507,-0.9760941803670233,4.420003335028901,10.36571566272458,0.0459289037767725,True,walking_dual_task,P08,12,0.097
2026-04-03T01:32:25.636151,1524.1214786288429,81604,56,-9.39513124733835,-0.9777349919954,4.403289946776114,10.421776202963931,0.05606054023935059,True,walking_dual_task,P08,12,0.097
2026-04-03T01:32:25.636777,1352.1166830818138,81604,55,-9.303760175284557,-0.9046026929554534,4.337367544572042,10.304902554028354,0.11687364893557728,True,walking_dual_task,P08,12,0.097
2026-04-03T01:32:25.637436,1348.1187839505728,81637,53,-9.334175289298669,-0.9294226111477496,4.555504959851583,10.428004610696092,0.12310205666773832,True,walking_dual_task,P08,12,0.097
2026-04-03T01:32:25.695505,1437.4120606638526,81637,55,-9.253418516951237,-1.056128896909546,4.490513984464731,10.339529889768524,0.08847472092756803,True,walking_dual_task,P08,12,0.097
2026-04-03T01:32:25.696067,1382.149341866933,81689,55,-9.300585787553715,-0.9849352680616724,4.386658470182707,10.330235525289032,0.0092943644794925,True,walking_dual_task,P08,12,0.097
2026-04-03T01:32:25.696733,1316.3910759779592,81689,54,-9.285435818795131,-1.0636963537998196,4.431706852471374,10.343635429784461,0.013399904495429382,True,walking_dual_task,P08,12,0.097
2026-04-03T01:32:25.756609,1332.0654478641566,81744,54,-9.356087270292493,-0.9265821276491859,4.447213220599964,10.400607139878288,0.05697171009382629,True,walking_dual_task,P08,12,0.097
2026-04-03T01:32:25.756994,1426.227929465483,81744,55,-9.330471761773534,-1.0422467583583022,4.450194588822621,10.389812966600884,0.010794173277403729,True,walking_dual_task,P08,12,0.097
2026-04-03T01:32:25.757248,1453.7637879122137,81760,55,-9.37861285214041,-1.0297590700754669,4.4592617206036556,10.435698245233858,0.045885278632974646,True,walking_dual_task,P08,12,0.097
2026-04-03T01:32:25.815782,1425.7751594067886,81760,54,-9.307694509447547,-0.9747040016585862,4.465147710111739,10.36922220058792,0.06647604464593826,True,walking_dual_task,P08,12,0.097
2026-04-03T01:32:25.876121,1458.1541288319795,81764,56,-9.28876107578007,-1.0209080058077824,4.428092621503709,10.340761081461311,0.02846111912660909,True,walking_dual_task,P08,12,0.097
2026-04-03T01:32:25.876493,1456.9440246525794,81764,57,-8.292132715533166,-0.5293170476188349,4.978345906489927,9.686256731760746,0.6545043497005647,True,walking_dual_task,P08,12,0.097
2026-04-03T01:32:25.876985,1403.0268354389436,81769,54,-9.582834107471221,-0.08090664577631379,5.177877278940802,10.892551057140652,1.2062943253799059,True,walking_dual_task,P08,12,0.097
2026-04-03T01:32:25.878271,1442.5153497511565,81769,56,-9.578522477877952,-0.10784987991101785,5.066063832133751,10.836269063061497,0.05628199407915524,True,walking_dual_task,P08,12,0.097
2026-04-03T01:32:25.879257,1313.086739412837,81738,55,-11.035910011969307,0.06950934307511275,5.182153528132182,12.192245754174738,1.3559766911132414,True,walking_dual_task,P08,12,0.097
2026-04-03T01:32:25.935770,1496.1494619185382,81738,56,-11.053892633712287,-0.008436458528882591,5.022126927276789,12.141267331096449,0.05097842307828948,True,walking_dual_task,P08,12,0.097
2026-04-03T01:32:25.936213,1376.1397139372393,81605,55,-11.180124613527154,-0.08585391321550953,5.1487493928089485,12.309028295456983,0.167760964360534,True,walking_dual_task,P08,12,0.097
2026-04-03T01:32:25.937077,1445.7954066457428,81605,57,-10.052756379388615,-0.34506572640469046,4.456975024218129,11.00189108950738,1.3071372059496031,True,walking_dual_task,P08,12,0.097
2026-04-03T01:32:25.996043,1394.3614119840786,81618,54,-10.095369541595794,-0.4298277685931743,4.554906304357319,11.083700173385596,0.08180908387821617,True,walking_dual_task,P08,12,0.097
2026-04-03T01:32:25.996444,1426.4844311187348,81618,57,-9.805612933830824,-0.40643881871327336,3.9187624333278395,10.567494335476548,0.5162058379090482,True,walking_dual_task,P08,12,0.097
2026-04-03T01:32:25.996901,1374.2178259322086,81703,55,-9.92842722550522,-0.46056134595928744,3.5471324954035097,10.55310062803784,0.014393707438708603,True,walking_dual_task,P08,12,0.097
2026-04-03T01:32:26.055787,1458.3753411861842,81703,55,-9.876601844205693,-0.3170581980623611,3.4890488219065094,10.47956352008866,0.07353710794917845,True,walking_dual_task,P08,12,0.097
2026-04-03T01:32:26.115532,1414.4278413076047,81689,56,-9.645476548443598,-0.5031393678430642,3.343017054201511,10.22076954513363,0.2587939749550312,True,walking_dual_task,P08,12,0.097
2026-04-03T01:32:26.175581,1431.9509432286193,81689,57,-9.577035031402492,-0.3949588750728832,3.212937800326201,10.109330433538828,0.11143911159480169,True,walking_dual_task,P08,12,0.097
2026-04-03T01:32:26.235886,1371.149158112375,81706,56,-9.272789448823021,-0.07037007136464647,3.1898853076305294,9.806372641552253,0.30295779198657513,True,walking_dual_task,P08,12,0.097
2026-04-03T01:32:26.236054,1316.6318505542388,81706,56,-8.442605529088048,0.38204657164072225,3.1014638741204115,9.00236779215138,0.8040048494008722,True,walking_dual_task,P08,12,0.097
2026-04-03T01:32:26.236832,1404.3137381170377,81748,55,-8.434321872212024,0.3216490927557722,3.0961817335631827,8.990416281251667,0.011951510899713469,True,walking_dual_task,P08,12,0.097
2026-04-03T01:32:26.237428,1341.7091241645373,81748,54,-7.669814136809201,0.4955469003049017,3.0459258458758742,8.26736232919392,0.7230539520577466,True,walking_dual_task,P08,12,0.097
2026-04-03T01:32:26.238067,1399.7825560205704,81785,56,-7.658920903228717,0.5011294694562097,3.2845911502553804,8.348577074652136,0.08121474545821528,True,walking_dual_task,P08,12,0.097
2026-04-03T01:32:26.238883,1457.9432473901759,81785,55,-7.795720435238215,0.7577534837635926,3.2492129887497794,8.479671720816015,0.1310946461638789,True,walking_dual_task,P08,12,0.097
2026-04-03T01:32:26.295730,1378.0919069168183,81712,55,-8.1722553610985,0.5915561570645022,3.6272539235969097,8.960617579174624,0.48094585835860926,True,walking_dual_task,P08,12,0.097
2026-04-03T01:32:26.356012,1451.4464545020107,81712,56,-7.95797161182824,0.7170569251414273,3.6522904752626317,8.785369003306098,0.17524857586852605,True,walking_dual_task,P08,12,0.097
2026-04-03T01:32:26.356043,1419.465465448677,81628,55,-8.116163236053739,0.1939473824959493,4.176204008107717,9.129644088286371,0.34427508498027315,True,walking_dual_task,P08,12,0.097
2026-04-03T01:32:26.356617,1317.6081012200973,81628,55,-8.17552106805953,0.20463043515927237,4.178703223764843,9.183821589163271,0.0541775008769001,True,walking_dual_task,P08,12,0.097
2026-04-03T01:32:26.357317,1375.561521009183,81645,56,-8.307943573194528,0.03581676121166828,4.382444788653457,9.393031011412866,0.20920942224959482,True,walking_dual_task,P08,12,0.097
2026-04-03T01:32:26.357919,1360.8344190090256,81645,53,-8.217801510555361,-0.0009914569539241774,4.477127326775398,9.358254738466563,0.03477627294630281,True,walking_dual_task,P08,12,0.097
2026-04-03T01:32:26.359034,1312.5533072408405,81666,57,-8.437226623141616,0.7176944691440231,4.26094386261443,9.479320705706773,0.12106596724020946,True,walking_dual_task,P08,12,0.097
2026-04-03T01:32:26.415785,1413.1355737684976,81666,56,-8.289191840389908,0.7529620487771367,4.251688192518998,9.34636323390498,0.1329574718017934,True,walking_dual_task,P08,12,0.097
2026-04-03T01:32:26.416082,1329.678235569367,81670,55,-8.241115954056195,0.651278767065886,4.057028398981823,9.208671762571159,0.1376914713338202,True,walking_dual_task,P08,12,0.097
2026-04-03T01:32:26.416810,1410.2731111575538,81670,55,-8.06337256930827,0.1718457884655069,3.704793862203317,8.875415805916123,0.3332559566550355,True,walking_dual_task,P08,12,0.097
2026-04-03T01:32:26.417441,1377.5538034590368,81703,55,-8.013762332630138,0.17920940943749808,3.675572820093402,8.818295656878483,0.05712014903764029,True,walking_dual_task,P08,12,0.097
2026-04-03T01:32:26.418196,1359.2215777931988,81703,55,-8.043140441130925,0.16315161634348535,3.7139915683539777,8.860725702529997,0.04243004565151409,True,walking_dual_task,P08,12,0.097
2026-04-03T01:32:26.475830,1474.086255746084,81742,55,-8.069908804797459,-0.10160975198735843,3.725138056671421,8.888779792564794,0.02805409003479653,True,walking_dual_task,P08,12,0.097
2026-04-03T01:32:26.475955,1352.5269838078157,81742,54,-9.025090753411577,-0.7192255571367605,4.764823214163362,10.230986695895167,1.3422069033303732,True,walking_dual_task,P08,12,0.097
2026-04-03T01:32:26.476703,1433.381926338186,81805,57,-9.129401723601507,-0.5454790204325392,4.57133894377458,10.224512845681222,0.006473850213945198,True,walking_dual_task,P08,12,0.097
2026-04-03T01:32:26.595728,1392.1902720691946,81805,55,-10.270339996799027,-0.941080601242126,5.56941507402939,11.721087859695869,1.4965750140146472,True,walking_dual_task,P08,12,0.097
2026-04-03T01:32:26.596012,1467.4003670902569,81680,56,-10.149057597184763,-0.7735360846731039,5.547672371562568,11.59216963848717,0.1289182212086981,True,walking_dual_task,P08,12,0.097
2026-04-03T01:32:26.596657,1375.8780599280751,81680,55,-10.731613993040485,-0.983293200272796,5.7142134288905355,12.197812899214268,0.6056432607270974,True,walking_dual_task,P08,12,0.097
2026-04-03T01:32:26.597528,1438.640065660698,81588,57,-10.033181381683802,-0.891125810532799,5.340787490580511,11.401001923844477,0.796810975369791,True,walking_dual_task,P08,12,0.097
2026-04-03T01:32:26.598026,1353.0384710826113,81588,56,-9.966645149140087,-0.9515789092016509,5.254188210137782,11.30690106514008,0.09410085870439744,True,walking_dual_task,P08,12,0.097
2026-04-03T01:32:26.598759,1405.9320496544271,81657,55,-9.897778243629942,-0.8956037888635306,5.383353817590162,11.302593447172356,0.004307617967723942,True,walking_dual_task,P08,12,0.097
2026-04-03T01:32:26.655571,1450.6910318798714,81657,56,-9.899319904487905,-0.7921856917566755,5.227543831344678,11.222803003271697,0.07979044390065937,True,walking_dual_task,P08,12,0.097
2026-04-03T01:32:26.656065,1429.3155392738095,81858,55,-10.052910619723333,-0.8148729859823738,5.345842543135382,11.41503668007362,0.19223367680192283,True,walking_dual_task,P08,12,0.097
2026-04-03T01:32:26.656625,1342.0706505004114,81858,54,-10.061006337093884,-0.8225868273884851,5.380273670832283,11.438874174353325,0.023837494279705496,True,walking_dual_task,P08,12,0.097
2026-04-03T01:32:26.715612,1408.7028136626834,81967,57,-9.975465149177435,-0.8089268245508451,5.224488381425176,11.289798332901174,0.14907584145215047,True,walking_dual_task,P08,12,0.097
2026-04-03T01:32:26.716006,1328.689702478524,81967,55,-10.016221420553489,-0.8700720203849358,5.3010051796378,11.365842370047107,0.07604403714593211,True,walking_dual_task,P08,12,0.097
2026-04-03T01:32:26.716642,1459.0457908658616,81955,55,-9.989540422112785,-0.9529115826383394,5.30552620855301,11.351104205274238,0.0147381647728686,True,walking_dual_task,P08,12,0.097
2026-04-03T01:32:26.775620,1413.5586733318992,81955,57,-9.969575423876957,-0.9240369940896868,5.2777284800154805,11.31815781863746,0.03294638663677851,True,walking_dual_task,P08,12,0.097
2026-04-03T01:32:26.776441,1349.7786076590744,81856,55,-10.083891289477943,-0.8449903814923554,5.419257873404918,11.478990730080975,0.16083291144351541,True,walking_dual_task,P08,12,0.097
2026-04-03T01:32:26.777018,1420.941754553303,81856,57,-9.904458264893572,-0.8273696195625572,5.259041429726637,11.244569834723553,0.23442089535742205,True,walking_dual_task,P08,12,0.097
2026-04-03T01:32:26.836090,1367.4938709354587,81802,57,-9.950286103346054,-0.7956823303113849,5.31175412957489,11.307344331993576,0.06277449727002349,True,walking_dual_task,P08,12,0.097
2026-04-03T01:32:26.836704,1382.570843367602,81802,55,-10.131421339623987,-1.7461531933824528,4.4229541771503795,11.191839571264415,0.11550476072916105,True,walking_dual_task,P08,12,0.097
2026-04-03T01:32:26.836973,1389.9720251642175,81806,55,-9.770388032584295,-0.9227630321987376,4.557103552382184,10.820312689936152,0.37152688132826306,True,walking_dual_task,P08,12,0.097
2026-04-03T01:32:26.895515,1344.652087444032,81806,53,-9.876482100718778,-0.6931807961874377,4.423741358228742,10.84411757159267,0.023804881656518617,True,walking_dual_task,P08,12,0.097
2026-04-03T01:32:26.895762,1443.7486075096313,81790,54,-9.070171784526858,0.09951544385143983,4.472896708748447,10.113591077927008,0.7305264936656624,True,walking_dual_task,P08,12,0.097
2026-04-03T01:32:26.896536,1415.5257955134746,81790,55,-7.525150627027262,0.33328477015051805,4.204967897108694,8.626744792398682,1.4868462855283262,True,walking_dual_task,P08,12,0.097
2026-04-03T01:32:26.955552,1334.2536300121776,81755,55,-7.382855233015419,0.1683840986272571,4.250686731517565,8.520753621941733,0.10599117045694939,True,walking_dual_task,P08,12,0.097
2026-04-03T01:32:26.955935,1353.0788206075129,81755,55,-6.319306246329338,-0.2788297890800992,4.506429944282823,7.766549319286161,0.7542043026555714,True,walking_dual_task,P08,12,0.097
2026-04-03T01:32:26.956912,1452.131251005691,81788,55,-6.294013430724613,-0.43084157197149286,4.659145082743728,7.842694844779806,0.0761455254936445,True,walking_dual_task,P08,12,0.097
2026-04-03T01:32:27.015544,1345.0023374020996,81788,54,-6.281946364351756,-0.3540574633154082,5.090494417678015,8.093289827278683,0.25059498249887735,True,walking_dual_task,P08,12,0.097
2026-04-03T01:32:27.016206,1341.7661192727294,81881,54,-6.530984019539246,-0.24077425538577146,5.1651142122240286,8.33007378904006,0.23678396176137717,True,walking_dual_task,P08,12,0.097
2026-04-03T01:32:27.016877,1437.9066651094024,81881,54,-6.498885412916814,-0.2628878428554385,5.166285229950019,8.3063303994811,0.023743389558960715,True,walking_dual_task,P08,12,0.097
2026-04-03T01:32:27.076016,1332.5652046334549,81951,55,-6.766596637554368,0.20187661609399668,5.184604920431074,8.526881751522401,0.22055135204130139,True,walking_dual_task,P08,12,0.097
2026-04-03T01:32:27.076522,1398.3415574612713,81951,56,-6.892229319042324,0.28690420528664823,5.301188736566147,8.699870173167733,0.17298842164533212,True,walking_dual_task,P08,12,0.097
2026-04-03T01:32:27.076989,1438.7415818113777,81992,55,-7.366207002213243,0.44422576673070224,5.307658002920624,9.090081166153041,0.3902109929853079,True,walking_dual_task,P08,12,0.097
2026-04-03T01:32:27.136088,1373.281364443832,81992,53,-8.040427571059718,0.5050026850664666,5.1334550165363515,9.55279349950494,0.46271233335189876,True,walking_dual_task,P08,12,0.097
2026-04-03T01:32:27.136362,1386.6978962579037,82002,56,-8.165791146184059,0.41589501494406234,5.287102378184766,9.736866295885976,0.18407279638103624,True,walking_dual_task,P08,12,0.097
2026-04-03T01:32:27.136700,1439.128700626499,82002,55,-9.403059887309691,0.8944946095114263,5.159721626294699,10.762917035433784,1.0260507395478076,True,walking_dual_task,P08,12,0.097
2026-04-03T01:32:27.195849,1363.9944894110656,81880,55,-9.27060528533249,1.0236735085096234,5.182324473242128,10.669982040960678,0.09293499447310616,True,walking_dual_task,P08,12,0.097
2026-04-03T01:32:27.196274,1393.2108995452468,81880,57,-10.348431795725162,0.7835043235688793,5.386047127657008,11.692451552910919,1.0224695119502414,True,walking_dual_task,P08,12,0.097
2026-04-03T01:32:27.196833,1358.129960349789,81749,54,-10.513072863393017,0.2990439531980075,5.521510227726214,11.878602759240673,0.1861512063297539,True,walking_dual_task,P08,12,0.097
2026-04-03T01:32:27.315779,1361.8126048470267,81749,55,-10.511838577393762,0.2126822839413935,5.5335648939705235,11.881259380506313,0.0026566212656398136,True,walking_dual_task,P08,12,0.097
2026-04-03T01:32:27.315965,1391.363491204392,81631,57,-9.895561707307582,-0.41961964691078996,5.1178089757169465,11.14855106563784,0.7327083148684732,True,walking_dual_task,P08,12,0.097
2026-04-03T01:32:27.316676,1443.492242747769,81631,54,-10.110501146462251,-0.3651817237620574,5.111403189091347,11.33499156088956,0.1864404952517198,True,walking_dual_task,P08,12,0.097
2026-04-03T01:32:27.317387,1340.3697035930338,81616,57,-9.975102391614348,-0.35666033569221656,5.16199259663138,11.23726131608247,0.0977302448070887,True,walking_dual_task,P08,12,0.097
2026-04-03T01:32:27.318181,1416.781067326148,81616,54,-10.042661467956947,-0.38964594559793464,4.42896221690679,10.982831130528048,0.25443018555442265,True,walking_dual_task,P08,12,0.097
2026-04-03T01:32:27.318751,1371.6908163529713,81588,56,-9.967126351376285,-0.33233473541240866,4.526987476457855,10.952062348830353,0.030768781697695147,True,walking_dual_task,P08,12,0.097
2026-04-03T01:32:27.375453,1389.9149177365082,81588,55,-10.498599212448877,0.0018534389180910812,4.548450923443783,11.441546864906186,0.48948451607583365,True,walking_dual_task,P08,12,0.097
2026-04-03T01:32:27.375840,1432.5683849037991,81504,54,-9.873224912125169,0.12957625454982918,4.2226419634141426,10.739090525847068,0.7024563390591183,True,walking_dual_task,P08,12,0.097
2026-04-03T01:32:27.376937,1438.0172893419517,81504,55,-10.055240054490932,0.18480865066101407,4.144224348886017,10.877343528853803,0.13825300300673504,True,walking_dual_task,P08,12,0.097
2026-04-03T01:32:27.435775,1393.9014659273887,81487,56,-9.193152127606071,0.1960845529533321,3.9705471319874297,10.015874386220533,0.8614691426332701,True,walking_dual_task,P08,12,0.097
2026-04-03T01:32:27.436278,1416.4911024416897,81487,55,-8.981224044352023,0.21163601641345403,4.037781269974482,9.849408749891893,0.1664656363286401,True,walking_dual_task,P08,12,0.097
2026-04-03T01:32:27.436845,1426.514659592432,81518,55,-8.574778366708449,-0.001848219453730482,3.8389491881961617,9.39491129940237,0.45449745048952295,True,walking_dual_task,P08,12,0.097
2026-04-03T01:32:27.495643,1285.1872066144765,81518,55,-8.02691679749684,-0.13377760715736442,4.06296945807416,8.997611379658332,0.39729991974403767,True,walking_dual_task,P08,12,0.097
2026-04-03T01:32:27.496195,1391.9816354681464,81567,54,-8.070536990587025,-0.16121459948538241,3.9349211703480296,8.980153789349812,0.017457590308520565,True,walking_dual_task,P08,12,0.097
2026-04-03T01:32:27.496814,1396.2544219159574,81567,55,-7.835312380627692,-0.6074870896194506,4.08801607309842,8.8585007806052,0.12165300874461238,True,walking_dual_task,P08,12,0.097
2026-04-03T01:32:27.555743,1448.9090905672954,81628,56,-7.820845637913878,-0.5383840070349788,4.013264300295819,8.806916269338346,0.05158451126685293,True,walking_dual_task,P08,12,0.097
2026-04-03T01:32:27.615508,1353.3482232361607,81628,55,-7.585685073953218,-0.8232310472881956,3.8896488842204917,8.564443697108036,0.2424725722303105,True,walking_dual_task,P08,12,0.097
2026-04-03T01:32:27.615871,1461.2940258494534,81702,56,-7.556416206870767,-0.8164232422701474,3.8697448565927464,8.52882747258403,0.0356162245240057,True,walking_dual_task,P08,12,0.097
2026-04-03T01:32:27.616526,1420.93231073766,81702,56,-7.488891471729065,-0.860995791655772,3.8358975545477576,8.458068294685894,0.07075917789813602,True,walking_dual_task,P08,12,0.097
2026-04-03T01:32:27.617247,1414.639982497491,81792,55,-7.563741034538851,-0.7151917206556719,3.8504812617386257,8.517504539585614,0.05943624489971988,True,walking_dual_task,P08,12,0.097
2026-04-03T01:32:27.618164,1370.9537170163783,81792,55,-7.608618206578198,-0.7362821317388641,3.7843952085075334,8.529644159351898,0.012139619766283971,True,walking_dual_task,P08,12,0.097
2026-04-03T01:32:27.675798,1353.855604242878,81893,56,-7.540186512623093,-0.8528002601720244,3.723889016163374,8.452752825771903,0.07689133357999545,True,walking_dual_task,P08,12,0.097
2026-04-03T01:32:27.676427,1406.976627555906,81893,56,-7.4485810055664485,-0.7791673204522392,3.8523057226827255,8.421919026609082,0.030833799162820696,True,walking_dual_task,P08,12,0.097
2026-04-03T01:32:27.676724,1306.9918231546674,81784,55,-7.5031179760047575,-0.8797134275551508,3.898433971242207,8.501085960311297,0.07916693370221495,True,walking_dual_task,P08,12,0.097
2026-04-03T01:32:27.735639,1396.1567137809584,81784,55,-7.467845343468952,-0.7848629604646569,3.7924326972148177,8.412328435313514,0.08875752499778322,True,walking_dual_task,P08,12,0.097
2026-04-03T01:32:27.736183,1475.2188886551792,81677,57,-7.618684339424478,-0.8720971951343033,3.7876789925101484,8.552860149204802,0.1405317138912885,True,walking_dual_task,P08,12,0.097
2026-04-03T01:32:27.736770,1463.6093342128422,81677,57,-7.482677640815952,-0.8820780835147739,3.877744792385677,8.473808535520396,0.07905161368440616,True,walking_dual_task,P08,12,0.097
2026-04-03T01:32:27.795890,1362.156808384895,81552,55,-7.479319556173041,-0.8987260892190368,3.81461176030091,8.443884916827175,0.029923618693221243,True,walking_dual_task,P08,12,0.097
2026-04-03T01:32:27.856535,1306.0978565592177,81552,55,-7.532366423994474,-0.9532172055223739,3.8657062625673833,8.519909148264192,0.07602423143701742,True,walking_dual_task,P08,12,0.097
2026-04-03T01:32:27.915997,1377.614444357289,81443,54,-7.642057242247888,-0.7692818945394283,3.813720429661275,8.575389031564418,0.05547988330022591,True,walking_dual_task,P08,12,0.097
2026-04-03T01:32:27.975767,1416.9017343100477,81443,55,-11.33840227178911,-1.996326690798524,5.842419979286887,12.910405010985427,4.335015979421009,True,walking_dual_task,P08,12,0.097
2026-04-03T01:32:28.035783,1336.3275897593244,81321,56,-9.919208340619585,-0.9618183263169663,5.9815384399388645,11.623019861719353,1.2873851492660737,True,walking_dual_task,P08,12,0.097
2026-04-03T01:32:28.095916,1392.8735170112477,81321,55,-9.900037402273318,-0.941463250924858,6.025711607312414,11.627824129808301,0.004804268088948405,True,walking_dual_task,P08,12,0.097
2026-04-03T01:32:28.155668,1351.9714168364999,81257,55,-9.482404153100726,-0.5219906930794527,6.344099714759515,11.420860913136769,0.20696321667153228,True,walking_dual_task,P08,12,0.097
2026-04-03T01:32:28.215720,1380.561300655651,81257,53,-9.404910589359986,-0.5355780248867694,6.264687601146313,11.313067566073913,0.10779334706285582,True,walking_dual_task,P08,12,0.097
2026-04-03T01:32:28.335811,1442.297315558698,81217,56,-8.414807914367941,-1.0843309810347985,6.223750520555235,10.522349379024288,0.7907181870496256,True,walking_dual_task,P08,12,0.097
2026-04-03T01:32:28.395651,1426.3774637995266,81217,56,-7.562567068877002,-1.935250846556056,5.9141734489519004,9.79362364473163,0.7287257342926576,True,walking_dual_task,P08,12,0.097
2026-04-03T01:32:28.455827,1435.9294127249261,81245,56,-7.632138125436625,-1.967781910488702,5.878824907597881,9.832714798425869,0.039091153694238656,True,walking_dual_task,P08,12,0.097
2026-04-03T01:32:28.515782,1476.7267916183564,81245,56,-7.48287218513991,-2.77986924935206,6.100899840120122,10.046990994412777,0.2142761959869084,True,walking_dual_task,P08,12,0.097
2026-04-03T01:32:28.575774,1383.344135278624,81302,55,-7.596053074797248,-2.8473262747634425,6.127140617234212,10.166077974000407,0.11908697958762993,True,walking_dual_task,P08,12,0.097
2026-04-03T01:32:28.635979,1306.1748065250329,81302,55,-7.90732582282426,-3.0457972417550443,6.597028778798015,10.73887662721177,0.5727986532113629,True,walking_dual_task,P08,12,0.097
2026-04-03T01:32:28.695659,1372.1778658470569,81270,56,-7.937919847281707,-2.6920158846226703,6.6516201685150795,10.70054072891301,0.03833589829875983,True,walking_dual_task,P08,12,0.097
2026-04-03T01:32:28.755774,1380.0979617092455,81270,54,-7.998655377774679,-2.6680012276350236,6.697296913841377,10.768031591484817,0.06749086257180714,True,walking_dual_task,P08,12,0.097
2026-04-03T01:32:28.816094,1355.8388169132415,81188,55,-7.410022745562643,-1.9248255799720042,6.280508049251497,9.902432628389004,0.8655989630958132,True,walking_dual_task,P08,12,0.097
2026-04-03T01:32:28.875783,1370.2146771068144,81188,56,-7.401636899997348,-2.098693488644795,6.174445407165266,9.864710803908377,0.03772182448062722,True,walking_dual_task,P08,12,0.097
2026-04-03T01:32:28.876322,1440.8634262870848,81192,55,-6.723581230928115,-1.7310438199508253,5.93448329956784,9.133517904308743,0.731192899599634,True,walking_dual_task,P08,12,0.097
2026-04-03T01:32:28.877044,1411.9043136442488,81192,55,-6.50942899720241,-1.8086030101681392,5.529928520077086,8.73062541603812,0.4028924882706235,True,walking_dual_task,P08,12,0.097
2026-04-03T01:32:28.877422,1333.9185349147965,81250,56,-6.523251472522192,-1.6782104170767158,5.550336245604857,8.727853826515586,0.002771589522533091,True,walking_dual_task,P08,12,0.097
2026-04-03T01:32:28.878032,1334.3328790728183,81250,55,-6.9601251584789585,-1.4677860709788615,5.491914465092269,8.986593496077422,0.2587396695618356,True,walking_dual_task,P08,12,0.097
2026-04-03T01:32:28.878829,1366.54501624084,81329,56,-6.860484518814795,-1.6044415250853177,5.5380207868942835,8.961593311258257,0.025000184819164772,True,walking_dual_task,P08,12,0.097
2026-04-03T01:32:28.879504,1398.2261754466788,81329,54,-6.705445860707273,-1.535215584365527,5.575529778889544,8.854740165393853,0.1068531458644042,True,walking_dual_task,P08,12,0.097
2026-04-03T01:32:28.880188,1524.9459486547842,81412,56,-6.763637227362481,-1.865109682912165,5.785369664312438,9.09372997319598,0.23898980780212753,True,walking_dual_task,P08,12,0.097
2026-04-03T01:32:28.880870,1454.9602358509494,81405,55,-9.42675563030884,-1.2983674669865242,5.896390186260948,11.194502982335697,2.1007730091397168,True,walking_dual_task,P08,12,0.097
2026-04-03T01:32:28.881643,1386.113311929266,81396,54,-9.894167036098144,-1.6377883693350148,5.913027648168072,11.642198591715408,0.44769560937971065,True,walking_dual_task,P08,12,0.097
2026-04-03T01:32:28.882272,1320.8376217536695,81237,56,-9.579731569668771,-0.423706141733537,5.584039258200719,11.096498469273001,0.5457001224424065,True,walking_dual_task,P08,12,0.097
2026-04-03T01:32:28.882994,1405.728221347437,81193,56,-9.259694110038975,-0.08619688648666116,4.7982079392895045,10.429389452091206,0.6671090171817955,True,walking_dual_task,P08,12,0.097
2026-04-03T01:32:28.883681,1352.5972414440023,81328,56,-9.295689393866867,0.03391122924633086,4.762624430132765,10.44478734782166,0.01539789573045347,True,walking_dual_task,P08,12,0.097
2026-04-03T01:32:28.884431,1332.5071440104111,81324,56,-9.28319356879445,-0.08628229434806386,4.681285180088961,10.397093748127173,0.04769359969448672,True,walking_dual_task,P08,12,0.097
2026-04-03T01:32:28.885167,1380.8198026735156,81429,56,-9.309234015555651,0.05914011304204227,4.746346566913617,10.449552202970311,0.052458454843138824,True,walking_dual_task,P08,12,0.097
2026-04-03T01:32:28.885892,1359.1624710102114,81519,56,-9.335927114101704,0.06685622350868387,4.732614046637237,10.467169653199917,0.017617450229606035,True,walking_dual_task,P08,12,0.097
2026-04-03T01:32:28.886825,1347.934956182103,81674,54,-7.138739274655111,-0.4144852322378736,4.269098558781003,8.3281810105108,2.1389886426891174,True,walking_dual_task,P08,12,0.097
2026-04-03T01:32:28.935616,1478.3403750036273,81724,54,-7.882076587547389,-1.4989512003320904,4.725521945093731,9.311527462586477,0.9833464520756774,True,walking_dual_task,P08,12,0.097
2026-04-03T01:32:28.935985,1453.919974665501,81697,56,-8.991133712752799,-2.3619298594642855,5.259137683745154,10.68071754510048,1.3691900825140024,True,walking_dual_task,P08,12,0.097
2026-04-03T01:32:28.936745,1340.9732744070648,81697,54,-9.539597221895384,-2.5923594062878097,5.758157348524893,11.440306748410825,0.7595892033103446,True,walking_dual_task,P08,12,0.097
2026-04-03T01:32:29.055995,1336.5069213435315,81567,55,-9.465244691195759,-2.512760505989736,5.602243468500127,11.282284977123368,0.15802177128745676,True,walking_dual_task,P08,12,0.097
2026-04-03T01:32:29.056215,1360.1961153781576,81567,56,-9.165867113926051,-2.321603566288325,6.03131687437791,11.215156989909213,0.06712798721415503,True,walking_dual_task,P08,12,0.097
2026-04-03T01:32:29.056830,1440.9018783489657,81481,55,-9.286007927372951,-2.3361858850668527,5.962438463098645,11.279999119816324,0.06484212990711136,True,walking_dual_task,P08,12,0.097
2026-04-03T01:32:29.057410,1338.3206040611606,81481,56,-8.937374078600746,-1.4011346066720063,6.129068692109469,10.927273980250286,0.35272513956603824,True,walking_dual_task,P08,12,0.097
2026-04-03T01:32:29.058010,1443.8154006728842,81483,55,-9.115960775985602,-0.467395821432963,6.022156913527252,10.935518900095463,0.008244919845177279,True,walking_dual_task,P08,12,0.097
2026-04-03T01:32:29.059034,1368.4128706012964,81483,54,-9.054554227903933,-0.6994459669379323,5.930117563996309,10.84621921452523,0.08929968557023393,True,walking_dual_task,P08,12,0.097
2026-04-03T01:32:29.116005,1379.55812735237,81519,54,-8.96947677629093,-1.440401300387668,5.914439238855327,10.840058166665546,0.0061610478596829665,True,walking_dual_task,P08,12,0.097
2026-04-03T01:32:29.175715,1472.7549442151028,81519,57,-8.926524436509743,-1.3909860315326328,6.097794953178254,10.899577237055144,0.05951907038959803,True,walking_dual_task,P08,12,0.097
2026-04-03T01:32:29.235831,1343.8176562078102,81546,55,-8.896647708255248,-3.266403255051007,6.444641395457518,11.46093946347575,0.5613622264206057,True,walking_dual_task,P08,12,0.097
2026-04-03T01:32:29.295676,1281.6245384986908,81546,56,-8.369145189446447,-3.6199414481319274,6.645592985619709,11.283194291531807,0.17774517194394335,True,walking_dual_task,P08,12,0.097
2026-04-03T01:32:29.355865,1405.9666032843872,81567,54,-8.211770048889575,-3.5671205272191315,6.549034634555108,11.092671943050977,0.1905223484808296,True,walking_dual_task,P08,12,0.097
2026-04-03T01:32:29.415847,1351.5267562660026,81567,55,-7.904050753628871,-3.106988564027671,5.9930956009864556,10.394450016018311,0.698221927032666,True,walking_dual_task,P08,12,0.097
2026-04-03T01:32:29.475970,1506.4537702947023,81525,56,-8.096164049850998,-3.176436238017665,6.143846398276921,10.648214313297409,0.25376429727909766,True,walking_dual_task,P08,12,0.097
2026-04-03T01:32:29.535644,1388.1131716542498,81525,56,-7.662104186080694,-2.389569102676512,5.548675922491649,9.757340085682166,0.8908742276152424,True,walking_dual_task,P08,12,0.097
2026-04-03T01:32:29.595592,1436.0166495695496,81436,55,-7.668832017177583,-2.3330391287063907,5.557435184421334,9.753929562633065,0.0034105230491014993,True,walking_dual_task,P08,12,0.097
2026-04-03T01:32:29.656019,1441.063820549411,81436,54,-7.54071153943814,-2.3799685640816937,5.442966178090833,9.599607372329002,0.1543221903040628,True,walking_dual_task,P08,12,0.097
2026-04-03T01:32:29.715757,1461.9373344331402,81416,57,-7.57536859919866,-2.6029366902033226,5.378609383314608,9.648363992160103,0.04875661983110113,True,walking_dual_task,P08,12,0.097
2026-04-03T01:32:29.775493,1458.057690105966,81416,55,-7.605684889401822,-2.5936469096688137,5.304584153517871,9.62871019247452,0.01965379968558345,True,walking_dual_task,P08,12,0.097
2026-04-03T01:32:29.835711,1425.993904235597,81454,55,-7.178402671570237,-2.499074956118608,5.082207509930304,9.143504455376938,0.48520573709758175,True,walking_dual_task,P08,12,0.097
2026-04-03T01:32:29.895801,1397.8681901336693,81454,55,-6.785264244783637,-2.3573089807730656,5.271282657015138,8.909721508134874,0.23378294724206405,True,walking_dual_task,P08,12,0.097
2026-04-03T01:32:29.955807,1467.7707459943313,81484,54,-6.7447343030804285,-2.1176709032428778,5.141351554892723,8.741250864984321,0.1684706431505525,True,walking_dual_task,P08,12,0.097
2026-04-03T01:32:30.076007,1466.6334918260347,81484,54,-6.70023081053397,-2.264591885735811,5.354836224104055,8.871061960686903,0.12981109570258198,True,walking_dual_task,P08,12,0.097
2026-04-03T01:32:30.135921,1355.0401953896387,81486,56,-6.613370379373179,-2.131748253094143,5.434410467664598,8.821215081858226,0.04984687882867789,True,walking_dual_task,P08,12,0.097
2026-04-03T01:32:30.195873,1443.755850784024,81486,57,-6.6292431977393935,-2.1900644372291924,5.466638061180323,8.867208089694039,0.04599300783581306,True,walking_dual_task,P08,12,0.097
2026-04-03T01:32:30.255909,1334.7437196391795,81488,55,-6.628528333885933,-2.390273468953162,5.956339690985888,9.226525762383362,0.3593176726893237,True,walking_dual_task,P08,12,0.097
2026-04-03T01:32:30.315752,1350.1099770917165,81488,56,-6.575861850922694,-2.3592106754478577,5.929490769527006,9.163334266492384,0.06319149589097783,True,walking_dual_task,P08,12,0.097
2026-04-03T01:32:30.375795,1400.5413336441875,81377,54,-7.070975254644152,-2.319806735174904,6.510120657988876,9.887460003556338,0.7241257370639538,True,walking_dual_task,P08,12,0.097
2026-04-03T01:32:30.435796,1414.503341671301,81377,55,-7.389471368773544,-2.2903718215955804,6.527395018273992,10.122103334567926,0.23464333101158807,True,walking_dual_task,P08,12,0.097
2026-04-03T01:32:30.495795,1443.9780050239312,81251,56,-7.334883421729615,-2.217533167932151,6.533593595699718,10.070045354168546,0.05205798039938081,True,walking_dual_task,P08,12,0.097
2026-04-03T01:32:30.556156,1425.541302478066,81251,55,-7.666388407977146,-2.1075409559431053,6.704815870234198,10.400470948793053,0.3304255946245078,True,walking_dual_task,P08,12,0.097
2026-04-03T01:32:30.616350,1409.302111847545,81175,56,-7.6289200200384615,-2.0719186912761436,6.703333547277361,10.364745456664972,0.035725492128081626,True,walking_dual_task,P08,12,0.097
2026-04-03T01:32:30.675926,1463.257782274894,81060,55,-7.687120329228212,-2.140307522678863,6.704226705358917,10.422062702004679,0.05731724533970706,True,walking_dual_task,P08,12,0.097
2026-04-03T01:32:30.795957,1366.5460132823016,81034,55,-7.637151629208103,-2.218487891927708,6.749411336716538,10.430835389667672,0.008772687662993661,True,walking_dual_task,P08,12,0.097
2026-04-03T01:32:30.855709,1444.4845442623034,81262,56,-7.715291003843561,-2.1696295066531843,6.633200370290438,10.403478006058874,0.027357383608798358,True,walking_dual_task,P08,12,0.097
2026-04-03T01:32:30.915763,1424.9594302820958,81500,54,-7.605771771302148,-2.171191640904605,6.713192905404346,10.374429929583693,0.02904807647518126,True,walking_dual_task,P08,12,0.097
2026-04-03T01:32:30.975758,1354.7215938567902,81581,55,-7.695275015633431,0.34859748019991377,4.2572380539449375,8.801298405200832,1.5731315243828607,True,walking_dual_task,P08,12,0.097
2026-04-03T01:32:31.036062,1346.4711273248724,81557,56,-7.6471772248434835,0.04239643813946971,4.720756219696783,8.987027108668231,0.18572870346739911,True,walking_dual_task,P08,12,0.097
2026-04-03T01:32:31.095633,1469.0697468337437,81534,56,-7.560367240158508,-0.4742428002231635,5.459578297072866,9.337615017845538,0.35058790917730676,True,walking_dual_task,P08,12,0.097
2026-04-03T01:32:31.155984,1273.7516885866198,81533,55,-7.663196248313378,0.11689163298671693,4.6442654567116906,8.96144196133814,0.3761730565073975,True,walking_dual_task,P08,12,0.097
2026-04-03T01:32:31.215547,1341.6571256674536,81620,54,-7.921135909082624,-0.7290885125843917,4.5182213802409485,9.148239644336345,0.1867976829982041,True,walking_dual_task,P08,12,0.097
2026-04-03T01:32:31.216239,1400.63218340564,81670,55,-9.716541912530243,-1.5268905116565226,5.220368526470676,11.135296535104452,1.9870568907681072,True,walking_dual_task,P08,12,0.097
2026-04-03T01:32:31.216992,1413.64080498728,81715,52,-9.961541188893248,-1.1502488489771039,5.533007239052417,11.452927327980227,0.3176307928757751,True,walking_dual_task,P08,12,0.097
2026-04-03T01:32:31.217428,1449.5550452242774,81743,53,-9.400243663552187,-0.13311169272146134,5.248128078148565,10.76685413579768,0.6860731921825476,True,walking_dual_task,P08,12,0.097
2026-04-03T01:32:31.218493,1437.622866277197,81733,54,-8.636909054302587,-0.38894628715850416,5.275806082267889,10.128257848429968,0.6385962873677116,True,walking_dual_task,P08,12,0.097
2026-04-03T01:32:31.218918,1385.6923473426907,81776,53,-9.068118718265472,-2.60847325451626,6.274649986034461,11.331643404878463,1.2033855564484952,True,walking_dual_task,P08,12,0.097
2026-04-03T01:32:31.219453,1394.6907830070602,81833,56,-8.564462455135672,-2.0778706071058473,5.655925920440037,10.471726764140117,0.8599166407383461,True,walking_dual_task,P08,12,0.097
2026-04-03T01:32:31.220163,1384.1630839965112,81889,54,-8.44902755650135,-2.087231154215336,5.735665315738305,10.423073306650474,0.04865345748964245,True,walking_dual_task,P08,12,0.097
2026-04-03T01:32:31.220849,1343.5920636049889,81657,55,-8.367629763349354,-2.061381807962369,5.68130848948081,10.322005084640043,0.10106822201043109,True,walking_dual_task,P08,12,0.097
2026-04-03T01:32:31.221592,1368.0087669667028,81733,54,-8.540027203207103,-1.9705020443514405,5.7038909848300685,10.457022296291438,0.13501721165139458,True,walking_dual_task,P08,12,0.097
2026-04-03T01:32:31.222326,1452.917467351862,82137,54,-8.378788007845243,-1.991936009167405,5.633367792802802,10.291099563895829,0.16592273239560917,True,walking_dual_task,P08,12,0.097
2026-04-03T01:32:31.222998,1415.581349408496,82167,57,-8.908989142429647,-1.072006458181028,5.901087088922316,10.739744606710014,0.44864504281418505,True,walking_dual_task,P08,12,0.097
2026-04-03T01:32:31.223686,1470.1056580469972,82040,55,-9.481714742964199,-0.6126961237440793,6.547935233029975,11.539227306147971,0.7994826994379576,True,walking_dual_task,P08,12,0.097
2026-04-03T01:32:31.224377,1426.8479529059541,81910,54,-8.99832078718924,-0.845103459177617,6.252152760547146,10.989694763144845,0.5495325430031262,True,walking_dual_task,P08,12,0.097
2026-04-03T01:32:31.225405,1436.5746230698967,81923,54,-9.386411216433592,-1.046915040404064,5.270043094761494,10.81545657133613,0.17423819180871547,True,walking_dual_task,P08,12,0.097
2026-04-03T01:32:31.275684,1381.1057434493855,81981,53,-8.43453120556796,-0.5862924947104119,4.229524979131671,9.453778984943124,1.3616775863930055,True,walking_dual_task,P08,12,0.097
2026-04-03T01:32:31.335500,1430.1428494076401,82100,56,-8.33097023803861,-0.7892158676587673,3.899505607723847,9.232230000250167,0.2215489846929568,True,walking_dual_task,P08,12,0.097
2026-04-03T01:32:31.336099,1574.0963752904643,82171,55,-7.90549245446346,-0.7913200353458986,4.205022611725215,8.989172014765257,0.24305798548490998,True,walking_dual_task,P08,12,0.097
2026-04-03T01:32:31.336685,1394.7666424207005,82171,56,-7.589300979333628,-0.9507679505372125,4.430181522718304,8.839002057637376,0.15016995712788095,True,walking_dual_task,P08,12,0.097
2026-04-03T01:32:31.337282,1357.1269446464821,82119,53,-7.643119606331345,-0.3869752924245269,4.494831322336819,8.875276661033944,0.03627460339656707,True,walking_dual_task,P08,12,0.097
2026-04-03T01:32:31.337996,1476.3708074125957,82119,55,-7.725043652529107,-0.35307815425936206,4.5722745392339545,8.983688445099958,0.10841178406601415,True,walking_dual_task,P08,12,0.097
2026-04-03T01:32:31.338729,1362.4417148255952,82053,51,-7.893851064993042,0.042548253292614864,4.367065661640779,9.021416600691493,0.03772815559153564,True,walking_dual_task,P08,12,0.097
2026-04-03T01:32:31.339426,1424.688182710147,82053,53,-8.020254543087354,0.06918236001075113,4.3193536847183065,9.10966988362035,0.08825328292885715,True,walking_dual_task,P08,12,0.097
2026-04-03T01:32:31.395847,1331.5530030412488,82026,56,-8.257513883218413,-0.22699269433240105,4.413153344409273,9.365574390078585,0.2559045064582346,True,walking_dual_task,P08,12,0.097
2026-04-03T01:32:31.515879,1397.6424683050836,82026,53,-8.441910421085888,-0.6876768439139737,4.720675750806964,9.696573134027862,0.33099874394927653,True,walking_dual_task,P08,12,0.097
2026-04-03T01:32:31.516283,1390.8450867196573,81988,55,-8.43037093806975,-0.7324307338405487,4.734925230887037,9.696758524136605,0.0001853901087436327,True,walking_dual_task,P08,12,0.097
2026-04-03T01:32:31.516952,1471.2145806645512,81988,55,-8.819359453480367,-1.2207033889124335,5.072607880128231,10.247076101939268,0.5503175778026623,True,walking_dual_task,P08,12,0.097
2026-04-03T01:32:31.517498,1328.4897301772196,81906,53,-8.994788649428306,-1.1640901164885649,5.118624716685457,10.414492192971,0.1674160910317326,True,walking_dual_task,P08,12,0.097
2026-04-03T01:32:31.518584,1412.5031454699995,81906,55,-8.958313827961751,-1.1164777434527726,5.1204604718556475,10.37868125706307,0.035810935907930386,True,walking_dual_task,P08,12,0.097
2026-04-03T01:32:31.519061,1351.992342241516,81773,55,-9.933358082547773,-1.6077547821669307,5.195405151503406,11.324694826968448,0.9460135699053787,True,walking_dual_task,P08,12,0.097
2026-04-03T01:32:31.575567,1277.9243457546659,81773,54,-9.914250538786979,-1.4970133351084625,5.05572067961448,11.229146194685148,0.09554863228330035,True,walking_dual_task,P08,12,0.097
2026-04-03T01:32:31.576390,1278.1290017856718,81684,56,-9.945700151266822,-1.61755609376197,5.253739724484375,11.36376787460922,0.1346216799240718,True,walking_dual_task,P08,12,0.097
2026-04-03T01:32:31.576932,1409.192554407822,81684,56,-9.63743349379379,-0.9958084347316368,5.36742177299853,11.076144422823301,0.28762345178591886,True,walking_dual_task,P08,12,0.097
2026-04-03T01:32:31.577494,1354.2845688608907,81717,54,-9.609289269436102,-1.0641441274421557,5.391417887740049,11.069698723448296,0.006445699375005276,True,walking_dual_task,P08,12,0.097
2026-04-03T01:32:31.578115,1356.0435700805979,81717,54,-9.610239308992607,-0.9657927833236134,5.386045273528285,11.058885068799796,0.010813654648499593,True,walking_dual_task,P08,12,0.097
2026-04-03T01:32:31.635817,1422.2259673881224,81769,54,-9.577065185707598,-1.0482223020912673,5.401925003422199,11.045349306766715,0.013535762033081156,True,walking_dual_task,P08,12,0.097
2026-04-03T01:32:31.636123,1530.062656411133,81769,54,-9.72383506890186,-1.036313152972905,5.534395722855307,11.236389518675,0.19104021190828568,True,walking_dual_task,P08,12,0.097
2026-04-03T01:32:31.636852,1324.4878978032486,81728,54,-9.690604322961825,-1.1339156042420668,5.3891258382039915,11.146131797253608,0.0902577214213931,True,walking_dual_task,P08,12,0.097
2026-04-03T01:32:31.695796,1357.7573281806071,81728,54,-9.617045969570267,-1.0276912738177661,5.431138936132003,11.09238444513523,0.053747352118378444,True,walking_dual_task,P08,12,0.097
2026-04-03T01:32:31.696140,1396.5562343382367,81673,53,-9.8211725240532,-1.0329717630588984,5.432737663661894,11.271073548365523,0.17868910323029397,True,walking_dual_task,P08,12,0.097
2026-04-03T01:32:31.696864,1309.9848861399582,81673,55,-9.67479707767906,-0.9933372265144164,5.309541278003361,11.080597724070131,0.19047582429539212,True,walking_dual_task,P08,12,0.097
2026-04-03T01:32:31.816131,1482.6216269978197,81682,55,-9.618194717625679,-1.017852603311249,5.430632415260028,11.092225294227617,0.011627570157486389,True,walking_dual_task,P08,12,0.097
2026-04-03T01:32:31.816155,1381.0549605829258,81682,54,-9.695486308731647,-0.9717247023854215,5.5288516614935554,11.20334344536616,0.11111815113854284,True,walking_dual_task,P08,12,0.097
2026-04-03T01:32:31.816691,1382.9679661882658,81699,52,-9.62626217617271,-1.0551541244712563,5.447383036313535,11.110907058162198,0.09243638720396241,True,walking_dual_task,P08,12,0.097
2026-04-03T01:32:31.817656,1420.3581408459481,81699,55,-9.728432277097326,-0.9788344070328001,5.390517172924066,11.165043070138584,0.054136011976385845,True,walking_dual_task,P08,12,0.097
2026-04-03T01:32:31.875627,1425.1702082691859,81681,53,-9.624148846959452,-1.113612701994982,5.337215586317321,11.061204477510758,0.10383859262782558,True,walking_dual_task,P08,12,0.097
2026-04-03T01:32:31.876043,1304.8616942598828,81681,54,-8.491594232030296,-0.930508877078521,6.2130086802639015,10.562882950823923,0.49832152668683527,True,walking_dual_task,P08,12,0.097
2026-04-03T01:32:31.876710,1380.8014100208607,81662,54,-7.972279869256146,-0.47805287584236605,5.486785225390365,9.6897158356378,0.8731671151861224,True,walking_dual_task,P08,12,0.097
2026-04-03T01:32:31.877494,1495.7318412055236,81662,55,-8.022099269027123,-0.5382940204975555,5.649567408805839,9.826568528294608,0.13685269265680766,True,walking_dual_task,P08,12,0.097
2026-04-03T01:32:31.878012,1410.8406665774983,81646,55,-7.298439534977515,-0.4678904230637452,5.056104888356644,8.891025685250353,0.9355428430442547,True,walking_dual_task,P08,12,0.097
2026-04-03T01:32:31.935792,1339.9328377729692,81646,53,-6.8014091184700955,-0.47582303616703864,4.780784106216932,8.327152588298825,0.5638730969515287,True,walking_dual_task,P08,12,0.097
2026-04-03T01:32:31.936066,1359.4095308667074,81584,55,-6.757993610841221,-0.47630583013150535,4.882104346062559,8.350586071278528,0.023433482979703157,True,walking_dual_task,P08,12,0.097
2026-04-03T01:32:31.937062,1383.5116993060117,81584,55,-6.708140722180053,-1.0741417423366144,4.9334098445363255,8.395919552101972,0.04533348082344446,True,walking_dual_task,P08,12,0.097
2026-04-03T01:32:31.995752,1463.3761469728609,81579,54,-6.6701700239763095,-1.0390215457012635,4.94529628797832,8.368195103908352,0.027724448193620077,True,walking_dual_task,P08,12,0.097
2026-04-03T01:32:31.995953,1454.4638715682675,81579,56,-6.879893507057262,-1.3773046374849094,5.3850033223723495,8.84466864923991,0.47647354533155806,True,walking_dual_task,P08,12,0.097
2026-04-03T01:32:31.996795,1385.4767975379991,81617,54,-6.794300754215879,-1.4530767855826556,5.345668526491828,8.766420414209154,0.07824823503075606,True,walking_dual_task,P08,12,0.097
2026-04-03T01:32:32.055634,1377.7036463266215,81617,53,-7.291648647011501,-1.6741127542414338,5.753220454083284,9.437708360542867,0.6712879463337131,True,walking_dual_task,P08,12,0.097
2026-04-03T01:32:32.056365,1464.7193601525971,81592,54,-7.9881886566917375,-1.5678017049161268,5.792219661679387,9.990944340250412,0.5532359797075443,True,walking_dual_task,P08,12,0.097
2026-04-03T01:32:32.056895,1449.010037626761,81592,52,-8.09307114841231,-1.7826219690903982,5.748048493727288,10.085415369938316,0.0944710296879041,True,walking_dual_task,P08,12,0.097
2026-04-03T01:32:32.115684,1377.8901729645706,81539,54,-8.86328793223049,-1.5764178440239103,5.7180926824911165,10.664874594393414,0.579459224455098,True,walking_dual_task,P08,12,0.097
2026-04-03T01:32:32.116183,1380.2260501684143,81539,55,-8.968410389935793,-1.519641820278588,5.77986507500153,10.777223040722056,0.11234844632864238,True,walking_dual_task,P08,12,0.097
2026-04-03T01:32:32.116749,1383.7049440780781,81463,54,-9.406184103573624,-1.3335777394247685,5.83171801279736,11.147361300244809,0.3701382595227525,True,walking_dual_task,P08,12,0.097
2026-04-03T01:32:32.175671,1348.8733508295675,81463,54,-9.309909214698749,-1.1665169657061232,5.807700680299454,11.034697939189982,0.11266336105482644,True,walking_dual_task,P08,12,0.097
2026-04-03T01:32:32.176032,1341.5841752658755,81393,53,-9.378794010547265,-1.1666313141281959,5.878052782184298,11.129883657322134,0.09518571813215182,True,walking_dual_task,P08,12,0.097
2026-04-03T01:32:32.176852,1412.6339093301874,81393,55,-8.646689162090379,-0.8736314714553759,5.5796574159003285,10.327683297455438,0.8022003598666956,True,walking_dual_task,P08,12,0.097
2026-04-03T01:32:32.235575,1357.1537916600028,81379,54,-8.552711913427647,-0.8735651265957011,5.457699582673472,10.183245152661579,0.14443814479385964,True,walking_dual_task,P08,12,0.097
2026-04-03T01:32:32.236171,1470.139669926925,81379,55,-8.565450810924826,-0.6817214301853862,5.409531318611748,10.153557051092397,0.02968810156918167,True,walking_dual_task,P08,12,0.097
2026-04-03T01:32:32.236783,1424.486284669081,81401,54,-8.597344331689031,-0.5983053825724488,5.172423859466036,10.051182391659909,0.10237465943248836,True,walking_dual_task,P08,12,0.097
2026-04-03T01:32:32.295605,1347.4971560087952,81401,54,-8.533006446117069,-0.7309624712130087,5.126104075214166,9.981154649324123,0.07002774233578535,True,walking_dual_task,P08,12,0.097
2026-04-03T01:32:32.296228,1400.6742712927721,81420,54,-8.579315426722665,-0.7552871786245611,5.182343183295655,10.051457246730301,0.07030259740617772,True,walking_dual_task,P08,12,0.097
2026-04-03T01:32:32.296919,1415.1470833441672,81420,53,-8.767796530479224,-0.6488105097498809,5.002425001574997,10.115308545656331,0.06385129892603025,True,walking_dual_task,P08,12,0.097
2026-04-03T01:32:32.355783,1425.3702771519643,81407,54,-8.870337065472421,-0.840550515709725,5.1659004225416965,10.2993170647461,0.1840085190897689,True,walking_dual_task,P08,12,0.097
2026-04-03T01:32:32.356107,1398.466498938504,81407,54,-9.035956911301898,-0.5356548912653748,5.342694455692413,10.510938469629034,0.21162140488293346,True,walking_dual_task,P08,12,0.097
2026-04-03T01:32:32.356788,1423.5866342845527,81370,54,-9.209925811739925,-0.4415461747481271,5.14981917749533,10.561171054532101,0.05023258490306759,True,walking_dual_task,P08,12,0.097
2026-04-03T01:32:32.415901,1407.080476264429,81370,54,-9.299925842279007,-0.5236378255181935,5.066945952751057,10.603620067330905,0.04244901279880331,True,walking_dual_task,P08,12,0.097
2026-04-03T01:32:32.416092,1433.8032821629788,81348,54,-8.471656572879127,-0.19756437798161752,4.724513457855599,9.702011347432657,0.9016087198982472,True,walking_dual_task,P08,12,0.097
2026-04-03T01:32:32.416853,1296.2972472985198,81348,55,-8.694863050548035,-0.14977309564774874,4.623736473640095,9.848960068232337,0.14694872079967958,True,walking_dual_task,P08,12,0.097
2026-04-03T01:32:32.535813,1334.4933652550044,81357,54,-8.139034053835656,0.036240851451685305,4.195782350127326,9.156952454744449,0.6920076134878883,True,walking_dual_task,P08,12,0.097
2026-04-03T01:32:32.536225,1461.7874510858592,81357,55,-8.129271540931438,-0.10961044793270132,4.249595203992327,9.173665005562846,0.016712550818397176,True,walking_dual_task,P08,12,0.097
2026-04-03T01:32:32.536846,1495.411342495603,81336,55,-7.819786985953096,-0.17021515207300952,3.89430823669304,8.737486958276499,0.43617804728634724,True,walking_dual_task,P08,12,0.097
2026-04-03T01:32:32.537450,1431.8799227038346,81336,54,-7.6454924774965995,-0.2767515467668271,3.582038746633839,8.447552795009988,0.2899341632665102,True,walking_dual_task,P08,12,0.097
2026-04-03T01:32:32.538141,1351.959044667498,81232,55,-7.555094035163455,-0.4295092031062476,3.619921638745662,8.388549141918075,0.05900365309191358,True,walking_dual_task,P08,12,0.097
2026-04-03T01:32:32.595703,1400.717701416448,81232,54,-7.95820715730043,-0.5797202965244899,3.7711495590452553,8.82557113038003,0.4370219884619555,True,walking_dual_task,P08,12,0.097
2026-04-03T01:32:32.596080,1394.2107927901586,81153,53,-7.93580619954331,-0.524769433916024,3.8067799838226715,8.817254495630458,0.008316634749572671,True,walking_dual_task,P08,12,0.097
2026-04-03T01:32:32.596786,1360.2583874928505,81153,54,-7.983427629136054,-0.533184596626503,3.846003928778484,8.877564347494882,0.0603098518644245,True,walking_dual_task,P08,12,0.097
2026-04-03T01:32:32.597531,1374.3082074324323,81141,54,-7.9071749881996665,-0.5051720164896619,3.922284514916466,8.840980198835881,0.03658414865900106,True,walking_dual_task,P08,12,0.097
2026-04-03T01:32:32.655797,1396.5787796847735,81141,52,-7.956937309484206,-0.5987927449626786,3.868819773944907,8.86787294348249,0.0268927446466094,True,walking_dual_task,P08,12,0.097
2026-04-03T01:32:32.656170,1339.465136323252,81166,55,-7.994542893624902,-0.4848107637443593,3.7949831245644887,8.862824294229242,0.0050486492532488825,True,walking_dual_task,P08,12,0.097
2026-04-03T01:32:32.656881,1489.2632272519204,81166,53,-7.938994386058513,-0.5743828317167906,3.773222635115555,8.808788597383183,0.05403569684605891,True,walking_dual_task,P08,12,0.097
2026-04-03T01:32:32.715700,1318.0422945235678,81236,55,-7.902347054767131,-0.5894156225479714,3.806598591953595,8.791171286600749,0.017617310782434004,True,walking_dual_task,P08,12,0.097
2026-04-03T01:32:32.716119,1430.6376490322175,81236,54,-7.978048924669835,-0.49954853982985536,3.865260829939936,8.879135919195043,0.08796463259429466,True,walking_dual_task,P08,12,0.097
2026-04-03T01:32:32.716888,1375.9301271250993,81363,53,-8.092625402950583,-0.45624048767782244,3.8145324640284395,8.958202900928537,0.07906698173349369,True,walking_dual_task,P08,12,0.097
2026-04-03T01:32:32.775666,1508.55394036127,81363,55,-8.011842255176402,-0.39957105045635327,3.827343549145166,8.888072456352727,0.07013044457580975,True,walking_dual_task,P08,12,0.097
2026-04-03T01:32:32.776241,1376.2678353309298,81406,53,-8.061425137061951,-0.570724970697054,3.8302482315997333,8.943327330938097,0.05525487458536915,True,walking_dual_task,P08,12,0.097
2026-04-03T01:32:32.776864,1421.7585637924285,81406,54,-7.9562989016730965,-0.7454914732025012,3.8187684831929976,8.856717364667922,0.08660996627017425,True,walking_dual_task,P08,12,0.097
2026-04-03T01:32:32.835582,1453.7104658390595,81345,54,-7.856880152459565,-0.4746089791867959,3.8277995532593474,8.75259212080457,0.10412524386335242,True,walking_dual_task,P08,12,0.097
2026-04-03T01:32:32.836135,1380.6782854441494,81345,55,-12.239387348982271,-2.2832098935846394,5.439973614997661,13.58708809967981,4.834495978875241,True,walking_dual_task,P08,12,0.097
2026-04-03T01:32:32.836851,1382.1970586383518,81214,54,-12.499999675602526,-2.354104210583591,5.334304750700309,13.792991180222458,0.2059030805426474,True,walking_dual_task,P08,12,0.097
2026-04-03T01:32:32.955963,1529.9278361458958,81214,56,-12.57558677653153,-2.367147322767172,5.320410540571603,13.85841035407683,0.06541917385437124,True,walking_dual_task,P08,12,0.097
2026-04-03T01:32:33.015982,1389.447642975447,81176,54,-10.831679801507587,-1.6962353848098641,4.8366289352373375,11.98313319880254,1.87527715527429,True,walking_dual_task,P08,12,0.097
2026-04-03T01:32:33.016814,1358.7426893672218,81176,55,-9.216294505730836,-1.1260815998762368,4.819739478500589,10.461263443129674,1.5218697556728653,True,walking_dual_task,P08,12,0.097
2026-04-03T01:32:33.075703,1422.3153340532895,81268,55,-9.363731077123562,-1.0650055841518817,4.959764661135212,10.64955220057679,0.1882887574471166,True,walking_dual_task,P08,12,0.097
2026-04-03T01:32:33.076411,1416.4708160526945,81268,53,-8.621300187163124,-0.388435151648223,5.1618634947496815,10.055970043841832,0.5935821567349588,True,walking_dual_task,P08,12,0.097
2026-04-03T01:32:33.076752,1269.488503132542,81347,55,-8.664339078485316,-0.4545389562321239,4.990794312819044,10.009265967220937,0.0467040766208946,True,walking_dual_task,P08,12,0.097
2026-04-03T01:32:33.077636,1389.8538690653,81347,54,-7.733766599355647,-0.4220247033445122,5.098375001090281,9.272684525814752,0.7365814414061855,True,walking_dual_task,P08,12,0.097
2026-04-03T01:32:33.135657,1425.3306462449784,81362,53,-7.793000634316831,-0.46493009572440336,5.1835730954402655,9.371043107154348,0.09835858133959618,True,walking_dual_task,P08,12,0.097
2026-04-03T01:32:33.136052,1350.760386992471,81362,54,-7.503546196466043,-1.430236508039535,4.724617836112717,8.981692250836897,0.38935085631745103,True,walking_dual_task,P08,12,0.097
2026-04-03T01:32:33.136697,1414.1649335919553,81432,53,-7.722188762190626,-1.9976527814395741,4.517870700798138,9.167004504374738,0.1853122535378411,True,walking_dual_task,P08,12,0.097
2026-04-03T01:32:33.137281,1397.2312516987795,81432,53,-7.708382133765806,-2.0837298709518977,4.513810756612569,9.172544512934698,0.00554000855995973,True,walking_dual_task,P08,12,0.097
2026-04-03T01:32:33.138015,1249.3208662368354,81505,54,-8.90942672537914,-1.9564521983535648,4.7497696801484075,10.284255043210454,1.1117105302757562,True,walking_dual_task,P08,12,0.097
2026-04-03T01:32:33.138812,1277.8900823552956,81505,56,-8.784166719735792,-1.8822017782332505,4.719235189874144,10.147681965426623,0.1365730777838312,True,walking_dual_task,P08,12,0.097
2026-04-03T01:32:33.255712,1357.3077111648702,81429,54,-9.352243780516373,-1.8921119640417912,4.8927917450006495,10.723057515215695,0.5753755497890722,True,walking_dual_task,P08,12,0.097
2026-04-03T01:32:33.256095,1391.19150685297,81429,56,-8.805234396374573,-1.0127802556154761,4.788783609684992,10.074240670226716,0.6488168449889784,True,walking_dual_task,P08,12,0.097
2026-04-03T01:32:33.256760,1348.389569807227,81199,55,-8.890534669308485,-1.0576022843501816,4.729107434298754,10.125442529745483,0.05120185951876621,True,walking_dual_task,P08,12,0.097
2026-04-03T01:32:33.257342,1333.6903305767144,81199,54,-7.487308813660449,-0.4024680063573844,4.54545422150616,8.768291044842599,1.357151484902884,True,walking_dual_task,P08,12,0.097
2026-04-03T01:32:33.258057,1428.6655846634087,81127,55,-7.567133622095709,-0.26701994902235937,4.67416615741019,8.898350418752118,0.1300593739095195,True,walking_dual_task,P08,12,0.097
2026-04-03T01:32:33.258747,1435.8441656879093,81127,55,-7.631924996531359,-0.17372235407324838,4.698361990701932,8.96387550140326,0.06552508265114199,True,walking_dual_task,P08,12,0.097
2026-04-03T01:32:33.315613,1422.4272155268798,81179,56,-7.259016109404919,-0.32662803888846687,4.624715287535519,8.613245163302446,0.3506303381008138,True,walking_dual_task,P08,12,0.097
2026-04-03T01:32:33.316126,1373.899942289038,81179,55,-7.099198326761224,-0.33776702331163994,4.649475158502291,8.49295724081171,0.12028792249073561,True,walking_dual_task,P08,12,0.097
2026-04-03T01:32:33.316801,1393.3635834983456,81222,54,-7.196616098290646,-0.43981793811949416,4.674498352724146,8.592767769146826,0.09981052833511583,True,walking_dual_task,P08,12,0.097
2026-04-03T01:32:33.317369,1310.688530394041,81222,54,-7.235959406743278,-1.0049586111333941,4.780491573741468,8.730529768160743,0.13776199901391628,True,walking_dual_task,P08,12,0.097
2026-04-03T01:32:33.318280,1375.8313729247823,81272,55,-7.160163835035237,-0.9487018990024484,4.794846872997116,8.669402400004719,0.06112736815602382,True,walking_dual_task,P08,12,0.097
2026-04-03T01:32:33.375633,1455.3618007708894,81272,54,-7.281875612178839,-1.4104277186015048,5.000028368964654,8.945127303235864,0.2757249032311453,True,walking_dual_task,P08,12,0.097
2026-04-03T01:32:33.375966,1421.6893856667648,81275,55,-8.20517716924927,-1.1829475983818125,5.24754941906637,9.811272715852441,0.8661454126165768,True,walking_dual_task,P08,12,0.097
2026-04-03T01:32:33.376906,1314.021291643144,81275,54,-8.057490412971497,-1.2684638494900298,5.252954778606456,9.70183932039049,0.10943339546195041,True,walking_dual_task,P08,12,0.097
2026-04-03T01:32:33.435572,1337.7960423926309,81200,55,-9.206758499067446,-0.77024582357837,5.3691188360909265,10.685743669251895,0.9839043488614045,True,walking_dual_task,P08,12,0.097
2026-04-03T01:32:33.435971,1405.192540144677,81200,54,-9.237705684716467,-0.7167020086345633,5.408196194651016,10.728348156471316,0.04260448721942112,True,walking_dual_task,P08,12,0.097
2026-04-03T01:32:33.495596,1380.5830922108119,81065,55,-10.224194203101323,-0.39594058470370574,5.961928087908067,11.8421071847342,1.1137590282628835,True,walking_dual_task,P08,12,0.097
2026-04-03T01:32:33.555668,1454.925920176094,81065,56,-10.455737139080231,-0.4334157876428476,6.0118969872408785,12.068686496537875,0.2265793118036754,True,walking_dual_task,P08,12,0.097
2026-04-03T01:32:33.615753,1427.3044271427855,80940,53,-10.895308957159518,-0.8689196240624739,6.183305986163771,12.557708847698692,0.48902235116081627,True,walking_dual_task,P08,12,0.097
2026-04-03T01:32:33.676244,1417.777671904314,80940,55,-10.657836916252885,-1.4300290352569187,5.632908818471937,12.139362937664378,0.4183459100343132,True,walking_dual_task,P08,12,0.097
2026-04-03T01:32:33.736131,1478.9116656566785,80914,54,-10.665614768736834,-1.2291063265854447,5.576890194275699,12.098253799460403,0.04110913820397499,True,walking_dual_task,P08,12,0.097
2026-04-03T01:32:33.795684,1401.0435335589816,80914,54,-10.032042057664414,-1.0254016552321408,5.2106277468813476,11.350945243364988,0.7473085560954154,True,walking_dual_task,P08,12,0.097
2026-04-03T01:32:33.855823,1404.513147804818,80930,55,-10.105989686012276,-0.8908012925925604,5.0984758646507675,11.354250773128866,0.003305529763878212,True,walking_dual_task,P08,12,0.097
2026-04-03T01:32:33.915726,1386.6370333297696,80930,53,-10.051115349709246,-0.9017300641094629,5.10686567634269,11.310089032270557,0.04416174085830882,True,walking_dual_task,P08,12,0.097
2026-04-03T01:32:33.975927,1301.1387342099385,80941,56,-10.040615413962868,-0.7660770077948352,5.148756596511815,11.309753594270061,0.00033543800049606887,True,walking_dual_task,P08,12,0.097
2026-04-03T01:32:34.035875,1461.2962744518152,80941,54,-10.163933263732938,-0.8711412479930537,5.271549484193449,11.482754914560878,0.17300132029081716,True,walking_dual_task,P08,12,0.097
2026-04-03T01:32:34.096359,1364.2242312979533,80972,53,-10.093091521557811,-0.9213910836137256,5.098261244201691,11.345119025626571,0.137635888934307,True,walking_dual_task,P08,12,0.097
2026-04-03T01:32:34.155742,1425.5843151264594,80972,53,-10.022675510995075,-1.0471480920036764,5.132276990524318,11.308881935574034,0.036237090052537724,True,walking_dual_task,P08,12,0.097
2026-04-03T01:32:34.275873,1475.8916370000773,81003,54,-10.148855745667674,-1.0026091267965151,5.043820772872964,11.377373422559897,0.06849148698586305,True,walking_dual_task,P08,12,0.097
2026-04-03T01:32:34.335933,1431.1946080139892,81003,55,-10.203632714729872,-0.9551463484492384,5.102724771146096,11.448328489964357,0.07095506740446034,True,walking_dual_task,P08,12,0.097
2026-04-03T01:32:34.395694,1408.8268108771774,81115,53,-10.09915135306173,-0.9440886221318342,5.025709425272995,11.319978648644403,0.1283498413199542,True,walking_dual_task,P08,12,0.097
2026-04-03T01:32:34.456090,1363.8328765063327,81115,55,-10.294482876479519,-0.8549420659335816,5.188945592955228,11.559950691801513,0.23997204315710974,True,walking_dual_task,P08,12,0.097
2026-04-03T01:32:34.515814,1443.5378792179515,81277,55,-10.244180232578788,-0.9165591827513327,5.277845828641514,11.56023208953663,0.00028139773511703936,True,walking_dual_task,P08,12,0.097
2026-04-03T01:32:34.576042,1391.6636552293235,81277,55,-10.125854940147317,-0.9251033931633291,5.068389755691132,11.3612204129901,0.19901167654652951,True,walking_dual_task,P08,12,0.097
2026-04-03T01:32:34.576622,1360.6453473126746,81373,55,-10.148298447890566,-1.0569282894764427,5.186528683305987,11.445747619937695,0.08452720694759464,True,walking_dual_task,P08,12,0.097
2026-04-03T01:32:34.576978,1427.814903615928,81373,54,-7.377697400056074,0.008873730052984322,3.746775715797855,8.274589170126317,3.1711584498113776,True,walking_dual_task,P08,12,0.097
2026-04-03T01:32:34.577528,1441.6916897124793,81254,54,-7.57110881549526,-0.02859218345542465,3.9051788497845683,8.518974589575292,0.24438541944897452,True,walking_dual_task,P08,12,0.097
2026-04-03T01:32:34.578140,1442.9287902566493,81254,52,-7.49595137558403,-0.007197607104374127,3.9488582937360155,8.472474293538804,0.046500296036487754,True,walking_dual_task,P08,12,0.097
2026-04-03T01:32:34.579241,1375.115179313883,81165,56,-7.9011400110598755,-0.43865324332197264,4.138367291679102,8.930090368136682,0.4576160745978779,True,walking_dual_task,P08,12,0.097
2026-04-03T01:32:34.635604,1425.832245316711,81165,55,-8.00956467807949,-0.5757834030816219,4.110506018037116,9.021136989533094,0.09104662139641206,True,walking_dual_task,P08,12,0.097
2026-04-03T01:32:34.636202,1338.157538718726,81160,53,-9.998262983788,-1.479197376616994,5.314823426727331,11.419309770264821,2.398172780731727,True,walking_dual_task,P08,12,0.097
2026-04-03T01:32:34.636871,1421.7305858810455,80989,53,-10.39905452795606,-1.7035157437758341,5.723053338958449,11.991481997036855,0.5721722267720342,True,walking_dual_task,P08,12,0.097
2026-04-03T01:32:34.637439,1392.2337546716196,81007,54,-9.276317793447516,-1.0764410992794593,5.462248980133858,10.818731957407131,1.1727500396297241,True,walking_dual_task,P08,12,0.097
2026-04-03T01:32:34.638134,1383.3049898104227,81028,54,-9.22495117043485,-0.2835525298273128,5.567961497090513,10.778790348047465,0.03994160935966562,True,walking_dual_task,P08,12,0.097
2026-04-03T01:32:34.639065,1456.770712931602,81083,53,-7.783558386847754,-0.32177842650747873,5.243688931019921,9.390612127147755,1.3881782208997109,True,walking_dual_task,P08,12,0.097
2026-04-03T01:32:34.695701,1529.001260751986,81238,55,-8.933028071226484,-1.1251914560107934,6.150283588176381,10.903716547535147,1.5131044203873927,True,walking_dual_task,P08,12,0.097
2026-04-03T01:32:34.695983,1347.1080082999988,81236,53,-7.708892971291598,-0.26534610100644673,5.464762004044017,9.453098071901692,1.4506184756334548,True,walking_dual_task,P08,12,0.097
2026-04-03T01:32:34.696791,1400.3521382395732,81316,57,-7.53111474686324,0.3195544040305818,5.391583637671321,9.267630682626569,0.1854673892751233,True,walking_dual_task,P08,12,0.097
2026-04-03T01:32:34.697345,1423.5398576692367,81347,53,-7.4746133851513035,0.005885646295059714,5.606249066485109,9.343442004624446,0.0758113219978771,True,walking_dual_task,P08,12,0.097
2026-04-03T01:32:34.698127,1415.6322266533055,81336,54,-9.071154612486245,-0.7757806795743454,6.055184362348556,10.934026674947424,1.5905846703229773,True,walking_dual_task,P08,12,0.097
2026-04-03T01:32:34.698751,1492.6662468076568,80957,53,-10.36628450701616,-0.9084527848468119,6.1465018912101375,12.08571993889272,1.1516932639452957,True,walking_dual_task,P08,12,0.097
2026-04-03T01:32:34.699473,1348.1991031035493,80957,56,-10.286998059262979,-1.0222998817037006,6.124819210474438,12.015857708894876,0.06986222999784353,True,walking_dual_task,P08,12,0.097
2026-04-03T01:32:34.700155,1384.9593511832234,80946,56,-10.351001244607117,-0.8840648155428397,6.112960559568836,12.053758093092089,0.0379003841972132,True,walking_dual_task,P08,12,0.097
2026-04-03T01:32:34.700871,1321.7104819531035,80946,54,-10.332767598940164,-0.8756194127307722,6.156677488033119,12.059745988258312,0.005987895166223112,True,walking_dual_task,P08,12,0.097
2026-04-03T01:32:34.701648,1440.3411323062242,80942,56,-10.221928561943223,-0.862138320070473,6.160302692662339,11.965802742550432,0.09394324570788015,True,walking_dual_task,P08,12,0.097
2026-04-03T01:32:34.702300,1373.0028692496126,80942,56,-10.36386565536525,-0.9219848203685531,6.063409222697487,12.04262009420468,0.07681735165424897,True,walking_dual_task,P08,12,0.097
2026-04-03T01:32:34.755652,1389.8295858236036,80976,55,-10.381159649346731,-0.9297781748225501,6.162212748931711,12.108089406784938,0.06546931258025701,True,walking_dual_task,P08,12,0.097
2026-04-03T01:32:34.756251,1405.768487352468,80976,54,-10.188276786776479,-0.8097427022758634,6.0072016490660465,11.855089151094534,0.2530002556904041,True,walking_dual_task,P08,12,0.097
2026-04-03T01:32:34.756881,1475.344706640737,81034,55,-10.227257936925145,-0.9327471283739417,6.059667881698419,11.924193765214302,0.06910461411976776,True,walking_dual_task,P08,12,0.097
2026-04-03T01:32:34.815594,1437.311357096376,81034,54,-10.257664966232852,-0.8240811735051818,6.155098550481912,11.990998228093899,0.06680446287959718,True,walking_dual_task,P08,12,0.097
2026-04-03T01:32:34.816232,1372.4631543790197,81045,55,-10.298171974302791,-0.9374327405230173,6.065091418061777,11.988180014696416,0.0028182133974823387,True,walking_dual_task,P08,12,0.097
2026-04-03T01:32:34.816870,1503.0546817677518,81045,53,-8.25244878706014,-1.0710746252140915,3.9463630959118263,9.209988790471066,2.778191224225351,True,walking_dual_task,P08,12,0.097
2026-04-03T01:32:34.875646,1419.926319190872,81077,54,-7.708363651059682,-1.3029141039463403,4.137140607114429,8.844907446789684,0.365081343681382,True,walking_dual_task,P08,12,0.097
2026-04-03T01:32:34.876231,1292.0902503426696,81077,55,-7.838973823377969,-1.4656278372383658,4.147065710313598,8.988644478816138,0.14373703202645416,True,walking_dual_task,P08,12,0.097
2026-04-03T01:32:34.877011,1506.354092042403,81179,54,-7.23137185538488,-0.8786493996499951,4.080920518202842,8.349771012084512,0.638873466731626,True,walking_dual_task,P08,12,0.097
2026-04-03T01:32:34.995756,1366.244213539544,81179,53,-7.26706680486176,-0.9445395471509475,4.135888713909165,8.414748383421637,0.06497737133712533,True,walking_dual_task,P08,12,0.097
2026-04-03T01:32:34.996096,1468.804809491767,81197,54,-6.9987536750652195,0.21372265181779004,3.973168048229036,8.050732557699769,0.36401582572186797,True,walking_dual_task,P08,12,0.097
2026-04-03T01:32:34.997041,1424.6017764716466,81197,54,-7.07349560187588,0.28635731517775115,4.0293870040106015,8.145692123435722,0.09495956573595343,True,walking_dual_task,P08,12,0.097
2026-04-03T01:32:34.997504,1499.144446335759,81204,54,-7.1969797562959865,0.29492850884506144,3.947335820244374,8.213705650657815,0.06801352722209231,True,walking_dual_task,P08,12,0.097
2026-04-03T01:32:34.998044,1269.4156751370765,81204,53,-7.519012105402715,-0.2029504982005028,4.351250368207772,8.689655442693955,0.47594979203613974,True,walking_dual_task,P08,12,0.097
2026-04-03T01:32:34.998894,1352.7081012876642,81253,55,-7.432327162829281,-0.07381855093798331,4.447338436494406,8.661625448061873,0.028029994632081667,True,walking_dual_task,P08,12,0.097
2026-04-03T01:32:35.055534,1458.1482385512354,81253,53,-8.022615841519007,-1.0513934392174857,4.977125790507802,9.499451259897027,0.8378258118351543,True,walking_dual_task,P08,12,0.097
2026-04-03T01:32:35.056132,1483.081641544269,81263,55,-8.78037400158449,-1.8102993668453276,5.529465604697868,10.533144890242335,1.033693630345308,True,walking_dual_task,P08,12,0.097
2026-04-03T01:32:35.056895,1443.0530854225099,81263,55,-8.751807909119911,-1.8074352792474047,5.696746180041772,10.597824352508514,0.06467946226617904,True,walking_dual_task,P08,12,0.097
2026-04-03T01:32:35.115650,1468.199153519537,81234,53,-9.751245647235624,-2.4244163272205683,5.861325861436689,11.632700763553231,1.034876411044717,True,walking_dual_task,P08,12,0.097
2026-04-03T01:32:35.116175,1366.0001580164587,81234,54,-9.676667266252386,-2.3171285669767405,5.84716935298802,11.541072897273565,0.09162786627966568,True,walking_dual_task,P08,12,0.097
2026-04-03T01:32:35.117004,1385.5310547461968,81181,53,-9.702868285598957,-2.2539130425183784,5.873770763572099,11.564037355262688,0.022964457989122167,True,walking_dual_task,P08,12,0.097
2026-04-03T01:32:35.175700,1383.8699530018978,81181,54,-8.909432803127405,-1.6714920333807863,5.589892115496395,10.649824991706993,0.9142123635556949,True,walking_dual_task,P08,12,0.097
2026-04-03T01:32:35.176548,1343.1312140511232,81140,55,-8.99205979308288,-1.52014623974007,5.519605880172421,10.659926499981488,0.010101508274495075,True,walking_dual_task,P08,12,0.097
2026-04-03T01:32:35.176785,1444.6341289060106,81140,54,-8.998084679741227,-1.5768174526182284,5.489251992940579,10.657568607551974,0.002357892429513342,True,walking_dual_task,P08,12,0.097
2026-04-03T01:32:35.235521,1449.1519523221325,81156,53,-8.862058824051948,-1.2694288640347302,5.565167678965826,10.541282063241045,0.11628654431092933,True,walking_dual_task,P08,12,0.097
2026-04-03T01:32:35.236144,1342.554263640385,81156,54,-8.654136249673066,-0.8323608324166566,5.872263282123096,10.491442934020938,0.049839129220107026,True,walking_dual_task,P08,12,0.097
2026-04-03T01:32:35.295846,1349.7344936976374,81184,54,-8.700854436980144,-0.764108876777173,5.789688312315489,10.478989505808721,0.012453428212216622,True,walking_dual_task,P08,12,0.097
2026-04-03T01:32:35.296400,1517.1153474137755,81184,55,-8.94793498960766,-0.5871706988050174,6.222927252849182,10.914904195733158,0.43591468992443616,True,walking_dual_task,P08,12,0.097
2026-04-03T01:32:35.297146,1353.0579307565883,81161,55,-8.895561207962295,-0.7655281467831087,6.206758576426206,10.873862909479826,0.04104128625333203,True,walking_dual_task,P08,12,0.097
2026-04-03T01:32:35.297593,1333.6187811670127,81161,52,-9.02552220330838,-1.0008793547042558,6.391481218925499,11.104631587628791,0.23076867814896573,True,walking_dual_task,P08,12,0.097
2026-04-03T01:32:35.356330,1401.4096244296707,81053,54,-8.872655277232985,-1.0015366196331965,6.241713783727658,10.894314031964218,0.21031755566457377,True,walking_dual_task,P08,12,0.097
2026-04-03T01:32:35.356439,1339.9240487237066,81053,53,-8.271419891726774,-1.6211211911881078,5.889004637043231,10.28225639423999,0.6120576377242273,True,walking_dual_task,P08,12,0.097
2026-04-03T01:32:35.356943,1453.14664742342,81005,54,-8.292647039705336,-1.4501559020199173,5.92175367713849,10.292624236704656,0.0103678424646656,True,walking_dual_task,P08,12,0.097
2026-04-03T01:32:35.415864,1522.1597088123349,81005,54,-8.253569638852229,-1.4231143108241175,5.7897183227297955,10.181724037784997,0.11090019891965852,True,walking_dual_task,P08,12,0.097
2026-04-03T01:32:35.415962,1429.7656013206404,81014,54,-8.68818854315607,-0.9804388989358768,5.800403555086358,10.492404967300558,0.31068092951556103,True,walking_dual_task,P08,12,0.097
2026-04-03T01:32:35.416730,1425.0606381405225,81014,52,-8.735990811612218,-0.9251403926205214,5.890208619633134,10.57676594188562,0.08436097458506175,True,walking_dual_task,P08,12,0.097
2026-04-03T01:32:35.475617,1376.2169903631648,80990,56,-8.428979956312817,-0.551007595338028,5.353859542878408,10.00075619535411,0.5760097465315095,True,walking_dual_task,P08,12,0.097
2026-04-03T01:32:35.475948,1398.0933988563195,80990,54,-8.450425043208707,-0.703923604264046,5.479280377374333,10.095925183231518,0.09516898787740757,True,walking_dual_task,P08,12,0.097
2026-04-03T01:32:35.476661,1295.1085384306123,80994,56,-7.761048095966492,-0.4029979579888305,4.929815393346338,9.203225234368809,0.8926999488627096,True,walking_dual_task,P08,12,0.097
2026-04-03T01:32:35.535653,1377.290132170857,80994,57,-7.847867977409432,-0.474272294448855,4.681034428240763,9.150193949775357,0.053031284593451744,True,walking_dual_task,P08,12,0.097
2026-04-03T01:32:35.536126,1464.096341254805,81041,56,-7.191915769192707,-0.08283666846460624,4.7831617286557435,8.637658853374683,0.5125350964006739,True,walking_dual_task,P08,12,0.097
2026-04-03T01:32:35.536870,1452.9333967114055,81041,55,-7.069195008075831,0.01489238923152384,4.723532217213293,8.502087770219337,0.13557108315534627,True,walking_dual_task,P08,12,0.097
2026-04-03T01:32:35.595737,1424.7120783562204,81090,54,-6.710347430213025,0.00936541437864545,4.7502819827271106,8.221558809652512,0.28052896056682464,True,walking_dual_task,P08,12,0.097
2026-04-03T01:32:35.596282,1413.9351895256673,81090,55,-6.957023238002871,-0.010438721930019032,4.718565696108552,8.406256213649442,0.18469740399693002,True,walking_dual_task,P08,12,0.097
2026-04-03T01:32:35.596793,1398.3520275132648,81125,54,-6.900264930304475,0.05700564737769297,4.832863555214651,8.42457571012005,0.0183194964706086,True,walking_dual_task,P08,12,0.097
2026-04-03T01:32:35.655568,1424.083703211011,81125,57,-6.863427699122667,-0.05666981106495815,4.6531225968892,8.292249462615757,0.13232624750429345,True,walking_dual_task,P08,12,0.097
2026-04-03T01:32:35.656187,1407.747046740528,81113,55,-6.887646157343346,-0.028876158275940825,4.739313272372527,8.360717296677942,0.06846783406218471,True,walking_dual_task,P08,12,0.097
2026-04-03T01:32:35.656828,1320.4597180678195,81113,57,-6.91406086764515,0.07210461439222889,4.74724939940078,8.38724112071602,0.026523824038077848,True,walking_dual_task,P08,12,0.097
2026-04-03T01:32:35.715529,1385.9104382173687,81065,55,-6.954790979118186,0.1821464032520121,4.7512545831467525,8.424767948692377,0.037526827976357424,True,walking_dual_task,P08,12,0.097
2026-04-03T01:32:35.716091,1392.5441609262157,81065,56,-6.817097818844272,0.1727924250139287,4.738451681803427,8.303951121882838,0.12081682680953953,True,walking_dual_task,P08,12,0.097
2026-04-03T01:32:35.717044,1427.076810823743,80971,56,-6.871486759968691,-0.03046303062619722,4.850375963345511,8.410969342142428,0.10701822025959018,True,walking_dual_task,P08,12,0.097
2026-04-03T01:32:35.776501,1393.626353792795,80971,56,-6.903640677318367,0.15650266259300327,4.698501922702746,8.352285196433662,0.058684145708765456,True,walking_dual_task,P08,12,0.097
2026-04-03T01:32:35.776638,1401.1063468731245,80897,54,-6.896690792328825,-0.039037493934427625,4.728559295989964,8.362125377355866,0.009840180922203956,True,walking_dual_task,P08,12,0.097
2026-04-03T01:32:35.777021,1442.9620197415857,80897,54,-6.993851861202274,0.09043615266379752,4.690642967751005,8.421655063291485,0.059529685935618915,True,walking_dual_task,P08,12,0.097
2026-04-03T01:32:35.835550,1403.028999409614,80892,55,-6.861175959656877,0.10574942729450791,4.748678271418311,8.344870509252194,0.07678455403929085,True,walking_dual_task,P08,12,0.097
2026-04-03T01:32:35.836097,1358.5799735729156,80892,56,-10.106913600079432,-0.5417859373772365,5.35003431047556,11.448410441833223,3.103539932581029,True,walking_dual_task,P08,12,0.097
2026-04-03T01:32:35.836894,1346.492787306971,80915,56,-10.120120917239158,-1.0994628014952739,4.777366226352954,11.244949706073,0.20346073576022405,True,walking_dual_task,P08,12,0.097
2026-04-03T01:32:35.895602,1352.3842044875173,80915,57,-10.245487169880203,-1.0864289305463035,4.75562031764897,11.347522186580802,0.10257248050780277,True,walking_dual_task,P08,12,0.097
2026-04-03T01:32:35.896200,1438.2599584797374,80943,55,-9.578425649405121,-1.0538391060973322,3.988132374971303,10.428902848479133,0.918619338101669,True,walking_dual_task,P08,12,0.097
2026-04-03T01:32:35.896851,1292.3376822143073,80943,56,-9.558374141691631,-0.9060411536016638,4.000914347628485,10.40147789603182,0.0274249524473138,True,walking_dual_task,P08,12,0.097
2026-04-03T01:32:36.016515,1401.7297546062807,81037,57,-8.663047060401881,-0.7297971993520505,3.3563470469666137,9.319123017891828,1.0823548781399914,True,walking_dual_task,P08,12,0.097
2026-04-03T01:32:36.075878,1361.3468398575394,81037,55,-7.934573606682164,-0.2733288468768918,2.8715347228110706,8.442622734831986,0.8765002830598423,True,walking_dual_task,P08,12,0.097
2026-04-03T01:32:36.135750,1339.875419971912,81164,57,-7.964233830971281,-0.29407573613068566,2.9662564630859722,8.503774365407844,0.06115163057585882,True,walking_dual_task,P08,12,0.097
2026-04-03T01:32:36.195805,1463.3174411663827,81164,56,-7.503731415263811,-0.5028551255158998,2.7505339691979196,8.007764079028947,0.49601028637889755,True,walking_dual_task,P08,12,0.097
2026-04-03T01:32:36.196102,1346.7321838049934,81258,56,-7.447833802979693,-0.5506625687893526,2.7350992671173895,7.953252518464299,0.05451156056464779,True,walking_dual_task,P08,12,0.097
2026-04-03T01:32:36.197136,1310.1246880159613,81258,56,-7.54797062670783,-1.1291116380480866,2.776942726073296,8.121463204171476,0.16821068570717745,True,walking_dual_task,P08,12,0.097
2026-04-03T01:32:36.197749,1445.570775111186,81353,56,-7.661080816047661,-1.5758409123109611,3.287726772762117,8.484372763101781,0.36290955893030485,True,walking_dual_task,P08,12,0.097
2026-04-03T01:32:36.198394,1472.9043779971948,81353,57,-7.7645998237825316,-1.5402151244188822,3.2942444536110114,8.573990877830424,0.08961811472864234,True,walking_dual_task,P08,12,0.097
2026-04-03T01:32:36.255941,1402.426860668008,81361,56,-8.11226343352541,-1.3868812419371859,3.605375782594501,8.985042689262507,0.4110518114320829,True,walking_dual_task,P08,12,0.097
2026-04-03T01:32:36.256104,1459.5354503506444,81361,56,-8.17114668582559,-1.3691265835457989,3.5688043788110146,9.021003849753695,0.03596116049118869,True,walking_dual_task,P08,12,0.097
2026-04-03T01:32:36.256724,1378.3447453877916,81204,56,-8.34559424561802,-0.6148641637975177,3.70391510192486,9.1512834255465,0.13027957579280525,True,walking_dual_task,P08,12,0.097
2026-04-03T01:32:36.257423,1355.4831423941876,81204,56,-8.395251990736998,-0.7572271944009344,3.881817167632749,9.280202235665028,0.12891881011852746,True,walking_dual_task,P08,12,0.097
2026-04-03T01:32:36.258026,1452.9872834469622,81111,55,-8.6897414810759,-0.20917398931316455,3.7457792816708793,9.464999904528852,0.18479766886382443,True,walking_dual_task,P08,12,0.097
2026-04-03T01:32:36.258717,1352.0797340924682,81111,55,-9.199052464349306,-0.5665628821114406,4.315464004217424,10.17677696095054,0.7117770564216883,True,walking_dual_task,P08,12,0.097
2026-04-03T01:32:36.259519,1354.8655568866216,81093,56,-9.11325316935674,-0.3570903692392249,4.390577960044216,10.122058668266062,0.0547182926844787,True,walking_dual_task,P08,12,0.097
2026-04-03T01:32:36.260242,1519.1976436316208,81093,56,-10.235326645813188,-1.2988592012719544,5.12876969148594,11.521858587898354,1.399799919632292,True,walking_dual_task,P08,12,0.097
2026-04-03T01:32:36.315700,1382.21834104148,81077,56,-10.186010020846066,-1.448390657096508,5.021684907427137,11.448578730559632,0.07327985733872211,True,walking_dual_task,P08,12,0.097
2026-04-03T01:32:36.375726,1382.4032499811779,81077,57,-11.110492418517444,-1.7554145483017858,5.537958164954509,12.537683304945514,1.0891045743858818,True,walking_dual_task,P08,12,0.097
2026-04-03T01:32:36.376766,1390.7150975630673,80994,56,-11.599226033358772,-1.4468589691744946,5.90504273899094,13.095990806309318,0.5583075013638048,True,walking_dual_task,P08,12,0.097
2026-04-03T01:32:36.376841,1346.0394730169228,80994,56,-11.475549733388027,-1.5198404676319188,5.990916469021296,13.034156546140768,0.06183426016855087,True,walking_dual_task,P08,12,0.097
2026-04-03T01:32:36.377332,1304.0849517299796,80902,57,-10.678064391920326,-1.1501033917823995,5.874488487173163,12.24146281927598,0.7926937268647869,True,walking_dual_task,P08,12,0.097
2026-04-03T01:32:36.378142,1413.314347132633,80902,54,-10.678257361929512,-0.9778548381766868,5.945560130130139,12.260956962372084,0.019494143096103755,True,walking_dual_task,P08,12,0.097
2026-04-03T01:32:36.378796,1314.995784231262,80901,56,-9.241717985890954,-0.4952938079070771,5.874973744556345,10.962207067288862,1.2987498950832226,True,walking_dual_task,P08,12,0.097
2026-04-03T01:32:36.435574,1423.5035609493113,80901,56,-8.032767842967061,0.03403671269525789,5.378824342711255,9.667381704813355,1.2948253624755068,True,walking_dual_task,P08,12,0.097
2026-04-03T01:32:36.435891,1354.3033671049864,80982,55,-8.027989573927206,0.12931136775183744,5.3916968854069784,9.671387353064766,0.004005648251411031,True,walking_dual_task,P08,12,0.097
2026-04-03T01:32:36.436712,1408.4134473757083,80982,55,-8.10416250639247,0.062780361566601,5.3682276940762845,9.721072979834247,0.04968562676948096,True,walking_dual_task,P08,12,0.097
2026-04-03T01:32:36.437360,1473.1136320360883,81076,54,-7.2685219189727395,0.45096368674566584,5.333986951380501,9.026970473577935,0.6941025062563124,True,walking_dual_task,P08,12,0.097
2026-04-03T01:32:36.495651,1357.2578488966076,81076,55,-7.396856836572578,0.438882380803567,5.440920653980767,9.192917184868184,0.16594671129024974,True,walking_dual_task,P08,12,0.097
2026-04-03T01:32:36.495927,1343.835739845071,81177,55,-7.220012642121936,0.027426429081368144,4.95282584593511,8.755559298044618,0.43735788682356613,True,walking_dual_task,P08,12,0.097
2026-04-03T01:32:36.496686,1407.6173492409575,81177,56,-7.326352651615447,0.054737915633105906,5.120436504787562,8.938529488389106,0.1829701903444878,True,walking_dual_task,P08,12,0.097
2026-04-03T01:32:36.555859,1364.205621934233,81303,55,-7.85011181551941,-0.6478074035542175,4.980739357709159,9.319424579752237,0.38089509136313104,True,walking_dual_task,P08,12,0.097
2026-04-03T01:32:36.556145,1373.707348280534,81303,55,-8.626471148505642,-1.0343897010888705,5.340068826745564,10.198151871986353,0.8787272922341156,True,walking_dual_task,P08,12,0.097
2026-04-03T01:32:36.557063,1363.4318936425732,81318,55,-8.735735805093709,-1.0644192474012475,5.309833187562172,10.278151432547155,0.07999956056080215,True,walking_dual_task,P08,12,0.097
2026-04-03T01:32:36.616184,1452.1605352743163,81318,55,-8.648627391575832,-1.135662369058495,5.341430612325792,10.228360854071507,0.04979057847564761,True,walking_dual_task,P08,12,0.097
2026-04-03T01:32:36.616612,1287.3945569728126,81243,55,-8.667761389288929,-1.037440933863123,5.239869462370771,10.181483348490458,0.046877505581049306,True,walking_dual_task,P08,12,0.097
2026-04-03T01:32:36.616903,1386.2843295371918,81243,55,-8.549157075756153,-0.9694168826373611,5.4152647171020645,10.166265182188804,0.015218166301654179,True,walking_dual_task,P08,12,0.097
2026-04-03T01:32:36.736059,1441.7689542530316,81247,56,-8.685688320861459,-0.976491674539091,5.303358649475866,10.223518502089375,0.05725331990057114,True,walking_dual_task,P08,12,0.097
2026-04-03T01:32:36.736331,1272.881328080994,81247,56,-8.68451506301025,-0.9434012233239996,5.405206189669128,10.272636550596863,0.0491180485074878,True,walking_dual_task,P08,12,0.097
2026-04-03T01:32:36.736891,1575.130464673938,81287,56,-8.674984478583504,-1.0521355114259192,5.207462257160437,10.172512373932934,0.10012417666392892,True,walking_dual_task,P08,12,0.097
2026-04-03T01:32:36.737501,1495.1768501942963,81287,53,-8.708471227598006,-1.0025099003475166,5.231271364064329,10.20826612636429,0.035753752431356034,True,walking_dual_task,P08,12,0.097
2026-04-03T01:32:36.738221,1507.2709464864913,81335,55,-8.67875138849498,-0.9769982721508609,5.2357205155405335,10.182731490319352,0.025534636044937997,True,walking_dual_task,P08,12,0.097
2026-04-03T01:32:36.739354,1406.0629803413265,81335,57,-8.651567994273279,-1.061200669479969,5.349914015105913,10.227284859114132,0.04455336879478011,True,walking_dual_task,P08,12,0.097
2026-04-03T01:32:36.795574,1349.6701987803215,81360,56,-8.630560780780753,-1.00721944673532,5.349922994462226,10.204055392406902,0.023229466707229918,True,walking_dual_task,P08,12,0.097
2026-04-03T01:32:36.796163,1305.7658035180732,81360,56,-8.632099007133105,-0.9582054156610151,5.314687667719898,10.182199953495532,0.021855438911369873,True,walking_dual_task,P08,12,0.097
2026-04-03T01:32:36.796882,1427.1755659042453,81380,56,-8.646054014292723,-1.1082970126228484,5.413539574678533,10.26104200424434,0.07884205074880768,True,walking_dual_task,P08,12,0.097
2026-04-03T01:32:36.855774,1444.0197936723741,81380,55,-8.516470023175339,-0.19569416130029121,6.225278595417234,10.55095500184562,0.28991299760128086,True,walking_dual_task,P08,12,0.097
2026-04-03T01:32:36.915733,1438.04167428893,81354,56,-9.965662501891538,-0.8550132231319028,6.488473146472094,11.922489693257319,1.3715346914116981,True,walking_dual_task,P08,12,0.097
2026-04-03T01:32:36.975655,1363.1768900585216,81354,56,-9.929837869638442,-0.9148534990332009,6.550071115773264,11.930719536712203,0.008229843454884644,True,walking_dual_task,P08,12,0.097
2026-04-03T01:32:36.976098,1398.6909645338335,81138,54,-10.841416251650948,-1.2850281416588165,6.685353846335501,12.801623323513674,0.8709037868014704,True,walking_dual_task,P08,12,0.097
2026-04-03T01:32:36.977154,1448.6063008448036,81138,55,-10.888496748891464,-1.3931562783724925,6.6292319685647465,12.823687549204772,0.022064225691098116,True,walking_dual_task,P08,12,0.097
2026-04-03T01:32:37.035570,1413.6571994905808,80971,55,-10.273433358837801,-1.1540951795536825,6.18421958582539,12.046573809496904,0.7771137397078682,True,walking_dual_task,P08,12,0.097
2026-04-03T01:32:37.036014,1431.409798724041,80971,54,-9.39323547091823,-0.563537062792852,5.200801282317077,10.751687337874394,1.29488647162251,True,walking_dual_task,P08,12,0.097
2026-04-03T01:32:37.036749,1411.8692395665616,80994,56,-9.358439976633381,-0.5556349174627245,5.325940298257676,10.782150482086523,0.030463144212129478,True,walking_dual_task,P08,12,0.097
2026-04-03T01:32:37.037359,1418.2782132849811,80994,57,-9.46062247480208,0.16502561475121208,4.153810092785589,10.333670662024296,0.44847982006222686,True,walking_dual_task,P08,12,0.097
2026-04-03T01:32:37.038062,1371.4386276346427,81047,55,-9.486591014918545,0.05117379797019195,4.221691379154523,10.383674972896618,0.050004310872321156,True,walking_dual_task,P08,12,0.097
2026-04-03T01:32:37.038926,1506.633060032694,81047,54,-9.145971424963976,0.1250067338650441,3.364989247907949,9.746156813242095,0.6375181596545225,True,walking_dual_task,P08,12,0.097
2026-04-03T01:32:37.095701,1347.0463825076358,81073,56,-8.286826208002518,-0.24558438699540952,2.7544249827616065,8.736055018052173,1.0101017951899216,True,walking_dual_task,P08,12,0.097
2026-04-03T01:32:37.096331,1373.6707939347612,81073,56,-8.277587867985428,-0.2515529917967263,2.76512112709428,8.730843869146016,0.005211148906157703,True,walking_dual_task,P08,12,0.097
2026-04-03T01:32:37.097377,1428.083708554835,81174,55,-8.138476242159337,-0.41060387345175314,2.4961643174648414,8.52257164152172,0.20827222762429543,True,walking_dual_task,P08,12,0.097
2026-04-03T01:32:37.097617,1373.4367335590568,81174,56,-8.015444661479775,-0.4715671709582975,2.565607157228988,8.429238921942765,0.09333271957895484,True,walking_dual_task,P08,12,0.097
2026-04-03T01:32:37.155674,1508.430509328446,81247,55,-8.264111554263122,-0.4042450121756662,2.6457254330445363,8.68670345287744,0.2574645309346746,True,walking_dual_task,P08,12,0.097
2026-04-03T01:32:37.215743,1418.5508946275677,81247,55,-7.907699589078314,-0.7492242834602215,2.871887430447135,8.446347567510827,0.240355885366613,True,walking_dual_task,P08,12,0.097
2026-04-03T01:32:37.216234,1405.4817667953157,81239,54,-7.998981110951545,-0.8262542700516798,2.8343995460014475,8.526442148898417,0.08009458138758951,True,walking_dual_task,P08,12,0.097
2026-04-03T01:32:37.216879,1495.674971403719,81239,56,-7.714938669951774,-1.484148896519848,3.1697323495466083,8.471728264995319,0.05471388390309784,True,walking_dual_task,P08,12,0.097
2026-04-03T01:32:37.217438,1345.4954621055604,81251,55,-7.639370631512703,-1.4193729615106923,3.251918072782786,8.423157032940662,0.04857123205465719,True,walking_dual_task,P08,12,0.097
2026-04-03T01:32:37.218496,1375.5397513996686,81251,55,-7.698932441574241,-1.386567821144089,3.284360586455009,8.484288745935965,0.06113171299530329,True,walking_dual_task,P08,12,0.097
2026-04-03T01:32:37.275670,1508.4862357962434,81252,55,-7.966409760741919,-1.5759905139037746,3.81863377814955,8.973817164818074,0.4895284188821094,True,walking_dual_task,P08,12,0.097
2026-04-03T01:32:37.276528,1327.746575413736,81252,54,-7.968627687210383,-1.4326418573584239,3.6685372749447973,8.888737573271623,0.08507959154645128,True,walking_dual_task,P08,12,0.097
2026-04-03T01:32:37.277164,1435.0194826780419,81200,55,-8.105252080972917,-0.9363183626983578,3.8784077413588327,9.034038409298141,0.145300836026518,True,walking_dual_task,P08,12,0.097
2026-04-03T01:32:37.335824,1319.976185655878,81200,55,-8.386223648379936,-0.6099482331644878,3.994928982361923,9.309148269412333,0.2751098601141919,True,walking_dual_task,P08,12,0.097
2026-04-03T01:32:37.336099,1390.8617517646958,81193,55,-8.381783665621484,-0.47153157278261015,4.167521524912875,9.372559687834594,0.06341141842226072,True,walking_dual_task,P08,12,0.097
2026-04-03T01:32:37.336871,1385.296948220023,81193,54,-9.072083562890308,-0.6331226810522042,4.587355922100409,10.185645726087126,0.813086038252532,True,walking_dual_task,P08,12,0.097
2026-04-03T01:32:37.395865,1452.810614690584,81176,53,-9.019759043048362,-0.722283995431119,4.612395176849002,10.156374187283992,0.029271538803133268,True,walking_dual_task,P08,12,0.097
2026-04-03T01:32:37.395998,1425.9935535496486,81176,56,-9.502771726221821,-0.9979486016114838,4.868148922012117,10.723686204800424,0.5673120175164321,True,walking_dual_task,P08,12,0.097
2026-04-03T01:32:37.396698,1353.115923668049,81160,56,-11.013315348946467,-1.5867313739269218,5.468364978024256,12.39813885069957,1.6744526458991462,True,walking_dual_task,P08,12,0.097
2026-04-03T01:32:37.455795,1443.1487820611098,81160,55,-10.848718371638721,-1.577317795689249,5.411404513467793,12.225625568620574,0.17251328207899697,True,walking_dual_task,P08,12,0.097
2026-04-03T01:32:37.456095,1296.5300448609917,81135,56,-11.103294029104815,-1.136069932973811,6.294933371255032,12.814053977485111,0.5884284088645373,True,walking_dual_task,P08,12,0.097
2026-04-03T01:32:37.456735,1431.783008163656,81135,55,-11.146369733416913,-1.1560993188504387,6.1782573771343055,12.796444353303519,0.017609624181591954,True,walking_dual_task,P08,12,0.097
2026-04-03T01:32:37.515762,1395.5000965806373,81423,54,-10.754412011549617,-0.5071583368469416,6.133682993861691,12.39099085472926,0.40545349857425883,True,walking_dual_task,P08,12,0.097
2026-04-03T01:32:37.516278,1427.5730130418804,81423,54,-10.56897578110865,-0.45603275421856276,6.308429698804366,12.31695986026334,0.07403099446591987,True,walking_dual_task,P08,12,0.097
2026-04-03T01:32:37.517190,1397.277619725187,81678,55,-10.036872091211732,-0.5398045833405961,6.453009300861561,11.944518382946477,0.3724414773168636,True,walking_dual_task,P08,12,0.097
2026-04-03T01:32:37.575644,1459.0049719684998,81678,56,-8.891218490927923,-0.10412614130904937,5.78028820212857,10.605486325783898,1.3390320571625782,True,walking_dual_task,P08,12,0.097
2026-04-03T01:32:37.576222,1392.7203810368399,81814,55,-8.847377594338312,-0.08046514808519838,5.8430219515529425,10.60299346709152,0.0024928586923778084,True,walking_dual_task,P08,12,0.097
2026-04-03T01:32:37.576956,1453.9038881573729,81814,54,-8.905029065533954,-0.20265458009958592,5.667109785303432,10.557307651836323,0.045685815255197326,True,walking_dual_task,P08,12,0.097
2026-04-03T01:32:37.635537,1407.9116222607058,81819,56,-8.906973069910443,-0.03201447646838451,5.836425672446146,10.648899418475219,0.09159176663889568,True,walking_dual_task,P08,12,0.097
2026-04-03T01:32:37.636068,1411.3663151492185,81819,55,-9.004563265326325,-0.12452836895481412,5.7522174225290446,10.685769611496664,0.036870193021444564,True,walking_dual_task,P08,12,0.097
2026-04-03T01:32:37.637255,1362.6979017194294,81690,56,-9.053388314558056,-0.06687705898719373,5.845267076862384,10.776616338862883,0.09084672736621968,True,walking_dual_task,P08,12,0.097
2026-04-03T01:32:37.756075,1317.6536263988185,81690,56,-8.996608499309431,-0.13943907499202224,5.813252523666093,10.712250587499879,0.06436575136300426,True,walking_dual_task,P08,12,0.097
2026-04-03T01:32:37.756204,1405.0161378419743,81632,55,-8.983178951326614,-0.17325054405542195,5.831072540376799,10.711158984615501,0.001091602884377707,True,walking_dual_task,P08,12,0.097
2026-04-03T01:32:37.756960,1318.888485250878,81632,55,-8.962726705659389,-0.12902517693791699,5.8818390409228005,10.721154228904064,0.009995244288562688,True,walking_dual_task,P08,12,0.097
2026-04-03T01:32:37.757612,1408.2309633030488,81615,54,-8.931624049688768,-0.13814848973666985,5.874105363646155,10.691029276613728,0.030124952290336182,True,walking_dual_task,P08,12,0.097
2026-04-03T01:32:37.758507,1378.362868924359,81615,53,-8.960953148781357,-0.15438521179201264,5.75681709672923,10.651922794193945,0.03910648241978265,True,walking_dual_task,P08,12,0.097
2026-04-03T01:32:37.815574,1393.646495914282,81556,55,-8.951440721820198,-0.03945510812430579,5.814009448034375,10.673919315961266,0.021996521767320587,True,walking_dual_task,P08,12,0.097
2026-04-03T01:32:37.815894,1483.297610034671,81556,57,-9.066871212366733,-0.19826922418649107,5.761845855160538,10.744595475192856,0.07067615923159032,True,walking_dual_task,P08,12,0.097
2026-04-03T01:32:37.816851,1371.5284950317687,81504,54,-8.81393841456827,0.010060316401487135,5.731260412906365,10.513465532654585,0.23112994253827068,True,walking_dual_task,P08,12,0.097
2026-04-03T01:32:37.817396,1413.513126509501,81504,55,-7.4212877977769685,0.7211679944881172,5.310478671302684,9.154058093111932,1.3594074395426539,True,walking_dual_task,P08,12,0.097
2026-04-03T01:32:37.875666,1396.127944595281,81546,56,-7.49252172786601,0.9536393316882857,5.194129761934819,9.166585722137997,0.012527629026065412,True,walking_dual_task,P08,12,0.097
2026-04-03T01:32:37.876016,1371.531176426079,81546,57,-7.473409075936693,0.8407284810636657,5.3367491832831515,9.22168961961082,0.05510389747282218,True,walking_dual_task,P08,12,0.097
2026-04-03T01:32:37.876747,1326.0209174829804,81565,55,-7.778082716159577,1.3022938345756643,5.227852122570362,9.461763989154326,0.2400743695435068,True,walking_dual_task,P08,12,0.097
2026-04-03T01:32:37.935454,1356.8395981541985,81565,56,-7.683425631523009,1.2286268070596946,5.202446993289012,9.36002179399986,0.10174219515446659,True,walking_dual_task,P08,12,0.097
2026-04-03T01:32:37.936139,1359.8896806565544,81528,56,-8.026841322202545,0.9195092436638048,5.2329219341637145,9.625962332673716,0.26594053867385625,True,walking_dual_task,P08,12,0.097
2026-04-03T01:32:37.936744,1453.0052919291186,81528,54,-8.380831410265563,0.004883885143146159,5.217138423422191,9.87202574494091,0.24606341226719408,True,walking_dual_task,P08,12,0.097
2026-04-03T01:32:37.995801,1468.405875112091,81532,54,-8.225999506501575,-0.03081279499030529,5.205067396387571,9.734513028921178,0.13751271601973158,True,walking_dual_task,P08,12,0.097
2026-04-03T01:32:37.996195,1298.2857250886025,81532,55,-9.509786001563807,-0.2542340805138546,5.422624842139194,10.950138124326049,1.2156250954048708,True,walking_dual_task,P08,12,0.097
2026-04-03T01:32:37.997115,1514.9242416667832,81574,55,-9.387639636775294,-0.16930659812768825,5.376256431412751,10.819453585575896,0.1306845387501525,True,walking_dual_task,P08,12,0.097
2026-04-03T01:32:38.055835,1415.2186742235817,81574,56,-10.64890080618607,-0.16835629063146385,5.855920018289243,12.153980067499955,1.3345264819240583,True,walking_dual_task,P08,12,0.097
2026-04-03T01:32:38.056470,1370.8894891497853,81517,57,-11.161816490467444,-0.3780074050014345,5.873668102433414,12.618597938861933,0.46461787136197863,True,walking_dual_task,P08,12,0.097
2026-04-03T01:32:38.057061,1359.409173275904,81517,56,-11.329320680208868,-0.23108903261432262,5.891679745602815,12.771797032553774,0.15319909369184082,True,walking_dual_task,P08,12,0.097
2026-04-03T01:32:38.115686,1478.785017257623,81414,55,-10.360768758274624,-0.5841090941946587,5.106183335531256,11.56545809522552,1.2063389373282547,True,walking_dual_task,P08,12,0.097
2026-04-03T01:32:38.116153,1365.4155775694956,81414,56,-10.478569817771625,-0.5664871781883892,5.024996083985885,11.634943867206227,0.06948577198070716,True,walking_dual_task,P08,12,0.097
2026-04-03T01:32:38.116911,1405.281000104086,81425,55,-10.044936835845204,-0.8276484409875137,4.564913427894222,11.064546650548223,0.5703972166580034,True,walking_dual_task,P08,12,0.097
2026-04-03T01:32:38.175605,1379.1953924864408,81425,56,-10.02699521064144,-0.6728704836005386,4.432975871195508,10.983836429796684,0.08071022075153955,True,walking_dual_task,P08,12,0.097
2026-04-03T01:32:38.176562,1448.6128669390364,81475,55,-9.834707290653318,-0.32422341222431794,3.707695735979928,10.515398042131721,0.46843838766496226,True,walking_dual_task,P08,12,0.097
2026-04-03T01:32:38.177096,1356.1760014453987,81475,55,-9.180662262821567,0.10559952627917388,3.173808218496944,9.71435893158911,0.8010391105426109,True,walking_dual_task,P08,12,0.097
2026-04-03T01:32:38.235675,1420.4048495391812,81564,56,-9.210170449276923,0.0686197284003548,3.164123993697195,9.738769379102777,0.02441044751366661,True,walking_dual_task,P08,12,0.097
2026-04-03T01:32:38.236139,1352.3019661192056,81564,56,-8.830254478286253,-0.3691017267809663,2.839910486253983,9.283034084066612,0.45573529503616506,True,walking_dual_task,P08,12,0.097
2026-04-03T01:32:38.236906,1442.6947974405202,81714,56,-8.723942430233269,-0.3205015398333165,2.958882498765541,9.217639524550789,0.0653945595158234,True,walking_dual_task,P08,12,0.097
2026-04-03T01:32:38.295620,1481.779456700466,81714,54,-8.461005358539058,-0.5600133364705765,2.6980268694353935,8.89840298044806,0.31923654410272917,True,walking_dual_task,P08,12,0.097
2026-04-03T01:32:38.296086,1428.1757322968185,81876,56,-8.400051575284506,-0.5545605247741321,2.7366026421801197,8.851971411175292,0.0464315692727677,True,walking_dual_task,P08,12,0.097
2026-04-03T01:32:38.297103,1376.976747478642,81876,56,-7.87139847073264,-0.7387327941657523,2.7736801698290554,8.378421194397607,0.47355021677768505,True,walking_dual_task,P08,12,0.097
2026-04-03T01:32:38.355755,1419.6599495901708,81922,54,-7.811655510155614,-0.7494668440982554,2.8685565284278973,8.355374253528892,0.023046940868715282,True,walking_dual_task,P08,12,0.097
2026-04-03T01:32:38.476149,1322.5401039791932,81922,57,-7.726091321339516,-0.9216232509535276,3.1587770251172245,8.397603754451884,0.04222950092299271,True,walking_dual_task,P08,12,0.097
2026-04-03T01:32:38.476449,1434.1078643237704,81905,58,-7.707644765659496,-1.1126330203511328,3.125139450096991,8.391199953172753,0.006403801279130761,True,walking_dual_task,P08,12,0.097
2026-04-03T01:32:38.477248,1385.0716956698664,81905,55,-7.785747480787721,-0.7568720174066521,3.3669667446116462,8.5162893412945,0.1250893881217472,True,walking_dual_task,P08,12,0.097
2026-04-03T01:32:38.477957,1386.6169599642599,81756,55,-8.03674971800182,-0.16858088326861065,3.312075476514339,8.6941134974265,0.1778241561319991,True,walking_dual_task,P08,12,0.097
2026-04-03T01:32:38.478532,1425.8535293716764,81756,56,-8.097296660315783,-0.16306872803085543,3.2576241415867973,8.72954292406377,0.03542942663727011,True,walking_dual_task,P08,12,0.097
2026-04-03T01:32:38.536356,1373.6178182122253,81631,56,-8.695054136787792,0.29348157758174725,3.3561134206622034,9.32489116131654,0.5953482372527699,True,walking_dual_task,P08,12,0.097
2026-04-03T01:32:38.595902,1381.995444929234,81631,55,-8.562904001429466,0.21868333751816693,3.3188929274219587,9.186196035546832,0.13869512576970777,True,walking_dual_task,P08,12,0.097
2026-04-03T01:32:38.655654,1397.541907399071,81607,54,-8.688916135299817,-0.14478389824869964,3.572846233081271,9.395927638541531,0.20973160299469917,True,walking_dual_task,P08,12,0.097
2026-04-03T01:32:38.715884,1407.9416310017657,81607,55,-8.794997295116447,-0.09689304845084407,3.407877213705704,9.432655659337845,0.0367280207963141,True,walking_dual_task,P08,12,0.097
2026-04-03T01:32:38.775595,1448.9454434255672,81613,57,-9.149149180944315,-0.8193949783977686,3.7662583291803804,9.927892055613723,0.4952363962758781,True,walking_dual_task,P08,12,0.097
2026-04-03T01:32:38.776426,1383.335371671986,81613,54,-10.06986577513556,-1.3198042633882627,4.335689695682813,11.042748080081989,1.1148560244682653,True,walking_dual_task,P08,12,0.097
2026-04-03T01:32:38.777029,1359.5553886902892,81552,54,-9.975617676705186,-1.4228175929505131,4.3428802715437484,10.972600739458553,0.07014734062343564,True,walking_dual_task,P08,12,0.097
2026-04-03T01:32:38.777587,1425.836672489144,81552,58,-9.797453783015701,-1.46719032249269,4.422641589704302,10.84907861081885,0.1235221286397028,True,walking_dual_task,P08,12,0.097
2026-04-03T01:32:38.778802,1353.9663806999208,81464,56,-10.052729030779352,-1.4173520507563833,4.297786432519906,11.024391866294009,0.1753132554751584,True,walking_dual_task,P08,12,0.097
2026-04-03T01:32:38.835567,1408.8049736191122,81464,56,-9.964090065142306,-1.3460251477117076,4.355201229362805,10.957310448863955,0.06708141743005314,True,walking_dual_task,P08,12,0.097
2026-04-03T01:32:38.836812,1418.1413298692544,81402,57,-10.15193804742756,-1.338328043337974,4.438747859614826,11.160441327816178,0.20313087895222282,True,walking_dual_task,P08,12,0.097
2026-04-03T01:32:38.895955,1418.803758498928,81402,55,-10.091325686080179,-1.2274571631752955,4.411627665687498,11.081694989965715,0.07874633785046292,True,walking_dual_task,P08,12,0.097
2026-04-03T01:32:38.896233,1417.318903953481,81385,57,-9.993719819672059,-1.4354134996945616,4.522148163883532,11.062760585194217,0.01893440477149788,True,walking_dual_task,P08,12,0.097
2026-04-03T01:32:38.897128,1486.9062531449906,81385,56,-10.04712110698569,-1.3961471314981144,4.3144129025055715,11.023067996004304,0.03969258918991336,True,walking_dual_task,P08,12,0.097
2026-04-03T01:32:38.897789,1354.0623924442014,81402,54,-10.067386789488758,-1.333010981778087,4.405581097439065,11.069703693090712,0.046635697086408356,True,walking_dual_task,P08,12,0.097
2026-04-03T01:32:38.898751,1432.696031634232,81402,54,-10.03536869168205,-1.3584233904414387,4.390313062036216,11.037607877994967,0.03209581509574555,True,walking_dual_task,P08,12,0.097
2026-04-03T01:32:38.955926,1449.0706102672152,81441,57,-10.096086620698749,-1.3889734464009422,4.435764728772409,11.114684926550124,0.07707704855515729,True,walking_dual_task,P08,12,0.097
2026-04-03T01:32:38.956725,1399.281288988179,81441,56,-10.060132139294266,-1.2981694617066486,4.369619912085303,11.044685635519986,0.06999929103013791,True,walking_dual_task,P08,12,0.097
2026-04-03T01:32:38.957122,1341.6529462135818,81488,57,-10.063279245166465,-1.2884945555709884,4.409852017829787,11.062395861886866,0.017710226366880022,True,walking_dual_task,P08,12,0.097
2026-04-03T01:32:38.957544,1439.5814284399964,81488,56,-7.999352623887116,-1.359881573757451,5.644566488979222,9.88433362166828,1.178062240218587,True,walking_dual_task,P08,12,0.097
2026-04-03T01:32:38.958291,1452.0056300014996,81548,55,-8.30383036677755,-1.1069337707274736,5.436728096058928,9.986837012962136,0.10250339129385644,True,walking_dual_task,P08,12,0.097
2026-04-03T01:32:38.958891,1459.5614466656793,81548,55,-8.365926235551647,-1.2669671049206281,5.395669270057901,10.035296422900993,0.048459409938857334,True,walking_dual_task,P08,12,0.097
2026-04-03T01:32:39.015804,1448.9842030942957,81546,55,-8.631826054496962,-0.9873371365743695,5.442231092381097,10.25188445697819,0.21658803407719773,True,walking_dual_task,P08,12,0.097
2026-04-03T01:32:39.075969,1359.634887798653,81546,56,-8.659852607503195,-0.8488692601499864,5.407258572572808,10.244611826475886,0.0072726305023049775,True,walking_dual_task,P08,12,0.097
2026-04-03T01:32:39.076292,1364.3839116680092,81492,55,-8.46042315085009,-0.7512885827523289,5.369787677814481,10.048771772252687,0.19584005422319883,True,walking_dual_task,P08,12,0.097
2026-04-03T01:32:39.077172,1444.3755196977036,81492,55,-7.692622388855936,-0.7339788876662221,5.324847236322982,9.3845171594091,0.6642546128435871,True,walking_dual_task,P08,12,0.097
2026-04-03T01:32:39.077915,1513.178984869685,81485,55,-7.783710563176741,-0.7559341703142602,5.332713962708099,9.465485978502096,0.08096881909299647,True,walking_dual_task,P08,12,0.097
2026-04-03T01:32:39.078802,1400.8892110940915,81485,55,-7.352220651504998,-0.4680980010743082,5.218945588463934,9.02838065781309,0.43710532068900676,True,walking_dual_task,P08,12,0.097
2026-04-03T01:32:39.079121,1368.7354225600216,81512,55,-7.376496002655123,-0.5352370908790438,5.180535266151614,9.029790565925671,0.0014099081125813484,True,walking_dual_task,P08,12,0.097
2026-04-03T01:32:39.195868,1431.1121615064974,81512,55,-7.19240650914175,-0.7185508176739286,5.323231246562251,8.976848978049102,0.05294158787656933,True,walking_dual_task,P08,12,0.097
2026-04-03T01:32:39.196198,1378.3909622998237,81560,55,-7.203715982308492,-0.8114263813537997,5.3910494965619815,9.034121506848628,0.05727252879952616,True,walking_dual_task,P08,12,0.097
2026-04-03T01:32:39.197104,1414.1276550131163,81560,56,-7.34460224894809,-0.7616540413134609,5.507098620208239,9.211483826539672,0.17736231969104388,True,walking_dual_task,P08,12,0.097
2026-04-03T01:32:39.197519,1396.2442790425882,81610,55,-7.459759129841213,-0.7316394003592624,5.317365143529344,9.190085666468416,0.02139816007125539,True,walking_dual_task,P08,12,0.097
2026-04-03T01:32:39.198148,1455.851536329807,81610,55,-7.458559816203687,-0.7424146864145104,5.329484578720855,9.196994072702001,0.006908406233584685,True,walking_dual_task,P08,12,0.097
2026-04-03T01:32:39.198795,1425.2220203790653,81604,55,-8.106829475608604,-0.5640780182953131,5.510191603320575,9.81840514862903,0.6214110759270284,True,walking_dual_task,P08,12,0.097
2026-04-03T01:32:39.199460,1445.3857777496437,81604,56,-8.123975698784246,-0.3482656714272244,5.437833341410208,9.7821419730693,0.03626317555973024,True,walking_dual_task,P08,12,0.097
2026-04-03T01:32:39.200171,1451.4241025277486,81473,55,-8.028029897693681,-0.43900535722123246,5.4387243350107175,9.70678691092837,0.07535506214092891,True,walking_dual_task,P08,12,0.097
2026-04-03T01:32:39.200894,1425.5834420899807,81473,53,-9.19718285259525,-0.5529356127728665,5.8222122706589055,10.899177305675677,1.1923903947473065,True,walking_dual_task,P08,12,0.097
2026-04-03T01:32:39.201615,1474.0433855626297,81339,56,-10.399885263475829,-0.6727385600473487,6.012044216780225,12.031411651512753,1.1322343458370767,True,walking_dual_task,P08,12,0.097
2026-04-03T01:32:39.255945,1456.214590115725,81339,55,-10.257982152162956,-0.7287718782646677,5.995884446959908,11.904114271374366,0.12729738013838698,True,walking_dual_task,P08,12,0.097
2026-04-03T01:32:39.256235,1450.0156544536185,81259,57,-10.206871467907352,-0.6666234119808931,5.842792346733839,11.779763764305027,0.12435050706933914,True,walking_dual_task,P08,12,0.097
2026-04-03T01:32:39.257201,1446.312611957904,81259,56,-10.387674575454566,-0.6297823755147146,5.813943599911566,11.920668987477457,0.14090522317242993,True,walking_dual_task,P08,12,0.097
2026-04-03T01:32:39.316094,1465.3650529858533,81259,54,-10.213981258752638,-0.49716035770449163,5.305592983870617,11.520499055419435,0.40016993205802187,True,walking_dual_task,P08,12,0.097
2026-04-03T01:32:39.316505,1428.1141591960086,81259,57,-9.677606324703024,-0.4314887681912498,4.820310455612297,10.820242123977282,0.7002569314421532,True,walking_dual_task,P08,12,0.097
2026-04-03T01:32:39.317066,1464.8957721863835,81279,55,-9.830510158447144,-0.4670202261278949,4.855759085826325,10.974307912872225,0.15406578889494327,True,walking_dual_task,P08,12,0.097
2026-04-03T01:32:39.375464,1434.7946695681355,81279,56,-9.388886601829379,-0.7185719244569082,4.267506380691914,10.338237177675657,0.6360707351965686,True,walking_dual_task,P08,12,0.097
2026-04-03T01:32:39.375971,1432.7482664812335,81297,57,-9.48515096152903,-0.7387296115706733,4.361027109299698,10.465771240097565,0.12753406242190835,True,walking_dual_task,P08,12,0.097
2026-04-03T01:32:39.376883,1507.8191434194466,81297,56,-9.310606032852604,-0.5796174551410086,3.858529728508196,10.095127178945145,0.37064406115242043,True,walking_dual_task,P08,12,0.097
2026-04-03T01:32:39.495767,1375.406695009899,81340,56,-8.78516541447672,-0.07831957935366438,3.275923506683343,9.376403368982617,0.7187238099625279,True,walking_dual_task,P08,12,0.097
2026-04-03T01:32:39.496321,1408.870177239197,81340,56,-8.927361359605015,-0.06482813664226715,3.4386271051936577,9.566929491787933,0.19052612280531633,True,walking_dual_task,P08,12,0.097
2026-04-03T01:32:39.496796,1434.1372467513127,81360,57,-7.999572944010674,-0.42732109574136135,3.0052896961403888,8.556140295900995,1.0107891958869377,True,walking_dual_task,P08,12,0.097
2026-04-03T01:32:39.497631,1405.2200546219708,81360,56,-7.954341185085272,-0.3845730389970913,2.8978716601002135,8.474497051122219,0.08164324477877649,True,walking_dual_task,P08,12,0.097
2026-04-03T01:32:39.498030,1480.7382490844088,81455,56,-7.447933884778811,-0.7417392284842468,2.775379032722693,7.982770509690577,0.49172654143164163,True,walking_dual_task,P08,12,0.097
2026-04-03T01:32:39.498777,1478.6949357132983,81455,56,-7.471106975913957,-0.6810951958238303,2.755270994060655,7.992049071548327,0.009278561857749779,True,walking_dual_task,P08,12,0.097
2026-04-03T01:32:39.555632,1413.9983565504274,81520,54,-7.425400318934482,-0.8667658906092601,2.7891739675314486,7.979181939692257,0.012867131856070024,True,walking_dual_task,P08,12,0.097
2026-04-03T01:32:39.556230,1520.8760006326115,81520,55,-7.542242082385148,-0.8218862922284365,3.1092030889469884,8.199271708814873,0.22008976912261602,True,walking_dual_task,P08,12,0.097
2026-04-03T01:32:39.556869,1356.07627646776,81549,55,-7.381224105477673,-0.8098321421435681,3.128957068782773,8.057832818569718,0.14143889024515488,True,walking_dual_task,P08,12,0.097
2026-04-03T01:32:39.615581,1478.8861843037823,81549,56,-7.5248609606024255,-0.942132050526012,3.088704529403121,8.188482212655906,0.1306493940861877,True,walking_dual_task,P08,12,0.097
2026-04-03T01:32:39.616205,1443.3363669413188,81493,56,-7.5280199253853715,-0.921243999763828,3.1712545365583495,8.220500583282137,0.03201837062623092,True,walking_dual_task,P08,12,0.097
2026-04-03T01:32:39.616902,1439.449624854875,81493,55,-7.639275092445873,-0.8451274841126252,3.183947327116447,8.3192719022952,0.09877131901306413,True,walking_dual_task,P08,12,0.097
2026-04-03T01:32:39.676014,1464.131300122048,81427,56,-7.461797544345381,-0.8957214011650153,3.136319240092199,8.143539635629969,0.17573226666523212,True,walking_dual_task,P08,12,0.097
2026-04-03T01:32:39.676283,1423.3802105980278,81427,55,-7.460479215761347,-0.8403457964111067,3.0769678667549307,8.113732953418866,0.029806682211102498,True,walking_dual_task,P08,12,0.097
2026-04-03T01:32:39.677175,1305.922943144537,81409,56,-7.554567010656213,-0.8944014631331542,3.142099037275752,8.230687884727441,0.11695493130857493,True,walking_dual_task,P08,12,0.097
2026-04-03T01:32:39.735817,1354.0746093703337,81409,54,-7.538733414846234,-0.8092408472124649,3.154368345083453,8.212028489075086,0.01865939565235486,True,walking_dual_task,P08,12,0.097
2026-04-03T01:32:39.736220,1366.4066083650525,81427,53,-7.530947538151059,-0.9254309487788438,3.1498442101704858,8.215419150091233,0.003390661016146268,True,walking_dual_task,P08,12,0.097
2026-04-03T01:32:39.736877,1462.7242681105906,81427,56,-7.426054913741219,-0.8728362962839447,3.1088835430365345,8.097733736433558,0.11768541365767504,True,walking_dual_task,P08,12,0.097
2026-04-03T01:32:39.795586,1450.487753980298,81452,56,-7.446274003476397,-0.9701553987814945,3.0684205368332664,8.111929648578903,0.014195912145344991,True,walking_dual_task,P08,12,0.097
2026-04-03T01:32:39.796150,1411.7387153713548,81452,55,-7.58433306938813,-0.7146347675863101,3.1107328785694066,8.228576426106171,0.1166467775272686,True,walking_dual_task,P08,12,0.097
2026-04-03T01:32:39.796852,1396.1032023101857,81441,56,-7.554667314036484,-0.9633302981038053,3.2000991805953842,8.260849729577657,0.03227330347148616,True,walking_dual_task,P08,12,0.097
2026-04-03T01:32:39.855768,1473.7368141660386,81441,57,-10.643954485504574,-2.4660831491859274,5.712165324749318,12.328996953745273,4.068147224167616,True,walking_dual_task,P08,12,0.097
2026-04-03T01:32:39.856233,1386.8415754857476,81418,56,-9.575111709173253,-1.9040761596265698,5.878137849558593,11.395647188432008,0.933349765313265,True,walking_dual_task,P08,12,0.097
2026-04-03T01:32:39.856916,1461.316329300029,81418,56,-9.691569100048524,-1.8318462334464243,5.803724955976706,11.444011342559655,0.04836415412764694,True,walking_dual_task,P08,12,0.097
2026-04-03T01:32:39.915595,1488.6026791209993,81443,53,-8.715569569400898,-1.3088356400295638,5.597168436583672,10.440426148350797,1.003585194208858,True,walking_dual_task,P08,12,0.097
2026-04-03T01:32:39.916109,1377.64843198912,81443,55,-8.701356133099392,-1.2486941458988015,5.421604307851684,10.327953761319048,0.11247238703174922,True,walking_dual_task,P08,12,0.097
2026-04-03T01:32:39.916850,1368.0081555986608,81387,53,-8.16896412339175,-0.5582894258866339,5.1240744258850945,9.659182193867554,0.6687715674514934,True,walking_dual_task,P08,12,0.097
2026-04-03T01:32:39.975547,1426.127328393888,81387,55,-7.684388790735732,-0.590384827849064,5.239979873577702,9.319644542987609,0.3395376508799455,True,walking_dual_task,P08,12,0.097
2026-04-03T01:32:39.976021,1401.1533372823924,81317,55,-7.584867365379512,-0.5497872037606164,5.155970235154667,9.187845666184153,0.13179887680345637,True,walking_dual_task,P08,12,0.097
2026-04-03T01:32:39.976753,1381.3125248619906,81317,55,-7.544910983612779,-1.1685035643651662,5.329482391241694,9.310986246855386,0.12314058067123312,True,walking_dual_task,P08,12,0.097
2026-04-03T01:32:40.035631,1426.2633988199887,81362,54,-7.703475961514264,-1.1568169047749748,5.501494502526402,9.53667704193287,0.2256907950774849,True,walking_dual_task,P08,12,0.097
2026-04-03T01:32:40.036169,1353.638755274935,81362,55,-8.193707263438679,-1.8651295937246624,5.626590451350977,10.11306418587113,0.5763871439382591,True,walking_dual_task,P08,12,0.097
2026-04-03T01:32:40.036720,1425.7470879851837,81420,55,-8.077650404204471,-1.8908961154081179,5.5577276803704745,9.985602692925767,0.12746149294536302,True,walking_dual_task,P08,12,0.097
2026-04-03T01:32:40.096189,1399.738802230256,81420,55,-8.544295622837245,-1.7970506792648333,5.7270377736085525,10.44190310693511,0.45630041400934296,True,walking_dual_task,P08,12,0.097
2026-04-03T01:32:40.215755,1394.6329888775974,81387,55,-8.523453846334425,-1.0998786744151874,5.433774383853468,10.167836673729989,0.27406643320512103,True,walking_dual_task,P08,12,0.097
2026-04-03T01:32:40.216084,1394.988006205219,81387,56,-8.466288663964567,-1.262242842468802,5.396512592958995,10.118974696129232,0.04886197760075639,True,walking_dual_task,P08,12,0.097
2026-04-03T01:32:40.216791,1414.707722004499,81333,57,-8.156921412301202,-0.7226565378063772,5.206221734405376,9.703728363154394,0.4152463329748386,True,walking_dual_task,P08,12,0.097
2026-04-03T01:32:40.217353,1387.4706837610152,81333,55,-8.121903654569124,-0.607017213406943,5.18312998643394,9.653943511733758,0.049784851420636045,True,walking_dual_task,P08,12,0.097
2026-04-03T01:32:40.218087,1490.9828321829218,81301,55,-8.194237919354908,-0.5593596064396837,5.335346413975434,9.794097181743233,0.1401536700094752,True,walking_dual_task,P08,12,0.097
2026-04-03T01:32:40.218789,1497.970665876424,81301,56,-7.744667348645593,-0.1924120610310692,5.11972911553538,9.285931345797687,0.5081658359455457,True,walking_dual_task,P08,12,0.097
2026-04-03T01:32:40.275968,1457.1270240023455,81294,54,-7.408712003777301,-0.20887370126883456,4.784768951244052,8.821941719076628,0.4639896267210588,True,walking_dual_task,P08,12,0.097
2026-04-03T01:32:40.276536,1405.7399197718885,81294,55,-7.350721613914135,-0.2814412085849071,4.789504898665866,8.777908325649026,0.04403339342760226,True,walking_dual_task,P08,12,0.097
2026-04-03T01:32:40.276935,1383.9251132415768,81364,57,-7.289544244438834,-0.8663572891304143,4.7563405138711525,8.747045519942882,0.030862805706144414,True,walking_dual_task,P08,12,0.097
2026-04-03T01:32:40.277513,1427.178539250409,81364,57,-7.379414257961636,-0.8836321787559062,4.714582721890738,8.801355058142528,0.05430953819964657,True,walking_dual_task,P08,12,0.097
2026-04-03T01:32:40.278101,1468.8165393254355,81492,55,-7.6140446360205765,-1.0709116626832555,4.988425379206289,9.165419536087485,0.36406447794495733,True,walking_dual_task,P08,12,0.097
2026-04-03T01:32:40.336114,1339.8518890292144,81492,57,-8.468511054403562,-1.0333670012337453,5.311192059002698,10.049491923744577,0.884072387657092,True,walking_dual_task,P08,12,0.097
2026-04-03T01:32:40.336491,1494.6330892496926,81531,57,-8.380832290807826,-0.9912696719812766,5.372648889919349,10.004315146155115,0.0451767775894627,True,walking_dual_task,P08,12,0.097
2026-04-03T01:32:40.337022,1341.5679736409995,81531,56,-9.629761127151168,-0.7334120379576813,5.647254641755577,11.187567991848939,1.1832528456938238,True,walking_dual_task,P08,12,0.097
2026-04-03T01:32:40.395722,1449.9232455050233,81424,56,-9.601710212955178,-0.8965281207189371,5.547293306675857,11.125154592862895,0.06241339898604359,True,walking_dual_task,P08,12,0.097
2026-04-03T01:32:40.395964,1508.1151132959171,81424,55,-10.04470751450846,-0.6239950052193131,5.443579235753969,11.441943616121046,0.31678902325815095,True,walking_dual_task,P08,12,0.097
2026-04-03T01:32:40.396780,1442.919330885124,81314,55,-9.965478185531806,-0.6792300233020825,5.417561534001595,11.363189775127358,0.07875384099368787,True,walking_dual_task,P08,12,0.097
2026-04-03T01:32:40.456159,1400.896591284125,81314,56,-10.03502810207246,-0.7967984686228812,5.145368636984107,11.30537461650181,0.05781515862554798,True,walking_dual_task,P08,12,0.097
2026-04-03T01:32:40.456385,1349.1460272334448,81300,56,-10.078615575229813,-0.6328183511194891,4.984711327584722,11.261718252475065,0.04365636402674511,True,walking_dual_task,P08,12,0.097
2026-04-03T01:32:40.457224,1323.5676462685813,81300,56,-10.002696564143323,-0.7491078217283401,5.085557998575441,11.246243872501337,0.015474379973728247,True,walking_dual_task,P08,12,0.097
2026-04-03T01:32:40.515666,1412.4353665672938,81303,55,-9.728959941615686,0.11587685711862239,4.491411846714351,10.716289906884024,0.5299539656173131,True,walking_dual_task,P08,12,0.097
2026-04-03T01:32:40.575970,1316.9802701893668,81303,53,-9.530125493993536,0.042746129545885275,4.661816419596628,10.609319087145856,0.10697081973816758,True,walking_dual_task,P08,12,0.097
2026-04-03T01:32:40.636014,1442.6392491790805,81336,54,-9.11069749298537,0.5457489425621406,4.066796082585896,9.992070911194215,0.6172481759516408,True,walking_dual_task,P08,12,0.097
2026-04-03T01:32:40.695905,1447.848145512785,81336,56,-9.288873037481773,0.46603473929370187,3.7931672310996705,10.044325180308169,0.05225426911395381,True,walking_dual_task,P08,12,0.097
2026-04-03T01:32:40.756183,1446.7116656344788,81394,56,-9.190786100105182,0.5319259843734002,3.824697203072093,9.969042235136017,0.07528294517215173,True,walking_dual_task,P08,12,0.097
2026-04-03T01:32:40.815806,1435.2193504069564,81394,55,-9.141629837686754,0.5298696208586698,3.7975004549561437,9.913181507961296,0.05586072717472135,True,walking_dual_task,P08,12,0.097
2026-04-03T01:32:40.935921,1391.5681345731566,81397,56,-9.25212586168088,0.5786816181158067,3.807826658901723,10.021788724562695,0.10860721660139916,True,walking_dual_task,P08,12,0.097
2026-04-03T01:32:40.995665,1444.6803966644936,81397,55,-9.251253314622655,0.4422311923248049,3.83519565782542,10.024469165625911,0.002680441063215966,True,walking_dual_task,P08,12,0.097
2026-04-03T01:32:41.056254,1307.3489552813762,81365,56,-9.203787820251808,0.5435300583352116,3.8756413225798894,10.00128645854213,0.02318270708378023,True,walking_dual_task,P08,12,0.097
2026-04-03T01:32:41.115995,1407.4514795681685,81365,55,-9.143724703949045,0.5183741409066998,3.7895653640935123,9.9114690566185,0.08981740192363041,True,walking_dual_task,P08,12,0.097
2026-04-03T01:32:41.175934,1438.2991943776476,81343,54,-9.151849593861796,0.5662452667073155,3.7315787053284533,9.899578997351227,0.011890059267273045,True,walking_dual_task,P08,12,0.097
2026-04-03T01:32:41.235909,1429.6004299974443,81343,55,-9.152236660757422,0.5941778356331674,3.8292970207920956,9.938812749434266,0.03923375208303881,True,walking_dual_task,P08,12,0.097
2026-04-03T01:32:41.296263,1353.4443007865573,81431,55,-9.345681347938385,0.6223009036448147,3.9227127886944633,10.154639033194025,0.21582628375975865,True,walking_dual_task,P08,12,0.097
2026-04-03T01:32:41.355959,1331.8035597843257,81431,56,-9.230290320055595,0.6276681221881488,3.837575519608338,10.015947909849592,0.138691123344433,True,walking_dual_task,P08,12,0.097
2026-04-03T01:32:41.415880,1408.7159890386963,81569,55,-9.261599378189606,0.4429280604718264,3.7353474156714404,9.996310750701918,0.019637159147674055,True,walking_dual_task,P08,12,0.097
2026-04-03T01:32:41.475798,1399.5753807027136,81569,54,-9.214767666368978,0.5636767025640929,3.747137979165603,9.963469155122526,0.03284159557939148,True,walking_dual_task,P08,12,0.097
2026-04-03T01:32:41.535695,1389.4901497849555,81661,55,-9.161283318593341,0.6071129497455808,3.830222704296091,9.948281466755484,0.01518768836704254,True,walking_dual_task,P08,12,0.097
2026-04-03T01:32:41.535985,1463.3009829289679,81661,55,-7.911293929123257,-0.43984167590343104,4.033993099076229,8.89129533061627,1.0569861361392139,True,walking_dual_task,P08,12,0.097
2026-04-03T01:32:41.536806,1395.8677962002882,81636,54,-9.065294070806193,-1.608487946048277,4.439908355648412,10.221525143995542,1.3302298133792725,True,walking_dual_task,P08,12,0.097
2026-04-03T01:32:41.537327,1325.1254522880415,81636,56,-9.035664965334453,-1.534445838962825,4.573124205947479,10.24261833719804,0.02109319320249803,True,walking_dual_task,P08,12,0.097
2026-04-03T01:32:41.538045,1426.654401024282,81672,54,-9.911628222953404,-2.1460405449813242,4.81166270778595,11.224881383081435,0.9822630458833945,True,walking_dual_task,P08,12,0.097
2026-04-03T01:32:41.538916,1333.407411536843,81672,55,-9.976468955477904,-2.262714993103851,4.7515279398201224,11.279487121430769,0.05460573834933413,True,walking_dual_task,P08,12,0.097
2026-04-03T01:32:41.595649,1326.2035472339987,81744,55,-10.486860022788512,-2.056642983540934,4.865092028513006,11.7419391049864,0.46245198355563133,True,walking_dual_task,P08,12,0.097
2026-04-03T01:32:41.596142,1349.8600907682785,81721,55,-9.78163860703612,-1.5294835864894407,4.440468641894643,10.85069286449717,0.891246240489231,True,walking_dual_task,P08,12,0.097
2026-04-03T01:32:41.597059,1424.9402896197023,81767,56,-9.43483460824119,-0.8909651510048833,4.555611407432974,10.51491884327712,0.3357740212200486,True,walking_dual_task,P08,12,0.097
2026-04-03T01:32:41.597498,1409.3332496698674,81640,56,-9.245884405957248,-0.16323912612772945,5.378447103256394,10.697696887795498,0.18277804451837731,True,walking_dual_task,P08,12,0.097
2026-04-03T01:32:41.598138,1334.2664338335308,81608,55,-8.821383903286574,-1.1444923968806142,5.2797863405725876,10.344216771596479,0.35348011619901953,True,walking_dual_task,P08,12,0.097
2026-04-03T01:32:41.598775,1362.7835362481474,81666,56,-9.007226647286299,-1.2651455130738716,5.0706842745679275,10.413575949556703,0.06935917796022473,True,walking_dual_task,P08,12,0.097
2026-04-03T01:32:41.655574,1385.9289363344099,81728,55,-8.21006110293169,-0.6330364014415681,4.930239471114359,9.59755696216261,0.8160189873940933,True,walking_dual_task,P08,12,0.097
2026-04-03T01:32:41.656227,1370.1622403630233,81767,55,-7.854090206944237,-0.46398547744388796,4.731738827720464,9.181033048402213,0.4165239137603969,True,walking_dual_task,P08,12,0.097
2026-04-03T01:32:41.656809,1456.4597727465284,81739,55,-7.5942425666874875,-0.5782928115566222,4.7150814408907,8.957618865067777,0.22341418333443563,True,walking_dual_task,P08,12,0.097
2026-04-03T01:32:41.657476,1318.8887478527063,81763,56,-7.633834749415755,-0.45526382228095824,4.709776987795896,8.981352760249269,0.023733895181491604,True,walking_dual_task,P08,12,0.097
2026-04-03T01:32:41.658170,1440.5130759428193,81598,56,-8.548792700576122,-0.4412052066550575,5.040050728867636,9.933711794760422,0.9523590345111526,True,walking_dual_task,P08,12,0.097
2026-04-03T01:32:41.659132,1458.3296144057754,81574,55,-10.09012392294095,-1.061347738163694,5.083696451008844,11.348172954604207,1.4144611598437855,True,walking_dual_task,P08,12,0.097
2026-04-03T01:32:41.715851,1408.944316275058,81538,56,-9.936452435910514,-1.0115576206590005,5.138289038282929,11.232023418421269,0.1161495361829381,True,walking_dual_task,P08,12,0.097
2026-04-03T01:32:41.716171,1417.4342775595621,81538,54,-9.919822495303396,-0.9879467144297159,5.222099645247438,11.253854528728064,0.02183111030679541,True,walking_dual_task,P08,12,0.097
2026-04-03T01:32:41.716717,1362.4362729664576,81505,56,-9.98027374855032,-0.9139776204958913,5.1383008333297235,11.262475511208313,0.008620982480248784,True,walking_dual_task,P08,12,0.097
2026-04-03T01:32:41.717361,1348.4072785092103,81505,56,-9.984774838142876,-0.896543229552247,5.24682477152445,11.314976293123626,0.052500781915313155,True,walking_dual_task,P08,12,0.097
2026-04-03T01:32:41.718403,1360.409666473512,81521,56,-9.91873111412856,-0.999658178155904,5.1246772301472845,11.209052596037099,0.10592369708652782,True,walking_dual_task,P08,12,0.097
2026-04-03T01:32:41.718763,1426.4658623823718,81521,55,-9.882662482849009,-1.0624578644800489,5.160142192904225,11.199236666608009,0.00981592942908982,True,walking_dual_task,P08,12,0.097
2026-04-03T01:32:41.775510,1352.3436358841427,81573,55,-9.919778716674118,-1.1156864704226803,5.044735076692121,11.184637592790967,0.014599073817041841,True,walking_dual_task,P08,12,0.097
2026-04-03T01:32:41.776370,1339.151451782698,81573,56,-9.926098008422484,-1.1094280341605278,5.2098501749727975,11.265025125646822,0.08038753285585543,True,walking_dual_task,P08,12,0.097
2026-04-03T01:32:41.776848,1445.7945048870574,81594,53,-9.955005034038962,-1.0030801213505092,5.072275703069141,11.21767693266013,0.047348192986692794,True,walking_dual_task,P08,12,0.097
2026-04-03T01:32:41.777453,1474.8561034326071,81594,54,-9.968201320057501,-0.8814926627086355,5.055290823792921,11.211513376200832,0.006163556459297226,True,walking_dual_task,P08,12,0.097
2026-04-03T01:32:41.778106,1460.5291479791074,81603,56,-9.796960642251799,-1.032668264011771,5.179811968499886,11.130017681852197,0.0814956943486358,True,walking_dual_task,P08,12,0.097
2026-04-03T01:32:41.778814,1362.6025858653734,81603,56,-9.89622614386397,-1.0170072890824247,5.246682911199062,11.247100839203487,0.11708315735129027,True,walking_dual_task,P08,12,0.097
2026-04-03T01:32:41.835597,1376.0517968713998,81623,56,-10.020235432904602,-0.8970035282813239,5.182430028821768,11.316683015098532,0.06958217589504478,True,walking_dual_task,P08,12,0.097
2026-04-03T01:32:41.836143,1347.6260164244527,81623,56,-9.470423500470742,0.5315308441269762,4.312672235998768,10.419721115830377,0.8969618992681543,True,walking_dual_task,P08,12,0.097
2026-04-03T01:32:41.836879,1414.906072829003,81617,56,-8.984558126322087,0.47252235785005203,4.605085406105132,10.107045745491156,0.3126753703392211,True,walking_dual_task,P08,12,0.097
2026-04-03T01:32:41.955744,1333.505284496942,81617,58,-9.158644573621531,0.46635386432024134,4.68840244502283,10.29948415403362,0.19243840854246308,True,walking_dual_task,P08,12,0.097
2026-04-03T01:32:41.956315,1503.7581949802334,81611,54,-8.51477114729808,0.39717407651412917,4.999619294065944,9.88206800338427,0.4174161506493501,True,walking_dual_task,P08,12,0.097
2026-04-03T01:32:41.956854,1350.9212841508822,81611,57,-8.579196217376857,0.5387765183688838,5.054787591807391,9.972149491021934,0.09008148763766499,True,walking_dual_task,P08,12,0.097
2026-04-03T01:32:41.957467,1436.294436300593,81640,55,-8.163377124030008,0.9538456806743081,4.926224100882407,9.582183026001546,0.3899664650203878,True,walking_dual_task,P08,12,0.097
2026-04-03T01:32:41.958163,1344.5567796789553,81640,55,-7.793104925095322,1.449597040719345,4.48853806540104,9.109379227947498,0.4728037980540485,True,walking_dual_task,P08,12,0.097
2026-04-03T01:32:41.958811,1500.7517279034291,81686,53,-7.76765549758371,1.4661199918658734,4.543848346222424,9.117704620854937,0.008325392907439166,True,walking_dual_task,P08,12,0.097
2026-04-03T01:32:42.015720,1399.9208306260837,81686,57,-7.254310398533248,1.2028749413501605,4.244897609845367,8.490646806979235,0.6270578138757017,True,walking_dual_task,P08,12,0.097
2026-04-03T01:32:42.016105,1339.3621105355476,81769,57,-7.360430404678177,1.253291498534815,4.168852148302819,8.551374366545978,0.06072755956674314,True,walking_dual_task,P08,12,0.097
2026-04-03T01:32:42.016799,1404.07754201093,81769,55,-7.442358507852321,1.3076779060379622,4.246173654502101,8.667682064400458,0.11630769785447903,True,walking_dual_task,P08,12,0.097
2026-04-03T01:32:42.075913,1438.3765623833249,81885,55,-7.327501231536592,0.28117998159551905,4.048138802044027,8.37608286974495,0.29159919465550743,True,walking_dual_task,P08,12,0.097
2026-04-03T01:32:42.076299,1412.9776768302152,81885,53,-7.3093089531861875,0.39010928709672915,4.016962716178333,8.349501307992812,0.026581561752138327,True,walking_dual_task,P08,12,0.097
2026-04-03T01:32:42.077389,1331.3162984753492,81990,55,-7.394883965809759,0.31214866310647543,4.02121150977907,8.42329434734707,0.07379303935425874,True,walking_dual_task,P08,12,0.097
2026-04-03T01:32:42.135855,1361.415886907374,81990,55,-7.734797821744761,0.3964682523217233,4.1469683822919805,8.785307688527244,0.36201334118017314,True,walking_dual_task,P08,12,0.097
2026-04-03T01:32:42.136317,1387.9211375117213,82003,56,-7.800189255979162,0.5282554999297675,4.2094266637462,8.87926118208921,0.09395349356196547,True,walking_dual_task,P08,12,0.097
2026-04-03T01:32:42.136964,1471.117707784959,82003,53,-8.13222677773228,0.3752943596746737,4.27374651963894,9.194502027570364,0.3152408454811546,True,walking_dual_task,P08,12,0.097
2026-04-03T01:32:42.195725,1468.8806986669674,81905,54,-8.185216705619322,0.34364657783037866,4.269668605116869,9.238286393369973,0.04378436579960976,True,walking_dual_task,P08,12,0.097
2026-04-03T01:32:42.196270,1448.602579297651,81905,55,-8.161209122915215,0.08887070476070721,4.491615440477973,9.315999227955064,0.07771283458509082,True,walking_dual_task,P08,12,0.097
2026-04-03T01:32:42.197110,1414.7477712257528,81736,54,-8.354700227514828,-0.4103570591872174,4.781434127531807,9.634911578400029,0.3189123504449647,True,walking_dual_task,P08,12,0.097
2026-04-03T01:32:42.255680,1460.4442543818316,81736,54,-8.377671107091171,-0.3999769272439776,4.861334162679336,9.694221194203841,0.05930961580381222,True,walking_dual_task,P08,12,0.097
2026-04-03T01:32:42.256154,1472.2926752940125,81614,56,-8.904196939620963,-0.8151863039420539,5.299436540153928,10.393905882429793,0.6996846882259522,True,walking_dual_task,P08,12,0.097
2026-04-03T01:32:42.315954,1390.7047620973676,81614,55,-8.967368416169467,-0.9697641031215224,5.39081170949513,10.507853711117537,0.11394782868774378,True,walking_dual_task,P08,12,0.097
2026-04-03T01:32:42.316265,1468.1099906898971,81580,54,-9.49932016482568,-1.3281992223541645,5.657878561971909,11.13610284570627,0.6282491345887333,True,walking_dual_task,P08,12,0.097
2026-04-03T01:32:42.316967,1459.489826237083,81580,55,-9.874430588684302,-1.0029215482073637,5.731844845022887,11.461425583670572,0.3253227379643011,True,walking_dual_task,P08,12,0.097
2026-04-03T01:32:42.375824,1412.056088320803,81572,54,-9.716771390742771,-0.9602689536582995,5.5431579243571285,11.22783872780868,0.23358685586189232,True,walking_dual_task,P08,12,0.097
2026-04-03T01:32:42.376266,1429.6118533350582,81572,55,-9.534699436403782,-0.1599420115463997,5.4005005576150085,10.959082126821395,0.2687566009872846,True,walking_dual_task,P08,12,0.097
2026-04-03T01:32:42.376852,1480.3435516388458,81481,53,-9.619283350538085,-0.2667800555536481,5.681680231599822,11.175118524209603,0.21603639738820846,True,walking_dual_task,P08,12,0.097
2026-04-03T01:32:42.436005,1489.4495367674492,81481,53,-9.065090157554511,0.35579661523228134,5.6659579823045645,10.696052105952141,0.479066418257462,True,walking_dual_task,P08,12,0.097
2026-04-03T01:32:42.436140,1356.9312198366317,81442,56,-9.060263490187438,0.4120803497916096,5.706098596743873,10.715304285090099,0.019252179137957626,True,walking_dual_task,P08,12,0.097
2026-04-03T01:32:42.437108,1443.2990003241441,81442,55,-8.865732087596554,0.20517514358884995,6.086612057007445,10.755935506551452,0.04063122146135356,True,walking_dual_task,P08,12,0.097
2026-04-03T01:32:42.495892,1415.4191656759717,81434,54,-8.769994093527018,-0.7084624170483144,6.453293752762878,10.91144883396871,0.15551332741725687,True,walking_dual_task,P08,12,0.097
2026-04-03T01:32:42.496268,1406.4596349171625,81434,54,-8.911547417460527,-0.6384262585909511,6.391326792111751,10.98509552188197,0.07364668791326068,True,walking_dual_task,P08,12,0.097
2026-04-03T01:32:42.555886,1349.1649692721232,81414,58,-8.261139029921313,-1.4115308347417725,6.436575274889764,10.567324100189145,0.4177714216928248,True,walking_dual_task,P08,12,0.097
2026-04-03T01:32:42.556051,1402.0455893874646,81414,54,-8.395895113607835,-1.4821304588452826,6.481394327164358,10.709632947955741,0.14230884776659636,True,walking_dual_task,P08,12,0.097
2026-04-03T01:32:42.556746,1411.4122943520122,81401,55,-7.806952985518596,-1.4680736303092965,6.356413004787442,10.173875436112738,0.5357575118430038,True,walking_dual_task,P08,12,0.097
2026-04-03T01:32:42.557436,1437.2040908567976,81401,57,-8.012663019229894,-0.9710036337677462,6.3323934995012445,10.25889000569994,0.08501456958720155,True,walking_dual_task,P08,12,0.097
2026-04-03T01:32:42.558015,1465.4965193524174,81409,56,-7.950452628512869,-0.8512799729025595,6.252148726992737,10.150060999566902,0.10882900613303725,True,walking_dual_task,P08,12,0.097
2026-04-03T01:32:42.675903,1373.962655246676,81409,55,-8.029781737026525,-1.0085776969541502,6.224774782942192,10.209918942549498,0.05985794298259606,True,walking_dual_task,P08,12,0.097
2026-04-03T01:32:42.676320,1389.5505420290572,81383,56,21.65377412331718,27.38037889080074,27.58285939105882,30.897828468306944,0.12614118326456492,True,walking_dual_task,P08,12,0.097
2026-04-03T01:32:42.677063,1447.0700581209694,81383,54,-7.943731549453359,-0.8962892759408143,6.146588252589126,10.083984953519805,0.00020719423487136623,True,walking_dual_task,P08,12,0.097
2026-04-03T01:32:42.677603,1370.4712121915013,81373,57,-7.890548046549406,-0.9187446544956375,6.205039752084709,10.08004754651586,0.00393740700394396,True,walking_dual_task,P08,12,0.097
2026-04-03T01:32:42.678318,1452.386377695539,81373,56,-7.84482299179441,-0.865586836060589,6.224674811600733,10.051719497355872,0.02832804915998821,True,walking_dual_task,P08,12,0.097
2026-04-03T01:32:42.678910,1325.232123773162,81435,56,-7.876101158072914,-0.8887395777147109,6.136175238051355,10.023745509602119,0.027973987753753704,True,walking_dual_task,P08,12,0.097
2026-04-03T01:32:42.735593,1378.445955633158,81435,56,-7.83597210695779,-0.9017305069997501,6.091160083817043,9.965832024219583,0.05791348538253516,True,walking_dual_task,P08,12,0.097
2026-04-03T01:32:42.736221,1310.6478710478298,81507,56,-7.911485815495831,-0.8729087258651701,6.082945908052428,10.017774621779783,0.05194259756019903,True,walking_dual_task,P08,12,0.097
2026-04-03T01:32:42.736923,1482.633015859867,81507,55,-7.983660892605966,-0.9819127229285621,6.294903757099648,10.21414740224176,0.19637278046197792,True,walking_dual_task,P08,12,0.097
2026-04-03T01:32:42.795716,1406.936684822969,81536,57,-7.872362701823433,-0.7998035308251039,6.142766207610717,10.017352787954769,0.19679461428699163,True,walking_dual_task,P08,12,0.097
2026-04-03T01:32:42.796253,1405.6307811854222,81536,55,-7.9758117611437305,-0.948945215628772,6.30923393335914,10.213740896327547,0.1963881083727781,True,walking_dual_task,P08,12,0.097
2026-04-03T01:32:42.796994,1494.3055715608325,81531,55,-7.954123465780262,-0.9812432860245585,6.245620596270177,10.160644424828511,0.0530964714990354,True,walking_dual_task,P08,12,0.097
2026-04-03T01:32:42.855838,1340.88915522949,81531,54,-7.954326405456762,-1.009508610771858,6.629574403783074,10.403925844365912,0.2432814195374,True,walking_dual_task,P08,12,0.097
2026-04-03T01:32:42.856181,1493.9020188376855,81492,55,-7.982639254446855,-0.8878395716464127,6.664066183182404,10.436501648802267,0.03257580443635533,True,walking_dual_task,P08,12,0.097
2026-04-03T01:32:42.856828,1495.2075163574143,81492,56,-8.780657223812813,-1.0288380673212816,6.526946331438743,10.989061719016195,0.5525600702139286,True,walking_dual_task,P08,12,0.097
2026-04-03T01:32:42.915898,1405.9384680579956,81406,55,-9.847552956685382,-1.1627259503094163,6.914465412018085,12.088674981330268,1.0996132623140724,True,walking_dual_task,P08,12,0.097
2026-04-03T01:32:42.916093,1514.670660308718,81406,55,-9.98468865775278,-0.9362371022054395,7.037422889699073,12.251361901121994,0.16268691979172623,True,walking_dual_task,P08,12,0.097
2026-04-03T01:32:42.975731,1268.0460843048081,81202,56,-10.257373909818988,-0.7843506408801812,6.954803050161463,12.417657223495082,0.16629532237308808,True,walking_dual_task,P08,12,0.097
2026-04-03T01:32:42.976243,1510.4855203724119,81202,55,-10.236176870608318,-0.8197815773082879,6.94061391607947,12.394493950659976,0.023163272835105886,True,walking_dual_task,P08,12,0.097
2026-04-03T01:32:42.976876,1448.0317321042337,81061,59,-9.655051437184571,-0.7336923916331413,6.064591909714214,11.42530515179316,0.9691887988668171,True,walking_dual_task,P08,12,0.097
2026-04-03T01:32:42.977474,1429.6675771771324,81061,54,-9.071483097030308,-0.8784639570338061,5.080718876026085,10.434424219894543,0.9908809318986158,True,walking_dual_task,P08,12,0.097
2026-04-03T01:32:43.035891,1382.441445714801,81164,55,-9.0258226107279,-0.8193092772685336,5.14045691269934,10.419262870446437,0.015161349448106876,True,walking_dual_task,P08,12,0.097
2026-04-03T01:32:43.095817,1454.6055271964876,81164,58,-9.433551963885881,-0.6670463532464379,4.630736469250043,10.529984508077725,0.11072163763128806,True,walking_dual_task,P08,12,0.097
2026-04-03T01:32:43.096327,1380.2532098878473,81302,54,-9.400490558776847,-0.4774199113941803,4.738285355575742,10.537955239433872,0.007970731356147454,True,walking_dual_task,P08,12,0.097
2026-04-03T01:32:43.096918,1405.3110398034887,81302,56,-9.280181182884528,-0.5451877570655141,4.764775756103754,10.446151467577536,0.09180377185633581,True,walking_dual_task,P08,12,0.097
2026-04-03T01:32:43.097504,1364.8874616409537,81350,56,-9.217381706366327,-0.8700018726758652,4.0481299692479125,10.104671445783838,0.3414800217936982,True,walking_dual_task,P08,12,0.097
2026-04-03T01:32:43.098173,1420.3498357294793,81350,54,-8.555567076003616,-0.7464102686442458,3.573156571558457,9.301736620976001,0.8029348248078367,True,walking_dual_task,P08,12,0.097
2026-04-03T01:32:43.155638,1402.8997386002159,81461,55,-8.589752818526367,-0.7411613950622487,3.5358859722625064,9.318565517597387,0.016828896621385425,True,walking_dual_task,P08,12,0.097
2026-04-03T01:32:43.156573,1467.1655969010164,81461,56,-8.113528599103393,-0.7841096256710094,3.5006064897770846,8.871212996530296,0.44735252106709034,True,walking_dual_task,P08,12,0.097
2026-04-03T01:32:43.157054,1413.3050029282638,81565,56,-8.002201778289084,-0.7069695390997828,3.489132466135634,8.758372257212505,0.11284073931779126,True,walking_dual_task,P08,12,0.097
2026-04-03T01:32:43.215542,1388.643618850291,81565,55,-7.909143754253533,-0.5044778919083344,3.4115347882529528,8.62830356908773,0.13006868812477457,True,walking_dual_task,P08,12,0.097
2026-04-03T01:32:43.216199,1342.682759984771,81559,56,-7.639128903196997,-0.7929608130244786,3.704714386345141,8.527015065956249,0.10128850313148163,True,walking_dual_task,P08,12,0.097
2026-04-03T01:32:43.216821,1356.451168490273,81559,57,-7.532005855181219,-0.8577915949515338,3.8076261629751977,8.483214934199585,0.04380013175666342,True,walking_dual_task,P08,12,0.097
2026-04-03T01:32:43.275728,1400.1303339287842,81471,55,-7.42441125925449,-1.2403197466389326,4.179637831381521,8.609857607531204,0.12664267333161838,True,walking_dual_task,P08,12,0.097
2026-04-03T01:32:43.276260,1446.138820661777,81471,54,-7.477694476973968,-1.2543773831436549,4.235185732849542,8.684824437030471,0.07496682949926736,True,walking_dual_task,P08,12,0.097
2026-04-03T01:32:43.335924,1407.0176233634345,81462,56,-7.6793698439948725,-1.173744117135455,4.795676759726967,9.129562532627359,0.4447380955968878,True,walking_dual_task,P08,12,0.097
2026-04-03T01:32:43.395671,1456.7018275186306,81462,56,-7.682690041945797,-1.1066925042365499,5.236778802738523,9.363351259477453,0.23378872685009355,True,walking_dual_task,P08,12,0.097
2026-04-03T01:32:43.396212,1333.430500411118,81458,55,-8.220885181484254,-1.1770042780428516,5.253281133687566,9.82676217821701,0.463410918739557,True,walking_dual_task,P08,12,0.097
2026-04-03T01:32:43.396695,1310.3296646380536,81458,54,-8.405698656276478,-0.8594166123741642,5.306124844642387,9.97744093847135,0.15067876025434046,True,walking_dual_task,P08,12,0.097
2026-04-03T01:32:43.397354,1470.8236669134901,81377,55,-8.52477286888244,-0.7169794323062143,5.35837792176495,10.09445520693625,0.11701426846489937,True,walking_dual_task,P08,12,0.097
2026-04-03T01:32:43.398091,1402.5139571863538,81377,54,-8.758104144514244,-0.7882533050447977,5.350882898972293,10.293574659834443,0.19911945289819322,True,walking_dual_task,P08,12,0.097
2026-04-03T01:32:43.456181,1365.0655980686743,81343,55,-8.796541340714162,-0.7933637640618653,5.362298598754301,10.332609151769077,0.039034491934634374,True,walking_dual_task,P08,12,0.097
2026-04-03T01:32:43.515639,1498.424687729519,81343,56,-9.269488466669713,-1.1090458728822798,5.424997106329308,10.797406762068446,0.46479761029936917,True,walking_dual_task,P08,12,0.097
2026-04-03T01:32:43.516061,1405.6514596577367,81314,54,-9.870457499512117,-1.6615324810526189,5.2028631115884245,11.280798109761358,0.4833913476929119,True,walking_dual_task,P08,12,0.097
2026-04-03T01:32:43.516804,1388.32898611048,81314,54,-10.010231583096635,-1.6730926452611243,5.2370767232688085,11.420636932862203,0.1398388231008454,True,walking_dual_task,P08,12,0.097
2026-04-03T01:32:43.517449,1407.168074419293,81297,54,-9.835577689748114,-1.8329978924203043,5.393551810252379,11.36612822796597,0.05450870489623405,True,walking_dual_task,P08,12,0.097
2026-04-03T01:32:43.518159,1323.7850040806584,81297,55,-9.84189896016055,-1.7414485421960706,5.352647468018225,11.33783282131149,0.02829540665447894,True,walking_dual_task,P08,12,0.097
2026-04-03T01:32:43.518794,1451.1770961402915,81284,56,-9.087961959811437,-1.2681008679729644,5.792721170551041,10.85148611730595,0.48634670400554114,True,walking_dual_task,P08,12,0.097
2026-04-03T01:32:43.575818,1425.5155106974423,81284,55,-9.063676005197138,-1.2325960316277504,5.803097109918013,10.832610570472365,0.018875546833584167,True,walking_dual_task,P08,12,0.097
2026-04-03T01:32:43.576162,1460.5180938986302,81311,55,-8.92501654469695,-0.6865757256887461,5.7326006666782625,10.629676239369635,0.20293433110273007,True,walking_dual_task,P08,12,0.097
2026-04-03T01:32:43.576707,1373.7463728780665,81311,55,-8.946313713543601,-0.6615713973263717,5.735452303265592,10.647517029708533,0.01784079033889796,True,walking_dual_task,P08,12,0.097
2026-04-03T01:32:43.695940,1398.209074912653,81312,53,-9.038024281291014,-0.6360266229766913,5.8337833771574665,10.776058707428234,0.12854167771970104,True,walking_dual_task,P08,12,0.097
2026-04-03T01:32:43.696273,1285.3932610577695,81312,54,-8.94678166908227,-0.7350581966167385,5.663560696590423,10.614194861156628,0.161863846271606,True,walking_dual_task,P08,12,0.097
2026-04-03T01:32:43.697050,1515.8691257390622,81375,55,-8.898405960636069,-0.7339109065874209,5.735448802701434,10.612051018888893,0.0021438422677348967,True,walking_dual_task,P08,12,0.097
2026-04-03T01:32:43.697519,1410.410618579341,81375,54,-9.068340891425615,-0.6502597779766975,5.69917192372678,10.730247197439201,0.11819617855030806,True,walking_dual_task,P08,12,0.097
2026-04-03T01:32:43.698477,1414.569230159803,81426,55,-9.05614748139859,-0.6978635157055726,5.7649222234148345,10.758027185939678,0.027779988500476804,True,walking_dual_task,P08,12,0.097
2026-04-03T01:32:43.755834,1395.3360288594095,81426,57,-8.88775507969767,-0.5650491398678806,5.7338950138468805,10.591931972826075,0.16609521311360353,True,walking_dual_task,P08,12,0.097
2026-04-03T01:32:43.755988,1398.5542347085534,81418,57,-8.945660999387886,-0.6646940466803005,5.721574130714352,10.639693577585842,0.047761604759767096,True,walking_dual_task,P08,12,0.097
2026-04-03T01:32:43.756983,1415.8290323019376,81418,55,-9.092214355964298,-0.522955546929673,5.767942120973332,10.780120625937641,0.14042704835179975,True,walking_dual_task,P08,12,0.097
2026-04-03T01:32:43.757786,1409.8909237563114,81335,54,-8.939470885491385,-0.6805796605055949,5.672234567018861,10.609032631212221,0.17108799472542024,True,walking_dual_task,P08,12,0.097
2026-04-03T01:32:43.815596,1315.5447238335719,81335,55,-8.977056370745174,-0.5826350656913672,5.85257777744153,10.732179244883685,0.12314661367146407,True,walking_dual_task,P08,12,0.097
2026-04-03T01:32:43.816073,1365.2011629364874,81255,55,-9.039135777539084,-0.6393245695997778,5.690871666719066,10.700501475965828,0.03167776891785756,True,walking_dual_task,P08,12,0.097
2026-04-03T01:32:43.816790,1423.1598374177497,81255,56,-7.081646718674836,0.9016024860646096,5.322946308255338,8.904850627133792,1.795650848832036,True,walking_dual_task,P08,12,0.097
2026-04-03T01:32:43.875729,1373.4144860561073,81231,55,-6.947238742990856,0.8521253645922269,5.519048628668077,8.913480888782878,0.008630261649086535,True,walking_dual_task,P08,12,0.097
2026-04-03T01:32:43.876314,1468.402537337602,81231,56,-7.001783196518165,0.7657933478641193,5.406731215884347,8.87942283166509,0.034058057117787754,True,walking_dual_task,P08,12,0.097
2026-04-03T01:32:43.877037,1389.413656179725,81284,56,-7.001655347980934,0.4792714194570302,5.541746707736074,8.94225001205636,0.06282718039127033,True,walking_dual_task,P08,12,0.097
2026-04-03T01:32:43.935643,1298.3476783157373,81284,54,-6.951823001654303,0.5532783594396574,5.549528574609257,8.912419839177165,0.02983017287919587,True,walking_dual_task,P08,12,0.097
2026-04-03T01:32:43.936249,1367.1131382966091,81425,55,-7.516033722223137,0.1680323152791822,5.7861950762537235,9.486782975963784,0.5743631367866193,True,walking_dual_task,P08,12,0.097
2026-04-03T01:32:43.936869,1473.3565616682945,81425,54,-8.522907062302469,-0.09454036297631097,6.32320331141389,10.612812199900297,1.1260292239365128,True,walking_dual_task,P08,12,0.097
2026-04-03T01:32:43.995596,1306.170351267271,81433,55,-8.442110547405568,0.06807630489091811,6.253737339229456,10.506335973400843,0.10647622649945454,True,walking_dual_task,P08,12,0.097
2026-04-03T01:32:43.996129,1354.9457310276998,81433,56,-8.596923694708483,-0.06774554599907417,6.162824210684328,10.577905687017624,0.07156971361678188,True,walking_dual_task,P08,12,0.097
2026-04-03T01:32:43.997244,1395.8032744711613,81388,54,-9.616302249055824,-0.25011209318727473,6.615606315157689,11.674847832905957,1.0969421458883328,True,walking_dual_task,P08,12,0.097
2026-04-03T01:32:44.055631,1400.5022539180707,81388,55,-9.68805975163264,-0.23950003128345795,6.522764480407791,11.681708714184692,0.006860881278734965,True,walking_dual_task,P08,12,0.097
2026-04-03T01:32:44.056047,1424.5635427383772,81273,54,-10.722565281794195,-1.1807086048217095,7.046977529871551,12.885160896874854,1.203452182690162,True,walking_dual_task,P08,12,0.097
2026-04-03T01:32:44.056786,1383.7041852761968,81273,56,-10.799682468996936,-1.358741997306294,6.99087488891807,12.936446689833684,0.05128579295882929,True,walking_dual_task,P08,12,0.097
2026-04-03T01:32:44.115812,1391.0313920626859,81216,55,-11.079207770804187,-2.1131842131288336,6.718611733448295,13.128371413549127,0.19192472371544333,True,walking_dual_task,P08,12,0.097
2026-04-03T01:32:44.116089,1476.5862216768157,81216,56,-10.408865882536293,-2.020126715900554,5.795717260668313,12.083697260132423,1.0446741534167039,True,walking_dual_task,P08,12,0.097
2026-04-03T01:32:44.116938,1370.7003759595132,81232,57,-10.467083842140939,-2.0266367983716806,5.7327763012161785,12.105033043767703,0.02133578363527988,True,walking_dual_task,P08,12,0.097
2026-04-03T01:32:44.175632,1333.863949986928,81232,58,-9.554402036630464,-0.9687559328375199,4.78906687271125,10.731274288092564,1.373758755675139,True,walking_dual_task,P08,12,0.097
2026-04-03T01:32:44.176203,1415.3414123677435,81306,56,-9.354231385127326,-0.8581622911865587,4.8078704941614445,10.552426546209354,0.17884774188321018,True,walking_dual_task,P08,12,0.097
2026-04-03T01:32:44.177000,1488.4739051643123,81306,56,-8.704014152002944,-0.10125246871549522,4.209708328197874,9.66911364237628,0.8833129038330743,True,walking_dual_task,P08,12,0.097
2026-04-03T01:32:44.235676,1393.288062764596,81366,55,-8.132375694819592,-0.63468462399153,3.741978946317925,8.974450704545117,0.6946629378311631,True,walking_dual_task,P08,12,0.097
2026-04-03T01:32:44.236342,1347.9199657327533,81366,58,-8.1151174109761,-0.7750828125564435,3.664447225413996,8.937788173149562,0.036662531395554865,True,walking_dual_task,P08,12,0.097
2026-04-03T01:32:44.295648,1524.6864528754918,81544,54,-7.198745487870823,-1.5728225789544732,3.2855716324906687,8.06788004473523,0.8699081284143322,True,walking_dual_task,P08,12,0.097
2026-04-03T01:32:44.296309,1374.06582199631,81544,56,-7.274452350346454,-1.467672756689158,3.254669744996404,8.103369389777535,0.03548934504230594,True,walking_dual_task,P08,12,0.097
2026-04-03T01:32:44.296724,1486.4200527638002,81809,54,-6.667628492427325,-1.7524410938431896,3.382452274695149,7.679147276293729,0.4242221134838067,True,walking_dual_task,P08,12,0.097
2026-04-03T01:32:44.415951,1409.6927327844573,81809,56,-6.73960631225041,-1.8250918130953773,3.4666442909238757,7.795567715705409,0.11642043941168012,True,walking_dual_task,P08,12,0.097
2026-04-03T01:32:44.416271,1356.3176812216175,82071,56,-6.545209998293807,-2.0651596173220708,3.890126630471861,7.88909014829273,0.09352243258732074,True,walking_dual_task,P08,12,0.097
2026-04-03T01:32:44.416866,1455.3480060388201,82071,55,-6.692948379403995,-1.1847760666355565,4.132800150239157,7.9548280571773375,0.06573790888460795,True,walking_dual_task,P08,12,0.097
2026-04-03T01:32:44.417588,1381.114094364248,82095,55,-6.676953052791647,-1.1995105959251422,4.312232985382552,8.038400404255917,0.08357234707857941,True,walking_dual_task,P08,12,0.097
2026-04-03T01:32:44.418230,1370.8719871572232,82095,55,-7.157268284660633,-0.2957931445314528,4.224254090290769,8.316147275168897,0.27774687091297956,True,walking_dual_task,P08,12,0.097
2026-04-03T01:32:44.418973,1455.9863454209624,81890,54,-7.165144086811581,-0.38859455552558897,4.356321321851693,8.394511955591867,0.07836468042297007,True,walking_dual_task,P08,12,0.097
2026-04-03T01:32:44.475868,1407.3708263107053,81890,55,-7.982144724773859,-0.19167379421502714,4.582036290640207,9.205782412123794,0.8112704565319273,True,walking_dual_task,P08,12,0.097
2026-04-03T01:32:44.476202,1503.9480459010092,81672,55,-8.221249670312481,-0.44852973630702014,4.722319379302288,9.491597620321812,0.2858152081980183,True,walking_dual_task,P08,12,0.097
2026-04-03T01:32:44.477089,1316.8668860796163,81672,55,-8.206174174131606,-0.42505812506591645,4.775988525780991,9.504316671084817,0.012719050763005058,True,walking_dual_task,P08,12,0.097
2026-04-03T01:32:44.477713,1407.7613363361074,81517,55,-8.719921890714904,-1.2365450345784856,5.069334190183414,10.161900931148278,0.6575842600634605,True,walking_dual_task,P08,12,0.097
2026-04-03T01:32:44.535516,1442.3409982060577,81517,54,-8.925905428637497,-1.1503883055157464,4.994522546972832,10.292737072648253,0.1308361414999748,True,walking_dual_task,P08,12,0.097
2026-04-03T01:32:44.536127,1430.545471483531,81483,56,-9.594618418225295,-2.090735828605893,5.354275558423751,11.18463882527721,0.8919017526289572,True,walking_dual_task,P08,12,0.097
2026-04-03T01:32:44.536752,1473.5026807992015,81483,56,-10.745553096141958,-2.2270298185232944,5.511215670048481,12.280068050152892,1.0954292248756818,True,walking_dual_task,P08,12,0.097
2026-04-03T01:32:44.595650,1506.7902304142992,81489,56,-10.668429259979188,-2.1402406614910623,5.5700442147474725,12.223804870764322,0.056263179388569284,True,walking_dual_task,P08,12,0.097
2026-04-03T01:32:44.596181,1442.2069446761864,81489,56,-10.731479805816448,-2.2191794081054965,5.499270136649341,12.260970112672526,0.03716524190820358,True,walking_dual_task,P08,12,0.097
2026-04-03T01:32:44.596638,1424.4739816029262,81424,55,-10.604587640670587,-2.1546499885302692,5.515983467555679,12.146022773570138,0.11494733910238786,True,walking_dual_task,P08,12,0.097
2026-04-03T01:32:44.655973,1383.011921745953,81424,54,-10.65205601018694,-2.1625604711262265,5.536961921068186,12.198397941975678,0.052375168405539796,True,walking_dual_task,P08,12,0.097
2026-04-03T01:32:44.656374,1412.0061001805009,81312,55,-10.814806533012195,-2.2452701079754442,5.517116235428125,12.346653382980989,0.14825544100531118,True,walking_dual_task,P08,12,0.097
2026-04-03T01:32:44.656968,1402.629693413324,81312,54,-10.755711279350013,-2.1962299904159304,5.5672346161969495,12.308649502172083,0.03800388080890649,True,walking_dual_task,P08,12,0.097
2026-04-03T01:32:44.715668,1416.1545050950533,81298,55,-10.628657893772484,-2.1870619392834514,5.510988063153945,12.170562763543012,0.13808673862907028,True,walking_dual_task,P08,12,0.097
2026-04-03T01:32:44.715982,1330.4666306870456,81298,56,-10.644688406466242,-2.088566246383695,5.55430252147974,12.186951084516846,0.01638832097383336,True,walking_dual_task,P08,12,0.097
2026-04-03T01:32:44.716795,1394.3103905382316,81315,56,-10.623530275743066,-2.2127000283843734,5.569822545569236,12.197473513985308,0.01052242946846249,True,walking_dual_task,P08,12,0.097
2026-04-03T01:32:44.776212,1437.585233312115,81315,55,-10.644787879444548,-2.263805658707039,5.472330251222213,12.181244740879537,0.01622877310577131,True,walking_dual_task,P08,12,0.097
2026-04-03T01:32:44.776236,1405.8981625174424,81348,54,-10.731510673348202,-2.1624584567266236,5.527242194525434,12.263439737129106,0.08219499624956939,True,walking_dual_task,P08,12,0.097
2026-04-03T01:32:44.776762,1471.9528571579335,81348,53,-10.662711789534715,-2.0997824293433114,5.485798088284768,12.173598055738916,0.08984168139019033,True,walking_dual_task,P08,12,0.097
2026-04-03T01:32:44.835916,1496.7633719863716,81438,56,-10.696076178195577,-2.1498654873513776,5.51484181729955,12.224624636090192,0.05102658035127661,True,walking_dual_task,P08,12,0.097
2026-04-03T01:32:44.836190,1418.5547022429785,81438,55,-8.285412551324775,0.16750442089231096,5.212851169677513,9.790298064608493,2.4343265714816997,True,walking_dual_task,P08,12,0.097
2026-04-03T01:32:44.836914,1376.6541751578823,81498,56,-8.293092122015993,0.308393559738599,5.264736844995015,9.827916237889903,0.037618173281410705,True,walking_dual_task,P08,12,0.097
2026-04-03T01:32:44.895881,1362.6482913690343,81498,56,-8.518546329389556,0.5345705545708368,5.344939279733166,10.070738460897738,0.24282222300783474,True,walking_dual_task,P08,12,0.097
2026-04-03T01:32:44.896515,1512.347240103234,81431,54,-7.925547763714178,0.9955239863827472,5.0641188260877374,9.457836689598444,0.6129017712992937,True,walking_dual_task,P08,12,0.097
2026-04-03T01:32:44.896809,1382.1116253555072,81431,56,-7.873740711295724,0.9814134152521136,5.040153735051695,9.40011248620505,0.0577242033933949,True,walking_dual_task,P08,12,0.097
2026-04-03T01:32:44.956076,1477.8073952525763,81404,56,-7.00082209713905,1.3826880693320671,4.520160912221898,8.447200187354527,0.9529122988505225,True,walking_dual_task,P08,12,0.097
2026-04-03T01:32:44.956440,1476.3613653971227,81404,57,-7.101112551419881,1.2302051255354096,4.475753081100818,8.483605940978755,0.036405753624228154,True,walking_dual_task,P08,12,0.097
2026-04-03T01:32:44.956816,1387.1334217212072,81470,55,-6.97120817812893,1.1794640724975671,4.426131438841344,8.341433838077478,0.14217210290127724,True,walking_dual_task,P08,12,0.097
2026-04-03T01:32:45.015533,1482.1086714870708,81470,56,-7.168996829158408,1.135978953497346,4.705411046976642,8.65019403483425,0.30876019675677213,True,walking_dual_task,P08,12,0.097
2026-04-03T01:32:45.015981,1405.644538685363,81552,56,-7.191367799628933,1.2742541356669272,4.668274597420156,8.667887986627566,0.017693951793315676,True,walking_dual_task,P08,12,0.097
2026-04-03T01:32:45.016691,1483.7998261870457,81552,56,-7.197558867950884,1.1635067951469544,4.708376394085157,8.679136477112795,0.011248490485229468,True,walking_dual_task,P08,12,0.097
2026-04-03T01:32:45.136075,1368.4078004283956,81578,55,-7.941707934814024,0.9657233597979685,5.1561693039324945,9.517847888066042,0.8387114109532465,True,walking_dual_task,P08,12,0.097
2026-04-03T01:32:45.136293,1350.5158995831648,81578,56,-7.8341238188470905,0.9405209417976637,5.2865152356027005,9.497648076615956,0.020199811450085647,True,walking_dual_task,P08,12,0.097
2026-04-03T01:32:45.137071,1419.9980654286833,81634,56,-9.021141069418958,0.16387204704815217,5.822471964834504,10.738203761497774,1.2405556848818176,True,walking_dual_task,P08,12,0.097
2026-04-03T01:32:45.137699,1432.0159167991796,81634,55,-9.727235196203656,-0.23321398289947987,6.191586529443534,11.532963065737688,0.7947593042399141,True,walking_dual_task,P08,12,0.097
2026-04-03T01:32:45.138410,1389.2088689834895,81535,56,-9.831432290382006,-0.38034504533227304,6.169107833760343,11.612907245751945,0.07994418001425707,True,walking_dual_task,P08,12,0.097
2026-04-03T01:32:45.139048,1426.6675087477893,81535,55,-10.798371841841087,-0.5326640648747522,6.1407680278179715,12.433728218525077,0.8208209727731326,True,walking_dual_task,P08,12,0.097
2026-04-03T01:32:45.195753,1374.373829962333,81453,54,-10.69077116608365,-0.5196701469644778,5.941411928037644,12.241855287734765,0.19187293079031242,True,walking_dual_task,P08,12,0.097
2026-04-03T01:32:45.196160,1379.7434911641835,81453,54,-10.64171909184262,0.3701739008683228,5.4395505559934705,11.95708677721211,0.28476851052265495,True,walking_dual_task,P08,12,0.097
2026-04-03T01:32:45.196822,1330.482435849814,81364,54,-10.678356409009956,0.07711416876492695,5.06885120329237,11.820596208059339,0.13649056915277136,True,walking_dual_task,P08,12,0.097
2026-04-03T01:32:45.255769,1449.049127289749,81364,55,-10.57165725578381,0.05746109560347999,5.132554068516614,11.751865816861631,0.06873039119770752,True,walking_dual_task,P08,12,0.097
2026-04-03T01:32:45.256244,1515.9971630823838,81305,54,-10.267932902491443,-1.101517350159838,4.758068932162468,11.370268533591421,0.38159728327021014,True,walking_dual_task,P08,12,0.097
2026-04-03T01:32:45.256910,1429.5937139797152,81305,56,-10.384866006810071,-1.1406397023563115,4.788232735944734,11.492331079618427,0.12206254602700639,True,walking_dual_task,P08,12,0.097
2026-04-03T01:32:45.315660,1380.4526721313018,81215,56,-9.759250280353642,-0.9154276105979249,4.208041658669862,10.667173400012238,0.825157679606189,True,walking_dual_task,P08,12,0.097
2026-04-03T01:32:45.316089,1391.409686102703,81215,54,-9.742746692044255,-0.8518167538886423,4.264200801380624,10.669119615134129,0.0019462151218903045,True,walking_dual_task,P08,12,0.097
2026-04-03T01:32:45.316892,1433.8410461001356,81208,56,-9.440871629739775,-0.12147381577452711,3.753641140086493,10.160444617520142,0.508674997613987,True,walking_dual_task,P08,12,0.097
2026-04-03T01:32:45.436090,1510.0898997705822,81208,55,-8.52052434163586,-0.22424846768005524,3.5562609461517845,9.2356166198468,0.9248279976733418,True,walking_dual_task,P08,12,0.097
2026-04-03T01:32:45.436243,1408.0963026791462,81325,57,-8.619749876997542,-0.22851150254276914,3.6385566970764294,9.359027742593415,0.12341112274661548,True,walking_dual_task,P08,12,0.097
2026-04-03T01:32:45.437139,1394.801591550281,81325,52,-7.8078890434560115,-0.3155030844190203,3.5801850962113355,8.595370779340012,0.7636569632534034,True,walking_dual_task,P08,12,0.097
2026-04-03T01:32:45.437823,1443.1586118326395,81454,54,-7.807852615151898,-0.34622766819735695,3.6032504634398905,8.606151867149423,0.010781087809411005,True,walking_dual_task,P08,12,0.097
2026-04-03T01:32:45.438447,1428.5185769299715,81454,55,-7.536914025911204,-0.2213119554883768,3.642807695071311,8.374013369877664,0.23213849727175884,True,walking_dual_task,P08,12,0.097
2026-04-03T01:32:45.439344,1378.192253813953,81462,56,-6.85798570102695,-0.009623309470135608,3.4810582773693475,7.690892484882162,0.6831208849955024,True,walking_dual_task,P08,12,0.097
2026-04-03T01:32:45.495506,1328.1696011916035,81462,56,-7.0159390315456145,-0.1581824145321026,3.576977033777872,7.876749765658851,0.1858572807766894,True,walking_dual_task,P08,12,0.097
2026-04-03T01:32:45.496177,1404.7596134254518,81483,54,-6.987664568234109,0.050172258277980795,3.552858514179663,7.839182163684807,0.037567601974044074,True,walking_dual_task,P08,12,0.097
2026-04-03T01:32:45.496924,1471.4776200415738,81483,55,-6.895988614478772,0.06710973619767455,3.712561029141045,7.832130749854103,0.0070514138307045116,True,walking_dual_task,P08,12,0.097
2026-04-03T01:32:45.556057,1493.4577835027,81522,56,-7.284676435583623,-0.22188980074832762,3.6949924539767998,8.171212583807188,0.33908183395308544,True,walking_dual_task,P08,12,0.097
2026-04-03T01:32:45.556236,1431.122709036469,81522,56,-7.2007135136040095,-0.37886469958250124,3.7723017709434714,8.137817533998437,0.03339504980875141,True,walking_dual_task,P08,12,0.097
2026-04-03T01:32:45.556939,1504.2885434078614,81536,55,-7.6940455624981645,-0.5527237179470494,4.051293971610136,8.713026079989865,0.575208545991428,True,walking_dual_task,P08,12,0.097
2026-04-03T01:32:45.616109,1429.132166197124,81536,57,-7.7034473233064125,-0.6063919946066929,3.921735376755265,8.665495962688667,0.04753011730119816,True,walking_dual_task,P08,12,0.097
2026-04-03T01:32:45.616356,1380.849975981961,81481,55,-7.685524148475565,-0.6699206268710427,3.8980584363160538,8.643548730471942,0.0219472322167249,True,walking_dual_task,P08,12,0.097
2026-04-03T01:32:45.617180,1331.8246211605394,81481,54,-7.537485734633534,-0.6468164201865664,3.9139541290001967,8.517693326549429,0.12585540392251282,True,walking_dual_task,P08,12,0.097
2026-04-03T01:32:45.675879,1437.909394034598,81428,54,-7.70426421982198,-0.6305372349433257,3.9520446514826952,8.681700369212942,0.1640070426635134,True,walking_dual_task,P08,12,0.097
2026-04-03T01:32:45.676603,1434.8927769356158,81428,54,-7.748025197005522,-0.6558883593458519,3.966668750487124,8.729063235505224,0.047362866292282035,True,walking_dual_task,P08,12,0.097
2026-04-03T01:32:45.677042,1428.0691102961914,81360,56,-7.7526153164847615,-0.5696515995221296,3.9571862857224174,8.722778828454945,0.006284407050278773,True,walking_dual_task,P08,12,0.097
2026-04-03T01:32:45.735647,1437.5636932525858,81360,55,-7.736325109175899,-0.5522680668527258,4.030768279002545,8.740870616337018,0.018091787882072552,True,walking_dual_task,P08,12,0.097
2026-04-03T01:32:45.736182,1431.819650356566,81270,56,-7.688958293967746,-0.7243663321390975,3.9547567954099385,8.676686437825971,0.06418417851104685,True,walking_dual_task,P08,12,0.097
2026-04-03T01:32:45.736889,1451.3338683310276,81270,58,-7.665062945694821,-0.6331502760998855,3.917653110857999,8.631458459067302,0.04522797875866935,True,walking_dual_task,P08,12,0.097
2026-04-03T01:32:45.795677,1517.6630541391123,81224,57,-7.663032662252176,-0.563743178765947,3.825995817306968,8.583595980030703,0.047862479036599126,True,walking_dual_task,P08,12,0.097
2026-04-03T01:32:45.796228,1398.8750850015454,81224,55,-7.813112988695184,-0.7189415179227309,3.9926439760756294,8.803568446942606,0.2199724669119032,True,walking_dual_task,P08,12,0.097
2026-04-03T01:32:45.796873,1395.3188584058753,81297,56,-7.639320221514356,-0.5910127305803092,3.9574130566952004,8.623782673273242,0.179785773669364,True,walking_dual_task,P08,12,0.097
2026-04-03T01:32:45.855973,1406.1192050520092,81297,55,-7.831681711901631,0.880594705908368,5.748265314457099,9.754652202820912,1.1308695295476703,True,walking_dual_task,P08,12,0.097
2026-04-03T01:32:45.856094,1446.924433107953,81384,53,-7.721613572869299,0.4386700363107799,5.658878489753751,9.583248579227922,0.17140362359299033,True,walking_dual_task,P08,12,0.097
2026-04-03T01:32:45.856923,1449.0594076088432,81384,55,-7.788853716654835,0.45962935927140164,5.621509503720408,9.616593496023992,0.03334491679606977,True,walking_dual_task,P08,12,0.097
2026-04-03T01:32:45.915628,1378.215397564929,81495,55,-8.339658177458517,-0.5410392131185326,5.708032973147459,10.120487259491078,0.5038937634670866,True,walking_dual_task,P08,12,0.097
2026-04-03T01:32:45.916202,1353.0805714539215,81495,54,-8.519336252976766,-0.46957284989334563,5.855478465383958,10.348247045331707,0.22775978584062884,True,walking_dual_task,P08,12,0.097
2026-04-03T01:32:45.916805,1347.9987155759686,81579,55,-9.771938021167877,-1.3317477493133476,6.223669040105302,11.661834378780757,1.3135873334490498,True,walking_dual_task,P08,12,0.097
2026-04-03T01:32:45.976059,1505.9902866385728,81579,53,-9.527122009029602,-1.5469782989499585,6.303489227267538,11.527930086127181,0.1339042926535754,True,walking_dual_task,P08,12,0.097
2026-04-03T01:32:46.036012,1495.9387515771105,81538,56,-10.295090846536835,-1.1305286703367956,6.05404584040403,11.996602087700223,0.4686720015730419,True,walking_dual_task,P08,12,0.097
2026-04-03T01:32:46.155943,1347.5032842309063,81538,57,-10.239532584875924,-1.0675055266137903,6.113162247238983,11.973234661826135,0.023367425874088354,True,walking_dual_task,P08,12,0.097
2026-04-03T01:32:46.215839,1437.3901038445547,81479,55,-9.216019637375847,-0.2509665644642454,5.350020531871336,10.6593021283957,1.3139325334304353,True,walking_dual_task,P08,12,0.097
2026-04-03T01:32:46.275692,1433.730229939701,81479,54,-9.328367554910505,-0.3233349154587582,5.3361000242087355,10.751602214340995,0.09230008594529515,True,walking_dual_task,P08,12,0.097
2026-04-03T01:32:46.276112,1450.6373352159308,81455,55,-7.957911778991469,0.8355910086559529,4.667035686763915,9.26324966291451,1.4883525514264857,True,walking_dual_task,P08,12,0.097
2026-04-03T01:32:46.276815,1328.8444659791041,81455,54,-8.070143592423735,0.8391703358681016,4.470562883342202,9.26376580818275,0.0005161452682411749,True,walking_dual_task,P08,12,0.097
2026-04-03T01:32:46.277398,1369.04625598573,81404,54,-6.9808520635324705,1.0657234715450346,4.340767332417162,8.289169022580463,0.9745967856022872,True,walking_dual_task,P08,12,0.097
2026-04-03T01:32:46.278786,1424.553892720758,81404,55,-6.628931071057387,0.32502098397005763,4.497654463465333,8.017310113596738,0.27185890898372556,True,walking_dual_task,P08,12,0.097
2026-04-03T01:32:46.278947,1378.8887595697988,81500,55,-6.811731673245467,0.3360925218759766,4.492445806409907,8.166683286076815,0.1493731724800771,True,walking_dual_task,P08,12,0.097
2026-04-03T01:32:46.279555,1477.4599619525209,81500,55,-7.271168602951618,-0.013052018687452772,5.158393629374263,8.915104488636697,0.7484212025598822,True,walking_dual_task,P08,12,0.097
2026-04-03T01:32:46.280726,1376.7628026342004,81606,56,-7.2332381635645415,-0.07954373800517255,4.999662142841299,8.79333173942976,0.12177274920693648,True,walking_dual_task,P08,12,0.097
2026-04-03T01:32:46.280948,1422.2769296889146,81606,55,-8.269014132818885,-0.7003090645640632,5.53628602394023,9.975845350322196,1.1825136108924355,True,walking_dual_task,P08,12,0.097
2026-04-03T01:32:46.281679,1419.0520215844824,81616,56,-9.384403693580612,-0.24187003532717088,5.532368686934011,10.896450664608478,0.9206053142862825,True,walking_dual_task,P08,12,0.097
2026-04-03T01:32:46.282326,1375.4509079138095,81616,55,-9.343069626450003,-0.3724466337054737,5.581972466792428,10.88990739904063,0.006543265567847456,True,walking_dual_task,P08,12,0.097
2026-04-03T01:32:46.283024,1293.7482883962234,81494,55,-9.534420243697497,0.1321156765770682,5.365843944830535,10.941430673166126,0.05152327412549518,True,walking_dual_task,P08,12,0.097
2026-04-03T01:32:46.283753,1436.6662454596237,81494,55,-9.543795306738934,0.2558339276672004,5.511256188587669,11.02376635418783,0.08233568102170352,True,walking_dual_task,P08,12,0.097
2026-04-03T01:32:46.284780,1371.9583309213222,81440,53,-8.516602764691028,0.06062239899427447,5.306444910603453,10.034667673424565,0.9890986807632647,True,walking_dual_task,P08,12,0.097
2026-04-03T01:32:46.335648,1449.9806131639461,81440,55,-8.625770215008862,-0.07401351630135472,5.272799477777297,10.109985367723231,0.07531769429866664,True,walking_dual_task,P08,12,0.097
2026-04-03T01:32:46.336152,1306.7480794517976,81435,57,-8.634606057762795,-0.07521197569152256,4.983251009944193,9.969697550184318,0.14028781753891373,True,walking_dual_task,P08,12,0.097
2026-04-03T01:32:46.336869,1405.890541576366,81435,54,-9.882701987375475,-0.29299790390813896,4.954049017424914,11.058763403293266,1.0890658531089485,True,walking_dual_task,P08,12,0.097
2026-04-03T01:32:46.395632,1472.8932460943888,81417,57,-9.89477724214953,-0.32223459884969696,4.915714103868763,11.053266347981955,0.005497055311311172,True,walking_dual_task,P08,12,0.097
2026-04-03T01:32:46.395966,1365.580222453736,81417,55,-10.849228322954296,-0.8514113968294104,4.835239835089941,11.908408828768238,0.8551424807862826,True,walking_dual_task,P08,12,0.097
2026-04-03T01:32:46.396694,1405.895190982927,81386,56,-10.949570651026475,-0.8094514330658266,4.618310962375428,11.911217620777052,0.0028087920088140095,True,walking_dual_task,P08,12,0.097
2026-04-03T01:32:46.455893,1415.4392853853528,81386,54,-10.470897129648316,-1.2999484946307,4.6325498747884435,11.523457429555263,0.38776019122178873,True,walking_dual_task,P08,12,0.097
2026-04-03T01:32:46.456372,1374.0568239592733,81393,55,-9.333726285493576,-1.5969324095660948,4.775499162409673,10.60537749179216,0.9180799377631033,True,walking_dual_task,P08,12,0.097
2026-04-03T01:32:46.457138,1472.8865321989583,81393,55,-9.314118028097893,-1.5790897950144476,4.923660834272482,10.653110120195215,0.0477326284030557,True,walking_dual_task,P08,12,0.097
2026-04-03T01:32:46.516034,1500.0470708225814,81555,56,-8.216390500602419,-1.1458328660509287,4.7842727910780045,9.576600229453115,1.0765098907421002,True,walking_dual_task,P08,12,0.097
2026-04-03T01:32:46.516376,1481.9663512574589,81555,56,-8.297059830992364,-1.1575454400145244,4.736969277771026,9.623928055805072,0.04732782635195676,True,walking_dual_task,P08,12,0.097
2026-04-03T01:32:46.517004,1357.355057325097,81690,55,-7.474036387662318,0.13692729578286608,4.189770221706175,8.569372411041932,1.0545556447631395,True,walking_dual_task,P08,12,0.097
2026-04-03T01:32:46.575676,1361.9528406164898,81690,55,-6.9655099715121604,1.0466078928946783,3.537986535401474,7.882326177556147,0.6870462334857859,True,walking_dual_task,P08,12,0.097
2026-04-03T01:32:46.576437,1415.401331726855,81654,56,-7.002135375317377,1.0944312382885102,3.619591448364212,7.957959650732346,0.0756334731761994,True,walking_dual_task,P08,12,0.097
2026-04-03T01:32:46.577055,1392.029241285829,81654,55,-6.994430073090538,1.0587544582377113,3.321779975629691,7.815192592424446,0.14276705830789993,True,walking_dual_task,P08,12,0.097
2026-04-03T01:32:46.636009,1433.6459020641132,81728,56,-6.866152666481229,0.9864188641133673,3.4543188188901324,7.749154348536653,0.06603824388779334,True,walking_dual_task,P08,12,0.097
2026-04-03T01:32:46.636365,1475.0801043192198,81728,58,-6.89736470365402,1.1669004834937418,3.4931384685883455,7.819035295630911,0.06988094709425852,True,walking_dual_task,P08,12,0.097
2026-04-03T01:32:46.636913,1466.9690088349716,81883,55,-7.140306957303233,1.1316993856743336,3.425865860188052,8.000080239350769,0.1810449437198578,True,walking_dual_task,P08,12,0.097
2026-04-03T01:32:46.696087,1389.6061294605759,81883,56,-6.891021891218086,1.2502940518824421,3.542605888341619,7.848533264345143,0.1515469750056262,True,walking_dual_task,P08,12,0.097
2026-04-03T01:32:46.696295,1493.4097130609925,81950,56,-6.919063196274738,1.1882594265637507,3.4450287665066535,7.82007795235569,0.028455311989453058,True,walking_dual_task,P08,12,0.097
2026-04-03T01:32:46.697283,1469.93689068374,81950,55,-6.980079189127026,1.1327369570815087,3.40955367664258,7.85045570488296,0.030377752527270374,True,walking_dual_task,P08,12,0.097
2026-04-03T01:32:46.755820,1465.6661466855592,81908,55,-7.1737223618153285,1.0339615366646142,3.504684130405692,8.050725423067703,0.20026971818474326,True,walking_dual_task,P08,12,0.097
2026-04-03T01:32:46.756344,1516.80051352953,81908,54,-7.020182812379093,1.1739764302836322,3.431131003205625,7.901509181114907,0.14921624195279648,True,walking_dual_task,P08,12,0.097
2026-04-03T01:32:46.756929,1445.2187191949854,81940,54,-6.988352139565654,1.1248211589172643,3.5020803600821213,7.897268838946332,0.004240342168574607,True,walking_dual_task,P08,12,0.097
2026-04-03T01:32:46.875872,1451.0902336724014,81940,55,-6.973566696246753,1.2145487908681076,3.41430721889558,7.85896017405633,0.0383086648900024,True,walking_dual_task,P08,12,0.097
2026-04-03T01:32:46.876802,1514.936214107472,82032,56,-6.9999875233405096,1.1527107076697722,3.4523362917691216,7.889689041652118,0.030728867595787968,True,walking_dual_task,P08,12,0.097
2026-04-03T01:32:46.877019,1402.705803311269,82032,55,-11.880631109449766,-2.3145649386825475,1.8517554518287391,12.244819503266742,4.355130461614624,True,walking_dual_task,P08,12,0.097
2026-04-03T01:32:46.877639,1497.2920507957012,81993,55,-10.620744339601417,-0.859166706082154,1.844238166062549,10.813861112904002,1.4309583903627399,True,walking_dual_task,P08,12,0.097
2026-04-03T01:32:46.878301,1442.1534232861043,81993,55,-10.618588167539919,-0.830690364372501,1.807896731168729,10.803376867621099,0.01048424528290326,True,walking_dual_task,P08,12,0.097
2026-04-03T01:32:46.878920,1383.8799965901455,81992,56,-10.571734796067524,-0.9423012847684819,1.9172049083442078,10.785415289651127,0.017961577969971998,True,walking_dual_task,P08,12,0.097
2026-04-03T01:32:46.935527,1431.4534595578841,81992,55,-9.52593700271832,0.4136163412672236,2.6814846701946853,9.904792491214064,0.8806227984370629,True,walking_dual_task,P08,12,0.097
2026-04-03T01:32:46.935930,1376.4646130037322,82192,56,-9.349983120862232,0.3420159536499071,2.5020990069634257,9.685022390970868,0.21977010024319554,True,walking_dual_task,P08,12,0.097
2026-04-03T01:32:46.937083,1445.5215620143135,82192,56,-9.596506460626397,-0.44471118966800666,3.2770760243041246,10.150366080104156,0.46534368913328805,True,walking_dual_task,P08,12,0.097
2026-04-03T01:32:46.995639,1454.806359593463,82288,55,-10.298706678693149,-1.3417749388295013,3.198267301289357,10.86704343281679,0.7166773527126331,True,walking_dual_task,P08,12,0.097
2026-04-03T01:32:46.996155,1403.1893640247656,82288,55,-10.402556610384778,-1.5082156439752181,3.089539626453916,10.955964291855858,0.0889208590390691,True,walking_dual_task,P08,12,0.097
2026-04-03T01:32:46.996861,1437.135055014899,82173,55,-9.625572934495338,-2.009804379242564,2.765878826060049,10.214746871095686,0.7412174207601723,True,walking_dual_task,P08,12,0.097
2026-04-03T01:32:47.055649,1374.5483013021299,82173,55,-9.585096433687967,-1.9228173618522622,2.766037537969745,10.159835821094552,0.0549110500011345,True,walking_dual_task,P08,12,0.097
2026-04-03T01:32:47.055934,1409.4534446896344,82128,54,-9.050419256246421,-1.9511395944683128,2.140768938721884,9.502627325110378,0.6572084959841735,True,walking_dual_task,P08,12,0.097
2026-04-03T01:32:47.175917,1432.109456834181,82128,55,-8.969720278836988,-1.939446539813709,2.109557993152064,9.416345877666487,0.08628144744389132,True,walking_dual_task,P08,12,0.097
2026-04-03T01:32:47.235918,1432.1222122802292,82201,56,-8.538403321037293,-0.6701537539370549,2.260323934602198,8.857906164323044,0.5584397133434429,True,walking_dual_task,P08,12,0.097
2026-04-03T01:32:47.236098,1403.7855927694254,82201,54,-8.50856580789632,0.3847536926837436,2.052860847327036,8.761162318426956,0.09674384589608742,True,walking_dual_task,P08,12,0.097
2026-04-03T01:32:47.236866,1362.3362396889354,82143,55,-8.602513377850915,0.3064202017238471,1.9916418634013395,8.835370228133126,0.07420790970616942,True,walking_dual_task,P08,12,0.097
2026-04-03T01:32:47.237440,1479.130562225963,82143,55,-9.41501711182671,0.018862672118884944,1.9885585938062884,9.62274744017477,0.787377212041644,True,walking_dual_task,P08,12,0.097
2026-04-03T01:32:47.238194,1410.3638928696078,82072,56,-9.276914805701631,-0.15232872535887185,1.9528835981987072,9.481461211275882,0.1412862288988883,True,walking_dual_task,P08,12,0.097
2026-04-03T01:32:47.238955,1483.1758815702156,82072,56,-10.078208172243757,-0.6757063342256595,1.888362057366289,10.275834285978641,0.7943730747027598,True,walking_dual_task,P08,12,0.097
2026-04-03T01:32:47.295667,1421.201421355932,82013,55,-9.844695096712435,-0.5847291680629192,1.7103626620400634,10.009259222485857,0.2665750634927839,True,walking_dual_task,P08,12,0.097
2026-04-03T01:32:47.295992,1316.7457745171257,82013,56,-9.831016151353053,-0.6126177348780253,1.670870707521839,9.990795162473615,0.0184640600122421,True,walking_dual_task,P08,12,0.097
2026-04-03T01:32:47.296699,1384.5032321534916,82018,55,-9.825138398387223,-0.8907608234083944,1.7235769484151162,10.014864796345991,0.024069633872375817,True,walking_dual_task,P08,12,0.097
2026-04-03T01:32:47.297351,1444.698989693543,82018,55,-9.865987675604181,-0.7823930553574046,1.7396911751123076,10.048700268841175,0.03383547249518415,True,walking_dual_task,P08,12,0.097
2026-04-03T01:32:47.298106,1457.4385131612223,82096,56,-9.912843385053927,-1.2553940501314553,2.0263690136710846,10.19542297196537,0.146722703124194,True,walking_dual_task,P08,12,0.097
2026-04-03T01:32:47.355753,1457.6851052587042,82096,56,-9.84122567824362,-1.2215117408399807,2.072991194146548,10.13109600557317,0.06432696639219948,True,walking_dual_task,P08,12,0.097
2026-04-03T01:32:47.356018,1402.0243273227081,82186,56,-9.926166860425282,-1.5420617311724194,2.144338174267947,10.271559235548143,0.14046322997497285,True,walking_dual_task,P08,12,0.097
2026-04-03T01:32:47.356920,1472.2122251294645,82186,55,-9.706990680645303,-1.8593363003126746,2.546895485324397,10.206344897413617,0.06521433813452582,True,walking_dual_task,P08,12,0.097
2026-04-03T01:32:47.415874,1348.5864652868286,82217,54,-9.651441220156082,-1.856699138999166,2.6327049126067514,10.174909556146034,0.03143534126758318,True,walking_dual_task,P08,12,0.097
2026-04-03T01:32:47.416193,1361.382852644681,82217,56,-9.69165766946455,-1.9372877856077717,2.4305358267239656,10.177859143815308,0.002949587669274223,True,walking_dual_task,P08,12,0.097
2026-04-03T01:32:47.416810,1457.0693392130754,82184,55,-9.552552043383933,-2.010833738012093,2.466075180274424,10.068576347143214,0.10928279667209395,True,walking_dual_task,P08,12,0.097
2026-04-03T01:32:47.475683,1359.6621213597177,82184,56,-9.198062772041828,-2.120411017771544,2.3548921926875352,9.728618549510998,0.33995779763221634,True,walking_dual_task,P08,12,0.097
2026-04-03T01:32:47.476279,1456.1785804716137,82164,55,-9.212506428183596,-2.1956819331226005,2.4548795136204555,9.783543696798134,0.054925147287136156,True,walking_dual_task,P08,12,0.097
2026-04-03T01:32:47.476993,1476.2207478372707,82164,56,-9.185139582033187,-2.209183647907986,2.510956876771797,9.775079844616329,0.00846385218180501,True,walking_dual_task,P08,12,0.097
2026-04-03T01:32:47.477577,1444.1439843306212,82149,55,-9.415268550482942,-2.4058635898513794,2.858588020813542,10.129510697137567,0.3544308525212383,True,walking_dual_task,P08,12,0.097
2026-04-03T01:32:47.595770,1371.8582313755155,82149,55,-9.541776158442557,-2.416363179827234,2.859686278049436,10.249980921129161,0.12047022399159424,True,walking_dual_task,P08,12,0.097
2026-04-03T01:32:47.596179,1483.3916669139553,82122,54,-9.342556986929242,-2.1212801029015256,2.9200270210979626,10.015475931423756,0.234504989705405,True,walking_dual_task,P08,12,0.097
2026-04-03T01:32:47.596895,1351.2848307305194,82122,56,-9.597747362594559,-2.208009598031168,3.0245894485228706,10.302436709502489,0.28696077807873266,True,walking_dual_task,P08,12,0.097
2026-04-03T01:32:47.597745,1388.3338445171537,82069,54,-9.917092051579205,-1.7270025577005585,3.115012602239568,10.537293585447406,0.23485687594491722,True,walking_dual_task,P08,12,0.097
2026-04-03T01:32:47.598228,1378.9799496779724,82069,54,-10.01167596923541,-1.7033809578850014,3.1598511465465142,10.635780256708125,0.0984866712607193,True,walking_dual_task,P08,12,0.097
2026-04-03T01:32:47.598879,1519.454868418197,81909,54,-9.998050362146017,-1.656381591253334,2.988050860650462,10.565654687035963,0.07012556967216277,True,walking_dual_task,P08,12,0.097
2026-04-03T01:32:47.655715,1475.7607871265254,81909,57,-10.06460838876384,-1.7512233203158374,3.152766039607508,10.691260862840075,0.12560617580411204,True,walking_dual_task,P08,12,0.097
2026-04-03T01:32:47.656007,1432.226052090269,81819,55,-9.983346192113265,-1.6244767861359863,2.9735302072304837,10.542675557636652,0.14858530520342228,True,walking_dual_task,P08,12,0.097
2026-04-03T01:32:47.656787,1296.1863622466208,81819,54,-9.892112363810686,-1.6672827999339688,3.134582804614255,10.50996328786144,0.03271226977521202,True,walking_dual_task,P08,12,0.097
2026-04-03T01:32:47.715620,1417.9567994388683,81844,57,-9.94648726862338,-1.6578587224654733,3.141824438421252,10.56182585211491,0.05186256425347047,True,walking_dual_task,P08,12,0.097
2026-04-03T01:32:47.716220,1581.1711006209673,81844,56,-10.027010106490366,-1.6401377485898316,3.05345701015512,10.609174483571977,0.04734863145706569,True,walking_dual_task,P08,12,0.097
2026-04-03T01:32:47.716872,1326.208259276655,81865,56,-10.048310312037511,-1.6869147631919457,3.071695147886503,10.641876367766345,0.0327018841943687,True,walking_dual_task,P08,12,0.097
2026-04-03T01:32:47.775609,1415.8140765811884,81865,56,-9.900511310017588,-1.7134995850977432,3.0164473681287323,10.490717790151782,0.15115857761456297,True,walking_dual_task,P08,12,0.097
2026-04-03T01:32:47.776528,1455.4353411964607,81901,54,-10.040894812853693,-1.5575904164373866,3.042948834475872,10.606846569900398,0.11612877974861568,True,walking_dual_task,P08,12,0.097
2026-04-03T01:32:47.777112,1331.4817717297615,81901,56,-10.051027650130278,-1.7084579226108685,3.080227697093539,10.650342152389161,0.04349558248876306,True,walking_dual_task,P08,12,0.097
2026-04-03T01:32:47.895803,1391.3178645994185,81926,55,-9.907471142622866,-1.6659108901228006,3.0072252661312704,10.486975128081161,0.1633670243080001,True,walking_dual_task,P08,12,0.097
2026-04-03T01:32:47.896248,1503.9106050180703,81926,55,-9.706279248956484,-0.6249148974410935,1.5295811379058366,9.845912550150157,0.6410625779310042,True,walking_dual_task,P08,12,0.097
2026-04-03T01:32:47.896907,1337.9811074647932,81929,54,-9.697213123033029,-0.7344514683710808,1.5096946560566955,9.841470381373028,0.00444216877712833,True,walking_dual_task,P08,12,0.097
2026-04-03T01:32:47.897491,1435.467701085938,81929,55,-9.818426787993054,-0.6462308795923748,1.4385798403511743,9.944276288296859,0.10280590692383029,True,walking_dual_task,P08,12,0.097
2026-04-03T01:32:47.898167,1360.0665952108907,81942,55,-9.675344374965833,-0.46002422870918375,1.571108180659715,9.812863597366386,0.13141269093047292,True,walking_dual_task,P08,12,0.097
2026-04-03T01:32:47.898954,1429.4870188122875,81942,56,-9.696242559092399,-0.47177201612621095,1.5405633757069117,9.829192444678453,0.016328847312067296,True,walking_dual_task,P08,12,0.097
2026-04-03T01:32:47.955961,1383.3776081276958,81978,55,-9.840307646516687,-0.18553734094222357,1.5864180280938118,9.969092277777337,0.13989983309888387,True,walking_dual_task,P08,12,0.097
2026-04-03T01:32:47.956186,1387.8707419284092,81978,55,-9.967408054528763,-0.2643560902222586,1.7077086763713083,10.116094918063803,0.14700264028646615,True,walking_dual_task,P08,12,0.097
2026-04-03T01:32:47.956764,1450.2847585877944,82010,56,-9.831118043892223,-0.25745840142677423,1.914828152987209,10.019168312633584,0.09692660543021958,True,walking_dual_task,P08,12,0.097
2026-04-03T01:32:48.015593,1450.2861291917181,82010,55,-9.948667738770215,-0.11138447030990706,1.765031879700603,10.104639222309372,0.08547090967578796,True,walking_dual_task,P08,12,0.097
2026-04-03T01:32:48.016104,1451.859982093058,82035,55,-9.969351183984077,-0.349616501290598,1.7989244929095338,10.136386143925716,0.03174692161634418,True,walking_dual_task,P08,12,0.097
2026-04-03T01:32:48.016771,1369.086188433752,82035,57,-10.0037617246713,-0.21901661451268353,1.7136415635596378,10.15183650034762,0.015450356421904843,True,walking_dual_task,P08,12,0.097
2026-04-03T01:32:48.076151,1461.8464287628012,82058,55,-9.874266282729373,-0.32267420543041453,1.707100701651187,10.025938662822263,0.12589783752535766,True,walking_dual_task,P08,12,0.097
2026-04-03T01:32:48.076173,1286.3791352857882,82058,56,-9.841286961043744,-0.5459442809308236,1.674226432143023,9.997600629829993,0.02833803299227,True,walking_dual_task,P08,12,0.097
2026-04-03T01:32:48.076731,1367.2352343519108,82083,56,-9.698686414674581,-0.5376966182840651,1.6183417036607686,9.847470014847216,0.15013061498277658,True,walking_dual_task,P08,12,0.097
2026-04-03T01:32:48.135684,1395.971362127644,82083,56,-9.712003126527499,-0.6709393027498973,1.7122995686744573,9.884590739658226,0.037120724811009254,True,walking_dual_task,P08,12,0.097
2026-04-03T01:32:48.136141,1408.210211194705,82120,55,-9.667005897552066,-0.49401282675346914,1.742110182964986,9.835141055719216,0.0494496839390095,True,walking_dual_task,P08,12,0.097
2026-04-03T01:32:48.136694,1375.0084724888056,82120,56,-9.663250586974728,-0.4233790525515331,1.9624666620108324,9.869596604132855,0.03445554841363929,True,walking_dual_task,P08,12,0.097
2026-04-03T01:32:48.195717,1481.1620295555822,82153,55,-9.604716063233143,-0.4778189847104429,1.7954010923481258,9.782757623486505,0.0868389806463501,True,walking_dual_task,P08,12,0.097
2026-04-03T01:32:48.196030,1440.8733542604257,82153,56,-9.587164567821725,-0.5288113498549883,1.952700431046887,9.798285812714512,0.01552818922800725,True,walking_dual_task,P08,12,0.097
2026-04-03T01:32:48.197034,1353.8778543300637,82204,55,-9.636852989460197,-0.5610818207719419,1.9776412534385313,9.853670041023832,0.055384228309319994,True,walking_dual_task,P08,12,0.097
2026-04-03T01:32:48.256038,1430.8848408636497,82204,56,-9.68896011700798,-0.5431885799549732,1.7778089970502706,9.865678223637627,0.012008182613794105,True,walking_dual_task,P08,12,0.097
2026-04-03T01:32:48.256196,1440.988175200378,82261,54,-9.652106739629241,-0.3822754772444424,1.8622105372598714,9.837536639768128,0.028141583869498277,True,walking_dual_task,P08,12,0.097
2026-04-03T01:32:48.256704,1386.132206697605,82261,54,-9.50238357415027,-0.5592832986479923,1.6878542300249004,9.667313137591044,0.17022350217708393,True,walking_dual_task,P08,12,0.097
2026-04-03T01:32:48.315629,1412.2729109746986,82285,54,-9.532095199188907,-0.3623172093598434,1.6952448977974655,9.688445071842377,0.02113193425133275,True,walking_dual_task,P08,12,0.097
2026-04-03T01:32:48.316860,1407.3984687369887,82285,55,-9.513637198352983,-0.46636457685162963,1.743369314160795,9.68329103280414,0.005154039038236746,True,walking_dual_task,P08,12,0.097
2026-04-03T01:32:48.317034,1465.2242162737473,82238,56,-9.945549792207666,-0.39971784379081265,1.6772742874808662,10.093908264858126,0.41061723205398515,True,walking_dual_task,P08,12,0.097
2026-04-03T01:32:48.375698,1347.339113184974,82238,55,-9.782530726409643,-0.3159670881038174,1.7546490079868617,9.943668123743011,0.1502401411151144,True,walking_dual_task,P08,12,0.097
2026-04-03T01:32:48.376032,1449.0073223641075,82260,55,-9.775217113132435,-0.29881300560598506,1.8406571442989188,9.951491222126217,0.007823098383205718,True,walking_dual_task,P08,12,0.097
2026-04-03T01:32:48.376716,1381.215853058361,82260,56,-9.777675674084708,-0.20756091153800982,1.8688358507144087,9.9568353685547,0.005344146428482688,True,walking_dual_task,P08,12,0.097
2026-04-03T01:32:48.435635,1458.8428234088228,82347,56,-9.787515058308975,-0.19292020255642864,1.7672240825942436,9.947650485379972,0.009184883174727432,True,walking_dual_task,P08,12,0.097
2026-04-03T01:32:48.436015,1374.23661807189,82347,56,-9.785030121470468,0.06633518712486562,1.89601549636442,9.967250854553088,0.019600369173115695,True,walking_dual_task,P08,12,0.097
2026-04-03T01:32:48.436773,1411.5756428443183,82391,55,-9.86051110761425,-0.03704835249097804,1.7135950130415227,10.008369485212219,0.04111863065913113,True,walking_dual_task,P08,12,0.097
2026-04-03T01:32:48.495819,1401.99599270138,82391,55,-9.798437454003874,-0.055594000273445916,1.6362478711724977,9.93427271262516,0.07409677258705827,True,walking_dual_task,P08,12,0.097
2026-04-03T01:32:48.496128,1350.789408400788,82397,54,-9.709201683411226,-0.009774982292201487,1.6608699664160012,9.850237658289108,0.08403505433605218,True,walking_dual_task,P08,12,0.097
2026-04-03T01:32:48.496742,1333.8926842195374,82397,54,-9.747632601220406,-0.07838887314500627,1.4097885936657055,9.84936495529726,0.0008727029918489393,True,walking_dual_task,P08,12,0.097
2026-04-03T01:32:48.615584,1427.9846800961386,82436,54,-9.468608756294294,-0.2942676105863104,1.5644827485344028,9.601497355979166,0.2478675993180932,True,walking_dual_task,P08,12,0.097
2026-04-03T01:32:48.616015,1357.7753516913072,82436,55,-9.574711781254718,-0.20993665270634237,1.356450973522073,9.672597290067257,0.07109993408809068,True,walking_dual_task,P08,12,0.097
2026-04-03T01:32:48.616687,1499.7153107870886,82479,56,-9.433905105890721,-0.3869369451988567,1.6477370126432358,9.58453561782444,0.08806167224281758,True,walking_dual_task,P08,12,0.097
2026-04-03T01:32:48.617466,1316.010110181181,82479,55,-9.607080431267548,-0.2944220674841658,1.7163125043344025,9.76362675337398,0.17909113554954104,True,walking_dual_task,P08,12,0.097
2026-04-03T01:32:48.618399,1335.1189174860458,82490,55,-9.457761438884138,-0.3252048157065882,1.5489084925111933,9.589271459562285,0.17435529381169523,True,walking_dual_task,P08,12,0.097
2026-04-03T01:32:48.675797,1447.4242795657467,82490,56,-9.449462408005237,-0.3359743009533802,1.5879989826896503,9.587854780931375,0.0014166786309104396,True,walking_dual_task,P08,12,0.097
2026-04-03T01:32:48.676143,1357.7969692340123,82517,55,-9.497150338709226,-0.26366632661016165,1.47260763017303,9.614258043150116,0.02640326221874112,True,walking_dual_task,P08,12,0.097
2026-04-03T01:32:48.676786,1413.5373907348833,82517,54,-9.551176586879164,-0.41450286757208304,1.6135108726938188,9.69537024343451,0.08111220028439448,True,walking_dual_task,P08,12,0.097
2026-04-03T01:32:48.677465,1431.4932747285065,82533,54,-9.509093419834135,-0.267748496636949,1.6073698714143032,9.6477036038694,0.04766663956510975,True,walking_dual_task,P08,12,0.097
2026-04-03T01:32:48.735885,1404.7324669063353,82533,56,-9.565472327882873,-0.40727851006102955,1.6420776679208582,9.713936159340092,0.06623255547069107,True,walking_dual_task,P08,12,0.097
2026-04-03T01:32:48.736317,1412.6257131847904,82557,57,-9.498131110170226,-0.3608128483539959,1.537048382627088,9.628457728424493,0.08547843091559848,True,walking_dual_task,P08,12,0.097
2026-04-03T01:32:48.736816,1436.5132411957895,82557,53,-9.294803918961817,-0.202363257180914,1.564487630753571,9.42772254187541,0.20073518654908362,True,walking_dual_task,P08,12,0.097
2026-04-03T01:32:48.795516,1411.478616301309,82601,55,-9.484908909034479,-0.2724287381288129,1.6155909013445104,9.625375233753084,0.19765269187767487,True,walking_dual_task,P08,12,0.097
2026-04-03T01:32:48.796021,1410.4101819011948,82601,56,-9.477021486530047,-0.41661552234309857,1.6421991175813975,9.627269742320225,0.0018945085671404627,True,walking_dual_task,P08,12,0.097
2026-04-03T01:32:48.796999,1335.948783335016,82636,56,-9.50058001294141,-0.37526092428446306,1.6194276030308783,9.644915090608885,0.017645348288660045,True,walking_dual_task,P08,12,0.097
2026-04-03T01:32:48.855876,1392.463286416003,82636,55,-9.504543007279072,-0.3328545476285844,1.5726955138053254,9.639528054123703,0.005387036485181795,True,walking_dual_task,P08,12,0.097
2026-04-03T01:32:48.915838,1351.3573887237,82673,55,-9.778724867991881,-0.25092494028347334,1.6106495559466858,9.913658021215497,0.2741299670917936,True,walking_dual_task,P08,12,0.097
2026-04-03T01:32:48.975855,1465.9062264309166,82673,57,-9.796091131772075,-0.3453312432778115,1.580920822346334,9.928845138086077,0.015187116870579942,True,walking_dual_task,P08,12,0.097
2026-04-03T01:32:48.976033,1460.1174641673754,82707,55,-9.716968599792821,-0.23051572316905838,1.5146642785495819,9.837012968615115,0.09183216947096184,True,walking_dual_task,P08,12,0.097
2026-04-03T01:32:48.976748,1410.5939577775675,82707,57,-9.757202368410129,-0.1640981841700836,1.3785271173391476,9.855468699427517,0.018455730812402038,True,walking_dual_task,P08,12,0.097
2026-04-03T01:32:48.977443,1286.2570841938682,82740,55,-9.773384007295359,-0.26297969889365336,1.5124852734549155,9.893220152129683,0.03775145270216562,True,walking_dual_task,P08,12,0.097
2026-04-03T01:32:48.978822,1431.9865899145534,82740,54,-9.652132538585873,-0.307944280578159,1.4149326475318678,9.760149928122033,0.13307022400764978,True,walking_dual_task,P08,12,0.097
2026-04-03T01:32:48.979355,1433.8015243079835,82773,57,-9.621111543712535,-0.17756840164948734,1.4199921440710677,9.726957158487258,0.03319276963477513,True,walking_dual_task,P08,12,0.097
2026-04-03T01:32:49.035642,1383.80043231643,82773,55,-9.769216723070068,-0.34817923457249383,1.4254502367461066,9.878802181395217,0.15184502290795976,True,walking_dual_task,P08,12,0.097
2026-04-03T01:32:49.036069,1268.3702897227595,82803,55,-9.742828442094213,-0.35914005956425016,1.2716493454387123,9.8320282593277,0.046773922067517404,True,walking_dual_task,P08,12,0.097
2026-04-03T01:32:49.036885,1436.8278221622454,82803,56,-9.705251129600379,-0.32569666341560083,1.53779681933749,9.831724002571166,0.0003042567565341159,True,walking_dual_task,P08,12,0.097
2026-04-03T01:32:49.037444,1430.2710589354845,82832,56,-9.770662997052403,-0.4045283125849911,1.4710902434113888,9.889064923536102,0.05734092096493626,True,walking_dual_task,P08,12,0.097
2026-04-03T01:32:49.095643,1359.448354632011,82832,55,-9.791483908852285,-0.36861052462200644,1.4452122886130538,9.904426758542542,0.015361835006439506,True,walking_dual_task,P08,12,0.097
2026-04-03T01:32:49.095982,1428.01347080593,82864,55,-9.68866667768205,-0.4261347735914416,1.2842913144148151,9.782701928239034,0.12172483030350811,True,walking_dual_task,P08,12,0.097
2026-04-03T01:32:49.096721,1385.2397459165984,82864,55,-9.732910399167798,-0.38269377157450746,1.354353895231384,9.834138184638194,0.051436256399160385,True,walking_dual_task,P08,12,0.097
2026-04-03T01:32:49.156025,1438.0421317680566,82896,55,-9.804557924484605,-0.3979322792572032,1.2837768164814363,9.896251265402668,0.062113080764474304,True,walking_dual_task,P08,12,0.097
2026-04-03T01:32:49.156153,1394.5080568969208,82896,54,-9.727207101625263,-0.24593698224177063,1.3786025563264466,9.827491440110897,0.06875982529177094,True,walking_dual_task,P08,12,0.097
2026-04-03T01:32:49.156748,1311.0641705141284,82850,54,-9.690457438476068,-0.3172156799287884,1.5120313018466527,9.81284004823644,0.014651391874457076,True,walking_dual_task,P08,12,0.097
2026-04-03T01:32:49.215880,1366.2139395011477,82850,56,-9.808456940651569,-0.28384652731709653,1.539798559295471,9.932641945167173,0.11980189693073307,True,walking_dual_task,P08,12,0.097
2026-04-03T01:32:49.216153,1475.245541345194,82769,55,-9.713936645671371,-0.2557837521255596,1.4780107922742514,9.82906436981912,0.10357757534805323,True,walking_dual_task,P08,12,0.097
2026-04-03T01:32:49.216868,1432.1207375217232,82769,54,-9.885049971790146,-0.26797747469317945,1.5541060303088587,10.010058462625164,0.18099409280604384,True,walking_dual_task,P08,12,0.097
2026-04-03T01:32:49.276225,1369.0001912763817,82801,55,-9.769477705280407,-0.24820915779252384,1.4704807022877604,9.882642152571533,0.12741631005363097,True,walking_dual_task,P08,12,0.097
2026-04-03T01:32:49.276313,1342.522442854306,82801,56,-9.913459701676151,-0.21058823606529964,1.5591616266691393,10.037530355620532,0.15488820304899953,True,walking_dual_task,P08,12,0.097
2026-04-03T01:32:49.277150,1345.6959029969385,82836,54,-9.790104158134723,-0.15687445962942326,1.2577487501778208,9.871812444621538,0.16571791099899436,True,walking_dual_task,P08,12,0.097
2026-04-03T01:32:49.335802,1369.234945768809,82836,55,-9.747243948985592,-0.21994475780381786,1.3397408820632268,9.841343705439474,0.030468739182063942,True,walking_dual_task,P08,12,0.097
2026-04-03T01:32:49.336065,1380.3219368773287,82844,56,-9.678425362767873,-0.3556979623318448,1.287008441908995,9.770098734026206,0.07124497141326813,True,walking_dual_task,P08,12,0.097
2026-04-03T01:32:49.336730,1451.270472696808,82844,53,-9.645711603288113,-0.3892086279664514,1.4267841294053774,9.758429619657742,0.011669114368464406,True,walking_dual_task,P08,12,0.097
2026-04-03T01:32:49.395707,1345.5345372123902,82860,55,-9.490256041306186,-0.4824710865199757,1.5099961036808995,9.621737177454381,0.1366924422033602,True,walking_dual_task,P08,12,0.097
2026-04-03T01:32:49.395978,1394.856909120223,82860,54,-9.673974812239313,-0.507635927789501,1.4255252521484354,9.791608915164874,0.16987173771049235,True,walking_dual_task,P08,12,0.097
2026-04-03T01:32:49.396743,1539.7437297007905,82874,56,-9.737402299039426,-0.4466821008251589,1.542830585815152,9.868984479117525,0.07737556395265166,True,walking_dual_task,P08,12,0.097
2026-04-03T01:32:49.456386,1414.8227691475292,82874,55,-9.649370565403125,-0.38050355022741295,1.641560118237423,9.795399679543022,0.07358479957450292,True,walking_dual_task,P08,12,0.097
2026-04-03T01:32:49.456647,1330.993357474336,82870,55,-9.711591976653965,-0.49510379344287503,1.6175868636183317,9.857826015336332,0.06242633579330992,True,walking_dual_task,P08,12,0.097
2026-04-03T01:32:49.515973,1449.207212631787,82870,56,-9.618574382167315,-0.16708969001553234,1.4205308792808875,9.72434059917614,0.13348541616019283,True,walking_dual_task,P08,12,0.097
2026-04-03T01:32:49.516327,1515.4421128559648,82862,55,-9.65427942644186,-0.158268633474762,1.342562397928577,9.748468289761847,0.02412769058570774,True,walking_dual_task,P08,12,0.097
2026-04-03T01:32:49.517395,1457.0241068087753,82862,55,-9.77689676596773,-0.20851294747276627,1.2803263443662503,9.86257692338733,0.11410863362548263,True,walking_dual_task,P08,12,0.097
2026-04-03T01:32:49.635663,1371.924010248955,82859,56,-9.691384040353764,-0.25316016874382236,1.1954451114729088,9.768116691727558,0.09446023165977202,True,walking_dual_task,P08,12,0.097
2026-04-03T01:32:49.636042,1410.7032402774555,82859,55,-9.820839299023497,-0.23846384866900278,1.2854579453763009,9.907479582300304,0.13936289057274642,True,walking_dual_task,P08,12,0.097
2026-04-03T01:32:49.636700,1428.5231058780664,82867,53,-9.55468165743865,-0.075470689038409,1.2538839276866616,9.636901073685952,0.27057850861435284,True,walking_dual_task,P08,12,0.097
2026-04-03T01:32:49.637492,1404.5503321412189,82867,56,-9.716591169607314,-0.2924537680332846,1.4824043984621569,9.833371546133485,0.19647047244753324,True,walking_dual_task,P08,12,0.097
2026-04-03T01:32:49.638132,1392.9693092066636,82877,55,-9.848502554103078,-0.29188039764299056,1.343354062267391,9.943982947557451,0.11061140142396653,True,walking_dual_task,P08,12,0.097
2026-04-03T01:32:49.638943,1389.7478909387155,82877,55,-9.85561182941371,-0.23489732018757145,1.3334378876778223,9.948181637033246,0.0041986894757943816,True,walking_dual_task,P08,12,0.097
2026-04-03T01:32:49.695697,1380.2044340328357,82885,55,-9.746431670917069,-0.19600543909305584,1.3804181657580825,9.845654003689356,0.10252763334388959,True,walking_dual_task,P08,12,0.097
2026-04-03T01:32:49.696039,1379.0450599774874,82885,54,-9.660298087573606,-0.2711527095946304,1.3206409740017706,9.75392103284167,0.09173297084768528,True,walking_dual_task,P08,12,0.097
2026-04-03T01:32:49.697113,1312.4893697025614,82884,55,-9.737004243149073,-0.2413992629800274,1.35792770511206,9.834200165116696,0.08027913227502559,True,walking_dual_task,P08,12,0.097
2026-04-03T01:32:49.697411,1306.7451346559822,82884,55,-9.628164305119059,-0.3016967625598898,1.4036511515162364,9.734618912831706,0.09958125228498993,True,walking_dual_task,P08,12,0.097
2026-04-03T01:32:49.755750,1460.2536053099366,82881,54,-9.720130469033938,-0.2932618062158825,1.4430746420194986,9.831042836061016,0.0964239232293096,True,walking_dual_task,P08,12,0.097
2026-04-03T01:32:49.756086,1439.5201577422251,82881,54,-9.662696735442719,-0.3795312772377575,1.3318077078939679,9.761427352715529,0.06961548334548695,True,walking_dual_task,P08,12,0.097
2026-04-03T01:32:49.756802,1442.771101421289,82893,54,-9.762509030240766,-0.30561316325759197,1.5222094696541018,9.885196186247061,0.1237688335315319,True,walking_dual_task,P08,12,0.097
2026-04-03T01:32:49.816431,1478.3116210602384,82893,55,-9.724361987187415,-0.31841599451281466,1.4301202720388166,9.834116574248727,0.05107961199833433,True,walking_dual_task,P08,12,0.097
2026-04-03T01:32:49.816462,1459.673125017675,82898,55,-9.731935639736022,-0.31306693633886273,1.3788513062678014,9.834114760739231,1.8135094954629949e-06,True,walking_dual_task,P08,12,0.097
2026-04-03T01:32:49.875561,1324.9877637220354,82898,56,-9.674065137103023,-0.31765462516248477,1.399657236631477,9.779953022272352,0.05416173846687933,True,walking_dual_task,P08,12,0.097
2026-04-03T01:32:49.875993,1394.8919535677348,82907,55,-9.78220332281279,-0.36379908170524505,1.483600539160026,9.900753616795798,0.12080059452344649,True,walking_dual_task,P08,12,0.097
2026-04-03T01:32:49.876677,1385.9275585756423,82907,55,-9.710559208441746,-0.35590698572559365,1.4302418668471375,9.821772840013326,0.07898077678247262,True,walking_dual_task,P08,12,0.097
2026-04-03T01:32:49.935814,1355.653545819652,82923,55,-9.639035343683108,-0.24992504863012766,1.3910485842185893,9.742098390509176,0.07967444950415015,True,walking_dual_task,P08,12,0.097
2026-04-03T01:32:49.995746,1463.025824373309,82923,57,-9.694010355235386,-0.16957681468716063,1.4532337038231438,9.803799327883954,0.061700937374778775,True,walking_dual_task,P08,12,0.097
2026-04-03T01:32:49.996350,1367.777600611037,82931,56,-9.64920293361987,-0.3625496402870749,1.4585937581110748,9.765554528394748,0.038244799489206116,True,walking_dual_task,P08,12,0.097
2026-04-03T01:32:49.997026,1418.2180167229794,82931,56,-9.730345340570878,-0.23695365292705844,1.3835040983824847,9.8310656121626,0.06551108376785209,True,walking_dual_task,P08,12,0.097
2026-04-03T01:32:49.997437,1436.8336005076362,82941,56,-9.72579878797805,-0.29367820790137433,1.4520559121917416,9.837981262747071,0.006915650584470967,True,walking_dual_task,P08,12,0.097
2026-04-03T01:32:49.998130,1343.7702115542643,82941,55,-9.613628359694008,-0.30841081630031725,1.4200356792687912,9.722832344554766,0.11514891819230577,True,walking_dual_task,P08,12,0.097
2026-04-03T01:32:49.998856,1390.7759623822437,82948,57,-9.71449795156517,-0.28382428531631154,1.1377258332878308,9.785011330991379,0.06217898643661357,True,walking_dual_task,P08,12,0.097
2026-04-03T01:32:50.055827,1508.429889092644,82948,54,-9.554732412707033,-0.2578836435456535,1.2813403007593094,9.643715488254134,0.14129584273724483,True,walking_dual_task,P08,12,0.097
2026-04-03T01:32:50.115736,1370.9054369371065,82924,56,-9.772877729061209,-0.34287411022636033,1.28146512561523,9.862497383057303,0.21878189480316834,True,walking_dual_task,P08,12,0.097
2026-04-03T01:32:50.116259,1430.4247321130572,82924,55,-9.649438353282589,-0.25576120984621564,1.3834037977963005,9.751455296417054,0.11104208664024817,True,walking_dual_task,P08,12,0.097
2026-04-03T01:32:50.116726,1279.1001227091178,82816,54,-9.752584254708534,-0.28499361746649693,1.4564012491961256,9.864847976823844,0.11339268040678974,True,walking_dual_task,P08,12,0.097
2026-04-03T01:32:50.117981,1406.336316218109,82816,56,-9.663966123678147,-0.2426888418538391,1.3620286781369275,9.762492572782149,0.10235540404169541,True,walking_dual_task,P08,12,0.097
2026-04-03T01:32:50.118159,1342.4203497982212,82788,56,-9.738003850440831,-0.24065027071452622,1.2992004018053769,9.827235278960542,0.06474270617839295,True,walking_dual_task,P08,12,0.097
2026-04-03T01:32:50.175754,1336.6943760581496,82788,55,-9.79542261961448,-0.13587791273877511,1.316929946472222,9.884486409922397,0.05725113096185552,True,walking_dual_task,P08,12,0.097
2026-04-03T01:32:50.175928,1347.293583584926,82827,57,-9.673677774716,-0.2243384438102849,1.5329283993193186,9.796950490017043,0.08753591990535448,True,walking_dual_task,P08,12,0.097
2026-04-03T01:32:50.176681,1401.6061883735722,82827,55,-9.766503606129683,-0.22527935911079483,1.393692851388606,9.868015162239931,0.0710646722228887,True,walking_dual_task,P08,12,0.097
2026-04-03T01:32:50.235809,1444.3032235686796,82854,55,-9.67879738651362,-0.2332601307483676,1.434787945931689,9.787346197390306,0.08066896484962527,True,walking_dual_task,P08,12,0.097
2026-04-03T01:32:50.236210,1463.4761587306787,82854,56,-9.71711304847434,-0.3038764112504245,1.4174264200223126,9.824648824580041,0.037302627189735205,True,walking_dual_task,P08,12,0.097
2026-04-03T01:32:50.236908,1336.4486767395488,82851,55,-9.725457464713681,-0.44149964615448123,1.3054325822197486,9.822606530968779,0.0020422936112627355,True,walking_dual_task,P08,12,0.097
2026-04-03T01:32:50.355872,1429.5676378306673,82851,55,-9.624348194729002,-0.4985068506130237,1.4618668571178643,9.747494137542796,0.0751123934259823,True,walking_dual_task,P08,12,0.097
2026-04-03T01:32:50.356118,1459.3247112445158,82852,55,-9.606200132530313,-0.3403048614958468,1.349691679798718,9.70652131381274,0.04097282373005662,True,walking_dual_task,P08,12,0.097
2026-04-03T01:32:50.356740,1323.411147996578,82852,55,-9.65470494700028,-0.40378192374792277,1.372067328850216,9.76006845316545,0.053547139352710715,True,walking_dual_task,P08,12,0.097
2026-04-03T01:32:50.357410,1361.7917301973134,82864,56,-9.748259458529443,-0.3127798864957123,1.3817515508050455,9.850666529547997,0.09059807638254647,True,walking_dual_task,P08,12,0.097
2026-04-03T01:32:50.358146,1415.4387714411023,82864,57,-9.713906529864015,-0.21531892136238093,1.342791201172035,9.808640605036787,0.04202592451120957,True,walking_dual_task,P08,12,0.097
2026-04-03T01:32:50.359619,1342.0951916677707,82852,55,-9.73175408537537,-0.3116224582445716,1.3846721189298243,9.834707062828267,0.026066457791479536,True,walking_dual_task,P08,12,0.097
