timestamp,gsr_filtered,ppg_ir,hr_bpm_avg,imu_ax_mps2,imu_ay_mps2,imu_az_mps2,svm,jerk,hr_valid_flag,label,patient_id,day,progression
2026-04-01T14:05:15.067029,1507.8896081719045,95437.0,81.0,-4.87799357526912,4.470642818065325,6.782364330359701,9.475332945961396,,True,walking_dual_task,P09,27,0.875
2026-04-01T14:05:15.068655,1547.2532458782798,95449.0,81.0,-4.627557732023496,4.567311645211984,7.092855364555527,9.622017639258596,0.1466846932971997,True,walking_dual_task,P09,27,0.875
2026-04-01T14:05:15.109889,1629.9010389571501,95449.0,81.0,-4.581929394273181,5.027049929554076,7.275620813884759,9.959917981377526,0.33790034211892994,True,walking_dual_task,P09,27,0.875
2026-04-01T14:05:15.110304,1532.1281799865794,95341.0,82.0,-4.570579798974026,4.874191177835885,7.345400233272168,9.929896470952627,0.030021510424898423,True,walking_dual_task,P09,27,0.875
2026-04-01T14:05:15.123653,1537.888259739729,95341.0,82.0,-4.453590533678438,4.678912975872336,7.419160701054502,9.837206960592434,0.09268951036019324,True,walking_dual_task,P09,27,0.875
2026-04-01T14:05:15.169416,1661.1307845109736,95145.0,82.0,-4.718278751972603,3.982580726205136,7.318736175982891,9.575333040458563,0.2618739201338709,True,walking_dual_task,P09,27,0.875
2026-04-01T14:05:15.169454,1597.0682837892743,95081.0,82.0,-4.6587402693533235,3.7122886366065346,7.160182017240655,9.314137337337728,0.2611957031208352,True,walking_dual_task,P09,27,0.875
2026-04-01T14:05:15.199136,1468.5920649368568,95081.0,80.0,-4.833355354454554,3.386140972650334,6.689512156222676,8.920585606189025,0.3935517311487029,True,walking_dual_task,P09,27,0.875
2026-04-01T14:05:15.199826,1670.6865670426848,95129.0,82.0,-4.415669351403103,3.0719204982204547,6.865427090589931,8.72174985335591,0.19883575283311572,True,walking_dual_task,P09,27,0.875
2026-04-01T14:05:15.230996,1600.1516614851532,95129.0,82.0,-4.343705920634139,3.0580426057597077,7.1311570796369,8.892289187720403,0.1705393343644932,True,walking_dual_task,P09,27,0.875
2026-04-01T14:05:15.274618,1585.9363321008311,95223.0,81.0,-4.402963798339496,4.127547729232975,7.372236332751676,9.527466033134326,0.6351768454139233,True,walking_dual_task,P09,27,0.875
2026-04-01T14:05:15.275002,1536.0562392860077,95223.0,82.0,-4.232485377908698,3.542443582703897,7.301537029331324,9.152883807934385,0.37458222519994067,True,walking_dual_task,P09,27,0.875
2026-04-01T14:05:15.303998,1523.6421617321146,95261.0,81.0,-4.359927448819159,3.608700492739433,8.067509008665345,9.854764746566053,0.7018809386316676,True,walking_dual_task,P09,27,0.875
2026-04-01T14:05:15.305070,1632.664164746288,95261.0,82.0,-4.200337216971825,3.5739272916533777,8.0837568160205,9.785852711075378,0.06891203549067448,True,walking_dual_task,P09,27,0.875
2026-04-01T14:05:15.319026,1514.6100200685457,95261.0,81.0,-4.355976336590825,4.323831477785044,7.855818363303714,9.969148943136714,0.18329623206133583,True,walking_dual_task,P09,27,0.875
2026-04-01T14:05:15.364321,1658.6874949630458,95292.0,81.0,-4.496164947756552,4.3358367472022135,8.167349625044947,10.282051324203044,0.31290238106632984,True,walking_dual_task,P09,27,0.875
2026-04-01T14:05:15.364940,1673.9177599989737,95316.0,82.0,-4.399716416308844,4.240632837074314,7.74424063242297,9.864772393506167,0.4172789306968774,True,walking_dual_task,P09,27,0.875
2026-04-01T14:05:15.409583,1503.7293294234735,95316.0,81.0,-4.394962421582397,3.7931743754690643,8.054938723192748,9.92904347680211,0.06427108329594411,True,walking_dual_task,P09,27,0.875
2026-04-01T14:05:15.410193,1686.3571720303414,95335.0,82.0,-4.574878007022614,4.356605625186785,8.277606555558414,10.412890647710269,0.48384717090815776,True,walking_dual_task,P09,27,0.875
2026-04-01T14:05:15.423587,1586.8014033803229,95335.0,82.0,-4.050875717464502,4.320177778710183,8.037665481658832,9.983866811664441,0.42902383604582717,True,walking_dual_task,P09,27,0.875
2026-04-01T14:05:15.468989,1583.037459394103,95335.0,80.0,-3.993530808209672,4.4936972403360205,8.036340588850091,10.036153310104563,0.052286498440121676,True,walking_dual_task,P09,27,0.875
2026-04-01T14:05:15.469386,1495.4833533453038,95347.0,81.0,-4.584316721580624,3.9586686915146894,8.119215410970979,10.129594093678728,0.09344078357416485,True,walking_dual_task,P09,27,0.875
2026-04-01T14:05:15.499007,1624.2986921785016,95347.0,81.0,-4.477514300429753,4.021350504995023,7.857764094054502,9.897668955485875,0.2319251381928531,True,walking_dual_task,P09,27,0.875
2026-04-01T14:05:15.499509,1638.3659594163307,95407.0,82.0,-4.441492937671442,4.054152738275481,7.75450059050227,9.813016526468909,0.08465242901696612,True,walking_dual_task,P09,27,0.875
2026-04-01T14:05:15.529929,1578.895858525464,95407.0,81.0,-4.424474655667545,4.044466331756812,7.951962807214191,9.958282802505492,0.14526627603658326,True,walking_dual_task,P09,27,0.875
2026-04-01T14:05:15.574444,1523.103010431443,95477.0,81.0,-4.578768115553907,4.2848731858337015,7.879040671702769,10.069982005000613,0.11169920249512089,True,walking_dual_task,P09,27,0.875
2026-04-01T14:05:15.575491,1635.7749552178675,95477.0,82.0,-4.708235309392842,4.063840363545123,7.874621894524404,10.034537767665991,0.03544423733462132,True,walking_dual_task,P09,27,0.875
2026-04-01T14:05:15.591136,1607.7197232146473,95536.0,82.0,-6.384787978764042,5.698686366058348,6.007699582849848,10.456242064443773,0.4217042967777811,True,walking_dual_task,P09,27,0.875
2026-04-01T14:05:15.604730,1526.1319434103402,95536.0,80.0,-6.7220991298367805,5.875124954493799,5.885504562738139,10.693122738483815,0.23688067404004265,True,walking_dual_task,P09,27,0.875
2026-04-01T14:05:15.619422,1649.736575970629,95590.0,82.0,-6.466973152258695,5.692023054982502,6.274753266361417,10.658020302298189,0.03510243618562647,True,walking_dual_task,P09,27,0.875
2026-04-01T14:05:15.679190,1654.2158121809089,95590.0,82.0,-6.353881368296687,5.817938612270006,6.1131635396077515,10.563663502806191,0.09435679949199738,True,walking_dual_task,P09,27,0.875
2026-04-01T14:05:15.679588,1556.4279430842373,95600.0,81.0,-6.423679434348367,5.719522251624365,5.958760951827594,10.463432722731183,0.10023078007500885,True,walking_dual_task,P09,27,0.875
2026-04-01T14:05:15.680474,1599.4930870742603,95600.0,82.0,-6.0037808183024595,5.007774544720056,6.007127749879621,9.859450989194912,0.6039817335362709,True,walking_dual_task,P09,27,0.875
2026-04-01T14:05:15.708655,1577.088481790386,95627.0,82.0,-6.468764716628321,4.9074866280272325,6.008796379677782,10.101186855800185,0.24173586660527313,True,walking_dual_task,P09,27,0.875
2026-04-01T14:05:15.723999,1576.6729071648356,95627.0,81.0,-6.042970755150871,5.174101725620712,6.240945213345702,10.111291775567677,0.010104919767492504,True,walking_dual_task,P09,27,0.875
2026-04-01T14:05:15.738811,1518.1620527114196,95538.0,83.0,-5.607931894773547,4.929025140070094,5.993494729524945,9.574245037636373,0.5370467379313038,True,walking_dual_task,P09,27,0.875
2026-04-01T14:05:15.784686,1573.2885181363806,95538.0,83.0,-5.556699870955971,5.203809997949958,6.400759884398166,9.946169063934459,0.3719240262980854,True,walking_dual_task,P09,27,0.875
2026-04-01T14:05:15.785481,1661.0586276585034,95446.0,82.0,-4.864816313095333,5.173499517735356,6.579045526228874,9.68067017599291,0.26549888794154874,True,walking_dual_task,P09,27,0.875
2026-04-01T14:05:15.798991,1523.2320316388361,95446.0,82.0,-5.339543328079397,5.354278465146423,6.595821557801162,10.034135879941156,0.3534657039482454,True,walking_dual_task,P09,27,0.875
2026-04-01T14:05:15.829641,1587.2220261023024,95460.0,81.0,-5.315630896325015,4.654713942737871,6.376879882845202,9.51771457624777,0.5164213036933862,True,walking_dual_task,P09,27,0.875
2026-04-01T14:05:15.890089,1592.082375062199,95460.0,82.0,-5.1754356271944415,4.430666298287522,6.4714629011551015,9.396582882039683,0.12113169420808667,True,walking_dual_task,P09,27,0.875
2026-04-01T14:05:15.890638,1661.1076074019102,95547.0,81.0,-5.414778719999236,4.498632411179984,6.550365069298397,9.615862140159882,0.21927925812019922,True,walking_dual_task,P09,27,0.875
2026-04-01T14:05:15.891397,1496.1318266429805,95547.0,81.0,-5.398887658004429,4.3734191600856915,6.539111444214818,9.541213841719427,0.0746482984404544,True,walking_dual_task,P09,27,0.875
2026-04-01T14:05:15.903684,1545.9986716306344,95624.0,81.0,-5.4173269558415456,4.355739805355463,6.3599881685763675,9.421748781562627,0.11946506015680036,True,walking_dual_task,P09,27,0.875
2026-04-01T14:05:15.918974,1573.0941533678742,95624.0,83.0,-5.883168584544379,4.5299870092128725,6.157550880098054,9.646133305050455,0.2243845234878279,True,walking_dual_task,P09,27,0.875
2026-04-01T14:05:15.964619,1655.8163264767393,95684.0,81.0,-5.782865011844828,4.07177874741824,5.686593442733422,9.075144896699154,0.570988408351301,True,walking_dual_task,P09,27,0.875
2026-04-01T14:05:15.978885,1669.772666333239,95684.0,81.0,-5.954754357874328,4.968927785417205,6.02259856581313,9.819421382354909,0.7442764856557549,True,walking_dual_task,P09,27,0.875
2026-04-01T14:05:15.979407,1497.1172502959012,95732.0,82.0,-5.4006554994492015,5.58134720972231,6.2902955374928196,9.994315106509701,0.1748937241547921,True,walking_dual_task,P09,27,0.875
2026-04-01T14:05:16.009323,1663.959345040985,95732.0,82.0,-5.367709405605761,5.195254611961086,6.190042156760776,9.701525480490535,0.29278962601916625,True,walking_dual_task,P09,27,0.875
2026-04-01T14:05:16.039381,1567.5559246220616,95712.0,83.0,-5.19784618764668,5.082493031608447,6.3737887412354075,9.668222345637318,0.033303134853216676,True,walking_dual_task,P09,27,0.875
2026-04-01T14:05:16.039998,1318.9922965066335,95712.0,81.0,-5.7058366582423785,5.16672382414475,6.8391787133744355,10.296891400757877,0.6286690551205592,True,walking_dual_task,P09,27,0.875
2026-04-01T14:05:16.101594,1592.8664587524654,95684.0,82.0,-5.28238461099874,5.178820720260961,6.396666417242219,9.779627420540875,0.5172639802170025,True,walking_dual_task,P09,27,0.875
2026-04-01T14:05:16.104212,1596.097610724838,95684.0,81.0,-5.286976077425493,4.978753138004898,6.101875422861283,9.48540892785238,0.2942184926884952,True,walking_dual_task,P09,27,0.875
2026-04-01T14:05:16.105193,1622.787777056906,95738.0,82.0,-5.374139682952068,5.136507665924641,6.098774833349371,9.615619730515471,0.13021080266309148,True,walking_dual_task,P09,27,0.875
2026-04-01T14:05:16.221108,1688.4383647876762,95738.0,82.0,-5.899976839316046,5.108929117298502,6.449067100279651,10.124295031949414,0.5086753014339429,True,walking_dual_task,P09,27,0.875
2026-04-01T14:05:16.222656,1555.723159022644,95810.0,82.0,-5.606645743248152,5.273385253133838,6.458358160638857,10.047559835569162,0.07673519638025184,True,walking_dual_task,P09,27,0.875
2026-04-01T14:05:16.223708,1530.3679754766995,95810.0,81.0,-5.875337482822007,5.201095094783054,6.255596549036974,10.035111803380811,0.012448032188350666,True,walking_dual_task,P09,27,0.875
2026-04-01T14:05:16.279343,1576.84994142039,95871.0,81.0,-5.782240822085406,4.8348951230787796,6.714155837606204,10.0940778869307,0.05896608354988864,True,walking_dual_task,P09,27,0.875
2026-04-01T14:05:16.340922,1631.6965858974593,95871.0,82.0,-5.542280774555092,4.705296955354951,7.070421543335072,10.141378428129594,0.0473005411988936,True,walking_dual_task,P09,27,0.875
2026-04-01T14:05:16.341492,1524.8534158647997,95918.0,81.0,-5.451699487772634,4.640376334925316,7.299413957090721,10.22426349189447,0.08288506376487703,True,walking_dual_task,P09,27,0.875
2026-04-01T14:05:16.341915,1516.1754698396057,95918.0,82.0,-5.108905104345296,5.5564952806855,7.078159570852441,10.34774826133375,0.12348476943927977,True,walking_dual_task,P09,27,0.875
2026-04-01T14:05:16.342304,1665.6603246355567,95944.0,81.0,-5.064829497298411,5.486965299802315,7.558917720101664,10.625277555772636,0.2775292944388852,True,walking_dual_task,P09,27,0.875
2026-04-01T14:05:16.343084,1595.1584676815994,95944.0,82.0,-4.919526364785162,5.137774991772485,6.933101902182771,9.933094860412309,0.6921826953603265,True,walking_dual_task,P09,27,0.875
2026-04-01T14:05:16.344462,1536.5211586444777,95990.0,82.0,-4.824069356229306,5.209746495800154,6.735042652674343,9.786414217554622,0.146680642857687,True,walking_dual_task,P09,27,0.875
2026-04-01T14:05:16.344620,1606.8819677943693,95990.0,82.0,-5.4701656714939,5.027739919561884,6.775801112248679,10.055464279937397,0.2690500623827745,True,walking_dual_task,P09,27,0.875
2026-04-01T14:05:16.345366,1521.9998712095612,96040.0,80.0,-5.639886573689513,4.559909420620333,7.107703739959112,10.154828750076195,0.09936447013879857,True,walking_dual_task,P09,27,0.875
2026-04-01T14:05:16.400222,1619.3584581410316,96040.0,80.0,-5.531159911545657,5.390837294238842,6.868274586703443,10.335765694828925,0.18093694475273026,True,walking_dual_task,P09,27,0.875
2026-04-01T14:05:16.401619,1635.5881492127216,95887.0,81.0,-5.504864686866079,4.803972294716033,6.6628634966580425,9.888146186429621,0.4476195083993044,True,walking_dual_task,P09,27,0.875
2026-04-01T14:05:16.402302,1591.5425842612042,95887.0,82.0,-5.69341985454301,4.915164536962264,6.999639994245001,10.274669440646262,0.386523254216641,True,walking_dual_task,P09,27,0.875
2026-04-01T14:05:16.521987,1589.8512386577172,95773.0,81.0,-5.556523037174836,4.893550718804958,6.66813421354949,9.96422605073171,0.31044338991455156,True,walking_dual_task,P09,27,0.875
2026-04-01T14:05:16.522838,1497.7971550580653,95773.0,81.0,-5.489990047243579,4.931698552136287,6.82233822544367,10.050171152290222,0.08594510155851154,True,walking_dual_task,P09,27,0.875
2026-04-01T14:05:16.523399,1447.7833246282228,95810.0,81.0,-5.522354314868943,5.000854139540024,6.710676199704746,10.0268696192376,0.023301533052622503,True,walking_dual_task,P09,27,0.875
2026-04-01T14:05:16.523799,1554.3521934102787,95810.0,83.0,-5.500573091070773,4.8414148723605015,6.663970392566308,9.904751571317965,0.12211804791963488,True,walking_dual_task,P09,27,0.875
2026-04-01T14:05:16.524455,1601.115298055028,95892.0,83.0,-5.434796836913451,4.653753512991198,7.030595925138298,10.031137397163574,0.12638582584560965,True,walking_dual_task,P09,27,0.875
2026-04-01T14:05:16.526329,1453.5477565500144,95892.0,83.0,-5.715141506275261,5.285512433301312,6.917377314814492,10.413913435152184,0.3827760379886094,True,walking_dual_task,P09,27,0.875
2026-04-01T14:05:16.579475,1704.2554267458038,95951.0,80.0,-5.537097523766183,4.84635973467334,7.070842940490008,10.205070874552415,0.20884256059976813,True,walking_dual_task,P09,27,0.875
2026-04-01T14:05:16.579807,1616.0372096220556,95951.0,82.0,-5.526819558124986,5.265170017734073,6.8551606418573,10.259677244893627,0.05460637034121163,True,walking_dual_task,P09,27,0.875
2026-04-01T14:05:16.580756,1493.0809129053948,95992.0,82.0,-6.390176682890578,3.888373593689574,6.842258073072245,10.137568879232491,0.12210836566113592,True,walking_dual_task,P09,27,0.875
2026-04-01T14:05:16.640182,1459.8296178438425,95992.0,83.0,-6.149449714727124,3.872661631531271,6.807592221870979,9.957738285653535,0.1798305935789557,True,walking_dual_task,P09,27,0.875
2026-04-01T14:05:16.640569,1570.1283882337275,96013.0,82.0,-6.010626870878807,4.542291269139515,7.264714677537259,10.465950730853681,0.5082124452001455,True,walking_dual_task,P09,27,0.875
2026-04-01T14:05:16.641014,1584.7192221996547,96013.0,81.0,-6.046317902867306,4.5599760683689565,7.031521175344602,10.334100442997002,0.13185028785667896,True,walking_dual_task,P09,27,0.875
2026-04-01T14:05:16.699542,1593.7633318440332,96013.0,83.0,-6.052138130638397,4.51048608049941,7.180762164922443,10.418071122040194,0.08397067904319222,True,walking_dual_task,P09,27,0.875
2026-04-01T14:05:16.700196,1586.9392173757733,96013.0,81.0,-5.666499166455012,3.819926835208194,7.139870396522303,9.883258729230688,0.5348123928095063,True,walking_dual_task,P09,27,0.875
2026-04-01T14:05:16.700702,1560.04744273178,96031.0,83.0,-4.974681752431396,3.8523900749879747,6.834527675030962,9.289732846998556,0.5935258822321323,True,walking_dual_task,P09,27,0.875
2026-04-01T14:05:16.759748,1628.5210282337732,96031.0,81.0,-5.640775575873482,3.5315406706442998,6.711428866849871,9.451635098784301,0.16190225178574558,True,walking_dual_task,P09,27,0.875
2026-04-01T14:05:16.819701,1518.541474536106,96084.0,81.0,-5.114687775750958,3.2703128025099084,6.545182369181474,8.927171394989598,0.5244637037947033,True,walking_dual_task,P09,27,0.875
2026-04-01T14:05:16.820449,1507.2358654768102,96084.0,81.0,-5.14906222601175,3.704620466609501,6.643223478325722,9.18528566741074,0.2581142724211425,True,walking_dual_task,P09,27,0.875
2026-04-01T14:05:16.821033,1533.870075440384,96134.0,82.0,-5.213963161455631,4.194236441863072,7.028837614810272,9.704719954467535,0.5194342870567947,True,walking_dual_task,P09,27,0.875
2026-04-01T14:05:16.821540,1607.5649833107366,96134.0,80.0,-5.554783833734016,4.18746704838765,6.93829690433026,9.824991992540452,0.1202720380729172,True,walking_dual_task,P09,27,0.875
2026-04-01T14:05:16.821949,1608.1967258507098,96164.0,80.0,-5.840954304148817,5.0263912077966735,7.317570318104874,10.626767670245725,0.8017756777052725,True,walking_dual_task,P09,27,0.875
2026-04-01T14:05:16.880808,1566.5782857951212,96164.0,82.0,-6.44889836997773,4.997057119844295,7.323094219235509,10.962963969159459,0.3361962989137339,True,walking_dual_task,P09,27,0.875
2026-04-01T14:05:16.881379,1560.7708356266855,96203.0,81.0,-6.076482049699886,5.365923055569984,8.093858542035909,11.455448940880059,0.49248497172060013,True,walking_dual_task,P09,27,0.875
2026-04-01T14:05:16.881413,1524.6003841652418,96203.0,81.0,-5.477612023246407,3.9125500788851735,7.9042848510969215,10.38219632853657,1.073252612343488,True,walking_dual_task,P09,27,0.875
2026-04-01T14:05:16.939363,1649.2024334200134,96254.0,82.0,-5.470773652349781,4.007816956582996,7.663489993590492,10.233329858583684,0.14886646995288721,True,walking_dual_task,P09,27,0.875
2026-04-01T14:05:16.939650,1603.6771945458804,96254.0,82.0,-5.617241414805811,2.4677081646336028,6.49637269625941,8.935650111027943,1.2976797475557404,True,walking_dual_task,P09,27,0.875
2026-04-01T14:05:16.939930,1642.1425790549704,96285.0,82.0,-5.818026230179342,2.2368197500737277,6.349490583308007,8.897686355277521,0.03796375575042177,True,walking_dual_task,P09,27,0.875
2026-04-01T14:05:16.999190,1557.0806857584037,96285.0,82.0,-4.871113698952007,2.7875102395037046,6.309381891760929,8.44430351536091,0.4533828399166122,True,walking_dual_task,P09,27,0.875
2026-04-01T14:05:16.999827,1583.6470509696617,96377.0,82.0,-5.065463219031467,2.782884839755894,6.106865498058663,8.40816102760188,0.03614248775902951,True,walking_dual_task,P09,27,0.875
2026-04-01T14:05:17.000311,1757.2816324943337,96377.0,80.0,-3.8138340605791345,4.237944092805485,6.832470992840826,8.898772962796036,0.49061193519415625,True,walking_dual_task,P09,27,0.875
2026-04-01T14:05:17.059525,1372.106166106583,96248.0,83.0,-4.203367372697723,4.304487265796022,6.935530465730682,9.181420953879542,0.2826479910835058,True,walking_dual_task,P09,27,0.875
2026-04-01T14:05:17.060099,1572.7843514221997,96248.0,81.0,-5.02760637686659,4.443471943633568,6.872249622038425,9.604638653389078,0.4232176995095358,True,walking_dual_task,P09,27,0.875
2026-04-01T14:05:17.060560,1567.6516121950092,96073.0,82.0,-4.89692571438301,4.694285261796095,6.898359732028636,9.674893413561504,0.0702547601724266,True,walking_dual_task,P09,27,0.875
2026-04-01T14:05:17.239813,1610.6309913981172,96073.0,82.0,-5.507236734050609,5.142867966757441,6.769624402969022,10.129489716942802,0.4545963033812974,True,walking_dual_task,P09,27,0.875
2026-04-01T14:05:17.240245,1514.5902768668525,96105.0,82.0,-5.226298507070831,4.823314436979767,6.8303579980840565,9.860646460804642,0.26884325613815996,True,walking_dual_task,P09,27,0.875
2026-04-01T14:05:17.240687,1619.4287839951214,96105.0,82.0,-5.053183585337241,5.059886074094319,6.933767375504919,9.960634590604744,0.09998812980010285,True,walking_dual_task,P09,27,0.875
2026-04-01T14:05:17.240962,1504.6919642754392,96202.0,81.0,-5.50328293937455,4.069117114271306,6.090177912073167,9.161555774057728,0.7990788165470164,True,walking_dual_task,P09,27,0.875
2026-04-01T14:05:17.241469,1583.372820375926,96202.0,81.0,-5.681975408338218,4.107647551016042,6.008472830650121,9.233599444473917,0.07204367041618909,True,walking_dual_task,P09,27,0.875
2026-04-01T14:05:17.241841,1622.7291806019625,96289.0,83.0,-6.824157691151137,4.075386049176812,5.363924880950277,9.589034871768881,0.3554354272949638,True,walking_dual_task,P09,27,0.875
2026-04-01T14:05:17.242939,1567.7245966587018,96289.0,82.0,-6.780986667647616,3.7265105717037232,5.37077606375458,9.418805484499266,0.17022938726961456,True,walking_dual_task,P09,27,0.875
2026-04-01T14:05:17.244061,1487.272765887901,96405.0,82.0,-7.378757990998745,4.134833455105177,5.342076223732651,10.004033964924076,0.58522848042481,True,walking_dual_task,P09,27,0.875
2026-04-01T14:05:17.244697,1511.2992249881304,96405.0,82.0,-6.565140163084225,4.993740691918966,5.958007464262167,10.175282030650186,0.1712480657261093,True,walking_dual_task,P09,27,0.875
2026-04-01T14:05:17.299264,1561.8512979918023,96458.0,82.0,-6.442017990542395,4.946555573140953,6.0511268580439825,10.128383093109429,0.04689893754075669,True,walking_dual_task,P09,27,0.875
2026-04-01T14:05:17.299608,1467.7938273781947,96460.0,83.0,-5.9152650063634225,5.748816469055048,6.527739023439481,10.519060207476752,0.3906771143673229,True,walking_dual_task,P09,27,0.875
2026-04-01T14:05:17.359843,1553.353294117883,96460.0,81.0,-5.853192562581621,5.42073361605049,6.3100109354708644,10.17155121486406,0.34750899261269197,True,walking_dual_task,P09,27,0.875
2026-04-01T14:05:17.362200,1464.7683325468288,96460.0,81.0,-5.5926853873270135,5.201947747063964,6.534217752765272,10.0515865337447,0.11996468111935954,True,walking_dual_task,P09,27,0.875
2026-04-01T14:05:17.362689,1569.8211235968831,96498.0,81.0,-5.890452351007927,5.226338208880767,6.721121121674145,10.353043470657127,0.3014569369124267,True,walking_dual_task,P09,27,0.875
2026-04-01T14:05:17.363368,1644.3070128766128,96498.0,80.0,-5.701285118369051,5.08729423102804,6.418851868246822,9.979322316694821,0.37372115396230576,True,walking_dual_task,P09,27,0.875
2026-04-01T14:05:17.420074,1643.2831715321774,96571.0,82.0,-5.666197548780697,5.405464915905996,6.524956399885117,10.193130119806218,0.21380780311139702,True,walking_dual_task,P09,27,0.875
2026-04-01T14:05:17.429562,1503.9917005483985,96571.0,81.0,-5.500170416188233,4.793751580348657,6.62193043226416,9.853014334250899,0.3401157855553194,True,walking_dual_task,P09,27,0.875
2026-04-01T14:05:17.430080,1577.1778595993783,96643.0,82.0,-5.981941150021811,5.197696282574211,6.80467662395832,10.445252056549656,0.5922377222987567,True,walking_dual_task,P09,27,0.875
2026-04-01T14:05:17.479404,1691.4917884548572,96643.0,81.0,-5.868132864482482,5.005933186914675,6.580221227095068,10.138720914621608,0.30653114192804765,True,walking_dual_task,P09,27,0.875
2026-04-01T14:05:17.479793,1611.2051708328681,96685.0,81.0,-5.624119906679781,4.847308826288122,6.5149963541529115,9.877869460402291,0.260851454219317,True,walking_dual_task,P09,27,0.875
2026-04-01T14:05:17.540769,1661.2223187407683,96685.0,81.0,-5.680919660896709,5.148885921637786,6.338283464179832,9.947749077047433,0.0698796166451423,True,walking_dual_task,P09,27,0.875
2026-04-01T14:05:17.541432,1526.23145302665,96740.0,82.0,-5.752589128725399,5.572914338921205,6.63835050509499,10.402757006744805,0.4550079296973717,True,walking_dual_task,P09,27,0.875
2026-04-01T14:05:17.541531,1523.9973415798593,96740.0,82.0,-5.555637712169016,5.128762866995136,6.670376567832641,10.082819173794277,0.3199378329505276,True,walking_dual_task,P09,27,0.875
2026-04-01T14:05:17.542042,1469.6821312258885,96807.0,81.0,-5.464063948042477,5.136736904906972,6.293370596387255,9.790228512246406,0.2925906615478713,True,walking_dual_task,P09,27,0.875
2026-04-01T14:05:17.599408,1645.8299597200244,96807.0,82.0,-5.838035395730019,5.1612557181761725,6.730162608244045,10.296422029210394,0.5061935169639877,True,walking_dual_task,P09,27,0.875
2026-04-01T14:05:17.599454,1511.3480556364102,96856.0,82.0,-6.120989647398768,4.486084168448538,6.029295163254356,9.692464371645112,0.6039576575652816,True,walking_dual_task,P09,27,0.875
2026-04-01T14:05:17.599764,1571.843709847511,96856.0,81.0,-6.284230216721875,5.116189839588915,5.736236913359142,9.92831112615117,0.23584675450605808,True,walking_dual_task,P09,27,0.875
2026-04-01T14:05:17.660924,1583.909550866015,96911.0,81.0,-6.196625707603925,4.703500947343678,5.76623557023236,9.683520226302706,0.24479089984846425,True,walking_dual_task,P09,27,0.875
2026-04-01T14:05:17.661778,1595.7989079309343,96911.0,82.0,-6.611742703195536,4.6616112692264915,6.046167851900346,10.09959934314189,0.4160791168391835,True,walking_dual_task,P09,27,0.875
2026-04-01T14:05:17.662552,1569.890750193084,96834.0,81.0,-6.378525099846833,4.584914778047548,5.907492422356712,9.828809322168013,0.2707900209738767,True,walking_dual_task,P09,27,0.875
2026-04-01T14:05:17.719532,1478.2791737750456,96834.0,82.0,-5.7789067979504205,4.544964608425385,6.261016247365079,9.656748496311085,0.17206082585692783,True,walking_dual_task,P09,27,0.875
2026-04-01T14:05:17.719577,1489.8245277723834,96725.0,83.0,-5.554441098765098,4.556790620103786,6.300988036912357,9.55607696266775,0.10067153364333414,True,walking_dual_task,P09,27,0.875
2026-04-01T14:05:17.719963,1526.389922373301,96725.0,81.0,-5.225312952309227,5.610613486266516,7.160099061614452,10.49046699217811,0.9343900295103591,True,walking_dual_task,P09,27,0.875
2026-04-01T14:05:17.780632,1614.3586820141177,96713.0,82.0,-5.0675810183846135,5.552777344168343,7.343949700647891,10.509391553151282,0.018924560973172078,True,walking_dual_task,P09,27,0.875
2026-04-01T14:05:17.781281,1506.4059802580455,96713.0,83.0,-4.20206355428326,5.791914409659513,6.933249230093901,9.963611570593006,0.5457799825582761,True,walking_dual_task,P09,27,0.875
2026-04-01T14:05:17.781695,1529.3252285934602,96753.0,81.0,-3.9327050214220556,4.780379008971345,6.27553404457851,8.814789832979345,1.1488217376136607,True,walking_dual_task,P09,27,0.875
2026-04-01T14:05:17.843392,1705.8235208288966,96753.0,82.0,-4.185161202003278,4.838315443752802,6.3622720494064655,9.022381961027207,0.2075921280478621,True,walking_dual_task,P09,27,0.875
2026-04-01T14:05:17.844199,1624.271710345205,96854.0,81.0,-4.931613751870202,3.9594810868406416,5.926375210617111,8.667192614203346,0.3551893468238614,True,walking_dual_task,P09,27,0.875
2026-04-01T14:05:17.844649,1556.5102143501397,96854.0,82.0,-4.78055654179365,3.8060519540412976,6.08420679041736,8.623069325635065,0.04412328856828118,True,walking_dual_task,P09,27,0.875
2026-04-01T14:05:17.959923,1607.4172995985487,96946.0,80.0,-5.704785800585632,4.44137957019764,5.948864302815996,9.362660947105308,0.7395916214702432,True,walking_dual_task,P09,27,0.875
2026-04-01T14:05:18.021031,1537.9576684750798,96946.0,82.0,-6.5960418242607854,4.5017507471697495,6.4379053109430435,10.257687474753244,0.8950265276479357,True,walking_dual_task,P09,27,0.875
2026-04-01T14:05:18.021570,1663.3601857773747,96967.0,81.0,-6.683958894035356,4.2861284465971465,6.470949101149738,10.243016441827779,0.0146710329254649,True,walking_dual_task,P09,27,0.875
2026-04-01T14:05:18.022014,1674.0802898651057,96967.0,81.0,-6.5208007673492,4.455538750018109,6.2995264832609035,10.10231172126857,0.14070472055920824,True,walking_dual_task,P09,27,0.875
2026-04-01T14:05:18.022372,1652.9711070354977,96972.0,81.0,-5.867320856535939,4.110129196689406,7.5200445091979935,10.386033192096933,0.28372147082836285,True,walking_dual_task,P09,27,0.875
2026-04-01T14:05:18.022764,1551.9826468769952,96972.0,82.0,-6.590084262592047,4.004265945651365,7.4771956981073355,10.7411271223909,0.3550939302939664,True,walking_dual_task,P09,27,0.875
2026-04-01T14:05:18.022794,1696.2257041987195,96990.0,82.0,-5.499398908059194,3.8321362482809365,7.609295814877165,10.14051474894931,0.6006123734415905,True,walking_dual_task,P09,27,0.875
2026-04-01T14:05:18.080829,1638.5589388281312,96990.0,81.0,-5.71429919847589,3.7279739499596536,7.688381710910854,10.279212928719227,0.13869817976991783,True,walking_dual_task,P09,27,0.875
2026-04-01T14:05:18.081228,1596.8565950752486,97024.0,81.0,-5.512776047038497,3.6376612597565807,7.422660659019252,9.935752132802396,0.34346079591683143,True,walking_dual_task,P09,27,0.875
2026-04-01T14:05:18.081797,1615.6211673199537,97024.0,82.0,-5.461614371097346,3.6590048675807774,7.134607801682817,9.7015553723818,0.23419676042059479,True,walking_dual_task,P09,27,0.875
2026-04-01T14:05:18.081828,1416.25247387091,97067.0,82.0,-5.668133041425404,3.959542362579469,6.958686293574445,9.809639281275365,0.10808390889356367,True,walking_dual_task,P09,27,0.875
2026-04-01T14:05:18.139696,1588.7611295254865,97067.0,82.0,-5.377028989770802,4.817605770643775,6.734702613138327,9.873094013812896,0.0634547325375312,True,walking_dual_task,P09,27,0.875
2026-04-01T14:05:18.259688,1644.344234900559,97099.0,81.0,-5.45171781773109,4.677231244499013,6.897987419796358,9.958913079365301,0.08581906555240515,True,walking_dual_task,P09,27,0.875
2026-04-01T14:05:18.260382,1562.4218292962078,97099.0,82.0,-5.356834378637341,4.846881042333453,6.6053918260127515,9.788724716419315,0.17018836294598572,True,walking_dual_task,P09,27,0.875
2026-04-01T14:05:18.260871,1506.4227197807052,97121.0,81.0,-5.421476631434696,5.095309658907259,7.297687099870037,10.421651807317094,0.6329270908977787,True,walking_dual_task,P09,27,0.875
2026-04-01T14:05:18.261366,1441.1697793007509,97121.0,82.0,-5.515288145327533,4.951738497308103,6.883512917120978,10.115377776034114,0.3062740312829799,True,walking_dual_task,P09,27,0.875
2026-04-01T14:05:18.261782,1652.0200614751868,97143.0,81.0,-5.637175816819365,4.517199120721175,7.060810587584589,10.101380363085228,0.013997412948885568,True,walking_dual_task,P09,27,0.875
2026-04-01T14:05:18.262221,1601.7237323980132,97143.0,81.0,-5.762940383368762,4.391937070588644,7.3124305983627895,10.29428163351604,0.19290127043081107,True,walking_dual_task,P09,27,0.875
2026-04-01T14:05:18.319226,1590.83395065208,97167.0,81.0,-5.785706479592356,4.008594349371027,6.95483276884551,9.895096107083225,0.3991855264328148,True,walking_dual_task,P09,27,0.875
2026-04-01T14:05:18.320868,1501.924196472208,97167.0,83.0,-5.826342714233395,3.3787696137819396,6.942918226003408,9.672976120082538,0.2221199870006867,True,walking_dual_task,P09,27,0.875
2026-04-01T14:05:18.321265,1619.531837625801,97214.0,80.0,-5.446067650537733,3.9624330122442286,6.949314514850727,9.677473867547846,0.004497747465308066,True,walking_dual_task,P09,27,0.875
2026-04-01T14:05:18.321918,1573.4006132433876,97215.0,82.0,-4.97828805948907,4.3793878288709145,7.127070501700599,9.734347625553804,0.05687375800595795,True,walking_dual_task,P09,27,0.875
2026-04-01T14:05:18.322291,1594.2664550312309,97215.0,83.0,-5.08310673815822,4.078508273580513,6.828103871828058,9.439025708919724,0.29532191663408014,True,walking_dual_task,P09,27,0.875
2026-04-01T14:05:18.323446,1541.3253439992843,97215.0,82.0,-5.1004827103816535,4.496937814992581,6.996416335386409,9.75639355135258,0.31736784243285676,True,walking_dual_task,P09,27,0.875
2026-04-01T14:05:18.379393,1622.0014612268265,97068.0,82.0,-5.221037582646098,4.754179551995507,7.208952326332362,10.091107486066532,0.3347139347139514,True,walking_dual_task,P09,27,0.875
2026-04-01T14:05:18.442385,1450.091542895982,97068.0,82.0,-5.305708910950553,4.27038614714794,7.201146454194603,9.911773562196256,0.17933392387027602,True,walking_dual_task,P09,27,0.875
2026-04-01T14:05:18.442976,1537.3657202476534,96993.0,82.0,-5.076607018183991,4.527815513202183,7.064034177956578,9.80681553849199,0.1049580237042651,True,walking_dual_task,P09,27,0.875
2026-04-01T14:05:18.444140,1601.668528623954,96993.0,80.0,-4.981690886200806,4.189938461141904,6.786039714195782,9.403359154921965,0.4034563835700258,True,walking_dual_task,P09,27,0.875
2026-04-01T14:05:18.444735,1559.0748788039828,97018.0,82.0,-5.1627937983615135,4.240782948794409,7.028837392974391,9.697589129266126,0.29422997434416054,True,walking_dual_task,P09,27,0.875
2026-04-01T14:05:18.445276,1564.153977524804,97018.0,80.0,-4.909535482360451,4.3875746923186325,7.170381005207547,9.734922397896781,0.03733326863065578,True,walking_dual_task,P09,27,0.875
2026-04-01T14:05:18.499664,1537.6114436307985,97086.0,81.0,-4.939959781225125,4.376051752566237,7.240381691626524,9.796742245343623,0.061819847446841436,True,walking_dual_task,P09,27,0.875
2026-04-01T14:05:18.500264,1576.7511609429785,97086.0,81.0,-5.075262720919896,4.491106791352173,7.123868657980837,9.832488828056228,0.03574658271260489,True,walking_dual_task,P09,27,0.875
2026-04-01T14:05:18.501293,1614.1971274547175,97116.0,82.0,-5.041501253135776,3.913780535794385,6.807059717160734,9.331156142768426,0.5013326852878013,True,walking_dual_task,P09,27,0.875
2026-04-01T14:05:18.559550,1561.0961676956053,97116.0,82.0,-5.344127607288708,4.422303898605546,7.088661217224469,9.91794280620681,0.5867866634383834,True,walking_dual_task,P09,27,0.875
2026-04-01T14:05:18.560071,1537.2042473882138,97156.0,81.0,-5.095949006398706,4.581652496240523,6.997629284950952,9.794235625189245,0.12370718101756495,True,walking_dual_task,P09,27,0.875
2026-04-01T14:05:18.560348,1514.0633215665364,97156.0,81.0,-4.944663563796297,4.341939913014107,6.978247609776774,9.591562942019142,0.20267268317010334,True,walking_dual_task,P09,27,0.875
2026-04-01T14:05:18.619198,1621.1609217820662,97200.0,83.0,-5.180043532023755,6.161245825085832,5.988397540210187,10.032681905173419,0.44111896315427757,True,walking_dual_task,P09,27,0.875
2026-04-01T14:05:18.619665,1653.9429952072912,97200.0,81.0,-5.052279513197636,6.5066684897414495,5.601845866943239,9.962075096678396,0.07060680849502354,True,walking_dual_task,P09,27,0.875
2026-04-01T14:05:18.620231,1536.0290084627948,97177.0,82.0,-5.56676108488373,5.604585193162299,6.098965985419906,9.97985923021457,0.017784133536174807,True,walking_dual_task,P09,27,0.875
2026-04-01T14:05:18.680234,1600.9448340348854,97177.0,82.0,-5.606680136389083,5.692802808627409,6.033868827050776,10.012514119428303,0.03265488921373283,True,walking_dual_task,P09,27,0.875
2026-04-01T14:05:18.680867,1470.160552004655,97154.0,82.0,-6.455727356705069,5.1346733400943885,5.407643468654472,9.863259800779236,0.14925431864906713,True,walking_dual_task,P09,27,0.875
2026-04-01T14:05:18.681379,1728.0293922812748,97154.0,81.0,-6.724817617891151,4.7861874750593145,5.799895831602162,10.088089719949462,0.22482991917022588,True,walking_dual_task,P09,27,0.875
2026-04-01T14:05:18.739422,1487.9974969483044,97193.0,81.0,-6.896075504926853,4.929857435259591,5.682473598646343,10.205383770390467,0.11729405044100538,True,walking_dual_task,P09,27,0.875
2026-04-01T14:05:18.739927,1639.6332060185182,97193.0,81.0,-6.489042977830873,4.980013141298371,5.421005290711637,9.813027464425247,0.39235630596522064,True,walking_dual_task,P09,27,0.875
2026-04-01T14:05:18.740294,1428.2540236608068,97240.0,82.0,-6.565049725153271,5.001334989611678,5.666619521092497,10.011184064279092,0.1981565998538457,True,walking_dual_task,P09,27,0.875
2026-04-01T14:05:18.799643,1661.8811875382696,97240.0,82.0,-5.696137647153894,6.381888895657404,5.7679516817888485,10.3171583575755,0.30597429329640846,True,walking_dual_task,P09,27,0.875
2026-04-01T14:05:18.800403,1625.3628446591285,97265.0,83.0,-5.458263694913095,5.868487699991684,6.2401704911426785,10.157338145729318,0.1598202118461831,True,walking_dual_task,P09,27,0.875
2026-04-01T14:05:18.800443,1527.8017721508488,97265.0,81.0,-5.564329158012343,5.775672230851009,6.097371293633737,10.074625818826155,0.0827123269031631,True,walking_dual_task,P09,27,0.875
2026-04-01T14:05:18.859539,1600.2799109721527,97291.0,83.0,-6.016827220126363,4.904437386548371,5.8028093665653095,9.691662005049754,0.3829638137764011,True,walking_dual_task,P09,27,0.875
2026-04-01T14:05:18.860363,1655.5340447193373,97291.0,82.0,-5.810446070972697,4.644693097618036,5.572588939556075,9.294525539477815,0.39713646557193805,True,walking_dual_task,P09,27,0.875
2026-04-01T14:05:18.860879,1610.3304743457602,97324.0,81.0,-6.184894679430416,4.341385155551288,5.346782074234163,9.256815100985843,0.0377104384919722,True,walking_dual_task,P09,27,0.875
2026-04-01T14:05:18.979318,1633.7534404476783,97324.0,82.0,-5.97760975873032,4.384794543940982,5.475008728315385,9.215962358613028,0.04085274237281489,True,walking_dual_task,P09,27,0.875
2026-04-01T14:05:18.979953,1508.6097803335783,97375.0,81.0,-5.908369195405845,4.206051410083793,5.26574663840766,8.962576787586823,0.2533855710262056,True,walking_dual_task,P09,27,0.875
2026-04-01T14:05:18.980534,1529.293666888209,97375.0,81.0,-5.813597876342877,4.259552198002385,5.633344636469113,9.14747380365534,0.1848970160685166,True,walking_dual_task,P09,27,0.875
2026-04-01T14:05:18.981702,1584.9921888326846,97371.0,83.0,-6.2940495584972105,4.600940739604635,5.157183933389219,9.34774099218525,0.2002671885299101,True,walking_dual_task,P09,27,0.875
2026-04-01T14:05:18.982131,1569.2461993709726,97371.0,81.0,-5.923651647182997,4.914143676756578,5.02452891480854,9.191536744675918,0.15620424750933104,True,walking_dual_task,P09,27,0.875
2026-04-01T14:05:18.982567,1448.8002794987513,97231.0,82.0,-6.037103816930461,4.909697320444754,5.268001296021859,9.396998878879721,0.20546213420380255,True,walking_dual_task,P09,27,0.875
2026-04-01T14:05:19.040096,1495.366743186499,97231.0,82.0,-6.306402549419826,5.574403668013745,5.223752762410931,9.906173948204717,0.5091750693249963,True,walking_dual_task,P09,27,0.875
2026-04-01T14:05:19.040148,1539.7433331361688,97164.0,81.0,-6.040223431684402,5.457669100896188,5.530042942505379,9.841332535053363,0.06484141315135439,True,walking_dual_task,P09,27,0.875
2026-04-01T14:05:19.040691,1511.3879742883728,97164.0,82.0,-5.677020078879939,5.779105541084576,5.902154523316991,10.02307566808271,0.18174313302934664,True,walking_dual_task,P09,27,0.875
2026-04-01T14:05:19.100740,1579.4244109763936,97177.0,82.0,-5.5803383426839455,5.919277502452244,6.199710548028601,10.228119722080054,0.20504405399734438,True,walking_dual_task,P09,27,0.875
2026-04-01T14:05:19.101404,1524.177484887947,97177.0,83.0,-5.15487972181493,5.567293815913687,6.37202454628998,9.908089735040331,0.32002998703972274,True,walking_dual_task,P09,27,0.875
2026-04-01T14:05:19.102126,1583.786446146768,97223.0,83.0,-4.917537556591249,5.791222216526634,6.170942250292842,9.787796413806653,0.12029332123367809,True,walking_dual_task,P09,27,0.875
2026-04-01T14:05:19.159260,1581.2006189396868,97223.0,81.0,-4.8187333783977255,5.79579588629048,6.284766591101827,9.813752209642125,0.025955795835471918,True,walking_dual_task,P09,27,0.875
2026-04-01T14:05:19.160015,1588.6313527860286,97245.0,81.0,-5.058410382974172,5.402663427942368,5.9174389714566376,9.475883689615479,0.337868520026646,True,walking_dual_task,P09,27,0.875
2026-04-01T14:05:19.160663,1590.1338171648356,97245.0,83.0,-5.116572301819521,5.892735173677578,6.25215513568154,9.999654183394178,0.5237704937786987,True,walking_dual_task,P09,27,0.875
2026-04-01T14:05:19.219868,1687.9494098091595,97273.0,82.0,-5.534523026026421,4.962470718024911,6.030462504442397,9.572018531655536,0.42763565173864215,True,walking_dual_task,P09,27,0.875
2026-04-01T14:05:19.220210,1531.981759419099,97273.0,82.0,-5.488573626233008,5.225785820296906,6.077919822236093,9.714648076782153,0.14262954512661707,True,walking_dual_task,P09,27,0.875
2026-04-01T14:05:19.220512,1601.0813970309134,97284.0,81.0,-5.648242885741727,4.465170579776322,6.853574230520945,9.940416275795133,0.22576819901298073,True,walking_dual_task,P09,27,0.875
2026-04-01T14:05:19.279527,1564.2551794121007,97284.0,82.0,-5.054091398367367,5.359482145408771,6.437225235882245,9.782931946379145,0.157484329415988,True,walking_dual_task,P09,27,0.875
2026-04-01T14:05:19.339603,1498.8924907511357,97255.0,82.0,-4.746757508736589,5.74775717260136,6.515241552327893,9.90034301663925,0.11741107026010411,True,walking_dual_task,P09,27,0.875
2026-04-01T14:05:19.340095,1584.8060164727935,97255.0,83.0,-5.274942878434556,5.967323013897425,5.939528000041343,9.935389231741874,0.035046215102624956,True,walking_dual_task,P09,27,0.875
2026-04-01T14:05:19.340476,1347.34531680729,97250.0,83.0,-5.281187425943459,5.50386700708901,5.749653799267356,9.552068439405978,0.3833207923358959,True,walking_dual_task,P09,27,0.875
2026-04-01T14:05:19.341052,1386.1119751635542,97250.0,80.0,-4.58369096330505,5.096353145849558,6.326808073573945,9.32799756829597,0.22407087111000834,True,walking_dual_task,P09,27,0.875
2026-04-01T14:05:19.341513,1482.5268765089918,97344.0,81.0,-4.576859651617262,4.9800765770887825,6.165599218870539,9.152235831315068,0.17576173698090258,True,walking_dual_task,P09,27,0.875
2026-04-01T14:05:19.399669,1511.694311305016,97344.0,81.0,-4.327235035921803,5.190472720396415,5.928057486797657,8.989317865336963,0.16291796597810482,True,walking_dual_task,P09,27,0.875
2026-04-01T14:05:19.400236,1556.3079707556499,97373.0,82.0,-4.505240467778909,4.711921049220267,6.135833020097906,8.952532518629662,0.03678534670730116,True,walking_dual_task,P09,27,0.875
2026-04-01T14:05:19.400684,1603.742475924035,97373.0,80.0,-4.624989641048783,5.043294463336074,6.32327629098144,9.317143944139366,0.36461142550970393,True,walking_dual_task,P09,27,0.875
2026-04-01T14:05:19.461379,1493.8827778700143,97368.0,83.0,-4.60259218301306,5.159536822122465,6.242041452642202,9.314921176181477,0.0022227679578890047,True,walking_dual_task,P09,27,0.875
2026-04-01T14:05:19.461907,1489.0994721000977,97368.0,82.0,-5.114723550077218,4.9108532590172995,6.547702060176273,9.651387412913852,0.33646623673237563,True,walking_dual_task,P09,27,0.875
2026-04-01T14:05:19.462371,1648.220198268213,97366.0,81.0,-4.465580024302307,5.165990600416103,6.646844849924768,9.52939716330507,0.12199024960878191,True,walking_dual_task,P09,27,0.875
2026-04-01T14:05:19.519686,1632.8097966089908,97366.0,82.0,-4.824506821941838,5.2893226356680625,6.272319652681475,9.518129745100564,0.01126741820450583,True,walking_dual_task,P09,27,0.875
2026-04-01T14:05:19.521120,1517.3126295529469,97431.0,82.0,-5.003178521324236,5.461643937736894,6.298171375404769,9.722567176051104,0.20443743095053968,True,walking_dual_task,P09,27,0.875
2026-04-01T14:05:19.521158,1689.8575036420027,97431.0,81.0,-4.771036084038634,5.006164592452041,6.574129397322485,9.541679442040532,0.18088773401057168,True,walking_dual_task,P09,27,0.875
2026-04-01T14:05:19.579503,1551.312733834475,97462.0,82.0,-4.90857491435549,5.329688323693979,6.320932823139473,9.615293915019025,0.07361447297849288,True,walking_dual_task,P09,27,0.875
2026-04-01T14:05:19.580116,1571.3332990102592,97462.0,82.0,-4.440743733824508,4.870272738864196,6.040978315797128,8.940535804545302,0.6747581104737232,True,walking_dual_task,P09,27,0.875
2026-04-01T14:05:19.580612,1541.5390227038527,97443.0,80.0,-4.501700381567225,6.348278587763677,7.359168222132333,10.710896520595448,1.7703607160501456,True,walking_dual_task,P09,27,0.875
2026-04-01T14:05:19.699690,1561.3280919269473,97443.0,80.0,-4.569928781590269,5.730261891169777,7.297831199797487,10.343040685936481,0.36785583465896643,True,walking_dual_task,P09,27,0.875
2026-04-01T14:05:19.759843,1558.6787682572754,97301.0,83.0,-4.54909291576723,6.433181382046666,7.510928588243439,10.885500324205958,0.5424596382694773,True,walking_dual_task,P09,27,0.875
2026-04-01T14:05:19.760502,1554.8257918954441,97301.0,82.0,-4.634608853792411,5.95127359427288,7.422304785212496,10.58243190132254,0.3030684228834186,True,walking_dual_task,P09,27,0.875
2026-04-01T14:05:19.760945,1569.1884117813659,97181.0,82.0,-4.34415905326611,5.327971460991821,7.726033532458213,10.341691927043948,0.24073997427859162,True,walking_dual_task,P09,27,0.875
2026-04-01T14:05:19.761368,1618.0983484029084,97181.0,82.0,-4.7319917336998385,4.835083085018772,7.6735744891428705,10.230030285745126,0.11166164129882183,True,walking_dual_task,P09,27,0.875
2026-04-01T14:05:19.761977,1622.4514943743436,97171.0,82.0,-4.9847724983480175,4.950870232297169,7.531703588792884,10.299787952514778,0.069757666769652,True,walking_dual_task,P09,27,0.875
2026-04-01T14:05:19.762370,1622.0024590380071,97171.0,82.0,-5.0476547142013874,4.146509818106941,7.835754026755226,10.201539244313453,0.09824870820132503,True,walking_dual_task,P09,27,0.875
2026-04-01T14:05:19.819601,1583.9325428277357,97199.0,83.0,-5.157327523109563,3.870657435950839,7.505389859073201,9.894993335206639,0.30654590910681456,True,walking_dual_task,P09,27,0.875
2026-04-01T14:05:19.820183,1498.530938098462,97199.0,80.0,-5.139995547779587,4.25713812930355,7.194283420308194,9.81328147027718,0.08171186492945814,True,walking_dual_task,P09,27,0.875
2026-04-01T14:05:19.820683,1525.211488679209,97226.0,82.0,-4.555045505099933,4.164985065621456,7.458958755268871,9.68150844978111,0.13177302049607142,True,walking_dual_task,P09,27,0.875
2026-04-01T14:05:19.820959,1494.5730055072402,97226.0,80.0,-4.544891364312527,4.349813621835014,7.300930128453253,9.637452816935626,0.04405563284548286,True,walking_dual_task,P09,27,0.875
2026-04-01T14:05:19.821425,1617.8230517006625,97254.0,81.0,-5.010230157560711,4.337772711377854,7.085126318285742,9.701427383296258,0.06397456636063126,True,walking_dual_task,P09,27,0.875
2026-04-01T14:05:19.879752,1504.0429976651465,97254.0,81.0,-5.059256617721471,4.269373570796569,6.695492315596181,9.415585247831505,0.2858421354647529,True,walking_dual_task,P09,27,0.875
2026-04-01T14:05:19.881026,1578.2575401325316,97297.0,81.0,-4.977731381687581,3.9364483209251104,6.944598268344616,9.407490643112355,0.008094604719149245,True,walking_dual_task,P09,27,0.875
2026-04-01T14:05:19.881501,1566.4450506475478,97297.0,83.0,-5.530267794188535,4.2391012747276315,6.4878242250267535,9.520803782647784,0.11331313953542832,True,walking_dual_task,P09,27,0.875
2026-04-01T14:05:19.939319,1616.7792658380426,97329.0,82.0,-4.776651439076025,4.529163697850566,6.53766918652916,9.27743720888734,0.24336657376044357,True,walking_dual_task,P09,27,0.875
2026-04-01T14:05:19.939750,1539.3007628596042,97329.0,82.0,-4.938801568877971,4.623965082951305,6.6479988805018335,9.485183347740728,0.20774613885338766,True,walking_dual_task,P09,27,0.875
2026-04-01T14:05:19.999679,1445.3651554383293,97330.0,82.0,-4.713739830712279,4.261718317423536,5.986674265164666,8.730512869579405,0.7546704781613229,True,walking_dual_task,P09,27,0.875
2026-04-01T14:05:20.000387,1492.5279434005424,97330.0,81.0,-4.906918417577556,4.1928389940972535,6.253791781496007,8.987082887872532,0.256570018293127,True,walking_dual_task,P09,27,0.875
2026-04-01T14:05:20.008909,1544.5019027482983,97318.0,80.0,-5.413996132212164,4.3303336209020316,5.52097094940729,8.862520161450805,0.12456272642172728,True,walking_dual_task,P09,27,0.875
2026-04-01T14:05:20.009005,1581.264721473775,97318.0,82.0,-5.639936969962212,4.563265708827928,5.553491863355106,9.136386311384975,0.2738661499341699,True,walking_dual_task,P09,27,0.875
2026-04-01T14:05:20.059605,1585.5794367737644,97362.0,81.0,-5.382511477809841,5.843733476649314,5.157761992373849,9.472230968723409,0.33584465733843416,True,walking_dual_task,P09,27,0.875
2026-04-01T14:05:20.059963,1624.5828326507797,97362.0,82.0,-4.839403168465185,6.88675351065679,5.908363920943265,10.283771738316569,0.8115407695931598,True,walking_dual_task,P09,27,0.875
2026-04-01T14:05:20.119889,1482.8862543463756,97387.0,81.0,-4.648315210645757,7.329562319346293,5.9551875481717005,10.525852783722609,0.24208104540604047,True,walking_dual_task,P09,27,0.875
2026-04-01T14:05:20.120007,1494.5592120453623,97387.0,81.0,-4.442663041767547,6.236665977743638,6.347343456682472,9.945955277283428,0.5798975064391811,True,walking_dual_task,P09,27,0.875
2026-04-01T14:05:20.120871,1609.1981574332976,97343.0,82.0,-5.069450963087132,6.195874080234967,6.230267249704635,10.144181518881387,0.19822624159795943,True,walking_dual_task,P09,27,0.875
2026-04-01T14:05:20.121227,1525.6913374812948,97343.0,82.0,-5.176545155408108,5.593944251747003,6.281349728520055,9.876446043471885,0.26773547540950204,True,walking_dual_task,P09,27,0.875
2026-04-01T14:05:20.179862,1580.8151666175104,97339.0,83.0,-5.735385723558772,5.64289440652507,5.9227314311094235,9.990778462474543,0.11433241900265756,True,walking_dual_task,P09,27,0.875
2026-04-01T14:05:20.181416,1548.6673119130558,97339.0,81.0,-6.182458745381107,5.5233922114692655,5.875548734682533,10.16133507929387,0.17055661681932754,True,walking_dual_task,P09,27,0.875
2026-04-01T14:05:20.181801,1500.0360162917168,97393.0,83.0,-6.107390306799839,5.479837648061557,5.690042652193528,9.98526025662261,0.17607482267126073,True,walking_dual_task,P09,27,0.875
2026-04-01T14:05:20.240030,1642.2417994507614,97393.0,82.0,-5.925499843862083,5.531989675494154,5.767235900329628,9.948641520299864,0.036618736322745704,True,walking_dual_task,P09,27,0.875
2026-04-01T14:05:20.240583,1572.9097697357672,97431.0,82.0,-5.106010275729855,5.823574620508129,5.8206760430033055,9.688427730755796,0.2602137895440677,True,walking_dual_task,P09,27,0.875
2026-04-01T14:05:20.240838,1583.143386489082,97431.0,82.0,-5.199448602790185,5.614536408894331,5.694710178658609,9.53871107009615,0.14971666065964584,True,walking_dual_task,P09,27,0.875
2026-04-01T14:05:20.299480,1466.0440587426135,97337.0,81.0,-4.5817771948228865,6.071819654212357,5.824040178583308,9.580141970661565,0.04143090056541432,True,walking_dual_task,P09,27,0.875
2026-04-01T14:05:20.299668,1500.9825681666207,97337.0,81.0,-4.899535485340425,5.868266370081268,5.697234970746222,9.53417455652195,0.04596741413961425,True,walking_dual_task,P09,27,0.875
2026-04-01T14:05:20.419481,1507.565176040033,97187.0,82.0,-5.153941728225126,5.354827443960516,5.871942595110683,9.471905939820564,0.06226861670138639,True,walking_dual_task,P09,27,0.875
2026-04-01T14:05:20.420399,1506.918491332951,97187.0,81.0,-5.168596914688714,5.626949548871941,5.463274426810988,9.392780352735114,0.07912558708544992,True,walking_dual_task,P09,27,0.875
2026-04-01T14:05:20.420929,1557.597338338914,97142.0,81.0,-5.165644663331485,5.836780733904435,5.396788535859005,9.480359730741352,0.08757937800623772,True,walking_dual_task,P09,27,0.875
2026-04-01T14:05:20.421590,1591.3458315891194,97142.0,82.0,-5.247928891038395,5.668203630329613,5.573504673338371,9.525399959266904,0.04504022852555245,True,walking_dual_task,P09,27,0.875
2026-04-01T14:05:20.421999,1600.294300094583,97167.0,81.0,-5.05732826464343,5.4517453777579,5.251618281973374,9.103713056760023,0.421686902506881,True,walking_dual_task,P09,27,0.875
2026-04-01T14:05:20.422557,1498.7245580732392,97167.0,81.0,-5.040789407150678,5.500308193219357,5.276373105754709,9.138000942151958,0.034287885391934836,True,walking_dual_task,P09,27,0.875
2026-04-01T14:05:20.423176,1467.6583073984334,97187.0,82.0,-5.019945752285101,5.768762853888479,5.593227297485488,9.474316430309132,0.33631548815717416,True,walking_dual_task,P09,27,0.875
2026-04-01T14:05:20.479613,1495.9259459293692,97187.0,80.0,-4.800535083505723,5.6870223062515555,5.199141612331939,9.078459853127821,0.39585657718131095,True,walking_dual_task,P09,27,0.875
2026-04-01T14:05:20.480104,1553.316911057523,97204.0,83.0,-5.252937693011732,5.6147735687648,5.4355735273064,9.4161826769619,0.3377228238340795,True,walking_dual_task,P09,27,0.875
2026-04-01T14:05:20.480646,1603.8196765681835,97204.0,81.0,-4.998545932374353,5.631001718028707,5.5472045115510635,9.3522788495356,0.06390382742630152,True,walking_dual_task,P09,27,0.875
2026-04-01T14:05:20.539965,1576.5856004976129,97220.0,81.0,-5.3317997324337085,5.693812491315038,5.610209752695904,9.608436009168171,0.256157159632572,True,walking_dual_task,P09,27,0.875
2026-04-01T14:05:20.540558,1541.9326478597166,97220.0,82.0,-5.097627400288287,5.82646762648919,5.456824466235077,9.471560767370827,0.13687524179734467,True,walking_dual_task,P09,27,0.875
2026-04-01T14:05:20.540833,1560.3214547470154,97209.0,81.0,-5.123182369482162,5.772978817356914,5.62180264671354,9.548766779810881,0.07720601244005465,True,walking_dual_task,P09,27,0.875
2026-04-01T14:05:20.599307,1665.852647342984,97209.0,80.0,-4.758261485210953,6.207535658996249,5.281145999283146,9.437428377746572,0.1113384020643089,True,walking_dual_task,P09,27,0.875
2026-04-01T14:05:20.599841,1577.411120170984,97182.0,82.0,-4.40955370744079,6.26275767253273,6.590117913272834,10.104254137466647,0.6668257597200746,True,walking_dual_task,P09,27,0.875
2026-04-01T14:05:20.600103,1542.7221556228292,97182.0,83.0,-4.116091546699935,5.9722719398219954,6.775536525119587,9.92563030478314,0.1786238326835079,True,walking_dual_task,P09,27,0.875
2026-04-01T14:05:20.720356,1520.857936545796,97170.0,82.0,-5.049769486075691,4.77399616858957,6.919780661579402,9.806863702763351,0.11876660201978773,True,walking_dual_task,P09,27,0.875
2026-04-01T14:05:20.722305,1548.2515414153818,97170.0,80.0,-4.705694594553477,5.079626321649895,7.16128998404389,9.961437618154099,0.15457391539074727,True,walking_dual_task,P09,27,0.875
2026-04-01T14:05:20.722399,1536.5418822716908,97196.0,83.0,-5.79496259884382,4.554818647429039,6.982722575719013,10.15314626125429,0.19170864310019198,True,walking_dual_task,P09,27,0.875
2026-04-01T14:05:20.722430,1655.7703495495136,97196.0,81.0,-4.938248919028574,5.002123382199336,7.247490868497701,10.096220312869058,0.05692594838523313,True,walking_dual_task,P09,27,0.875
2026-04-01T14:05:20.722919,1627.839514242282,97223.0,82.0,-5.472276954254851,5.045991800457394,7.141826882726111,10.3156938466194,0.2194735337503424,True,walking_dual_task,P09,27,0.875
2026-04-01T14:05:20.723427,1558.7148172421676,97223.0,82.0,-4.903951598540366,5.782658140383808,6.900487701805818,10.252053792882043,0.06364005373735715,True,walking_dual_task,P09,27,0.875
2026-04-01T14:05:20.780083,1563.6909689974595,97225.0,81.0,-4.605673642931202,5.51698744401003,6.523220023085219,9.705760126447357,0.5462936664346856,True,walking_dual_task,P09,27,0.875
2026-04-01T14:05:20.780827,1580.4292824219535,97225.0,82.0,-3.9732328709929803,5.1839802896624025,7.694967372821444,10.093203354710235,0.38744322826287814,True,walking_dual_task,P09,27,0.875
2026-04-01T14:05:20.781211,1622.6103887177114,97284.0,81.0,-4.5332470162869125,4.219806850447618,7.6891046743082505,9.873167123989537,0.220036230720698,True,walking_dual_task,P09,27,0.875
2026-04-01T14:05:20.839538,1504.470244492447,97284.0,82.0,-4.542087222584205,4.0940615461266585,7.8418124290422195,9.944139905156037,0.07097278116649974,True,walking_dual_task,P09,27,0.875
2026-04-01T14:05:20.899606,1504.9497033832884,97338.0,82.0,-4.819646656526304,4.236092810556768,7.9387018434251715,10.20766688093896,0.2635269757829235,True,walking_dual_task,P09,27,0.875
2026-04-01T14:05:20.900239,1514.1398121877196,97338.0,83.0,-5.2553464226169995,4.2642679515974375,7.521043943665373,10.11774427366495,0.08992260727401025,True,walking_dual_task,P09,27,0.875
2026-04-01T14:05:20.901106,1587.7550918728366,97375.0,82.0,-5.09257746177285,4.152951100559101,7.3547887507151275,9.86277170046218,0.254972573202771,True,walking_dual_task,P09,27,0.875
2026-04-01T14:05:20.901631,1587.7826333816347,97375.0,82.0,-5.004924102300184,4.435532190979171,7.266959372434666,9.875824502673883,0.013052802211703352,True,walking_dual_task,P09,27,0.875
2026-04-01T14:05:20.902293,1541.988754168473,97393.0,81.0,-5.142610846263766,4.697588275552444,7.260870655470092,10.061512043335444,0.18568754066156146,True,walking_dual_task,P09,27,0.875
2026-04-01T14:05:20.959167,1662.8951328133824,97393.0,81.0,-5.087279936359478,4.45854770889055,7.703295592757902,10.251820707208168,0.19030866387272383,True,walking_dual_task,P09,27,0.875
2026-04-01T14:05:20.960532,1548.9778410287877,97265.0,82.0,-4.541217397998747,3.792639585346409,7.25947860177408,9.365190870977422,0.8866298362307461,True,walking_dual_task,P09,27,0.875
2026-04-01T14:05:20.960603,1571.6908437020054,97265.0,81.0,-4.745495679940175,4.187129100920025,7.160037144710721,9.556040564467036,0.19084969348961422,True,walking_dual_task,P09,27,0.875
2026-04-01T14:05:21.019410,1500.806820831567,97152.0,80.0,-5.185553029887415,4.218405909795192,6.706371398855106,9.468913664457572,0.08712690000946388,True,walking_dual_task,P09,27,0.875
2026-04-01T14:05:21.019944,1516.26039442273,97152.0,82.0,-4.994856933893547,4.001059990857786,6.5971271269116984,9.1912547113624,0.2776589530951714,True,walking_dual_task,P09,27,0.875
2026-04-01T14:05:21.020417,1455.6702532038066,97147.0,81.0,-5.086604826405001,4.871769833810795,6.285916144182758,9.44036184398315,0.24910713262074857,True,walking_dual_task,P09,27,0.875
2026-04-01T14:05:21.079258,1529.971131196495,97147.0,81.0,-5.073496395946691,4.810476420632213,6.430411402690214,9.49901257399899,0.05865073001583987,True,walking_dual_task,P09,27,0.875
2026-04-01T14:05:21.139601,1605.261364953403,97166.0,81.0,-5.178847926737282,5.164912852080539,6.214537449558551,9.597774029941707,0.0987614559427179,True,walking_dual_task,P09,27,0.875
2026-04-01T14:05:21.140262,1608.0476675551683,97166.0,81.0,-5.051279358048917,4.933259077459081,6.711735448132058,9.741655968268226,0.14388193832651908,True,walking_dual_task,P09,27,0.875
2026-04-01T14:05:21.140751,1563.9987178243914,97195.0,80.0,-5.177021069429826,5.021228872784882,6.643607577974076,9.805702840506816,0.06404687223859007,True,walking_dual_task,P09,27,0.875
2026-04-01T14:05:21.141197,1581.2259699446438,97195.0,82.0,-5.608373588988262,4.834696714423011,6.728632698990814,10.005130915287523,0.19942807478070712,True,walking_dual_task,P09,27,0.875
2026-04-01T14:05:21.141613,1634.204321504793,97238.0,81.0,-5.413614426533833,4.732116910736257,6.917236438380633,9.977390017460081,0.027740897827442268,True,walking_dual_task,P09,27,0.875
2026-04-01T14:05:21.201700,1629.9504498170115,97238.0,82.0,-5.724990257230128,4.571109644413242,6.547436630685573,9.825450791667063,0.15193922579301855,True,walking_dual_task,P09,27,0.875
2026-04-01T14:05:21.202399,1561.9730430398217,97275.0,80.0,-5.171693922818667,4.47314811936363,6.800962597255699,9.644094793103026,0.18135599856403672,True,walking_dual_task,P09,27,0.875
2026-04-01T14:05:21.202441,1572.5292562030888,97275.0,82.0,-5.357547867755932,4.575766114160309,6.5006221492706,9.586398855377414,0.05769593772561166,True,walking_dual_task,P09,27,0.875
2026-04-01T14:05:21.259847,1543.6035183468111,97285.0,82.0,-4.663949231629247,3.972695922374427,7.1028067996660464,9.380010648194792,0.20638820718262174,True,walking_dual_task,P09,27,0.875
2026-04-01T14:05:21.260505,1525.3861289769266,97285.0,81.0,-4.797829364560186,4.499338371620865,7.137743692000716,9.70621437051912,0.3262037223243279,True,walking_dual_task,P09,27,0.875
2026-04-01T14:05:21.261218,1516.8335061252394,97281.0,82.0,-4.644573463065479,3.6353239739064533,6.8008008647745335,9.002140603844683,0.704073766674437,True,walking_dual_task,P09,27,0.875
2026-04-01T14:05:21.319352,1552.9923320551147,97281.0,82.0,-5.016124679728274,2.351642548487718,6.590578805545285,8.609730452838788,0.3924101510058957,True,walking_dual_task,P09,27,0.875
2026-04-01T14:05:21.319914,,,,,,,,,True,walking_dual_task,P09,27,0.875
2026-04-01T14:05:21.320317,,,,,,,,,True,walking_dual_task,P09,27,0.875
2026-04-01T14:05:21.439788,,,,,,,,,True,walking_dual_task,P09,27,0.875
2026-04-01T14:05:21.440414,,,,,,,,,True,walking_dual_task,P09,27,0.875
2026-04-01T14:05:21.440830,,,,,,,,,True,walking_dual_task,P09,27,0.875
2026-04-01T14:05:21.441193,,,,,,,,,True,walking_dual_task,P09,27,0.875
2026-04-01T14:05:21.441707,,,,,,,,,True,walking_dual_task,P09,27,0.875
2026-04-01T14:05:21.442167,,,,,,,,,True,walking_dual_task,P09,27,0.875
2026-04-01T14:05:21.499516,,,,,,,,,True,walking_dual_task,P09,27,0.875
2026-04-01T14:05:21.500063,,,,,,,,,True,walking_dual_task,P09,27,0.875
2026-04-01T14:05:21.501354,,,,,,,,,True,walking_dual_task,P09,27,0.875
2026-04-01T14:05:21.559635,,,,,,,,,True,walking_dual_task,P09,27,0.875
2026-04-01T14:05:21.619584,,,,,,,,,True,walking_dual_task,P09,27,0.875
2026-04-01T14:05:21.620713,,,,,,,,,True,walking_dual_task,P09,27,0.875
2026-04-01T14:05:21.621509,,,,,,,,,True,walking_dual_task,P09,27,0.875
2026-04-01T14:05:21.621897,,,,,,,,,True,walking_dual_task,P09,27,0.875
2026-04-01T14:05:21.622189,,,,,,,,,True,walking_dual_task,P09,27,0.875
2026-04-01T14:05:21.679778,,,,,,,,,True,walking_dual_task,P09,27,0.875
2026-04-01T14:05:21.682004,,,,,,,,,True,walking_dual_task,P09,27,0.875
2026-04-01T14:05:21.682573,,,,,,,,,True,walking_dual_task,P09,27,0.875
2026-04-01T14:05:21.739639,,,,,,,,,True,walking_dual_task,P09,27,0.875
2026-04-01T14:05:21.739980,,,,,,,,,True,walking_dual_task,P09,27,0.875
2026-04-01T14:05:21.740378,,,,,,,,,True,walking_dual_task,P09,27,0.875
2026-04-01T14:05:21.799424,,,,,,,,,True,walking_dual_task,P09,27,0.875
2026-04-01T14:05:21.799905,,,,,,,,,True,walking_dual_task,P09,27,0.875
2026-04-01T14:05:21.800396,,,,,,,,,True,walking_dual_task,P09,27,0.875
2026-04-01T14:05:21.860255,,,,,,,,,True,walking_dual_task,P09,27,0.875
2026-04-01T14:05:21.861411,,,,,,,,,True,walking_dual_task,P09,27,0.875
2026-04-01T14:05:21.861777,,,,,,,,,True,walking_dual_task,P09,27,0.875
2026-04-01T14:05:21.919461,,,,,,,,,True,walking_dual_task,P09,27,0.875
2026-04-01T14:05:21.920210,,,,,,,,,True,walking_dual_task,P09,27,0.875
2026-04-01T14:05:21.920248,,,,,,,,,True,walking_dual_task,P09,27,0.875
2026-04-01T14:05:21.979988,,,,,,,,,True,walking_dual_task,P09,27,0.875
2026-04-01T14:05:21.980805,,,,,,,,,True,walking_dual_task,P09,27,0.875
2026-04-01T14:05:21.980943,,,,,,,,,True,walking_dual_task,P09,27,0.875
2026-04-01T14:05:22.039399,,,,,,,,,True,walking_dual_task,P09,27,0.875
2026-04-01T14:05:22.099927,,,,,,,,,True,walking_dual_task,P09,27,0.875
2026-04-01T14:05:22.100550,,,,,,,,,True,walking_dual_task,P09,27,0.875
2026-04-01T14:05:22.101372,,,,,,,,,True,walking_dual_task,P09,27,0.875
2026-04-01T14:05:22.160331,,,,,,,,,True,walking_dual_task,P09,27,0.875
2026-04-01T14:05:22.160862,,,,,,,,,True,walking_dual_task,P09,27,0.875
2026-04-01T14:05:22.161133,,,,,,,,,True,walking_dual_task,P09,27,0.875
2026-04-01T14:05:22.161365,,,,,,,,,True,walking_dual_task,P09,27,0.875
2026-04-01T14:05:22.219502,,,,,,,,,True,walking_dual_task,P09,27,0.875
2026-04-01T14:05:22.219967,,,,,,,,,True,walking_dual_task,P09,27,0.875
2026-04-01T14:05:22.220449,,,,,,,,,True,walking_dual_task,P09,27,0.875
2026-04-01T14:05:22.279209,,,,,,,,,True,walking_dual_task,P09,27,0.875
2026-04-01T14:05:22.279793,,,,,,,,,True,walking_dual_task,P09,27,0.875
2026-04-01T14:05:22.280403,,,,,,,,,True,walking_dual_task,P09,27,0.875
2026-04-01T14:05:22.281112,,,,,,,,,True,walking_dual_task,P09,27,0.875
2026-04-01T14:05:22.339171,,,,,,,,,True,walking_dual_task,P09,27,0.875
2026-04-01T14:05:22.339749,,,,,,,,,True,walking_dual_task,P09,27,0.875
2026-04-01T14:05:22.340153,,,,,,,,,True,walking_dual_task,P09,27,0.875
2026-04-01T14:05:22.461552,,,,,,,,,True,walking_dual_task,P09,27,0.875
2026-04-01T14:05:22.462116,,,,,,,,,True,walking_dual_task,P09,27,0.875
2026-04-01T14:05:22.462491,,,,,,,,,True,walking_dual_task,P09,27,0.875
2026-04-01T14:05:22.462815,,,,,,,,,True,walking_dual_task,P09,27,0.875
2026-04-01T14:05:22.463109,,,,,,,,,True,walking_dual_task,P09,27,0.875
2026-04-01T14:05:22.464956,,,,,,,,,True,walking_dual_task,P09,27,0.875
2026-04-01T14:05:22.519478,,,,,,,,,True,walking_dual_task,P09,27,0.875
2026-04-01T14:05:22.519981,,,,,,,,,True,walking_dual_task,P09,27,0.875
2026-04-01T14:05:22.520325,,,,,,,,,True,walking_dual_task,P09,27,0.875
2026-04-01T14:05:22.579760,,,,,,,,,True,walking_dual_task,P09,27,0.875
2026-04-01T14:05:22.580688,,,,,,,,,True,walking_dual_task,P09,27,0.875
2026-04-01T14:05:22.581076,,,,,,,,,True,walking_dual_task,P09,27,0.875
2026-04-01T14:05:22.639778,,,,,,,,,True,walking_dual_task,P09,27,0.875
2026-04-01T14:05:22.699750,,,,,,,,,True,walking_dual_task,P09,27,0.875
2026-04-01T14:05:22.700302,,,,,,,,,True,walking_dual_task,P09,27,0.875
2026-04-01T14:05:22.701153,,,,,,,,,True,walking_dual_task,P09,27,0.875
2026-04-01T14:05:22.701581,,,,,,,,,True,walking_dual_task,P09,27,0.875
2026-04-01T14:05:22.702888,,,,,,,,,True,walking_dual_task,P09,27,0.875
2026-04-01T14:05:22.759703,,,,,,,,,True,walking_dual_task,P09,27,0.875
2026-04-01T14:05:22.760350,,,,,,,,,True,walking_dual_task,P09,27,0.875
2026-04-01T14:05:22.760943,,,,,,,,,True,walking_dual_task,P09,27,0.875
2026-04-01T14:05:22.819500,,,,,,,,,True,walking_dual_task,P09,27,0.875
2026-04-01T14:05:22.820060,,,,,,,,,True,walking_dual_task,P09,27,0.875
2026-04-01T14:05:22.820488,,,,,,,,,True,walking_dual_task,P09,27,0.875
2026-04-01T14:05:22.879338,,,,,,,,,True,walking_dual_task,P09,27,0.875
2026-04-01T14:05:22.879911,,,,,,,,,True,walking_dual_task,P09,27,0.875
2026-04-01T14:05:22.939567,,,,,,,,,True,walking_dual_task,P09,27,0.875
2026-04-01T14:05:22.999885,,,,,,,,,True,walking_dual_task,P09,27,0.875
2026-04-01T14:05:23.000616,,,,,,,,,True,walking_dual_task,P09,27,0.875
2026-04-01T14:05:23.001267,,,,,,,,,True,walking_dual_task,P09,27,0.875
2026-04-01T14:05:23.001295,,,,,,,,,True,walking_dual_task,P09,27,0.875
2026-04-01T14:05:23.002042,,,,,,,,,True,walking_dual_task,P09,27,0.875
2026-04-01T14:05:23.059522,,,,,,,,,True,walking_dual_task,P09,27,0.875
2026-04-01T14:05:23.060021,,,,,,,,,True,walking_dual_task,P09,27,0.875
2026-04-01T14:05:23.060228,,,,,,,,,True,walking_dual_task,P09,27,0.875
2026-04-01T14:05:23.179210,,,,,,,,,True,walking_dual_task,P09,27,0.875
2026-04-01T14:05:23.179757,,,,,,,,,True,walking_dual_task,P09,27,0.875
2026-04-01T14:05:23.180260,,,,,,,,,True,walking_dual_task,P09,27,0.875
2026-04-01T14:05:23.180518,,,,,,,,,True,walking_dual_task,P09,27,0.875
2026-04-01T14:05:23.181507,,,,,,,,,True,walking_dual_task,P09,27,0.875
2026-04-01T14:05:23.182127,,,,,,,,,True,walking_dual_task,P09,27,0.875
2026-04-01T14:05:23.239412,,,,,,,,,True,walking_dual_task,P09,27,0.875
2026-04-01T14:05:23.239912,,,,,,,,,True,walking_dual_task,P09,27,0.875
2026-04-01T14:05:23.240480,,,,,,,,,True,walking_dual_task,P09,27,0.875
2026-04-01T14:05:23.241181,,,,,,,,,True,walking_dual_task,P09,27,0.875
2026-04-01T14:05:23.299716,,,,,,,,,True,walking_dual_task,P09,27,0.875
2026-04-01T14:05:23.300343,,,,,,,,,True,walking_dual_task,P09,27,0.875
2026-04-01T14:05:23.300387,,,,,,,,,True,walking_dual_task,P09,27,0.875
2026-04-01T14:05:23.359394,,,,,,,,,True,walking_dual_task,P09,27,0.875
2026-04-01T14:05:23.359504,,,,,,,,,True,walking_dual_task,P09,27,0.875
2026-04-01T14:05:23.360832,,,,,,,,,True,walking_dual_task,P09,27,0.875
2026-04-01T14:05:23.419453,,,,,,,,,True,walking_dual_task,P09,27,0.875
2026-04-01T14:05:23.419951,,,,,,,,,True,walking_dual_task,P09,27,0.875
2026-04-01T14:05:23.420407,,,,,,,,,True,walking_dual_task,P09,27,0.875
2026-04-01T14:05:23.479782,,,,,,,,,True,walking_dual_task,P09,27,0.875
2026-04-01T14:05:23.480365,,,,,,,,,True,walking_dual_task,P09,27,0.875
2026-04-01T14:05:23.480457,,,,,,,,,True,walking_dual_task,P09,27,0.875
2026-04-01T14:05:23.539816,,,,,,,,,True,walking_dual_task,P09,27,0.875
2026-04-01T14:05:23.540581,,,,,,,,,True,walking_dual_task,P09,27,0.875
2026-04-01T14:05:23.540681,,,,,,,,,True,walking_dual_task,P09,27,0.875
2026-04-01T14:05:23.599593,,,,,,,,,True,walking_dual_task,P09,27,0.875
2026-04-01T14:05:23.599825,,,,,,,,,True,walking_dual_task,P09,27,0.875
2026-04-01T14:05:23.600397,,,,,,,,,True,walking_dual_task,P09,27,0.875
2026-04-01T14:05:23.659705,,,,,,,,,True,walking_dual_task,P09,27,0.875
2026-04-01T14:05:23.660469,,,,,,,,,True,walking_dual_task,P09,27,0.875
2026-04-01T14:05:23.660678,,,,,,,,,True,walking_dual_task,P09,27,0.875
2026-04-01T14:05:23.720106,,,,,,,,,True,walking_dual_task,P09,27,0.875
2026-04-01T14:05:23.720745,,,,,,,,,True,walking_dual_task,P09,27,0.875
2026-04-01T14:05:23.721128,,,,,,,,,True,walking_dual_task,P09,27,0.875
2026-04-01T14:05:23.779707,,,,,,,,,True,walking_dual_task,P09,27,0.875
2026-04-01T14:05:23.780149,,,,,,,,,True,walking_dual_task,P09,27,0.875
2026-04-01T14:05:23.780172,,,,,,,,,True,walking_dual_task,P09,27,0.875
2026-04-01T14:05:23.839460,,,,,,,,,True,walking_dual_task,P09,27,0.875
2026-04-01T14:05:23.839937,,,,,,,,,True,walking_dual_task,P09,27,0.875
2026-04-01T14:05:23.899309,,,,,,,,,True,walking_dual_task,P09,27,0.875
2026-04-01T14:05:23.899878,,,,,,,,,True,walking_dual_task,P09,27,0.875
2026-04-01T14:05:23.900274,,,,,,,,,True,walking_dual_task,P09,27,0.875
2026-04-01T14:05:23.900834,,,,,,,,,True,walking_dual_task,P09,27,0.875
2026-04-01T14:05:23.959579,,,,,,,,,True,walking_dual_task,P09,27,0.875
2026-04-01T14:05:23.960209,,,,,,,,,True,walking_dual_task,P09,27,0.875
2026-04-01T14:05:24.019188,,,,,,,,,True,walking_dual_task,P09,27,0.875
2026-04-01T14:05:24.019523,,,,,,,,,True,walking_dual_task,P09,27,0.875
2026-04-01T14:05:24.019937,,,,,,,,,True,walking_dual_task,P09,27,0.875
2026-04-01T14:05:24.020690,,,,,,,,,True,walking_dual_task,P09,27,0.875
2026-04-01T14:05:24.079111,,,,,,,,,True,walking_dual_task,P09,27,0.875
2026-04-01T14:05:24.079413,,,,,,,,,True,walking_dual_task,P09,27,0.875
2026-04-01T14:05:24.199836,,,,,,,,,True,walking_dual_task,P09,27,0.875
2026-04-01T14:05:24.200185,,,,,,,,,True,walking_dual_task,P09,27,0.875
2026-04-01T14:05:24.201405,,,,,,,,,True,walking_dual_task,P09,27,0.875
2026-04-01T14:05:24.201455,,,,,,,,,True,walking_dual_task,P09,27,0.875
2026-04-01T14:05:24.201704,,,,,,,,,True,walking_dual_task,P09,27,0.875
2026-04-01T14:05:24.202474,,,,,,,,,True,walking_dual_task,P09,27,0.875
2026-04-01T14:05:24.259637,,,,,,,,,True,walking_dual_task,P09,27,0.875
2026-04-01T14:05:24.260568,,,,,,,,,True,walking_dual_task,P09,27,0.875
2026-04-01T14:05:24.260594,,,,,,,,,True,walking_dual_task,P09,27,0.875
2026-04-01T14:05:24.261010,,,,,,,,,True,walking_dual_task,P09,27,0.875
2026-04-01T14:05:24.319767,,,,,,,,,True,walking_dual_task,P09,27,0.875
2026-04-01T14:05:24.320330,,,,,,,,,True,walking_dual_task,P09,27,0.875
2026-04-01T14:05:24.320773,,,,,,,,,True,walking_dual_task,P09,27,0.875
2026-04-01T14:05:24.379471,,,,,,,,,True,walking_dual_task,P09,27,0.875
2026-04-01T14:05:24.380304,,,,,,,,,True,walking_dual_task,P09,27,0.875
2026-04-01T14:05:24.380906,,,,,,,,,True,walking_dual_task,P09,27,0.875
2026-04-01T14:05:24.439178,,,,,,,,,True,walking_dual_task,P09,27,0.875
2026-04-01T14:05:24.439875,,,,,,,,,True,walking_dual_task,P09,27,0.875
2026-04-01T14:05:24.440492,,,,,,,,,True,walking_dual_task,P09,27,0.875
2026-04-01T14:05:24.499687,,,,,,,,,True,walking_dual_task,P09,27,0.875
2026-04-01T14:05:24.500295,,,,,,,,,True,walking_dual_task,P09,27,0.875
2026-04-01T14:05:24.500791,,,,,,,,,True,walking_dual_task,P09,27,0.875
2026-04-01T14:05:24.559654,,,,,,,,,True,walking_dual_task,P09,27,0.875
2026-04-01T14:05:24.560319,,,,,,,,,True,walking_dual_task,P09,27,0.875
2026-04-01T14:05:24.560363,,,,,,,,,True,walking_dual_task,P09,27,0.875
2026-04-01T14:05:24.619532,,,,,,,,,True,walking_dual_task,P09,27,0.875
2026-04-01T14:05:24.619855,,,,,,,,,True,walking_dual_task,P09,27,0.875
2026-04-01T14:05:24.620390,,,,,,,,,True,walking_dual_task,P09,27,0.875
2026-04-01T14:05:24.679671,,,,,,,,,True,walking_dual_task,P09,27,0.875
2026-04-01T14:05:24.680433,,,,,,,,,True,walking_dual_task,P09,27,0.875
2026-04-01T14:05:24.681063,,,,,,,,,True,walking_dual_task,P09,27,0.875
2026-04-01T14:05:24.739710,,,,,,,,,True,walking_dual_task,P09,27,0.875
2026-04-01T14:05:24.740531,,,,,,,,,True,walking_dual_task,P09,27,0.875
2026-04-01T14:05:24.740571,,,,,,,,,True,walking_dual_task,P09,27,0.875
2026-04-01T14:05:24.799299,,,,,,,,,True,walking_dual_task,P09,27,0.875
2026-04-01T14:05:24.799875,,,,,,,,,True,walking_dual_task,P09,27,0.875
2026-04-01T14:05:24.800381,,,,,,,,,True,walking_dual_task,P09,27,0.875
2026-04-01T14:05:24.919874,,,,,,,,,True,walking_dual_task,P09,27,0.875
2026-04-01T14:05:24.920500,,,,,,,,,True,walking_dual_task,P09,27,0.875
2026-04-01T14:05:24.921027,,,,,,,,,True,walking_dual_task,P09,27,0.875
2026-04-01T14:05:24.921498,,,,,,,,,True,walking_dual_task,P09,27,0.875
2026-04-01T14:05:24.922312,,,,,,,,,True,walking_dual_task,P09,27,0.875
2026-04-01T14:05:24.922342,,,,,,,,,True,walking_dual_task,P09,27,0.875
2026-04-01T14:05:24.979827,,,,,,,,,True,walking_dual_task,P09,27,0.875
2026-04-01T14:05:24.980939,,,,,,,,,True,walking_dual_task,P09,27,0.875
2026-04-01T14:05:25.040050,,,,,,,,,True,walking_dual_task,P09,27,0.875
2026-04-01T14:05:25.040593,,,,,,,,,True,walking_dual_task,P09,27,0.875
2026-04-01T14:05:25.040902,,,,,,,,,True,walking_dual_task,P09,27,0.875
2026-04-01T14:05:25.041287,,,,,,,,,True,walking_dual_task,P09,27,0.875
2026-04-01T14:05:25.099249,,,,,,,,,True,walking_dual_task,P09,27,0.875
2026-04-01T14:05:25.099901,,,,,,,,,True,walking_dual_task,P09,27,0.875
2026-04-01T14:05:25.100289,,,,,,,,,True,walking_dual_task,P09,27,0.875
2026-04-01T14:05:25.159671,,,,,,,,,True,walking_dual_task,P09,27,0.875
2026-04-01T14:05:25.160556,,,,,,,,,True,walking_dual_task,P09,27,0.875
2026-04-01T14:05:25.160755,,,,,,,,,True,walking_dual_task,P09,27,0.875
2026-04-01T14:05:25.219328,,,,,,,,,True,walking_dual_task,P09,27,0.875
2026-04-01T14:05:25.220055,,,,,,,,,True,walking_dual_task,P09,27,0.875
2026-04-01T14:05:25.220890,,,,,,,,,True,walking_dual_task,P09,27,0.875
2026-04-01T14:05:25.279553,,,,,,,,,True,walking_dual_task,P09,27,0.875
2026-04-01T14:05:25.280516,,,,,,,,,True,walking_dual_task,P09,27,0.875
2026-04-01T14:05:25.280613,,,,,,,,,True,walking_dual_task,P09,27,0.875
2026-04-01T14:05:25.339579,,,,,,,,,True,walking_dual_task,P09,27,0.875
2026-04-01T14:05:25.340079,,,,,,,,,True,walking_dual_task,P09,27,0.875
2026-04-01T14:05:25.340291,,,,,,,,,True,walking_dual_task,P09,27,0.875
2026-04-01T14:05:25.399642,,,,,,,,,True,walking_dual_task,P09,27,0.875
2026-04-01T14:05:25.400138,,,,,,,,,True,walking_dual_task,P09,27,0.875
2026-04-01T14:05:25.400302,,,,,,,,,True,walking_dual_task,P09,27,0.875
2026-04-01T14:05:25.459324,,,,,,,,,True,walking_dual_task,P09,27,0.875
2026-04-01T14:05:25.460558,,,,,,,,,True,walking_dual_task,P09,27,0.875
2026-04-01T14:05:25.460999,,,,,,,,,True,walking_dual_task,P09,27,0.875
2026-04-01T14:05:25.523552,,,,,,,,,True,walking_dual_task,P09,27,0.875
2026-04-01T14:05:25.524077,,,,,,,,,True,walking_dual_task,P09,27,0.875
2026-04-01T14:05:25.524796,,,,,,,,,True,walking_dual_task,P09,27,0.875
2026-04-01T14:05:25.640429,,,,,,,,,True,walking_dual_task,P09,27,0.875
2026-04-01T14:05:25.641035,,,,,,,,,True,walking_dual_task,P09,27,0.875
2026-04-01T14:05:25.641473,,,,,,,,,True,walking_dual_task,P09,27,0.875
2026-04-01T14:05:25.641884,,,,,,,,,True,walking_dual_task,P09,27,0.875
2026-04-01T14:05:25.642236,,,,,,,,,True,walking_dual_task,P09,27,0.875
2026-04-01T14:05:25.642888,,,,,,,,,True,walking_dual_task,P09,27,0.875
2026-04-01T14:05:25.699368,,,,,,,,,True,walking_dual_task,P09,27,0.875
2026-04-01T14:05:25.700214,,,,,,,,,True,walking_dual_task,P09,27,0.875
2026-04-01T14:05:25.700390,,,,,,,,,True,walking_dual_task,P09,27,0.875
2026-04-01T14:05:25.760246,,,,,,,,,True,walking_dual_task,P09,27,0.875
2026-04-01T14:05:25.761078,,,,,,,,,True,walking_dual_task,P09,27,0.875
2026-04-01T14:05:25.761644,,,,,,,,,True,walking_dual_task,P09,27,0.875
2026-04-01T14:05:25.819524,,,,,,,,,True,walking_dual_task,P09,27,0.875
2026-04-01T14:05:25.819852,,,,,,,,,True,walking_dual_task,P09,27,0.875
2026-04-01T14:05:25.940020,,,,,,,,,True,walking_dual_task,P09,27,0.875
2026-04-01T14:05:25.940526,,,,,,,,,True,walking_dual_task,P09,27,0.875
2026-04-01T14:05:25.940870,,,,,,,,,True,walking_dual_task,P09,27,0.875
2026-04-01T14:05:25.999588,,,,,,,,,True,walking_dual_task,P09,27,0.875
2026-04-01T14:05:26.059564,,,,,,,,,True,walking_dual_task,P09,27,0.875
2026-04-01T14:05:26.060161,,,,,,,,,True,walking_dual_task,P09,27,0.875
2026-04-01T14:05:26.060724,,,,,,,,,True,walking_dual_task,P09,27,0.875
2026-04-01T14:05:26.061439,,,,,,,,,True,walking_dual_task,P09,27,0.875
2026-04-01T14:05:26.061828,,,,,,,,,True,walking_dual_task,P09,27,0.875
2026-04-01T14:05:26.062292,,,,,,,,,True,walking_dual_task,P09,27,0.875
2026-04-01T14:05:26.062881,,,,,,,,,True,walking_dual_task,P09,27,0.875
2026-04-01T14:05:26.063572,,,,,,,,,True,walking_dual_task,P09,27,0.875
2026-04-01T14:05:26.064472,,,,,,,,,True,walking_dual_task,P09,27,0.875
2026-04-01T14:05:26.119577,,,,,,,,,True,walking_dual_task,P09,27,0.875
2026-04-01T14:05:26.120104,,,,,,,,,True,walking_dual_task,P09,27,0.875
2026-04-01T14:05:26.120555,,,,,,,,,True,walking_dual_task,P09,27,0.875
2026-04-01T14:05:26.179569,,,,,,,,,True,walking_dual_task,P09,27,0.875
2026-04-01T14:05:26.240630,,,,,,,,,True,walking_dual_task,P09,27,0.875
2026-04-01T14:05:26.241201,,,,,,,,,True,walking_dual_task,P09,27,0.875
2026-04-01T14:05:26.241378,,,,,,,,,True,walking_dual_task,P09,27,0.875
2026-04-01T14:05:26.241967,,,,,,,,,True,walking_dual_task,P09,27,0.875
2026-04-01T14:05:26.242676,,,,,,,,,True,walking_dual_task,P09,27,0.875
2026-04-01T14:05:26.299422,,,,,,,,,True,walking_dual_task,P09,27,0.875
2026-04-01T14:05:26.300049,,,,,,,,,True,walking_dual_task,P09,27,0.875
2026-04-01T14:05:26.300402,,,,,,,,,True,walking_dual_task,P09,27,0.875
2026-04-01T14:05:26.359967,,,,,,,,,True,walking_dual_task,P09,27,0.875
2026-04-01T14:05:26.360643,,,,,,,,,True,walking_dual_task,P09,27,0.875
2026-04-01T14:05:26.361138,,,,,,,,,True,walking_dual_task,P09,27,0.875
2026-04-01T14:05:26.419560,,,,,,,,,True,walking_dual_task,P09,27,0.875
2026-04-01T14:05:26.420006,,,,,,,,,True,walking_dual_task,P09,27,0.875
2026-04-01T14:05:26.420389,,,,,,,,,True,walking_dual_task,P09,27,0.875
2026-04-01T14:05:26.480133,,,,,,,,,True,walking_dual_task,P09,27,0.875
2026-04-01T14:05:26.480802,,,,,,,,,True,walking_dual_task,P09,27,0.875
2026-04-01T14:05:26.480841,,,,,,,,,True,walking_dual_task,P09,27,0.875
2026-04-01T14:05:26.540053,,,,,,,,,True,walking_dual_task,P09,27,0.875
2026-04-01T14:05:26.540114,,,,,,,,,True,walking_dual_task,P09,27,0.875
2026-04-01T14:05:26.540514,,,,,,,,,True,walking_dual_task,P09,27,0.875
2026-04-01T14:05:26.659697,,,,,,,,,True,walking_dual_task,P09,27,0.875
2026-04-01T14:05:26.660262,,,,,,,,,True,walking_dual_task,P09,27,0.875
2026-04-01T14:05:26.660700,,,,,,,,,True,walking_dual_task,P09,27,0.875
2026-04-01T14:05:26.662598,,,,,,,,,True,walking_dual_task,P09,27,0.875
2026-04-01T14:05:26.663132,,,,,,,,,True,walking_dual_task,P09,27,0.875
2026-04-01T14:05:26.663545,,,,,,,,,True,walking_dual_task,P09,27,0.875
2026-04-01T14:05:26.720053,,,,,,,,,True,walking_dual_task,P09,27,0.875
2026-04-01T14:05:26.721291,,,,,,,,,True,walking_dual_task,P09,27,0.875
2026-04-01T14:05:26.721332,,,,,,,,,True,walking_dual_task,P09,27,0.875
2026-04-01T14:05:26.780035,,,,,,,,,True,walking_dual_task,P09,27,0.875
2026-04-01T14:05:26.780549,,,,,,,,,True,walking_dual_task,P09,27,0.875
2026-04-01T14:05:26.780579,,,,,,,,,True,walking_dual_task,P09,27,0.875
2026-04-01T14:05:26.839821,,,,,,,,,True,walking_dual_task,P09,27,0.875
2026-04-01T14:05:26.840764,,,,,,,,,True,walking_dual_task,P09,27,0.875
2026-04-01T14:05:26.841174,,,,,,,,,True,walking_dual_task,P09,27,0.875
2026-04-01T14:05:26.899696,,,,,,,,,True,walking_dual_task,P09,27,0.875
2026-04-01T14:05:26.900308,,,,,,,,,True,walking_dual_task,P09,27,0.875
2026-04-01T14:05:26.900869,,,,,,,,,True,walking_dual_task,P09,27,0.875
2026-04-01T14:05:26.960357,,,,,,,,,True,walking_dual_task,P09,27,0.875
2026-04-01T14:05:26.960686,,,,,,,,,True,walking_dual_task,P09,27,0.875
2026-04-01T14:05:26.960929,,,,,,,,,True,walking_dual_task,P09,27,0.875
2026-04-01T14:05:27.019715,,,,,,,,,True,walking_dual_task,P09,27,0.875
2026-04-01T14:05:27.020209,,,,,,,,,True,walking_dual_task,P09,27,0.875
2026-04-01T14:05:27.020556,,,,,,,,,True,walking_dual_task,P09,27,0.875
2026-04-01T14:05:27.079630,,,,,,,,,True,walking_dual_task,P09,27,0.875
2026-04-01T14:05:27.080300,,,,,,,,,True,walking_dual_task,P09,27,0.875
2026-04-01T14:05:27.080856,,,,,,,,,True,walking_dual_task,P09,27,0.875
2026-04-01T14:05:27.139583,,,,,,,,,True,walking_dual_task,P09,27,0.875
2026-04-01T14:05:27.139901,,,,,,,,,True,walking_dual_task,P09,27,0.875
2026-04-01T14:05:27.140636,,,,,,,,,True,walking_dual_task,P09,27,0.875
2026-04-01T14:05:27.199997,,,,,,,,,True,walking_dual_task,P09,27,0.875
2026-04-01T14:05:27.200053,,,,,,,,,True,walking_dual_task,P09,27,0.875
2026-04-01T14:05:27.200588,,,,,,,,,True,walking_dual_task,P09,27,0.875
2026-04-01T14:05:27.259251,,,,,,,,,True,walking_dual_task,P09,27,0.875
2026-04-01T14:05:27.260564,,,,,,,,,True,walking_dual_task,P09,27,0.875
2026-04-01T14:05:27.379733,,,,,,,,,True,walking_dual_task,P09,27,0.875
2026-04-01T14:05:27.381101,,,,,,,,,True,walking_dual_task,P09,27,0.875
2026-04-01T14:05:27.381670,,,,,,,,,True,walking_dual_task,P09,27,0.875
2026-04-01T14:05:27.381939,,,,,,,,,True,walking_dual_task,P09,27,0.875
2026-04-01T14:05:27.382202,,,,,,,,,True,walking_dual_task,P09,27,0.875
2026-04-01T14:05:27.382784,,,,,,,,,True,walking_dual_task,P09,27,0.875
2026-04-01T14:05:27.439806,,,,,,,,,True,walking_dual_task,P09,27,0.875
2026-04-01T14:05:27.440361,,,,,,,,,True,walking_dual_task,P09,27,0.875
2026-04-01T14:05:27.440955,,,,,,,,,True,walking_dual_task,P09,27,0.875
2026-04-01T14:05:27.441047,,,,,,,,,True,walking_dual_task,P09,27,0.875
2026-04-01T14:05:27.499882,,,,,,,,,True,walking_dual_task,P09,27,0.875
2026-04-01T14:05:27.500219,,,,,,,,,True,walking_dual_task,P09,27,0.875
2026-04-01T14:05:27.500632,,,,,,,,,True,walking_dual_task,P09,27,0.875
2026-04-01T14:05:27.560520,,,,,,,,,True,walking_dual_task,P09,27,0.875
2026-04-01T14:05:27.560890,,,,,,,,,True,walking_dual_task,P09,27,0.875
2026-04-01T14:05:27.561253,,,,,,,,,True,walking_dual_task,P09,27,0.875
2026-04-01T14:05:27.620243,,,,,,,,,True,walking_dual_task,P09,27,0.875
2026-04-01T14:05:27.620782,,,,,,,,,True,walking_dual_task,P09,27,0.875
2026-04-01T14:05:27.679204,,,,,,,,,True,walking_dual_task,P09,27,0.875
2026-04-01T14:05:27.679831,,,,,,,,,True,walking_dual_task,P09,27,0.875
2026-04-01T14:05:27.680334,,,,,,,,,True,walking_dual_task,P09,27,0.875
2026-04-01T14:05:27.680978,,,,,,,,,True,walking_dual_task,P09,27,0.875
2026-04-01T14:05:27.739806,,,,,,,,,True,walking_dual_task,P09,27,0.875
2026-04-01T14:05:27.740421,,,,,,,,,True,walking_dual_task,P09,27,0.875
2026-04-01T14:05:27.741257,,,,,,,,,True,walking_dual_task,P09,27,0.875
2026-04-01T14:05:27.799566,,,,,,,,,True,walking_dual_task,P09,27,0.875
2026-04-01T14:05:27.799948,,,,,,,,,True,walking_dual_task,P09,27,0.875
2026-04-01T14:05:27.800196,,,,,,,,,True,walking_dual_task,P09,27,0.875
2026-04-01T14:05:27.859582,,,,,,,,,True,walking_dual_task,P09,27,0.875
2026-04-01T14:05:27.860307,,,,,,,,,True,walking_dual_task,P09,27,0.875
2026-04-01T14:05:27.861005,,,,,,,,,True,walking_dual_task,P09,27,0.875
2026-04-01T14:05:27.919786,,,,,,,,,True,walking_dual_task,P09,27,0.875
2026-04-01T14:05:27.920303,,,,,,,,,True,walking_dual_task,P09,27,0.875
2026-04-01T14:05:27.920715,,,,,,,,,True,walking_dual_task,P09,27,0.875
2026-04-01T14:05:27.979320,,,,,,,,,True,walking_dual_task,P09,27,0.875
2026-04-01T14:05:27.979958,,,,,,,,,True,walking_dual_task,P09,27,0.875
2026-04-01T14:05:27.980739,,,,,,,,,True,walking_dual_task,P09,27,0.875
2026-04-01T14:05:28.039874,,,,,,,,,True,walking_dual_task,P09,27,0.875
2026-04-01T14:05:28.040565,,,,,,,,,True,walking_dual_task,P09,27,0.875
2026-04-01T14:05:28.041005,,,,,,,,,True,walking_dual_task,P09,27,0.875
2026-04-01T14:05:28.099614,,,,,,,,,True,walking_dual_task,P09,27,0.875
2026-04-01T14:05:28.100022,,,,,,,,,True,walking_dual_task,P09,27,0.875
2026-04-01T14:05:28.159428,,,,,,,,,True,walking_dual_task,P09,27,0.875
2026-04-01T14:05:28.159872,,,,,,,,,True,walking_dual_task,P09,27,0.875
2026-04-01T14:05:28.160464,,,,,,,,,True,walking_dual_task,P09,27,0.875
2026-04-01T14:05:28.219962,,,,,,,,,True,walking_dual_task,P09,27,0.875
2026-04-01T14:05:28.220665,,,,,,,,,True,walking_dual_task,P09,27,0.875
2026-04-01T14:05:28.221337,,,,,,,,,True,walking_dual_task,P09,27,0.875
2026-04-01T14:05:28.221370,,,,,,,,,True,walking_dual_task,P09,27,0.875
2026-04-01T14:05:28.279571,,,,,,,,,True,walking_dual_task,P09,27,0.875
2026-04-01T14:05:28.280222,,,,,,,,,True,walking_dual_task,P09,27,0.875
2026-04-01T14:05:28.280910,,,,,,,,,True,walking_dual_task,P09,27,0.875
2026-04-01T14:05:28.399540,,,,,,,,,True,walking_dual_task,P09,27,0.875
2026-04-01T14:05:28.400223,,,,,,,,,True,walking_dual_task,P09,27,0.875
2026-04-01T14:05:28.400737,,,,,,,,,True,walking_dual_task,P09,27,0.875
2026-04-01T14:05:28.401649,,,,,,,,,True,walking_dual_task,P09,27,0.875
2026-04-01T14:05:28.401902,,,,,,,,,True,walking_dual_task,P09,27,0.875
2026-04-01T14:05:28.402232,,,,,,,,,True,walking_dual_task,P09,27,0.875
2026-04-01T14:05:28.459773,,,,,,,,,True,walking_dual_task,P09,27,0.875
2026-04-01T14:05:28.460505,,,,,,,,,True,walking_dual_task,P09,27,0.875
2026-04-01T14:05:28.460535,,,,,,,,,True,walking_dual_task,P09,27,0.875
2026-04-01T14:05:28.519694,,,,,,,,,True,walking_dual_task,P09,27,0.875
2026-04-01T14:05:28.579759,,,,,,,,,True,walking_dual_task,P09,27,0.875
2026-04-01T14:05:28.580174,,,,,,,,,True,walking_dual_task,P09,27,0.875
2026-04-01T14:05:28.580677,,,,,,,,,True,walking_dual_task,P09,27,0.875
2026-04-01T14:05:28.581708,,,,,,,,,True,walking_dual_task,P09,27,0.875
2026-04-01T14:05:28.581741,,,,,,,,,True,walking_dual_task,P09,27,0.875
2026-04-01T14:05:28.639882,,,,,,,,,True,walking_dual_task,P09,27,0.875
2026-04-01T14:05:28.640573,,,,,,,,,True,walking_dual_task,P09,27,0.875
2026-04-01T14:05:28.641051,,,,,,,,,True,walking_dual_task,P09,27,0.875
2026-04-01T14:05:28.699779,,,,,,,,,True,walking_dual_task,P09,27,0.875
2026-04-01T14:05:28.699832,,,,,,,,,True,walking_dual_task,P09,27,0.875
2026-04-01T14:05:28.700195,,,,,,,,,True,walking_dual_task,P09,27,0.875
2026-04-01T14:05:28.759272,,,,,,,,,True,walking_dual_task,P09,27,0.875
2026-04-01T14:05:28.759949,,,,,,,,,True,walking_dual_task,P09,27,0.875
2026-04-01T14:05:28.760408,,,,,,,,,True,walking_dual_task,P09,27,0.875
2026-04-01T14:05:28.819528,,,,,,,,,True,walking_dual_task,P09,27,0.875
2026-04-01T14:05:28.820170,,,,,,,,,True,walking_dual_task,P09,27,0.875
2026-04-01T14:05:28.820671,,,,,,,,,True,walking_dual_task,P09,27,0.875
2026-04-01T14:05:28.879790,,,,,,,,,True,walking_dual_task,P09,27,0.875
2026-04-01T14:05:28.880572,,,,,,,,,True,walking_dual_task,P09,27,0.875
2026-04-01T14:05:28.881039,,,,,,,,,True,walking_dual_task,P09,27,0.875
2026-04-01T14:05:28.939721,,,,,,,,,True,walking_dual_task,P09,27,0.875
2026-04-01T14:05:28.940742,,,,,,,,,True,walking_dual_task,P09,27,0.875
2026-04-01T14:05:28.941276,,,,,,,,,True,walking_dual_task,P09,27,0.875
2026-04-01T14:05:28.999201,,,,,,,,,True,walking_dual_task,P09,27,0.875
2026-04-01T14:05:28.999739,,,,,,,,,True,walking_dual_task,P09,27,0.875
2026-04-01T14:05:29.000226,,,,,,,,,True,walking_dual_task,P09,27,0.875
2026-04-01T14:05:29.119681,,,,,,,,,True,walking_dual_task,P09,27,0.875
2026-04-01T14:05:29.119855,,,,,,,,,True,walking_dual_task,P09,27,0.875
2026-04-01T14:05:29.120505,,,,,,,,,True,walking_dual_task,P09,27,0.875
2026-04-01T14:05:29.120978,,,,,,,,,True,walking_dual_task,P09,27,0.875
2026-04-01T14:05:29.121301,,,,,,,,,True,walking_dual_task,P09,27,0.875
2026-04-01T14:05:29.122451,,,,,,,,,True,walking_dual_task,P09,27,0.875
2026-04-01T14:05:29.179704,,,,,,,,,True,walking_dual_task,P09,27,0.875
2026-04-01T14:05:29.180316,,,,,,,,,True,walking_dual_task,P09,27,0.875
2026-04-01T14:05:29.180351,,,,,,,,,True,walking_dual_task,P09,27,0.875
2026-04-01T14:05:29.240230,,,,,,,,,True,walking_dual_task,P09,27,0.875
2026-04-01T14:05:29.240658,,,,,,,,,True,walking_dual_task,P09,27,0.875
2026-04-01T14:05:29.240997,,,,,,,,,True,walking_dual_task,P09,27,0.875
2026-04-01T14:05:29.299836,,,,,,,,,True,walking_dual_task,P09,27,0.875
2026-04-01T14:05:29.300378,,,,,,,,,True,walking_dual_task,P09,27,0.875
2026-04-01T14:05:29.300877,,,,,,,,,True,walking_dual_task,P09,27,0.875
2026-04-01T14:05:29.359885,,,,,,,,,True,walking_dual_task,P09,27,0.875
2026-04-01T14:05:29.360528,,,,,,,,,True,walking_dual_task,P09,27,0.875
2026-04-01T14:05:29.361027,,,,,,,,,True,walking_dual_task,P09,27,0.875
2026-04-01T14:05:29.419455,,,,,,,,,True,walking_dual_task,P09,27,0.875
2026-04-01T14:05:29.420081,,,,,,,,,True,walking_dual_task,P09,27,0.875
2026-04-01T14:05:29.420120,,,,,,,,,True,walking_dual_task,P09,27,0.875
2026-04-01T14:05:29.479653,,,,,,,,,True,walking_dual_task,P09,27,0.875
2026-04-01T14:05:29.480094,,,,,,,,,True,walking_dual_task,P09,27,0.875
2026-04-01T14:05:29.480636,,,,,,,,,True,walking_dual_task,P09,27,0.875
2026-04-01T14:05:29.539959,,,,,,,,,True,walking_dual_task,P09,27,0.875
2026-04-01T14:05:29.540555,,,,,,,,,True,walking_dual_task,P09,27,0.875
2026-04-01T14:05:29.541061,,,,,,,,,True,walking_dual_task,P09,27,0.875
2026-04-01T14:05:29.599898,,,,,,,,,True,walking_dual_task,P09,27,0.875
2026-04-01T14:05:29.600013,,,,,,,,,True,walking_dual_task,P09,27,0.875
2026-04-01T14:05:29.600416,,,,,,,,,True,walking_dual_task,P09,27,0.875
2026-04-01T14:05:29.659486,,,,,,,,,True,walking_dual_task,P09,27,0.875
2026-04-01T14:05:29.719393,,,,,,,,,True,walking_dual_task,P09,27,0.875
2026-04-01T14:05:29.720277,,,,,,,,,True,walking_dual_task,P09,27,0.875
2026-04-01T14:05:29.720314,,,,,,,,,True,walking_dual_task,P09,27,0.875
2026-04-01T14:05:29.720954,,,,,,,,,True,walking_dual_task,P09,27,0.875
2026-04-01T14:05:29.721544,,,,,,,,,True,walking_dual_task,P09,27,0.875
2026-04-01T14:05:29.779484,,,,,,,,,True,walking_dual_task,P09,27,0.875
2026-04-01T14:05:29.780693,,,,,,,,,True,walking_dual_task,P09,27,0.875
2026-04-01T14:05:29.781139,,,,,,,,,True,walking_dual_task,P09,27,0.875
2026-04-01T14:05:29.840165,,,,,,,,,True,walking_dual_task,P09,27,0.875
2026-04-01T14:05:29.840802,,,,,,,,,True,walking_dual_task,P09,27,0.875
2026-04-01T14:05:29.841269,,,,,,,,,True,walking_dual_task,P09,27,0.875
2026-04-01T14:05:29.899809,,,,,,,,,True,walking_dual_task,P09,27,0.875
2026-04-01T14:05:29.900396,,,,,,,,,True,walking_dual_task,P09,27,0.875
2026-04-01T14:05:29.900825,,,,,,,,,True,walking_dual_task,P09,27,0.875
2026-04-01T14:05:29.959952,,,,,,,,,True,walking_dual_task,P09,27,0.875
2026-04-01T14:05:29.960023,,,,,,,,,True,walking_dual_task,P09,27,0.875
2026-04-01T14:05:29.960617,,,,,,,,,True,walking_dual_task,P09,27,0.875
2026-04-01T14:05:30.019122,,,,,,,,,True,walking_dual_task,P09,27,0.875
2026-04-01T14:05:30.020163,,,,,,,,,True,walking_dual_task,P09,27,0.875
2026-04-01T14:05:30.020500,,,,,,,,,True,walking_dual_task,P09,27,0.875
2026-04-01T14:05:30.139791,,,,,,,,,True,walking_dual_task,P09,27,0.875
2026-04-01T14:05:30.140541,,,,,,,,,True,walking_dual_task,P09,27,0.875
2026-04-01T14:05:30.141064,,,,,,,,,True,walking_dual_task,P09,27,0.875
2026-04-01T14:05:30.141558,,,,,,,,,True,walking_dual_task,P09,27,0.875
2026-04-01T14:05:30.142092,,,,,,,,,True,walking_dual_task,P09,27,0.875
2026-04-01T14:05:30.142778,,,,,,,,,True,walking_dual_task,P09,27,0.875
2026-04-01T14:05:30.199904,,,,,,,,,True,walking_dual_task,P09,27,0.875
2026-04-01T14:05:30.200187,,,,,,,,,True,walking_dual_task,P09,27,0.875
2026-04-01T14:05:30.200568,,,,,,,,,True,walking_dual_task,P09,27,0.875
2026-04-01T14:05:30.259533,,,,,,,,,True,walking_dual_task,P09,27,0.875
2026-04-01T14:05:30.259849,,,,,,,,,True,walking_dual_task,P09,27,0.875
2026-04-01T14:05:30.260356,,,,,,,,,True,walking_dual_task,P09,27,0.875
2026-04-01T14:05:30.319549,,,,,,,,,True,walking_dual_task,P09,27,0.875
2026-04-01T14:05:30.320538,,,,,,,,,True,walking_dual_task,P09,27,0.875
2026-04-01T14:05:30.321050,,,,,,,,,True,walking_dual_task,P09,27,0.875
2026-04-01T14:05:30.379735,,,,,,,,,True,walking_dual_task,P09,27,0.875
2026-04-01T14:05:30.380165,,,,,,,,,True,walking_dual_task,P09,27,0.875
2026-04-01T14:05:30.380962,,,,,,,,,True,walking_dual_task,P09,27,0.875
2026-04-01T14:05:30.440458,,,,,,,,,True,walking_dual_task,P09,27,0.875
2026-04-01T14:05:30.440816,,,,,,,,,True,walking_dual_task,P09,27,0.875
2026-04-01T14:05:30.441305,,,,,,,,,True,walking_dual_task,P09,27,0.875
2026-04-01T14:05:30.499359,,,,,,,,,True,walking_dual_task,P09,27,0.875
2026-04-01T14:05:30.499802,,,,,,,,,True,walking_dual_task,P09,27,0.875
2026-04-01T14:05:30.500353,,,,,,,,,True,walking_dual_task,P09,27,0.875
2026-04-01T14:05:30.560089,,,,,,,,,True,walking_dual_task,P09,27,0.875
2026-04-01T14:05:30.561555,,,,,,,,,True,walking_dual_task,P09,27,0.875
2026-04-01T14:05:30.561902,,,,,,,,,True,walking_dual_task,P09,27,0.875
2026-04-01T14:05:30.619398,,,,,,,,,True,walking_dual_task,P09,27,0.875
2026-04-01T14:05:30.619856,,,,,,,,,True,walking_dual_task,P09,27,0.875
2026-04-01T14:05:30.620253,,,,,,,,,True,walking_dual_task,P09,27,0.875
2026-04-01T14:05:30.681017,,,,,,,,,True,walking_dual_task,P09,27,0.875
2026-04-01T14:05:30.681397,,,,,,,,,True,walking_dual_task,P09,27,0.875
2026-04-01T14:05:30.681698,,,,,,,,,True,walking_dual_task,P09,27,0.875
2026-04-01T14:05:30.740278,,,,,,,,,True,walking_dual_task,P09,27,0.875
2026-04-01T14:05:30.740883,,,,,,,,,True,walking_dual_task,P09,27,0.875
2026-04-01T14:05:30.741254,,,,,,,,,True,walking_dual_task,P09,27,0.875
2026-04-01T14:05:30.860289,,,,,,,,,True,walking_dual_task,P09,27,0.875
2026-04-01T14:05:30.861084,,,,,,,,,True,walking_dual_task,P09,27,0.875
2026-04-01T14:05:30.861177,,,,,,,,,True,walking_dual_task,P09,27,0.875
2026-04-01T14:05:30.861461,1566.8273084718167,95913.0,82.0,-3.435093133968167,8.621253670008365,5.457356448142844,10.76608652592734,0.02032992400521927,True,walking_dual_task,P09,27,0.875
2026-04-01T14:05:30.861871,1416.997648833971,95913.0,83.0,-3.629218069270416,8.7171333695215,5.102123308225476,10.732721007679359,0.033365518247981285,True,walking_dual_task,P09,27,0.875
2026-04-01T14:05:30.862919,1516.9227082967493,95933.0,82.0,-3.9376102954003436,8.572197018475213,5.199042531078145,10.771136421100493,0.0384154134211343,True,walking_dual_task,P09,27,0.875
2026-04-01T14:05:30.919689,1660.489321669377,95933.0,81.0,-3.6559037560199434,8.244530652266397,5.027942914123296,10.325605449421527,0.4455309716789664,True,walking_dual_task,P09,27,0.875
2026-04-01T14:05:30.920127,1478.5506462518779,95965.0,82.0,-3.6563078513089464,8.536078323956142,5.4397610862151575,10.762166182110274,0.43656073268874707,True,walking_dual_task,P09,27,0.875
2026-04-01T14:05:30.920369,1568.983144176491,95965.0,81.0,-3.895257748629357,8.670829345743234,5.354502422358116,10.909950076068085,0.14778389395781133,True,walking_dual_task,P09,27,0.875
2026-04-01T14:05:30.979200,1635.0129372018982,95988.0,82.0,-4.040924476566957,8.176141831074679,5.570454270837918,10.686829588360785,0.22312048770730009,True,walking_dual_task,P09,27,0.875
2026-04-01T14:05:30.980043,1511.8340022486727,95988.0,82.0,-3.797346453585178,8.193850159258627,5.324915882468774,10.48397585252402,0.20285373583676503,True,walking_dual_task,P09,27,0.875
2026-04-01T14:05:30.980426,1511.3965563285715,96019.0,81.0,-4.104402228114326,8.72811161010981,5.261004213612552,10.98654701279399,0.5025711602699694,True,walking_dual_task,P09,27,0.875
2026-04-01T14:05:31.039582,1526.9638243642103,96019.0,81.0,-3.687564936826333,8.878889109186815,5.700194727023911,11.17698648574554,0.1904394729515495,True,walking_dual_task,P09,27,0.875
2026-04-01T14:05:31.040221,1522.2978845062203,96041.0,82.0,-3.4838362862890837,8.793650678128362,5.982461608759983,11.191749390461663,0.014762904716123515,True,walking_dual_task,P09,27,0.875
2026-04-01T14:05:31.040735,1522.5386194876878,96041.0,81.0,-3.339522119770608,9.280080707992122,6.176953741652933,11.63731341254522,0.4455640220835573,True,walking_dual_task,P09,27,0.875
2026-04-01T14:05:31.100144,1482.7853809414905,96062.0,81.0,-3.091761378312359,9.510948464195039,5.771011226104744,11.54650162087309,0.09081179167212916,True,walking_dual_task,P09,27,0.875
2026-04-01T14:05:31.100198,1616.465280101152,96062.0,83.0,-2.7187562636423426,9.8654702022065,6.511636494052033,12.129325940149728,0.5828243192766376,True,walking_dual_task,P09,27,0.875
2026-04-01T14:05:31.160608,1602.3428899710684,96082.0,82.0,-3.083470062397598,9.93506690958665,6.039942613009848,12.02889225540399,0.1004336847457381,True,walking_dual_task,P09,27,0.875
2026-04-01T14:05:31.160664,1634.4849265138669,96082.0,82.0,-2.352681708375261,9.372030490638785,5.9671031599135445,11.356777133475711,0.6721151219282788,True,walking_dual_task,P09,27,0.875
2026-04-01T14:05:31.161490,1605.0447786783989,95989.0,81.0,-2.449633907271126,9.207551600338162,6.247744319750134,11.393595650079579,0.03681851660386748,True,walking_dual_task,P09,27,0.875
2026-04-01T14:05:31.161528,1531.482850166802,95989.0,82.0,-2.4679745451205273,8.170177436423124,5.582280647811656,10.198262348504912,1.1953333015746672,True,walking_dual_task,P09,27,0.875
2026-04-01T14:05:31.219506,1518.986222692419,95873.0,83.0,-2.22184891319705,8.145185624879632,5.193450211649252,9.912244274517269,0.286018073987643,True,walking_dual_task,P09,27,0.875
2026-04-01T14:05:31.220027,1527.2458813531982,95873.0,82.0,-2.094268309993569,7.6782122152357255,5.187357149506424,9.499977724867245,0.41226654965002396,True,walking_dual_task,P09,27,0.875
2026-04-01T14:05:31.279902,1611.8651909563657,95852.0,81.0,-2.181227240624493,7.957957730827662,5.292544632647941,9.802952219074243,0.30297449420699785,True,walking_dual_task,P09,27,0.875
2026-04-01T14:05:31.279959,1570.2159897909867,95852.0,80.0,-2.21343232863028,8.480459165228256,5.882533289955497,10.555646272680997,0.7526940536067546,True,walking_dual_task,P09,27,0.875
2026-04-01T14:05:31.280951,1398.8293086474455,95836.0,81.0,-1.9757050315329763,9.42617126407378,6.418628330132169,11.57388891909933,1.018242646418333,True,walking_dual_task,P09,27,0.875
2026-04-01T14:05:31.340926,1536.1579280644348,95836.0,82.0,-2.1965131080945515,9.421582669452095,6.3095538319350055,11.549950622813803,0.023938296285527016,True,walking_dual_task,P09,27,0.875
2026-04-01T14:05:31.341618,1706.7412635775843,95809.0,82.0,-2.468499686614103,7.709380228054401,5.6952133481972185,9.897650695241463,1.65229992757234,True,walking_dual_task,P09,27,0.875
2026-04-01T14:05:31.341661,1408.211558337975,95809.0,82.0,-2.6471570264476765,7.900931456504471,5.88404617242753,10.200693974544684,0.30304327930322117,True,walking_dual_task,P09,27,0.875
2026-04-01T14:05:31.342154,1612.5105966067624,95830.0,83.0,-3.3618706132517078,5.762340096955418,4.652209923228756,8.133252398826297,2.0674415757183873,True,walking_dual_task,P09,27,0.875
2026-04-01T14:05:31.399564,1472.7960045592138,95830.0,82.0,-3.177571710334903,6.098566606190268,4.5406068005620925,8.240545293957826,0.10729289513152906,True,walking_dual_task,P09,27,0.875
2026-04-01T14:05:31.400034,1552.2835218978337,95878.0,82.0,-3.1004463403759126,6.252768194720045,4.638241656864309,8.379926209336471,0.13938091537864494,True,walking_dual_task,P09,27,0.875
2026-04-01T14:05:31.400063,1524.2251353892746,95878.0,81.0,-3.2762842238251406,6.1070090360111235,4.829235325493138,8.446958713655336,0.0670325043188651,True,walking_dual_task,P09,27,0.875
2026-04-01T14:05:31.459865,1499.0930297687823,95885.0,81.0,-3.3032948490513068,5.752253878757853,4.516045296387275,8.024639971018967,0.42231874263636904,True,walking_dual_task,P09,27,0.875
2026-04-01T14:05:31.519709,1559.847305486029,95885.0,83.0,-3.3649409336517997,5.927603000975989,4.926438270593056,8.41005938493355,0.38541941391458323,True,walking_dual_task,P09,27,0.875
2026-04-01T14:05:31.579852,1614.9099606212746,95852.0,81.0,-2.8987731798706227,5.647175270055484,4.592080833791304,7.8345823668614845,0.5754770180720659,True,walking_dual_task,P09,27,0.875
2026-04-01T14:05:31.580034,1646.9018829087356,95852.0,81.0,-3.2888643207709953,6.028107831599907,4.358720606914567,8.133459158253533,0.2988767913920487,True,walking_dual_task,P09,27,0.875
2026-04-01T14:05:31.580869,1411.0737526851185,95838.0,81.0,-3.3943567514966952,5.901551279035254,4.545235794530349,8.185910681371608,0.05245152311807466,True,walking_dual_task,P09,27,0.875
2026-04-01T14:05:31.581294,1553.2313797792442,95838.0,81.0,-2.994521056499629,5.966489322411897,4.813655369465743,8.2302751599361,0.04436447856449277,True,walking_dual_task,P09,27,0.875
2026-04-01T14:05:31.581978,1445.0547064436962,95842.0,82.0,-2.9086573851718778,5.830489231269314,4.698163313097737,8.032909247389757,0.19736591254634384,True,walking_dual_task,P09,27,0.875
2026-04-01T14:05:31.582905,1580.4561530681435,95842.0,82.0,-3.1441655278817366,5.956708435249691,4.820703671147051,8.282954553437156,0.25004530604739905,True,walking_dual_task,P09,27,0.875
2026-04-01T14:05:31.583343,1521.9712450161906,95829.0,82.0,-2.9857369363799764,5.604986555706722,4.686765188235043,7.89279844368071,0.3901561097564459,True,walking_dual_task,P09,27,0.875
2026-04-01T14:05:31.639902,1442.1739962295746,95829.0,82.0,-0.9918481799059884,7.52472951071368,5.617349038997361,9.442453454866099,1.549655011185389,True,walking_dual_task,P09,27,0.875
2026-04-01T14:05:31.640584,1360.8550059863373,95808.0,83.0,-0.4788264017615874,7.265684500883819,6.157355165038839,9.535851751041317,0.09339829617521822,True,walking_dual_task,P09,27,0.875
2026-04-01T14:05:31.640954,1528.7203702789286,95808.0,81.0,-0.32855576830053,8.62947567708965,5.775924864697509,10.389278482984098,0.8534267319427808,True,walking_dual_task,P09,27,0.875
2026-04-01T14:05:31.699801,1562.5247840282605,95778.0,82.0,-0.576293702560879,8.56815283821938,5.884807770520636,10.410394804553677,0.0211163215695791,True,walking_dual_task,P09,27,0.875
2026-04-01T14:05:31.700502,1694.4618505160101,95778.0,82.0,-0.7951736653592196,10.607552796590511,6.685476751776485,12.563760459714274,2.153365655160597,True,walking_dual_task,P09,27,0.875
2026-04-01T14:05:31.700526,1550.8676017751934,95765.0,83.0,-1.1317542198969193,11.122391376453514,7.242289537116147,13.320631189425072,0.7568707297107977,True,walking_dual_task,P09,27,0.875
2026-04-01T14:05:31.759390,1587.9821871550898,95765.0,81.0,-1.3112961153727778,10.894008396671728,6.87116896572396,12.946500662513943,0.374130526911129,True,walking_dual_task,P09,27,0.875
2026-04-01T14:05:31.760110,1572.068950487108,95759.0,83.0,-2.42475329616433,10.37603929682201,6.500826443292656,12.482081736724343,0.46441892578959987,True,walking_dual_task,P09,27,0.875
2026-04-01T14:05:31.760581,1564.1806478469073,95759.0,82.0,-2.4670190632013522,10.372045337601682,6.915085870106938,12.707632357540735,0.2255506208163922,True,walking_dual_task,P09,27,0.875
2026-04-01T14:05:31.879887,1493.7249391184562,95727.0,81.0,-2.2529400792397682,9.382256375135398,5.876431229285801,11.29756246638801,1.410069891152725,True,walking_dual_task,P09,27,0.875
2026-04-01T14:05:31.880219,1530.282384247723,95727.0,81.0,-2.3295587055933256,9.93663267691435,5.788715363455182,11.7334026726193,0.4358402062312905,True,walking_dual_task,P09,27,0.875
2026-04-01T14:05:31.881013,1446.4615687208002,95602.0,83.0,-2.706193802015466,9.024867548027775,4.920680748400351,10.629431696059278,1.1039709765600225,True,walking_dual_task,P09,27,0.875
2026-04-01T14:05:31.881731,1507.4367553477637,95602.0,82.0,-3.502180472524112,8.15461657907218,4.382612143080016,9.897996201781474,0.7314354942778039,True,walking_dual_task,P09,27,0.875
2026-04-01T14:05:31.882058,1524.9065687044495,95515.0,82.0,-3.4056142473475486,8.14479640875111,4.515059754227176,9.915728996195064,0.01773279441358966,True,walking_dual_task,P09,27,0.875
2026-04-01T14:05:31.883333,1531.8432400456306,95515.0,82.0,-4.233248050036102,7.104733414329893,3.9851512770609303,9.18036255508956,0.7353664411055032,True,walking_dual_task,P09,27,0.875
2026-04-01T14:05:31.940042,1480.5536516272412,95532.0,82.0,-4.220021917092289,7.04246893073069,3.6281229771766976,8.9759807240526,0.20438183103695984,True,walking_dual_task,P09,27,0.875
2026-04-01T14:05:31.940456,1456.1148553652113,95532.0,81.0,-4.230998196181703,6.754109365157162,3.298202523626374,8.625397320671778,0.3505834033808224,True,walking_dual_task,P09,27,0.875
2026-04-01T14:05:31.941102,1518.9666464440195,95618.0,81.0,-3.8383481703515767,7.025455655036939,4.081733050420762,8.986127560447214,0.3607302397754353,True,walking_dual_task,P09,27,0.875
2026-04-01T14:05:32.000137,1478.717506022379,95618.0,82.0,-4.144462050159353,7.055911387751002,3.898516071605345,9.064263828771232,0.07813626832401788,True,walking_dual_task,P09,27,0.875
2026-04-01T14:05:32.000409,1546.8232802019425,95664.0,83.0,-3.2150144539212087,9.667007960592333,5.9117575468677055,11.778634816566184,2.7143709877949522,True,walking_dual_task,P09,27,0.875
2026-04-01T14:05:32.000968,1383.5275352983736,95664.0,82.0,-3.2632350936637162,9.65504478006084,5.76443652113297,11.708856536300635,0.06977828026554889,True,walking_dual_task,P09,27,0.875
2026-04-01T14:05:32.059575,1556.8310992874297,95647.0,83.0,-3.0048691490917276,10.28120784482305,6.84682155122438,12.712648768290773,1.003792231990138,True,walking_dual_task,P09,27,0.875
2026-04-01T14:05:32.119787,1561.308847193697,95647.0,82.0,-3.0940262740411453,9.96842743535488,6.605015566951439,12.35187332990683,0.36077543838394277,True,walking_dual_task,P09,27,0.875
2026-04-01T14:05:32.120436,1461.9328522798414,95620.0,82.0,-3.1079514194871356,9.943579596282122,6.606315749173784,12.336026304741402,0.015847025165427908,True,walking_dual_task,P09,27,0.875
2026-04-01T14:05:32.120993,1546.558371898275,95620.0,83.0,-3.3018127179004333,8.680368660867822,5.449246220311058,10.767778400498388,1.5682479042430142,True,walking_dual_task,P09,27,0.875
2026-04-01T14:05:32.121475,1652.2453089717992,95634.0,83.0,-3.080572586707641,8.424354014506385,5.976174283760856,10.778419508146314,0.010641107647925807,True,walking_dual_task,P09,27,0.875
2026-04-01T14:05:32.122053,1442.3318912746745,95634.0,80.0,-2.8814979015393476,7.437155008099834,4.5528106127939045,9.183811259332856,1.5946082488134579,True,walking_dual_task,P09,27,0.875
2026-04-01T14:05:32.179861,1525.1983247130183,95674.0,81.0,-3.230779901240501,7.214617895782571,4.693235986244104,9.193210221407012,0.009398962074156358,True,walking_dual_task,P09,27,0.875
2026-04-01T14:05:32.180744,1512.6451268297824,95674.0,82.0,-2.7715327647037107,6.997334929176693,4.172929654423012,8.605662779685558,0.5875474417214548,True,walking_dual_task,P09,27,0.875
2026-04-01T14:05:32.180778,1502.7525817129638,95695.0,81.0,-3.163233135534468,8.203915956606895,4.874554378979516,10.053435297769655,1.447772518084097,True,walking_dual_task,P09,27,0.875
2026-04-01T14:05:32.239832,1635.225002408051,95695.0,81.0,-3.0419038269551146,8.039396308662004,4.198817017226162,9.566354386302049,0.487080911467606,True,walking_dual_task,P09,27,0.875
2026-04-01T14:05:32.240411,1477.4743484774986,95676.0,82.0,-3.224923622273277,9.14318151073288,4.737254210288927,10.790712578908028,1.2243581926059797,True,walking_dual_task,P09,27,0.875
2026-04-01T14:05:32.240815,1507.4251454556381,95676.0,82.0,-3.494252672976988,8.76884735493445,4.378622171611816,10.40551862227339,0.3851939566346374,True,walking_dual_task,P09,27,0.875
2026-04-01T14:05:32.299681,1548.357403380081,95635.0,82.0,-3.563507442001017,8.888417637815438,4.435789494632444,10.553614633580134,0.14809601130674288,True,walking_dual_task,P09,27,0.875
2026-04-01T14:05:32.300224,1566.4194325529138,95635.0,81.0,-3.8172007339566383,9.387191976276586,4.9854566685204995,11.29358990031452,0.7399752667343868,True,walking_dual_task,P09,27,0.875
2026-04-01T14:05:32.360669,1637.2088141187335,95618.0,83.0,-3.5918674605780674,8.387224073839661,4.7956618514336595,10.30754151640687,0.9860483839076508,True,walking_dual_task,P09,27,0.875
2026-04-01T14:05:32.361929,1548.0398543182225,95618.0,81.0,-3.609634004754956,8.56627316434178,4.802609083609908,10.463056321380375,0.1555148049735049,True,walking_dual_task,P09,27,0.875
2026-04-01T14:05:32.362255,1528.9576730276717,95639.0,81.0,-3.7618361118314483,8.43329837121021,5.173264164029027,10.584639552718027,0.12158323133765236,True,walking_dual_task,P09,27,0.875
2026-04-01T14:05:32.362789,1428.210273259327,95639.0,82.0,-4.038171216846375,8.76553459471438,5.062758821425595,10.898300344164856,0.31366079144682857,True,walking_dual_task,P09,27,0.875
2026-04-01T14:05:32.419567,1618.6980644109092,95671.0,82.0,-4.088599178061175,8.234010910366528,4.739599249810633,10.343083677495946,0.55521666666891,True,walking_dual_task,P09,27,0.875
2026-04-01T14:05:32.420112,1574.976255019706,95671.0,82.0,-3.9261440675380666,8.422011874237505,5.320037023189002,10.707365930842355,0.36428225334640985,True,walking_dual_task,P09,27,0.875
2026-04-01T14:05:32.420136,1660.6133208009703,95702.0,81.0,-3.806915043775245,8.223251267180583,4.780791638692848,10.245507905726528,0.4618580251158271,True,walking_dual_task,P09,27,0.875
2026-04-01T14:05:32.479752,1590.0701548261113,95702.0,83.0,-4.236482607736812,8.528928320252257,5.060863705529829,10.784375022392656,0.5388671166661272,True,walking_dual_task,P09,27,0.875
2026-04-01T14:05:32.480165,1537.2640002878813,95636.0,82.0,-4.075930894201255,8.478724816898673,5.06573551152601,10.684739746373488,0.09963527601916766,True,walking_dual_task,P09,27,0.875
2026-04-01T14:05:32.481289,1549.0597362337521,95636.0,82.0,-4.087662499758612,8.637111631835772,5.181777779281095,10.870119732853771,0.18537998648028342,True,walking_dual_task,P09,27,0.875
2026-04-01T14:05:32.599954,1490.4885439742318,95506.0,82.0,-3.9105960457836764,8.551561398204505,4.802506734141915,10.558694744713419,0.31142498814035235,True,walking_dual_task,P09,27,0.875
2026-04-01T14:05:32.600661,1518.7501757913521,95506.0,81.0,-3.9964021946012163,8.409210978402879,4.805616238851982,10.477595488251243,0.08109925646217597,True,walking_dual_task,P09,27,0.875
2026-04-01T14:05:32.601355,1610.2294132776772,95414.0,81.0,-4.044522919692516,8.645968903002899,4.966717798778828,10.76007572521298,0.28248023696173696,True,walking_dual_task,P09,27,0.875
2026-04-01T14:05:32.659695,1586.6154244419668,95414.0,81.0,-4.010922048033317,8.663197985401542,4.773497441217632,10.673554835713189,0.08652088949979131,True,walking_dual_task,P09,27,0.875
2026-04-01T14:05:32.660330,1539.9065497373795,95407.0,82.0,-3.5117216877163044,8.285216094042196,5.507763985256887,10.550471982534512,0.12308285317867629,True,walking_dual_task,P09,27,0.875
2026-04-01T14:05:32.661041,1554.4883575166987,95407.0,82.0,-2.6126990599456072,8.937381519977265,5.211729890070409,10.670759732021198,0.12028774948668541,True,walking_dual_task,P09,27,0.875
2026-04-01T14:05:32.661650,1697.950681029203,95409.0,81.0,-2.3503206783691923,9.271220738774206,5.053131606771193,10.817286180627598,0.14652644860639974,True,walking_dual_task,P09,27,0.875
2026-04-01T14:05:32.661864,1512.4216381474416,95409.0,82.0,-2.1137039954962886,8.64423959583099,5.165060201563616,10.289240480059044,0.528045700568553,True,walking_dual_task,P09,27,0.875
2026-04-01T14:05:32.662237,1608.7152093981124,95402.0,82.0,-2.223962534116073,8.206840298614308,5.552561391520762,10.155253568804609,0.13398691125443563,True,walking_dual_task,P09,27,0.875
2026-04-01T14:05:32.719584,1547.753701134369,95402.0,82.0,-2.0071981331601942,7.17292237822058,4.945148252663094,8.940590082905949,1.2146634858986598,True,walking_dual_task,P09,27,0.875
2026-04-01T14:05:32.720202,1629.5981501573572,95402.0,83.0,-2.0857961619415906,5.6191039547460715,3.9710009537434177,7.189834730927015,1.7507553519789338,True,walking_dual_task,P09,27,0.875
2026-04-01T14:05:32.720706,1536.1299456502688,95402.0,81.0,-2.0463176587767986,5.503891592735301,3.855147875420114,7.024414834458477,0.1654198964685385,True,walking_dual_task,P09,27,0.875
2026-04-01T14:05:32.779621,1543.5351700127003,95417.0,81.0,-1.6302773110366175,5.288114868265705,3.7047450396987736,6.659361739688441,0.3650530947700359,True,walking_dual_task,P09,27,0.875
2026-04-01T14:05:32.780497,1460.5316253568542,95417.0,81.0,-1.552813834145477,4.888917378527856,3.454448199218723,6.184331515909439,0.47503022377900184,True,walking_dual_task,P09,27,0.875
2026-04-01T14:05:32.781009,1696.737804901559,95412.0,81.0,-0.6892357781951168,5.306341312409042,3.6739716535962232,6.49079130716369,0.3064597912542508,True,walking_dual_task,P09,27,0.875
2026-04-01T14:05:32.840515,1648.9907172615801,95412.0,81.0,-0.8002811944904058,5.1510680688077155,3.9386817003840418,6.533541595236504,0.042750288072814335,True,walking_dual_task,P09,27,0.875
2026-04-01T14:05:32.841077,1535.3966276429683,95414.0,82.0,-0.5421130537616211,5.968337107293493,4.343974724279529,7.401692427717773,0.8681508324812688,True,walking_dual_task,P09,27,0.875
2026-04-01T14:05:32.841638,1519.233407353816,95414.0,82.0,-0.49327081563617053,6.462857965770732,4.987466508786234,8.17842719351031,0.7767347657925363,True,walking_dual_task,P09,27,0.875
2026-04-01T14:05:32.900069,1592.0593216515917,95419.0,82.0,-0.0930349097327226,6.287351248055066,4.618243122518494,7.801769719078996,0.3766574744313136,True,walking_dual_task,P09,27,0.875
2026-04-01T14:05:32.901143,1591.9812588325617,95419.0,82.0,-0.6236905380065847,5.742532808964442,4.831492819314335,7.530537551351694,0.27123216772730174,True,walking_dual_task,P09,27,0.875
2026-04-01T14:05:32.901189,1450.1116029616287,95418.0,81.0,-0.7235598694859331,5.821836729734438,4.360723767913572,7.309803935295516,0.2207336160561777,True,walking_dual_task,P09,27,0.875
2026-04-01T14:05:32.959937,1508.9894586396335,95418.0,84.0,-1.883820252584571,5.70413780965679,5.305717587557473,8.014774233534007,0.7049702982384911,True,walking_dual_task,P09,27,0.875
2026-04-01T14:05:32.960508,1444.9944186252528,95437.0,80.0,-2.136961442669268,5.966507861015429,4.807300020991014,7.95461839152792,0.060155842006087035,True,walking_dual_task,P09,27,0.875
2026-04-01T14:05:32.960952,1621.9348825926484,95437.0,82.0,-1.9882064482554351,5.961748238388233,4.982883190414009,8.020257591132605,0.06563919960468478,True,walking_dual_task,P09,27,0.875
2026-04-01T14:05:33.019636,1575.32548498988,95432.0,82.0,-1.7910538065780863,6.603154323152119,5.228010668515898,8.610552613133283,0.590295022000678,True,walking_dual_task,P09,27,0.875
2026-04-01T14:05:33.020239,1578.0215340562684,95432.0,81.0,-1.7442583678193748,6.288039333453438,4.91939203172589,8.172043433228536,0.4385091799047469,True,walking_dual_task,P09,27,0.875
2026-04-01T14:05:33.020730,1661.7256932339708,95440.0,81.0,-1.9773081728597195,7.734375709866073,5.840171675540535,9.891305294631751,1.719261861403215,True,walking_dual_task,P09,27,0.875
2026-04-01T14:05:33.079737,1563.7930842468247,95440.0,82.0,-1.856023063891425,8.938771668843101,6.4811081333034535,11.19603604839593,1.3047307537641792,True,walking_dual_task,P09,27,0.875
2026-04-01T14:05:33.080453,1499.9729683238986,95413.0,81.0,-1.5691798385439222,8.43207790832223,6.3700893872974325,10.683646475799726,0.512389572596204,True,walking_dual_task,P09,27,0.875
2026-04-01T14:05:33.080939,1372.5473183776462,95413.0,83.0,-2.574874435583242,9.286971939520688,6.835845895034686,11.815524333059763,1.1318778572600365,True,walking_dual_task,P09,27,0.875
2026-04-01T14:05:33.140042,1527.4872780293947,95287.0,82.0,-2.395566657483452,9.270459162658378,6.754269295857147,11.717521342755118,0.09800299030464465,True,walking_dual_task,P09,27,0.875
2026-04-01T14:05:33.140407,1611.6026317882054,95287.0,83.0,-2.423549805744345,9.374382438540579,6.734393640205081,11.79426544835142,0.07674410559630118,True,walking_dual_task,P09,27,0.875
2026-04-01T14:05:33.140792,1531.1022297485788,95174.0,81.0,-2.0246107204788193,9.466061760887891,6.65030425549498,11.74444211195561,0.04982333639580894,True,walking_dual_task,P09,27,0.875
2026-04-01T14:05:33.199749,1569.2049646488695,95174.0,81.0,-2.201632000028465,9.251259196303845,7.160916995546622,11.904272863046037,0.15983075109042666,True,walking_dual_task,P09,27,0.875
2026-04-01T14:05:33.200180,1643.2129249086654,95135.0,82.0,-2.4391191368915854,9.370728745040408,7.022847792398512,11.961615714119642,0.057342851073604706,True,walking_dual_task,P09,27,0.875
2026-04-01T14:05:33.320287,1544.7011847155288,95135.0,81.0,-3.5504404376662553,9.227744661783316,5.778135076365456,11.451800897902961,0.5098148162166805,True,walking_dual_task,P09,27,0.875
2026-04-01T14:05:33.320908,1460.9758228992857,95110.0,81.0,-3.1716736905708642,9.422299332478298,6.194385328125949,11.713652218824938,0.26185132092197705,True,walking_dual_task,P09,27,0.875
2026-04-01T14:05:33.321285,1494.0901856642258,95110.0,81.0,-5.887187920405157,7.287927135428568,4.531011979368254,10.40686951482813,1.3067827039968076,True,walking_dual_task,P09,27,0.875
2026-04-01T14:05:33.321777,1504.9396320928765,95128.0,81.0,-6.10365069061886,6.582535687356318,4.151428146112724,9.89033282962452,0.5165366852036115,True,walking_dual_task,P09,27,0.875
2026-04-01T14:05:33.322500,1538.13590307102,95128.0,81.0,-5.953583416932437,6.55408113362098,3.951289545904012,9.696072611322057,0.1942602183024622,True,walking_dual_task,P09,27,0.875
2026-04-01T14:05:33.322869,1639.452957014435,95128.0,81.0,-3.473175238575486,7.2784921707827746,5.687422510690649,9.868443105835425,0.17237049451336794,True,walking_dual_task,P09,27,0.875
2026-04-01T14:05:33.323270,1448.686520322223,95128.0,81.0,-3.5313371214778284,6.9142437979714915,5.945536760413381,9.77888114933101,0.08956195650441501,True,walking_dual_task,P09,27,0.875
2026-04-01T14:05:33.379895,1619.1675127014496,95025.0,82.0,-2.1957142852385925,8.736675413630916,7.666477911128779,11.82901272580976,2.0501315764787496,True,walking_dual_task,P09,27,0.875
2026-04-01T14:05:33.380937,1526.3970561759215,95025.0,82.0,-1.966715297623916,9.064395881019415,7.409869961678289,11.87170647374386,0.0426937479341003,True,walking_dual_task,P09,27,0.875
2026-04-01T14:05:33.380980,1477.364078458872,94913.0,82.0,-2.0388853273498584,9.005135093932063,7.645663192566897,11.987730272750618,0.11602379900675786,True,walking_dual_task,P09,27,0.875
2026-04-01T14:05:33.440096,1458.2825493007817,94913.0,82.0,-2.297882288148312,8.863306164216135,7.631543115780367,11.919685796984423,0.06804447576619488,True,walking_dual_task,P09,27,0.875
2026-04-01T14:05:33.440706,1658.6073331191074,94903.0,81.0,-2.0725322108868927,8.799821640076775,7.290114304236406,11.613699549719696,0.3059862472647268,True,walking_dual_task,P09,27,0.875
2026-04-01T14:05:33.441107,1554.474758264477,94903.0,81.0,-2.0501706525343177,8.910366514548235,7.402902850118882,11.76438701065184,0.15068746093214358,True,walking_dual_task,P09,27,0.875
2026-04-01T14:05:33.500689,1427.2186102738738,94957.0,81.0,-2.131940906147077,9.073006671011248,7.06913776750863,11.69774896531528,0.0666380453365587,True,walking_dual_task,P09,27,0.875
2026-04-01T14:05:33.501218,1585.3247770166513,94957.0,81.0,-2.205540206934509,8.826329078807177,7.726423685576492,11.935917039793772,0.23816807447849087,True,walking_dual_task,P09,27,0.875
2026-04-01T14:05:33.502740,1503.2226039835095,95029.0,82.0,-1.7949788976251897,8.585349245808507,7.708124039669757,11.676701037808549,0.259216001985223,True,walking_dual_task,P09,27,0.875
2026-04-01T14:05:33.560281,1467.5339945161702,95029.0,82.0,-2.3461182381480543,8.486904659810328,7.216896819882584,11.384876863669302,0.2918241741392471,True,walking_dual_task,P09,27,0.875
2026-04-01T14:05:33.619970,1588.480595150886,95068.0,82.0,-2.069009264508992,8.831450572852962,7.856672861003058,12.000109457925412,0.6152325942561099,True,walking_dual_task,P09,27,0.875
2026-04-01T14:05:33.679482,1555.7309071883478,95068.0,81.0,-2.425225310711792,8.996616613414314,7.435802716190594,11.921073371579716,0.07903608634569537,True,walking_dual_task,P09,27,0.875
2026-04-01T14:05:33.680154,1585.532582803153,95094.0,83.0,-2.284168049646604,8.303321333019131,7.588361070445956,11.478057003424258,0.4430163681554582,True,walking_dual_task,P09,27,0.875
2026-04-01T14:05:33.681054,1612.2926399121104,95094.0,81.0,-3.913375144530619,7.382507933038733,5.925775142562646,10.24357063935341,1.2344863640708486,True,walking_dual_task,P09,27,0.875
2026-04-01T14:05:33.681551,1577.2024373344289,95153.0,82.0,-4.531561953325119,7.3088899213743606,5.772553903808735,10.357475763523125,0.11390512416971532,True,walking_dual_task,P09,27,0.875
2026-04-01T14:05:33.682006,1619.5854911899671,95153.0,82.0,-5.603144101757737,6.571637458842951,5.058792846818164,10.008647650034893,0.3488281134882314,True,walking_dual_task,P09,27,0.875
2026-04-01T14:05:33.682734,1425.7619381003633,95262.0,82.0,-5.213155257886469,6.661062595527922,4.898626956788573,9.77462473479909,0.2340229152358031,True,walking_dual_task,P09,27,0.875
2026-04-01T14:05:33.739735,1497.2920637843476,95262.0,82.0,-5.689451388042698,6.69710118858603,4.525503469952556,9.884391892454184,0.10976715765509404,True,walking_dual_task,P09,27,0.875
2026-04-01T14:05:33.740309,1511.1322123565285,95378.0,83.0,-5.750105454306566,6.835406447975206,4.228237718128533,9.882534505159692,0.0018573872944926961,True,walking_dual_task,P09,27,0.875
2026-04-01T14:05:33.740798,1549.8449200297914,95378.0,81.0,-5.986974132769682,8.770488031117983,4.871234743724902,11.683075258634164,1.800540753474472,True,walking_dual_task,P09,27,0.875
2026-04-01T14:05:33.741251,1566.226825353603,95368.0,82.0,-4.592306134541573,11.276123776160718,5.851308466932071,13.50844379726385,1.8253685386296858,True,walking_dual_task,P09,27,0.875
2026-04-01T14:05:33.800076,1541.8050323273533,95368.0,82.0,-4.696915087388861,11.282348711810904,5.981568145812774,13.606305937911449,0.09786214064759946,True,walking_dual_task,P09,27,0.875
2026-04-01T14:05:33.800617,1534.2129815329663,95240.0,82.0,-3.7959539118899497,10.480241322392422,5.767529628018719,12.550263833356174,1.0560421045552744,True,walking_dual_task,P09,27,0.875
2026-04-01T14:05:33.801045,1635.6872253862275,95240.0,82.0,-4.177414194260342,11.083087667054105,5.936894196662366,13.248861622357518,0.6985977890013437,True,walking_dual_task,P09,27,0.875
2026-04-01T14:05:33.859968,1375.5462823610735,95180.0,83.0,-2.5021896268107318,10.859583098088853,6.724550610645683,13.01580112432391,0.23306049803360906,True,walking_dual_task,P09,27,0.875
2026-04-01T14:05:33.860539,1552.109270555935,95180.0,82.0,-1.4230705830834633,10.720630324289846,8.20480540230333,13.574825086320134,0.5590239619962247,True,walking_dual_task,P09,27,0.875
2026-04-01T14:05:33.860904,1465.2421804961352,95161.0,82.0,-1.6801921205470853,10.496061971842623,8.183157165376732,13.414709228006618,0.1601158583135156,True,walking_dual_task,P09,27,0.875
2026-04-01T14:05:33.919580,1643.2478684191506,95161.0,82.0,-1.7084855653845081,8.693992805426998,7.482413734026435,11.597023286821969,1.8176859411846493,True,walking_dual_task,P09,27,0.875
2026-04-01T14:05:33.919936,1492.7067899790688,95158.0,82.0,-1.462960783916587,8.768606929497038,7.325831834936509,11.519398153248742,0.07762513357322653,True,walking_dual_task,P09,27,0.875
2026-04-01T14:05:33.920397,1531.771774044549,95158.0,82.0,-1.6350932010049113,7.814127615529181,6.874584003504123,10.53537020654628,0.9840279467024615,True,walking_dual_task,P09,27,0.875
2026-04-01T14:05:33.979629,1461.7853246858663,95210.0,82.0,-0.9066477034308089,8.580524039676302,6.240034287521968,10.648259518017444,0.11288931147116266,True,walking_dual_task,P09,27,0.875
2026-04-01T14:05:34.040023,1488.2886681100981,95210.0,81.0,-1.1446256507378476,8.624762599899197,6.653232897437322,10.952725951674735,0.3044664336572911,True,walking_dual_task,P09,27,0.875
2026-04-01T14:05:34.040397,1599.5057881231653,95270.0,82.0,-0.9076812293873044,9.625128395147598,7.153316108107733,12.026508769371608,1.0737828176968733,True,walking_dual_task,P09,27,0.875
2026-04-01T14:05:34.040724,1523.5352984670435,95270.0,81.0,-1.0971462822375244,9.562001077210036,6.801162363843794,11.785219729159012,0.241289040212596,True,walking_dual_task,P09,27,0.875
2026-04-01T14:05:34.041470,1443.8777873942167,95289.0,82.0,-1.805345218895315,9.298842075440175,7.169953616896291,11.88006608448829,0.09484635532927754,True,walking_dual_task,P09,27,0.875
2026-04-01T14:05:34.041817,1407.5105069992396,95289.0,81.0,-1.8666847067791177,7.804273355716481,5.634793046415648,9.805207141167562,2.074858943320727,True,walking_dual_task,P09,27,0.875
2026-04-01T14:05:34.099447,1525.2540796798557,95305.0,82.0,-2.082010957459247,7.460293232224085,5.936810804376203,9.758917320313092,0.04628982085447042,True,walking_dual_task,P09,27,0.875
2026-04-01T14:05:34.099789,1577.1170555071628,95305.0,81.0,-2.270708881427866,5.648900508108213,4.547438592278942,7.599038986954107,2.159878333358985,True,walking_dual_task,P09,27,0.875
2026-04-01T14:05:34.100524,1497.3295215556786,95414.0,81.0,-2.0772978630315517,5.426498239732976,4.558013843206258,7.3849536053004705,0.21408538165363655,True,walking_dual_task,P09,27,0.875
2026-04-01T14:05:34.160034,1549.5013655843989,95414.0,82.0,-2.391134158220834,5.49016715961494,4.546994734462119,7.518950666040513,0.13399706074004225,True,walking_dual_task,P09,27,0.875
2026-04-01T14:05:34.160878,1436.618550102178,95496.0,82.0,-2.246634653441982,4.77127415958878,3.8177111241623547,6.51055624348327,1.0083944225572425,True,walking_dual_task,P09,27,0.875
2026-04-01T14:05:34.161042,1441.9354593488526,95496.0,81.0,-2.5012633843664243,4.654156806479997,3.6224085555950003,6.406195270277368,0.10436097320590232,True,walking_dual_task,P09,27,0.875
2026-04-01T14:05:34.219497,1542.0910245051286,95559.0,81.0,-2.5403532312671646,4.5413460610233924,3.667395394530994,6.366082591783534,0.04011267849383415,True,walking_dual_task,P09,27,0.875
2026-04-01T14:05:34.219960,1583.3429245118791,95559.0,81.0,-2.292293892895759,4.605933532765723,3.512711133614716,6.229636787797801,0.13644580398573236,True,walking_dual_task,P09,27,0.875
2026-04-01T14:05:34.340491,1477.6608245513853,95616.0,82.0,-2.234560940817615,4.6055471741542995,3.1875936825741036,6.0303466614096655,0.19929012638813592,True,walking_dual_task,P09,27,0.875
2026-04-01T14:05:34.340566,1526.8769785860375,95616.0,82.0,-2.27914345625539,4.401545135039663,3.714825261974397,6.194192537933111,0.16384587652344518,True,walking_dual_task,P09,27,0.875
2026-04-01T14:05:34.343228,1499.5321525277257,95675.0,82.0,-2.7025336851471153,3.8878022423883745,3.735072151376691,6.030709624187242,0.16348291374586843,True,walking_dual_task,P09,27,0.875
2026-04-01T14:05:34.343270,1455.0842875184633,95675.0,81.0,-2.3547983750842296,4.041730475462633,3.640848901703997,5.927599965299778,0.10310965888746448,True,walking_dual_task,P09,27,0.875
2026-04-01T14:05:34.343285,1560.3064662049078,95723.0,80.0,-2.713571372044383,4.192070824132992,4.184818521822873,6.515338321708066,0.5877383564082885,True,walking_dual_task,P09,27,0.875
2026-04-01T14:05:34.343297,1608.8217627253289,95723.0,82.0,-2.5551450128655193,4.20371450588864,4.020539824404479,6.353323709949975,0.1620146117580914,True,walking_dual_task,P09,27,0.875
2026-04-01T14:05:34.343308,1633.834584646551,95750.0,82.0,-2.5523696542253855,4.940592868322388,4.6569133162927185,7.253336499693992,0.9000127897440171,True,walking_dual_task,P09,27,0.875
2026-04-01T14:05:34.399659,1493.3618805758015,95750.0,82.0,-2.397780330741759,5.165355986298255,4.636604291968054,7.343592604439319,0.09025610474532719,True,walking_dual_task,P09,27,0.875
2026-04-01T14:05:34.459935,1533.1184145380703,95657.0,82.0,-2.5976233671257396,4.813559852798351,4.5705501516647695,7.127968455513295,0.21562414892602444,True,walking_dual_task,P09,27,0.875
2026-04-01T14:05:34.460542,1490.5454037592308,95657.0,82.0,-2.75458269666259,4.9804184818956525,4.787791435770641,7.437421658074755,0.30945320256146047,True,walking_dual_task,P09,27,0.875
2026-04-01T14:05:34.461044,1757.5726844833816,95513.0,81.0,-2.7080018043359595,5.055922707289092,4.768198241718152,7.458642146308693,0.021220488233938184,True,walking_dual_task,P09,27,0.875
2026-04-01T14:05:34.461431,1535.2640823036954,95513.0,81.0,-2.7774727529054046,5.19159403823084,4.272999936536613,7.274993608833469,0.18364853747522414,True,walking_dual_task,P09,27,0.875
2026-04-01T14:05:34.519923,1508.0339226733454,95421.0,83.0,-2.5688397613896274,4.733737091035716,4.298153317377142,6.890669525265577,0.3843240835678925,True,walking_dual_task,P09,27,0.875
2026-04-01T14:05:34.521294,1483.886530436217,95421.0,83.0,-2.591010063345163,5.007665634080938,4.6957097072181915,7.33755667137054,0.44688714610496305,True,walking_dual_task,P09,27,0.875
2026-04-01T14:05:34.522043,1397.054048911357,95376.0,82.0,-2.901326643624753,5.085482854413918,4.621800660763346,7.45928103126416,0.12172435989362018,True,walking_dual_task,P09,27,0.875
2026-04-01T14:05:34.522386,1366.649711518534,95376.0,81.0,-2.7208395515074306,4.687482893433051,4.750148096206435,7.206897437675124,0.2523835935890357,True,walking_dual_task,P09,27,0.875
2026-04-01T14:05:34.580310,1646.6296019777988,95363.0,82.0,-2.6824445818239293,5.243799619418443,4.59324289564562,7.4693255171781425,0.2624280795030183,True,walking_dual_task,P09,27,0.875
2026-04-01T14:05:34.580919,1479.7049518667222,95363.0,81.0,-2.4394568294550387,4.714907989269414,4.521036932304792,6.972881894404587,0.4964436227735556,True,walking_dual_task,P09,27,0.875
2026-04-01T14:05:34.581424,1612.4994864785083,95360.0,82.0,-2.719045586644295,5.09583698044961,4.4631449800267315,7.299344254541324,0.3264623601367367,True,walking_dual_task,P09,27,0.875
2026-04-01T14:05:34.639960,1617.2192718144631,95360.0,82.0,-2.6892169766266703,8.93392212668812,6.256622045736528,11.233528917321618,3.934184662780294,True,walking_dual_task,P09,27,0.875
2026-04-01T14:05:34.640253,1577.5544270989813,95375.0,81.0,-2.748806713403474,8.589612596805988,6.029852724122529,10.848802089883842,0.38472682743777575,True,walking_dual_task,P09,27,0.875
2026-04-01T14:05:34.640589,1522.0156930547557,95375.0,81.0,-3.631200763362404,7.412953384068437,4.552223204841886,9.426570583458034,1.422231506425808,True,walking_dual_task,P09,27,0.875
2026-04-01T14:05:34.700032,1553.8696334716926,95366.0,81.0,-4.0908188131698004,7.314073016306023,4.7516244009900515,9.633711491326899,0.2071409078688653,True,walking_dual_task,P09,27,0.875
2026-04-01T14:05:34.700699,1515.021931787305,95366.0,82.0,-4.345811145540527,6.75283689807595,3.663305455444856,8.826476507905763,0.8072349834211359,True,walking_dual_task,P09,27,0.875
2026-04-01T14:05:34.701172,1431.2307803405442,95452.0,82.0,-3.549131066314354,7.583941037063355,4.575243555888432,9.541768524504768,0.7152920165990047,True,walking_dual_task,P09,27,0.875
2026-04-01T14:05:34.759976,1530.1828236321846,95452.0,81.0,-4.060290987711769,7.51627590198306,4.579340337168206,9.692818179623535,0.15104965511876678,True,walking_dual_task,P09,27,0.875
2026-04-01T14:05:34.760682,1573.445587959675,95494.0,82.0,-3.2589128305953934,8.592572333822458,5.913305003635903,10.927945287903661,1.2351271082801265,True,walking_dual_task,P09,27,0.875
2026-04-01T14:05:34.761134,1543.937381262186,95494.0,82.0,-2.7586186415798677,8.75139985186658,5.843572280499042,10.87861724551145,0.04932804239221156,True,walking_dual_task,P09,27,0.875
2026-04-01T14:05:34.819654,1417.3661122946444,95454.0,80.0,-3.2697249446391923,8.06481328940358,6.344146826311165,10.769424941023098,0.10919230448835116,True,walking_dual_task,P09,27,0.875
2026-04-01T14:05:34.820307,1538.3721332418286,95454.0,81.0,-3.672572150239003,8.52994829639787,6.064170126081849,11.091526651277345,0.3221017102542465,True,walking_dual_task,P09,27,0.875
2026-04-01T14:05:34.820661,1536.615087318222,95470.0,82.0,-3.509385573654544,7.964640095464427,5.92004620467042,10.526073627914963,0.565453023362382,True,walking_dual_task,P09,27,0.875
2026-04-01T14:05:34.879633,1475.719673017965,95470.0,82.0,-3.5712767163413135,7.975780371128952,5.793392623962083,10.484774103839612,0.041299524075350647,True,walking_dual_task,P09,27,0.875
2026-04-01T14:05:34.880477,1572.3786179482863,95516.0,82.0,-3.5044026755412396,8.068574543298343,5.456632010105497,10.351693879110346,0.13308022472926595,True,walking_dual_task,P09,27,0.875
2026-04-01T14:05:34.881103,1553.7689747544393,95516.0,81.0,-3.3185904902989414,7.868108667060524,5.209933284022841,10.003178577979327,0.3485153011310196,True,walking_dual_task,P09,27,0.875
2026-04-01T14:05:34.940007,1503.301866695947,95558.0,82.0,-3.568886124510725,7.6104643667679195,4.67822321405382,9.61986946315185,0.3833091148274761,True,walking_dual_task,P09,27,0.875
2026-04-01T14:05:34.940410,1545.0116800305727,95558.0,81.0,-3.783182332341391,8.453078241298517,5.006914896933544,10.527877141113944,0.9080076779620931,True,walking_dual_task,P09,27,0.875
2026-04-01T14:05:34.941071,1415.133456084743,95589.0,81.0,-4.451982342344434,8.590559749652227,4.984116051117226,10.883899870905463,0.35602272979151905,True,walking_dual_task,P09,27,0.875
2026-04-01T14:05:35.059819,1597.045804389732,95589.0,81.0,-4.379498571898819,8.49909294159593,5.458851292183943,11.009706898974551,0.1258070280690884,True,walking_dual_task,P09,27,0.875
2026-04-01T14:05:35.060709,1542.7178876095115,95608.0,82.0,-4.413833970282035,8.537534586720291,4.9108229121470135,10.792942546457335,0.2167643525172167,True,walking_dual_task,P09,27,0.875
2026-04-01T14:05:35.060753,1592.911631436667,95608.0,81.0,-4.413855470820382,8.39174254788711,5.507615740351187,10.965276752124135,0.17233420566680024,True,walking_dual_task,P09,27,0.875
2026-04-01T14:05:35.061059,1449.7735881044794,95552.0,81.0,-4.745289306352882,8.425549439394091,5.331721287346174,11.042413949974954,0.07713719785081885,True,walking_dual_task,P09,27,0.875
2026-04-01T14:05:35.061860,1696.0742043925645,95552.0,83.0,-4.356111240191196,7.859019740964157,5.503650060421136,10.537080260364252,0.5053336896107012,True,walking_dual_task,P09,27,0.875
2026-04-01T14:05:35.062234,1480.5359065523687,95464.0,81.0,-4.6051554880257015,8.009741805191924,5.4590559592500645,10.731482321699835,0.19440206133558213,True,walking_dual_task,P09,27,0.875
2026-04-01T14:05:35.120501,1483.058584090025,95464.0,82.0,-4.4751482703413865,7.7704399016446075,5.736552446879594,10.64493881064661,0.08654351105322533,True,walking_dual_task,P09,27,0.875
2026-04-01T14:05:35.120556,1678.6795661916965,95426.0,82.0,-4.010992217942617,8.284183732061283,5.703328940319973,10.82791391175772,0.18297510111111137,True,walking_dual_task,P09,27,0.875
2026-04-01T14:05:35.179779,1596.5003374564985,95426.0,81.0,-4.12619469436761,8.246042903291288,5.322850604199084,10.646851401863866,0.18106250989385408,True,walking_dual_task,P09,27,0.875
2026-04-01T14:05:35.180319,1676.5697937837385,95433.0,81.0,-4.263951178032846,8.785911248581689,5.786047483504581,11.35129338877168,0.7044419869078133,True,walking_dual_task,P09,27,0.875
2026-04-01T14:05:35.180845,1558.5710623999537,95433.0,82.0,-4.282848967408869,8.422165710101854,5.6467412751287265,11.007331990736589,0.3439613980350913,True,walking_dual_task,P09,27,0.875
2026-04-01T14:05:35.181490,1517.4183976461934,95432.0,82.0,-4.226954991484766,8.21580750661277,5.124832820203901,10.5655360924466,0.441795898289989,True,walking_dual_task,P09,27,0.875
2026-04-01T14:05:35.240116,1394.1204042846643,95432.0,82.0,-3.8972960109366848,8.135890519569111,5.050039358275661,10.338497389050827,0.22703870339577215,True,walking_dual_task,P09,27,0.875
2026-04-01T14:05:35.240179,1520.028957285906,95466.0,83.0,-4.431294742423849,7.895010724431226,4.844298502379797,10.268144691874792,0.07035269717603576,True,walking_dual_task,P09,27,0.875
2026-04-01T14:05:35.240770,1672.7761482030405,95466.0,81.0,-3.4976710397712916,9.010165522261383,5.3137425938121865,11.029625822950495,0.761481131075703,True,walking_dual_task,P09,27,0.875
2026-04-01T14:05:35.299882,1656.056068794395,95489.0,81.0,-3.0207575145335412,9.865965740487217,6.164575367801379,12.019327993668442,0.9897021707179476,True,walking_dual_task,P09,27,0.875
2026-04-01T14:05:35.299934,1600.9865803110665,95489.0,81.0,-2.6393298379232704,10.023517455876226,6.360416710599341,12.161079923842243,0.1417519301738004,True,walking_dual_task,P09,27,0.875
2026-04-01T14:05:35.360122,1574.2355787458916,95459.0,81.0,-2.4789637225697594,9.511239234765057,5.567344571886762,11.296205491264228,0.8648744325780147,True,walking_dual_task,P09,27,0.875
2026-04-01T14:05:35.360190,1560.1085720961594,95459.0,81.0,-2.709545148411897,9.744913126973938,5.825447063702302,11.672223449521054,0.37601795825682593,True,walking_dual_task,P09,27,0.875
2026-04-01T14:05:35.361336,1534.6641523402225,95461.0,82.0,-3.087808532101637,9.426216795548186,5.852956998164922,11.51717110361577,0.15505234590528438,True,walking_dual_task,P09,27,0.875
2026-04-01T14:05:35.361378,1407.105317025179,95461.0,83.0,-2.9485311948288877,9.600219293070712,5.112860689113675,11.269400654347601,0.2477704492681685,True,walking_dual_task,P09,27,0.875
2026-04-01T14:05:35.419453,1545.8977174222227,95463.0,81.0,-3.1100673844644695,9.304639992745653,5.115408639528437,11.064187727975048,0.20521292637255328,True,walking_dual_task,P09,27,0.875
2026-04-01T14:05:35.420031,1574.8960936693531,95463.0,83.0,-3.0699453059904407,9.419078302104094,5.326205400677716,11.247758186107548,0.1835704581325004,True,walking_dual_task,P09,27,0.875
2026-04-01T14:05:35.420066,1507.735534782393,95467.0,82.0,-3.304277559910582,9.65165938459182,5.281980952424122,11.487911117817687,0.24015293171013852,True,walking_dual_task,P09,27,0.875
2026-04-01T14:05:35.479719,1566.1211738973404,95467.0,80.0,-2.9430452351894436,9.651190188512805,5.621180856872458,11.55009357264635,0.06218245482866358,True,walking_dual_task,P09,27,0.875
2026-04-01T14:05:35.480134,1446.089359109491,95491.0,81.0,-3.047105281685187,9.390569620032693,5.169206944764483,11.143982628493104,0.4061109441532462,True,walking_dual_task,P09,27,0.875
2026-04-01T14:05:35.480608,1587.9210795390868,95491.0,82.0,-3.0506481737588644,9.467878750144068,5.222290365064512,11.2347451668711,0.0907625383779962,True,walking_dual_task,P09,27,0.875
2026-04-01T14:05:35.539680,1470.1464180888395,95557.0,80.0,-2.9517953859508452,9.189235614798793,5.100062207090391,10.916308061840274,0.3184371050308261,True,walking_dual_task,P09,27,0.875
2026-04-01T14:05:35.540564,1541.4328849211654,95557.0,82.0,-3.2803525502348494,9.520110145557044,5.431477409088695,11.440898429879155,0.524590368038881,True,walking_dual_task,P09,27,0.875
2026-04-01T14:05:35.540997,1543.4087210106131,95612.0,81.0,-2.8457038795806304,9.15507735676806,5.379769165151072,10.993424773426058,0.4474736564530968,True,walking_dual_task,P09,27,0.875
2026-04-01T14:05:35.599617,1633.2827447590362,95612.0,80.0,-2.7189559289004492,9.354153646271614,5.213212891763705,11.04855196105855,0.05512718763249147,True,walking_dual_task,P09,27,0.875
2026-04-01T14:05:35.600171,1510.4938518489978,95643.0,82.0,-3.299178540773952,9.476163492157884,5.362613446793269,11.377164697486682,0.3286127364281324,True,walking_dual_task,P09,27,0.875
2026-04-01T14:05:35.600761,1631.8379721490035,95643.0,82.0,-3.6815183509369116,4.044261971292001,3.373991741474077,6.42599817400061,4.951166523486072,True,walking_dual_task,P09,27,0.875
2026-04-01T14:05:35.659887,1571.3425497176527,95660.0,81.0,-3.2929052005921244,5.254029068254741,3.628408460265317,7.184246241929445,0.758248067928835,True,walking_dual_task,P09,27,0.875
2026-04-01T14:05:35.660529,1472.566949930134,95660.0,81.0,-3.3125560783496586,5.586869571611216,3.7056818326023273,7.477848435672223,0.2936021937427773,True,walking_dual_task,P09,27,0.875
2026-04-01T14:05:35.660990,1594.510805875687,95617.0,81.0,-3.1508088493166784,5.460468898105444,3.527529612491557,7.224111167411117,0.2537372682611059,True,walking_dual_task,P09,27,0.875
2026-04-01T14:05:35.719783,1574.372945829082,95617.0,81.0,-3.5764573079439064,6.301869791880896,3.643169212040428,8.11032007117633,0.8862089037652137,True,walking_dual_task,P09,27,0.875
2026-04-01T14:05:35.720540,1540.525533265996,95474.0,82.0,-3.64558839188526,6.005017771454731,4.087628389352584,8.127684726167526,0.017364654991196105,True,walking_dual_task,P09,27,0.875
2026-04-01T14:05:35.720585,1597.139006209634,95474.0,82.0,-3.216259637366051,5.792351463209863,3.4644160346361557,7.476485804797837,0.6511989213696898,True,walking_dual_task,P09,27,0.875
2026-04-01T14:05:35.779703,1579.1179914677346,95400.0,81.0,-3.0934168913140563,5.9573774018200245,3.6409982957849483,7.63652029140838,0.16003448661054342,True,walking_dual_task,P09,27,0.875
2026-04-01T14:05:35.840588,1476.1001603926604,95400.0,82.0,-3.311798029282457,6.120260239715742,3.729266019669499,7.895126131612221,0.2586058402038409,True,walking_dual_task,P09,27,0.875
2026-04-01T14:05:35.841239,1652.7200988910697,95377.0,82.0,-3.1023979037350253,5.907488537828941,4.030135716284404,7.795209263987145,0.09991686762507612,True,walking_dual_task,P09,27,0.875
2026-04-01T14:05:35.841780,1581.1295424939656,95377.0,83.0,-2.937290354699302,5.601296613483927,4.019111827614701,7.493694566961509,0.3015146970256355,True,walking_dual_task,P09,27,0.875
2026-04-01T14:05:35.842310,1411.6652694235906,95373.0,83.0,-3.2275493746853834,6.601170667307155,4.327109276872568,8.527391385350214,1.0336968183887043,True,walking_dual_task,P09,27,0.875
2026-04-01T14:05:35.842343,1524.981074698484,95373.0,82.0,-3.8270658124929593,7.64175026470637,5.546786365964538,10.188700546730301,1.6613091613800872,True,walking_dual_task,P09,27,0.875
2026-04-01T14:05:35.899711,1528.8759453575615,95343.0,81.0,-3.7158910135237133,7.8983703904094975,5.625522064327716,10.384536549346905,0.19583600261660372,True,walking_dual_task,P09,27,0.875
2026-04-01T14:05:35.900533,1464.4592857532598,95343.0,81.0,-3.442188771488921,8.6437054094499,6.132716772003633,11.143272488346165,0.7587359389992603,True,walking_dual_task,P09,27,0.875
2026-04-01T14:05:35.900579,1555.8963678719247,95328.0,81.0,-3.501445495586217,8.480687511530643,5.902813215357985,10.909875575926504,0.23339691241966065,True,walking_dual_task,P09,27,0.875
2026-04-01T14:05:35.959785,1484.0043705470475,95328.0,83.0,-3.682146088124385,8.708895623076186,6.0351988067632245,11.217249548132623,0.3073739722061184,True,walking_dual_task,P09,27,0.875
2026-04-01T14:05:35.960159,1426.0481446600272,95321.0,82.0,-3.6135923511587005,8.64654429454226,6.775298683922089,11.563972075986277,0.3467225278536539,True,walking_dual_task,P09,27,0.875
2026-04-01T14:05:36.079663,1502.9632285378786,95321.0,81.0,-2.5224267726323424,9.22364001622575,6.314948902297066,11.459352146209499,0.10461992977677781,True,walking_dual_task,P09,27,0.875
2026-04-01T14:05:36.080400,1510.4907252779087,95300.0,81.0,-2.344383132170992,9.072581815537344,6.140298007539087,11.203175116520104,0.25617702968939504,True,walking_dual_task,P09,27,0.875
2026-04-01T14:05:36.080880,1654.8020228032453,95300.0,81.0,-3.792290760989391,8.44296327524208,5.591172878304448,10.813247071904868,0.38992804461523534,True,walking_dual_task,P09,27,0.875
2026-04-01T14:05:36.081667,1469.6052080102027,95270.0,81.0,-3.864930828523275,8.300680285939903,5.420244880265167,10.640396518960264,0.17285055294460427,True,walking_dual_task,P09,27,0.875
2026-04-01T14:05:36.082056,1509.2932344393892,95270.0,81.0,-4.728574521138086,7.419674388423819,5.096548905503824,10.167880594223208,0.4725159247370563,True,walking_dual_task,P09,27,0.875
2026-04-01T14:05:36.082695,1603.0057508510483,95344.0,81.0,-5.345764155872341,7.299688426655299,4.294501682397853,10.015257871696207,0.15262272252700093,True,walking_dual_task,P09,27,0.875
2026-04-01T14:05:36.083178,1632.7605273994748,95344.0,81.0,-5.436256929438344,7.162602715468234,4.276004274702588,9.956906126893742,0.05835174480246508,True,walking_dual_task,P09,27,0.875
2026-04-01T14:05:36.140527,1479.782538544895,95449.0,82.0,-4.11790995306293,7.732165984214408,5.089289174740498,10.131359113816266,0.17445298692252464,True,walking_dual_task,P09,27,0.875
2026-04-01T14:05:36.141611,1655.921089417018,95449.0,82.0,-4.256170305572106,7.853401037964774,4.845969590040264,10.162397099146192,0.031037985329925633,True,walking_dual_task,P09,27,0.875
2026-04-01T14:05:36.142213,1634.9851645891677,95454.0,82.0,-3.3963308273396864,7.889216933519939,5.4517224112335,10.17330251993035,0.010905420784158792,True,walking_dual_task,P09,27,0.875
2026-04-01T14:05:36.199613,1495.6712869408614,95454.0,82.0,-4.021137102996291,8.1004722633886,5.750085360337031,10.71684077245639,0.543538252526039,True,walking_dual_task,P09,27,0.875
2026-04-01T14:05:36.200161,1558.184716505852,95443.0,81.0,-3.9664435414264485,7.878053494659152,5.894599664538428,10.608614727532121,0.1082260449242689,True,walking_dual_task,P09,27,0.875
2026-04-01T14:05:36.200993,1511.8425435884487,95443.0,82.0,-4.61384518874852,7.435893229281306,5.737391875080359,10.46411683188063,0.14449789565149018,True,walking_dual_task,P09,27,0.875
2026-04-01T14:05:36.259638,1397.5738195075369,95477.0,83.0,-4.374076392298884,7.7732113353782815,5.625225336065599,10.545070831039219,0.08095399915858792,True,walking_dual_task,P09,27,0.875
2026-04-01T14:05:36.259986,1473.8068436348017,95477.0,82.0,-3.977268173655479,7.65190096818816,5.448882744529071,10.201008465625266,0.3440623654139525,True,walking_dual_task,P09,27,0.875
2026-04-01T14:05:36.260417,1603.0961024360486,95507.0,80.0,-3.6067936874724063,7.675264012783531,5.544729214316044,10.132258407186947,0.06875005843831872,True,walking_dual_task,P09,27,0.875
2026-04-01T14:05:36.321298,1596.9652022724206,95507.0,82.0,-3.3304471822577724,7.63093900520274,5.259944976668944,9.848356700105768,0.28390170708117957,True,walking_dual_task,P09,27,0.875
2026-04-01T14:05:36.323430,1592.4001827856398,95478.0,82.0,-3.4896751212716017,7.764278284251352,5.229574439261386,9.990510424552648,0.1421537244468798,True,walking_dual_task,P09,27,0.875
2026-04-01T14:05:36.323982,1679.146219538253,95478.0,81.0,-3.4678196681471216,7.849217664666541,5.311097141809027,10.091766151067578,0.10125572651493009,True,walking_dual_task,P09,27,0.875
2026-04-01T14:05:36.380247,1624.1436071310973,95351.0,82.0,-3.639760050178636,7.616390370886748,4.923321105990402,9.772223197272119,0.31954295379545883,True,walking_dual_task,P09,27,0.875
2026-04-01T14:05:36.380886,1542.286768009723,95351.0,81.0,-4.033741659253252,8.2858345302885,5.016752519988834,10.49256553392595,0.7203423366538306,True,walking_dual_task,P09,27,0.875
2026-04-01T14:05:36.381266,1578.4522999488474,95317.0,80.0,-4.036285241295044,7.80710928200967,5.14008232086971,10.181502843669744,0.3110626902562057,True,walking_dual_task,P09,27,0.875
2026-04-01T14:05:36.440127,1603.940865792959,95317.0,81.0,-4.010428274647099,8.181878906955962,5.1444136589787375,10.463826703881654,0.28232386021191047,True,walking_dual_task,P09,27,0.875
2026-04-01T14:05:36.440177,1515.090937209858,95337.0,81.0,-4.070620892116674,7.691205302670152,5.271065006639754,10.173923518455423,0.2899031854262315,True,walking_dual_task,P09,27,0.875
2026-04-01T14:05:36.440632,1495.5055644851477,95337.0,81.0,-3.6398496966748994,8.06497338743278,5.346932265900397,10.338374447199621,0.16445092874419842,True,walking_dual_task,P09,27,0.875
2026-04-01T14:05:36.499639,1570.1341208133254,95371.0,83.0,-3.90086581713514,8.023216640019426,5.160878031052324,10.306474733262412,0.03189971393720903,True,walking_dual_task,P09,27,0.875
2026-04-01T14:05:36.500318,1526.9568288334965,95371.0,82.0,-3.6475171388055974,8.091913722549197,5.153156291791182,10.263453061162584,0.04302167209982777,True,walking_dual_task,P09,27,0.875
2026-04-01T14:05:36.500569,1509.9044151222902,95419.0,82.0,-4.093515028638394,7.936816839874664,5.131678077742878,10.299711002401635,0.03625794123905024,True,walking_dual_task,P09,27,0.875
2026-04-01T14:05:36.560491,1645.6355383246864,95419.0,82.0,-3.757104593851557,7.961265507641635,5.266521282406105,10.258354148221894,0.041356854179740665,True,walking_dual_task,P09,27,0.875
2026-04-01T14:05:36.561087,1604.5638641118644,95464.0,82.0,-3.6797573358505318,7.872176947026558,5.108070274898035,10.079889179417554,0.17846496880433982,True,walking_dual_task,P09,27,0.875
2026-04-01T14:05:36.561564,1581.8170278687592,95464.0,81.0,-3.8978424845841158,8.131804795782633,5.117232252496058,10.36848548233194,0.2885963029143852,True,walking_dual_task,P09,27,0.875
2026-04-01T14:05:36.619904,1524.553303178854,95477.0,81.0,-3.688016831074535,8.152404541381522,5.051771481962968,10.275386272963242,0.09309920936869709,True,walking_dual_task,P09,27,0.875
2026-04-01T14:05:36.620602,1470.6687738593685,95477.0,80.0,-5.111541165706982,7.820114183239806,5.539326573398972,10.861223587349148,0.5858373143859055,True,walking_dual_task,P09,27,0.875
2026-04-01T14:05:36.621137,1552.252324689716,95481.0,81.0,-5.2206414723403105,8.272297359407704,5.624115108054777,11.283468958340483,0.42224537099133563,True,walking_dual_task,P09,27,0.875
2026-04-01T14:05:36.680212,1666.4179551678417,95481.0,80.0,-4.721293613038402,8.203219238830513,5.586247098302743,10.990431106382136,0.2930378519583474,True,walking_dual_task,P09,27,0.875
2026-04-01T14:05:36.680615,1618.1339076833845,95493.0,81.0,-4.722395554447522,8.322160170763595,5.605378877490736,11.089618660744335,0.09918755436219939,True,walking_dual_task,P09,27,0.875
2026-04-01T14:05:36.799547,1399.6164288148545,95493.0,82.0,-4.794917597833656,9.465453382509242,5.93735382512649,12.158873835648379,1.0692551749040433,True,walking_dual_task,P09,27,0.875
2026-04-01T14:05:36.800357,1545.647023446983,95503.0,82.0,-4.52551648713872,9.773546723215253,5.864857143015174,12.263729625779105,0.10485579013072588,True,walking_dual_task,P09,27,0.875
2026-04-01T14:05:36.801129,1624.5833264130144,95503.0,82.0,-3.8699385656858114,9.62989250814806,6.1259110284323555,12.051474604750144,0.21225502102896066,True,walking_dual_task,P09,27,0.875
2026-04-01T14:05:36.801164,1584.640381520057,95480.0,82.0,-4.173653303242563,8.888633955183852,5.503130902563279,11.256626724541496,0.794847880208648,True,walking_dual_task,P09,27,0.875
2026-04-01T14:05:36.801762,1647.4015835104863,95480.0,81.0,-4.0400717502821815,8.796560276201125,5.383909787910632,11.076467715144014,0.18015900939748164,True,walking_dual_task,P09,27,0.875
2026-04-01T14:05:36.802184,1447.950232419547,95519.0,82.0,-3.450606658256996,8.832630979977699,4.940666083216913,10.692625387823108,0.38384232732090595,True,walking_dual_task,P09,27,0.875
2026-04-01T14:05:36.803007,1560.0396412460898,95519.0,82.0,-3.487924061636897,8.51713052367954,5.111705546969423,10.527899135917732,0.1647262519053765,True,walking_dual_task,P09,27,0.875
2026-04-01T14:05:36.859710,1556.314995513349,95579.0,81.0,-3.2862375917844306,9.048229113125476,5.07705726471294,10.883304556174243,0.35540542025651156,True,walking_dual_task,P09,27,0.875
2026-04-01T14:05:36.860479,1416.8937635041796,95579.0,81.0,-3.150204589475246,8.472796456553608,5.215972548970084,10.436399684821762,0.4469048713524817,True,walking_dual_task,P09,27,0.875
2026-04-01T14:05:36.860973,1490.81130053907,95599.0,82.0,-3.185287731582676,7.939377341931221,4.928288186708399,9.87257792887914,0.5638217559426213,True,walking_dual_task,P09,27,0.875
2026-04-01T14:05:36.920056,1539.5468976902564,95599.0,81.0,-3.247506149689304,7.161120618769122,4.836909374230705,9.231664909611428,0.6409130192677122,True,walking_dual_task,P09,27,0.875
2026-04-01T14:05:36.920463,1569.0211739634983,95601.0,82.0,-3.434295461365748,7.014168868350597,4.633136616944075,9.080688582974535,0.15097632663689353,True,walking_dual_task,P09,27,0.875
2026-04-01T14:05:36.920707,1518.587808762392,95601.0,82.0,-3.314031287088436,6.940553253796027,4.7940427744376155,9.062942621671901,0.017745961302633617,True,walking_dual_task,P09,27,0.875
2026-04-01T14:05:36.979584,1512.6509829911315,95542.0,82.0,-2.9281199923153896,6.0156421400658395,3.42433709876151,7.515844703869778,1.5470979178021231,True,walking_dual_task,P09,27,0.875
2026-04-01T14:05:36.980068,1619.9291611230642,95542.0,82.0,-3.039074667867451,5.321164541832857,3.009455581859824,6.826975158686326,0.6888695451834517,True,walking_dual_task,P09,27,0.875
2026-04-01T14:05:36.980721,1556.5372484521295,95467.0,82.0,-3.0475911274475322,5.571460346332054,2.684881944198823,6.894749678206763,0.06777451952043645,True,walking_dual_task,P09,27,0.875
2026-04-01T14:05:37.039717,1619.1345911476944,95467.0,81.0,-2.7142457389561,5.448493966532234,3.0801035441131273,6.822041796796451,0.07270788141031215,True,walking_dual_task,P09,27,0.875
2026-04-01T14:05:37.040032,1532.5820637272957,95430.0,82.0,-2.8233149968798603,5.462293399205689,3.364679672712872,7.009195820533192,0.18715402373674106,True,walking_dual_task,P09,27,0.875
2026-04-01T14:05:37.040396,1530.108628125807,95430.0,81.0,-2.780902930707385,5.88664163609497,3.253950661475642,7.2783353707521306,0.26913955021893887,True,walking_dual_task,P09,27,0.875
2026-04-01T14:05:37.099507,1542.465462408094,95433.0,82.0,-2.470247185757088,5.781821875321516,3.7356412315180236,7.313453409115609,0.03511803836347838,True,walking_dual_task,P09,27,0.875
2026-04-01T14:05:37.100244,1544.2604585577835,95433.0,82.0,-2.2585572104543465,5.96120544714824,3.7605053349656243,7.40124661326118,0.08779320414557112,True,walking_dual_task,P09,27,0.875
2026-04-01T14:05:37.160289,1521.4204150305281,95427.0,82.0,-2.211554093628033,6.484234795552792,4.329159851347595,8.104190114466737,0.7029435012055574,True,walking_dual_task,P09,27,0.875
2026-04-01T14:05:37.161136,1538.6745144427393,95427.0,81.0,-2.1810933277481546,6.75899686908654,4.552856034372191,8.436213893115113,0.3320237786483755,True,walking_dual_task,P09,27,0.875
2026-04-01T14:05:37.161352,1403.3712328435245,95409.0,81.0,-2.872871565056621,6.217029044316105,4.949026767492374,8.449716392432169,0.01350249931705605,True,walking_dual_task,P09,27,0.875
2026-04-01T14:05:37.161610,1536.0452693586371,95409.0,81.0,-2.8027013640528424,6.540291351410127,4.585007437914061,8.464800003728442,0.015083611296272892,True,walking_dual_task,P09,27,0.875
2026-04-01T14:05:37.219530,1468.5386844973282,95413.0,82.0,-2.5865077760580015,6.033557388915181,4.711350650906338,8.080263745493525,0.3845362582349168,True,walking_dual_task,P09,27,0.875
2026-04-01T14:05:37.219956,1474.137520828853,95413.0,81.0,-2.8527348586997077,5.870576137554595,5.001072063744861,8.222680958643304,0.14241721314977873,True,walking_dual_task,P09,27,0.875
2026-04-01T14:05:37.279716,1721.4579071682583,95402.0,82.0,-2.87668224560513,6.186018108677567,4.65771496870857,8.260534456849534,0.037853498206230185,True,walking_dual_task,P09,27,0.875
2026-04-01T14:05:37.280176,1521.6506717276511,95402.0,82.0,-2.4984619367930123,6.96387209578204,4.532955846439733,8.67672261408577,0.4161881572362365,True,walking_dual_task,P09,27,0.875
2026-04-01T14:05:37.280761,1588.4655051295315,95362.0,81.0,-2.690970207858246,6.5348348973596995,4.548984242040748,8.40467997187673,0.2720426422090405,True,walking_dual_task,P09,27,0.875
2026-04-01T14:05:37.339990,1511.779629956523,95362.0,82.0,-2.8743128828887348,7.297501881201189,4.557818284924594,9.071323815919483,0.6666438440427527,True,walking_dual_task,P09,27,0.875
2026-04-01T14:05:37.399482,1614.0765138978618,95348.0,81.0,-3.4188997597192268,7.866255939722537,4.521223439888407,9.695788749226368,0.6244649333068857,True,walking_dual_task,P09,27,0.875
2026-04-01T14:05:37.400258,1681.0252695843187,95348.0,82.0,-3.5120821572258767,7.539303170529493,4.539937894130217,9.475592301213679,0.22019644801268967,True,walking_dual_task,P09,27,0.875
2026-04-01T14:05:37.400461,1544.6051111063114,95345.0,81.0,-3.462407753268057,9.455122781975355,5.137266872445823,11.30394290461737,1.8283506034036918,True,walking_dual_task,P09,27,0.875
2026-04-01T14:05:37.401282,1721.1625407799534,95345.0,82.0,-3.498808953911365,9.447498561916628,5.07472090948367,11.280500231928452,0.023442672688918975,True,walking_dual_task,P09,27,0.875
2026-04-01T14:05:37.401802,1548.905165716864,95289.0,82.0,-3.4556182222348997,9.349077437715952,5.216207221903389,11.249682840688818,0.03081739123963345,True,walking_dual_task,P09,27,0.875
2026-04-01T14:05:37.402316,1610.9566101183248,95289.0,83.0,-3.718933836011727,9.745722484967347,4.815633253665937,11.489120909122864,0.2394380684340458,True,walking_dual_task,P09,27,0.875
2026-04-01T14:05:37.460570,1487.4908718849779,95260.0,81.0,-3.3046047453251366,9.813455400673124,5.192613169520957,11.583935037460648,0.09481412833778435,True,walking_dual_task,P09,27,0.875
2026-04-01T14:05:37.460943,1633.886085354763,95260.0,80.0,-3.6243666544311615,9.478821863246527,4.83498236602828,11.241047639820646,0.342887397640002,True,walking_dual_task,P09,27,0.875
2026-04-01T14:05:37.520209,1551.3108677228663,95264.0,80.0,-3.6166510958716263,9.339787828413733,4.840197776475589,11.12381752567229,0.11723011414835582,True,walking_dual_task,P09,27,0.875
2026-04-01T14:05:37.520639,1596.4905153638847,95264.0,82.0,-3.6772124120362255,9.450754469556493,4.928639995837236,11.275200369644956,0.15138284397266588,True,walking_dual_task,P09,27,0.875
2026-04-01T14:05:37.520717,1466.8434132074992,95288.0,83.0,-3.4906333183929945,9.680251620545542,5.1919859589938575,11.525992824869329,0.25079245522437255,True,walking_dual_task,P09,27,0.875
2026-04-01T14:05:37.520958,1509.4013210838507,95288.0,82.0,-3.4337153878164237,9.529938648217614,4.918805890513831,11.26076300220694,0.2652298226623895,True,walking_dual_task,P09,27,0.875
2026-04-01T14:05:37.579900,1504.5695708343,95337.0,81.0,-3.27522603793487,9.567019807459301,5.456762101359955,11.490484159804733,0.229721157597794,True,walking_dual_task,P09,27,0.875
2026-04-01T14:05:37.579961,1636.0797530932728,95337.0,81.0,-3.4197829155665467,9.303447150843775,4.996555658232022,11.100207769404788,0.3902763903999453,True,walking_dual_task,P09,27,0.875
2026-04-01T14:05:37.580827,1520.973935908186,95315.0,81.0,-3.6025165174939406,9.476036366089607,5.286735683123481,11.433414391750196,0.33320662234540777,True,walking_dual_task,P09,27,0.875
2026-04-01T14:05:37.639825,1428.240842984256,95315.0,82.0,-2.009113342246193,8.186086678043083,6.203382721387352,10.465682429274894,0.9677319624753018,True,walking_dual_task,P09,27,0.875
2026-04-01T14:05:37.640464,1444.298874608758,95154.0,82.0,-1.3740196922622288,8.33282516744655,7.086465915065975,11.024604507706698,0.5589220784318041,True,walking_dual_task,P09,27,0.875
2026-04-01T14:05:37.640752,1599.4322469057695,95154.0,82.0,-2.0456936137337016,8.694828586912555,7.496361767059639,11.66106111208136,0.6364566043746613,True,walking_dual_task,P09,27,0.875
2026-04-01T14:05:37.699485,1549.4914457166637,95010.0,81.0,-1.7494272573554586,8.909143523678667,7.144690564501163,11.553351778456141,0.10770933362521795,True,walking_dual_task,P09,27,0.875
2026-04-01T14:05:37.700061,1591.0967478297066,95010.0,81.0,-3.23280587239608,8.511633492727867,6.493174239156557,11.183034034785537,0.3703177436706042,True,walking_dual_task,P09,27,0.875
2026-04-01T14:05:37.700400,1485.3793526966037,94998.0,82.0,-3.6619973236230248,8.751226348014733,6.722304861844746,11.626846934917092,0.4438129001315545,True,walking_dual_task,P09,27,0.875
2026-04-01T14:05:37.819642,1541.8653346551323,94998.0,82.0,-3.293426131962147,7.811806656189138,5.72661885649481,10.23059834261584,1.3962485923012515,True,walking_dual_task,P09,27,0.875
2026-04-01T14:05:37.820207,1560.0704303555324,95064.0,80.0,-3.561084271478006,6.636049955167097,5.113902098439902,9.103322188545745,1.1272761540700955,True,walking_dual_task,P09,27,0.875
2026-04-01T14:05:37.820347,1526.9411851632271,95064.0,81.0,-3.4540522918126326,6.592847563924234,5.1373531906994625,9.043700240593324,0.059621947952420484,True,walking_dual_task,P09,27,0.875
2026-04-01T14:05:37.820956,1499.024243202558,95121.0,82.0,-2.964149204516032,7.382839793220772,4.608408268099513,9.194016025898863,0.1503157853055388,True,walking_dual_task,P09,27,0.875
2026-04-01T14:05:37.821462,1494.4796240320984,95121.0,82.0,-3.1967384293137706,7.391624054269194,4.338346868403529,9.147485790953114,0.046530234945748816,True,walking_dual_task,P09,27,0.875
2026-04-01T14:05:37.822505,1647.4556498805036,95153.0,82.0,-3.1183227633558723,8.04730223172375,3.929849782094431,9.482970493205022,0.3354847022519074,True,walking_dual_task,P09,27,0.875
2026-04-01T14:05:37.880034,1348.5280745059024,95153.0,83.0,-3.7067932925499343,8.97774292425563,4.763323789353734,10.818014515147334,1.3350440219423128,True,walking_dual_task,P09,27,0.875
2026-04-01T14:05:37.880823,1434.1946489336765,95153.0,80.0,-3.4851351151591397,9.040727700338174,4.5166059507851,10.690212974363263,0.12780154078407158,True,walking_dual_task,P09,27,0.875
2026-04-01T14:05:37.881157,1464.8565482439074,95153.0,81.0,-4.196818112646342,9.150839268288038,4.894430454459219,11.194042659299484,0.5038296849362212,True,walking_dual_task,P09,27,0.875
2026-04-01T14:05:37.939778,1610.0650480983663,95140.0,82.0,-3.7026949603590085,9.002335976606691,4.587765328611339,10.761021964273814,0.43302069502566987,True,walking_dual_task,P09,27,0.875
2026-04-01T14:05:37.940298,1517.3084279234672,95140.0,83.0,-3.8430190076318196,9.108773694463808,4.575535633516939,10.893763337045586,0.1327413727717719,True,walking_dual_task,P09,27,0.875
2026-04-01T14:05:37.940327,1649.7517280842956,95135.0,82.0,-4.2117472201001345,8.884874238622697,6.302383891480669,11.679034531919044,0.7852711948734576,True,walking_dual_task,P09,27,0.875
2026-04-01T14:05:37.999508,1530.5165889834104,95135.0,82.0,-4.117153160899371,9.035125501283918,6.129213688848172,11.668406207268347,0.010628324650696186,True,walking_dual_task,P09,27,0.875
2026-04-01T14:05:38.000117,1535.3420398867272,95139.0,80.0,-3.949448546225086,9.007986088598377,5.748274940611931,11.392305384974915,0.2761008222934329,True,walking_dual_task,P09,27,0.875
2026-04-01T14:05:38.001040,1491.3218685211953,95139.0,81.0,-3.8741185974458006,8.466009588986084,6.488194173744914,11.348073708964758,0.04423167601015621,True,walking_dual_task,P09,27,0.875
2026-04-01T14:05:38.059872,1490.0949892188344,95150.0,82.0,-4.139170488131275,8.510801454423737,6.353686491581515,11.398938799719188,0.05086509075442969,True,walking_dual_task,P09,27,0.875
2026-04-01T14:05:38.119895,1453.3772956651237,95150.0,83.0,-3.840966934901895,8.589688757156281,6.218134470235558,11.278341022941198,0.12059777677798955,True,walking_dual_task,P09,27,0.875
2026-04-01T14:05:38.120418,1434.2890679989819,95167.0,82.0,-4.108057422712518,8.181684159183273,5.619432179794827,10.742165028161109,0.5361759947800895,True,walking_dual_task,P09,27,0.875
2026-04-01T14:05:38.121009,1606.7279109880892,95167.0,81.0,-4.747315953356753,8.207346162201757,5.639462646294855,11.031821188097567,0.28965615993645777,True,walking_dual_task,P09,27,0.875
2026-04-01T14:05:38.121816,1632.624636330191,95213.0,81.0,-4.463542793435358,8.139460918614931,5.265305840171105,10.672276416258551,0.35954477183901545,True,walking_dual_task,P09,27,0.875
2026-04-01T14:05:38.122241,1317.2488887061845,95213.0,81.0,-4.72035458239337,7.6179635895859255,5.27140922609916,10.39725309227309,0.2750233239854616,True,walking_dual_task,P09,27,0.875
2026-04-01T14:05:38.179586,1472.2009688597025,95261.0,82.0,-4.127866890077585,9.118252235590434,5.487146600125921,11.41449020785958,1.0172371155864894,True,walking_dual_task,P09,27,0.875
2026-04-01T14:05:38.180278,1466.7551396194797,95261.0,83.0,-4.218366135737971,8.960200253830356,5.627952192074865,11.390945848355296,0.023544359504283463,True,walking_dual_task,P09,27,0.875
2026-04-01T14:05:38.180790,1424.7326735752374,95276.0,81.0,-3.8240612223887136,10.410504920915475,6.374694102139756,12.79213750070088,1.4011916523455845,True,walking_dual_task,P09,27,0.875
2026-04-01T14:05:38.239557,1592.0014846011707,95276.0,82.0,-3.4429337705749967,9.45249043828291,5.979642582194181,11.702969445623,1.0891680550778808,True,walking_dual_task,P09,27,0.875
2026-04-01T14:05:38.240084,1468.6291881521558,95234.0,81.0,-3.3118948583840537,10.043132149662295,5.786806375809861,12.054886103140285,0.35191665751728607,True,walking_dual_task,P09,27,0.875
2026-04-01T14:05:38.299685,1493.0006190712659,95234.0,81.0,-3.2274737890401344,8.209039939905047,4.684477461487076,9.987454774920272,2.067431328220014,True,walking_dual_task,P09,27,0.875
2026-04-01T14:05:38.300303,1465.4593680488115,95181.0,82.0,-3.2879121747220785,8.038307302234172,4.234917218205618,9.662260325560023,0.3251944493602483,True,walking_dual_task,P09,27,0.875
2026-04-01T14:05:38.300777,1443.7104709820085,95181.0,82.0,-2.31484866426337,7.006488733325521,3.642016373512625,8.228832965469248,1.433427360090775,True,walking_dual_task,P09,27,0.875
2026-04-01T14:05:38.301211,1530.3428360963317,95133.0,81.0,-2.661343511609148,7.4580164481837485,3.539125140328626,8.673532463020448,0.4446994975512002,True,walking_dual_task,P09,27,0.875
2026-04-01T14:05:38.359804,1485.8284515565263,95133.0,83.0,-2.6587953723909243,7.945704606942504,4.381555436291337,9.455233607602135,0.781701144581687,True,walking_dual_task,P09,27,0.875
2026-04-01T14:05:38.360410,1605.1751408971484,95058.0,82.0,-3.810246652875986,8.086091287451856,4.896133200083646,10.191907190399586,0.7366735827974509,True,walking_dual_task,P09,27,0.875
2026-04-01T14:05:38.360939,1525.9914332314484,95058.0,80.0,-3.662692273307192,7.869119391499963,4.944129229449206,9.989132521101066,0.2027746692985204,True,walking_dual_task,P09,27,0.875
2026-04-01T14:05:38.419435,1434.1145738063592,95023.0,82.0,-3.4981156131283697,7.840664559649733,5.08234476147049,9.977126933852569,0.012005587248497207,True,walking_dual_task,P09,27,0.875
2026-04-01T14:05:38.419845,1555.4932263977485,95023.0,81.0,-3.5284623046551187,8.192731839873968,4.669638980288866,10.06858626827471,0.09145933442214194,True,walking_dual_task,P09,27,0.875
2026-04-01T14:05:38.420613,1556.7920512417556,95129.0,81.0,-3.587996422476937,8.192818967430938,5.414294386194514,10.455170235877599,0.3865839676028884,True,walking_dual_task,P09,27,0.875
2026-04-01T14:05:38.540143,1573.8336605427758,95129.0,84.0,-3.4533233313733023,8.042453101613132,5.194467041181421,10.177867250292369,0.27730298558523003,True,walking_dual_task,P09,27,0.875
2026-04-01T14:05:38.599749,1516.4775913030105,95244.0,81.0,-3.5310812140609573,7.858746396460294,5.450477780849827,10.194907429874462,0.017040179582092918,True,walking_dual_task,P09,27,0.875
2026-04-01T14:05:38.600233,1475.42510232938,95244.0,81.0,-3.534179196333001,7.843668579951692,5.017834772367146,9.95952936572262,0.23537806415184193,True,walking_dual_task,P09,27,0.875
2026-04-01T14:05:38.600619,1515.3164180731872,95275.0,82.0,-3.379348953647509,7.938374752784895,4.797911303360181,9.872068979757108,0.08746038596551209,True,walking_dual_task,P09,27,0.875
2026-04-01T14:05:38.600995,1494.5649898713978,95275.0,81.0,-3.4501651412435477,7.519683958905764,5.158169045786595,9.74966636601416,0.12240261374294725,True,walking_dual_task,P09,27,0.875
2026-04-01T14:05:38.601759,1546.8618263449155,95255.0,81.0,-3.6042495171012887,8.08164665551178,5.123468876050345,10.225143547644022,0.4754771816298611,True,walking_dual_task,P09,27,0.875
2026-04-01T14:05:38.602423,1539.1463173148297,95255.0,82.0,-3.745307341461347,8.014956307849474,4.72557005535993,10.029848655231781,0.19529489241224063,True,walking_dual_task,P09,27,0.875
2026-04-01T14:05:38.659743,1525.0445706632966,95205.0,82.0,-3.814915970724446,8.208856376368422,4.622849494406997,10.1641351978155,0.13428654258371964,True,walking_dual_task,P09,27,0.875
2026-04-01T14:05:38.660351,1440.1667785024765,95205.0,82.0,-3.247276209433492,6.199465571867343,3.8139519141536313,7.970219906664895,2.1939152911506055,True,walking_dual_task,P09,27,0.875
2026-04-01T14:05:38.660814,1408.7199202785312,95183.0,83.0,-3.8893958831680218,5.503826915209984,4.21862126852039,7.9508663965511825,0.01935351011371278,True,walking_dual_task,P09,27,0.875
2026-04-01T14:05:38.661270,1628.9255185024015,95183.0,82.0,-4.025624366756722,5.034075304979613,3.8020522149546214,7.483526358854654,0.46734003769652865,True,walking_dual_task,P09,27,0.875
2026-04-01T14:05:38.661805,1417.5571795576152,95200.0,81.0,-3.9788202726513946,5.181272408303251,4.012673512281602,7.6666905015966735,0.18316414274201964,True,walking_dual_task,P09,27,0.875
2026-04-01T14:05:38.720739,1517.1659469725028,95200.0,82.0,-3.726394032686765,6.25675082816252,4.31657100203956,8.46556132977635,0.7988708281796759,True,walking_dual_task,P09,27,0.875
2026-04-01T14:05:38.721588,1618.8930083807895,95198.0,81.0,-3.1269607205523298,5.953918782363261,4.367461852293237,8.018837524609902,0.4467238051664477,True,walking_dual_task,P09,27,0.875
2026-04-01T14:05:38.722316,1504.319104242396,95198.0,82.0,-2.921151721513625,6.476433069567614,4.272108182637167,8.29024854928044,0.2714110246705381,True,walking_dual_task,P09,27,0.875
2026-04-01T14:05:38.779757,1496.8787698207798,95146.0,81.0,-2.9334328784678663,7.317751508311413,5.218087586163548,9.454255848386182,1.1640072991057426,True,walking_dual_task,P09,27,0.875
2026-04-01T14:05:38.780438,1493.1000142012301,95146.0,82.0,-3.0822524450344377,7.011397388934394,5.518035967175487,9.439740166737595,0.01451568164858763,True,walking_dual_task,P09,27,0.875
2026-04-01T14:05:38.780901,1477.2734806471617,95108.0,81.0,-3.4653593442473705,7.361191507541349,6.148100273635808,10.197793524588647,0.7580533578510522,True,walking_dual_task,P09,27,0.875
2026-04-01T14:05:38.839807,1544.4097236144587,95108.0,82.0,-3.025446728928415,7.696175423098145,6.194151115439871,10.332083627883998,0.13429010329535096,True,walking_dual_task,P09,27,0.875
2026-04-01T14:05:38.840246,1533.3766036388367,95058.0,81.0,-3.806786111071868,7.747795764637708,7.732096737785158,11.589015474511006,1.2569318466270083,True,walking_dual_task,P09,27,0.875
2026-04-01T14:05:38.840700,1442.105689416177,95058.0,83.0,-2.942095439381594,8.098688984683136,8.287360898845504,11.955126076824591,0.3661106023135847,True,walking_dual_task,P09,27,0.875
2026-04-01T14:05:38.901817,1537.1564438049807,95002.0,82.0,-3.127675533607733,7.956993369683212,8.049548325455014,11.742713739700317,0.21241233712427388,True,walking_dual_task,P09,27,0.875
2026-04-01T14:05:38.902342,1455.2544209788546,95002.0,83.0,-2.574756707398425,8.996124788222572,7.481895347813032,11.980750865584014,0.23803712588369663,True,walking_dual_task,P09,27,0.875
2026-04-01T14:05:38.902737,1519.6811550745074,94840.0,82.0,-2.4597235016487153,8.845509165658566,7.4922741518619915,11.85020860875335,0.13054225683066356,True,walking_dual_task,P09,27,0.875
2026-04-01T14:05:38.960072,1614.338632190379,94840.0,82.0,-4.853368094669132,7.975179113930498,5.966406138798665,11.079560730223916,0.7706478785294344,True,walking_dual_task,P09,27,0.875
2026-04-01T14:05:38.960496,1538.1658260652657,94672.0,82.0,-4.236919103187619,8.322398796449665,5.766965756073608,10.975960060324047,0.10360066989986905,True,walking_dual_task,P09,27,0.875
2026-04-01T14:05:38.960517,1412.9900209649459,94672.0,82.0,-5.170506055743254,6.798183971915961,4.031405251593908,9.444663386858828,1.531296673465219,True,walking_dual_task,P09,27,0.875
2026-04-01T14:05:39.019864,1603.2238617638327,94730.0,82.0,-4.1741131017389534,7.509294920381026,4.554003823746046,9.72376887909532,0.27910549223649284,True,walking_dual_task,P09,27,0.875
2026-04-01T14:05:39.020542,1335.4008422568343,94730.0,81.0,-4.401948752120593,7.477001973489799,4.149869663151284,9.61790671346992,0.10586216562540152,True,walking_dual_task,P09,27,0.875
2026-04-01T14:05:39.020580,1461.8641383179813,94804.0,82.0,-3.034531652187786,9.101205006732368,5.999638758641339,11.31529850056512,1.697391787095201,True,walking_dual_task,P09,27,0.875
2026-04-01T14:05:39.080712,1594.6982609945553,94804.0,81.0,-3.131177105826576,8.613407906063093,6.030295613985242,10.970849147460388,0.3444493531047321,True,walking_dual_task,P09,27,0.875
2026-04-01T14:05:39.081489,1520.2745124223593,94699.0,80.0,-2.812372528386179,9.423905655220365,6.5209294065610335,11.800082938787678,0.8292337913272902,True,walking_dual_task,P09,27,0.875
2026-04-01T14:05:39.081897,1356.8723221081511,94699.0,82.0,-3.985388756042691,9.652621866889744,7.170554600144769,12.667805086738857,0.867722147951179,True,walking_dual_task,P09,27,0.875
2026-04-01T14:05:39.140185,1505.7299506003621,94578.0,82.0,-3.944322075298277,9.333219246784255,7.1395561642638,12.39515713353028,0.27264795320857793,True,walking_dual_task,P09,27,0.875
2026-04-01T14:05:39.140681,1561.2290702622652,94578.0,82.0,-4.025945719642534,8.64341803426694,6.551955059567393,11.569141254007999,0.8260158795222807,True,walking_dual_task,P09,27,0.875
2026-04-01T14:05:39.141092,1384.2089045269179,94556.0,81.0,-4.182260831342454,8.51131184336301,6.42274347476177,11.453618148818636,0.1155231051893626,True,walking_dual_task,P09,27,0.875
2026-04-01T14:05:39.199413,1491.1934985533383,94556.0,82.0,-4.1762697244225215,8.699787197760411,6.4760298394525275,11.621810899292917,0.16819275047428128,True,walking_dual_task,P09,27,0.875
2026-04-01T14:05:39.199975,1472.445799622571,94612.0,82.0,-4.0535530540134594,7.253619112166009,5.712460913378675,10.08357537151188,1.538235527781037,True,walking_dual_task,P09,27,0.875
2026-04-01T14:05:39.259556,1488.6347351322686,94612.0,83.0,-3.620262154013114,7.437073288878194,5.0305333963696635,9.681044541779347,0.40253082973253385,True,walking_dual_task,P09,27,0.875
2026-04-01T14:05:39.260495,1428.2763760274684,94628.0,82.0,-3.75470992649736,7.43727942211364,5.157873838199892,9.798705749512008,0.11766120773266131,True,walking_dual_task,P09,27,0.875
2026-04-01T14:05:39.261093,1444.766381149283,94628.0,82.0,-3.715311441365496,7.600579475741452,5.189540872415198,9.924902112357152,0.12619636284514435,True,walking_dual_task,P09,27,0.875
2026-04-01T14:05:39.261555,1585.056522040499,94604.0,82.0,-3.8445403273458867,7.702767008413331,5.486000217997743,10.2082960530326,0.2833939406754471,True,walking_dual_task,P09,27,0.875
2026-04-01T14:05:39.319546,1425.051773268741,94604.0,83.0,-4.363131999541505,8.059549198478575,5.9833739393802565,10.94504535516297,0.7367493021303702,True,walking_dual_task,P09,27,0.875
2026-04-01T14:05:39.319917,1517.7471341794128,94590.0,82.0,-4.397524561714509,8.19758128698641,5.983996198767456,11.061047497162983,0.11600214200001346,True,walking_dual_task,P09,27,0.875
2026-04-01T14:05:39.320511,1572.586261160354,94590.0,82.0,-4.544909649849609,7.973831553087389,6.455247489341176,11.220891832245496,0.1598443350825125,True,walking_dual_task,P09,27,0.875
2026-04-01T14:05:39.379856,1483.6335960833608,94585.0,82.0,-4.5048080420287455,7.9534068381051695,6.482003325885537,11.205638890520081,0.01525294172541436,True,walking_dual_task,P09,27,0.875
2026-04-01T14:05:39.380677,1473.7714342833838,94585.0,81.0,-4.36406122403685,7.908224527301439,6.640240475454681,11.210612789371538,0.004973898851456937,True,walking_dual_task,P09,27,0.875
2026-04-01T14:05:39.381125,1437.9573232451462,94605.0,83.0,-4.2318754251747235,7.7937361008796975,6.646739627874767,11.082880478698398,0.1277323106731405,True,walking_dual_task,P09,27,0.875
2026-04-01T14:05:39.440458,1467.2639385023024,94605.0,83.0,-4.409151421854997,7.655754905390207,6.716109070521122,11.097626794922789,0.014746316224391265,True,walking_dual_task,P09,27,0.875
2026-04-01T14:05:39.441267,1455.8035416660337,94609.0,82.0,-4.333671350282821,7.605796289082509,6.308403605307783,10.790032465694607,0.3075943292281824,True,walking_dual_task,P09,27,0.875
2026-04-01T14:05:39.441446,1551.1876028891202,94609.0,82.0,-4.290420712206275,7.501672574448585,6.571009430879208,10.856379057617053,0.06634659192244641,True,walking_dual_task,P09,27,0.875
2026-04-01T14:05:39.560041,1531.7308405043316,94630.0,81.0,-4.454295100973388,7.467243466130595,6.190037595403264,10.673192365057956,0.18318669255909725,True,walking_dual_task,P09,27,0.875
2026-04-01T14:05:39.560793,1474.4634270855925,94630.0,82.0,-4.508636472158152,7.835386581006881,6.729103901480883,11.269513078603824,0.5963207135458681,True,walking_dual_task,P09,27,0.875
2026-04-01T14:05:39.561282,1377.315543274884,94639.0,82.0,-4.284616733987634,7.5028366702954115,6.1742309473068975,10.619398591680163,0.6501144869236608,True,walking_dual_task,P09,27,0.875
2026-04-01T14:05:39.561748,1605.594505751535,94639.0,81.0,-4.696992743560362,7.685121937169373,6.393675179662596,11.045448036419987,0.4260494447398244,True,walking_dual_task,P09,27,0.875
2026-04-01T14:05:39.562334,1588.3656821981838,94541.0,80.0,-4.372432111762093,7.803927053019469,6.800178594998439,11.236630675816144,0.19118263939615687,True,walking_dual_task,P09,27,0.875
2026-04-01T14:05:39.562533,1415.43736161666,94541.0,82.0,-4.402306392241651,7.791046127793222,6.945210470987522,11.327693932256828,0.09106325644068392,True,walking_dual_task,P09,27,0.875
2026-04-01T14:05:39.620298,1550.840023106396,94372.0,82.0,-4.404617442543661,7.6897480403545915,6.746200972361575,11.137509025755689,0.1901849065011394,True,walking_dual_task,P09,27,0.875
2026-04-01T14:05:39.620827,1442.8224593027765,94372.0,82.0,-3.9171960453554435,9.02932286162104,7.1299961970184995,12.153597902129185,1.0160888763734963,True,walking_dual_task,P09,27,0.875
2026-04-01T14:05:39.621463,1356.2545424758798,94262.0,82.0,-3.9918246084240576,7.7093975885456665,6.108643795097471,10.615319302690638,1.5382785994385468,True,walking_dual_task,P09,27,0.875
2026-04-01T14:05:39.679733,1501.6029017593426,94262.0,83.0,-3.153222062127128,7.634904000810183,5.543825106373861,9.9482945917747,0.6670247109159391,True,walking_dual_task,P09,27,0.875
2026-04-01T14:05:39.680120,1448.0123298277845,94313.0,81.0,-3.2048880228923697,7.610712087897381,5.567051805018631,9.959232476647358,0.010937884872658898,True,walking_dual_task,P09,27,0.875
2026-04-01T14:05:39.680464,1450.6374541309676,94313.0,81.0,-3.0628196736324425,8.349538527158433,5.6566706145368215,10.540093946974919,0.5808614703275605,True,walking_dual_task,P09,27,0.875
2026-04-01T14:05:39.739768,1596.2550841627149,94302.0,82.0,-3.14006587390138,8.210204741925025,6.070119400060899,10.682407272135055,0.14231332516013673,True,walking_dual_task,P09,27,0.875
2026-04-01T14:05:39.740374,1497.4887993632226,94302.0,83.0,-3.520236562486305,7.874422843309751,6.086297121217609,10.55659098472824,0.12581628740681516,True,walking_dual_task,P09,27,0.875
2026-04-01T14:05:39.740417,1329.1818844924026,94271.0,82.0,-3.9512199955232004,6.305266035922757,5.491677183606068,9.24808291083741,1.308508073890831,True,walking_dual_task,P09,27,0.875
2026-04-01T14:05:39.799694,1490.9668925133196,94271.0,82.0,-4.070895521557043,6.642340451675694,5.098564803113822,9.310651968307674,0.06256905747026487,True,walking_dual_task,P09,27,0.875
2026-04-01T14:05:39.800323,1332.1517617173122,94319.0,82.0,-4.418939092907734,5.035834203726402,3.882126884365304,7.7432265871896595,1.5674253811180145,True,walking_dual_task,P09,27,0.875
2026-04-01T14:05:39.800805,1431.5152855013741,94319.0,83.0,-4.170252345799002,4.853113911171258,4.522584499961669,7.835655034631094,0.09242844744143408,True,walking_dual_task,P09,27,0.875
2026-04-01T14:05:39.859641,1382.8647023291144,94430.0,83.0,-4.088361009331044,4.205347463850547,3.279194533646439,6.719580330930591,1.1160747037005025,True,walking_dual_task,P09,27,0.875
2026-04-01T14:05:39.860303,1479.2528957589057,94430.0,81.0,-3.4590507443805585,4.408245562498513,3.221687692267883,6.463507761115313,0.25607256981527815,True,walking_dual_task,P09,27,0.875
2026-04-01T14:05:39.860540,1458.6838554921083,94495.0,81.0,-4.0340492801576575,4.231661799124896,3.3138193230684636,6.720261429651037,0.25675366853572434,True,walking_dual_task,P09,27,0.875
2026-04-01T14:05:39.979764,1447.1624413314844,94495.0,83.0,-3.771780674338935,4.23061148154756,2.9154809131428823,6.37372982781818,0.34653160183285703,True,walking_dual_task,P09,27,0.875
2026-04-01T14:05:39.980406,1450.28260040056,94491.0,81.0,-3.8867924539196164,4.8805215319900075,3.4487293654410434,7.128841437437078,0.7551116096188979,True,walking_dual_task,P09,27,0.875
2026-04-01T14:05:39.980964,1423.1071918565299,94491.0,81.0,-4.134926213486459,4.540510313886223,3.5291622941227536,7.082996202155019,0.04584523528205953,True,walking_dual_task,P09,27,0.875
2026-04-01T14:05:39.981432,1457.0414172868864,94462.0,82.0,-3.9607273609347304,4.675706631798776,3.460191421527936,7.037223771340482,0.04577243081453641,True,walking_dual_task,P09,27,0.875
2026-04-01T14:05:39.981818,1466.3582809561624,94462.0,82.0,-4.182477380784325,5.317189147216606,4.2194132183263475,7.973021094606339,0.9357973232658567,True,walking_dual_task,P09,27,0.875
2026-04-01T14:05:39.982352,1656.6667910672365,94425.0,82.0,-4.019223798657561,5.291165873430978,3.979582017713074,7.745170706934817,0.22785038767152166,True,walking_dual_task,P09,27,0.875
2026-04-01T14:05:40.039938,1424.1507776188614,94425.0,82.0,-4.46598367716162,5.88323861057062,4.526635152244246,8.66302098318573,0.9178502762509124,True,walking_dual_task,P09,27,0.875
2026-04-01T14:05:40.040265,1337.804036274635,94367.0,81.0,-4.16766645237075,5.572367076161382,4.257782237502705,8.15778328173147,0.5052377014542593,True,walking_dual_task,P09,27,0.875
2026-04-01T14:05:40.159618,1406.0456990978475,94367.0,83.0,-4.356208729943953,5.762304271900418,4.8015467377836245,8.673843213704192,0.5160599319727215,True,walking_dual_task,P09,27,0.875
2026-04-01T14:05:40.160344,1522.963433066207,94311.0,81.0,-4.5987443865058815,5.441059873955666,4.649541406130174,8.50716273335057,0.16668048035362126,True,walking_dual_task,P09,27,0.875
2026-04-01T14:05:40.161126,1346.7066572957133,94311.0,81.0,-4.309552927369112,6.02679983834635,4.645780864389673,8.745161094297607,0.23799836094703686,True,walking_dual_task,P09,27,0.875
2026-04-01T14:05:40.161308,1667.6682253567942,94225.0,82.0,-3.776712803784724,6.0028915369880895,4.286967088799709,8.287119718428505,0.45804137586910265,True,walking_dual_task,P09,27,0.875
2026-04-01T14:05:40.161540,1465.4549284417292,94225.0,81.0,-3.611278171828796,6.041094374704448,4.244345648728865,8.218918497241381,0.0682012211871239,True,walking_dual_task,P09,27,0.875
2026-04-01T14:05:40.162250,1471.8572870405735,94083.0,82.0,-3.9664484800160373,5.810371250388265,4.248315541204433,8.21835217970118,0.000566317540201311,True,walking_dual_task,P09,27,0.875
2026-04-01T14:05:40.279713,1539.3288401021077,94083.0,81.0,-3.9794339335394877,5.7334308042177256,4.389073927150251,8.244518976638261,0.02616679693708157,True,walking_dual_task,P09,27,0.875
2026-04-01T14:05:40.339741,1607.4027554434724,93943.0,82.0,-4.308514273378785,6.032877839579222,4.577640643813182,8.71284707401003,0.46832809737176895,True,walking_dual_task,P09,27,0.875
2026-04-01T14:05:40.340583,1394.0293468198765,93943.0,81.0,-4.543064146419761,6.595316080413372,5.408003884403355,9.66354655666157,0.9506994826515403,True,walking_dual_task,P09,27,0.875
2026-04-01T14:05:40.340954,1451.966259656867,93857.0,82.0,-4.41774298670914,6.266654145137308,5.459781390035281,9.41257776054785,0.250968796113721,True,walking_dual_task,P09,27,0.875
2026-04-01T14:05:40.341566,1462.6136984956977,93857.0,83.0,-3.6826611807965985,7.622904932815156,6.318769110620553,10.56397255111051,1.1513947905626605,True,walking_dual_task,P09,27,0.875
2026-04-01T14:05:40.341641,1319.9900728135026,93712.0,82.0,-4.197435788719034,7.647518949560565,5.961039496001869,10.565841431575695,0.0018688804651851854,True,walking_dual_task,P09,27,0.875
2026-04-01T14:05:40.342282,1548.065645739238,93712.0,81.0,-3.593495202084058,8.30013274697482,6.16924532534753,10.948287503949066,0.38244607237337114,True,walking_dual_task,P09,27,0.875
2026-04-01T14:05:40.399646,1424.6993074809968,93604.0,82.0,-3.4419675785164836,7.966268069763995,6.036419649735583,10.571042046960832,0.3772454569882342,True,walking_dual_task,P09,27,0.875
2026-04-01T14:05:40.400039,1470.1583846239912,93604.0,83.0,-5.389013639500181,7.31331601242651,5.752682085863818,10.752646664210234,0.1816046172494019,True,walking_dual_task,P09,27,0.875
2026-04-01T14:05:40.400887,1585.2225766109275,93584.0,80.0,-6.341834427310612,7.581646582832044,4.9431302123455225,11.051459863139984,0.29881319892975,True,walking_dual_task,P09,27,0.875
2026-04-01T14:05:40.401359,1524.652991627429,93584.0,80.0,-6.401834301613685,7.446324482878471,4.782051993760394,10.922419695317547,0.12904016782243666,True,walking_dual_task,P09,27,0.875
2026-04-01T14:05:40.401810,1475.334405849585,93681.0,80.0,-6.52330801542421,7.508212556572591,5.128795595975091,11.190681280604213,0.2682615852866661,True,walking_dual_task,P09,27,0.875
2026-04-01T14:05:40.460521,1607.3680145528654,93681.0,82.0,-6.341114664504353,7.5675890116195355,5.464633071475112,11.284518299113898,0.09383701850968507,True,walking_dual_task,P09,27,0.875
2026-04-01T14:05:40.461256,1564.3181610785612,93669.0,81.0,-6.725133682176464,7.588664434227872,4.9388614333083005,11.278634810821721,0.005883488292177219,True,walking_dual_task,P09,27,0.875
2026-04-01T14:05:40.461960,1407.8294564059631,93669.0,82.0,-6.195113774191956,7.381781621127448,5.255597536773367,10.976859297892826,0.30177551292889504,True,walking_dual_task,P09,27,0.875
2026-04-01T14:05:40.462552,1449.9636543415872,93522.0,82.0,-6.480916384329687,7.575796176537795,4.848366785523255,11.086100548708854,0.10924125081602831,True,walking_dual_task,P09,27,0.875
2026-04-01T14:05:40.519744,1429.562629913184,93522.0,81.0,-6.364392568066871,7.139306598775235,5.314349674679093,10.941549430338567,0.14455111837028767,True,walking_dual_task,P09,27,0.875
2026-04-01T14:05:40.520008,1650.4789061305567,93398.0,82.0,-6.438776998366447,7.44296286099342,4.946065391680584,11.014495369448417,0.07294593910985014,True,walking_dual_task,P09,27,0.875
2026-04-01T14:05:40.520734,1570.6724676426372,93398.0,82.0,-6.5719134138507345,7.473280713143295,4.879132511580327,11.083587172127574,0.06909180267915715,True,walking_dual_task,P09,27,0.875
2026-04-01T14:05:40.579908,1633.4047009984877,93397.0,83.0,-6.259963275963429,7.333036648307153,5.439574891518146,11.07020965033008,0.013377521797494296,True,walking_dual_task,P09,27,0.875
2026-04-01T14:05:40.580796,1544.961796287865,93397.0,82.0,-6.097603974680651,7.596359211985821,4.757165315398098,10.840482892730831,0.22972675759924854,True,walking_dual_task,P09,27,0.875
2026-04-01T14:05:40.580932,1510.3032640508557,93420.0,82.0,-6.025671736075636,7.284338122459166,5.264969183419201,10.820822623793745,0.019660268937085945,True,walking_dual_task,P09,27,0.875
2026-04-01T14:05:40.639638,1419.5254460958668,93420.0,82.0,-3.653799562219445,6.539002130300762,6.26994724873614,9.768369290873826,1.052453332919919,True,walking_dual_task,P09,27,0.875
2026-04-01T14:05:40.640200,1480.6277473850016,93368.0,83.0,-3.2812025579568074,7.081132956689969,6.2495490433140475,9.998279723104902,0.2299104322310761,True,walking_dual_task,P09,27,0.875
2026-04-01T14:05:40.640701,1486.9886283282642,93368.0,82.0,-3.946930309571068,7.532697022892518,6.3320336950438385,10.602567331664302,0.6042876085593996,True,walking_dual_task,P09,27,0.875
2026-04-01T14:05:40.700025,1536.8070028327907,93312.0,82.0,-3.788336884994092,7.663686003669144,5.838228654159203,10.352221661811859,0.2503456698524431,True,walking_dual_task,P09,27,0.875
2026-04-01T14:05:40.700500,1344.689201092722,93312.0,81.0,-4.467847674209874,7.53453011800207,6.1330710693472215,10.69323934458996,0.3410176827781015,True,walking_dual_task,P09,27,0.875
2026-04-01T14:05:40.700784,1373.643664807047,93180.0,82.0,-4.2047356404043015,7.887545970553088,6.090341750303845,10.815981040976752,0.12274169638679133,True,walking_dual_task,P09,27,0.875
2026-04-01T14:05:40.759782,1509.207137354026,93180.0,82.0,-4.50605963098255,7.700659345314267,6.093350998108365,10.804334969663554,0.011646071313197837,True,walking_dual_task,P09,27,0.875
2026-04-01T14:05:40.760393,1445.6451701649737,92782.0,83.0,-4.859242578999107,7.514457670891865,6.257207655312156,10.919338815646327,0.11500384598277336,True,walking_dual_task,P09,27,0.875
2026-04-01T14:05:40.760762,1445.32245676935,92782.0,82.0,-4.800691905001631,7.610863174639724,6.4885501161094234,11.093834487637665,0.17449567199133753,True,walking_dual_task,P09,27,0.875
2026-04-01T14:05:40.819327,1451.486630263912,92384.0,81.0,-4.692841483010957,7.939699856324607,6.742772191629723,11.424822616627559,0.33098812898989394,True,walking_dual_task,P09,27,0.875
2026-04-01T14:05:40.820192,1499.3914245731341,92384.0,80.0,-4.517429937113256,7.720630201420524,6.3220850635639785,10.953723727333667,0.47109888929389143,True,walking_dual_task,P09,27,0.875
2026-04-01T14:05:40.820771,1434.4928503781396,92154.0,82.0,-4.720703704387871,7.93167244081673,6.4689096149557495,11.271346981594522,0.31762325426085525,True,walking_dual_task,P09,27,0.875
2026-04-01T14:05:40.879588,1453.8573428933307,92154.0,81.0,-4.652379555883694,7.947415812518115,6.098875237898205,11.045466617418905,0.22588036417561774,True,walking_dual_task,P09,27,0.875
2026-04-01T14:05:40.880113,1428.6638043613057,92135.0,81.0,-5.022511627490905,7.906833408876253,5.872674909230935,11.055855832703028,0.010389215284122955,True,walking_dual_task,P09,27,0.875
2026-04-01T14:05:40.880854,1442.4095908667393,92135.0,82.0,-5.106138341877508,7.211289212788268,5.527698750049353,10.422609766664259,0.6332460660387689,True,walking_dual_task,P09,27,0.875
2026-04-01T14:05:40.999819,1397.796075815524,92257.0,83.0,-5.466749975927633,6.8397866111163435,5.447227435520706,10.312144438437656,0.11046532822660282,True,walking_dual_task,P09,27,0.875
2026-04-01T14:05:40.999972,1437.7061789255113,92257.0,80.0,-5.258242517513053,6.961203770509138,5.56891926362875,10.349895365285006,0.03775092684734993,True,walking_dual_task,P09,27,0.875
2026-04-01T14:05:41.000456,1440.9001567810215,92476.0,82.0,-5.070853547320971,6.920179773234195,5.11981141440824,9.9907413494376,0.35915401584740536,True,walking_dual_task,P09,27,0.875
2026-04-01T14:05:41.001115,1555.635952170842,92476.0,81.0,-5.058170335755544,7.1300353129386345,5.023274383904093,10.082448921033835,0.09170757159623477,True,walking_dual_task,P09,27,0.875
2026-04-01T14:05:41.001629,1359.7386931326162,92736.0,81.0,-4.697657500964315,7.613495324538341,5.5074322571876575,10.505479861512496,0.42303094047866097,True,walking_dual_task,P09,27,0.875
2026-04-01T14:05:41.002178,1604.800846501929,92736.0,82.0,-4.265253442719174,9.172554387342931,5.9924399053154875,11.75744346948814,1.251963607975643,True,walking_dual_task,P09,27,0.875
2026-04-01T14:05:41.060260,1456.3236751383615,92977.0,82.0,-4.441316857494756,8.918636594274806,5.7895735563240445,11.523304044131244,0.23413942535689536,True,walking_dual_task,P09,27,0.875
2026-04-01T14:05:41.060321,1516.2113558506032,92977.0,81.0,-3.8079430296469496,9.125709773454698,5.811349336363385,11.46955928079255,0.0537447633386936,True,walking_dual_task,P09,27,0.875
2026-04-01T14:05:41.060693,1542.9163121528745,93106.0,81.0,-3.9128774565401363,9.712599609411358,6.1407554122320755,12.138948809328392,0.6693895285358415,True,walking_dual_task,P09,27,0.875
2026-04-01T14:05:41.119553,1512.932319637086,93106.0,81.0,-3.8287222282324693,8.193748316102894,5.6847547743871605,10.682371563165084,1.4565772461633077,True,walking_dual_task,P09,27,0.875
2026-04-01T14:05:41.119946,1554.5605539759665,93283.0,82.0,-2.7229436077069096,7.942068860134047,4.944152072465557,9.743485997605184,0.9388855655599002,True,walking_dual_task,P09,27,0.875
2026-04-01T14:05:41.179627,1413.957942497373,93283.0,82.0,-3.2874515905774335,7.8885641794422465,4.782086673909183,9.793116752615035,0.0496307550098507,True,walking_dual_task,P09,27,0.875
2026-04-01T14:05:41.180185,1499.618226933796,93511.0,82.0,-2.2594207757636937,8.269367800926732,5.129087214216355,9.989742825518288,0.1966260729032534,True,walking_dual_task,P09,27,0.875
2026-04-01T14:05:41.180624,1435.4917137774985,93511.0,83.0,-2.720937244124881,7.86498951937672,5.347253482911655,9.89215241678384,0.09759040873444746,True,walking_dual_task,P09,27,0.875
2026-04-01T14:05:41.240025,1469.4770856390721,93617.0,81.0,-3.2278095498197414,7.408234418395087,5.829347905030228,9.964034759357347,0.07188234257350601,True,walking_dual_task,P09,27,0.875
2026-04-01T14:05:41.299712,1459.3800632772718,93617.0,82.0,-3.0153017953295578,7.272022800729957,6.090272398400948,9.953179312057955,0.010855447299391585,True,walking_dual_task,P09,27,0.875
2026-04-01T14:05:41.300411,1518.610228086151,93793.0,82.0,-4.643022235450975,5.809148262781847,5.4629527038428565,9.227551748015154,0.7256275640428012,True,walking_dual_task,P09,27,0.875
2026-04-01T14:05:41.300980,1526.0080955807557,93793.0,81.0,-5.1175760362996785,5.003601807401198,4.041313080831877,8.219356845376655,1.0081949026384986,True,walking_dual_task,P09,27,0.875
2026-04-01T14:05:41.359628,1508.0985604654625,94064.0,82.0,-5.123089024477,4.855753898742488,4.219889143985973,8.223858672508925,0.0045018271322696535,True,walking_dual_task,P09,27,0.875
2026-04-01T14:05:41.360300,1401.479319572751,94064.0,82.0,-4.834277592328852,4.400107858884218,3.3892781214127523,7.363314144717354,0.8605445277915713,True,walking_dual_task,P09,27,0.875
2026-04-01T14:05:41.360918,1516.3130396313156,94239.0,83.0,-4.774654496085778,4.3841646558811345,3.114917051099613,7.1917267413397035,0.1715874033776501,True,walking_dual_task,P09,27,0.875
2026-04-01T14:05:41.360952,1509.8783101489362,94239.0,81.0,-3.99831122951203,5.014259204632962,3.578234499964305,7.34391245835782,0.15218571701811623,True,walking_dual_task,P09,27,0.875
2026-04-01T14:05:41.361540,1380.2834883453618,94278.0,82.0,-3.9445633272538774,5.2625903899788815,3.5511268242295704,7.474285195065616,0.13037273670779648,True,walking_dual_task,P09,27,0.875
2026-04-01T14:05:41.362249,1589.4962553329547,94278.0,82.0,-3.7069627086551313,5.154791700009907,3.62291756295951,7.310197101436547,0.1640880936290694,True,walking_dual_task,P09,27,0.875
2026-04-01T14:05:41.420392,1525.2984377468401,94221.0,82.0,-3.737661106862398,4.9900430371771165,3.7278526589305088,7.264125928790533,0.04607117264601346,True,walking_dual_task,P09,27,0.875
2026-04-01T14:05:41.420521,1421.9283874880011,94221.0,82.0,-3.7642087528495676,5.700717849635075,3.4435412319422527,7.650191353963875,0.3860654251733413,True,walking_dual_task,P09,27,0.875
2026-04-01T14:05:41.421190,1496.8801924747515,94124.0,81.0,-3.595158836505557,5.113646571981311,3.49966160106077,7.1639500029508465,0.4862413510130281,True,walking_dual_task,P09,27,0.875
2026-04-01T14:05:41.480246,1520.7759460994894,94124.0,80.0,-3.278154937146027,5.17812109190676,3.3502257614143387,6.984500732824704,0.17944927012614276,True,walking_dual_task,P09,27,0.875
2026-04-01T14:05:41.480336,1406.6666626001058,94062.0,80.0,-3.749544631963511,5.070903399985247,3.760280527264499,7.342537428082536,0.358036695257832,True,walking_dual_task,P09,27,0.875
2026-04-01T14:05:41.481004,1443.3257662864544,94062.0,82.0,-3.495690646156712,5.244315532099718,3.4738757517148113,7.196562459410884,0.14597496867165205,True,walking_dual_task,P09,27,0.875
2026-04-01T14:05:41.540197,1585.1369776728613,94039.0,83.0,-3.6030956333561788,5.265788044052441,3.806547730182806,7.42971247695063,0.23315001753974673,True,walking_dual_task,P09,27,0.875
2026-04-01T14:05:41.540638,1552.766484198531,94039.0,81.0,-3.47349088983429,5.205265731811679,3.7001776281021126,7.269886160046948,0.15982631690368265,True,walking_dual_task,P09,27,0.875
2026-04-01T14:05:41.541196,1437.874877557133,94008.0,81.0,-3.7170029197235492,4.940557035448617,3.632009625914659,7.1705445015348,0.09934165851214782,True,walking_dual_task,P09,27,0.875
2026-04-01T14:05:41.599587,1452.3517686121995,94008.0,81.0,-3.6346040739890766,5.5171035527647385,3.953581299102903,7.699323572574639,0.528779071039839,True,walking_dual_task,P09,27,0.875
2026-04-01T14:05:41.600209,1513.031960442059,93963.0,83.0,-3.6817322627158044,5.051787089304063,3.6921025651953507,7.259981170905593,0.43934240166904637,True,walking_dual_task,P09,27,0.875
2026-04-01T14:05:41.600840,1475.295523146214,93963.0,83.0,-3.0974182409549664,7.3581853214927175,4.6209737933271615,9.224439808652223,1.9644586377466302,True,walking_dual_task,P09,27,0.875
2026-04-01T14:05:41.719908,1498.5472521207064,93921.0,81.0,-3.614644581152127,7.997356635642989,5.393335168678995,10.301040376943732,1.076600568291509,True,walking_dual_task,P09,27,0.875
2026-04-01T14:05:41.720555,1492.2281935904834,93921.0,81.0,-4.967811200353842,8.118543900195322,5.55205732828265,11.018858550607538,0.7178181736638063,True,walking_dual_task,P09,27,0.875
2026-04-01T14:05:41.721097,1437.9375492060287,93867.0,81.0,-4.890337892017217,8.53341356324657,5.709070709566733,11.372248682926903,0.35339013231936534,True,walking_dual_task,P09,27,0.875
2026-04-01T14:05:41.721142,1612.7814677190368,93867.0,81.0,-4.778590992357941,8.754031533118628,6.144629677989466,11.714285033014548,0.34203635008764444,True,walking_dual_task,P09,27,0.875
2026-04-01T14:05:41.721664,1590.9191368912593,93839.0,82.0,-4.40532644419741,8.936549258086398,6.165644483982653,11.716824895210104,0.0025398621955563527,True,walking_dual_task,P09,27,0.875
2026-04-01T14:05:41.722438,1529.6602919953223,93839.0,81.0,-4.105245646177365,8.99243604194435,6.230399089524858,11.684811534580698,0.03201336062940641,True,walking_dual_task,P09,27,0.875
2026-04-01T14:05:41.780292,1695.5777017257726,93808.0,81.0,-5.340625486999893,8.584141132811034,5.649319876041769,11.58121645779284,0.10359507678785818,True,walking_dual_task,P09,27,0.875
2026-04-01T14:05:41.780676,1539.6794355140808,93808.0,81.0,-5.689741248585799,8.496073576527294,5.727504757547515,11.720099506461256,0.13888304866841672,True,walking_dual_task,P09,27,0.875
2026-04-01T14:05:41.781165,1525.506121135669,93749.0,81.0,-6.047555205976602,7.427041283160662,5.189391914415194,10.893284841245329,0.8268146652159274,True,walking_dual_task,P09,27,0.875
2026-04-01T14:05:41.840000,1512.8581277349817,93749.0,81.0,-5.980560632058152,6.819165905617512,5.283654012001265,10.496910442630115,0.3963743986152135,True,walking_dual_task,P09,27,0.875
2026-04-01T14:05:41.900152,1608.179280573343,93817.0,82.0,-4.754818212389446,6.556865420276421,5.817931367042685,9.972417247794349,0.5244931948357667,True,walking_dual_task,P09,27,0.875
2026-04-01T14:05:41.900879,1429.8820611036401,93817.0,82.0,-4.306343897488494,6.469452130399668,5.8169339041866515,9.707477977139343,0.264939270655006,True,walking_dual_task,P09,27,0.875
2026-04-01T14:05:41.901148,1506.6848355934271,93841.0,82.0,-3.2600225242003305,7.452176671372006,6.632083098466328,10.495104107372988,0.7876261302336456,True,walking_dual_task,P09,27,0.875
2026-04-01T14:05:41.901680,1474.864252532088,93841.0,82.0,-3.6336224912848785,7.595061008137657,6.8680502061171795,10.865462611423894,0.3703585040509054,True,walking_dual_task,P09,27,0.875
2026-04-01T14:05:41.902217,1668.6433838323687,93814.0,82.0,-3.2894068603686564,7.776398010527388,7.291947405526061,11.15639101484584,0.2909284034219457,True,walking_dual_task,P09,27,0.875
2026-04-01T14:05:42.019763,1536.9292630488242,93814.0,82.0,-3.295445900350885,7.617920608845015,7.161810030827903,10.962855513162262,0.19353550168357714,True,walking_dual_task,P09,27,0.875
2026-04-01T14:05:42.020557,1535.0508599375016,93785.0,83.0,-3.990035478582622,6.895150477892312,7.093887216973457,10.667085781986852,0.29576973117540994,True,walking_dual_task,P09,27,0.875
2026-04-01T14:05:42.021169,1513.9121095656014,93785.0,82.0,-3.9212290279724997,6.653570242053329,7.2500803064237545,10.59290793433726,0.07417784764959201,True,walking_dual_task,P09,27,0.875
2026-04-01T14:05:42.021231,1443.640437254065,93677.0,80.0,-4.094740933778266,7.078457931678849,6.82003629950441,10.648209480089331,0.055301545752071135,True,walking_dual_task,P09,27,0.875
2026-04-01T14:05:42.022013,1499.1561440879423,93677.0,80.0,-4.130735491854057,7.154821637791367,6.308710973386438,10.39491618619394,0.2532932938953909,True,walking_dual_task,P09,27,0.875
2026-04-01T14:05:42.022418,1473.1028543088285,93573.0,82.0,-4.126481263961109,6.6574610390632785,6.331111096975903,10.071375419013979,0.3235407671799617,True,walking_dual_task,P09,27,0.875
2026-04-01T14:05:42.080010,1504.334353253659,93573.0,81.0,-4.305429196712925,7.09596989799689,5.33494603944388,9.866669073449462,0.20470634556451728,True,walking_dual_task,P09,27,0.875
2026-04-01T14:05:42.080393,1572.091976074558,93558.0,82.0,-4.489103022369213,7.39461993549747,5.193144000463667,10.089657801206778,0.2229887277573166,True,walking_dual_task,P09,27,0.875
2026-04-01T14:05:42.139958,1547.5865647045975,93558.0,82.0,-5.12012569206824,7.460481288725899,4.903976083058629,10.291911852771456,0.2022540515646778,True,walking_dual_task,P09,27,0.875
2026-04-01T14:05:42.140017,1504.2400414589342,93563.0,81.0,-4.844625208474046,7.868015999778635,5.010655425220041,10.511076870313612,0.21916501754215645,True,walking_dual_task,P09,27,0.875
2026-04-01T14:05:42.140513,1514.2831101705233,93563.0,81.0,-5.042491109263659,8.127433355838935,5.111051923691997,10.844571974369575,0.33349510405596305,True,walking_dual_task,P09,27,0.875
2026-04-01T14:05:42.199777,1388.8180501223403,93584.0,82.0,-5.336041063018688,7.55919094441698,5.141849035199089,10.5855237688626,0.25904820550697494,True,walking_dual_task,P09,27,0.875
2026-04-01T14:05:42.200401,1595.0967956655436,93584.0,82.0,-5.268562223288739,7.599919540871372,4.823231921138967,10.429769465020671,0.15575430384192934,True,walking_dual_task,P09,27,0.875
2026-04-01T14:05:42.200704,1622.3831582328196,93626.0,82.0,-5.3959204667073655,7.325402174287016,5.290667629800662,10.524668102467693,0.09489863744702198,True,walking_dual_task,P09,27,0.875
2026-04-01T14:05:42.201242,1577.8317761285425,93626.0,82.0,-5.48420837378815,7.298868156365589,5.284495004271738,10.548739512439798,0.02407140997210533,True,walking_dual_task,P09,27,0.875
2026-04-01T14:05:42.260041,1498.9626330116942,93648.0,82.0,-5.614218417440579,7.045417959054144,5.48790397575984,10.548670660498049,6.885194174977016e-05,True,walking_dual_task,P09,27,0.875
2026-04-01T14:05:42.260557,1513.9770182856043,93648.0,82.0,-5.58366531147954,6.9205981508510455,5.27473801822891,10.338996964751091,0.20967369574695738,True,walking_dual_task,P09,27,0.875
2026-04-01T14:05:42.261042,1543.5221448928357,93641.0,82.0,-5.508053948383326,7.393147084641905,5.404487974976765,10.68671008239293,0.3477131176418382,True,walking_dual_task,P09,27,0.875
2026-04-01T14:05:42.319524,1447.595612532504,93641.0,81.0,-5.1324337006096075,6.918312774701588,5.87568031344988,10.427298139288762,0.25941194310416726,True,walking_dual_task,P09,27,0.875
2026-04-01T14:05:42.320267,1534.4923630609737,93621.0,82.0,-5.522549703369918,7.313615689739654,5.550631366427562,10.71433797531918,0.28703983603041827,True,walking_dual_task,P09,27,0.875
2026-04-01T14:05:42.320303,1528.1876430111445,93621.0,81.0,-5.587323150251885,7.687071407152839,5.939497152724263,11.206554922509728,0.4922169471905473,True,walking_dual_task,P09,27,0.875
2026-04-01T14:05:42.380277,1583.76671190174,93612.0,81.0,-5.314206865136388,7.242376772436142,6.1257487020965415,10.872792331348132,0.33376259116159623,True,walking_dual_task,P09,27,0.875
2026-04-01T14:05:42.380346,1459.813335914018,93612.0,83.0,-5.513371144823745,7.402417673666005,6.028930035309266,11.024565577229431,0.1517732458812997,True,walking_dual_task,P09,27,0.875
2026-04-01T14:05:42.381369,1610.260878060233,93614.0,82.0,-5.0738101206738095,7.50583003581652,5.855646601891713,10.787475645092478,0.2370899321369535,True,walking_dual_task,P09,27,0.875
2026-04-01T14:05:42.440392,1488.7440448051477,93614.0,81.0,-5.456985333378772,7.306349946596934,6.0433597547718225,10.94000162689402,0.1525259818015421,True,walking_dual_task,P09,27,0.875
2026-04-01T14:05:42.441529,1544.5170939153516,93619.0,82.0,-5.287199323463019,7.498462461590931,6.063063885412121,10.997370579029555,0.05736895213553517,True,walking_dual_task,P09,27,0.875
2026-04-01T14:05:42.441984,1521.954730999624,93619.0,81.0,-5.2567725167899955,7.663272567479807,5.789241278366745,10.948731356459186,0.0486392225703689,True,walking_dual_task,P09,27,0.875
2026-04-01T14:05:42.499557,1378.0744891215068,93588.0,81.0,-5.340872523785983,7.754333080504217,5.966912592467665,11.147136256675221,0.19840490021603507,True,walking_dual_task,P09,27,0.875
2026-04-01T14:05:42.499960,1411.3731849674502,93588.0,81.0,-5.784646274460818,7.596957240413304,6.1486951970025014,11.357039423148235,0.20990316647301377,True,walking_dual_task,P09,27,0.875
2026-04-01T14:05:42.500577,1553.2967849075965,93587.0,82.0,-5.3806244403152945,7.425794555148045,6.036941428518323,10.978989295665857,0.37805012748237843,True,walking_dual_task,P09,27,0.875
2026-04-01T14:05:42.561932,1548.2069436991533,93587.0,81.0,-5.605539710327866,7.408277699686121,6.217089897058209,11.178410473221698,0.1994211775558412,True,walking_dual_task,P09,27,0.875
2026-04-01T14:05:42.562457,1615.9360563947803,93660.0,82.0,-5.229463690884225,7.575230283670102,6.2739272444948915,11.139729234327213,0.03868123889448505,True,walking_dual_task,P09,27,0.875
2026-04-01T14:05:42.563241,1567.8328372060498,93660.0,81.0,-5.567648726820819,7.496761537635366,5.853295474032992,11.020944324502032,0.11878490982518031,True,walking_dual_task,P09,27,0.875
2026-04-01T14:05:42.620248,1576.0332471272893,93541.0,82.0,-5.295291226799837,7.455197319556933,5.83282241552505,10.846284782412994,0.17465954208903867,True,walking_dual_task,P09,27,0.875
2026-04-01T14:05:42.620405,1516.9483721804652,93541.0,82.0,-4.292675232741956,8.12825605186891,6.529074450224838,11.27494657526671,0.42866179285371686,True,walking_dual_task,P09,27,0.875
2026-04-01T14:05:42.620753,1607.7777396634183,93293.0,83.0,-5.019623648993896,7.3624708762713755,5.9079985776642285,10.691447337716514,0.5834992375501962,True,walking_dual_task,P09,27,0.875
2026-04-01T14:05:42.740151,1692.5445543868777,93293.0,82.0,-5.140672300242857,5.672424491155811,4.726112189152757,8.996613125549342,1.694834212167173,True,walking_dual_task,P09,27,0.875
2026-04-01T14:05:42.740659,1435.254250884269,93281.0,82.0,-4.926850396438244,5.783888855680949,4.861685186291074,9.020155651337511,0.0235425257881694,True,walking_dual_task,P09,27,0.875
2026-04-01T14:05:42.741169,1638.314942696341,93281.0,82.0,-4.5879068552925135,5.117871721788559,3.811999308018806,7.859569899037662,1.1605857522998493,True,walking_dual_task,P09,27,0.875
2026-04-01T14:05:42.741540,1564.5126067802896,93344.0,82.0,-4.495970170097719,5.157054179277918,3.8302855087664955,7.8409210337232045,0.018648865314457197,True,walking_dual_task,P09,27,0.875
2026-04-01T14:05:42.742284,1547.320093290509,93344.0,81.0,-4.088521429810019,5.149004717696292,3.753041052484081,7.570572911378983,0.27034812234422123,True,walking_dual_task,P09,27,0.875
2026-04-01T14:05:42.742771,1601.7192729581968,93363.0,80.0,-3.691959813334336,5.380808480507931,3.765241652906704,7.533970525026321,0.03660238635266211,True,walking_dual_task,P09,27,0.875
2026-04-01T14:05:42.800057,1548.3316511314063,93363.0,81.0,-4.099753180645121,5.353638653345996,3.8120533270115833,7.746042443776705,0.21207191875038411,True,walking_dual_task,P09,27,0.875
2026-04-01T14:05:42.800387,1511.4548837763436,93377.0,82.0,-4.2100436240667065,5.328028331553503,3.4766713466265884,7.628866027846856,0.1171764159298494,True,walking_dual_task,P09,27,0.875
2026-04-01T14:05:42.801263,1614.6390142790985,93377.0,81.0,-3.4643116305848944,5.444916759516204,3.969403104000794,7.57659122520922,0.052274802637636064,True,walking_dual_task,P09,27,0.875
2026-04-01T14:05:42.859841,1511.9111403552383,93379.0,82.0,-3.784168237672523,5.441002664735373,3.6592733903773684,7.570648650821862,0.005942574387358235,True,walking_dual_task,P09,27,0.875
2026-04-01T14:05:42.860578,1429.238726352014,93379.0,82.0,-3.542519183033919,5.419876425965522,3.8410420932532277,7.528486368257782,0.042162282564079945,True,walking_dual_task,P09,27,0.875
2026-04-01T14:05:42.860675,1609.4045981672996,93361.0,82.0,-3.585831741770662,5.537251388391338,3.9649233442885055,7.696749920883214,0.16826355262543213,True,walking_dual_task,P09,27,0.875
2026-04-01T14:05:42.920015,1543.3897251143858,93361.0,81.0,-3.130583043579213,5.819228417244142,3.8703194687931166,7.657894120143375,0.03885580073983874,True,walking_dual_task,P09,27,0.875
2026-04-01T14:05:42.920555,1447.2673921722794,93348.0,82.0,-3.437826592011639,5.030911926438095,3.518868970129141,7.03641707954106,0.6214770406023149,True,walking_dual_task,P09,27,0.875
2026-04-01T14:05:42.981027,1515.7026317370908,93348.0,83.0,-3.456872150999289,5.2456302994996165,3.943795197949407,7.417555046695083,0.3811379671540225,True,walking_dual_task,P09,27,0.875
2026-04-01T14:05:42.981626,1608.573905387032,93350.0,81.0,-3.3925981032522974,4.839473757391319,4.11020268322251,7.198888402791076,0.21866664390400636,True,walking_dual_task,P09,27,0.875
2026-04-01T14:05:43.040406,1591.856023997824,93350.0,82.0,-3.1105826985376868,5.054612037999213,3.9501734613096087,7.129424798226242,0.06946360456483447,True,walking_dual_task,P09,27,0.875
2026-04-01T14:05:43.040464,1617.154735376276,93349.0,83.0,-2.156952229847523,4.716981090002503,3.997082203290106,6.548207362717211,0.5812174355090312,True,walking_dual_task,P09,27,0.875
2026-04-01T14:05:43.040908,1528.191656356335,93349.0,82.0,-1.8550637371837382,5.375808724785007,4.949461562356538,7.5390815535934825,0.9908741908762719,True,walking_dual_task,P09,27,0.875
2026-04-01T14:05:43.041415,1547.2859246001783,93317.0,82.0,-2.52644766047467,5.337754291560543,4.621216354825679,7.4986798342307734,0.04040171936270909,True,walking_dual_task,P09,27,0.875
2026-04-01T14:05:43.099512,1503.320764670604,93317.0,82.0,-2.0154069451892918,7.1234967733370675,5.989364925154894,9.522529267013914,2.0238494327831402,True,walking_dual_task,P09,27,0.875
2026-04-01T14:05:43.100015,1601.5163657872258,93128.0,82.0,-1.9135274918092302,7.130660762409289,6.2976641640127955,9.70404473882742,0.18151547181350658,True,walking_dual_task,P09,27,0.875
2026-04-01T14:05:43.100281,1594.1723374334863,93128.0,82.0,-3.9347777368243424,9.525928034536731,6.916000108947051,12.411963513656367,2.707918774828947,True,walking_dual_task,P09,27,0.875
2026-04-01T14:05:43.100499,1513.1101682506314,92971.0,82.0,-5.477714606171518,8.279635558947911,6.9842037691575225,12.138238116991015,0.2737253966653519,True,walking_dual_task,P09,27,0.875
2026-04-01T14:05:43.159781,1509.9845145936536,92971.0,83.0,-5.1595748123127025,9.089496421196417,7.247130983899027,12.718532341924654,0.5802942249336382,True,walking_dual_task,P09,27,0.875
2026-04-01T14:05:43.160173,1483.9996076441469,92892.0,82.0,-4.210114037197766,7.925744020200938,6.228668923584801,10.924229722941185,1.794302618983469,True,walking_dual_task,P09,27,0.875
2026-04-01T14:05:43.160486,1417.865621635649,92892.0,83.0,-4.247575991523988,8.074094147167704,6.057312967164389,10.950978882423097,0.0267491594819127,True,walking_dual_task,P09,27,0.875
2026-04-01T14:05:43.219988,1605.848175462886,92700.0,82.0,-5.438816320607332,8.108246932857718,5.207939444607407,11.065578365010975,0.11459948258787733,True,walking_dual_task,P09,27,0.875
2026-04-01T14:05:43.279672,1499.1747349429886,92700.0,81.0,-7.185932131596634,8.401146431310032,5.026682935478671,12.144316501724528,1.0787381367135538,True,walking_dual_task,P09,27,0.875
2026-04-01T14:05:43.280469,1564.719032648873,92442.0,82.0,-7.2412531561818945,8.323959179071567,5.289941066206973,12.235502448641292,0.09118594691676307,True,walking_dual_task,P09,27,0.875
2026-04-01T14:05:43.281321,1536.2716681021336,92442.0,82.0,-7.11593631952304,8.635948642002942,4.964741091163653,12.241928473615111,0.006426024973819722,True,walking_dual_task,P09,27,0.875
2026-04-01T14:05:43.281355,1464.4767343406081,92411.0,82.0,-6.86487501811169,8.148401371712723,5.191653056016308,11.852266255145773,0.38966221846933813,True,walking_dual_task,P09,27,0.875
2026-04-01T14:05:43.281956,1459.892380555594,92411.0,82.0,-5.390978178849146,7.703834882320872,5.460188104117287,10.873149118412542,0.9791171367332314,True,walking_dual_task,P09,27,0.875
2026-04-01T14:05:43.340086,1560.32559610965,92385.0,83.0,-4.871997415817622,7.42809119134997,5.387182887159206,10.389159591922995,0.4839895264895464,True,walking_dual_task,P09,27,0.875
2026-04-01T14:05:43.340397,1537.782865577001,92385.0,81.0,-4.587670506958254,7.656468319209291,5.715683076625936,10.59892734364654,0.209767751723545,True,walking_dual_task,P09,27,0.875
2026-04-01T14:05:43.340678,1373.7450950530192,92366.0,82.0,-3.7849754187611646,6.070931283833274,4.78231191614967,8.605390917151812,1.9935364264947282,True,walking_dual_task,P09,27,0.875
2026-04-01T14:05:43.459827,1473.916484175109,92366.0,80.0,-4.281096894137861,6.3401896239400255,5.192643493342151,9.24604464262758,0.6406537254757687,True,walking_dual_task,P09,27,0.875
2026-04-01T14:05:43.460604,1527.606630984382,92385.0,83.0,-3.925826892553285,6.637833911967523,5.316880271950462,9.367079142369658,0.12103449974207692,True,walking_dual_task,P09,27,0.875
2026-04-01T14:05:43.460719,1612.9304348472645,92385.0,81.0,-4.347443901281941,6.377962750409756,4.903639185840319,9.144635289901759,0.2224438524678991,True,walking_dual_task,P09,27,0.875
2026-04-01T14:05:43.461109,1614.771190969491,92442.0,80.0,-4.04952073185894,6.4854785991466795,4.901293504340454,9.08200026609969,0.06263502380206809,True,walking_dual_task,P09,27,0.875
2026-04-01T14:05:43.461666,1550.6677618190636,92442.0,81.0,-3.9543909262160497,6.271120857517177,4.992996334406537,8.938354255808164,0.14364601029152624,True,walking_dual_task,P09,27,0.875
2026-04-01T14:05:43.462371,1492.1490040357105,92444.0,81.0,-3.981372383310925,5.98682612007133,4.777424825815764,8.63233462122965,0.3060196345785151,True,walking_dual_task,P09,27,0.875
2026-04-01T14:05:43.520248,1616.8286016592483,92444.0,80.0,-3.9967899337028427,6.244980896943816,5.001226153222644,8.943510452446496,0.3111758312168469,True,walking_dual_task,P09,27,0.875
2026-04-01T14:05:43.520503,1519.2260628902332,92401.0,81.0,-4.408926836116971,6.111764049470354,4.7433383719730475,8.904580537771704,0.03892991467479234,True,walking_dual_task,P09,27,0.875
2026-04-01T14:05:43.520927,1599.6747709993376,92401.0,83.0,-3.6483147552193653,6.513968503781349,4.969691381549588,8.968824819855444,0.06424428208373989,True,walking_dual_task,P09,27,0.875
2026-04-01T14:05:43.580462,1553.9259567139138,92351.0,82.0,-4.095284359349366,6.448903575617887,4.884237007845679,9.067275360347121,0.09845054049167778,True,walking_dual_task,P09,27,0.875
2026-04-01T14:05:43.580531,1549.1884354046751,92351.0,82.0,-4.260189603258332,6.291662256055162,4.715106698764887,8.942396802911231,0.12487855743589016,True,walking_dual_task,P09,27,0.875
2026-04-01T14:05:43.580899,1458.9914460773446,92349.0,81.0,-4.233200523953637,6.217110484429599,4.880019743214083,8.96588211754789,0.023485314636658927,True,walking_dual_task,P09,27,0.875
2026-04-01T14:05:43.640218,1488.057097827618,92349.0,81.0,-5.617200466783084,8.386700102798041,6.017785878833621,11.75174142762638,2.7858593100784894,True,walking_dual_task,P09,27,0.875
2026-04-01T14:05:43.640869,1553.5267135696608,92398.0,81.0,-5.363863382009277,8.310841861551978,5.812533852087346,11.472866799987093,0.2788746276392864,True,walking_dual_task,P09,27,0.875
2026-04-01T14:05:43.641338,1369.94538143095,92398.0,82.0,-5.728217273678805,7.898540676994207,5.2941352338481895,11.100778613902593,0.37208818608450045,True,walking_dual_task,P09,27,0.875
2026-04-01T14:05:43.819971,1604.6879759263024,92465.0,82.0,-5.412122876728087,7.929137100896484,5.445775223901061,11.03715348207459,0.06362513182800278,True,walking_dual_task,P09,27,0.875
2026-04-01T14:05:43.820869,1537.47490338631,92465.0,82.0,-5.501940549792484,7.830904903049568,4.928707981570485,10.765063110899684,0.2720903711749063,True,walking_dual_task,P09,27,0.875
2026-04-01T14:05:43.820915,1413.2307137909602,92537.0,83.0,-5.614608120450777,7.939965101509992,4.801145058965124,10.845176994252036,0.08011388335235203,True,walking_dual_task,P09,27,0.875
2026-04-01T14:05:43.821940,1614.3620496883927,92537.0,82.0,-5.64051639589898,7.906142425835283,4.991189217060532,10.919454339411798,0.07427734515976248,True,walking_dual_task,P09,27,0.875
2026-04-01T14:05:43.822388,1521.2124653089757,92586.0,82.0,-5.679514347681563,8.01831075297657,4.921682429522013,10.98968373038488,0.0702293909730809,True,walking_dual_task,P09,27,0.875
2026-04-01T14:05:43.822880,1604.2920834715649,92586.0,81.0,-5.679206887740201,7.822042865794248,4.97516836327526,10.871524534811732,0.11815919557314736,True,walking_dual_task,P09,27,0.875
2026-04-01T14:05:43.880222,1504.5454682892378,92619.0,82.0,-5.617387315292468,7.95210285386727,5.0659177166828755,10.97517664371258,0.10365210890084775,True,walking_dual_task,P09,27,0.875
2026-04-01T14:05:43.880881,1469.2372656880486,92619.0,81.0,-5.207447730990655,9.208876330652558,6.047518593099557,12.185786649951552,1.2106100062389729,True,walking_dual_task,P09,27,0.875
2026-04-01T14:05:43.881252,1425.2558588502975,92471.0,82.0,-5.530756273927162,9.525519892811403,6.02379200521912,12.554316560931232,0.3685299109796798,True,walking_dual_task,P09,27,0.875
2026-04-01T14:05:43.881730,1596.9643149583542,92471.0,82.0,-4.758939319879512,9.937012632525288,7.415201268226573,13.280697773745603,0.7263812128143705,True,walking_dual_task,P09,27,0.875
2026-04-01T14:05:43.882179,1504.750735611012,92277.0,83.0,-4.933603491934042,9.88670443510618,7.160879650227625,13.16683581456897,0.11386195917663322,True,walking_dual_task,P09,27,0.875
2026-04-01T14:05:43.882590,1496.8545315772478,92277.0,83.0,-3.850570858694163,8.819777927592662,6.4903001648181355,11.607729100014081,1.559106714554888,True,walking_dual_task,P09,27,0.875
2026-04-01T14:05:43.940812,1660.821099761973,92295.0,82.0,-3.792842257040343,8.13832138498843,5.834203919497678,10.707747789634986,0.8999813103790952,True,walking_dual_task,P09,27,0.875
2026-04-01T14:05:43.941442,1453.3897586147086,92295.0,81.0,-3.8846469227371268,8.3093849964384,5.73530983577328,10.818046942294359,0.11029915265937262,True,walking_dual_task,P09,27,0.875
2026-04-01T14:05:43.941994,1476.8489789574594,92339.0,82.0,-3.649403553818198,8.789870572643318,6.278862056871104,11.401933156779052,0.5838862144846928,True,walking_dual_task,P09,27,0.875
2026-04-01T14:05:44.000253,1537.8402345138284,92339.0,82.0,-3.507167304848059,8.41928688386367,5.929507453853946,10.878587811949837,0.5233453448292149,True,walking_dual_task,P09,27,0.875
2026-04-01T14:05:44.001402,1455.4044597372695,92337.0,82.0,-3.5277737279283343,8.99574284425206,6.858859066072084,11.849579084660043,0.9709912727102061,True,walking_dual_task,P09,27,0.875
2026-04-01T14:05:44.001878,1577.7607396501685,92337.0,81.0,-3.705726428093226,7.690619053649915,6.6236705327193475,10.805139569401511,1.0444395152585315,True,walking_dual_task,P09,27,0.875
2026-04-01T14:05:44.059965,1423.5886218613575,92351.0,82.0,-3.4881125513786135,7.582218818501033,6.258907389755745,10.432204613419701,0.37293495598181003,True,walking_dual_task,P09,27,0.875
2026-04-01T14:05:44.060869,1355.4315113523844,92351.0,82.0,-3.8526143646584323,5.763155731974838,5.621593360332545,8.925184218978446,1.5070203944412555,True,walking_dual_task,P09,27,0.875
2026-04-01T14:05:44.061283,1541.2422532361788,92438.0,82.0,-3.8974284025491985,5.616520917669123,5.0137196982040875,8.477773326986968,0.44741089199147765,True,walking_dual_task,P09,27,0.875
2026-04-01T14:05:44.179729,1553.825382323597,92438.0,81.0,-3.334052501532231,4.392110175498877,4.219287238468866,6.943264554760991,1.5345087722259771,True,walking_dual_task,P09,27,0.875
2026-04-01T14:05:44.239902,1534.9889808714604,92484.0,82.0,-3.56657201983628,4.514367871233392,4.339364977167276,7.206250179848691,0.2629856250877003,True,walking_dual_task,P09,27,0.875
2026-04-01T14:05:44.240576,1466.7406160002618,92484.0,82.0,-3.0382485237468653,4.6644803211120545,3.897502167395747,6.795502476119493,0.4107477037291982,True,walking_dual_task,P09,27,0.875
2026-04-01T14:05:44.240638,1600.8910945793464,92460.0,82.0,-2.2146554250399015,5.0838354317045225,3.6278868283035575,6.626586163877402,0.16891631224209114,True,walking_dual_task,P09,27,0.875
2026-04-01T14:05:44.241339,1447.800310923721,92460.0,83.0,-2.272878999995646,5.006505340422963,3.7219864981542354,6.639597741184875,0.0130115773074726,True,walking_dual_task,P09,27,0.875
2026-04-01T14:05:44.241574,1297.94765682374,92435.0,80.0,-2.0084814885352023,4.5007634404817685,3.881664028834646,6.273610210215063,0.36598753096981174,True,walking_dual_task,P09,27,0.875
2026-04-01T14:05:44.242916,1498.3360063539992,92435.0,82.0,-2.3520066948173386,4.480470802880643,3.6818580548847795,6.258005500497058,0.015604709718004983,True,walking_dual_task,P09,27,0.875
2026-04-01T14:05:44.299620,1392.5858336544,92419.0,81.0,-1.6204983560113349,4.419089792971628,3.7084607505339795,5.992249215314106,0.2657562851829516,True,walking_dual_task,P09,27,0.875
2026-04-01T14:05:44.300234,1484.9851038981087,92419.0,82.0,-2.3806705712099343,4.7910877446508895,3.740189966236869,6.527720515548129,0.5354713002340228,True,walking_dual_task,P09,27,0.875
2026-04-01T14:05:44.300704,1608.9126110240072,92423.0,80.0,-2.0863265152055295,4.704183253271128,3.350112523568393,6.140468412831058,0.38725210271707144,True,walking_dual_task,P09,27,0.875
2026-04-01T14:05:44.301238,1568.800729560882,92423.0,80.0,-2.5262221473456377,5.62055142524836,3.666956252028941,7.170701835657031,1.0302334228259733,True,walking_dual_task,P09,27,0.875
2026-04-01T14:05:44.301980,1547.6144268597504,92397.0,82.0,-3.0693736124192887,5.892364436255152,3.282749562218914,7.410631397560453,0.23992956190342252,True,walking_dual_task,P09,27,0.875
2026-04-01T14:05:44.359745,1490.1027120009362,92397.0,81.0,-2.0591622564285195,7.283239083738882,4.400163139669453,8.754836172362513,1.3442047748020594,True,walking_dual_task,P09,27,0.875
2026-04-01T14:05:44.360299,1498.127609143897,92342.0,83.0,-2.3584749042918483,7.002054794362532,4.791833578015284,8.806409271480888,0.051573099118375154,True,walking_dual_task,P09,27,0.875
2026-04-01T14:05:44.360669,1504.7325092983667,92342.0,81.0,-2.2863708849237367,7.028470071308972,4.304452795310649,8.55308115440106,0.2533281170798283,True,walking_dual_task,P09,27,0.875
2026-04-01T14:05:44.480105,1511.8555882697992,92265.0,81.0,-2.5759753372924123,6.879108049704774,4.555594604618511,8.643565161406551,0.09048400700549131,True,walking_dual_task,P09,27,0.875
2026-04-01T14:05:44.481124,1484.8363615448554,92265.0,82.0,-2.583278439568594,6.697761405074088,4.42334909989737,8.432043204064056,0.21152195734249446,True,walking_dual_task,P09,27,0.875
2026-04-01T14:05:44.481161,1534.6915725125305,92080.0,80.0,-2.3189844554758183,7.444496589101953,4.168864771346849,8.841812701684304,0.40976949762024795,True,walking_dual_task,P09,27,0.875
2026-04-01T14:05:44.481657,1548.2364640614812,92080.0,82.0,-2.6329184464153443,6.650724890325564,4.554821695666183,8.480023690508272,0.36178901117603246,True,walking_dual_task,P09,27,0.875
2026-04-01T14:05:44.482163,1609.3436337587223,91958.0,82.0,-2.271187646400107,7.178712818804661,4.511202496110799,8.777423256340503,0.29739956583223126,True,walking_dual_task,P09,27,0.875
2026-04-01T14:05:44.482931,1362.3227084922275,91958.0,83.0,-2.2162786139520128,7.127829647295286,4.395491432756525,8.662458733578976,0.11496452276152702,True,walking_dual_task,P09,27,0.875
2026-04-01T14:05:44.540367,1602.95678960866,91921.0,82.0,-2.358153837953427,7.043733477710214,4.278697946633289,8.572183324392569,0.09027540918640753,True,walking_dual_task,P09,27,0.875
2026-04-01T14:05:44.540408,1504.8256700532284,91921.0,82.0,-2.532633281118928,7.033908882725273,4.650147951982251,8.804202489858888,0.23201916546631907,True,walking_dual_task,P09,27,0.875
2026-04-01T14:05:44.541025,1529.621999214337,91924.0,82.0,-2.3687238873535232,7.154249207415811,4.411797512557595,8.732587925016176,0.07161456484271156,True,walking_dual_task,P09,27,0.875
2026-04-01T14:05:44.600198,1557.1430312750936,91924.0,83.0,-2.304642420469866,7.021563615182565,4.125842861480738,8.463823698891442,0.26876422612473405,True,walking_dual_task,P09,27,0.875
2026-04-01T14:05:44.600498,1530.146230236773,91864.0,82.0,-2.539064595676911,7.154193003811488,4.438316409172813,8.793632872979055,0.3298091740876128,True,walking_dual_task,P09,27,0.875
2026-04-01T14:05:44.601227,1454.2341480624943,91864.0,81.0,-7.415774956559554,7.891520748232262,6.1127351289132115,12.435246225240808,3.6416133522617535,True,walking_dual_task,P09,27,0.875
2026-04-01T14:05:44.659910,1446.1276413037465,91846.0,82.0,-6.39722118724589,7.860139178817491,5.674573959784533,11.61494797465723,0.8202982505835781,True,walking_dual_task,P09,27,0.875
2026-04-01T14:05:44.660391,1625.9010953309385,91846.0,81.0,-6.285254897262108,7.797024800748926,5.336937438044142,11.34816840219814,0.26677957245908956,True,walking_dual_task,P09,27,0.875
2026-04-01T14:05:44.660790,1484.3356109586623,91968.0,81.0,-4.606321392209744,6.5663515957242184,5.449650860229958,9.697105988149465,1.6510624140486758,True,walking_dual_task,P09,27,0.875
2026-04-01T14:05:44.719953,1480.9908772489698,91968.0,81.0,-4.04547146256246,7.800483234324892,5.903940121827534,10.586306579988882,0.8892005918394172,True,walking_dual_task,P09,27,0.875
2026-04-01T14:05:44.720438,1394.238644445751,91957.0,81.0,-3.856257652909274,8.198158295305086,6.124200549177463,10.93555462183087,0.349248041841987,True,walking_dual_task,P09,27,0.875
2026-04-01T14:05:44.720525,1515.2834243659793,91957.0,81.0,-4.3421368626198085,9.139234194583796,5.694932522962385,11.61085744629854,0.6753028244676713,True,walking_dual_task,P09,27,0.875
2026-04-01T14:05:44.780357,1438.6166099919394,91798.0,82.0,-4.048039782066246,9.096901189860182,5.814508276012942,11.530340143599126,0.08051730269941437,True,walking_dual_task,P09,27,0.875
2026-04-01T14:05:44.781216,1575.5922008897082,91798.0,82.0,-4.404176750530118,7.8673741489369515,4.910662042947052,10.266788716502953,1.2635514270961732,True,walking_dual_task,P09,27,0.875
2026-04-01T14:05:44.781568,1345.9022265948797,91827.0,82.0,-4.5940759603147345,7.763404376417016,5.107918520382931,10.366620136369596,0.09983141986664279,True,walking_dual_task,P09,27,0.875
2026-04-01T14:05:44.839923,1459.4915581430696,91827.0,82.0,-3.9087215996300486,6.602898754955292,4.4979853419476585,8.894281794950091,1.4723383414195048,True,walking_dual_task,P09,27,0.875
2026-04-01T14:05:44.840913,1490.6593267238557,91919.0,82.0,-3.6722518057440827,6.864047870333279,4.52028353990113,9.001863683266848,0.10758188831675675,True,walking_dual_task,P09,27,0.875
2026-04-01T14:05:44.841237,1410.7412561944845,91919.0,82.0,-3.885273915072963,6.76629864209606,4.297730687157057,8.907785345893155,0.09407833737369309,True,walking_dual_task,P09,27,0.875
2026-04-01T14:05:44.899960,1537.8554145635258,91961.0,82.0,-3.7886030299854765,6.373141912137056,4.699433278771255,8.778104800734374,0.1296805451587808,True,walking_dual_task,P09,27,0.875
2026-04-01T14:05:44.900355,1581.6578858185949,91961.0,81.0,-3.7170989378474033,7.846332489416917,4.740777193844073,9.892255882754846,1.1141510820204719,True,walking_dual_task,P09,27,0.875
2026-04-01T14:05:44.901056,1598.9373078325884,91951.0,82.0,-4.09031293334464,8.281831780558322,5.332022319765196,10.66535791957431,0.7731020368194645,True,walking_dual_task,P09,27,0.875
2026-04-01T14:05:44.959767,1486.2009529319757,91951.0,82.0,-4.075335510656944,8.254874861175372,5.348257053441507,10.646838592172488,0.018519327401822494,True,walking_dual_task,P09,27,0.875
2026-04-01T14:05:44.960339,1546.649663233719,91978.0,83.0,-4.769412731444813,8.325863937430256,5.909225889752113,11.26881798253864,0.6219793903661515,True,walking_dual_task,P09,27,0.875
2026-04-01T14:05:44.960772,1516.0885219560364,91978.0,80.0,-4.455311813831376,8.346582115506587,5.763208606854253,11.07834869533717,0.19046928720146994,True,walking_dual_task,P09,27,0.875
2026-04-01T14:05:45.019777,1484.5723587014802,91991.0,84.0,-5.018531524879068,8.213436536873239,6.330471496930738,11.520463002193175,0.4421143068560056,True,walking_dual_task,P09,27,0.875
2026-04-01T14:05:45.020334,1399.553755761928,91991.0,81.0,-4.895264425988537,7.99524694322223,6.2910187119081655,11.290017888251196,0.23044511394197897,True,walking_dual_task,P09,27,0.875
2026-04-01T14:05:45.020806,1550.3159539038593,91857.0,83.0,-4.659682892454273,7.614944958764511,6.231706711639822,10.887341269710474,0.40267661854072223,True,walking_dual_task,P09,27,0.875
2026-04-01T14:05:45.079792,1574.9994964821624,91857.0,81.0,-4.729800467852505,7.476828810946875,5.827134354374404,10.59384143348547,0.29349983622500453,True,walking_dual_task,P09,27,0.875
2026-04-01T14:05:45.080131,1426.5067812479354,91752.0,83.0,-4.644924266998504,7.155361498293716,5.9377673302382945,10.393825113280522,0.20001632020494675,True,walking_dual_task,P09,27,0.875
2026-04-01T14:05:45.080961,1518.4183244347053,91752.0,82.0,-37.01792640554387,-31.22571272270737,36.38295382862037,71.07613609842898,0.48517589047433773,True,walking_dual_task,P09,27,0.875
2026-04-01T14:05:45.199822,1457.9082561772814,91739.0,83.0,-4.785627979243822,7.4924099687198105,5.099423809170429,10.249027538290038,0.34037831548385356,True,walking_dual_task,P09,27,0.875
2026-04-01T14:05:45.200636,1448.656332013829,91739.0,81.0,-4.747068935565897,7.572220498402298,4.2277530261743435,9.886712416459023,0.3623151218310152,True,walking_dual_task,P09,27,0.875
2026-04-01T14:05:45.201148,1490.8492045561698,91760.0,81.0,-4.828396069724536,8.379757733470672,4.295310119268908,10.582222701232798,0.6955102847737749,True,walking_dual_task,P09,27,0.875
2026-04-01T14:05:45.201182,1446.6583823808871,91760.0,81.0,-4.718857254237893,7.905737862342477,4.161071004472498,10.103604150906287,0.4786185503265106,True,walking_dual_task,P09,27,0.875
2026-04-01T14:05:45.201553,1576.7430307110135,91765.0,83.0,-4.696646846685589,8.240877655931078,4.797869023642277,10.629680301426372,0.526076150520085,True,walking_dual_task,P09,27,0.875
2026-04-01T14:05:45.202155,1451.2637444193429,91765.0,82.0,-4.82553573105991,8.708948999430298,4.864442162425099,11.081262803398937,0.451582501972565,True,walking_dual_task,P09,27,0.875
2026-04-01T14:05:45.259629,1646.9185372472184,91774.0,82.0,-4.484862964378572,9.306629812526095,5.300874186904918,11.611486615504878,0.530223812105941,True,walking_dual_task,P09,27,0.875
2026-04-01T14:05:45.260295,1430.670067204826,91774.0,82.0,-4.279740011505524,9.441920284943427,5.365564883039397,11.67284540064731,0.061358785142431316,True,walking_dual_task,P09,27,0.875
2026-04-01T14:05:45.319694,1508.578236005147,91728.0,80.0,-4.074607857255501,9.930080968631005,6.233268131124814,12.412194359921704,0.7393489592743947,True,walking_dual_task,P09,27,0.875
2026-04-01T14:05:45.320205,1563.2181787115728,91728.0,82.0,-3.8020272683806127,9.442409950234369,6.251777933208979,11.945678898411488,0.46651546151021606,True,walking_dual_task,P09,27,0.875
2026-04-01T14:05:45.320683,1429.931603502216,91688.0,82.0,-3.9718042502644417,9.224828154483346,6.325522237713703,11.869495147729657,0.0761837506818317,True,walking_dual_task,P09,27,0.875
2026-04-01T14:05:45.380859,1516.6886361993054,91688.0,81.0,-4.193846262009454,8.735573541224603,5.796107606734835,11.291299967336066,0.5781951803935907,True,walking_dual_task,P09,27,0.875
2026-04-01T14:05:45.380917,1533.3147382317852,91729.0,81.0,-3.8872763691039367,8.715406081944925,5.706427253445178,11.119016716502335,0.17228325083373086,True,walking_dual_task,P09,27,0.875
2026-04-01T14:05:45.381632,1630.9711709005749,91729.0,82.0,-3.8675849960649087,8.769316309928717,5.826546133370524,11.216405934597018,0.09738921809468337,True,walking_dual_task,P09,27,0.875
2026-04-01T14:05:45.381826,1517.9739870820883,91767.0,82.0,-4.275398948872495,9.019895112298885,6.041848542748866,11.667968024570943,0.45156208997392433,True,walking_dual_task,P09,27,0.875
2026-04-01T14:05:45.500009,1410.0653063131138,91767.0,82.0,-4.005366359046652,8.782726782221554,5.560308555757522,11.139851015007547,0.5281170095633954,True,walking_dual_task,P09,27,0.875
2026-04-01T14:05:45.500479,1618.0105737787076,91743.0,81.0,-4.012948853755169,9.160603632013393,5.718453487827573,11.520465602490173,0.38061458748262567,True,walking_dual_task,P09,27,0.875
2026-04-01T14:05:45.500874,1406.6493327181392,91743.0,82.0,-4.152377218293678,9.089984647384808,5.644743335979838,11.477507777465657,0.04295782502451573,True,walking_dual_task,P09,27,0.875
2026-04-01T14:05:45.501282,1576.9743342975341,91764.0,81.0,-3.986336927039218,8.824703320763625,5.655893794880993,11.214071758926208,0.26343601853944953,True,walking_dual_task,P09,27,0.875
2026-04-01T14:05:45.501689,1563.519399292442,91764.0,81.0,-3.855967804785564,8.539933565360235,5.772238186303916,11.005348094982471,0.20872366394373643,True,walking_dual_task,P09,27,0.875
2026-04-01T14:05:45.502421,1537.2437060074215,91891.0,82.0,-4.159522403699161,8.63674255622431,5.794146863027925,11.201209152574002,0.1958610575915305,True,walking_dual_task,P09,27,0.875
2026-04-01T14:05:45.560619,1449.341337534216,91891.0,82.0,-4.023368878168686,8.586421028590854,5.438439038134516,10.931182112724544,0.27002703984945775,True,walking_dual_task,P09,27,0.875
2026-04-01T14:05:45.561190,1565.4217161896968,92004.0,82.0,-4.111208628498015,9.038468383362275,5.724663477899471,11.46157576597878,0.5303936532542366,True,walking_dual_task,P09,27,0.875
2026-04-01T14:05:45.561218,1505.5156377410995,92004.0,83.0,-4.121816891206526,8.66335047721426,5.658384925612245,11.138237559958931,0.32333820601984975,True,walking_dual_task,P09,27,0.875
2026-04-01T14:05:45.619983,1526.3653184695831,92000.0,82.0,-4.0908857459296515,8.819772204381962,5.578021412110206,11.2088380663385,0.07060050637956827,True,walking_dual_task,P09,27,0.875
2026-04-01T14:05:45.620518,1467.5707167410706,92000.0,83.0,-3.390938607183509,5.782692042076247,3.344011858063146,7.491355498042162,3.7174825682963375,True,walking_dual_task,P09,27,0.875
2026-04-01T14:05:45.620916,1504.487566677775,91859.0,81.0,-2.8756613480945536,5.170473400559686,3.4170274946567774,6.832225133443759,0.6591303645984024,True,walking_dual_task,P09,27,0.875
2026-04-01T14:05:45.679994,1493.474655105131,91859.0,82.0,-3.1619498692122905,5.396402077046233,3.3448193709668734,7.092735648320453,0.2605105148766933,True,walking_dual_task,P09,27,0.875
2026-04-01T14:05:45.680518,1370.6016121087641,91859.0,80.0,-2.5972932971650073,5.381835406239747,3.328530458630584,6.840263140068922,0.25247250825153067,True,walking_dual_task,P09,27,0.875
2026-04-01T14:05:45.681037,1590.2056590477039,91766.0,82.0,-2.7991048484757286,5.213827491723168,3.310738419415241,6.780853482269084,0.0594096577998382,True,walking_dual_task,P09,27,0.875
2026-04-01T14:05:45.739945,1589.5298085094257,91739.0,82.0,-2.583259289229786,5.1996327844344545,3.1560814948329003,6.608347754952387,0.17250572731669678,True,walking_dual_task,P09,27,0.875
2026-04-01T14:05:45.740677,1352.534252195505,91739.0,84.0,-3.2175429522061822,5.69877781656147,3.1320996723067136,7.255253242243762,0.6469054872913746,True,walking_dual_task,P09,27,0.875
2026-04-01T14:05:45.740739,1464.6108404687805,91720.0,82.0,-3.1175059863237937,5.591933398290429,3.419855783503194,7.258372840082058,0.003119597838296073,True,walking_dual_task,P09,27,0.875
2026-04-01T14:05:45.800494,1466.2249056986602,91720.0,82.0,-3.359815155675893,5.714273768564013,3.943501684735573,7.713137372037432,0.4547645319553739,True,walking_dual_task,P09,27,0.875
2026-04-01T14:05:45.801270,1591.5112074883293,91686.0,82.0,-3.5261611542358384,6.14371555263535,4.606659452782202,8.449873643507512,0.7367362714700807,True,walking_dual_task,P09,27,0.875
2026-04-01T14:05:45.801764,1592.4625006925573,91686.0,82.0,-3.644968585400129,6.371613427405542,4.3861221209212795,8.55110056755757,0.10122692405005829,True,walking_dual_task,P09,27,0.875
2026-04-01T14:05:45.859708,1487.2508509587788,91673.0,82.0,-4.007763848078887,7.172091150877152,4.499926572975295,9.367518438766353,0.8164178712087828,True,walking_dual_task,P09,27,0.875
2026-04-01T14:05:45.860240,1415.0828317385206,91673.0,81.0,-3.720902955086347,7.363734808323203,4.787288699590011,9.538754752152048,0.17123631338569467,True,walking_dual_task,P09,27,0.875
2026-04-01T14:05:45.860783,1556.2948964132754,91635.0,82.0,-3.9382837239224107,7.562180799740325,4.606672490772045,9.691134534991727,0.15237978283967912,True,walking_dual_task,P09,27,0.875
2026-04-01T14:05:45.920115,1475.8526639770312,91635.0,80.0,-4.89660378822197,8.806491546080876,5.721520060382195,11.587355773056231,1.8962212380645038,True,walking_dual_task,P09,27,0.875
2026-04-01T14:05:45.920172,1364.4494746054531,91603.0,82.0,-4.983203087988144,8.533416539662232,5.672173214935182,11.394080034638323,0.19327573841790802,True,walking_dual_task,P09,27,0.875
2026-04-01T14:05:45.920852,1417.9971958885635,91603.0,82.0,-4.988385528406102,8.608011180519087,6.340058255847893,11.79738044446724,0.40330040982891724,True,walking_dual_task,P09,27,0.875
2026-04-01T14:05:45.980277,1503.4271686979805,91635.0,82.0,-5.3152840999559725,9.119139835684203,6.235513265824791,12.25938750893715,0.46200706446991013,True,walking_dual_task,P09,27,0.875
2026-04-01T14:05:45.980335,1364.8355677630964,91635.0,82.0,-4.899579572739095,8.90274099458059,6.425896432139258,12.023178538255516,0.23620897068163416,True,walking_dual_task,P09,27,0.875
2026-04-01T14:05:45.980782,1455.1336897218673,91593.0,82.0,-3.642053723182491,8.632924463198744,6.679354683253413,11.506768403619763,0.5164101346357537,True,walking_dual_task,P09,27,0.875
2026-04-01T14:05:46.040385,1471.0708464200643,91593.0,82.0,-3.7398589859649536,8.84677257355875,6.69851847970429,11.709913749729926,0.20314534611016377,True,walking_dual_task,P09,27,0.875
2026-04-01T14:05:46.041167,1462.8247681034213,91527.0,81.0,-4.14325706382414,8.57358712276119,5.845405920342453,11.173260295100967,0.5366534546289596,True,walking_dual_task,P09,27,0.875
2026-04-01T14:05:46.041370,1413.279540215928,91527.0,82.0,-5.0649278749946225,6.83402962115743,4.834076298915738,9.783953643874934,1.3893066512260326,True,walking_dual_task,P09,27,0.875
2026-04-01T14:05:46.099795,1469.363310147113,91554.0,80.0,-4.919696202848649,6.808167120964224,5.070815714753644,9.811611605047064,0.02765796117212993,True,walking_dual_task,P09,27,0.875
2026-04-01T14:05:46.100107,1584.3182995024736,91554.0,81.0,-5.572317923843138,6.263309524547998,4.3076545634725045,9.42526716241416,0.3863444426329039,True,walking_dual_task,P09,27,0.875
2026-04-01T14:05:46.101075,1460.7952851147547,91699.0,81.0,-5.146918122541433,5.908722015857904,4.322241865242425,8.94905228292268,0.47621487949147934,True,walking_dual_task,P09,27,0.875
2026-04-01T14:05:46.219719,1447.5935680857024,91699.0,83.0,-4.972177145995353,6.397225551420956,4.3619270046595195,9.20181762049703,0.25276533757434905,True,walking_dual_task,P09,27,0.875
2026-04-01T14:05:46.220511,1361.4945157160041,91740.0,82.0,-4.982696190111365,8.307392647942992,5.205465402504345,10.99713162541566,1.7953140049186302,True,walking_dual_task,P09,27,0.875
2026-04-01T14:05:46.220618,1381.3590335610074,91740.0,80.0,-4.906785767780842,7.975113949520474,5.373445592444886,10.795967145823392,0.20116447959226846,True,walking_dual_task,P09,27,0.875
2026-04-01T14:05:46.220999,1455.0684319968827,91591.0,81.0,-4.996636847872344,8.497933507487314,5.059711254135906,11.080700865126756,0.28473371930336455,True,walking_dual_task,P09,27,0.875
2026-04-01T14:05:46.221791,1420.9725566876427,91591.0,82.0,-5.102909427930022,8.518407628572568,5.479768404872374,11.341552580101983,0.2608517149752263,True,walking_dual_task,P09,27,0.875
2026-04-01T14:05:46.222412,1555.8107443154531,91417.0,81.0,-4.9167202450678404,9.012444246907904,4.6604927530321545,11.27468323160117,0.06686934850081272,True,walking_dual_task,P09,27,0.875
2026-04-01T14:05:46.280179,1481.240363443873,91417.0,82.0,-5.371630253106204,8.306275907147905,4.7146958807884225,10.957964604344864,0.3167186272563054,True,walking_dual_task,P09,27,0.875
2026-04-01T14:05:46.281059,1446.5600086708725,91413.0,82.0,-4.83821023901018,7.637757087059782,4.392221800512392,10.051627926992284,0.9063366773525807,True,walking_dual_task,P09,27,0.875
2026-04-01T14:05:46.340188,1690.0273472189795,91413.0,82.0,-4.319776153652131,6.421296065565716,4.6883786750802035,9.048447589518224,1.0031803374740598,True,walking_dual_task,P09,27,0.875
2026-04-01T14:05:46.340712,1411.5442753785846,91432.0,82.0,-4.079691892332956,6.338169429107787,4.426523605904349,8.741303614568723,0.30714397494950063,True,walking_dual_task,P09,27,0.875
2026-04-01T14:05:46.341071,1468.1442650293848,91432.0,84.0,-3.918622293456879,6.387258397706567,4.605112492683174,8.795438112346478,0.054134497777754476,True,walking_dual_task,P09,27,0.875
2026-04-01T14:05:46.341440,1526.4009925249268,91443.0,81.0,-4.206860513344457,6.51143963051615,4.4891143275714125,8.958162137771343,0.16272402542486475,True,walking_dual_task,P09,27,0.875
2026-04-01T14:05:46.400023,1423.1775895336507,91443.0,81.0,-4.156780107724705,6.637305251895256,4.894175989162615,9.235020329360841,0.27685819158949876,True,walking_dual_task,P09,27,0.875
2026-04-01T14:05:46.400701,1557.7247606389365,91408.0,81.0,-4.294962194385007,6.379544274700189,4.7156251484465885,9.021219759251979,0.21380057010886233,True,walking_dual_task,P09,27,0.875
2026-04-01T14:05:46.400750,1501.4791899957822,91408.0,81.0,-3.9857419623830546,6.478154588376624,4.356772420222009,8.765505791636519,0.25571396761545984,True,walking_dual_task,P09,27,0.875
2026-04-01T14:05:46.460410,1582.805260530087,91410.0,82.0,-4.319817181147829,6.606507212561286,4.599495418223273,9.13576029295981,0.3702545013232914,True,walking_dual_task,P09,27,0.875
2026-04-01T14:05:46.460843,1407.6792583858992,91410.0,82.0,-4.243122320985045,6.589501359266911,4.5940025192509895,9.084628464692786,0.05113182826702456,True,walking_dual_task,P09,27,0.875
2026-04-01T14:05:46.461209,1525.3765463827597,91415.0,82.0,-4.157531554322697,6.218902801385209,4.556812450895104,8.759244281951402,0.32538418274138436,True,walking_dual_task,P09,27,0.875
2026-04-01T14:05:46.520039,1592.5706114705536,91415.0,82.0,-4.342520651790663,6.7363901974961395,4.821636888884511,9.353321377585738,0.5940770956343364,True,walking_dual_task,P09,27,0.875
2026-04-01T14:05:46.520874,1434.8186018195981,91421.0,81.0,-4.477588479990996,6.5420240418801425,4.687041251318761,9.209518600461678,0.1438027771240602,True,walking_dual_task,P09,27,0.875
2026-04-01T14:05:46.520915,1479.2296954714936,91421.0,82.0,-4.482887854881617,6.263162473194914,4.463041863483387,8.901810510243822,0.30770809021785617,True,walking_dual_task,P09,27,0.875
2026-04-01T14:05:46.580218,1449.2604355352175,91441.0,82.0,-4.173904335542963,6.191486224083313,4.543942936941176,8.740903642041559,0.16090686820226274,True,walking_dual_task,P09,27,0.875
2026-04-01T14:05:46.580908,1341.2721711863232,91441.0,81.0,-4.385564642456286,5.98376553440573,4.647244612636406,8.754170988367928,0.013267346326369278,True,walking_dual_task,P09,27,0.875
2026-04-01T14:05:46.581422,1446.2627074554619,91475.0,83.0,-4.002256250845697,6.273981131864697,4.927400121478757,8.925254410804017,0.1710834224360891,True,walking_dual_task,P09,27,0.875
2026-04-01T14:05:46.640067,1564.0251284595947,91475.0,81.0,-6.175572713440876,9.172792267554335,4.360790877303467,11.88672845648765,2.961474045683632,True,walking_dual_task,P09,27,0.875
2026-04-01T14:05:46.640369,1374.622664014024,91540.0,80.0,-5.952533400117739,10.316282993974916,5.851628845925737,13.270264083346778,1.3835356268591283,True,walking_dual_task,P09,27,0.875
2026-04-01T14:05:46.640612,1479.3757463679344,91540.0,83.0,-6.055342853439726,10.262948562626779,5.761424331462799,13.235909511589982,0.03435457175679524,True,walking_dual_task,P09,27,0.875
2026-04-01T14:05:46.699933,1439.05602844505,91526.0,82.0,-4.896765014843798,10.44656302412471,6.397427911868898,13.192273136770895,0.04363637481908711,True,walking_dual_task,P09,27,0.875
2026-04-01T14:05:46.760007,1348.9865618833048,91526.0,81.0,-5.07598473680997,9.067467361146173,5.851320614528409,11.925709133120094,1.2665640036508012,True,walking_dual_task,P09,27,0.875
2026-04-01T14:05:46.760581,1463.001769755126,91456.0,82.0,-4.752368583405448,8.832126144848175,5.841054281638637,11.606436770693186,0.3192723624269078,True,walking_dual_task,P09,27,0.875
2026-04-01T14:05:46.761193,1556.8659140407105,91456.0,81.0,-4.665931557233244,8.981972068920225,5.9421307978756985,11.736935629145751,0.13049885845256526,True,walking_dual_task,P09,27,0.875
2026-04-01T14:05:46.761234,1412.7418539081507,91456.0,82.0,-3.886427888623281,8.028880586992189,4.80142291516808,10.130197787997528,1.6067378411482238,True,walking_dual_task,P09,27,0.875
2026-04-01T14:05:46.761956,1351.1929761910671,91456.0,81.0,-3.843999550393148,7.991425412145312,4.600249488964782,9.99007047132428,0.1401273166732473,True,walking_dual_task,P09,27,0.875
2026-04-01T14:05:46.819626,1508.3949502901203,91341.0,82.0,-3.678891816574356,8.756991825361341,4.526412173269058,10.521765915939275,0.5316954446149946,True,walking_dual_task,P09,27,0.875
2026-04-01T14:05:46.820265,1488.852624799557,91341.0,82.0,-3.7192613318780494,9.69288220198453,5.745372264164065,11.865672028594817,1.3439061126555423,True,walking_dual_task,P09,27,0.875
2026-04-01T14:05:46.820755,1485.1329820582966,91165.0,82.0,-3.664782568181992,9.594278642840496,5.742998392094757,11.767023603278734,0.09864842531608353,True,walking_dual_task,P09,27,0.875
2026-04-01T14:05:46.939740,1469.906841260698,91165.0,81.0,-3.553302309175763,7.865924532323474,5.672546460467851,10.328432087919657,1.438591515359077,True,walking_dual_task,P09,27,0.875
2026-04-01T14:05:46.940110,1578.7834266054201,91109.0,82.0,-4.1375467715890695,8.24911505700882,5.332219410614942,10.658318645724359,0.3298865578047021,True,walking_dual_task,P09,27,0.875
2026-04-01T14:05:46.940521,1467.9793506617232,91109.0,83.0,-3.8275809240465204,5.293521963040156,3.8165995148053913,7.565592003255665,3.092726642468694,True,walking_dual_task,P09,27,0.875
2026-04-01T14:05:46.941243,1539.8261062998442,91237.0,82.0,-3.4811292504430202,4.593985934785587,3.061569899221579,6.5265747429350265,1.0390172603206382,True,walking_dual_task,P09,27,0.875
2026-04-01T14:05:46.999665,1463.715544097434,91237.0,82.0,-3.690110847881686,4.7747961733378625,2.8681739475159542,6.681468278738232,0.15489353580320575,True,walking_dual_task,P09,27,0.875
2026-04-01T14:05:47.000322,1439.8802338451846,91325.0,82.0,-2.6340931886938117,4.4990013994368585,2.960534513327922,5.99535029197325,0.686117986764982,True,walking_dual_task,P09,27,0.875
2026-04-01T14:05:47.000778,1381.3113962328273,91325.0,81.0,-2.7267881584259372,4.472399312970098,2.900207834218089,5.987397995560951,0.007952296412299553,True,walking_dual_task,P09,27,0.875
2026-04-01T14:05:47.001708,1455.2194833992778,91358.0,81.0,-2.8594449723885504,4.786886053177856,2.978016933301632,6.321335973610174,0.33393797804922354,True,walking_dual_task,P09,27,0.875
2026-04-01T14:05:47.060352,1530.2624058154806,91358.0,82.0,-2.5928030932839015,4.552144321380029,2.841957720293572,5.959980661642389,0.3613553119677855,True,walking_dual_task,P09,27,0.875
2026-04-01T14:05:47.060820,1476.1456428438864,91370.0,82.0,-3.272820284302365,5.0412172454186965,3.0598781348419597,6.744485015843077,0.7845043542006884,True,walking_dual_task,P09,27,0.875
2026-04-01T14:05:47.061664,1393.938355508165,91370.0,81.0,-3.0321287087236506,4.5473043662658394,3.338505834740544,6.404483016943925,0.34000199889915184,True,walking_dual_task,P09,27,0.875
2026-04-01T14:05:47.119930,1529.924095345439,91373.0,80.0,-3.0584741549869294,4.686061866053463,3.0615849264307076,6.378616012188788,0.02586700475513748,True,walking_dual_task,P09,27,0.875
2026-04-01T14:05:47.120528,1456.4381542235735,91373.0,82.0,-3.7281161200094206,4.752441926525071,3.372239003986362,6.9178428696577345,0.5392268574689467,True,walking_dual_task,P09,27,0.875
2026-04-01T14:05:47.121036,1443.2944132105122,91371.0,82.0,-3.658196592160596,5.070261584960302,3.0735942068113444,6.966845498140733,0.049002628482998745,True,walking_dual_task,P09,27,0.875
2026-04-01T14:05:47.240782,1555.8429194341875,91371.0,83.0,-3.9653488039730567,5.494882972610584,4.158827548994882,7.950696611123774,0.9838511129830403,True,walking_dual_task,P09,27,0.875
2026-04-01T14:05:47.241652,1510.1091088480114,91367.0,82.0,-4.047507584512821,6.243214834183288,4.930487552289992,8.925791652046422,0.9750950409226489,True,walking_dual_task,P09,27,0.875
2026-04-01T14:05:47.241680,1438.5621035387855,91367.0,82.0,-3.7146913753520137,6.2417732224233715,4.82606628248622,8.720641073752917,0.20515057829350525,True,walking_dual_task,P09,27,0.875
2026-04-01T14:05:47.242150,1372.875049051117,91370.0,81.0,-3.7883056007735223,7.075391380522642,5.30723497147214,9.621806771851274,0.9011656980983567,True,walking_dual_task,P09,27,0.875
2026-04-01T14:05:47.242456,1472.9385709931273,91370.0,82.0,-3.98160109373734,6.429920902743847,4.559616954924016,8.831032604447975,0.7907741674032991,True,walking_dual_task,P09,27,0.875
2026-04-01T14:05:47.242926,1456.3729382827048,91371.0,81.0,-3.6255789067870166,6.851561915610786,5.12014510161193,9.290027392550988,0.45899478810301275,True,walking_dual_task,P09,27,0.875
2026-04-01T14:05:47.299655,1532.4231267491482,91371.0,82.0,-3.6573576171366575,7.176735221718695,5.3413788308276455,9.664994619589756,0.37496722703876806,True,walking_dual_task,P09,27,0.875
2026-04-01T14:05:47.300438,1610.0390717696064,91325.0,81.0,-3.442850888773905,7.537080922151503,5.580088244478494,9.989904698522329,0.3249100789325734,True,walking_dual_task,P09,27,0.875
2026-04-01T14:05:47.300484,1456.0265933385135,91325.0,82.0,-4.208127560345179,8.134447252425987,5.947092427052048,10.919957783917354,0.9300530853950253,True,walking_dual_task,P09,27,0.875
2026-04-01T14:05:47.301546,1550.718462842819,91305.0,81.0,-4.400436026654112,8.315254216687016,5.715051768082831,11.007683980959543,0.08772619704218876,True,walking_dual_task,P09,27,0.875
2026-04-01T14:05:47.420176,1510.2452523495854,91305.0,82.0,-4.875922291596757,9.22393249546235,6.043959800413463,12.057570192354278,1.0498862113947354,True,walking_dual_task,P09,27,0.875
2026-04-01T14:05:47.420656,1434.1338219509596,91230.0,82.0,-4.09338922615034,9.164147495639694,6.88447278528586,12.17100654054317,0.11343634818889115,True,walking_dual_task,P09,27,0.875
2026-04-01T14:05:47.421339,1573.2943739917637,91230.0,82.0,-4.53261466601649,9.397397822609497,6.6257387839078365,12.359453708783168,0.18844716823999796,True,walking_dual_task,P09,27,0.875
2026-04-01T14:05:47.421912,1538.6516132743147,90983.0,82.0,-4.27641775969867,9.404076292641204,6.6598901956931975,12.291400945049872,0.06805276373329505,True,walking_dual_task,P09,27,0.875
2026-04-01T14:05:47.422385,1622.509675886834,90983.0,82.0,-4.038767594630052,8.994755488273961,6.845950891980557,12.003512552277261,0.28788839277261147,True,walking_dual_task,P09,27,0.875
2026-04-01T14:05:47.479551,1403.5077687511887,90864.0,82.0,-4.0452594870379315,9.238946958297438,7.080298268349875,12.32286041406386,0.31934786178659813,True,walking_dual_task,P09,27,0.875
2026-04-01T14:05:47.480180,1671.9190762837588,90864.0,82.0,-4.296929519213588,9.051580039996182,6.672322392589224,12.038047625100758,0.2848127889631016,True,walking_dual_task,P09,27,0.875
2026-04-01T14:05:47.480681,1481.1808686656125,90940.0,82.0,-4.204053667478633,9.381016929876242,7.123758576258944,12.507017315510845,0.46896969041008774,True,walking_dual_task,P09,27,0.875
2026-04-01T14:05:47.481184,1371.128478718736,90940.0,82.0,-4.7527684234207355,9.044936800981452,6.921281890125437,12.341143886325616,0.16587342918522907,True,walking_dual_task,P09,27,0.875
2026-04-01T14:05:47.539908,1568.3651102582814,90940.0,83.0,-3.7685552078928723,9.468924410721947,6.8992932588951605,12.30702178933387,0.034122096991746176,True,walking_dual_task,P09,27,0.875
2026-04-01T14:05:47.540868,1456.3544998796538,90965.0,82.0,-4.638299503107627,9.09909297723929,6.795351479878879,12.267196787533242,0.039825001800627646,True,walking_dual_task,P09,27,0.875
2026-04-01T14:05:47.541280,1504.3415432866661,90902.0,81.0,-4.12240317893375,9.007429104748308,6.81321165006833,12.022804998642238,0.24439178889100432,True,walking_dual_task,P09,27,0.875
2026-04-01T14:05:47.600314,1533.7339768421461,90902.0,81.0,-4.318297940994522,9.139991929214384,6.525319551354527,12.031913597619925,0.009108598977686455,True,walking_dual_task,P09,27,0.875
2026-04-01T14:05:47.601077,1382.1344453878976,90834.0,82.0,-4.061614838877939,9.291630333181669,7.137663236303655,12.400699408613045,0.3687858109931206,True,walking_dual_task,P09,27,0.875
2026-04-01T14:05:47.601803,1425.4024083735758,90834.0,80.0,-4.180327573541818,7.337040059790345,5.200122217510498,9.917084578550726,2.4836148300623186,True,walking_dual_task,P09,27,0.875
2026-04-01T14:05:47.660077,1410.0659159531533,90814.0,83.0,-3.580651660971288,7.108426903206582,4.18042789359861,8.990371334323454,0.9267132442272725,True,walking_dual_task,P09,27,0.875
2026-04-01T14:05:47.660518,1383.4756671913838,90814.0,83.0,-4.1197461612020145,7.697618495635268,4.522125819821462,9.832357848826538,0.841986514503084,True,walking_dual_task,P09,27,0.875
2026-04-01T14:05:47.661109,1454.8757467725557,90814.0,82.0,-3.6346618321543227,7.9123241514052705,4.042558964433023,9.599891827096195,0.23246602173034248,True,walking_dual_task,P09,27,0.875
2026-04-01T14:05:47.719627,1420.1399584085877,90818.0,82.0,-4.07273219967466,8.125142830124936,4.272260896174891,10.042773857116496,0.4428820300203,True,walking_dual_task,P09,27,0.875
2026-04-01T14:05:47.720066,1498.5871333115272,90838.0,83.0,-4.265290120167591,8.152858275438762,3.941346502100267,10.009795708115504,0.03297814900099105,True,walking_dual_task,P09,27,0.875
2026-04-01T14:05:47.720091,1484.2742192146138,90838.0,81.0,-4.934998806823361,7.719626001161416,4.393133140052244,10.161026405210286,0.15123069709478187,True,walking_dual_task,P09,27,0.875
2026-04-01T14:05:47.779537,1491.6674497225654,90838.0,81.0,-4.531549313241762,7.943363670571811,4.610152190596167,10.241360690931678,0.08033428572139201,True,walking_dual_task,P09,27,0.875
2026-04-01T14:05:47.780549,1392.521659253345,90852.0,81.0,-4.681377251975535,7.891364777508009,4.266152306306492,10.118744315754412,0.12261637517726598,True,walking_dual_task,P09,27,0.875
2026-04-01T14:05:47.780570,1571.7637691727996,90883.0,82.0,-4.897708439284533,7.152627506040288,4.96181583607809,9.988355449600217,0.13038886615419543,True,walking_dual_task,P09,27,0.875
2026-04-01T14:05:47.840077,1514.1828256922022,90883.0,82.0,-5.032671943750765,6.905323037937787,4.6465509855984415,9.726340998209775,0.2620144513904421,True,walking_dual_task,P09,27,0.875
2026-04-01T14:05:47.840383,1364.5652380429794,90934.0,81.0,-5.193817282223228,7.008354157560779,4.795572780013746,9.95441029128943,0.2280692930796544,True,walking_dual_task,P09,27,0.875
2026-04-01T14:05:47.960251,1508.5991675381867,90934.0,81.0,-5.173427590361077,6.886018376172535,4.8316838049609485,9.875564313031278,0.0788459782581512,True,walking_dual_task,P09,27,0.875
2026-04-01T14:05:48.020041,1527.8815039872661,90981.0,82.0,-5.354987595529835,7.113077202921953,4.78467664665596,10.107664916095176,0.23210060306389835,True,walking_dual_task,P09,27,0.875
2026-04-01T14:05:48.020613,1357.1429839855914,90981.0,81.0,-5.607672964365731,7.370334999470848,4.541313956394038,10.31461906859592,0.20695415250074412,True,walking_dual_task,P09,27,0.875
2026-04-01T14:05:48.020699,1437.742670387724,91026.0,81.0,-6.074568748942197,7.687857887436407,4.174526715761674,10.650362326402389,0.3357432578064685,True,walking_dual_task,P09,27,0.875
2026-04-01T14:05:48.021523,1510.6064751220206,91026.0,81.0,-5.91130374852117,7.882456517379413,4.566573352571852,10.85956835882886,0.2092060324264704,True,walking_dual_task,P09,27,0.875
2026-04-01T14:05:48.022187,1431.2931551037893,90993.0,81.0,-5.900922342394462,7.7159838554126665,4.601956898930742,10.748734746358537,0.11083361247032286,True,walking_dual_task,P09,27,0.875
2026-04-01T14:05:48.022700,1446.6072512826413,90993.0,81.0,-5.780506806385031,7.818218123575723,4.457996135113639,10.696378971743648,0.05235577461488816,True,walking_dual_task,P09,27,0.875
2026-04-01T14:05:48.080170,1433.175746636395,90895.0,82.0,-5.507024784397249,8.005137308595597,4.519354607650117,10.716067906425522,0.019688934681873604,True,walking_dual_task,P09,27,0.875
2026-04-01T14:05:48.081042,1552.9381542520507,90895.0,83.0,-5.539449518881651,7.706468926861302,5.025589247063592,10.739260289848557,0.023192383423035423,True,walking_dual_task,P09,27,0.875
2026-04-01T14:05:48.081075,1583.1289377071178,90830.0,81.0,-5.340666445746051,8.697194074709833,5.471104306566919,11.580020949515621,0.8407606596670636,True,walking_dual_task,P09,27,0.875
2026-04-01T14:05:48.081640,1496.1063173482614,90830.0,82.0,-5.4011122955587,10.008569231813215,6.496731240542227,13.097747474625965,1.5177265251103442,True,walking_dual_task,P09,27,0.875
2026-04-01T14:05:48.081747,1432.578994491588,90830.0,82.0,-5.040952608572442,9.717871969254048,6.636398086017231,12.80195369343211,0.295793781193856,True,walking_dual_task,P09,27,0.875
2026-04-01T14:05:48.082577,1511.8102164444285,90713.0,83.0,-4.769519335058392,9.038759513270435,6.686905396318564,12.21319745216407,0.5887562412680385,True,walking_dual_task,P09,27,0.875
2026-04-01T14:05:48.139733,1391.299790564288,90713.0,81.0,-4.802041331536673,9.207741984307695,6.292596333066958,12.142441352969213,0.07075609919485792,True,walking_dual_task,P09,27,0.875
2026-04-01T14:05:48.139965,1452.9946224195612,90633.0,81.0,-4.146078021278314,8.630403725861681,5.758842123797145,11.173096886571543,0.9693444663976702,True,walking_dual_task,P09,27,0.875
2026-04-01T14:05:48.140601,1374.7485275671247,90633.0,82.0,-4.336481083736244,8.894433822038582,5.949988032075475,11.546357814742601,0.3732609281710584,True,walking_dual_task,P09,27,0.875
2026-04-01T14:05:48.199899,1445.741465013751,90644.0,82.0,-4.137641005981266,8.5925390281214,5.724686826156706,11.123121832549497,0.42323598219310377,True,walking_dual_task,P09,27,0.875
2026-04-01T14:05:48.200410,1428.2536763845494,90641.0,83.0,-4.9245756673374075,8.773399113092232,5.8171920702636655,11.621690973489088,0.4985691409395905,True,walking_dual_task,P09,27,0.875
2026-04-01T14:05:48.201346,1513.9350078867906,90641.0,81.0,-5.006453296386942,8.932282106398267,5.615066029320237,11.678150741911686,0.0564597684225987,True,walking_dual_task,P09,27,0.875
2026-04-01T14:05:48.259397,1471.5737085468677,90641.0,81.0,-5.002447882349975,7.526938021652772,5.02697310991886,10.34165071181952,1.3365000300921661,True,walking_dual_task,P09,27,0.875
2026-04-01T14:05:48.260083,1482.4780594723838,90634.0,81.0,-5.1522476468041845,6.219306868967282,3.7183684042406746,8.891102143943584,1.450548567875936,True,walking_dual_task,P09,27,0.875
2026-04-01T14:05:48.260634,1368.4003983989228,90688.0,82.0,-5.533418737622873,6.0980147090576535,4.046901597696018,9.175070509766886,0.2839683658233021,True,walking_dual_task,P09,27,0.875
2026-04-01T14:05:48.320061,1468.3186802958037,90688.0,81.0,-4.3150752088417095,5.461399174205884,2.906753828154585,7.542941920462358,1.6321285893045285,True,walking_dual_task,P09,27,0.875
2026-04-01T14:05:48.320735,1346.173091258416,90688.0,82.0,-4.73080665619075,5.36473489852585,2.9900592097357053,7.752507093027724,0.209565172565366,True,walking_dual_task,P09,27,0.875
2026-04-01T14:05:48.321242,1387.1991240436446,90785.0,81.0,-3.4312594117552786,5.286988563762763,2.8468946732132454,6.915966924768175,0.8365401682595488,True,walking_dual_task,P09,27,0.875
2026-04-01T14:05:48.379949,1557.4732950733433,90822.0,82.0,-3.231537548518234,5.356569653559225,2.5997788251166276,6.774549676579221,0.1414172481889544,True,walking_dual_task,P09,27,0.875
2026-04-01T14:05:48.380625,1541.945840178566,90822.0,82.0,-3.8486000560823204,5.168665942737857,2.8397565049723807,7.042091097595089,0.26754142101586886,True,walking_dual_task,P09,27,0.875
2026-04-01T14:05:48.380939,1610.7047049765301,90828.0,82.0,-3.33781948740565,5.410403651223558,2.5103374963418315,6.834859248383825,0.20723184921126414,True,walking_dual_task,P09,27,0.875
2026-04-01T14:05:48.440172,1469.9618759496022,90828.0,82.0,-3.5466356182705767,5.038953230398969,3.1027170284231396,6.899023613918178,0.0641643655343529,True,walking_dual_task,P09,27,0.875
2026-04-01T14:05:48.440660,1496.4984220552287,90825.0,82.0,-3.3675693004180536,5.496332796662855,2.7721800893217163,7.016778438316377,0.11775482439819918,True,walking_dual_task,P09,27,0.875
2026-04-01T14:05:48.441159,1412.9443402230409,90825.0,82.0,-3.3750130615184872,5.02574172644708,3.1098455026955465,6.805874823783302,0.21090361453307516,True,walking_dual_task,P09,27,0.875
2026-04-01T14:05:48.499758,1519.8541364074858,90825.0,83.0,-3.313469155104993,5.514447733916111,2.9342102903413845,7.070912365449737,0.2650375416664348,True,walking_dual_task,P09,27,0.875
2026-04-01T14:05:48.500210,1533.8639488436645,90823.0,82.0,-3.5918540531578595,5.447191031761642,2.966478492364931,7.167517026234031,0.09660466078429408,True,walking_dual_task,P09,27,0.875
2026-04-01T14:05:48.500818,1551.3815178610596,90829.0,83.0,-3.295144430145026,5.237030239456219,2.6055397351717673,6.713665158172071,0.4538518680619603,True,walking_dual_task,P09,27,0.875
2026-04-01T14:05:48.561207,1525.711784557626,90829.0,82.0,-3.5176350793310096,5.5196320834192,2.8070290943756495,7.121762929522579,0.4080977713505085,True,walking_dual_task,P09,27,0.875
2026-04-01T14:05:48.561894,1377.356249550462,90689.0,83.0,-3.305273738543098,5.329980903992346,2.4137021190462917,6.720081014624324,0.4016819148982549,True,walking_dual_task,P09,27,0.875
2026-04-01T14:05:48.562419,1349.3440629604365,90689.0,82.0,-3.1438090236210683,5.195548159988514,2.8201271395907663,6.695548741008289,0.024532273616035383,True,walking_dual_task,P09,27,0.875
2026-04-01T14:05:48.680647,1462.018488423688,90689.0,81.0,-3.360693315031966,5.454643151020426,2.5429308179740167,6.893031887905103,0.1974831468968139,True,walking_dual_task,P09,27,0.875
2026-04-01T14:05:48.681314,1527.7104492321523,90464.0,81.0,-2.572282675034996,6.996950893499167,5.417948195202268,9.215645534210802,2.322613646305699,True,walking_dual_task,P09,27,0.875
2026-04-01T14:05:48.681843,1556.493597610434,90464.0,81.0,-2.7765212707483187,7.641293722905221,5.522416499801038,9.828302199459646,0.6126566652488439,True,walking_dual_task,P09,27,0.875
2026-04-01T14:05:48.681880,1698.412187513422,90348.0,82.0,-2.8790021838715507,7.905791106230953,5.85746114170671,10.251830939724947,0.42352874026530074,True,walking_dual_task,P09,27,0.875
2026-04-01T14:05:48.682473,1399.161386970344,90227.0,80.0,-3.141580984611328,7.894823085799782,5.714447248049528,10.239759274010767,0.012071665714179503,True,walking_dual_task,P09,27,0.875
2026-04-01T14:05:48.682812,1513.596175060963,90227.0,82.0,-4.4979286386984265,8.083429237157787,6.135640835185873,11.100417952913359,0.8606586789025918,True,walking_dual_task,P09,27,0.875
2026-04-01T14:05:48.740137,1437.1820570798518,90168.0,82.0,-4.292139231636577,8.05414983346511,6.210224516103095,11.038961783794154,0.061456169119205484,True,walking_dual_task,P09,27,0.875
2026-04-01T14:05:48.740306,1488.6600028476398,90168.0,81.0,-4.646230745696668,8.294412708809094,6.0933158919207155,11.29217609165941,0.25321430786525667,True,walking_dual_task,P09,27,0.875
2026-04-01T14:05:48.740869,1513.3589245824287,90168.0,82.0,-3.732121410104142,8.456445517587134,6.388711551064153,11.23636223581181,0.05581385584759957,True,walking_dual_task,P09,27,0.875
2026-04-01T14:05:48.799365,1519.4989275018854,90188.0,82.0,-3.94699739579784,8.269031208455761,6.333106644369835,11.138397790428012,0.09796444538379845,True,walking_dual_task,P09,27,0.875
2026-04-01T14:05:48.800023,1505.6186375202817,90171.0,81.0,-4.813600894336974,8.628755183651961,6.304313162013976,11.720517652139131,0.582119861711119,True,walking_dual_task,P09,27,0.875
2026-04-01T14:05:48.800383,1553.681378119768,90171.0,82.0,-6.718029926469808,8.220918739295856,5.385997099048553,11.904805574305241,0.18428792216611,True,walking_dual_task,P09,27,0.875
2026-04-01T14:05:48.860318,1516.2991311466385,90202.0,82.0,-6.242355657171376,8.317603546530002,5.447550890651942,11.739903901400162,0.16490167290507962,True,walking_dual_task,P09,27,0.875
2026-04-01T14:05:48.860977,1525.62723324105,90202.0,82.0,-6.8494527915920544,8.048894874040359,4.483772947452021,11.480589361261202,0.25931454013895916,True,walking_dual_task,P09,27,0.875
2026-04-01T14:05:48.861460,1488.0888104518754,90518.0,81.0,-6.707127165595419,7.915835278317867,4.916333133753725,11.481129493694183,0.0005401324329810109,True,walking_dual_task,P09,27,0.875
2026-04-01T14:05:48.919905,1467.8355225408009,90518.0,82.0,-5.631408641584356,7.176443509639612,4.654205727741633,10.240885493535338,1.240244000158846,True,walking_dual_task,P09,27,0.875
2026-04-01T14:05:48.979617,1401.5879803147693,90654.0,81.0,-5.618853150012171,7.25312049025505,4.6035246759029045,10.265072187237958,0.024186693702620943,True,walking_dual_task,P09,27,0.875
2026-04-01T14:05:48.980683,1495.7368776199091,90654.0,81.0,-4.296731114661151,6.862616086155204,5.136389088254948,9.5885291199223,0.6765430673156576,True,walking_dual_task,P09,27,0.875
2026-04-01T14:05:48.981337,1546.2692909857633,90576.0,81.0,-4.038412918880556,8.096609315681091,5.745581181476151,10.718001885943483,1.1294727660211823,True,walking_dual_task,P09,27,0.875
2026-04-01T14:05:49.039619,1555.899132271239,90576.0,81.0,-4.104817491312068,7.579705161404669,5.621449105243685,10.290876882639841,0.427125003303642,True,walking_dual_task,P09,27,0.875
2026-04-01T14:05:49.040682,1564.8080395641734,90431.0,81.0,-3.6311621143467527,8.050612383059375,5.7845993298334095,10.557428069830515,0.2665511871906734,True,walking_dual_task,P09,27,0.875
2026-04-01T14:05:49.041076,1554.7617078930846,90431.0,82.0,-3.4850855191407613,7.918369771979373,5.676716172436673,10.347536297299245,0.2098917725312699,True,walking_dual_task,P09,27,0.875
2026-04-01T14:05:49.041726,1404.3856620899403,90391.0,81.0,-3.7263395911291215,7.431490949683276,5.287512742959492,9.852433988137134,0.4951023091621103,True,walking_dual_task,P09,27,0.875
2026-04-01T14:05:49.100297,1524.2017630180467,90391.0,81.0,-4.011945112397517,7.254334131761373,4.900839448197094,9.630124328228227,0.22230965990890716,True,walking_dual_task,P09,27,0.875
2026-04-01T14:05:49.159847,1456.9324871712074,90414.0,82.0,-4.102280682993095,7.521803763323595,5.193442135981313,10.018886159438754,0.38876183121052676,True,walking_dual_task,P09,27,0.875
2026-04-01T14:05:49.160314,1436.4954656722111,90414.0,82.0,-4.406710267704441,7.713651180473895,4.820972885950127,10.107486803582004,0.0886006441432503,True,walking_dual_task,P09,27,0.875
2026-04-01T14:05:49.160630,1398.1564474865556,90325.0,81.0,-3.740158671356232,8.027050272305512,4.935745953527393,10.138240038527558,0.030753234945553487,True,walking_dual_task,P09,27,0.875
2026-04-01T14:05:49.161196,1533.720481721656,90325.0,83.0,-4.728514767515565,8.220824401095692,5.272746425705586,10.85092902059792,0.7126889820703628,True,walking_dual_task,P09,27,0.875
2026-04-01T14:05:49.161887,1436.5047765738766,90146.0,81.0,-5.039738466124022,8.240228515231093,5.3464772405881344,11.040160717774206,0.18923169717628596,True,walking_dual_task,P09,27,0.875
2026-04-01T14:05:49.219329,1559.8990957457195,90146.0,82.0,-5.4595216259456,8.3160891847112,5.015305768499786,11.140781286058242,0.10062056828403598,True,walking_dual_task,P09,27,0.875
2026-04-01T14:05:49.219937,1365.1848039131614,90114.0,81.0,-5.6148863100825634,8.45148101656579,4.799359112811367,11.22445221568741,0.083670929629168,True,walking_dual_task,P09,27,0.875
2026-04-01T14:05:49.220376,1407.262147106596,90114.0,81.0,-5.780815297338553,8.637626991419372,4.6914421616211515,11.403335262136094,0.1788830464486839,True,walking_dual_task,P09,27,0.875
2026-04-01T14:05:49.220984,1530.7626051681646,90114.0,81.0,-6.082690541562856,7.992952327279506,4.653474765798412,11.069834620557964,0.3335006415781301,True,walking_dual_task,P09,27,0.875
2026-04-01T14:05:49.279868,1522.5836305381508,90155.0,82.0,-6.285249063997558,8.221596863328488,4.9490611302109295,11.471365082244557,0.40153046168659223,True,walking_dual_task,P09,27,0.875
2026-04-01T14:05:49.280695,1496.8081223066747,90155.0,81.0,-6.309865128048112,8.520684849202503,4.80946577465892,11.6424838102186,0.1711187279740436,True,walking_dual_task,P09,27,0.875
2026-04-01T14:05:49.280816,1521.969258029514,90248.0,81.0,-6.402236074462061,8.399923168330627,4.621869471874281,11.528617150467115,0.11386665975148524,True,walking_dual_task,P09,27,0.875
2026-04-01T14:05:49.339987,1462.851382188453,90248.0,82.0,-6.210274895083776,8.418887166232718,4.246041621056032,11.290440418247904,0.23817673221921076,True,walking_dual_task,P09,27,0.875
2026-04-01T14:05:49.340511,1468.8836830799494,90373.0,82.0,-6.361301588854208,8.750439196570307,4.391827886393297,11.675808161362317,0.38536774311441313,True,walking_dual_task,P09,27,0.875
2026-04-01T14:05:49.340993,1549.1964978002488,90373.0,83.0,-6.036121048878194,8.678899600190563,4.690385354859092,11.565369443471099,0.11043871789121873,True,walking_dual_task,P09,27,0.875
2026-04-01T14:05:49.400118,1366.856944317339,90519.0,82.0,-6.047681923753168,8.67511837384193,4.205189178547466,11.380498735926883,0.1848707075442153,True,walking_dual_task,P09,27,0.875
2026-04-01T14:05:49.400749,1571.3066990901752,90519.0,81.0,-6.0166416875272875,8.510761763036989,4.563106894356406,11.37782876969884,0.0026699662280424974,True,walking_dual_task,P09,27,0.875
2026-04-01T14:05:49.401586,1518.9029766035328,90569.0,81.0,-6.2592167313442655,8.500818633643274,4.417009248400741,11.443412176116631,0.06558340641779026,True,walking_dual_task,P09,27,0.875
2026-04-01T14:05:49.459678,1481.4462880564224,90569.0,82.0,-6.588446008565946,8.60249678547332,4.759086053892919,11.834672442455915,0.3912602663392839,True,walking_dual_task,P09,27,0.875
2026-04-01T14:05:49.460395,1439.634827108208,90383.0,80.0,-6.381043937009399,8.408846161723917,4.629195223618383,11.526311808898573,0.3083606335573421,True,walking_dual_task,P09,27,0.875
2026-04-01T14:05:49.460507,1391.3747028848106,90383.0,80.0,-6.240541392161824,8.901223781058189,4.5070153535574295,11.768148922620043,0.24183711372146988,True,walking_dual_task,P09,27,0.875
2026-04-01T14:05:49.519819,1668.9410661869356,90275.0,81.0,-6.122921385862967,8.628347367185148,4.670323004572192,11.565053460892656,0.20309546172738635,True,walking_dual_task,P09,27,0.875
2026-04-01T14:05:49.520384,1535.1281598829612,90275.0,82.0,-6.110288688835541,8.687739799153277,4.290121169508938,11.45502467600014,0.110028784892517,True,walking_dual_task,P09,27,0.875
2026-04-01T14:05:49.520818,1527.2755446375413,90283.0,81.0,-6.011381106664892,8.402214468172676,4.584054833213651,11.302542611848333,0.15248206415180654,True,walking_dual_task,P09,27,0.875
2026-04-01T14:05:49.579731,1475.8222456724534,90283.0,81.0,-6.0629138489809495,8.746594930082392,4.709697463255567,11.638002294487826,0.33545968263949355,True,walking_dual_task,P09,27,0.875
2026-04-01T14:05:49.580364,1444.3343390612315,90217.0,81.0,-6.469365558156679,8.474922497159023,4.671603165716513,11.640484448503358,0.0024821540155315347,True,walking_dual_task,P09,27,0.875
2026-04-01T14:05:49.581102,1377.1289790545018,90217.0,80.0,-6.0405650571095775,8.498097147900987,4.291291711835004,11.274806690156595,0.36567775834676297,True,walking_dual_task,P09,27,0.875
2026-04-01T14:05:49.699560,1546.990359266277,90207.0,81.0,-3.5906208416030467,5.731313830059397,4.287323742602424,8.007600209842318,3.267206480314277,True,walking_dual_task,P09,27,0.875
2026-04-01T14:05:49.699949,1507.6811628900834,90207.0,81.0,-3.5918435004558016,4.483479415873731,3.584078453710087,6.77115542331432,1.236444786527998,True,walking_dual_task,P09,27,0.875
2026-04-01T14:05:49.700517,1512.2234355703333,90368.0,82.0,-3.6991008315923914,4.517855645219127,3.353644825712691,6.73359489502861,0.03756052828570944,True,walking_dual_task,P09,27,0.875
2026-04-01T14:05:49.701255,1334.8203646376742,90368.0,81.0,-3.2728249745506535,3.9024821828782956,3.0562316771884412,5.939806610183122,0.7937882848454887,True,walking_dual_task,P09,27,0.875
2026-04-01T14:05:49.701755,1451.7858176539041,90492.0,81.0,-3.345010528824177,4.283106183514623,2.896088560106459,6.158037265654156,0.21823065547103404,True,walking_dual_task,P09,27,0.875
2026-04-01T14:05:49.702455,1456.0426801578087,90492.0,81.0,-3.086420250577975,4.160926046679137,2.787650166713052,5.883050992562106,0.2749862730920496,True,walking_dual_task,P09,27,0.875
2026-04-01T14:05:49.760336,1558.2843948125376,90447.0,82.0,-2.9258691030063284,4.2204171794397585,3.2092338741891857,6.055725657233873,0.17267466467176718,True,walking_dual_task,P09,27,0.875
2026-04-01T14:05:49.760929,1389.3435859268307,90447.0,83.0,-3.1361666032337236,4.455347493450464,2.957503314955206,6.199394172707921,0.14366851547404735,True,walking_dual_task,P09,27,0.875
2026-04-01T14:05:49.761385,1461.9050329978743,90332.0,81.0,-3.003875432178544,4.552851898984336,3.139343242847989,6.293425460156531,0.09403128744861,True,walking_dual_task,P09,27,0.875
2026-04-01T14:05:49.819597,1562.755815420801,90332.0,82.0,-2.531683028913538,4.437761041036335,3.578901386438044,6.237922502730927,0.055502957425603405,True,walking_dual_task,P09,27,0.875
2026-04-01T14:05:49.820129,1528.1493456848953,90255.0,81.0,-2.8294955040060175,4.158252932424522,3.7457000111114134,6.271154664848209,0.033232162117281305,True,walking_dual_task,P09,27,0.875
2026-04-01T14:05:49.820509,1499.995946745823,90255.0,82.0,-3.0717607088681746,4.39222318835785,3.8701074698521842,6.610981032880096,0.33982636803188715,True,walking_dual_task,P09,27,0.875
2026-04-01T14:05:49.879433,1509.0187028627536,90208.0,81.0,-2.416654861446281,5.061509670544937,4.398291154081619,7.127697099375399,0.5167160664953032,True,walking_dual_task,P09,27,0.875
2026-04-01T14:05:49.940072,1509.611168718921,90208.0,82.0,-2.421954454303883,5.243559297589686,4.304986533341555,7.203727267069028,0.07603016769362902,True,walking_dual_task,P09,27,0.875
2026-04-01T14:05:49.940356,1526.4422537151236,90152.0,81.0,-1.924667339990921,6.152094466679559,4.970733264105616,8.140073702336057,0.936346435267029,True,walking_dual_task,P09,27,0.875
2026-04-01T14:05:49.940657,1441.799801092021,90152.0,82.0,-1.705005105259881,6.396451985062549,5.228632709010339,8.435652933348175,0.2955792310121179,True,walking_dual_task,P09,27,0.875
2026-04-01T14:05:49.941118,1397.49894123195,90032.0,83.0,-1.6793530764385596,7.1326133871024835,4.657765412299261,8.682694231701847,0.24704129835367183,True,walking_dual_task,P09,27,0.875
2026-04-01T14:05:49.941948,1412.285555053497,89919.0,83.0,-1.759662932799469,7.50269337591876,5.36614214010931,9.390543274911234,0.7078490432093876,True,walking_dual_task,P09,27,0.875
2026-04-01T14:05:49.999595,1478.2366364720053,89919.0,82.0,-1.7186335815734415,7.414590306126697,5.373761099732794,9.31703596389009,0.07350731102114416,True,walking_dual_task,P09,27,0.875
2026-04-01T14:05:49.999829,1419.1271038799719,89846.0,81.0,-2.4449415425089,7.872423825327831,5.727810982952087,10.03795869130281,0.7209227274127201,True,walking_dual_task,P09,27,0.875
2026-04-01T14:05:50.060087,1517.0223820900062,89846.0,81.0,-2.5356867952794073,7.772266957955626,5.867259402366241,10.062930690615842,0.02497199931303129,True,walking_dual_task,P09,27,0.875
2026-04-01T14:05:50.060708,1415.4577979498022,89846.0,81.0,-3.815174581148918,8.817724294466657,6.891960269757936,11.823998273756397,1.7610675831405551,True,walking_dual_task,P09,27,0.875
2026-04-01T14:05:50.061341,1449.9545484101327,89770.0,82.0,-3.8162526358431226,8.566341315489785,6.627733054573332,11.483589733037784,0.34040854071861304,True,walking_dual_task,P09,27,0.875
2026-04-01T14:05:50.061892,1509.8633194071854,89770.0,81.0,-4.521131789583056,10.072479313251149,7.420746998003961,13.302742506078799,1.819152773041015,True,walking_dual_task,P09,27,0.875
2026-04-01T14:05:50.123432,1337.6686195904445,89729.0,82.0,-4.311455471301169,10.73107113553543,6.831182563282666,13.431663754346726,0.12892124826792717,True,walking_dual_task,P09,27,0.875
2026-04-01T14:05:50.124141,1444.0260701567297,89729.0,81.0,-4.363831181154726,10.887204681461792,6.987967028432745,13.653055758478576,0.22139200413185023,True,walking_dual_task,P09,27,0.875
2026-04-01T14:05:50.179718,1535.9217283759906,89727.0,81.0,-5.354840654664052,9.94061782099631,6.206322016443136,12.88443378933429,0.7686219691442862,True,walking_dual_task,P09,27,0.875
2026-04-01T14:05:50.181541,1482.4159528305051,89726.0,81.0,-5.863238720061246,10.055596872179418,5.911025735614741,13.054992224865924,0.17055843553163363,True,walking_dual_task,P09,27,0.875
2026-04-01T14:05:50.182088,1457.5065842726622,89726.0,81.0,-6.058361403205838,8.048043156474554,4.010828182456764,10.842577380379655,2.2124148444862684,True,walking_dual_task,P09,27,0.875
2026-04-01T14:05:50.239815,1505.8171792890705,89875.0,82.0,-5.800418748156333,7.520515051763899,3.2994741128305733,10.05432910337681,0.7882482770028449,True,walking_dual_task,P09,27,0.875
2026-04-01T14:05:50.240282,1475.356229426274,89875.0,82.0,-5.83530775119093,7.204346670671238,3.471625777334298,9.899778433892987,0.15455066948382346,True,walking_dual_task,P09,27,0.875
2026-04-01T14:05:50.240687,1522.8668042855115,90028.0,82.0,-4.733742651064388,8.4212953067331,5.120777367830258,10.933841730178539,1.0340632962855523,True,walking_dual_task,P09,27,0.875
2026-04-01T14:05:50.299608,1436.9311679708894,90028.0,82.0,-4.491590060508504,7.811092618387531,4.473155558671307,10.059655551596137,0.8741861785824021,True,walking_dual_task,P09,27,0.875
2026-04-01T14:05:50.300177,1486.6033226114157,89962.0,82.0,-3.954965350251129,8.883327836566997,6.298520303317464,11.585621363781721,1.525965812185584,True,walking_dual_task,P09,27,0.875
2026-04-01T14:05:50.300572,1540.35742343824,89962.0,81.0,-3.5748996451273474,9.248551303852322,5.785861447864023,11.480061035839455,0.10556032794226589,True,walking_dual_task,P09,27,0.875
2026-04-01T14:05:50.419692,1413.5365064176867,89760.0,82.0,-4.396120662888915,8.732449210406324,6.563795451541815,11.775608554324737,0.29554751848528227,True,walking_dual_task,P09,27,0.875
2026-04-01T14:05:50.420654,1453.2655621102913,89760.0,82.0,-3.8412073085600413,7.152954224880217,6.051654749878766,10.126309937104288,1.649298617220449,True,walking_dual_task,P09,27,0.875
2026-04-01T14:05:50.421186,1392.251754630047,89760.0,81.0,-4.2679831827295835,7.010196095327591,5.474611061372999,9.865591518825232,0.2607184182790565,True,walking_dual_task,P09,27,0.875
2026-04-01T14:05:50.422101,1464.7564011331363,89584.0,81.0,-3.5053011574249635,5.98202254648782,4.840815996145098,8.45607648141073,1.4095150374145025,True,walking_dual_task,P09,27,0.875
2026-04-01T14:05:50.422549,1565.7281340234688,89584.0,82.0,-3.525460393884846,6.270265568160303,4.818253792884654,8.65798307325411,0.20190659184338067,True,walking_dual_task,P09,27,0.875
2026-04-01T14:05:50.422952,1489.202867291484,89610.0,81.0,-3.3288357950747716,6.50344470795152,5.121462120933921,8.922181071695121,0.264197998441011,True,walking_dual_task,P09,27,0.875
2026-04-01T14:05:50.479453,1365.4271770929392,89610.0,81.0,-3.262552781524323,5.977769372352216,4.7589074057663225,8.308139203090056,0.6140418686050655,True,walking_dual_task,P09,27,0.875
2026-04-01T14:05:50.480903,1465.4086100584257,89599.0,82.0,-3.3424112185807577,5.923833226391555,5.366774686507065,8.664051210832499,0.35591200774244314,True,walking_dual_task,P09,27,0.875
2026-04-01T14:05:50.481266,1372.7621356517848,89599.0,82.0,-3.214712714754313,6.086801027245771,4.7923478706391975,8.387497999815158,0.2765532110173403,True,walking_dual_task,P09,27,0.875
2026-04-01T14:05:50.481807,1433.763092037625,89544.0,81.0,-3.221441431429841,6.174682043501645,4.896079544006708,8.513282453655307,0.1257844538401489,True,walking_dual_task,P09,27,0.875
2026-04-01T14:05:50.540030,1406.0896847564093,89544.0,82.0,-3.3608634721111974,6.039956979782914,4.750018191455131,8.386844246494288,0.12643820716101928,True,walking_dual_task,P09,27,0.875
2026-04-01T14:05:50.540721,1487.323905816093,89538.0,81.0,-3.3132541263591917,6.2408673522223435,4.883895950152791,8.589442232519511,0.20259798602522316,True,walking_dual_task,P09,27,0.875
2026-04-01T14:05:50.541044,1515.8970364760867,89538.0,81.0,-3.1466563669842995,6.209978132004545,4.807691835877485,8.460447711594258,0.12899452092525365,True,walking_dual_task,P09,27,0.875
2026-04-01T14:05:50.600328,1543.094994425747,89642.0,81.0,-3.561502008127705,6.0698159280106925,4.7462072938228355,8.488430103957212,0.0279823923629543,True,walking_dual_task,P09,27,0.875
2026-04-01T14:05:50.601353,1488.9591669632282,89642.0,82.0,-3.2842405812718183,6.138513487334072,5.134581744335544,8.650521008535774,0.16209090457856234,True,walking_dual_task,P09,27,0.875
2026-04-01T14:05:50.601732,1566.3727708607119,89765.0,82.0,-2.9670916818313473,6.018836024449182,4.878506850114337,8.296375667977705,0.3541453405580697,True,walking_dual_task,P09,27,0.875
2026-04-01T14:05:50.660364,1403.5276243143571,89898.0,82.0,-5.858057904477328,7.7441826121492845,5.195523119904974,11.012841015468794,2.7164653474910896,True,walking_dual_task,P09,27,0.875
2026-04-01T14:05:50.662003,1494.4599454463862,89898.0,82.0,-5.874153870122556,8.101969408259736,4.662010176946339,11.04001498514398,0.027173969675185816,True,walking_dual_task,P09,27,0.875
2026-04-01T14:05:50.719750,1539.7738395955207,89898.0,81.0,-5.727983820937015,8.225552135002797,4.749240476760361,11.091654145557563,0.05163916041358263,True,walking_dual_task,P09,27,0.875
2026-04-01T14:05:50.721272,1486.1455372219518,90030.0,81.0,-5.719885606966797,8.118717044032259,5.046165811850653,11.139768722847714,0.04811457729015167,True,walking_dual_task,P09,27,0.875
2026-04-01T14:05:50.722691,1455.3107850373085,90030.0,81.0,-5.587646212114834,8.087263211221728,5.0726474389019405,11.061526498577853,0.07824222426986083,True,walking_dual_task,P09,27,0.875
2026-04-01T14:05:50.723607,1554.9496141813756,90125.0,81.0,-5.928770094270481,7.905793746602523,4.780312847661243,10.977398622444696,0.08412787613315764,True,walking_dual_task,P09,27,0.875
2026-04-01T14:05:50.779753,1488.4757746241978,90187.0,82.0,-4.622646318607523,8.449643430406258,5.340814527613034,11.013157263305821,0.03575864086112546,True,walking_dual_task,P09,27,0.875
2026-04-01T14:05:50.780695,1527.1690183910744,90187.0,82.0,-4.8827918268969945,8.351248384723611,5.335248182362075,11.047618692530923,0.03446142922510198,True,walking_dual_task,P09,27,0.875
2026-04-01T14:05:50.840050,1474.6966326021877,90187.0,82.0,-4.671117486847845,9.263823707482747,5.843718933669191,11.907427061921434,0.8598083693905103,True,walking_dual_task,P09,27,0.875
2026-04-01T14:05:50.840618,1368.7781390958212,90197.0,82.0,-4.630124214917234,10.016107851456924,6.769488612128049,12.945518251785492,1.0380911898640584,True,walking_dual_task,P09,27,0.875
2026-04-01T14:05:50.840959,1498.6030736877824,90107.0,82.0,-5.029547771224378,10.132699317074618,6.719923465814781,13.157709436664144,0.21219118487865174,True,walking_dual_task,P09,27,0.875
2026-04-01T14:05:50.899448,1478.765844977607,90107.0,81.0,-4.206829781352406,9.121746147753532,6.329770777008601,11.873064797380751,1.2846446392833926,True,walking_dual_task,P09,27,0.875
2026-04-01T14:05:50.960348,1522.8489388738712,90081.0,82.0,-4.199968342638806,9.199447754659777,6.497688745364619,12.020379865109131,0.1473150677283801,True,walking_dual_task,P09,27,0.875
2026-04-01T14:05:50.960914,1381.1995162781357,90081.0,80.0,-3.3704558179246824,8.495277370570198,5.58491061962775,10.710785996029202,1.3095938690799294,True,walking_dual_task,P09,27,0.875
2026-04-01T14:05:50.961604,1439.7050906214558,90072.0,81.0,-3.7052204535550897,8.39239775181912,5.387312880757531,10.638803443496718,0.07198255253248398,True,walking_dual_task,P09,27,0.875
2026-04-01T14:05:50.962040,1453.6597287651718,90072.0,81.0,-3.3640230804491766,8.43215999915211,5.646687213914894,10.691260450895658,0.05245700739894055,True,walking_dual_task,P09,27,0.875
2026-04-01T14:05:50.962644,1463.3200577348002,90072.0,82.0,-3.612727720277503,7.618737299259209,5.253036779484931,9.934352269907002,0.7569081809886562,True,walking_dual_task,P09,27,0.875
2026-04-01T14:05:50.963138,1452.9500417537217,89887.0,81.0,-3.8117274687177756,8.016801265837328,5.547889393771183,10.467924606015625,0.5335723361086231,True,walking_dual_task,P09,27,0.875
2026-04-01T14:05:51.019717,1388.661391908733,89887.0,80.0,-4.058659262397012,6.324190975239167,4.264216146137896,8.640118392737493,1.8278062132781319,True,walking_dual_task,P09,27,0.875
2026-04-01T14:05:51.020681,1582.9803354869557,89923.0,82.0,-3.9763238741007707,6.768866844090388,4.20958052480056,8.907821175773012,0.267702783035519,True,walking_dual_task,P09,27,0.875
2026-04-01T14:05:51.020936,1441.6457699818973,89923.0,81.0,-4.08538059299506,5.57200833079438,3.1962453157209274,7.612725894601132,1.2950952811718803,True,walking_dual_task,P09,27,0.875
2026-04-01T14:05:51.140161,1355.727235753822,90221.0,82.0,-4.25181307541951,4.963319871068371,2.421292922190278,6.969585209027808,0.6431406855733242,True,walking_dual_task,P09,27,0.875
2026-04-01T14:05:51.140432,1456.6717657982144,90221.0,82.0,-3.754970773894023,4.819196139433891,2.9741523476445613,6.794853871138985,0.1747313378888231,True,walking_dual_task,P09,27,0.875
2026-04-01T14:05:51.141131,1501.4711356167556,90462.0,82.0,-3.497858545846768,4.739785055346302,2.420720600693425,6.3687098382842775,0.42614403285470726,True,walking_dual_task,P09,27,0.875
2026-04-01T14:05:51.141413,1583.4413433861066,90462.0,81.0,-2.8754322102481003,4.672906640869151,2.290257006482377,5.945539843088507,0.4231699951957708,True,walking_dual_task,P09,27,0.875
2026-04-01T14:05:51.141798,1412.5907593137233,90582.0,83.0,-2.8727567513428935,5.54919654638816,2.690893088342357,6.803471119636,0.8579312765474931,True,walking_dual_task,P09,27,0.875
2026-04-01T14:05:51.142437,1473.6565099599738,90582.0,81.0,-2.5611248229210117,5.595499450656758,3.345457641302564,7.0043601628294345,0.2008890431934347,True,walking_dual_task,P09,27,0.875
2026-04-01T14:05:51.200186,1540.5880812835544,90703.0,82.0,-2.4935966518140233,5.6168241662665706,3.382572482538627,7.014879512601894,0.010519349772459385,True,walking_dual_task,P09,27,0.875
2026-04-01T14:05:51.200760,1549.2337565223474,90703.0,81.0,-2.1222826499062744,5.535318544794438,3.435798282004635,6.851900821893471,0.16297869070842275,True,walking_dual_task,P09,27,0.875
2026-04-01T14:05:51.201234,1544.2270938333518,90790.0,81.0,-2.2334030069517987,5.669355794233186,3.4434150829834405,6.999056475467576,0.14715565357410476,True,walking_dual_task,P09,27,0.875
2026-04-01T14:05:51.260059,1477.647912372859,90790.0,83.0,-2.732415536327467,5.183017016343351,3.2641384552797006,6.707038087718319,0.29201838774925726,True,walking_dual_task,P09,27,0.875
2026-04-01T14:05:51.260612,1372.2423836140088,90863.0,82.0,-2.4121566747829775,5.052838156132018,3.8618347473728196,6.80172337512926,0.0946852874109414,True,walking_dual_task,P09,27,0.875
2026-04-01T14:05:51.261121,1523.8268158643195,90863.0,82.0,-2.511549737919557,5.075156019931257,3.797230207375746,6.81792108787533,0.01619771274607018,True,walking_dual_task,P09,27,0.875
2026-04-01T14:05:51.319784,1508.2437812689498,90928.0,82.0,-2.228608607974509,5.610880606412319,4.130875920605474,7.315245271239378,0.4973241833640474,True,walking_dual_task,P09,27,0.875
2026-04-01T14:05:51.320181,1523.744255142272,90928.0,81.0,-2.0765133678336887,5.66470451740546,3.986250390801304,7.231250045079992,0.08399522615938526,True,walking_dual_task,P09,27,0.875
2026-04-01T14:05:51.440080,1466.008330983959,90962.0,83.0,-1.7703280366531406,6.652188746023139,4.904626690533414,8.452280132814447,1.221030087734455,True,walking_dual_task,P09,27,0.875
2026-04-01T14:05:51.440735,1457.29295601231,90962.0,82.0,-1.711262420516408,7.120857978603444,5.2952007102372445,9.037377273579377,0.5850971407649297,True,walking_dual_task,P09,27,0.875
2026-04-01T14:05:51.441245,1489.267720466306,90906.0,82.0,-1.6567280305590477,7.518466320306317,5.497108850699024,9.459930723491269,0.4225534499118915,True,walking_dual_task,P09,27,0.875
2026-04-01T14:05:51.441679,1351.2063373002866,90906.0,83.0,-1.740022706178335,7.484785032069087,5.340510451307006,9.357923801507521,0.10200692198374739,True,walking_dual_task,P09,27,0.875
2026-04-01T14:05:51.442184,1405.5398488446485,90795.0,82.0,-2.0520878416438793,7.236167249651168,5.263357216315062,9.180202076277112,0.17772172523040908,True,walking_dual_task,P09,27,0.875
2026-04-01T14:05:51.442785,1441.8736566343628,90795.0,81.0,-1.8156027129106531,7.118579752424981,5.776630017400076,9.345589615465203,0.16538753918809057,True,walking_dual_task,P09,27,0.875
2026-04-01T14:05:51.499667,1512.9689160766413,90675.0,81.0,-1.9248716437707083,7.144590913657779,5.565547674712704,9.258813697662019,0.08677591780318394,True,walking_dual_task,P09,27,0.875
2026-04-01T14:05:51.499714,1413.6113890549402,90675.0,82.0,-1.8652978689243092,7.307253091549202,5.550444461363013,9.363905040229973,0.10509134256795427,True,walking_dual_task,P09,27,0.875
2026-04-01T14:05:51.500440,1340.021539133731,90586.0,81.0,-1.5452136671669907,7.568585246605814,5.592364156823123,9.536545746488025,0.1726407062580524,True,walking_dual_task,P09,27,0.875
2026-04-01T14:05:51.501579,1561.6471009622205,90586.0,81.0,-1.8056556720353858,7.434651424038391,5.342630322398419,9.331566479681783,0.20497926680624268,True,walking_dual_task,P09,27,0.875
2026-04-01T14:05:51.560788,1496.4139326242087,90466.0,82.0,-1.4121710131822187,7.587513004390515,5.2799034542568055,9.351040639872133,0.01947416019035053,True,walking_dual_task,P09,27,0.875
2026-04-01T14:05:51.560961,1475.9023386180104,90466.0,81.0,-1.841604859080893,7.258235117937385,5.426231264896863,9.247565691812852,0.10347494805928115,True,walking_dual_task,P09,27,0.875
2026-04-01T14:05:51.561354,1415.2943171020768,90213.0,81.0,-1.64162127208465,7.330577972302662,5.261576993468065,9.171504035171237,0.07606165664161502,True,walking_dual_task,P09,27,0.875
2026-04-01T14:05:51.623305,1408.4163289776407,90213.0,82.0,-1.3150198667379072,7.352144875383333,5.496046260672172,9.273070474119635,0.10156643894839767,True,walking_dual_task,P09,27,0.875
2026-04-01T14:05:51.624159,1503.492976179803,90162.0,81.0,-5.742940567596239,7.655544129158019,4.475372457445245,10.564926923991852,1.291856449872217,True,walking_dual_task,P09,27,0.875
2026-04-01T14:05:51.624704,1389.606990395741,90162.0,81.0,-5.812059640048301,9.030933680931529,4.835143680428663,11.777793291582729,1.2128663675908768,True,walking_dual_task,P09,27,0.875
2026-04-01T14:05:51.679923,1362.8783288608668,90200.0,82.0,-5.344162627257027,8.654763109990096,5.013214898567462,11.34007593871553,0.4377173528671978,True,walking_dual_task,P09,27,0.875
2026-04-01T14:05:51.680767,1340.5781974759045,90200.0,82.0,-5.703318836005105,8.715636446779758,4.902942544962451,11.512124478860068,0.1720485401445373,True,walking_dual_task,P09,27,0.875
2026-04-01T14:05:51.681236,1433.5014440068933,90167.0,82.0,-5.311550531577587,9.851092870400675,6.020583557635254,12.708423433503825,1.1962989546437566,True,walking_dual_task,P09,27,0.875
2026-04-01T14:05:51.740958,1460.6237916619714,90167.0,82.0,-4.845418000850568,8.06772370245016,5.6929475306798185,10.998904169466895,1.7095192640369294,True,walking_dual_task,P09,27,0.875
2026-04-01T14:05:51.741459,1553.4160897542279,90042.0,83.0,-4.683120837106937,8.642754264849561,6.024229182388933,11.529100541649678,0.5301963721827825,True,walking_dual_task,P09,27,0.875
2026-04-01T14:05:51.741968,1523.2028868092634,90042.0,82.0,-4.65696170187224,7.0156796262340295,5.220802071719428,9.907766003632196,1.6213345380174822,True,walking_dual_task,P09,27,0.875
2026-04-01T14:05:51.800093,1546.0102167096973,90056.0,81.0,-4.558283193470106,6.779223700383073,5.664823527733957,9.941128972711088,0.033362969078892135,True,walking_dual_task,P09,27,0.875
2026-04-01T14:05:51.800655,1481.2600834505565,90056.0,81.0,-4.00377749554827,6.46451290665372,4.347410166243857,8.759003168609528,1.1821258041015597,True,walking_dual_task,P09,27,0.875
2026-04-01T14:05:51.801580,1497.2205724410048,90120.0,83.0,-4.315912376999679,6.479725817338168,4.52852831046346,9.006748301828294,0.2477451332187659,True,walking_dual_task,P09,27,0.875
2026-04-01T14:05:51.860247,1443.668304967763,90120.0,82.0,-3.5712812272241963,7.3086640835446515,4.28612464174674,9.194644350631958,0.18789604880366362,True,walking_dual_task,P09,27,0.875
2026-04-01T14:05:51.860774,1528.1214558068714,90107.0,82.0,-3.441207223896668,8.34779029022526,5.333131559976088,10.486648755603037,1.2920044049710793,True,walking_dual_task,P09,27,0.875
2026-04-01T14:05:51.861211,1359.5822071197776,90107.0,81.0,-3.51604437718673,8.635384648507774,4.718581852602818,10.449758408199818,0.036890347403218726,True,walking_dual_task,P09,27,0.875
2026-04-01T14:05:51.919951,1425.4252744279765,90029.0,82.0,-2.8587627950954335,8.755297180409178,5.24245172108783,10.597690950572181,0.14793254237236297,True,walking_dual_task,P09,27,0.875
2026-04-01T14:05:51.920720,1392.967910849373,90029.0,82.0,-3.7416849334431,8.787572551664022,5.412178919457675,10.977855808314121,0.3801648577419403,True,walking_dual_task,P09,27,0.875
2026-04-01T14:05:51.921125,1465.778855954902,89969.0,83.0,-4.230550090456978,8.187720462475367,5.421275087752127,10.69235914176966,0.2854966665444607,True,walking_dual_task,P09,27,0.875
2026-04-01T14:05:51.980028,1497.6744963643914,89969.0,81.0,-3.9326070425767194,8.362016212824484,5.36375552191414,10.684502168736172,0.007856973033488757,True,walking_dual_task,P09,27,0.875
2026-04-01T14:05:51.980454,1480.99081044673,90019.0,81.0,-4.558242579414021,7.704850040821252,5.172660988894945,10.339183298034806,0.3453188707013659,True,walking_dual_task,P09,27,0.875
2026-04-01T14:05:51.980803,1498.6146814170688,90019.0,83.0,-4.906135198203389,7.865600126576669,5.604910760929381,10.832952163294873,0.49376886526006736,True,walking_dual_task,P09,27,0.875
2026-04-01T14:05:52.039769,1300.133585474188,90102.0,81.0,-4.636137640529021,7.765326853875933,5.249983335748884,10.45736096704602,0.3755911962488536,True,walking_dual_task,P09,27,0.875
2026-04-01T14:05:52.160257,1519.4393593882317,90102.0,82.0,-5.057736428485091,8.323240644556682,5.47918680165936,11.174905843661662,0.7175448766156425,True,walking_dual_task,P09,27,0.875
2026-04-01T14:05:52.160538,1564.8212766141385,90128.0,82.0,-5.100768302004893,8.167299322522794,5.892473123336211,11.289103374655525,0.11419753099386298,True,walking_dual_task,P09,27,0.875
2026-04-01T14:05:52.219856,1478.175051539355,90128.0,83.0,-4.887449680892888,8.657952007726177,5.544243301691005,11.383581648132337,0.09447827347681148,True,walking_dual_task,P09,27,0.875
2026-04-01T14:05:52.279988,1491.3278011009854,90143.0,80.0,-4.901545860927271,8.185526573786742,5.288346389975196,10.908464816705688,0.4751168314266483,True,walking_dual_task,P09,27,0.875
2026-04-01T14:05:52.281019,1516.9451604389483,90143.0,83.0,-4.801070786982797,8.028035495747512,5.3039767792518395,10.753222972553127,0.15524184415256137,True,walking_dual_task,P09,27,0.875
2026-04-01T14:05:52.281636,1421.4325005428386,90184.0,82.0,-4.371404170908354,7.8397861568867135,4.919333087241008,10.235783283870934,0.5174396886821935,True,walking_dual_task,P09,27,0.875
2026-04-01T14:05:52.282163,1440.1940786460566,90246.0,82.0,-4.7538515694528245,7.66132929922027,5.3244501958724575,10.471143264410353,0.2353599805394193,True,walking_dual_task,P09,27,0.875
2026-04-01T14:05:52.282684,1482.606688704679,90246.0,83.0,-4.775937816316835,8.61066842064765,5.0752950362362785,11.077536385880595,0.6063931214702425,True,walking_dual_task,P09,27,0.875
2026-04-01T14:05:52.282844,1336.8779276252794,90246.0,82.0,-4.54359570029617,8.395857697321835,4.870393272696764,10.717062050401596,0.3604743354789992,True,walking_dual_task,P09,27,0.875
2026-04-01T14:05:52.283364,1495.6800655243271,90196.0,81.0,-4.957251895757189,9.42241695466047,5.88264632543077,12.163955582604101,1.4468935322025054,True,walking_dual_task,P09,27,0.875
2026-04-01T14:05:52.283809,1420.9258041315125,90003.0,80.0,-4.273646729084303,9.538071980913006,6.220945879838392,12.163019407941805,0.0009361746622964517,True,walking_dual_task,P09,27,0.875
2026-04-01T14:05:52.284845,1333.3723499055304,90003.0,80.0,-3.7827848245427154,9.61289436558317,6.331288076664972,12.116204348820276,0.0468150591215295,True,walking_dual_task,P09,27,0.875
2026-04-01T14:05:52.285385,1491.57968665245,89918.0,81.0,-3.217711412517273,8.727635897108637,5.970684576529397,11.053251530619812,1.062952818200463,True,walking_dual_task,P09,27,0.875
2026-04-01T14:05:52.286028,1524.0008093723225,89918.0,81.0,-3.6252314825886636,8.90173834841091,5.329102962331856,10.990113161794813,0.06313836882499935,True,walking_dual_task,P09,27,0.875
2026-04-01T14:05:52.340113,1402.2251715672646,89973.0,81.0,-3.1812712650203294,7.884149928670603,4.869911420127482,9.797772410057746,1.192340751737067,True,walking_dual_task,P09,27,0.875
2026-04-01T14:05:52.340864,1540.1211379059123,89973.0,82.0,-3.5640051674409685,8.12306906525715,4.683862006224123,10.03119869037761,0.233426280319863,True,walking_dual_task,P09,27,0.875
2026-04-01T14:05:52.341355,1475.182945001334,89973.0,81.0,-3.432722979250727,8.115889961075618,4.895258503936947,10.080417289623034,0.0492185992454246,True,walking_dual_task,P09,27,0.875
2026-04-01T14:05:52.406149,1474.8689234753683,90055.0,82.0,-3.3671400107338028,8.420217183242706,4.776237584906809,10.249396798462659,0.16897950883962487,True,walking_dual_task,P09,27,0.875
2026-04-01T14:05:52.407092,1481.847467352008,90055.0,81.0,-2.930667962329004,8.478874141075142,5.2343250544864475,10.386446946941911,0.13705014847925234,True,walking_dual_task,P09,27,0.875
2026-04-01T14:05:52.407778,1488.5153944946933,90075.0,81.0,-3.2676920986016866,8.378814345830714,4.870381879255877,10.227558904398766,0.15888804254314515,True,walking_dual_task,P09,27,0.875
2026-04-01T14:05:52.465901,1476.4031247227927,90075.0,82.0,-3.1943628868113865,8.435493629696607,4.717212192204677,10.179076475573531,0.04848242882523479,True,walking_dual_task,P09,27,0.875
2026-04-01T14:05:52.467125,1365.9909190363014,90181.0,81.0,-3.301129546313243,7.723958593900543,5.315832377808938,9.940576769523696,0.23849970604983461,True,walking_dual_task,P09,27,0.875
2026-04-01T14:05:52.467767,1519.2149671541622,90181.0,81.0,-3.241217434027144,8.105300420370378,5.3323309888863015,10.22913188565554,0.28855511613184426,True,walking_dual_task,P09,27,0.875
2026-04-01T14:05:52.530015,1445.7985068221158,90377.0,82.0,-3.5946888733116364,8.365068051465467,5.070864364183953,10.421603379591332,0.19247149393579122,True,walking_dual_task,P09,27,0.875
2026-04-01T14:05:52.530646,1409.9443438417436,90377.0,82.0,-3.397214664366361,8.266780218990524,5.193221143643971,10.336840354366979,0.08476302522435297,True,walking_dual_task,P09,27,0.875
2026-04-01T14:05:52.580080,1457.2904159814411,90552.0,82.0,-3.024717524052245,8.240440024997445,4.939279911293278,10.072251682121232,0.2645886722457469,True,walking_dual_task,P09,27,0.875
2026-04-01T14:05:52.580412,1517.7548781225255,90552.0,81.0,-3.4305075925143846,8.34438225026363,5.170477988665576,10.398602796149527,0.3263511140282951,True,walking_dual_task,P09,27,0.875
2026-04-01T14:05:52.580711,1385.2161246515413,90724.0,81.0,-3.3700973315904896,8.139274909654379,5.130789396416111,10.194623676708161,0.2039791194413656,True,walking_dual_task,P09,27,0.875
2026-04-01T14:05:52.581058,1578.0032415252492,90724.0,82.0,-3.31384440524366,8.33413206408206,5.134884711106247,10.334716396693143,0.14009271998498107,True,walking_dual_task,P09,27,0.875
2026-04-01T14:05:52.642032,1361.6026424258935,90885.0,82.0,-3.2115595622522477,8.453548606904087,4.841242081476154,10.257398489024371,0.07731790766877111,True,walking_dual_task,P09,27,0.875
2026-04-01T14:05:52.642258,1455.603335111294,90965.0,81.0,-2.7555187327602426,5.948895694724847,3.285897617601223,7.333441663139199,2.9239568258851723,True,walking_dual_task,P09,27,0.875
2026-04-01T14:05:52.699863,1505.0090049808987,90965.0,81.0,-2.8777886360785288,5.322679908654039,3.4616717147991856,6.9710659088099876,0.36237575432921165,True,walking_dual_task,P09,27,0.875
2026-04-01T14:05:52.700061,1433.0111391823714,91026.0,82.0,-3.2882519349864365,5.335177814918536,3.9712393889402455,7.419397912837097,0.44833200402710904,True,walking_dual_task,P09,27,0.875
2026-04-01T14:05:52.700555,1396.6833371524176,91026.0,81.0,-3.215499116404085,4.667409633855379,3.6929910542092452,6.764786041278096,0.654611871559001,True,walking_dual_task,P09,27,0.875
2026-04-01T14:05:52.760362,1487.2887145783934,91063.0,81.0,-2.991683516350914,5.114366420375822,3.573560328816809,6.919338665477133,0.15455262419903715,True,walking_dual_task,P09,27,0.875
2026-04-01T14:05:52.760871,1471.8367827314985,91063.0,81.0,-3.150470293095967,4.656603785832203,3.7279832409709304,6.745908458530038,0.17343020694709477,True,walking_dual_task,P09,27,0.875
2026-04-01T14:05:52.761058,1514.5815440789693,91063.0,81.0,-2.83209312183414,6.294849071219486,4.145588886092307,8.051818645043188,1.3059101865131497,True,walking_dual_task,P09,27,0.875
2026-04-01T14:05:52.761584,1410.3668880686355,91077.0,81.0,-3.0681483721475757,6.4949160340028484,3.989478684410726,8.216654361455557,0.1648357164123695,True,walking_dual_task,P09,27,0.875
2026-04-01T14:05:52.819709,1533.6811571544445,91077.0,83.0,-3.070436735928315,7.271541545624025,4.728112853820867,9.200975456849152,0.9843210953935948,True,walking_dual_task,P09,27,0.875
2026-04-01T14:05:52.820247,1488.3945490298397,91074.0,81.0,-2.851977529699342,7.804935169905263,5.10888321713572,9.754561833453364,0.553586376604212,True,walking_dual_task,P09,27,0.875
2026-04-01T14:05:52.820565,1392.7350370716583,91074.0,83.0,-2.9428032446299133,7.82692559342478,5.406530520244678,9.9574809790403,0.2029191455869359,True,walking_dual_task,P09,27,0.875
2026-04-01T14:05:52.879570,1560.4105215002396,91080.0,81.0,-3.4777049433003593,8.715464710278544,5.579376629365839,10.917105860120628,0.9596248810803285,True,walking_dual_task,P09,27,0.875
2026-04-01T14:05:52.880103,1525.888226972613,91080.0,82.0,-3.2574660754497806,8.757963732616165,5.655186203299318,10.922185906150528,0.005080046029899421,True,walking_dual_task,P09,27,0.875
2026-04-01T14:05:52.881434,1467.288119063415,90938.0,81.0,-3.778642146825044,9.094411871270724,6.493443786753185,11.79623990811462,0.8740540019640921,True,walking_dual_task,P09,27,0.875
2026-04-01T14:05:52.940765,1506.418868685288,90938.0,82.0,-4.241729940135492,9.521558170153888,7.09427486478673,12.608769913429736,0.8125300053151161,True,walking_dual_task,P09,27,0.875
2026-04-01T14:05:52.941306,1443.110301112925,90822.0,82.0,-3.7447821161237043,9.071979701471104,7.133075063689558,12.132805473812454,0.4759644396172824,True,walking_dual_task,P09,27,0.875
2026-04-01T14:05:52.941558,1550.4493519395844,90822.0,83.0,-4.056417390012869,9.442649437611013,6.7265810155112495,12.282713161262489,0.14990768745003535,True,walking_dual_task,P09,27,0.875
2026-04-01T14:05:52.999403,1504.6452025882645,90699.0,82.0,-4.136616223139435,9.67502024953429,6.793879489316817,12.524951461854,0.2422383005915112,True,walking_dual_task,P09,27,0.875
2026-04-01T14:05:52.999854,1373.4344679043943,90699.0,82.0,-5.513706493519344,8.344759475617169,6.209591914434499,11.772637841469098,0.7523136203849017,True,walking_dual_task,P09,27,0.875
2026-04-01T14:05:53.000564,1493.6418758470013,90575.0,82.0,-5.763213887938282,7.303912153281542,4.978020894295149,10.551893625554493,1.2207442159146051,True,walking_dual_task,P09,27,0.875
2026-04-01T14:05:53.060131,1427.714497991354,90575.0,82.0,-5.558778515037582,7.1833052282507595,5.068145537859103,10.401249529473816,0.15064409608067741,True,walking_dual_task,P09,27,0.875
2026-04-01T14:05:53.060835,1458.6971645468304,90614.0,83.0,-5.745866715223048,7.4813342357565,5.548842564817245,10.944176536648978,0.5429270071751624,True,walking_dual_task,P09,27,0.875
2026-04-01T14:05:53.060959,1499.6680379347108,90614.0,82.0,-5.357101343909429,7.716474249928412,5.816617645435561,11.048780497951654,0.10460396130267569,True,walking_dual_task,P09,27,0.875
2026-04-01T14:05:53.180061,1385.9259772993253,90675.0,82.0,-5.085580525398487,8.148243544619033,6.7621314673841635,11.746634587188161,0.6978540892365075,True,walking_dual_task,P09,27,0.875
2026-04-01T14:05:53.180123,1543.3042352776558,90675.0,82.0,-4.513818655566153,8.107146487679568,6.283318297801129,11.2062693105027,0.5403652766854616,True,walking_dual_task,P09,27,0.875
2026-04-01T14:05:53.180421,1436.9242368727078,90617.0,81.0,-4.5593571161157564,7.796920403018551,6.474421225548425,11.112957990072413,0.09331132043028667,True,walking_dual_task,P09,27,0.875
2026-04-01T14:05:53.180771,1550.8423015434603,90617.0,82.0,-4.716786329833609,7.980022879646593,5.946345777049519,11.013077069612422,0.09988092045999153,True,walking_dual_task,P09,27,0.875
2026-04-01T14:05:53.181700,1440.7611932180178,90515.0,82.0,-5.020106783306021,6.715684185076948,5.3518992095919335,9.947095623302237,1.0659814463101842,True,walking_dual_task,P09,27,0.875
2026-04-01T14:05:53.182266,1461.564186495797,90515.0,80.0,-4.900277071661908,6.421474903319993,5.136355765697842,9.572366784909644,0.37472883839259374,True,walking_dual_task,P09,27,0.875
2026-04-01T14:05:53.239920,1508.5295085578252,90565.0,81.0,-4.5850499934241515,6.466401642808418,4.678446307593007,9.204612620927882,0.3677541639817612,True,walking_dual_task,P09,27,0.875
2026-04-01T14:05:53.240384,1417.113474454339,90565.0,81.0,-4.717974154767168,6.880846396202494,4.167845481568108,9.326106540856774,0.12149391992889136,True,walking_dual_task,P09,27,0.875
2026-04-01T14:05:53.240784,1489.0651016490435,90605.0,83.0,-4.644963844874005,7.053310784304849,3.8833936435531666,9.295462781968789,0.030643758887984873,True,walking_dual_task,P09,27,0.875
2026-04-01T14:05:53.299690,1412.3395587237826,90605.0,83.0,-4.913967960274407,8.009009544351693,4.045336927725377,10.230154732697766,0.9346919507289773,True,walking_dual_task,P09,27,0.875
2026-04-01T14:05:53.300464,1448.8167901357983,90665.0,82.0,-4.730348997290669,8.010028053350762,4.155244392225976,10.188366258177043,0.04178847452072354,True,walking_dual_task,P09,27,0.875
2026-04-01T14:05:53.359748,1506.8139231745135,90665.0,81.0,-5.109877407355294,8.899455504955235,4.523091768660041,11.214700823053565,1.0263345648765227,True,walking_dual_task,P09,27,0.875
2026-04-01T14:05:53.360397,1517.7997326061536,90675.0,82.0,-4.519101779391594,8.600095867799867,5.051227277983845,10.949832274592005,0.2648685484615605,True,walking_dual_task,P09,27,0.875
2026-04-01T14:05:53.360755,1504.5896681733545,90675.0,83.0,-4.887096762101689,7.879273322105034,4.464261082362157,10.29059229870051,0.6592399758914951,True,walking_dual_task,P09,27,0.875
2026-04-01T14:05:53.361235,1422.238060580883,90720.0,80.0,-4.726135117139378,7.5015500104223705,4.6263535546377526,10.00063762551345,0.2899546731870597,True,walking_dual_task,P09,27,0.875
2026-04-01T14:05:53.419432,1403.4490132225708,90720.0,81.0,-4.363640835039932,7.365977494458806,4.750800493439444,9.791276276081994,0.20936134943145568,True,walking_dual_task,P09,27,0.875
2026-04-01T14:05:53.479658,1510.64178589756,90794.0,81.0,-4.608970491515161,7.715375776835785,4.649938673644759,10.118871579286846,0.327595303204852,True,walking_dual_task,P09,27,0.875
2026-04-01T14:05:53.480715,1343.602216860455,90794.0,81.0,-5.051453325043207,7.814260285797757,4.133002866636773,10.18143198204034,0.06256040275349406,True,walking_dual_task,P09,27,0.875
2026-04-01T14:05:53.481210,1464.3375193002505,90863.0,82.0,-4.791515208123995,7.473741040472981,4.349355785894551,9.885965753634194,0.29546622840614667,True,walking_dual_task,P09,27,0.875
2026-04-01T14:05:53.481494,1448.104143609188,90863.0,83.0,-4.871791640518288,7.851401825027186,4.438848745237756,10.25096300792091,0.3649972542867168,True,walking_dual_task,P09,27,0.875
2026-04-01T14:05:53.482064,1377.5901315236547,90909.0,82.0,-4.7962260447776135,7.771608110173606,4.618627864342322,10.233933761755477,0.017029246165433776,True,walking_dual_task,P09,27,0.875
2026-04-01T14:05:53.540104,1492.6979015012223,90909.0,83.0,-4.723639727290277,7.407138136018295,4.559921333034965,9.898047797558815,0.3358859641966614,True,walking_dual_task,P09,27,0.875
2026-04-01T14:05:53.540630,1469.6125943836425,90894.0,80.0,-4.862931264212355,7.736117588170055,4.522213921108515,10.195392810809974,0.29734501325115836,True,walking_dual_task,P09,27,0.875
2026-04-01T14:05:53.599714,1537.6215370754805,90894.0,81.0,-4.671903227935497,7.599568436477147,4.311948378988756,9.9082298628442,0.2871629479657738,True,walking_dual_task,P09,27,0.875
2026-04-01T14:05:53.600170,1347.423606662975,90730.0,81.0,-4.36725894695431,7.618043717650536,4.4006865009999006,9.822096643480453,0.08613321936374696,True,walking_dual_task,P09,27,0.875
2026-04-01T14:05:53.600877,1465.6443818965085,90730.0,83.0,-4.988168775726933,7.25152643833069,4.418187132039935,9.848189729826968,0.026093086346515193,True,walking_dual_task,P09,27,0.875
2026-04-01T14:05:53.659713,1472.8786204947921,90640.0,81.0,-4.5734379332878214,7.755357889283481,4.7326217255573315,10.171510159151628,0.3233204293246601,True,walking_dual_task,P09,27,0.875
2026-04-01T14:05:53.660204,1417.04415705771,90640.0,82.0,-4.781325227972713,9.443949564653613,7.063344375484038,12.725568281300898,2.5540581221492697,True,walking_dual_task,P09,27,0.875
2026-04-01T14:05:53.660550,1416.7065767676397,90527.0,81.0,-3.4072426097905804,10.92327252466432,7.737706160300371,13.813011310833321,1.0874430295324231,True,walking_dual_task,P09,27,0.875
2026-04-01T14:05:53.719498,1527.5371899155132,90527.0,82.0,-3.6754461864817043,10.595762536515643,7.648293819001326,13.57481074423232,0.23820056660100164,True,walking_dual_task,P09,27,0.875
2026-04-01T14:05:53.719872,1512.3806330706025,90283.0,81.0,-3.1396599854550047,8.399616274378863,5.596589834025933,10.570375402576769,3.004435341655551,True,walking_dual_task,P09,27,0.875
2026-04-01T14:05:53.720168,1519.4570706348936,90283.0,82.0,-3.6474895147152293,6.845214367884824,4.010442734243262,8.73182629390318,1.838549108673588,True,walking_dual_task,P09,27,0.875
2026-04-01T14:05:53.779545,1543.3708982435294,90297.0,83.0,-3.283683172942384,7.112595120772232,4.449175094304805,9.00925876818288,0.2774324742796992,True,walking_dual_task,P09,27,0.875
2026-04-01T14:05:53.780228,1528.5807936192007,90297.0,82.0,-3.729613500526687,7.749741868096251,4.478150488416762,9.696512140060578,0.6872533718776985,True,walking_dual_task,P09,27,0.875
2026-04-01T14:05:53.780248,1517.4332780638263,90397.0,82.0,-4.058625987029953,7.799103872782179,4.426390872758198,9.84334304387884,0.1468309038182607,True,walking_dual_task,P09,27,0.875
2026-04-01T14:05:53.780891,1447.1356824260456,90397.0,82.0,-3.3501107824588345,7.515332061723418,4.666955006233267,9.45959445657797,0.3837485873008699,True,walking_dual_task,P09,27,0.875
2026-04-01T14:05:53.899896,1541.517037663792,90397.0,81.0,-3.558104693606842,8.039630416708997,5.193500361699958,10.211180747343429,0.7515862907654594,True,walking_dual_task,P09,27,0.875
2026-04-01T14:05:53.900209,1526.434436959637,90397.0,82.0,-3.654559516574231,6.838913209437198,4.521798887606369,8.976257813050829,1.2349229342925998,True,walking_dual_task,P09,27,0.875
2026-04-01T14:05:53.900548,1551.7927278392856,90450.0,81.0,-4.081757752452296,5.625504754641163,3.90777621192693,7.973566643397215,1.0026911696536134,True,walking_dual_task,P09,27,0.875
2026-04-01T14:05:53.901551,1349.4799066554765,90450.0,82.0,-4.3174490470191405,5.960972589153937,3.840235533683302,8.301865419073893,0.32829877567667776,True,walking_dual_task,P09,27,0.875
2026-04-01T14:05:53.901611,1467.3762510139209,90597.0,82.0,-4.750001957215414,6.418194353500941,3.9462159213643595,8.906646812964528,0.6047813938906348,True,walking_dual_task,P09,27,0.875
2026-04-01T14:05:53.902050,1510.5600593309769,90597.0,80.0,-4.395084084190167,5.858341629343365,3.6797360746851426,8.196181326235921,0.7104654867286069,True,walking_dual_task,P09,27,0.875
2026-04-01T14:05:53.961521,1494.2376756639844,90792.0,82.0,-4.345463521098898,6.249390675697479,3.541708676014665,8.395334262341994,0.19915293610607243,True,walking_dual_task,P09,27,0.875
2026-04-01T14:05:53.961898,1433.456197155897,90792.0,82.0,-4.5569654891304205,6.749221052790675,3.3493595499471556,8.805460163068183,0.4101259007261895,True,walking_dual_task,P09,27,0.875
2026-04-01T14:05:53.961919,1435.5386868657167,90959.0,82.0,-4.621052010895911,6.823541094266659,3.5296790207467716,8.965125138114407,0.15966497504622446,True,walking_dual_task,P09,27,0.875
2026-04-01T14:05:54.019652,1400.1135155595612,90959.0,81.0,-4.71223119564411,6.413137155220532,3.3354165879092106,8.628931267994407,0.3361938701200007,True,walking_dual_task,P09,27,0.875
2026-04-01T14:05:54.020088,1412.5287440680488,91171.0,81.0,-4.603006117410046,6.290397356270179,3.212702053480568,8.43078992153899,0.19814134645541692,True,walking_dual_task,P09,27,0.875
2026-04-01T14:05:54.020583,1398.5273446107333,91171.0,83.0,-4.319668761360255,5.660164459105198,3.2459879201956836,7.825179709760382,0.6056102117786075,True,walking_dual_task,P09,27,0.875
2026-04-01T14:05:54.079545,1436.9435417686511,91401.0,81.0,-4.386835198752998,5.244081865958563,3.3002506195042223,7.5918622109092375,0.23331749885114483,True,walking_dual_task,P09,27,0.875
2026-04-01T14:05:54.080149,1471.383933200279,91401.0,82.0,-4.339315375432625,5.166442253766218,3.372655016623564,7.542982523519661,0.04887968738957671,True,walking_dual_task,P09,27,0.875
2026-04-01T14:05:54.080384,1260.4720078129121,91588.0,82.0,-4.155457356776753,5.585360237484906,3.9935813669714975,8.025756472824815,0.4827739493051544,True,walking_dual_task,P09,27,0.875
2026-04-01T14:05:54.139624,1507.3739789770063,91588.0,81.0,-4.074812433566186,5.607708973072853,3.672117772313099,7.8444212807042115,0.18133519212060367,True,walking_dual_task,P09,27,0.875
2026-04-01T14:05:54.140144,1463.5902704906127,91741.0,81.0,-4.096446569336066,6.135802331407708,4.199355854563734,8.4890243455177,0.6446030648134888,True,walking_dual_task,P09,27,0.875
2026-04-01T14:05:54.140426,1486.2739214461963,91741.0,82.0,-3.6341516315273292,6.0019285166888805,4.24837854199365,8.202373085665393,0.28665125985230766,True,walking_dual_task,P09,27,0.875
2026-04-01T14:05:54.200792,1444.873058500765,91830.0,78.0,-3.5067442466319663,5.697784465141789,4.2420310485925565,7.9219208806779156,0.28045220498747714,True,walking_dual_task,P09,27,0.875
2026-04-01T14:05:54.201445,1367.1509287747858,91830.0,76.0,-3.6124678895371884,6.395580044002136,4.613680977376678,8.674065973531851,0.7521450928539357,True,walking_dual_task,P09,27,0.875
2026-04-01T14:05:54.201913,1372.1832090037844,91727.0,77.0,-3.102952810303562,6.055573069574189,4.501428141238546,8.158500882800544,0.5155650907313074,True,walking_dual_task,P09,27,0.875
2026-04-01T14:05:54.259623,1552.365502965762,91727.0,78.0,-3.148167031760704,7.25531993012791,5.227873016980704,9.480573781689122,1.3220728988885782,True,walking_dual_task,P09,27,0.875
2026-04-01T14:05:54.259942,1419.0207785866294,91616.0,77.0,-3.5772130233516313,8.088441312453442,5.492074703742752,10.410678192650616,0.9301044109614942,True,walking_dual_task,P09,27,0.875
2026-04-01T14:05:54.260405,1534.7960392831496,91616.0,79.0,-3.6489765222384474,8.057873876880361,5.70007899024036,10.523082322710295,0.11240413005967831,True,walking_dual_task,P09,27,0.875
2026-04-01T14:05:54.320378,1371.987745863766,91561.0,79.0,-4.160244053104712,7.437390111247854,5.92690529601242,10.380299062945179,0.14278325976511574,True,walking_dual_task,P09,27,0.875
2026-04-01T14:05:54.320899,1510.0414288180245,91561.0,78.0,-3.8108571743231736,7.0403088027147085,5.980243060600277,9.99259163102998,0.3877074319151994,True,walking_dual_task,P09,27,0.875
2026-04-01T14:05:54.321182,1403.136630504493,91581.0,77.0,-3.7018089109032286,8.643097857291938,6.171268275595333,11.24682541488648,1.2542337838565008,True,walking_dual_task,P09,27,0.875
2026-04-01T14:05:54.399406,1370.3413451430704,91581.0,77.0,-3.021579571815865,8.239412408222908,6.432461689697078,10.880920150934532,0.365905263951948,True,walking_dual_task,P09,27,0.875
2026-04-01T14:05:54.400077,1483.6466604798177,91575.0,78.0,-3.399688829023203,8.591143148438228,6.252893305093747,11.156356906088496,0.2754367551539634,True,walking_dual_task,P09,27,0.875
2026-04-01T14:05:54.400100,1427.0743057339068,91575.0,78.0,-3.1864883717337253,8.644515145766388,6.115108045295377,11.057843218919999,0.09851368716849684,True,walking_dual_task,P09,27,0.875
