timestamp,gsr_filtered,ppg_ir,hr_bpm_avg,imu_ax_mps2,imu_ay_mps2,imu_az_mps2,svm,jerk,hr_valid_flag,label,patient_id,day,progression
2026-04-03T17:25:10.530006,1214.0492120422598,92138,67,-3.447800734576767,8.66278764094862,-2.317837427121258,9.607475732786648,,True,walking_dual_task,P10,12,0.34
2026-04-03T17:25:10.532208,1162.518465538373,92138,67,-3.4788409236126454,8.597400506735754,-2.345551534274555,9.566568958877577,0.0409067739090716,True,walking_dual_task,P10,12,0.34
2026-04-03T17:25:10.574184,1163.6196611650053,92144,69,-3.6030887322412393,8.576214056388979,-2.4008830438614277,9.607181446382128,0.04061248750455171,True,walking_dual_task,P10,12,0.34
2026-04-03T17:25:10.574552,1118.0756152972779,92144,67,-3.4854209937135474,8.651527502674202,-2.430692869338222,9.638742420979977,0.03156097459784846,True,walking_dual_task,P10,12,0.34
2026-04-03T17:25:10.575363,1155.7032024029304,92160,66,-3.553426325434092,8.579045866704204,-2.406032159853971,9.592489634477282,0.04625278650269493,True,walking_dual_task,P10,12,0.34
2026-04-03T17:25:10.634741,1111.637126300321,92160,69,-3.633004354833246,8.528094058367685,-2.4681890132605546,9.59265687470284,0.00016724022555791862,True,walking_dual_task,P10,12,0.34
2026-04-03T17:25:10.642739,1151.5534212997634,92175,68,-3.6401553557766415,8.61171673659184,-2.341867771876217,9.638295535333924,0.04563866063108435,True,walking_dual_task,P10,12,0.34
2026-04-03T17:25:10.642805,1186.550489779959,92175,67,-3.648782090844316,8.711569728141525,-2.4961488297758483,9.769125695533319,0.13083016019939464,True,walking_dual_task,P10,12,0.34
2026-04-03T17:25:10.690648,1140.8136542284346,92194,68,-3.6930206701897204,8.66499792594925,-2.419481466642824,9.72494119748708,0.044184498046238474,True,walking_dual_task,P10,12,0.34
2026-04-03T17:25:10.691527,1096.9444346346281,92194,68,-3.6609361158294167,8.707325974401218,-2.359102771802691,9.735776535880095,0.010835338393015093,True,walking_dual_task,P10,12,0.34
2026-04-03T17:25:10.693893,1207.2104808882682,92202,69,-3.664983351452635,8.563173375235321,-2.5019262810502854,9.64467087756623,0.09110565831386452,True,walking_dual_task,P10,12,0.34
2026-04-03T17:25:10.740607,1183.6505406877025,92202,67,-3.5228447007054107,8.695119813098955,-2.3841452613169727,9.679860121742172,0.035189244175940715,True,walking_dual_task,P10,12,0.34
2026-04-03T17:25:10.741038,1286.6535875856282,92227,68,-3.719538017673761,8.447059489655134,-2.27046865194098,9.504883217911727,0.17497690383044429,True,walking_dual_task,P10,12,0.34
2026-04-03T17:25:10.784747,1172.2468735376008,92227,67,-3.6223782268978506,8.563300167078435,-2.354572408351132,9.591441236662904,0.08655801875117675,True,walking_dual_task,P10,12,0.34
2026-04-03T17:25:10.785403,1136.6424091172698,92239,66,-3.4532764054563594,8.667660761009646,-2.4896048601808007,9.656686458628746,0.06524522196584215,True,walking_dual_task,P10,12,0.34
2026-04-03T17:25:10.798809,1164.1193743333497,92239,69,-3.5898346378585098,8.69937856632748,-2.4124244792281786,9.715240194427828,0.05855373579908196,True,walking_dual_task,P10,12,0.34
2026-04-03T17:25:10.844420,1069.6428211222367,92249,67,-3.684971363914518,8.532457178094795,-2.2309221635312495,9.55818252329523,0.1570576711325984,True,walking_dual_task,P10,12,0.34
2026-04-03T17:25:10.844897,1190.5212484631104,92249,69,-3.4761631981100507,8.545184235985564,-2.3355002241068044,9.516220126900903,0.04196239639432697,True,walking_dual_task,P10,12,0.34
2026-04-03T17:25:10.874318,1170.4483623563847,92205,69,-3.632373826985551,8.592086197307772,-2.3611486287718813,9.622531251603588,0.10631112470268533,True,walking_dual_task,P10,12,0.34
2026-04-03T17:25:10.874750,1180.215524553766,92205,68,-3.565854913800117,8.447787520177666,-2.427088077868484,9.485314533006973,0.13721671859661555,True,walking_dual_task,P10,12,0.34
2026-04-03T17:25:10.903932,1207.3708040389783,92127,67,-3.7106760592698222,8.793798892583055,-2.37137195898581,9.834806594331043,0.34949206132407085,True,walking_dual_task,P10,12,0.34
2026-04-03T17:25:10.949472,1153.974794939395,92127,69,-3.6125612687955346,8.387672190508045,-2.483394251841236,9.464189912839965,0.37061668149107874,True,walking_dual_task,P10,12,0.34
2026-04-03T17:25:10.949755,1237.0808440373737,92102,68,-3.68277693436144,8.769059276037792,-2.12210365453953,9.744874060527366,0.2806841476874009,True,walking_dual_task,P10,12,0.34
2026-04-03T17:25:10.996281,1246.1752753310218,92102,69,-3.6949695248809857,8.654729489476656,-2.0715517175897475,9.635791033665326,0.10908302686203974,True,walking_dual_task,P10,12,0.34
2026-04-03T17:25:10.996370,1201.1298184681991,92108,67,-3.5201887691219067,8.550557604600797,-1.928631924173557,9.445813115809031,0.1899779178562948,True,walking_dual_task,P10,12,0.34
2026-04-03T17:25:11.039293,1144.1689029927747,92125,68,-3.5614383521454838,8.76089931533495,-2.3536836734869033,9.745615772459322,0.29980265665029115,True,walking_dual_task,P10,12,0.34
2026-04-03T17:25:11.040081,1125.3735271146634,92125,67,-3.564193752127292,8.743939564877106,-2.050974744174706,9.662631816341186,0.08298395611813625,True,walking_dual_task,P10,12,0.34
2026-04-03T17:25:11.040518,1176.6386685964596,92132,70,-3.588956478138557,9.019018372903574,-2.0915860229144614,9.929654228823685,0.2670224124824987,True,walking_dual_task,P10,12,0.34
2026-04-03T17:25:11.084794,1134.9669994849935,92132,69,-3.5663114717841453,8.52002014101636,-2.203249454715868,9.49545306327241,0.43420116555127386,True,walking_dual_task,P10,12,0.34
2026-04-03T17:25:11.099667,1183.2056562561556,92138,69,-3.733109729177518,8.645988120640531,-2.253642203708557,9.683394137112947,0.18794107384053582,True,walking_dual_task,P10,12,0.34
2026-04-03T17:25:11.099711,1271.442708729554,92138,67,-3.5899743297444378,8.728942804751734,-2.153804071071388,9.68097258303187,0.0024215540810761382,True,walking_dual_task,P10,12,0.34
2026-04-03T17:25:11.144546,1223.559143338916,92138,67,-3.6759983676513297,8.800453468103104,-2.2726216274996482,9.804374243418208,0.12340166038633704,True,walking_dual_task,P10,12,0.34
2026-04-03T17:25:11.145090,1232.2559778681596,92134,67,-3.5645877560718535,8.837377332774489,-2.2439857913690924,9.78984148106802,0.014532762350187411,True,walking_dual_task,P10,12,0.34
2026-04-03T17:25:11.189286,1138.2198632152297,92143,67,-3.5020611427385995,8.808171975772428,-2.2609082394425375,9.744743807275874,0.0450976737921458,True,walking_dual_task,P10,12,0.34
2026-04-03T17:25:11.189963,1133.9295365345124,92143,68,-3.7923378804577075,8.747027577917155,-2.332528546161371,9.814937975711073,0.07019416843519899,True,walking_dual_task,P10,12,0.34
2026-04-03T17:25:11.204230,1233.872097887885,92159,67,-3.70014231156882,8.777988106430806,-2.2833459806314482,9.795805081246174,0.019132894464899408,True,walking_dual_task,P10,12,0.34
2026-04-03T17:25:11.249831,1231.950221162909,92159,68,-3.4894691273420047,8.720264860920707,-2.205638726038546,9.648018253770168,0.1477868274760059,True,walking_dual_task,P10,12,0.34
2026-04-03T17:25:11.249870,1201.9914744464668,92159,68,-3.6508885016514974,8.887269738695506,-1.9684823153333662,9.807521240639973,0.15950298686980524,True,walking_dual_task,P10,12,0.34
2026-04-03T17:25:11.294879,1136.3323697156382,92176,67,-3.6166872781815442,8.738328038210545,-2.368265128107861,9.749229892076016,0.0582913485639569,True,walking_dual_task,P10,12,0.34
2026-04-03T17:25:11.295468,1243.112702485726,92176,68,-3.6642284594813295,8.886804658263006,-2.3297350823538494,9.890881294978131,0.14165140290211475,True,walking_dual_task,P10,12,0.34
2026-04-03T17:25:11.295506,1114.904603616472,92188,68,-3.387681835098173,8.735026366606506,-2.1909734300579577,9.621717019970236,0.2691642750078955,True,walking_dual_task,P10,12,0.34
2026-04-03T17:25:11.355215,1173.2213767222572,92188,67,-3.658163409956431,8.745496989196264,-2.2767280170779682,9.74932651959779,0.12760949962755497,True,walking_dual_task,P10,12,0.34
2026-04-03T17:25:11.355794,1193.9447224018904,92202,67,-3.6119836830342273,8.715922161850598,-2.148813188312162,9.676317655813506,0.07300886378428473,True,walking_dual_task,P10,12,0.34
2026-04-03T17:25:11.356239,1060.2939431667778,92202,68,-3.8371955983052786,8.859321612437835,-2.123291996735048,9.885343615457211,0.2090259596437054,True,walking_dual_task,P10,12,0.34
2026-04-03T17:25:11.399471,1188.4718254551315,92213,67,-3.5777298738013106,8.710648255127484,-2.2548573833595693,9.682970922900523,0.202372692556688,True,walking_dual_task,P10,12,0.34
2026-04-03T17:25:11.399889,1174.7918131052588,92213,67,-3.601627180335677,8.838786127294926,-2.3129718980919183,9.820677041403862,0.13770611850333836,True,walking_dual_task,P10,12,0.34
2026-04-03T17:25:11.414486,1164.3279610951363,92226,67,-3.5673276406472,8.719723457108106,-2.214571396785531,9.678002383530782,0.14267465787307998,True,walking_dual_task,P10,12,0.34
2026-04-03T17:25:11.459503,1222.8177360834043,92226,68,-3.7881029778869943,8.6109422909367,-2.352863922828385,9.697114000993588,0.019111617462806763,True,walking_dual_task,P10,12,0.34
2026-04-03T17:25:11.460014,1258.6448047128563,92222,68,-3.582000612465627,8.824930692433263,-2.140296361955045,9.761710845489779,0.06459684449619019,True,walking_dual_task,P10,12,0.34
2026-04-03T17:25:11.474432,1191.9470381977821,92222,67,-3.747005696278398,8.647593438529812,-2.0840866221131447,9.652167684749244,0.10954316074053416,True,walking_dual_task,P10,12,0.34
2026-04-03T17:25:11.505174,1175.8657746542572,92149,68,-3.6145558901540262,8.774450144134084,-2.1996335610982,9.741374513796877,0.08920682904763311,True,walking_dual_task,P10,12,0.34
2026-04-03T17:25:11.519369,1293.4691152527087,92149,68,-3.4449989244540933,8.756100200336896,-2.159790536491187,9.654118471893048,0.08725604190382974,True,walking_dual_task,P10,12,0.34
2026-04-03T17:25:11.534371,1140.7136457064448,92079,69,-3.3956849250639447,8.595627824971059,-2.161278050407722,9.49139697973367,0.1627214921593776,True,walking_dual_task,P10,12,0.34
2026-04-03T17:25:11.564853,1090.8977797486295,92079,69,-3.5042255980412875,8.737538449818352,-2.281520326700167,9.68656338466682,0.19516640493315052,True,walking_dual_task,P10,12,0.34
2026-04-03T17:25:11.579340,1100.2455402396802,92075,67,-3.730855954405214,8.649995566956843,-2.2081262053673583,9.675615267243934,0.010948117422886483,True,walking_dual_task,P10,12,0.34
2026-04-03T17:25:11.609642,1200.8143834354796,92075,68,-3.6568757542181114,8.814313969773087,-2.1556278422883213,9.78323067467868,0.1076154074347464,True,walking_dual_task,P10,12,0.34
2026-04-03T17:25:11.654396,1213.504984872079,92082,68,-3.421551846120247,8.659503090953214,-2.2036787732420517,9.568187443479289,0.21504323119939173,True,walking_dual_task,P10,12,0.34
2026-04-03T17:25:11.654855,1195.8779402718922,92082,70,-3.4681696392324195,8.751774515889585,-2.0848542515929225,9.64201094553688,0.07382350205759103,True,walking_dual_task,P10,12,0.34
2026-04-03T17:25:11.655297,1156.7435650642772,92097,68,-3.4784820798600795,8.829290716399102,-2.2059171897555925,9.74280671996824,0.10079577443135967,True,walking_dual_task,P10,12,0.34
2026-04-03T17:25:11.684179,1147.0493689754428,92097,69,-3.6442147175586292,8.751531968619153,-2.0456143673764644,9.698151929385874,0.04465479058236532,True,walking_dual_task,P10,12,0.34
2026-04-03T17:25:11.699013,1219.7704688771255,92105,67,-3.5049477780839324,8.65213604586974,-2.3011458843364756,9.614540522788007,0.0836114065978677,True,walking_dual_task,P10,12,0.34
2026-04-03T17:25:11.714224,1078.7411883680854,92105,69,-3.339213150372563,8.802239218820823,-2.2552107768611456,9.680688786291972,0.06614826350396541,True,walking_dual_task,P10,12,0.34
2026-04-03T17:25:11.774573,1275.4302814777652,92105,69,-3.4284325420468282,8.946184932201366,-2.3081218012670393,9.85473494245262,0.17404615616064767,True,walking_dual_task,P10,12,0.34
2026-04-03T17:25:11.775076,1222.6610607499076,92105,70,-3.6932373387087796,9.036757805843374,-1.960885855315721,9.95731223870584,0.1025772962532212,True,walking_dual_task,P10,12,0.34
2026-04-03T17:25:11.775533,1186.3261657333642,92107,67,-3.5275965769007667,9.000124576577614,-2.0937398054217518,9.890901191301321,0.06641104740451986,True,walking_dual_task,P10,12,0.34
2026-04-03T17:25:11.894487,1179.4223454510998,92107,68,-3.5888571490846077,8.895374551153514,-2.335856969479605,9.872376199462403,0.01852499183891787,True,walking_dual_task,P10,12,0.34
2026-04-03T17:25:11.894909,1159.9470615522544,92124,69,-3.590231683946823,8.636727352295877,-1.9495521022931148,9.554243889595183,0.3181323098672202,True,walking_dual_task,P10,12,0.34
2026-04-03T17:25:11.895284,1218.6175152137396,92124,68,-3.4912977846403157,8.605519303050988,-2.2805780015882915,9.562696205440492,0.008452315845309144,True,walking_dual_task,P10,12,0.34
2026-04-03T17:25:11.896239,1182.3915835344344,92138,69,-3.677202469291367,8.820859541635313,-2.1355552227456323,9.792342782134284,0.22964657669379207,True,walking_dual_task,P10,12,0.34
2026-04-03T17:25:11.896889,1137.229675434736,92138,68,-3.6735341107267008,8.848476317801627,-2.0701003679180467,9.801821338028116,0.009478555893831953,True,walking_dual_task,P10,12,0.34
2026-04-03T17:25:11.953874,1072.3161730464428,92156,68,-3.5249514098441943,8.873686960287479,-2.2747928614496438,9.81541060136767,0.013589263339554236,True,walking_dual_task,P10,12,0.34
2026-04-03T17:25:11.954575,1258.073295406466,92171,68,-3.5365728878482203,8.937234288539434,-2.2163461469361714,9.863756625259308,0.04834602389163756,True,walking_dual_task,P10,12,0.34
2026-04-03T17:25:11.955409,1115.654219276812,92171,68,-3.757502777408088,8.949541823461054,-2.099571361508739,9.93082704885025,0.06707042359094295,True,walking_dual_task,P10,12,0.34
2026-04-03T17:25:12.016395,1206.7847503070989,92188,69,-3.5018451576937646,8.952968670087227,-2.215107976355264,9.86535710772496,0.06546994112528992,True,walking_dual_task,P10,12,0.34
2026-04-03T17:25:12.022244,1157.4624201410923,92188,68,-3.7401444274978886,9.077288034861805,-2.1325533449662006,10.046572658151401,0.18121555042644033,True,walking_dual_task,P10,12,0.34
2026-04-03T17:25:12.022782,1181.2966926554734,92202,68,-3.3095767242335734,8.97149667207995,-2.397988276565493,9.858569795121186,0.1880028630302153,True,walking_dual_task,P10,12,0.34
2026-04-03T17:25:12.079677,1193.4689681650243,92202,69,-3.3774469855738976,9.079603273889962,-2.3190862007962383,9.961149760861899,0.10257996574071271,True,walking_dual_task,P10,12,0.34
2026-04-03T17:25:12.079718,1264.125015073995,92202,68,-3.443205319272153,8.885677213311515,-2.0567111019384328,9.748896499946255,0.21225326091564334,True,walking_dual_task,P10,12,0.34
2026-04-03T17:25:12.079729,1193.9204758360302,92215,68,-3.604311465853582,8.854874755986703,-2.109473305262155,9.790288336545958,0.04139183659970236,True,walking_dual_task,P10,12,0.34
2026-04-03T17:25:12.080086,1093.6309378117435,92215,66,-3.5747328488723475,8.891088650701825,-2.1879884592532353,9.82941838733458,0.039130050788623194,True,walking_dual_task,P10,12,0.34
2026-04-03T17:25:12.134409,1210.2817862799595,92190,67,-3.3879911806070564,8.691485312947394,-2.053587559704021,9.551838726152289,0.27757966118229227,True,walking_dual_task,P10,12,0.34
2026-04-03T17:25:12.195648,1209.6591208636294,92190,68,-3.3029184373844083,8.51064678695034,-2.0545828045409884,9.35744032505458,0.19439840109770934,True,walking_dual_task,P10,12,0.34
2026-04-03T17:25:12.195701,1228.8922762290167,92102,68,-3.5856972590739318,8.537312265820988,-1.7773478468375286,9.428779927780996,0.07133960272641637,True,walking_dual_task,P10,12,0.34
2026-04-03T17:25:12.196179,1169.1226493789084,92102,69,-3.6619864010211534,8.29829438314304,-1.3316251117822764,9.167609258083393,0.26117066969760216,True,walking_dual_task,P10,12,0.34
2026-04-03T17:25:12.197255,1105.723744938515,92068,67,-3.79276241447565,8.490248251729133,-1.4832931579442439,9.416449474247338,0.24884021616394492,True,walking_dual_task,P10,12,0.34
2026-04-03T17:25:12.197429,1122.6537447404353,92068,69,-3.6588205959142512,7.852464408839908,-1.3566905150839776,8.768624441661453,0.6478250325858852,True,walking_dual_task,P10,12,0.34
2026-04-03T17:25:12.254375,1141.147121368317,92075,69,-3.6027159435532057,8.017231906895013,-1.1979880312259055,8.870780402074466,0.10215596041301289,True,walking_dual_task,P10,12,0.34
2026-04-03T17:25:12.254842,1159.308653306017,92075,67,-4.09019208860314,8.186204512640423,-1.001988053757417,9.205845735418269,0.3350653333438025,True,walking_dual_task,P10,12,0.34
2026-04-03T17:25:12.255462,1174.6847272923383,92078,70,-3.613244149389151,8.59148431547202,-0.9406173557655578,9.367705003684948,0.16185926826667973,True,walking_dual_task,P10,12,0.34
2026-04-03T17:25:12.331545,1203.6595732601834,92078,68,-3.863580656818394,8.684484156989352,-1.0494005926234398,9.562884615456715,0.19517961177176701,True,walking_dual_task,P10,12,0.34
2026-04-03T17:25:12.331663,1180.8983643316767,92092,68,-3.7726895878546878,8.445238734063016,-1.1218457217009823,9.317391363730746,0.24549325172596959,True,walking_dual_task,P10,12,0.34
2026-04-03T17:25:12.332099,1185.3108402688467,92092,68,-3.860897451430943,8.559626914011224,-1.1393542625898265,9.458957139833803,0.14156577610305732,True,walking_dual_task,P10,12,0.34
2026-04-03T17:25:12.377753,1198.3737441361654,92093,69,-3.7981973983255974,8.908759049605372,-1.4419291488059554,9.791396782418186,0.33243964258438297,True,walking_dual_task,P10,12,0.34
2026-04-03T17:25:12.380260,1153.30172244731,92093,70,-3.5969746148951476,8.708644515602458,-1.759687757448732,9.585156059399754,0.206240723018432,True,walking_dual_task,P10,12,0.34
2026-04-03T17:25:12.380302,1241.9896333341314,92079,69,-3.6080975545648917,8.998707611769508,-1.9261737871637377,9.884596709210362,0.2994406498106077,True,walking_dual_task,P10,12,0.34
2026-04-03T17:25:12.477233,1129.1565264027045,92079,68,-3.4879257462811784,8.911954250830673,-1.7705084771069752,9.732587263825467,0.1520094453848948,True,walking_dual_task,P10,12,0.34
2026-04-03T17:25:12.477596,1217.5923002640654,92085,68,-3.3823202678114703,9.243504657747817,-1.6920810557210277,9.987272252771715,0.2546849889462486,True,walking_dual_task,P10,12,0.34
2026-04-03T17:25:12.477951,1128.6302503428064,92085,67,-3.468706997691743,9.136464452553064,-2.0312340687691313,9.981624255136527,0.005647997635188418,True,walking_dual_task,P10,12,0.34
2026-04-03T17:25:12.494009,1160.2036908903747,92087,68,-3.307526506678497,9.458354080920726,-2.160158187730567,10.25019399369934,0.2685697385628121,True,walking_dual_task,P10,12,0.34
2026-04-03T17:25:12.494432,1227.0416745972598,92087,66,-3.075079798927118,9.330627114928898,-2.1934158612468475,10.066170635747502,0.18402335795183689,True,walking_dual_task,P10,12,0.34
2026-04-03T17:25:12.495235,1152.3937545055005,92098,68,-3.534507567662773,9.1367466871964,-2.071613533217264,10.013214588875478,0.05295604687202449,True,walking_dual_task,P10,12,0.34
2026-04-03T17:25:12.570404,1120.567563225739,92098,69,-3.296592165218836,8.931454204273257,-2.0763785618229456,9.74421582472446,0.26899876415101787,True,walking_dual_task,P10,12,0.34
2026-04-03T17:25:12.617517,1292.8291932751574,92106,67,-3.9802578216001816,8.46291359307435,-2.003245596899523,9.56432704019208,0.17988878453238044,True,walking_dual_task,P10,12,0.34
2026-04-03T17:25:12.617548,1124.6714097839592,92106,68,-3.9648457137639683,8.267393644246454,-1.9619844008046006,9.376522915872373,0.1878041243197064,True,walking_dual_task,P10,12,0.34
2026-04-03T17:25:12.617561,1195.16557616611,92112,67,-3.789682303646377,8.783212784431925,-1.8721847225707986,9.747389107581908,0.37086619170953483,True,walking_dual_task,P10,12,0.34
2026-04-03T17:25:12.617619,1272.7301703968587,92112,67,-3.823943058013246,8.875869312233629,-1.944722842718637,9.858272845370532,0.11088373778862426,True,walking_dual_task,P10,12,0.34
2026-04-03T17:25:12.618740,1154.7762188556112,92112,66,-3.8042807986271074,8.742997455177592,-2.203582130597057,9.786129526137053,0.07214331923347927,True,walking_dual_task,P10,12,0.34
2026-04-03T17:25:12.676907,1205.3953844652858,92112,69,-4.150778092609296,8.555303913675134,-2.0536922944754754,9.728300769909321,0.05782875622773176,True,walking_dual_task,P10,12,0.34
2026-04-03T17:25:12.676953,1086.424091673039,92125,68,-4.280906308635403,8.782672846210106,-2.0264551485452413,9.978377704613923,0.2500769347046017,True,walking_dual_task,P10,12,0.34
2026-04-03T17:25:12.676966,1180.2649119244682,92125,69,-4.128871989430617,8.831844883701484,-2.213009017482901,9.99732348512988,0.0189457805159563,True,walking_dual_task,P10,12,0.34
2026-04-03T17:25:12.736803,1192.947894825908,92118,68,-4.118931239468924,8.733986665506512,-2.3250707177504677,9.932475596308265,0.06484788882161396,True,walking_dual_task,P10,12,0.34
2026-04-03T17:25:12.736853,1218.6621519837013,92118,69,-4.148124808182502,8.676599572725133,-2.362331257854675,9.903076720974665,0.02939887533359986,True,walking_dual_task,P10,12,0.34
2026-04-03T17:25:12.736866,1232.695509708526,92038,67,-4.239660229734947,8.71022711857121,-2.325429135785348,9.96244929654595,0.059372575571284614,True,walking_dual_task,P10,12,0.34
2026-04-03T17:25:12.798158,1198.6309279501688,92038,68,-4.129242238306032,8.856376026400394,-2.26908849677946,10.03168980729703,0.0692405107510794,True,walking_dual_task,P10,12,0.34
2026-04-03T17:25:12.798203,1099.2734989526725,91963,67,-4.107983998901722,8.730900543249582,-2.2986033902616834,9.919059147775606,0.11263065952142348,True,walking_dual_task,P10,12,0.34
2026-04-03T17:25:12.798216,1170.467124187924,91963,70,-4.163093884722853,8.752608718282945,-2.2520686939180186,9.950443380598928,0.03138423282332248,True,walking_dual_task,P10,12,0.34
2026-04-03T17:25:12.921990,1245.3375033024724,91952,68,-4.05210021797539,8.766100641966338,-2.2878074762323397,9.924620883938259,0.025822496660669714,True,walking_dual_task,P10,12,0.34
2026-04-03T17:25:12.922640,1123.2000344453672,91952,69,-4.048527183782997,8.84795551523206,-2.2098598786031474,9.97799427943388,0.05337339549562081,True,walking_dual_task,P10,12,0.34
2026-04-03T17:25:12.922701,1288.1850334261176,91949,69,-4.18952177780686,8.612448524374576,-2.1359193604558278,9.812671085188263,0.16532319424561592,True,walking_dual_task,P10,12,0.34
2026-04-03T17:25:12.922709,1165.5558147819754,91949,69,-4.194658723571671,8.78025236065013,-2.3053470234554085,10.000130910267766,0.1874598250795021,True,walking_dual_task,P10,12,0.34
2026-04-03T17:25:12.922714,1332.677877306739,91957,66,-4.2374882974347186,8.785692848706013,-2.3735616665805983,10.038849579895151,0.03871866962738579,True,walking_dual_task,P10,12,0.34
2026-04-03T17:25:12.975952,1165.1085986395938,91955,67,-4.3640679961259226,8.887758824952954,-2.175680001663839,10.137599808385593,0.09875022849044157,True,walking_dual_task,P10,12,0.34
2026-04-03T17:25:12.975983,1198.407739798934,91955,68,-5.0618510539289066,8.58223542119153,-1.398915708467381,10.061514104562619,0.07608570382297408,True,walking_dual_task,P10,12,0.34
2026-04-03T17:25:12.975996,1140.6744921531308,91948,67,-4.516086990301724,8.268493960001082,-1.1283461827633776,9.488740652937224,0.5727734516253946,True,walking_dual_task,P10,12,0.34
2026-04-03T17:25:13.035261,1258.3581838688874,91948,68,-4.6684533524369485,8.142184866124836,-1.084368836674529,9.448041430475577,0.040699222461647366,True,walking_dual_task,P10,12,0.34
2026-04-03T17:25:13.035922,1253.0580884911662,91954,68,-4.509472723050924,8.199420380537054,-0.6648810633271633,9.38125288248205,0.06678854799352685,True,walking_dual_task,P10,12,0.34
2026-04-03T17:25:13.036594,1160.247007742022,91954,69,-4.469169743435666,8.022450995701616,-0.5156851545505287,9.197778500958723,0.18347438152332707,True,walking_dual_task,P10,12,0.34
2026-04-03T17:25:13.095384,1075.6268741748574,91978,67,-4.517044763178047,7.772240553138658,-0.08177175106331487,8.989888944123798,0.2078895568349246,True,walking_dual_task,P10,12,0.34
2026-04-03T17:25:13.095908,1142.042076291774,91978,68,-4.305082929735939,8.249220207255972,-0.2903097891626743,9.309546328011248,0.31965738388744924,True,walking_dual_task,P10,12,0.34
2026-04-03T17:25:13.096366,1180.962247972394,91978,68,-4.17443838939641,8.19687292691526,-0.3604415786208334,9.205681929029566,0.1038643989816812,True,walking_dual_task,P10,12,0.34
2026-04-03T17:25:13.096393,1206.875718565944,92006,69,-4.939165976008354,8.291065766239269,-0.5132518581693482,9.66439649168936,0.45871456265979305,True,walking_dual_task,P10,12,0.34
2026-04-03T17:25:13.156164,1148.8027085255105,92006,69,-5.087497629276881,8.29525705124144,-0.5942406268678949,9.74920733171108,0.08481084002172068,True,walking_dual_task,P10,12,0.34
2026-04-03T17:25:13.156784,1133.5784271269258,92029,69,-4.539939321816556,8.871858660883374,-1.1643299673298129,10.033772441972648,0.2845651102615676,True,walking_dual_task,P10,12,0.34
2026-04-03T17:25:13.157079,1240.604289267303,92029,69,-4.573708940550679,8.986168767406033,-1.1644414060048778,10.150170756060978,0.11639831408833068,True,walking_dual_task,P10,12,0.34
2026-04-03T17:25:13.214688,1156.228743781305,92044,68,-4.176641822789692,9.23018624358846,-1.6537884374524785,10.265266250957993,0.1150954948970142,True,walking_dual_task,P10,12,0.34
2026-04-03T17:25:13.274231,1213.2411197958618,92044,68,-4.703015568998407,8.717654847066486,-1.7524239549023757,10.059167519856645,0.20609873110134735,True,walking_dual_task,P10,12,0.34
2026-04-03T17:25:13.274611,1142.530581198821,92051,68,-4.779217559029692,8.957396383401065,-1.8062771271798117,10.312056414996825,0.2528888951401793,True,walking_dual_task,P10,12,0.34
2026-04-03T17:25:13.275020,1143.8686415823859,92051,69,-5.576953913869912,9.31488942425953,-2.3293513220230224,11.103848770810119,0.7917923558132944,True,walking_dual_task,P10,12,0.34
2026-04-03T17:25:13.275951,1333.8113442039235,92069,69,-5.7190913738274025,9.154289280182875,-2.2425161317740954,11.024422749909636,0.0794260209004829,True,walking_dual_task,P10,12,0.34
2026-04-03T17:25:13.276699,1231.8136530432541,92069,68,-4.054225127872357,9.462927936648828,-3.5452633444709205,10.88818803581797,0.13623471409166577,True,walking_dual_task,P10,12,0.34
2026-04-03T17:25:13.335236,1238.875229320193,92057,69,-2.724911246656063,8.262025114752046,-3.6446810036963218,9.432385695975917,1.4558023398420534,True,walking_dual_task,P10,12,0.34
2026-04-03T17:25:13.335773,1100.556776607304,92057,67,-2.905179210149045,8.31327960260223,-3.62654456802,9.523786510519853,0.09140081454393645,True,walking_dual_task,P10,12,0.34
2026-04-03T17:25:13.335805,1175.138326889121,92002,69,-2.6426541160081642,7.301207082289211,-3.478766338607638,8.508411183878845,1.0153753266410082,True,walking_dual_task,P10,12,0.34
2026-04-03T17:25:13.399609,1104.3519896700789,92002,70,-2.7155516774585484,7.317127100989586,-3.4800541015991553,8.545486906843944,0.03707572296509909,True,walking_dual_task,P10,12,0.34
2026-04-03T17:25:13.400241,1210.0371032384076,91966,68,-2.6182976205714574,7.834845857591054,-3.2846408504984637,8.889834506832235,0.344347599988291,True,walking_dual_task,P10,12,0.34
2026-04-03T17:25:13.400613,1106.0841692303236,91966,69,-2.947941256634788,8.114454892915157,-3.7168365590384416,9.399447317173971,0.5096128103417357,True,walking_dual_task,P10,12,0.34
2026-04-03T17:25:13.454180,1220.9809974066447,91994,68,-3.0012566330422854,8.206356812286177,-3.674363178403543,9.479070538546692,0.07962322137272082,True,walking_dual_task,P10,12,0.34
2026-04-03T17:25:13.454664,1164.552266208823,92044,69,-3.612440187335292,8.315347213059315,-4.22977164748664,10.004283661046912,0.5252131225002206,True,walking_dual_task,P10,12,0.34
2026-04-03T17:25:13.455336,1203.3804463241902,92044,68,-3.5900088307231273,8.162002668002266,-4.244481299782959,9.875326448343538,0.12895721270337468,True,walking_dual_task,P10,12,0.34
2026-04-03T17:25:13.516589,1228.0392956303224,92078,69,-3.1650580772585317,8.819999182022931,-4.505485089333222,10.397565777310987,0.5222393289674496,True,walking_dual_task,P10,12,0.34
2026-04-03T17:25:13.516638,1164.6013497337926,92078,67,-2.3790260466794253,9.486332160881204,-4.413316060137306,10.72975402532668,0.3321882480156919,True,walking_dual_task,P10,12,0.34
2026-04-03T17:25:13.516652,1218.386479244759,92099,69,-2.4333393387115527,9.424004222948481,-4.482499299593993,10.71567990854209,0.014074116784589918,True,walking_dual_task,P10,12,0.34
2026-04-03T17:25:13.639758,1220.9706969030676,92099,66,-2.4511768830493397,9.035530381901639,-4.045059975834517,10.198607140308983,0.5170727682331062,True,walking_dual_task,P10,12,0.34
2026-04-03T17:25:13.639792,1139.8525721316091,92105,70,-2.1371560505423446,9.098964239745767,-4.164636326533035,10.232437732662758,0.033830592353774946,True,walking_dual_task,P10,12,0.34
2026-04-03T17:25:13.640354,1233.052354597229,92105,69,-1.8299189320555524,9.632986473643996,-3.6744705959276573,10.471139663839866,0.2387019311771077,True,walking_dual_task,P10,12,0.34
2026-04-03T17:25:13.640904,1180.1661605237973,92105,69,-1.8025836973433729,9.853418100642674,-3.511587914506168,10.614631690892839,0.14349202705297337,True,walking_dual_task,P10,12,0.34
2026-04-03T17:25:13.640921,1166.5019279083324,92112,66,-1.7813794280441768,9.854468014538188,-3.638103007965155,10.654559869500961,0.03992817860812181,True,walking_dual_task,P10,12,0.34
2026-04-03T17:25:13.641131,1209.9723331959422,92112,70,-2.1544949261082,10.018574514677054,-3.3214435343688766,10.77244962136112,0.11788975186015982,True,walking_dual_task,P10,12,0.34
2026-04-03T17:25:13.694359,1193.025836415977,92138,69,-1.8365668289622996,10.032926766593631,-3.298160169159957,10.719629551552087,0.052820069809033754,True,walking_dual_task,P10,12,0.34
2026-04-03T17:25:13.768040,1203.5697266835898,92170,67,-2.242159750678715,9.992373141932802,-3.2990368267729924,10.759109876731813,0.039480325179725995,True,walking_dual_task,P10,12,0.34
2026-04-03T17:25:13.768100,1196.218416799835,92170,67,-2.1707066751460826,10.205887646018962,-3.1494791680070615,10.89914350499142,0.14003362825960686,True,walking_dual_task,P10,12,0.34
2026-04-03T17:25:13.768117,1097.3652247355803,92187,68,-2.373252681907723,9.81420980049321,-3.4860962564583935,10.681943147647454,0.21720035734396603,True,walking_dual_task,P10,12,0.34
2026-04-03T17:25:13.768176,1236.7316122104496,92187,69,-2.120847575969355,9.874691816143269,-3.3687275285032476,10.646870810975287,0.035072336672167026,True,walking_dual_task,P10,12,0.34
2026-04-03T17:25:13.768191,1219.6578204765283,92200,70,-1.945447284902054,9.953565503329923,-3.52694098986094,10.737669398588015,0.09079858761272774,True,walking_dual_task,P10,12,0.34
2026-04-03T17:25:13.815824,1180.918415464823,92200,68,-1.907509261722909,10.164758755164257,-3.242342962381727,10.838528498830152,0.10085910024213796,True,walking_dual_task,P10,12,0.34
2026-04-03T17:25:13.817767,1100.1609012800934,92197,68,-2.374378231269217,9.976811447383241,-3.47290742533599,10.827535482588653,0.010993016241499731,True,walking_dual_task,P10,12,0.34
2026-04-03T17:25:13.817806,1178.9418936195827,92197,68,-2.2782150352619555,9.999350550928202,-3.4057511759691366,10.806313722072709,0.021221760515944155,True,walking_dual_task,P10,12,0.34
2026-04-03T17:25:13.876096,1293.8913358447003,92193,67,-2.118998374030315,9.88500898676274,-3.65759694235001,10.750887041086953,0.05542668098575554,True,walking_dual_task,P10,12,0.34
2026-04-03T17:25:13.876128,1123.46364290156,92193,68,-2.178465832765203,10.105998643069018,-3.3243897289138573,10.85948843306839,0.1086013919814377,True,walking_dual_task,P10,12,0.34
2026-04-03T17:25:13.876142,1216.5268186101187,92193,69,-2.2558122930954823,9.969561076874019,-3.4970844573103914,10.803260473984881,0.056227959083509305,True,walking_dual_task,P10,12,0.34
2026-04-03T17:25:13.935231,1248.5861359382159,92142,67,-2.2073043922828974,10.157869480688946,-3.3513665279947844,10.921820483411505,0.11856000942662348,True,walking_dual_task,P10,12,0.34
2026-04-03T17:25:13.935951,1159.1110155349943,92142,68,-2.2918625320552075,9.989903181076038,-3.329665466118772,10.77670968103788,0.14511080237362428,True,walking_dual_task,P10,12,0.34
2026-04-03T17:25:13.936158,1153.1102363632458,92051,69,-5.429360334974802,7.381136082842544,-0.7301742358227341,9.19196812087037,1.5847415601675099,True,walking_dual_task,P10,12,0.34
2026-04-03T17:25:13.996601,1225.1303320453628,91992,68,-5.602680883236147,7.353680752428324,-0.5741352001694918,9.262628402137713,0.07066028126734203,True,walking_dual_task,P10,12,0.34
2026-04-03T17:25:13.996645,1101.1682633887035,91992,67,-5.419979711389745,7.55854388860561,-0.5767869383358148,9.318822294694137,0.05619389255642382,True,walking_dual_task,P10,12,0.34
2026-04-03T17:25:13.996661,1253.994730894098,91992,68,-5.58743045814055,8.015797845418765,-0.7218598145434219,9.797626029555808,0.47880373486167116,True,walking_dual_task,P10,12,0.34
2026-04-03T17:25:14.055942,1156.2940708144326,91978,69,-5.613017752307506,7.994720315771828,-0.6034217690799346,9.787013796175703,0.010612233380104641,True,walking_dual_task,P10,12,0.34
2026-04-03T17:25:14.055982,1137.9968487928652,91978,69,-5.3414496888146346,7.41926142632386,-1.176497789209987,9.217411346917913,0.5696024492577898,True,walking_dual_task,P10,12,0.34
2026-04-03T17:25:14.055994,1160.0982589344733,91978,68,-4.956942500700042,7.183008668852629,-1.462874507060569,8.849118278984982,0.3682930679329317,True,walking_dual_task,P10,12,0.34
2026-04-03T17:25:14.114035,1222.2910212065199,91990,67,-4.888844360694571,7.218596172303676,-1.5929682363258073,8.862645072653837,0.013526793668855674,True,walking_dual_task,P10,12,0.34
2026-04-03T17:25:14.114678,1140.8950568273526,91990,68,-4.550541220740755,7.095945202670914,-1.3837994189440814,8.542526824824087,0.3201182478297504,True,walking_dual_task,P10,12,0.34
2026-04-03T17:25:14.115393,1193.4770104966374,91990,68,-4.49303275192726,7.147817915930679,-1.3649853384905872,8.552299646497714,0.009772821673626808,True,walking_dual_task,P10,12,0.34
2026-04-03T17:25:14.174833,1191.944040532846,91983,68,-4.672737307764574,7.170119587548995,-1.6497963617680966,8.715900233620848,0.16360058712313474,True,walking_dual_task,P10,12,0.34
2026-04-03T17:25:14.174879,1130.5059809013026,91987,69,-4.21808081284712,8.08012913889375,-1.6896895881967926,9.270153372483623,0.5542531388627747,True,walking_dual_task,P10,12,0.34
2026-04-03T17:25:14.175515,1211.055155376233,91987,68,-4.293755375579481,7.958496606526771,-1.7273918523564584,9.206404622489893,0.0637487499937297,True,walking_dual_task,P10,12,0.34
2026-04-03T17:25:14.236177,1229.3657733501364,91987,69,-4.221019068702977,8.990016306550444,-2.123376882998233,10.15608805385461,0.9496834313647167,True,walking_dual_task,P10,12,0.34
2026-04-03T17:25:14.236227,1304.1149277652346,92020,68,-4.339382778770556,9.026433680380869,-2.1687405299248432,10.247447651642005,0.09135959778739533,True,walking_dual_task,P10,12,0.34
2026-04-03T17:25:14.236243,1208.0593415201045,92020,68,-4.566969716373202,9.148527232165215,-2.567463212487365,10.542515366619789,0.29506771497778317,True,walking_dual_task,P10,12,0.34
2026-04-03T17:25:14.294917,1154.7945785023912,92059,70,-4.637677741487864,9.28167348297151,-2.979112234984205,10.795027891905654,0.25251252528586576,True,walking_dual_task,P10,12,0.34
2026-04-03T17:25:14.295932,1224.8529089457552,92072,69,-4.68881143602785,9.15338488161817,-3.060946832130899,10.730275065570025,0.06475282633562962,True,walking_dual_task,P10,12,0.34
2026-04-03T17:25:14.297104,1311.5986726547803,92072,69,-4.368934859347231,9.876527203100887,-3.5116132349702602,11.3562673846132,0.625992319043176,True,walking_dual_task,P10,12,0.34
2026-04-03T17:25:14.354172,1248.1859808199852,92077,66,-4.501227348276931,9.873274344911355,-3.7071444604123847,11.466713303345783,0.11044591873258192,True,walking_dual_task,P10,12,0.34
2026-04-03T17:25:14.354754,1214.917217035022,92077,69,-4.516506097530067,9.58315482178705,-3.940874631343788,11.30337014024294,0.16334316310284258,True,walking_dual_task,P10,12,0.34
2026-04-03T17:25:14.355020,1184.9672129837913,92077,68,-4.931750784868649,9.0093076294886,-4.345160025977914,11.152139051239024,0.15123108900391635,True,walking_dual_task,P10,12,0.34
2026-04-03T17:25:14.413887,1287.1739416007265,92093,67,-4.779582699579831,9.095923950806466,-4.243891183333203,11.117142424065225,0.0349966271737987,True,walking_dual_task,P10,12,0.34
2026-04-03T17:25:14.415051,1099.644576561126,92093,68,-4.627965120348565,9.108437161117786,-4.696097445874075,11.244332790092054,0.12719036602682898,True,walking_dual_task,P10,12,0.34
2026-04-03T17:25:14.415464,1202.6186280326615,92095,67,-4.600632808118295,9.397261897350656,-4.8394513574512565,11.527993877673152,0.2836610875810983,True,walking_dual_task,P10,12,0.34
2026-04-03T17:25:14.475414,1212.908340978405,92095,68,-3.561172217216408,8.621228108731925,-5.592595690931306,10.875874595897422,0.6521192817757306,True,walking_dual_task,P10,12,0.34
2026-04-03T17:25:14.475970,1138.6557949876014,92092,68,-3.711712422886889,8.499170878571737,-5.419167339460583,10.741512434776167,0.13436216112125443,True,walking_dual_task,P10,12,0.34
2026-04-03T17:25:14.476430,1176.3264582608003,92066,70,-2.367768058792201,7.707975683636608,-5.376516657355376,9.691550241658435,1.0499621931177323,True,walking_dual_task,P10,12,0.34
2026-04-03T17:25:14.535827,1139.7750492030511,92066,69,-2.4507282198373077,7.781504121148659,-5.456928024434237,9.815087297564716,0.12353705590628117,True,walking_dual_task,P10,12,0.34
2026-04-03T17:25:14.536489,1220.4658207013022,92010,68,-1.5310017635910325,7.163743003744858,-4.958079783681074,8.845661951780048,0.9694253457846678,True,walking_dual_task,P10,12,0.34
2026-04-03T17:25:14.657806,1140.9155100997798,92010,69,-1.6821999733092958,7.17684050641436,-5.0703259607431255,8.946789466221803,0.10112751444175494,True,walking_dual_task,P10,12,0.34
2026-04-03T17:25:14.658149,1194.319798276524,92020,67,-2.101863940828073,7.132678799864909,-4.744251271968042,8.820479523209949,0.1263099430118544,True,walking_dual_task,P10,12,0.34
2026-04-03T17:25:14.658323,1161.0782061639106,92020,69,-2.325330278956686,8.05327064103309,-4.845122068342601,9.681814746270389,0.8613352230604399,True,walking_dual_task,P10,12,0.34
2026-04-03T17:25:14.659308,1200.5083135943655,92075,67,-2.212231882659622,7.92048586677786,-4.765068474285047,9.504417069610781,0.17739767665960748,True,walking_dual_task,P10,12,0.34
2026-04-03T17:25:14.659528,1155.128782454156,92075,68,-2.771456099250312,8.737535585660217,-4.647150831402507,10.277232500559448,0.7728154309486666,True,walking_dual_task,P10,12,0.34
2026-04-03T17:25:14.660169,1266.967367297584,92107,69,-2.740333121321965,8.728066357439392,-4.674239037395431,10.27312408833802,0.004108412221427216,True,walking_dual_task,P10,12,0.34
2026-04-03T17:25:14.718199,1204.114065761128,92107,68,-3.4540774323999743,8.867060108455274,-4.935557507153737,10.719847656678487,0.44672356834046667,True,walking_dual_task,P10,12,0.34
2026-04-03T17:25:14.718246,1259.8034321809741,92130,67,-3.2037779327330815,8.842249278067301,-4.850030105655815,10.581699171849335,0.1381484848291521,True,walking_dual_task,P10,12,0.34
2026-04-03T17:25:14.718259,1094.1388959818603,92130,66,-3.1617627862959963,8.729219794380462,-4.9281772653011,10.511087160405461,0.07061201144387397,True,walking_dual_task,P10,12,0.34
2026-04-03T17:25:14.718270,1242.891090186983,92130,68,-3.1930429511568685,8.946117477614207,-4.863514336596413,10.671565626162161,0.16047846575670022,True,walking_dual_task,P10,12,0.34
2026-04-03T17:25:14.783381,1189.9907080835183,92131,68,-3.3110379363808446,9.033395520050604,-5.068291398747461,10.874409618017934,0.2028439918557723,True,walking_dual_task,P10,12,0.34
2026-04-03T17:25:14.839344,1229.2210830149397,92129,69,-3.024947895316068,8.928700043978116,-4.920792964039469,10.634199435766298,0.24021018225163537,True,walking_dual_task,P10,12,0.34
2026-04-03T17:25:14.839385,1111.5565832817786,92129,69,-3.1817405148319837,9.061058604174084,-4.910675652585571,10.78614811213425,0.15194867636795095,True,walking_dual_task,P10,12,0.34
2026-04-03T17:25:14.839397,1092.1968170408775,92155,68,-3.232069304615099,8.892257465339918,-4.697295730978783,10.563290301984516,0.22285781014973338,True,walking_dual_task,P10,12,0.34
2026-04-03T17:25:14.839408,1164.656068879573,92155,69,-3.1433093464888775,8.930980577384062,-4.863722018604591,10.644181490166108,0.08089118818159236,True,walking_dual_task,P10,12,0.34
2026-04-03T17:25:14.839418,1259.4089956274786,92182,68,-3.106541705109589,8.974415394189933,-4.844166126240027,10.660988626373717,0.016807136207608764,True,walking_dual_task,P10,12,0.34
2026-04-03T17:25:14.894059,1187.971328839109,92182,68,-3.1937590940030436,8.954302466834932,-4.844181296954756,10.669851088738753,0.00886246236503574,True,walking_dual_task,P10,12,0.34
2026-04-03T17:25:14.894451,1212.3372858556406,92202,68,-3.1586251824783775,9.197061548621775,-4.836840235797251,10.86084147933073,0.19099039059197764,True,walking_dual_task,P10,12,0.34
2026-04-03T17:25:14.895421,1198.6833005100052,92202,69,-3.151437508463614,8.900745543008282,-4.88229806987319,10.629753714654948,0.23108776467578274,True,walking_dual_task,P10,12,0.34
2026-04-03T17:25:14.955328,1255.0724939891918,92205,69,-3.1345533566727384,8.956292046900083,-5.030680655122081,10.740034442636277,0.11028072798132982,True,walking_dual_task,P10,12,0.34
2026-04-03T17:25:14.955867,1351.7020227701157,92205,70,-3.9801902981323485,9.646165010254137,-2.6043566368210866,10.755142384280745,0.015107941644467715,True,walking_dual_task,P10,12,0.34
2026-04-03T17:25:14.955900,1171.3300969861798,92207,67,-4.685703966456657,10.017810402305487,-2.0182354946364067,11.242135981637029,0.48699359735628356,True,walking_dual_task,P10,12,0.34
2026-04-03T17:25:15.015215,1077.4618794181988,92207,68,-4.5790778835483446,10.142340395664322,-2.186244486738823,11.34084158785942,0.0987056062223921,True,walking_dual_task,P10,12,0.34
2026-04-03T17:25:15.015675,1157.2355655834472,92210,69,-5.272356307232252,10.11408661620081,-2.1546912195002887,11.607548550913569,0.26670696305414765,True,walking_dual_task,P10,12,0.34
2026-04-03T17:25:15.016108,1138.1996138391733,92210,69,-5.328143436236518,10.229380714802565,-2.064287285729552,11.717108187753052,0.10955963683948333,True,walking_dual_task,P10,12,0.34
2026-04-03T17:25:15.075917,1148.5684399163993,92210,67,-4.70106305865419,8.801705074009163,-2.384653845315764,10.25946295150292,1.4576452362501318,True,walking_dual_task,P10,12,0.34
2026-04-03T17:25:15.077493,1116.5416102898166,92210,70,-3.9880500803398693,7.94757844570934,-1.8922378730037839,9.091155634023234,1.1683073174796856,True,walking_dual_task,P10,12,0.34
2026-04-03T17:25:15.077526,1194.093165772543,92142,67,-3.8660799287672605,7.834534867858832,-2.061479688509809,8.976425185866107,0.11473044815712719,True,walking_dual_task,P10,12,0.34
2026-04-03T17:25:15.137442,1299.1367155427017,92142,69,-3.9227066775871955,7.4775863435069585,-1.7135395122880275,8.616155921474567,0.3602692643915404,True,walking_dual_task,P10,12,0.34
2026-04-03T17:25:15.137486,1192.4388411522,92142,68,-3.952735985151528,7.511839499301123,-1.4509917768217875,8.611459316978557,0.004696604496009726,True,walking_dual_task,P10,12,0.34
2026-04-03T17:25:15.137505,1182.6909237218601,92071,68,-4.175371594675147,7.050190945162023,-1.1727871091880313,8.277339543618002,0.3341197733605554,True,walking_dual_task,P10,12,0.34
2026-04-03T17:25:15.196892,1216.4739168857197,92059,67,-4.402583421437854,7.231681035562643,-1.0063459928706067,8.526000448053152,0.24866090443515,True,walking_dual_task,P10,12,0.34
2026-04-03T17:25:15.197752,1169.6138617056572,92059,68,-4.444544549484309,7.228886512137264,-1.1205736768117054,8.559583040246414,0.03358259219326243,True,walking_dual_task,P10,12,0.34
2026-04-03T17:25:15.197772,1159.2738870864928,92060,69,-4.122457497125469,7.308755293387641,-1.0529259627963594,8.457021510990645,0.10256152925576956,True,walking_dual_task,P10,12,0.34
2026-04-03T17:25:15.256029,1122.3621544372627,92060,68,-4.186949808782456,7.15929182744213,-1.0525965971602163,8.360261226068022,0.09676028492262212,True,walking_dual_task,P10,12,0.34
2026-04-03T17:25:15.256072,1094.837973890918,92073,67,-4.535174593796805,7.148914332330742,-0.7928824013751608,8.503143373461038,0.1428821473930153,True,walking_dual_task,P10,12,0.34
2026-04-03T17:25:15.256086,1213.7636132560906,92073,69,-4.535769493593622,6.953306551799094,-0.9875671118104253,8.36044052084795,0.14270285261308757,True,walking_dual_task,P10,12,0.34
2026-04-03T17:25:15.378371,1216.579165737771,92073,69,-5.689128502468432,7.68122290741652,-1.4507636174996332,9.668096169612692,1.307655648764742,True,walking_dual_task,P10,12,0.34
2026-04-03T17:25:15.378423,1192.0603398136366,92077,68,-5.00405971903125,8.16740718255888,-2.0889604141247062,9.803617157413154,0.1355209878004615,True,walking_dual_task,P10,12,0.34
2026-04-03T17:25:15.378438,1202.7756467652869,92073,70,-5.216241739436823,8.228949684150567,-2.3385180623190207,10.019653562689527,0.21603640527637324,True,walking_dual_task,P10,12,0.34
2026-04-03T17:25:15.378450,1221.0143722945952,92073,68,-4.388850616309855,8.37618488090308,-2.9202200178603053,9.896977712618373,0.122675850071154,True,walking_dual_task,P10,12,0.34
2026-04-03T17:25:15.378460,1258.5327535926024,92066,68,-4.415556753913489,8.460084608159498,-2.7819431713309792,9.940290782103073,0.04331306948470015,True,walking_dual_task,P10,12,0.34
2026-04-03T17:25:15.378470,1116.512578747151,92066,69,-3.9063859093384785,8.107207380206708,-3.234620317996448,9.562919584517678,0.3773711975853953,True,walking_dual_task,P10,12,0.34
2026-04-03T17:25:15.434202,1192.1687323133847,92081,69,-3.6276822436423233,8.671476749972802,-3.2489152049214614,9.945352557598275,0.3824329730805971,True,walking_dual_task,P10,12,0.34
2026-04-03T17:25:15.434597,1167.0552161408382,92081,69,-3.4707846626679095,8.643451485052427,-3.2998221814501854,9.881519426599153,0.06383313099912158,True,walking_dual_task,P10,12,0.34
2026-04-03T17:25:15.435394,1215.8128749202888,92098,68,-3.277186929052631,9.230973248151242,-3.4001237023434685,10.368783075524108,0.4872636489249551,True,walking_dual_task,P10,12,0.34
2026-04-03T17:25:15.494106,1192.842203041538,92098,68,-3.42542544538783,9.233874721811114,-3.5258525147228106,10.46086123680024,0.092078161276131,True,walking_dual_task,P10,12,0.34
2026-04-03T17:25:15.554100,1251.8829054299204,92124,68,-3.2495194300095362,9.359367725411566,-3.864594348673979,10.634483072782054,0.17362183598181424,True,walking_dual_task,P10,12,0.34
2026-04-03T17:25:15.616569,1230.595626742836,92124,69,-3.273838041349917,9.223334727430382,-3.9420969339962975,10.551210700779137,0.08327237200291648,True,walking_dual_task,P10,12,0.34
2026-04-03T17:25:15.616598,1167.2647281205527,92150,69,-3.4136775698427426,9.234902575515038,-4.2048584705373635,10.70595417921035,0.15474347843121272,True,walking_dual_task,P10,12,0.34
2026-04-03T17:25:15.616611,1184.2560748830208,92150,68,-3.4924041062040065,8.974274673476883,-4.340204359814459,10.562758457949876,0.14319572126047397,True,walking_dual_task,P10,12,0.34
2026-04-03T17:25:15.616621,1135.5369383951374,92178,71,-3.297211099723812,8.974027430201403,-4.361088559917001,10.508275918607584,0.05448253934229186,True,walking_dual_task,P10,12,0.34
2026-04-03T17:25:15.678705,1305.9610264537714,92178,69,-3.5015162646676012,9.129672638026607,-4.8044002535999475,10.89466844039114,0.38639252178355576,True,walking_dual_task,P10,12,0.34
2026-04-03T17:25:15.678938,1230.6429196555337,92205,69,-4.4950615363607715,8.909596048704694,-4.3074186472854645,10.86923803077966,0.02543040961147902,True,walking_dual_task,P10,12,0.34
2026-04-03T17:25:15.678953,1224.8107806054238,92205,68,-4.640616730058428,8.790355894031919,-4.385996718345246,10.864743328416697,0.004494702362963565,True,walking_dual_task,P10,12,0.34
2026-04-03T17:25:15.679358,1159.2793969845377,92211,69,-5.416008268745657,8.853363084429693,-5.0438829005561825,11.539321391935786,0.674578063519089,True,walking_dual_task,P10,12,0.34
2026-04-03T17:25:15.679964,1175.033437937186,92211,70,-5.4302356911532454,8.930464817087168,-4.989141586468535,11.581545461661674,0.042224069725888214,True,walking_dual_task,P10,12,0.34
2026-04-03T17:25:15.679991,1097.1218327608499,92135,68,-5.39461617488932,8.81134086536003,-4.8788768941085845,11.425631329069205,0.15591413259246956,True,walking_dual_task,P10,12,0.34
2026-04-03T17:25:15.735385,1274.250925344823,92135,69,-5.525259390113205,8.785927102702471,-4.922469261578833,11.487023548910503,0.06139221984129861,True,walking_dual_task,P10,12,0.34
2026-04-03T17:25:15.736595,1142.760482059609,92055,68,-5.469673491083867,8.758905321802791,-4.769960553007946,11.374896668217374,0.11212688069312904,True,walking_dual_task,P10,12,0.34
2026-04-03T17:25:15.736616,1161.9535917669757,92055,68,-5.439416682297221,8.83738494065863,-4.831759274438196,11.44694387682375,0.07204720860637615,True,walking_dual_task,P10,12,0.34
2026-04-03T17:25:15.854899,1186.53809805969,92043,69,-5.31383025713874,8.93862756431901,-4.820550758860418,11.46183075926514,0.014886882441389915,True,walking_dual_task,P10,12,0.34
2026-04-03T17:25:15.856887,1231.7814966173974,92043,69,-5.544509782649627,8.762378164673747,-4.930223563061905,11.481635955403721,0.019805196138580783,True,walking_dual_task,P10,12,0.34
2026-04-03T17:25:15.856947,1257.7905932600897,92076,68,-5.450603869590124,8.773223013685968,-4.8230995293758605,11.399158462857052,0.08247749254666914,True,walking_dual_task,P10,12,0.34
2026-04-03T17:25:15.858547,1249.879604504664,92076,70,-5.4493433516015815,8.850208168360705,-4.969501388092921,11.520306924436536,0.12114846157948378,True,walking_dual_task,P10,12,0.34
2026-04-03T17:25:15.858876,1225.7533123529233,92111,71,-5.3024908712975165,8.95060216475639,-4.963883897902488,11.52691771046323,0.006610786026694626,True,walking_dual_task,P10,12,0.34
2026-04-03T17:25:15.859158,1245.436846775172,92111,72,-5.3531976064604985,8.846807232513237,-4.829448507981279,11.412549921656664,0.1143677888065664,True,walking_dual_task,P10,12,0.34
2026-04-03T17:25:15.915401,1139.191011185218,92132,71,-5.4270703061129195,8.862556273047764,-4.762616829866895,11.431557849591726,0.01900792793506234,True,walking_dual_task,P10,12,0.34
2026-04-03T17:25:15.915781,1244.4063834349404,92132,70,-5.373884696228651,8.634034422680296,-4.936481588130118,11.30460249678583,0.1269553528058971,True,walking_dual_task,P10,12,0.34
2026-04-03T17:25:15.916140,1261.4066250026476,92146,70,-5.297788268964407,8.797538914492703,-4.799560647512751,11.335741436004234,0.031138939218404715,True,walking_dual_task,P10,12,0.34
2026-04-03T17:25:15.974714,1185.9085799884672,92146,70,-2.4958104636069294,8.878594822001379,-4.1156948686361154,10.099379195536583,1.2363622404676509,True,walking_dual_task,P10,12,0.34
2026-04-03T17:25:15.975140,1320.5164703582932,92155,71,-2.0839414178191538,8.483983748414534,-3.6219867204615497,9.4572501224967,0.6421290730398841,True,walking_dual_task,P10,12,0.34
2026-04-03T17:25:15.975612,1192.6215143645904,92155,71,-2.3385082041120353,8.132841226407171,-3.692433552895712,9.232864808779421,0.22438531371727777,True,walking_dual_task,P10,12,0.34
2026-04-03T17:25:16.035625,1266.8617884278274,92172,71,-2.3861192686200416,7.82349675951986,-3.736702757568364,8.992419819421055,0.240444989358366,True,walking_dual_task,P10,12,0.34
2026-04-03T17:25:16.036374,1126.631115626426,92172,72,-2.266432472328951,8.096501783832846,-3.767591829211564,9.213295039169065,0.2208752197480095,True,walking_dual_task,P10,12,0.34
2026-04-03T17:25:16.036406,1140.9432719077718,92201,71,-2.070072497216455,9.059288634639328,-3.9470968430789446,10.096310425005813,0.8830153858367478,True,walking_dual_task,P10,12,0.34
2026-04-03T17:25:16.101918,1229.8866805064356,92201,70,-2.575760742117725,8.669147549564485,-3.337572514279181,9.639919757177786,0.4563906678280265,True,walking_dual_task,P10,12,0.34
2026-04-03T17:25:16.157417,1154.5571511294127,92235,71,-2.5998747505003568,8.978061024966543,-3.4872218333393574,9.97625403652249,0.3363342793447046,True,walking_dual_task,P10,12,0.34
2026-04-03T17:25:16.157456,1126.9142942965643,92235,72,-2.861162088198865,8.696058619664997,-3.4896168619645813,9.797199082130765,0.17905495439172547,True,walking_dual_task,P10,12,0.34
2026-04-03T17:25:16.157469,1221.3564551500092,92265,71,-2.8397734853044914,8.844784171131293,-3.6063431775019885,9.964950155201391,0.16775107307062598,True,walking_dual_task,P10,12,0.34
2026-04-03T17:25:16.157480,1107.1743839626738,92265,70,-2.6947164462712174,9.2448337017922,-3.158812594968011,10.134423708811763,0.16947355361037175,True,walking_dual_task,P10,12,0.34
2026-04-03T17:25:16.157489,1253.6399445448328,92297,72,-3.102863828430514,9.62400455454933,-3.4913049133038028,10.697590270777246,0.5631665619654829,True,walking_dual_task,P10,12,0.34
2026-04-03T17:25:16.218153,1251.6212733935834,92297,70,-2.933050540635993,9.70490017864583,-3.5532962880415813,10.743080911080167,0.04549064030292094,True,walking_dual_task,P10,12,0.34
2026-04-03T17:25:16.218194,1289.473158645161,92331,70,-4.568673736566569,10.287594153116586,-2.9671005626382687,11.64092173838653,0.8978408273063625,True,walking_dual_task,P10,12,0.34
2026-04-03T17:25:16.218744,1263.3969062552565,92331,71,-4.509003322373329,10.499171461204849,-2.9020528659971796,11.789216393382324,0.14829465499579442,True,walking_dual_task,P10,12,0.34
2026-04-03T17:25:16.274633,1129.9062882309345,92340,72,-5.5580419700897945,10.325147038347186,-2.4221951786411204,11.973617723486983,0.18440133010465942,True,walking_dual_task,P10,12,0.34
2026-04-03T17:25:16.274927,1149.8548821585034,92340,72,-5.487057159191437,9.969810864280378,-2.3294586632387566,11.615993397101049,0.35762432638593467,True,walking_dual_task,P10,12,0.34
2026-04-03T17:25:16.275289,1172.9423881003072,92244,70,-5.495490032871318,9.962296831095143,-2.1930470706578005,11.586941973892726,0.029051423208322547,True,walking_dual_task,P10,12,0.34
2026-04-03T17:25:16.398415,1080.5647394662428,92244,73,-5.133412329719149,9.394318028362862,-2.345074843070836,10.959220290902989,0.627721682989737,True,walking_dual_task,P10,12,0.34
2026-04-03T17:25:16.398839,1124.6002807512525,92160,71,-5.017510414228166,9.31109957705428,-2.278318217828808,10.81955267062364,0.13966762027934898,True,walking_dual_task,P10,12,0.34
2026-04-03T17:25:16.399300,1188.8066937063884,92160,70,-4.353284068112716,8.429331525243123,-2.2935541674535265,9.76038436021784,1.0591683104058003,True,walking_dual_task,P10,12,0.34
2026-04-03T17:25:16.399579,1142.7862255631114,92146,71,-4.242885687533637,8.506472830729276,-2.1389962437713637,9.743585782876913,0.016798577340926713,True,walking_dual_task,P10,12,0.34
2026-04-03T17:25:16.399832,1240.7318599459052,92146,70,-4.195492428932054,7.592445556320513,-2.1064118943168744,8.926609508398856,0.8169762744780567,True,walking_dual_task,P10,12,0.34
2026-04-03T17:25:16.400106,1240.494429675172,92157,71,-4.2589067112227506,7.510619308709746,-1.9914700766467575,8.86079239354141,0.06581711485744712,True,walking_dual_task,P10,12,0.34
2026-04-03T17:25:16.465691,1244.2595004990196,92157,72,-4.194302379917197,7.557572018294038,-2.1373188583863216,8.903774433817036,0.04298204027562669,True,walking_dual_task,P10,12,0.34
2026-04-03T17:25:16.465727,1151.2238348300912,92170,71,-4.277149037428785,7.140062547470522,-2.1067956081866743,8.585632463880799,0.3181419699362369,True,walking_dual_task,P10,12,0.34
2026-04-03T17:25:16.465737,1199.7076636689283,92170,71,-4.314438793737247,7.312379917423831,-2.144723477102433,8.757004108419878,0.17137164453907872,True,walking_dual_task,P10,12,0.34
2026-04-03T17:25:16.516266,1259.15326549793,92186,70,-4.545641057707514,6.978183623974865,-2.2964538421978005,8.638958245342566,0.11804586307731135,True,walking_dual_task,P10,12,0.34
2026-04-03T17:25:16.516303,1084.127120233409,92186,72,-4.695494601451824,7.270748800273475,-2.201924530301418,8.930841466854314,0.29188322151174795,True,walking_dual_task,P10,12,0.34
2026-04-03T17:25:16.516319,1250.396857564944,92184,70,-5.352669434677041,7.487533973992327,-2.148509107043166,9.451472185414428,0.5206307185601133,True,walking_dual_task,P10,12,0.34
2026-04-03T17:25:16.575691,1244.2639800399977,92184,73,-5.329184556823581,7.729769916064252,-2.6580007294914325,9.757792725506926,0.3063205400924982,True,walking_dual_task,P10,12,0.34
2026-04-03T17:25:16.575733,1217.021057880401,92161,72,-5.351908287811121,7.794982770187135,-2.845602488127692,9.874316798092623,0.11652407258569752,True,walking_dual_task,P10,12,0.34
2026-04-03T17:25:16.576344,1188.565614562182,92161,71,-5.40885893781725,7.586735899081606,-2.6397889870331914,9.684152131584925,0.19016466650769814,True,walking_dual_task,P10,12,0.34
2026-04-03T17:25:16.636000,1203.7326842928312,92170,69,-4.40062070093273,7.554058948731101,-3.346385472200161,9.360959613358792,0.3231925182261328,True,walking_dual_task,P10,12,0.34
2026-04-03T17:25:16.636038,1082.0841824474287,92170,72,-4.084147111180585,7.497283234646148,-3.299579920877725,9.152963519021059,0.2079960943377337,True,walking_dual_task,P10,12,0.34
2026-04-03T17:25:16.636055,1244.8968122033643,92190,70,-4.1561844682432225,7.537848377078448,-3.1107278378618877,9.152576422578468,0.0003870964425907175,True,walking_dual_task,P10,12,0.34
2026-04-03T17:25:16.694706,1112.5526130615208,92190,72,-3.7477493868441107,7.125183887275358,-3.1172971857740843,8.633157744331665,0.5194186782468027,True,walking_dual_task,P10,12,0.34
2026-04-03T17:25:16.695042,1197.6346668372669,92204,71,-3.9326824405944545,7.0050977906546015,-2.9690157694980184,8.564603953173892,0.0685537911577736,True,walking_dual_task,P10,12,0.34
2026-04-03T17:25:16.695514,1225.5005291094863,92204,71,-3.7508150004109644,7.267516897398866,-3.1343239672509497,8.75839036313007,0.19378640995617857,True,walking_dual_task,P10,12,0.34
2026-04-03T17:25:16.756548,1186.2244146292367,92241,71,-3.771233088814503,7.089596497490472,-2.8657777979605465,8.526268814357318,0.23212154877275282,True,walking_dual_task,P10,12,0.34
2026-04-03T17:25:16.756592,1064.6779452677379,92241,70,-3.8844105111132627,7.220230348531489,-2.944625000212652,8.711554838063048,0.18528602370573033,True,walking_dual_task,P10,12,0.34
2026-04-03T17:25:16.756606,1149.2037074557459,92268,71,-3.865834222911614,7.231637416257025,-2.9577968868858227,8.717213797040582,0.005658958977534212,True,walking_dual_task,P10,12,0.34
2026-04-03T17:25:16.814259,1281.548688507503,92268,69,-3.8376417901168143,7.194193379639173,-3.0609326464519087,8.709375497646786,0.007838299393796433,True,walking_dual_task,P10,12,0.34
2026-04-03T17:25:16.814791,1233.7097364931735,92286,71,-3.7727371920708848,6.975032473938976,-2.99039229849652,8.475085252187466,0.2342902454593201,True,walking_dual_task,P10,12,0.34
2026-04-03T17:25:16.815336,1204.7266402253056,92286,71,-3.9540086579157907,7.024412801356262,-2.8934971126720805,8.56439637171076,0.08931111952329474,True,walking_dual_task,P10,12,0.34
2026-04-03T17:25:16.875696,1160.2464008673603,92278,71,-3.886021396333842,7.25520585424228,-3.09173487906454,8.791928050355057,0.22753167864429713,True,walking_dual_task,P10,12,0.34
2026-04-03T17:25:16.875724,1193.859669547493,92278,70,-3.8821543959824907,7.087388598760569,-2.936202223420229,8.597876679791666,0.1940513705633915,True,walking_dual_task,P10,12,0.34
2026-04-03T17:25:16.875736,1159.9072628139163,92193,70,-4.053607252677589,6.94801868278144,-3.2339720119765234,8.669790675067523,0.07191399527585673,True,walking_dual_task,P10,12,0.34
2026-04-03T17:25:16.935085,1192.2606397346021,92193,70,-3.726580653469927,7.160297639194669,-3.2205491532868575,8.69075385092742,0.020963175859897376,True,walking_dual_task,P10,12,0.34
2026-04-03T17:25:16.937340,1222.522128949036,92134,73,-3.928160047023401,7.092540168585851,-3.1151395026411115,8.685543248349513,0.005210602577907508,True,walking_dual_task,P10,12,0.34
2026-04-03T17:25:16.937358,1234.0004626871712,92134,70,-5.186127990274131,8.811404175422524,-4.789648699544961,11.290593506951307,2.6050502586017945,True,walking_dual_task,P10,12,0.34
2026-04-03T17:25:16.999643,1098.6517679413503,92122,72,-3.231949301485486,8.82984864672728,-5.066083698899894,10.680680102678075,0.6099134042732324,True,walking_dual_task,P10,12,0.34
2026-04-03T17:25:16.999696,1172.047328659562,92122,71,-3.1677287309830744,8.657463852388815,-4.971385445795553,10.473817781457843,0.20686232122023185,True,walking_dual_task,P10,12,0.34
2026-04-03T17:25:17.000223,1201.3060796228979,92141,70,-2.391727398312198,7.696307811706973,-4.543078534041405,9.25165263327838,1.222165148179462,True,walking_dual_task,P10,12,0.34
2026-04-03T17:25:17.115779,1189.7725793452873,92141,70,-2.4339014606125446,7.910233357532254,-4.401622188620655,9.373897054157656,0.12224442087927478,True,walking_dual_task,P10,12,0.34
2026-04-03T17:25:17.116696,1068.3427097829408,92186,71,-2.2099404556534807,7.305179904664145,-4.216063137780951,8.719213189204524,0.6546838649531317,True,walking_dual_task,P10,12,0.34
2026-04-03T17:25:17.117139,1107.2946242120847,92186,71,-2.2895779880683267,7.56108510605802,-4.427241638768766,9.056083252297727,0.3368700630932029,True,walking_dual_task,P10,12,0.34
2026-04-03T17:25:17.117524,1166.2032379592429,92232,70,-2.3469756559336283,7.8478884659305965,-4.4319089575496795,9.313402445467535,0.257319193169808,True,walking_dual_task,P10,12,0.34
2026-04-03T17:25:17.117804,1245.6655577397046,92232,70,-2.3200978890867376,7.68788784493727,-4.5528417004027695,9.231188508540239,0.08221393692729606,True,walking_dual_task,P10,12,0.34
2026-04-03T17:25:17.118077,1159.0409088986119,92271,70,-2.7075784021417575,7.572588087630827,-4.443764290031339,9.188150641670529,0.04303786686971023,True,walking_dual_task,P10,12,0.34
2026-04-03T17:25:17.175279,1157.9859374985508,92271,72,-3.063513665649293,8.2300587640146,-4.310125665570479,9.782441744869368,0.5942911031988398,True,walking_dual_task,P10,12,0.34
2026-04-03T17:25:17.175770,1071.5843665215975,92280,72,-3.2293511744096,8.182042427951021,-4.257735398428974,9.772555347680894,0.00988639718847395,True,walking_dual_task,P10,12,0.34
2026-04-03T17:25:17.176249,1182.846497764459,92280,73,-3.4010206403163923,9.011394591497456,-4.91419437786894,10.813023641100875,1.0404682934199805,True,walking_dual_task,P10,12,0.34
2026-04-03T17:25:17.243659,1163.7184778846588,92302,70,-2.35617762342239,8.832106822347258,-4.753906849682029,10.3032671638623,0.5097564772385752,True,walking_dual_task,P10,12,0.34
2026-04-03T17:25:17.243696,1086.184048759476,92302,71,-2.4651016177899114,8.82026354035738,-4.924683303172843,10.398378745936192,0.09511158207389236,True,walking_dual_task,P10,12,0.34
2026-04-03T17:25:17.243703,1192.6590208297764,92321,73,-1.864922298640708,8.490615662399135,-4.440838919887235,9.761636124079306,0.6367426218568859,True,walking_dual_task,P10,12,0.34
2026-04-03T17:25:17.294737,1156.5256989898423,92321,70,-1.9709727183185515,8.49234294311852,-4.406801369931566,9.768547508914601,0.006911384835294854,True,walking_dual_task,P10,12,0.34
2026-04-03T17:25:17.295033,1172.0859219705778,92345,71,-2.012875880764907,8.478382928446695,-4.547371911154409,9.829203309073304,0.06065580015870253,True,walking_dual_task,P10,12,0.34
2026-04-03T17:25:17.295454,1275.918847848617,92345,70,-1.6813496494618885,8.973052937489985,-4.365582890254655,10.119334446218657,0.29013113714535343,True,walking_dual_task,P10,12,0.34
2026-04-03T17:25:17.355177,1293.562990576247,92382,72,-1.4270091647000749,8.937910515354067,-4.364669799566224,10.048529344927061,0.07080510129159556,True,walking_dual_task,P10,12,0.34
2026-04-03T17:25:17.355694,1172.0249417621699,92382,71,-2.01035996413405,8.85196650857956,-3.9555133201695907,9.901764685168311,0.14676465975874997,True,walking_dual_task,P10,12,0.34
2026-04-03T17:25:17.355894,1140.999740922414,92404,71,-1.9901076148391295,8.976697816476566,-4.089749774489914,10.063184646269596,0.16141996110128431,True,walking_dual_task,P10,12,0.34
2026-04-03T17:25:17.416350,1181.487695733157,92404,72,-2.353321146461086,9.582918004133184,-3.8864918520520706,10.605435248418049,0.542250602148453,True,walking_dual_task,P10,12,0.34
2026-04-03T17:25:17.416422,1088.449138904781,92408,70,-2.6933784044788465,10.03212263623419,-3.796731198106053,11.059518054998025,0.4540828065799758,True,walking_dual_task,P10,12,0.34
2026-04-03T17:25:17.416438,1261.6614317145988,92408,70,-2.465979249249006,10.125405969680127,-3.8853691691867245,11.122094824691407,0.06257676969338277,True,walking_dual_task,P10,12,0.34
2026-04-03T17:25:17.474407,1128.1082398183482,92355,70,-2.6484153122507825,9.848959659970612,-3.3428067981694074,10.732682206223217,0.38941261846819053,True,walking_dual_task,P10,12,0.34
2026-04-03T17:25:17.568890,1175.8712005185912,92355,70,-2.532759111868735,9.948148282747121,-3.192322293233154,10.75041601977114,0.017733813547923916,True,walking_dual_task,P10,12,0.34
2026-04-03T17:25:17.568925,1080.2659057337592,92308,72,-2.794963825208337,9.785791195465144,-2.6662383581374,10.52056838235794,0.2298476374132008,True,walking_dual_task,P10,12,0.34
2026-04-03T17:25:17.568933,1165.313984521596,92308,71,-4.556675718011591,10.553656973428206,-2.279147114584326,11.719107503637993,1.198539121280053,True,walking_dual_task,P10,12,0.34
2026-04-03T17:25:17.568940,1177.5713816272246,92319,71,-4.4464385689093895,10.579514374501377,-2.247454727821145,11.693929754405568,0.025177749232424773,True,walking_dual_task,P10,12,0.34
2026-04-03T17:25:17.568947,1295.9582366984753,92319,73,-4.71689660159512,11.149797746363793,-3.0836184607426667,12.4930303027885,0.7991005483829312,True,walking_dual_task,P10,12,0.34
2026-04-03T17:25:17.594072,1059.5799438455047,92330,70,-4.61215216365545,11.054537952092714,-2.9297094559450976,12.331178143682132,0.16185215910636686,True,walking_dual_task,P10,12,0.34
2026-04-03T17:25:17.594639,1150.7263995591134,92330,70,-4.719621351368101,11.225427628815106,-3.012650992474883,12.544365952590633,0.21318780890850064,True,walking_dual_task,P10,12,0.34
2026-04-03T17:25:17.595218,1113.6629681865556,92336,70,-4.100786603033831,9.362169955263411,-2.908506866356009,10.626668773726728,1.9176971788639054,True,walking_dual_task,P10,12,0.34
2026-04-03T17:25:17.654299,1098.733748379214,92336,71,-3.86478633432427,8.437741064069014,-2.047995918300622,9.504016780058427,1.1226519936683008,True,walking_dual_task,P10,12,0.34
2026-04-03T17:25:17.654820,1209.7157367308519,92346,71,-3.9690371998082568,8.411363206976413,-2.2413120357624874,9.567014525691494,0.06299774563306748,True,walking_dual_task,P10,12,0.34
2026-04-03T17:25:17.655276,1116.9723427137383,92346,71,-4.08466854740526,7.704357844218654,-1.5838330966614622,8.862853615626038,0.7041609100654558,True,walking_dual_task,P10,12,0.34
2026-04-03T17:25:17.719197,1108.8199784828798,92349,72,-3.9048109073366866,7.76463192056244,-1.8636816553022038,8.88877755353247,0.025923937906432215,True,walking_dual_task,P10,12,0.34
2026-04-03T17:25:17.719632,1128.874287839808,92349,71,-4.001905080715223,7.657553173745902,-1.6423853970052198,8.794930055213415,0.09384749831905559,True,walking_dual_task,P10,12,0.34
2026-04-03T17:25:17.720536,1074.9302189102177,92345,71,-3.9620074312398894,7.896923523581399,-1.6576210473763056,8.989249777328377,0.19431972211496173,True,walking_dual_task,P10,12,0.34
2026-04-03T17:25:17.853291,1167.955936592129,92345,71,-4.06050801133386,8.007224428954926,-1.7200824007127633,9.14122813581418,0.15197835848580254,True,walking_dual_task,P10,12,0.34
2026-04-03T17:25:17.856629,1218.4957741992787,92351,71,-4.089116598034273,7.8289687369449625,-1.7566790861044228,9.005528715624513,0.13569942018966685,True,walking_dual_task,P10,12,0.34
2026-04-03T17:25:17.856675,1209.5373752243454,92351,71,-4.056428917122153,7.849234217155946,-1.8001498089766355,9.016963607012903,0.011434891388390156,True,walking_dual_task,P10,12,0.34
2026-04-03T17:25:17.856691,1194.0226645498599,92357,72,-4.1117605271598405,7.9465324941077515,-1.5736410986749148,9.084618848364467,0.06765524135156475,True,walking_dual_task,P10,12,0.34
2026-04-03T17:25:17.856703,1151.96495768859,92357,72,-4.150932174628832,7.768934792181464,-1.3778351815968997,8.915436922057307,0.16918192630716078,True,walking_dual_task,P10,12,0.34
2026-04-03T17:25:17.856715,1074.0523755699994,92369,71,-4.097725672476204,8.009150497075803,-1.6119340640775959,9.139812842646934,0.22437592058962785,True,walking_dual_task,P10,12,0.34
2026-04-03T17:25:17.897075,1250.8796341249608,92369,72,-3.8630703169794303,7.8356167335688856,-1.5395405721929432,8.870760229131461,0.2690526135154734,True,walking_dual_task,P10,12,0.34
2026-04-03T17:25:17.897115,1244.459904130248,92394,71,-3.8630912381865343,8.038111876099135,-1.5967380372204194,9.060038013537584,0.18927778440612286,True,walking_dual_task,P10,12,0.34
2026-04-03T17:25:17.897128,1204.8380991412669,92394,69,-4.176112153118006,7.7582714985007355,-1.7546987643762302,8.983855359119058,0.07618265441852579,True,walking_dual_task,P10,12,0.34
2026-04-03T17:25:17.964447,1071.19324886487,92422,72,-3.871053690631471,7.792060604845437,-1.7830984850532057,8.881481033742897,0.10237432537616087,True,walking_dual_task,P10,12,0.34
2026-04-03T17:25:17.964484,1095.5409081214646,92422,70,-3.480992771474213,8.421505664614552,-2.324226830480391,9.404312770942683,0.5228317371997857,True,walking_dual_task,P10,12,0.34
2026-04-03T17:25:17.964496,1111.1657434310946,92434,71,-3.5941296063042927,9.00346705273873,-2.2550777436113116,9.95316845162363,0.5488556806809477,True,walking_dual_task,P10,12,0.34
2026-04-03T17:25:18.015094,1079.6800862331988,92434,71,-3.669247347672037,9.152384647178271,-2.2252047826803514,10.108464628872493,0.15529617724886258,True,walking_dual_task,P10,12,0.34
2026-04-03T17:25:18.015132,1171.9933758802408,92372,71,-3.901494282804028,9.04733703072223,-2.374445076183485,10.134789312365713,0.026324683493220036,True,walking_dual_task,P10,12,0.34
2026-04-03T17:25:18.015612,1121.042046162618,92372,71,-3.7677410482555107,9.171353588967044,-2.4251788908498515,10.207403779276683,0.07261446691097007,True,walking_dual_task,P10,12,0.34
2026-04-03T17:25:18.138346,1089.046596320142,92327,71,-4.247907210903974,8.911030680729317,-2.8647272561339765,10.279000229467167,0.07159645019048355,True,walking_dual_task,P10,12,0.34
2026-04-03T17:25:18.138387,1235.9081879786327,92327,73,-4.538743671511555,8.886351479461629,-3.80726765117272,10.680015154478122,0.4010149250109549,True,walking_dual_task,P10,12,0.34
2026-04-03T17:25:18.138400,1153.9105853010344,92338,72,-4.376806225965148,8.941073634849552,-3.9507721381702967,10.710174180245238,0.03015902576711582,True,walking_dual_task,P10,12,0.34
2026-04-03T17:25:18.138411,1258.2278282433467,92338,71,-3.677188285539344,10.377958135843635,-3.975881939914037,11.706039721304787,0.9958655410595494,True,walking_dual_task,P10,12,0.34
2026-04-03T17:25:18.138423,1235.633804094231,92351,71,-3.5680901530176112,10.053318590986683,-4.154461246497228,11.448145276881622,0.2578944444231652,True,walking_dual_task,P10,12,0.34
2026-04-03T17:25:18.138433,1224.3042383785614,92351,71,-4.246635835533374,9.736926935192322,-3.6238252329516523,11.22380378391778,0.2243414929638412,True,walking_dual_task,P10,12,0.34
2026-04-03T17:25:18.196235,1304.1135137442943,92349,71,-6.113736827728445,9.152226541512112,-4.1147647546007375,11.750417764981222,0.5266139810634414,True,walking_dual_task,P10,12,0.34
2026-04-03T17:25:18.196286,1277.075626791287,92349,71,-5.925951303452143,8.89009896222367,-4.003028250052499,11.40942564635639,0.3409921186248326,True,walking_dual_task,P10,12,0.34
2026-04-03T17:25:18.196295,1216.1572991277283,92353,70,-3.9210268853973567,9.763524036271559,-5.264160675691452,11.764873185137086,0.35544753878069635,True,walking_dual_task,P10,12,0.34
2026-04-03T17:25:18.255919,1254.9286993987123,92353,72,-4.105002174272059,9.765237672196859,-5.135782714417105,11.772305370443657,0.007432185306571526,True,walking_dual_task,P10,12,0.34
2026-04-03T17:25:18.255996,1204.907188599683,92351,71,-2.3719139974027077,8.79292401977573,-5.114459303596446,10.445055423345925,1.327249947097732,True,walking_dual_task,P10,12,0.34
2026-04-03T17:25:18.256004,1227.9061067210775,92351,70,-2.241353286874032,8.617395282412248,-5.1521236662215335,10.28725154168799,0.15780388165793546,True,walking_dual_task,P10,12,0.34
2026-04-03T17:25:18.314450,1240.6656095800083,92382,70,-2.1907925180299763,7.190872422081675,-4.337067428765163,8.678615784177023,1.6086357575109673,True,walking_dual_task,P10,12,0.34
2026-04-03T17:25:18.314854,1157.4644128005737,92382,71,-2.1667057192627586,7.8515378783964636,-4.4344362803531325,9.273914268219894,0.5952984840428712,True,walking_dual_task,P10,12,0.34
2026-04-03T17:25:18.315675,1268.015856750974,92416,72,-2.178538627676315,7.784661116865027,-4.390505070467902,9.199103979764137,0.07481028845575644,True,walking_dual_task,P10,12,0.34
2026-04-03T17:25:18.374478,1232.935443080729,92416,72,-2.1768788284568252,8.321209820406192,-4.843566105178816,9.871244446585502,0.6721404668213644,True,walking_dual_task,P10,12,0.34
2026-04-03T17:25:18.374894,1079.8477610016562,92463,69,-2.2929408244258,8.305124549357844,-4.533575407394089,9.73580902540684,0.13543542117866103,True,walking_dual_task,P10,12,0.34
2026-04-03T17:25:18.375131,1094.9843723796355,92463,71,-3.0591672470130606,9.081942820677503,-4.381598545846915,10.537485253143696,0.8016762277368557,True,walking_dual_task,P10,12,0.34
2026-04-03T17:25:18.434373,1130.2637681709446,92498,70,-3.1001865508351503,9.312163428664055,-4.498775220189983,10.796597744378683,0.2591124912349869,True,walking_dual_task,P10,12,0.34
2026-04-03T17:25:18.494290,1172.1379698580886,92498,72,-3.1645958287639244,9.342914752390833,-4.697817448774179,10.925850612738554,0.12925286835987038,True,walking_dual_task,P10,12,0.34
2026-04-03T17:25:18.494540,1221.0040823358502,92519,72,-2.3443307110951968,9.183943000511976,-4.585643604900496,10.529426517660012,0.39642409507854204,True,walking_dual_task,P10,12,0.34
2026-04-03T17:25:18.495172,1211.7961744190466,92519,69,-2.5011969780172523,9.195757192864914,-4.322688477798545,10.464395460276801,0.06503105738321047,True,walking_dual_task,P10,12,0.34
2026-04-03T17:25:18.495978,1153.8397468612852,92543,71,-2.1379031976552163,8.687022596675376,-3.975602121713267,9.789811229429505,0.6745842308472962,True,walking_dual_task,P10,12,0.34
2026-04-03T17:25:18.496330,1132.6441236495057,92543,70,-1.736330279903241,8.744570273872672,-3.7108392354423527,9.656742719307832,0.13306851012167265,True,walking_dual_task,P10,12,0.34
2026-04-03T17:25:18.555458,1232.9513602041889,92554,71,-1.797761801393102,8.837946736934247,-3.6941885764355185,9.74619306486905,0.08945034556121811,True,walking_dual_task,P10,12,0.34
2026-04-03T17:25:18.555962,1133.6934355377732,92554,71,-2.126831015453613,8.61095436724628,-3.4142765175270564,9.50416905474802,0.24202401012103003,True,walking_dual_task,P10,12,0.34
2026-04-03T17:25:18.556242,1189.1262449791602,92525,71,-2.3112663127718545,8.68899588289956,-3.492614956429062,9.645670565360994,0.141501510612974,True,walking_dual_task,P10,12,0.34
2026-04-03T17:25:18.614932,1196.7654724493075,92525,72,-2.4093183567394774,9.282243204010053,-3.3827272927758223,10.168957556200295,0.523286990839301,True,walking_dual_task,P10,12,0.34
2026-04-03T17:25:18.737021,1270.8406093622498,92468,69,-2.4657792014041324,9.461356231240634,-3.370022371750366,10.341875051972497,0.17291749577220195,True,walking_dual_task,P10,12,0.34
2026-04-03T17:25:18.743752,1237.8837119646778,92468,71,-2.8183262400658964,9.464775582833088,-3.66539781243512,10.533759098832741,0.19188404686024363,True,walking_dual_task,P10,12,0.34
2026-04-03T17:25:18.745155,1192.8230177521132,92467,71,-2.953874940788387,9.56812515377045,-3.596698011599402,10.640048529526334,0.10628943069359309,True,walking_dual_task,P10,12,0.34
2026-04-03T17:25:18.745267,1126.8142134490986,92467,71,-2.9415755041205793,9.534374472918245,-3.62626434490033,10.616353240890806,0.023695288635527945,True,walking_dual_task,P10,12,0.34
2026-04-03T17:25:18.746256,1144.732339224907,92497,71,-3.0692046641418167,9.630052887900373,-3.4347747474404753,10.674999459475535,0.058646218584728516,True,walking_dual_task,P10,12,0.34
2026-04-03T17:25:18.746453,1151.2434255286782,92497,72,-2.7042701297661735,9.726368223249112,-3.4239960355019656,10.660162503456917,0.014836956018617897,True,walking_dual_task,P10,12,0.34
2026-04-03T17:25:18.858842,1257.7028387658825,92514,70,-2.872125194954779,9.823294979516401,-3.389373806815846,10.781191130502023,0.12102862704510642,True,walking_dual_task,P10,12,0.34
2026-04-03T17:25:18.858893,1264.9239668302641,92514,72,-2.7793912646959478,9.644610709538023,-3.4881272059211432,10.625938214835005,0.1552529156670186,True,walking_dual_task,P10,12,0.34
2026-04-03T17:25:18.858906,1100.9350097981524,92527,72,-2.9222514139855735,9.616377296815239,-3.5538815701385387,10.660409929070017,0.034471714235012385,True,walking_dual_task,P10,12,0.34
2026-04-03T17:25:18.858917,1166.400734625598,92527,71,-2.8288246026361317,9.766386945900434,-3.2053772680751393,10.661097787762136,0.000687858692119292,True,walking_dual_task,P10,12,0.34
2026-04-03T17:25:18.858927,1204.5283850069065,92527,71,-2.6386245666024384,9.540733673867056,-3.430803820394058,10.47656210276869,0.18453568499344541,True,walking_dual_task,P10,12,0.34
2026-04-03T17:25:18.858936,1251.8418028117123,92527,72,-3.069346490528532,9.762102161932221,-3.43607947372061,10.794728743634352,0.3181666408656607,True,walking_dual_task,P10,12,0.34
2026-04-03T17:25:18.917395,1198.071842611623,92523,69,-3.1156721762812234,9.686071720051526,-3.359463691854411,10.715101248841421,0.07962749479293052,True,walking_dual_task,P10,12,0.34
2026-04-03T17:25:18.917485,1155.280687869118,92523,70,-2.738031195107189,9.6608839623779,-3.4091821964470563,10.60433953664641,0.11076171219501063,True,walking_dual_task,P10,12,0.34
2026-04-03T17:25:18.917499,1126.7165115265086,92536,71,-3.0678393314058034,9.765343318998804,-3.4007929511089823,10.786054004943027,0.18171446829661697,True,walking_dual_task,P10,12,0.34
2026-04-03T17:25:18.917509,1113.5646427271022,92536,71,-2.929928040736029,9.58839105718004,-3.6109092356892045,10.656471597000905,0.12958240794212195,True,walking_dual_task,P10,12,0.34
2026-04-03T17:25:18.917519,1099.6698121147524,92542,71,-2.8672991510256938,9.698771807245926,-3.4430257980501056,10.683726205614764,0.027254608613858977,True,walking_dual_task,P10,12,0.34
2026-04-03T17:25:18.977298,1305.1107612712563,92542,71,-3.6771494575303065,7.9235420322265675,-1.4250202615323226,8.850685239870087,1.8330409657446776,True,walking_dual_task,P10,12,0.34
2026-04-03T17:25:18.977522,1236.9670323387422,92556,73,-3.688090024898578,7.122751329292256,-0.8810652344544302,8.069192678208598,0.781492561661489,True,walking_dual_task,P10,12,0.34
2026-04-03T17:25:18.977665,1105.0313292262447,92556,72,-3.579749733267297,6.972516171499467,-1.0319499647307175,7.905410213540888,0.16378246466770996,True,walking_dual_task,P10,12,0.34
2026-04-03T17:25:19.035355,1194.9773932573848,92571,71,-3.8895533033670513,7.140269062246555,-0.6928966670423115,8.160402745710973,0.25499253217008544,True,walking_dual_task,P10,12,0.34
2026-04-03T17:25:19.035866,1140.144656381023,92571,70,-4.0943067115983975,7.3800276559731195,-0.8130492207411659,8.478750184249776,0.31834743853880276,True,walking_dual_task,P10,12,0.34
2026-04-03T17:25:19.036182,1144.5705591752383,92587,71,-3.831713988981545,7.286138747061512,-1.2133703607318744,8.32118486557597,0.15756531867380552,True,walking_dual_task,P10,12,0.34
2026-04-03T17:25:19.095478,1169.2455936187441,92587,71,-3.6938783508560613,7.240526335645779,-1.6017717476597124,8.284662432453361,0.0365224331226095,True,walking_dual_task,P10,12,0.34
2026-04-03T17:25:19.096031,1132.6203080147898,92592,71,-3.712059006094828,7.268390521946874,-1.4896683979285092,8.296263904917911,0.0116014724645499,True,walking_dual_task,P10,12,0.34
2026-04-03T17:25:19.096372,1206.8601107105126,92592,71,-3.764804815468808,7.113773634837632,-2.00528053260622,8.294617570493388,0.0016463344245227773,True,walking_dual_task,P10,12,0.34
2026-04-03T17:25:19.158019,1188.9660292115789,92564,70,-3.5903838382224778,7.214640159502982,-2.2698547351254614,8.372223674475848,0.07760610398245937,True,walking_dual_task,P10,12,0.34
2026-04-03T17:25:19.158063,1228.52468193627,92564,70,-3.405844224206598,7.621560769528341,-2.4129175904352373,8.689656767755944,0.31743309328009595,True,walking_dual_task,P10,12,0.34
2026-04-03T17:25:19.158082,1247.1364972419012,92516,71,-3.4676497386414393,8.062618874535184,-2.9748616495515434,9.267158122093504,0.57750135433756,True,walking_dual_task,P10,12,0.34
2026-04-03T17:25:19.222986,1266.7657658484638,92516,72,-3.5908246412980436,7.884790569539896,-2.85962012558817,9.123670927468142,0.14348719462536152,True,walking_dual_task,P10,12,0.34
2026-04-03T17:25:19.223031,1179.5816099654255,92510,71,-3.479223583113137,8.871470871021714,-3.047019594269357,10.00461496333261,0.8809440358644682,True,walking_dual_task,P10,12,0.34
2026-04-03T17:25:19.223048,1160.5583829394775,92510,71,-3.270115583665287,8.905005105526879,-3.256125105912869,10.029711988155313,0.025097024822702707,True,walking_dual_task,P10,12,0.34
2026-04-03T17:25:19.276910,1229.127435924692,92527,71,-3.6648347924761797,9.36040721500951,-3.5910101916594988,10.67443635437246,0.6447243662171473,True,walking_dual_task,P10,12,0.34
2026-04-03T17:25:19.276944,1113.8915121677085,92527,72,-3.241177561202015,9.468347224732643,-3.972713386609925,10.767417647862066,0.09298129348960593,True,walking_dual_task,P10,12,0.34
2026-04-03T17:25:19.276956,1165.6248763113738,92537,71,-3.3709837949807984,9.612103459486502,-3.9593561628401437,10.928520754709474,0.16110310684740803,True,walking_dual_task,P10,12,0.34
2026-04-03T17:25:19.337807,1135.1980767898785,92537,71,-2.854513065635834,10.01029484137072,-4.007841514268786,11.154238712550278,0.2257179578408035,True,walking_dual_task,P10,12,0.34
2026-04-03T17:25:19.339966,1248.615387095814,92545,72,-3.021649231820856,9.922403368594662,-3.741008338145205,11.02631380268738,0.12792490986289806,True,walking_dual_task,P10,12,0.34
2026-04-03T17:25:19.339991,1169.570538835715,92545,70,-3.5600481250901708,9.641647502910766,-3.65683916706296,10.90906879239054,0.11724501029683942,True,walking_dual_task,P10,12,0.34
2026-04-03T17:25:19.395924,1191.7726179714264,92530,71,-3.685344762923735,9.753381550355252,-3.539844612558127,11.010936271247619,0.10186747885707881,True,walking_dual_task,P10,12,0.34
2026-04-03T17:25:19.395993,1178.177423643574,92530,71,-3.897941572451695,9.7065042685404,-3.38170926316492,10.993003736832605,0.017932534415013635,True,walking_dual_task,P10,12,0.34
2026-04-03T17:25:19.396009,1165.7959530555934,92521,71,-3.943399393855853,9.754549418597335,-3.945289221685558,11.23685633004483,0.24385259321222463,True,walking_dual_task,P10,12,0.34
2026-04-03T17:25:19.455030,1170.6414143207376,92521,72,-4.082194437845692,9.780010360698569,-3.9489984599561225,11.309619928206494,0.07276359816166433,True,walking_dual_task,P10,12,0.34
2026-04-03T17:25:19.456220,1086.6313744127322,92527,70,-4.1843608106542485,9.77100747821974,-3.7011133256159927,11.255207789384318,0.054412138822176104,True,walking_dual_task,P10,12,0.34
2026-04-03T17:25:19.456246,1125.1041756863478,92527,72,-4.207198508894276,9.29134835004481,-3.686936394978508,10.845421773068106,0.4097860163162128,True,walking_dual_task,P10,12,0.34
2026-04-03T17:25:19.575024,1079.3859776863558,92529,70,-4.1627308446077285,9.349806631114822,-3.799604503938526,10.917151941336954,0.07173016826884826,True,walking_dual_task,P10,12,0.34
2026-04-03T17:25:19.575882,1187.5258585893055,92529,72,-3.746750090451822,9.560070599357555,-3.9420461580354966,10.998764204086015,0.08161226274906141,True,walking_dual_task,P10,12,0.34
2026-04-03T17:25:19.640856,1064.0976580213478,92535,71,-2.6600784750868858,9.158419837367155,-4.465267988987744,10.530493322944537,0.4682708811414784,True,walking_dual_task,P10,12,0.34
2026-04-03T17:25:19.640881,1190.8832270201774,92535,72,-2.7868609579423653,9.158898165864414,-4.606664749436248,10.624187956040522,0.09369463309598558,True,walking_dual_task,P10,12,0.34
2026-04-03T17:25:19.640887,1138.1156785109063,92559,72,-1.8642297656435118,8.247832822495656,-4.291690889052415,9.482653087302278,1.141534868738244,True,walking_dual_task,P10,12,0.34
2026-04-03T17:25:19.645828,1167.2102603661497,92559,70,-1.9919013842395035,8.164966686169572,-3.9702177167880865,9.294997623963773,0.1876554633385048,True,walking_dual_task,P10,12,0.34
2026-04-03T17:25:19.645922,1215.1934624546423,92592,72,-2.334848322581186,7.801386779014097,-3.7135300777856735,8.950053519608415,0.34494410435535805,True,walking_dual_task,P10,12,0.34
2026-04-03T17:25:19.645928,1238.6619050861937,92592,73,-2.4606973712156175,8.637254344151911,-4.066222085742102,9.85856765503262,0.9085141354242037,True,walking_dual_task,P10,12,0.34
2026-04-03T17:25:19.700869,1014.5168341520788,92636,70,-2.459244574302385,8.74337086662243,-3.8748372885555753,9.87465351292481,0.016085857892191413,True,walking_dual_task,P10,12,0.34
2026-04-03T17:25:19.700919,1140.9605244457448,92636,71,-2.505953681469578,8.869486234640183,-4.3395045677080235,10.187192440182006,0.31253892725719545,True,walking_dual_task,P10,12,0.34
2026-04-03T17:25:19.700932,1090.7005089167749,92667,71,-2.587569938473067,8.770619838172305,-4.323724460363869,10.115032562546693,0.07215987763531295,True,walking_dual_task,P10,12,0.34
2026-04-03T17:25:19.700942,1239.8619263093965,92667,71,-2.454755941695341,8.918387029032129,-4.346072457749154,10.220166326479372,0.10513376393267926,True,walking_dual_task,P10,12,0.34
2026-04-03T17:25:19.785757,1121.9540251752221,92624,71,-2.5656325839883474,8.75064873651928,-4.226289370034626,10.050763438925266,0.16940288755410648,True,walking_dual_task,P10,12,0.34
2026-04-03T17:25:19.785930,1156.8021148233408,92624,72,-2.45939839211071,8.818439897341099,-4.412533061226565,10.162872167382186,0.11210872845692066,True,walking_dual_task,P10,12,0.34
2026-04-03T17:25:19.786030,1065.761868897634,92565,69,-2.583138633646133,8.786436640850512,-4.408384720224642,10.164050860057014,0.0011786926748271753,True,walking_dual_task,P10,12,0.34
2026-04-03T17:25:19.814272,1184.6187417803685,92565,70,-2.5762241983685663,9.009793469473449,-4.5395817524758515,10.412545892827454,0.24849503277044072,True,walking_dual_task,P10,12,0.34
2026-04-03T17:25:19.875260,1171.6072673530525,92558,71,-2.7248607217066256,8.86110752499021,-4.413851317102065,10.26772496571764,0.14482092710981398,True,walking_dual_task,P10,12,0.34
2026-04-03T17:25:19.875973,1031.1074830068528,92558,73,-2.575020195946513,8.74550193813704,-4.442168761689418,10.14137054183607,0.1263544238815708,True,walking_dual_task,P10,12,0.34
2026-04-03T17:25:19.876057,1167.388002407756,92578,71,-2.546185250914191,8.833368780565115,-4.45773984432427,10.216795381386062,0.07542483954999213,True,walking_dual_task,P10,12,0.34
2026-04-03T17:25:19.876416,1144.8951640342266,92578,71,-2.6047710714863017,9.001272089217284,-4.449980440148975,10.373526761747062,0.1567313803610002,True,walking_dual_task,P10,12,0.34
2026-04-03T17:25:19.877058,1188.4616940548017,92601,70,-2.4282875689277765,8.872569108523695,-4.444772049288519,10.216411389185275,0.15711537256178687,True,walking_dual_task,P10,12,0.34
2026-04-03T17:25:19.935840,1252.5859562218939,92601,71,-2.6311903766396028,8.924071522869275,-4.435583400225018,10.307114797253348,0.09070340806807309,True,walking_dual_task,P10,12,0.34
2026-04-03T17:25:19.937740,1196.9919234607514,92633,71,-2.5374317586301345,8.798655454331909,-4.207107000263656,10.077432562186509,0.22968223506683927,True,walking_dual_task,P10,12,0.34
2026-04-03T17:25:19.938169,1175.6411263338757,92633,70,-3.242145100256093,9.034847706634379,-3.5540415227449227,10.23577984711405,0.15834728492754202,True,walking_dual_task,P10,12,0.34
2026-04-03T17:25:19.995515,1167.7644868372965,92642,71,-3.201432722916153,10.05011076012503,-3.520293628838303,11.11963870831147,0.8838588611974192,True,walking_dual_task,P10,12,0.34
2026-04-03T17:25:19.996354,1177.6936719231433,92642,71,-3.107940202815581,9.954031249894218,-3.5171945125460407,11.005120974675016,0.11451773363645401,True,walking_dual_task,P10,12,0.34
2026-04-03T17:25:19.996375,1128.6260708044024,92655,72,-3.0313314495759833,10.334406785201075,-3.1713991541797752,11.227052442842274,0.2219314681672575,True,walking_dual_task,P10,12,0.34
2026-04-03T17:25:20.055406,1218.0556007819819,92655,70,-2.824563215631442,10.355377674873463,-3.258303182251783,11.21733229318977,0.009720149652503451,True,walking_dual_task,P10,12,0.34
2026-04-03T17:25:20.055942,1169.2311071697475,92658,70,-3.308439887699965,10.293043445486909,-2.879273214549904,11.188508931275415,0.028823361914355417,True,walking_dual_task,P10,12,0.34
2026-04-03T17:25:20.056282,1254.5333411161641,92658,71,-4.117305698292483,10.217453756471194,-2.2430909633435516,11.241887054611988,0.053378123336573324,True,walking_dual_task,P10,12,0.34
2026-04-03T17:25:20.115777,1104.2103641919612,92666,71,-4.076882248936297,10.081649011840746,-2.324888695529547,11.120509121269693,0.12137793334229485,True,walking_dual_task,P10,12,0.34
2026-04-03T17:25:20.115899,1081.4983433709,92666,72,-4.7782694031017545,10.40729825239218,-1.9363385941516824,11.614349854988227,0.49384073371853354,True,walking_dual_task,P10,12,0.34
2026-04-03T17:25:20.175776,1153.2960606956635,92674,71,-4.704593558723469,10.466401266787239,-2.1926153242557516,11.682735894915584,0.0683860399273577,True,walking_dual_task,P10,12,0.34
2026-04-03T17:25:20.177616,1224.7197897535932,92674,72,-4.652526485704346,10.01429157694877,-1.8711251180693804,11.199694089384659,0.48304180553092557,True,walking_dual_task,P10,12,0.34
2026-04-03T17:25:20.177682,1164.315949618143,92682,72,-3.956258453735536,8.90656332959244,-1.663351725187776,9.886636953913087,1.3130571354715723,True,walking_dual_task,P10,12,0.34
2026-04-03T17:25:20.177707,1011.7173415819295,92682,72,-3.879894508792767,8.800483548754844,-1.7668859260576666,9.778751350094018,0.10788560381906898,True,walking_dual_task,P10,12,0.34
2026-04-03T17:25:20.236072,1201.4245941626461,92690,70,-3.9326942796459523,8.17691572393425,-1.507258633510807,9.197818417525758,0.5809329325682597,True,walking_dual_task,P10,12,0.34
2026-04-03T17:25:20.236238,1242.1268313007392,92690,73,-3.7772296986619622,8.275013860693493,-1.6052591573671777,9.23689209385032,0.03907367632456271,True,walking_dual_task,P10,12,0.34
2026-04-03T17:25:20.236269,1242.3655310965885,92697,70,-3.8841083636319524,7.968746093859818,-1.5186389143354753,8.994080066409007,0.24281202744131392,True,walking_dual_task,P10,12,0.34
2026-04-03T17:25:20.294083,1202.2038727029128,92697,71,-3.4543771385870157,7.8333667382086825,-1.5425400586476454,8.699068093962676,0.29501197244633026,True,walking_dual_task,P10,12,0.34
2026-04-03T17:25:20.294734,1195.5306211434015,92678,71,-3.3927897153057147,7.751268889586388,-1.7333087371303877,8.6369873584003,0.06208073556237714,True,walking_dual_task,P10,12,0.34
2026-04-03T17:25:20.295330,1134.5413897714864,92678,71,-3.506522996406019,7.810760255888868,-1.6881494062481426,8.72659886308024,0.08961150467994017,True,walking_dual_task,P10,12,0.34
2026-04-03T17:25:20.355345,1135.5749322754962,92604,69,-3.7482267189649323,7.135374824447977,-1.5994380916465853,8.217115043075562,0.509483820004677,True,walking_dual_task,P10,12,0.34
2026-04-03T17:25:20.355701,1106.183678128418,92604,70,-3.546493149791153,7.171084411009957,-1.6050275840422081,8.159545259196861,0.057569783878701486,True,walking_dual_task,P10,12,0.34
2026-04-03T17:25:20.355935,1133.834482209129,92570,72,-3.9611317816376235,6.84683352459006,-1.7181958320818098,8.094559359368075,0.06498589982878578,True,walking_dual_task,P10,12,0.34
2026-04-03T17:25:20.416105,1225.4782325337858,92570,71,-3.995947355136957,7.647411033732635,-2.3810381455743475,8.950968295919823,0.8564089365517482,True,walking_dual_task,P10,12,0.34
2026-04-03T17:25:20.416746,1240.799153645137,92574,72,-4.021251800239402,7.705596706248251,-2.49208947986595,9.0419686250247,0.09100032910487599,True,walking_dual_task,P10,12,0.34
2026-04-03T17:25:20.417198,1142.7690374123165,92574,72,-3.6017836375733685,8.099661542743918,-2.7892304131024432,9.292855792288595,0.2508871672638957,True,walking_dual_task,P10,12,0.34
2026-04-03T17:25:20.476539,1223.7710690577524,92592,71,-3.7682765191956125,7.920385464517794,-2.8847149011407542,9.233308935182947,0.05954685710564789,True,walking_dual_task,P10,12,0.34
2026-04-03T17:25:20.477460,1154.7658434155014,92592,71,-3.5626769245524064,7.600776516166001,-3.1826693196990554,8.977408006545788,0.25590092863715874,True,walking_dual_task,P10,12,0.34
2026-04-03T17:25:20.478111,1198.5765428453844,92611,71,-3.56684194234918,7.691665828425009,-2.907570531451114,8.963149616804639,0.014258389741149458,True,walking_dual_task,P10,12,0.34
2026-04-03T17:25:20.599054,1113.4738522433495,92611,70,-3.8211513842861304,6.907161851528629,-3.382803785147476,8.587982545024897,0.3751670717797424,True,walking_dual_task,P10,12,0.34
2026-04-03T17:25:20.599161,1245.050722314592,92613,70,-3.756895888905586,7.678096553067922,-3.2800024450256293,9.155645768468945,0.5676632234440486,True,walking_dual_task,P10,12,0.34
2026-04-03T17:25:20.600172,1136.6674861767747,92613,72,-3.68396994318537,7.426227074303566,-3.2562694699168904,8.906389502044325,0.24925626642462007,True,walking_dual_task,P10,12,0.34
2026-04-03T17:25:20.600251,1184.7136467937703,92620,71,-3.7461988934272448,8.430242657697425,-3.2742095035559324,9.78894505500735,0.8825555529630247,True,walking_dual_task,P10,12,0.34
2026-04-03T17:25:20.600279,1134.081660382609,92620,71,-3.8542598648062154,8.585753076509029,-3.332159299578812,9.983674703935913,0.19472964892856304,True,walking_dual_task,P10,12,0.34
2026-04-03T17:25:20.600306,1098.078236570976,92631,70,-4.582387043404489,8.528016637206363,-3.4725046487133193,10.285116786666327,0.3014420827304143,True,walking_dual_task,P10,12,0.34
2026-04-03T17:25:20.654518,1233.0078716388746,92631,71,-4.381202409105855,9.419941716885521,-3.76520435053736,11.0502036316251,0.7650868449587733,True,walking_dual_task,P10,12,0.34
2026-04-03T17:25:20.655375,1193.859381018124,92642,70,-4.59956732599701,9.22096931544504,-3.7785723346726106,10.975422706716651,0.07478092490844901,True,walking_dual_task,P10,12,0.34
2026-04-03T17:25:20.715110,1209.9319008708,92642,72,-4.229953866757229,9.889214365833384,-3.218440033184563,11.227084516271571,0.25166180955491946,True,walking_dual_task,P10,12,0.34
2026-04-03T17:25:20.715197,1165.9276625547116,92644,69,-4.251589151367041,10.110183093305157,-3.345614467497251,11.466688652671365,0.2396041363997945,True,walking_dual_task,P10,12,0.34
2026-04-03T17:25:20.715586,1163.1685240942932,92644,71,-4.361545191715377,9.953385502280833,-3.3786654666485147,11.380173098503953,0.08651555416741274,True,walking_dual_task,P10,12,0.34
2026-04-03T17:25:20.716219,1182.3782045596665,92647,70,-4.221304294185849,10.04022834543756,-3.3399204113611534,11.392131649821582,0.011958551317629684,True,walking_dual_task,P10,12,0.34
2026-04-03T17:25:20.775289,1038.5884978766528,92647,69,-4.31121654846923,9.892612947121266,-3.417938271171727,11.31957071071543,0.07256093910615213,True,walking_dual_task,P10,12,0.34
2026-04-03T17:25:20.775878,1154.4028835684826,92647,71,-4.410251182826617,10.050465128167943,-3.152363056693428,11.419262569419663,0.09969185870423303,True,walking_dual_task,P10,12,0.34
2026-04-03T17:25:20.776037,1227.368250068673,92647,70,-4.219522400007561,10.061741236088778,-3.19072450882053,11.367661539532348,0.05160102988731552,True,walking_dual_task,P10,12,0.34
2026-04-03T17:25:20.835121,1186.2011905193833,92654,69,-4.283283901437723,9.94116913822131,-3.399555775531785,11.345939550605356,0.021721988926991287,True,walking_dual_task,P10,12,0.34
2026-04-03T17:25:20.835358,1096.2005173410182,92654,71,-4.25630980116161,9.882714557296072,-3.4400033204514306,11.296806760725483,0.049132789879873684,True,walking_dual_task,P10,12,0.34
2026-04-03T17:25:20.835804,1140.0441594833624,92661,72,-4.4313617855407035,9.997487696524818,-3.524634538169985,11.48955073726455,0.1927439765390666,True,walking_dual_task,P10,12,0.34
2026-04-03T17:25:20.896139,1212.5064142035742,92661,71,-4.197822346831801,9.959102443077812,-3.2944387885705524,11.298617652567819,0.19093308469673076,True,walking_dual_task,P10,12,0.34
2026-04-03T17:25:20.896254,1138.6915642827257,92609,71,-4.275738826875276,9.832799229020978,-3.270380853867689,11.20987395661649,0.0887436959513277,True,walking_dual_task,P10,12,0.34
2026-04-03T17:25:20.896549,1142.2429680805124,92609,72,-4.243544793365903,9.924370989533742,-3.420255715324913,11.32249800659795,0.11262404998145925,True,walking_dual_task,P10,12,0.34
2026-04-03T17:25:20.955919,1173.938853785739,92594,70,-4.316762864552906,9.918182266824106,-3.276570596566862,11.302242962395283,0.020255044202666994,True,walking_dual_task,P10,12,0.34
2026-04-03T17:25:20.955982,1122.0213612311538,92594,72,-3.0080625998322574,8.208625065075546,-3.797197630190343,9.531457176435262,1.7707857859600207,True,walking_dual_task,P10,12,0.34
2026-04-03T17:25:20.956007,1107.515613945362,92615,71,-3.4111544148020827,8.840238628896703,-3.9922425041841927,10.282207626267624,0.7507504498323616,True,walking_dual_task,P10,12,0.34
2026-04-03T17:25:21.015674,1217.18125686513,92615,72,-3.3151878094628002,8.62682522024785,-4.136543723188596,10.125392711720671,0.15681491454695262,True,walking_dual_task,P10,12,0.34
2026-04-03T17:25:21.016129,1216.9225517090383,92627,72,-3.0107813139265147,9.172762532757185,-4.4657508181016805,10.63707229325903,0.5116795815383579,True,walking_dual_task,P10,12,0.34
2026-04-03T17:25:21.016362,1206.7346874328405,92627,70,-2.9405671203346264,9.138541656580928,-4.551448290506849,10.624291041731476,0.01278125152755294,True,walking_dual_task,P10,12,0.34
2026-04-03T17:25:21.076162,1188.9857494141052,92644,72,-2.609350692375417,8.822233043638269,-4.475161023260835,10.230717134989902,0.3935739067415742,True,walking_dual_task,P10,12,0.34
2026-04-03T17:25:21.076205,1118.8749769071933,92644,73,-2.4247191525376435,8.358430099764444,-4.221463511578928,9.672816078108971,0.5579010568809313,True,walking_dual_task,P10,12,0.34
2026-04-03T17:25:21.076219,1259.1585789539952,92654,71,-2.3187374966338035,8.339236663897319,-4.256891587615278,9.645752314023754,0.02706376408521649,True,walking_dual_task,P10,12,0.34
2026-04-03T17:25:21.136405,1246.7608966230152,92654,70,-2.366292082444441,7.844162103171581,-3.956357719553738,9.09851546821485,0.5472368458089036,True,walking_dual_task,P10,12,0.34
2026-04-03T17:25:21.136454,1059.933506736078,92652,70,-2.194988077686896,7.90857986725026,-3.9052702799425885,9.08926532439595,0.009250143818901435,True,walking_dual_task,P10,12,0.34
2026-04-03T17:25:21.136471,1074.2963566081069,92652,73,-2.931162573741173,8.068436820179297,-3.660043828660034,9.332058057183227,0.24279273278727764,True,walking_dual_task,P10,12,0.34
2026-04-03T17:25:21.194178,1020.5539863440545,92660,72,-3.075158550743403,7.950967240170865,-3.5799036501920583,9.246090542014986,0.08596751516824064,True,walking_dual_task,P10,12,0.34
2026-04-03T17:25:21.194801,1137.227583412536,92660,71,-3.1055545554922235,8.107275008432504,-3.6283201116729185,9.409414646632538,0.1633241046175513,True,walking_dual_task,P10,12,0.34
2026-04-03T17:25:21.195169,1162.1291815738941,92681,72,-3.5907097394090886,8.322784099258362,-3.7083501094354547,9.79355870609377,0.38414405946123154,True,walking_dual_task,P10,12,0.34
2026-04-03T17:25:21.315838,1121.4432662380589,92681,71,-3.329771712709409,8.32564351092081,-3.7449806230426286,9.717437902897156,0.07612080319661274,True,walking_dual_task,P10,12,0.34
2026-04-03T17:25:21.319276,1163.7770825621164,92706,71,-3.1691374591672754,9.248583823716055,-3.811377420792165,10.493156475680891,0.7757185727837346,True,walking_dual_task,P10,12,0.34
2026-04-03T17:25:21.319312,1164.1147191757457,92706,71,-3.3305414708054464,8.942426456225967,-3.4395585045455284,10.143473769865848,0.34968270581504335,True,walking_dual_task,P10,12,0.34
2026-04-03T17:25:21.319325,1087.866787696551,92726,71,-3.328119808305084,8.8445669631376,-3.450128400428843,10.06012585424772,0.08334791561812693,True,walking_dual_task,P10,12,0.34
2026-04-03T17:25:21.319339,1133.5246309747295,92726,71,-3.3358885305375163,9.252861678708015,-2.9279834631381654,10.262391957720462,0.20226610347274132,True,walking_dual_task,P10,12,0.34
2026-04-03T17:25:21.319350,1167.2018075335375,92736,70,-3.6025589440515584,9.19798589205609,-2.9189386119956695,10.300562025269686,0.03817006754922403,True,walking_dual_task,P10,12,0.34
2026-04-03T17:25:21.375498,1179.1747621789036,92736,71,-4.648168666808782,10.412691744275014,-2.6906996275457904,11.7162061181114,1.4156440928417133,True,walking_dual_task,P10,12,0.34
2026-04-03T17:25:21.435561,1225.0179548487552,92739,69,-4.510777888212608,10.329275249516568,-2.8189594545683856,11.618415414485913,0.09779070362548659,True,walking_dual_task,P10,12,0.34
2026-04-03T17:25:21.436082,1217.7153053075365,92739,72,-5.165606860825405,10.925101847853908,-3.2790397092200005,12.521718973097462,0.9033035586115492,True,walking_dual_task,P10,12,0.34
2026-04-03T17:25:21.436532,1218.9866825804518,92728,70,-4.942140891565679,11.06173794641671,-3.193353897036884,12.52933805510098,0.007619082003518685,True,walking_dual_task,P10,12,0.34
2026-04-03T17:25:21.437466,1235.3233983382709,92728,72,-4.517137703982502,9.295843521476925,-3.76172548221455,10.998537103454582,1.5308009516463983,True,walking_dual_task,P10,12,0.34
2026-04-03T17:25:21.437967,1237.3696162554322,92681,70,-4.52330727103178,9.446871399060615,-3.5117571143978275,11.046996240113517,0.0484591366589342,True,walking_dual_task,P10,12,0.34
2026-04-03T17:25:21.495138,1325.8310617853313,92681,70,-4.331599595403891,8.480766539442065,-2.8567914741101696,9.942203663070469,1.1047925770430478,True,walking_dual_task,P10,12,0.34
2026-04-03T17:25:21.556010,1156.182562628256,92620,71,-4.25463869949881,8.712155585743137,-2.9227932793489337,10.126515983657734,0.18431232058726543,True,walking_dual_task,P10,12,0.34
2026-04-03T17:25:21.556050,1046.3360684742502,92620,69,-4.857196726144468,8.557094048872374,-2.874793297744997,10.250885576498993,0.12436959284125848,True,walking_dual_task,P10,12,0.34
2026-04-03T17:25:21.556063,1127.4739279785163,92610,72,-4.883873284950603,8.426218407708856,-3.06518830967608,10.210227925548022,0.04065765095097085,True,walking_dual_task,P10,12,0.34
2026-04-03T17:25:21.617080,1207.6394884856109,92610,71,-4.884395332944787,8.687284990418092,-2.8643778278677545,10.36971063308985,0.15948270754182836,True,walking_dual_task,P10,12,0.34
2026-04-03T17:25:21.617137,1147.4651182749365,92618,72,-4.816427199691362,8.484946553354536,-2.6733917388759347,10.116289456747463,0.25342117634238726,True,walking_dual_task,P10,12,0.34
2026-04-03T17:25:21.617144,1189.0769232496466,92618,72,-4.530153469365054,8.323050039138186,-2.9361731318485758,9.920512339097607,0.19577711764985573,True,walking_dual_task,P10,12,0.34
2026-04-03T17:25:21.617149,1197.3011766115592,92619,69,-4.472617334610434,7.987569590326361,-2.7769588668867207,9.56645568277745,0.35405665632015726,True,walking_dual_task,P10,12,0.34
2026-04-03T17:25:21.617547,1163.49281163773,92619,73,-4.622080619058354,7.777631327223109,-2.7112326274163667,9.444890717803156,0.12156496497429359,True,walking_dual_task,P10,12,0.34
2026-04-03T17:25:21.675854,1240.4603559230457,92614,71,-4.6997143631492095,7.618806133750167,-2.579805998101482,9.316057158836056,0.12883355896710036,True,walking_dual_task,P10,12,0.34
2026-04-03T17:25:21.675897,1106.5881166256954,92614,70,-4.258324159335455,7.623671069613553,-2.8967114493829196,9.200251216386906,0.11580594244914977,True,walking_dual_task,P10,12,0.34
2026-04-03T17:25:21.675910,1314.0374579864556,92606,69,-4.500390886648325,7.625197837179926,-3.173635923920661,9.405802739073389,0.20555152268648236,True,walking_dual_task,P10,12,0.34
2026-04-03T17:25:21.740463,1216.3006345258443,92606,71,-4.193118213279496,7.540983299259182,-3.0380346672965883,9.147585698419995,0.2582170406533937,True,walking_dual_task,P10,12,0.34
2026-04-03T17:25:21.740927,1276.2933164831068,92615,70,-4.179225383540545,7.583296557345856,-2.9642447884279415,9.151997522333872,0.0044118239138768445,True,walking_dual_task,P10,12,0.34
2026-04-03T17:25:21.741283,1117.7722009622462,92615,71,-4.38201917839236,7.600374078552979,-3.010559290446719,9.275302984540911,0.12330546220703908,True,walking_dual_task,P10,12,0.34
2026-04-03T17:25:21.795269,1143.297875651367,92629,71,-4.079864904244687,7.6420309328187175,-2.9880048682740936,9.163738729791204,0.1115642547497071,True,walking_dual_task,P10,12,0.34
2026-04-03T17:25:21.795700,1237.3323653321997,92629,70,-4.348383982213396,7.6033111200750945,-2.9353738347613527,9.237705494073145,0.07396676428194127,True,walking_dual_task,P10,12,0.34
2026-04-03T17:25:21.796170,1111.4113798358974,92645,71,-4.222275757018387,7.584834141759299,-3.0384206609870725,9.197245328869718,0.04046016520342732,True,walking_dual_task,P10,12,0.34
2026-04-03T17:25:21.858989,1232.0088382746467,92645,70,-4.321210996627056,7.551704949642902,-2.9960963485524963,9.202048981267232,0.004803652397514568,True,walking_dual_task,P10,12,0.34
2026-04-03T17:25:21.859083,1188.2302382020564,92666,72,-4.435044774327185,7.703606978600566,-2.963767507814891,9.370117420364032,0.1680684390967997,True,walking_dual_task,P10,12,0.34
2026-04-03T17:25:21.859102,1131.109826514854,92666,70,-4.247302469135412,7.508055096485156,-2.8200921030091095,9.075427762129719,0.29468965823431326,True,walking_dual_task,P10,12,0.34
2026-04-03T17:25:21.928377,1123.8540866806193,92682,70,-4.183599491867891,7.533996024910937,-2.9848057610214376,9.119904947024274,0.04447718489455532,True,walking_dual_task,P10,12,0.34
2026-04-03T17:25:21.977244,1139.7391792106278,92682,70,-4.255412130364574,7.680822445324349,-3.106019421506355,9.31401752642902,0.19411257940474513,True,walking_dual_task,P10,12,0.34
2026-04-03T17:25:21.977288,1213.1762586178097,92701,72,-4.392909199315219,7.5547956851241596,-3.047037010706097,9.255107974627398,0.05890955180162116,True,walking_dual_task,P10,12,0.34
2026-04-03T17:25:21.977301,1252.6056541700173,92701,70,-4.03297003553521,8.047828854240887,-3.284187043619761,9.582185612487214,0.3270776378598157,True,walking_dual_task,P10,12,0.34
2026-04-03T17:25:21.977312,1159.6931596941668,92717,72,-4.34133606516869,8.387949868121419,-3.168399177232013,9.962110979462986,0.3799253669757725,True,walking_dual_task,P10,12,0.34
2026-04-03T17:25:21.977322,1233.1733800242157,92717,70,-4.194244563044088,8.263581955284728,-3.102255610609699,9.772536214304433,0.18957476515855376,True,walking_dual_task,P10,12,0.34
2026-04-03T17:25:22.035684,1237.8148883832378,92705,71,-4.647090583298512,8.767940382759495,-3.238945991568665,10.438534407727223,0.6659981934227908,True,walking_dual_task,P10,12,0.34
2026-04-03T17:25:22.035720,1269.3463185934572,92705,72,-4.7497184739175715,8.82885349199922,-3.0874185782415458,10.490025407115644,0.05149099938842028,True,walking_dual_task,P10,12,0.34
2026-04-03T17:25:22.035733,1230.06502676929,92631,70,-5.429408189601722,9.025578382712641,-3.384753295727801,11.063276788761284,0.5732513816456404,True,walking_dual_task,P10,12,0.34
2026-04-03T17:25:22.100177,1156.1313868275945,92631,72,-4.717616875181691,8.965900429465888,-3.9468874017747693,10.872957263522379,0.19031952523890538,True,walking_dual_task,P10,12,0.34
2026-04-03T17:25:22.100219,1227.5888455375086,92581,69,-4.636158480074721,9.058420565717688,-3.7396186523576693,10.84129587562517,0.03166138789720918,True,walking_dual_task,P10,12,0.34
2026-04-03T17:25:22.100234,1145.9301661467778,92581,73,-3.359958146126326,8.499555882156317,-3.870942266273512,9.925520790691108,0.9157750849340616,True,walking_dual_task,P10,12,0.34
2026-04-03T17:25:22.155788,1083.589942550343,92585,72,-3.270737167002335,8.501835427859922,-4.0074835429655025,9.951826546175527,0.026305755484418825,True,walking_dual_task,P10,12,0.34
2026-04-03T17:25:22.155821,1122.7555561607608,92585,72,-3.2826109876374234,8.018020124495589,-3.7130438493626805,9.426074275129823,0.5257522710457039,True,walking_dual_task,P10,12,0.34
2026-04-03T17:25:22.155834,1232.0558125788,92606,71,-3.2864887010703376,8.671100138587459,-3.9182990420815997,10.066879008851354,0.6408047337215308,True,walking_dual_task,P10,12,0.34
2026-04-03T17:25:22.224262,1245.315972216357,92606,72,-3.1420723344025845,8.96213833230036,-3.98222262651447,10.298089098907106,0.2312100900557521,True,walking_dual_task,P10,12,0.34
2026-04-03T17:25:22.224298,1216.696882635052,92629,71,-3.611241979594137,9.486666337525495,-4.164759326347909,10.97192449304698,0.6738353941398749,True,walking_dual_task,P10,12,0.34
2026-04-03T17:25:22.224309,1224.3168018335962,92629,71,-3.614557956604422,9.265036119321614,-3.9326679382667393,10.694475238489153,0.277449254557828,True,walking_dual_task,P10,12,0.34
2026-04-03T17:25:22.336595,1168.864203777304,92649,71,-3.750994252410729,8.840379860821766,-4.21470483669701,10.487421552780196,0.20705368570895644,True,walking_dual_task,P10,12,0.34
2026-04-03T17:25:22.336637,1155.0985958394833,92649,71,-3.641180329082093,8.472754787770644,-4.312516726943394,10.18054853152576,0.30687302125443594,True,walking_dual_task,P10,12,0.34
2026-04-03T17:25:22.336653,1242.1599133183117,92643,72,-3.7452311568946937,8.66989110296762,-4.101690494414388,10.296486442853272,0.11593791132751186,True,walking_dual_task,P10,12,0.34
2026-04-03T17:25:22.337394,1180.0106882007199,92643,71,-3.001126785844752,9.100446149730926,-4.379162033652158,10.535745926409188,0.23925948355591586,True,walking_dual_task,P10,12,0.34
2026-04-03T17:25:22.337420,1194.1808432903836,92645,70,-3.0715240774941406,9.201127395775336,-4.478363584195098,10.684135243629145,0.14838931721995685,True,walking_dual_task,P10,12,0.34
2026-04-03T17:25:22.337720,1213.1308321596405,92645,72,-2.9127846072701837,9.366747043138039,-4.381887798466578,10.743426130282444,0.05929088665329907,True,walking_dual_task,P10,12,0.34
2026-04-03T17:25:22.396673,1119.7649126376286,92651,72,-2.550746636613083,8.531345505997859,-4.701787336425792,10.06960618415024,0.6738199461322036,True,walking_dual_task,P10,12,0.34
2026-04-03T17:25:22.396717,1278.5997402140208,92651,70,-1.9902209093821386,7.854266417494092,-4.09009117408964,9.076305748347359,0.9933004358028814,True,walking_dual_task,P10,12,0.34
2026-04-03T17:25:22.396726,1110.1606152674426,92663,71,-2.10835609411466,7.9648322459867575,-4.581664694945957,9.427373414860318,0.35106766651295906,True,walking_dual_task,P10,12,0.34
2026-04-03T17:25:22.454537,1194.3380589635399,92663,68,-2.2728749718421275,7.454682947954403,-4.274690265788915,8.888826433257599,0.5385469816027193,True,walking_dual_task,P10,12,0.34
2026-04-03T17:25:22.517428,1192.0940149924481,92691,70,-2.143772405259831,7.5049331149043015,-4.303995822715472,8.913145417118074,0.02431898386047493,True,walking_dual_task,P10,12,0.34
2026-04-03T17:25:22.517463,1095.9618860936496,92691,70,-2.4692968343150423,7.8803684195262775,-4.6940203214057705,9.499024163628373,0.5858787465102999,True,walking_dual_task,P10,12,0.34
2026-04-03T17:25:22.517476,1151.6658844878673,92728,71,-2.4226620018648353,8.183443155369655,-4.783698336357515,9.783751980999716,0.28472781737134234,True,walking_dual_task,P10,12,0.34
2026-04-03T17:25:22.517487,1173.4168528477996,92728,71,-2.6314192753887005,8.192809328606389,-4.8866296058891106,9.895738527413657,0.11198654641394157,True,walking_dual_task,P10,12,0.34
2026-04-03T17:25:22.517498,1101.6310641677937,92751,72,-2.922184789630139,7.970389815784668,-4.781779490616637,9.743289632213116,0.15244889520054095,True,walking_dual_task,P10,12,0.34
2026-04-03T17:25:22.577885,1160.9847707895974,92751,70,-2.7850051991698668,7.87063726473951,-4.8210948952095345,9.640857892383066,0.10243173983005072,True,walking_dual_task,P10,12,0.34
2026-04-03T17:25:22.578493,1095.2444754116184,92765,72,-2.5658890440920485,8.370318335246312,-4.981364350514109,10.072735795826526,0.43187790344346055,True,walking_dual_task,P10,12,0.34
2026-04-03T17:25:22.578547,1135.3705831738944,92765,72,-2.613667444329339,8.385606726660939,-4.740371652267896,9.981021044231563,0.09171475159496367,True,walking_dual_task,P10,12,0.34
2026-04-03T17:25:22.635439,1178.3985855029805,92773,69,-2.6838091511830764,8.643393788970988,-4.749458489939795,10.220980564449649,0.2399595202180862,True,walking_dual_task,P10,12,0.34
2026-04-03T17:25:22.636415,1129.1489415462354,92773,70,-2.5095330184326636,8.765694816930122,-4.729698902416175,10.271573068506894,0.05059250405724569,True,walking_dual_task,P10,12,0.34
2026-04-03T17:25:22.636882,1047.9794253141154,92731,72,-2.9066368590510785,8.913070331641729,-4.020842943847173,10.20090871178994,0.07066435671695359,True,walking_dual_task,P10,12,0.34
2026-04-03T17:25:22.703225,1121.500431357233,92731,71,-3.2323480336696657,9.461014921650289,-3.606370548663858,10.628489341986828,0.4275806301968874,True,walking_dual_task,P10,12,0.34
2026-04-03T17:25:22.703276,1120.2952082271854,92682,71,-3.128423047004652,9.4896321044837,-3.542615358023054,10.601427819608944,0.027061522377884728,True,walking_dual_task,P10,12,0.34
2026-04-03T17:25:22.703787,1209.1751669601967,92682,72,-3.195715004293888,9.306704585803406,-3.6754930337544645,10.504122699076817,0.09730512053212692,True,walking_dual_task,P10,12,0.34
2026-04-03T17:25:22.755694,1232.0713367197702,92679,70,-3.373107772656927,9.532251952369307,-3.719723533836227,10.773951294561439,0.269828595484622,True,walking_dual_task,P10,12,0.34
2026-04-03T17:25:22.756316,1238.4347753115035,92679,69,-3.136260714057053,9.428269481044525,-3.5894034319093016,10.564668176082746,0.20928311847869274,True,walking_dual_task,P10,12,0.34
2026-04-03T17:25:22.756522,1150.6230788027563,92656,71,-3.154839146638271,9.524624019531993,-3.536309129791971,10.638465820599187,0.073797644516441,True,walking_dual_task,P10,12,0.34
2026-04-03T17:25:22.814494,1187.3805381054099,92656,72,-3.33336054530093,9.375135152049262,-3.482832523181614,10.542038419048295,0.09642740155089236,True,walking_dual_task,P10,12,0.34
2026-04-03T17:25:22.814895,1048.7548523460143,92667,72,-3.164278099946732,9.603727922234787,-3.4779947844516546,10.693020790159698,0.15098237111140378,True,walking_dual_task,P10,12,0.34
2026-04-03T17:25:22.815188,1142.822790195795,92667,71,-3.1711588432265496,9.652644743598662,-3.69430126319844,10.81099721479783,0.1179764246381314,True,walking_dual_task,P10,12,0.34
2026-04-03T17:25:22.875577,1182.0665105769879,92681,71,-3.2939002610175145,9.36780845768931,-3.5753039590905638,10.554070903181165,0.2569263116166649,True,walking_dual_task,P10,12,0.34
2026-04-03T17:25:22.875615,1168.355823562296,92681,72,-3.214784752640636,9.404828978556624,-3.7490384412313857,10.622661547632017,0.06859064445085217,True,walking_dual_task,P10,12,0.34
2026-04-03T17:25:22.876118,1251.7786102140853,92670,71,-3.203603822060396,9.47476146350274,-3.549690723242713,10.612939577217611,0.00972197041440559,True,walking_dual_task,P10,12,0.34
2026-04-03T17:25:22.935112,1131.4424806974473,92670,69,-3.2275275046999465,9.488704213361139,-3.619402960028062,10.656102440822911,0.04316286360529986,True,walking_dual_task,P10,12,0.34
2026-04-03T17:25:22.935157,1243.287105119477,92656,70,-3.1474736061559727,9.45440715391607,-3.722641461832822,10.6372206984167,0.018881742406211544,True,walking_dual_task,P10,12,0.34
2026-04-03T17:25:22.935555,1190.3441544318641,92656,71,-5.5944382539495665,8.232872621063667,-2.0688230321783814,10.16651167856437,0.47070901985232894,True,walking_dual_task,P10,12,0.34
2026-04-03T17:25:23.054509,1280.780316084678,92652,71,-4.7833620054485975,8.0213761780923,-2.2651650718548377,9.610098889625798,0.556412788938573,True,walking_dual_task,P10,12,0.34
2026-04-03T17:25:23.055852,1063.5311276708887,92652,71,-5.090521168883328,8.170560183844401,-2.268634800079963,9.890306534420791,0.28020764479499327,True,walking_dual_task,P10,12,0.34
2026-04-03T17:25:23.056119,1122.990202696342,92650,69,-4.218377619812395,7.435691070064886,-2.2424438079731726,8.838142659218281,1.0521638752025098,True,walking_dual_task,P10,12,0.34
2026-04-03T17:25:23.056456,1182.7142719266283,92650,72,-4.310478539579002,7.173012455311139,-2.2281918600650243,8.660090755268094,0.17805190395018755,True,walking_dual_task,P10,12,0.34
2026-04-03T17:25:23.114183,1208.5374501432434,92657,71,-3.712881342469554,6.667090519562212,-2.3832971207790865,7.994728827496823,0.6653619277712703,True,walking_dual_task,P10,12,0.34
2026-04-03T17:25:23.114755,1234.022455356063,92657,72,-3.3945812585885773,6.570179516333644,-2.0029243201879026,7.661732612824019,0.3329962146728045,True,walking_dual_task,P10,12,0.34
2026-04-03T17:25:23.115864,1149.4169110927116,92674,71,-3.2632809874466298,6.644097230567857,-2.033102316335925,7.676362148893226,0.014629536069207028,True,walking_dual_task,P10,12,0.34
2026-04-03T17:25:23.116424,1212.908487731706,92674,70,-3.871681167200861,6.815031170495408,-1.7380408282863757,8.02840898535147,0.3520468364582445,True,walking_dual_task,P10,12,0.34
2026-04-03T17:25:23.117128,1262.8368498262098,92682,70,-3.736236438723759,6.756207839925653,-1.8607905630291344,7.941558324521601,0.08685066082986914,True,walking_dual_task,P10,12,0.34
2026-04-03T17:25:23.175790,1078.6201820929305,92682,73,-4.158971004676618,7.41460367891789,-2.171103115267452,8.774227958646138,0.832669634124537,True,walking_dual_task,P10,12,0.34
2026-04-03T17:25:23.176657,1069.197288598467,92702,70,-4.455467418236132,7.685670299257656,-2.7410864674358257,9.297003435828923,0.522775477182785,True,walking_dual_task,P10,12,0.34
2026-04-03T17:25:23.176739,1247.8088865476566,92702,72,-4.232121744845343,7.68813600613946,-2.4592740256633703,9.114072549930317,0.18293088589860673,True,walking_dual_task,P10,12,0.34
2026-04-03T17:25:23.244457,1171.2522476976185,92692,70,-4.6925994959419395,8.325787232540547,-3.3699121873247777,10.133880363470343,1.0198078135400266,True,walking_dual_task,P10,12,0.34
2026-04-03T17:25:23.244516,1136.4924716615985,92692,71,-4.626619860101988,8.291869847350895,-3.4357723106768137,10.097784324598669,0.03609603887167445,True,walking_dual_task,P10,12,0.34
2026-04-03T17:25:23.244536,1211.758770586257,92625,70,-4.670236287611756,8.373225633636078,-3.3684752727610223,10.16211789722538,0.0643335726267118,True,walking_dual_task,P10,12,0.34
2026-04-03T17:25:23.298606,1158.9881131577697,92625,70,-4.377780107313738,9.437146690131634,-3.7758593838307184,11.067150057965096,0.9050321607397152,True,walking_dual_task,P10,12,0.34
2026-04-03T17:25:23.298657,1149.6563458507703,92613,73,-4.351181138713992,9.015714139225874,-3.311955319761127,10.54442633727562,0.5227237206894753,True,walking_dual_task,P10,12,0.34
2026-04-03T17:25:23.298675,1206.0565125773503,92613,70,-4.2916679536850415,8.960205619865366,-3.334812352337408,10.479726714006249,0.06469962326937129,True,walking_dual_task,P10,12,0.34
2026-04-03T17:25:23.361031,1135.065751107286,92606,71,-4.787798889559676,8.911335821339604,-3.014158024261736,10.555570705688096,0.07584399168184675,True,walking_dual_task,P10,12,0.34
2026-04-03T17:25:23.361079,1030.0712655166071,92606,72,-4.352377484391515,8.823289063509202,-3.106899034148707,10.31728846515757,0.23828224053052516,True,walking_dual_task,P10,12,0.34
2026-04-03T17:25:23.362014,1106.6972479139797,92600,71,-5.366094842283489,9.910192420767432,-3.4436821608697485,11.78413486421936,1.4668463990617902,True,walking_dual_task,P10,12,0.34
2026-04-03T17:25:23.418825,1107.307307469241,92600,72,-4.445300991618981,9.877309009796472,-4.4861625757523145,11.723804367063444,0.06033049715591687,True,walking_dual_task,P10,12,0.34
2026-04-03T17:25:23.418871,1147.4830351059309,92602,72,-4.300304910017663,9.656611701264735,-4.434486569117074,11.463308553807872,0.2604958132555719,True,walking_dual_task,P10,12,0.34
2026-04-03T17:25:23.418884,1267.8882893620296,92602,71,-2.8877478203862204,8.47376014908542,-4.735515809714021,10.127626006247711,1.335682547560161,True,walking_dual_task,P10,12,0.34
2026-04-03T17:25:23.474654,1195.5725756135407,92605,69,-3.0204101849105873,8.454385695787757,-4.69012066497518,10.12900523399408,0.001379227746369338,True,walking_dual_task,P10,12,0.34
2026-04-03T17:25:23.537958,1191.250085843762,92605,72,-2.8736049378115744,7.68092117589954,-4.324704154016884,9.271311744773117,0.8576934892209636,True,walking_dual_task,P10,12,0.34
2026-04-03T17:25:23.537990,1211.2050491286163,92624,70,-2.898521615241276,7.512544126669815,-4.339829970780647,9.147342290767739,0.12396945400537795,True,walking_dual_task,P10,12,0.34
2026-04-03T17:25:23.538003,1196.1405870341696,92624,71,-2.815570060578187,8.08328920956467,-4.483976356792072,9.662972792042789,0.5156305012750497,True,walking_dual_task,P10,12,0.34
2026-04-03T17:25:23.538014,1175.2816424590121,92645,71,-2.9045410163178094,8.249473710546546,-4.566411423693601,9.866219554971929,0.20324676292914035,True,walking_dual_task,P10,12,0.34
2026-04-03T17:25:23.538024,1171.11119044792,92645,71,-2.9118154760762014,8.270924591751337,-4.6021744582756146,9.902871942702195,0.0366523877302658,True,walking_dual_task,P10,12,0.34
2026-04-03T17:25:23.595929,1193.2673950180174,92671,71,-3.80107190624548,8.255739466833072,-4.546178832125466,10.162338498315215,0.25946655561302023,True,walking_dual_task,P10,12,0.34
2026-04-03T17:25:23.595958,1254.924038698358,92671,71,-3.902115116483252,8.159451764949962,-4.492790690024812,10.098926857404493,0.06341164091072216,True,walking_dual_task,P10,12,0.34
2026-04-03T17:25:23.595971,1218.0297978362382,92672,72,-3.5827714538038835,8.701831520834073,-4.759043288355269,10.545454761536496,0.4465279041320027,True,walking_dual_task,P10,12,0.34
2026-04-03T17:25:23.661047,1120.550784262225,92672,69,-3.579494423005009,8.469486231925345,-4.745577430618301,10.34724516511959,0.1982095964169055,True,walking_dual_task,P10,12,0.34
2026-04-03T17:25:23.662060,1197.188403912451,92681,72,-2.822756362252597,8.471588067541697,-5.061162490768334,10.264069545005661,0.08317562011392887,True,walking_dual_task,P10,12,0.34
2026-04-03T17:25:23.716642,1246.3056949016093,92681,69,-2.077074919743086,8.266267672412654,-5.01989693105087,9.891652372206284,0.372417172799377,True,walking_dual_task,P10,12,0.34
2026-04-03T17:25:23.716671,1144.065411736269,92695,73,-2.212542630294283,8.33155898910427,-5.111984665940138,10.022105931619402,0.13045355941311776,True,walking_dual_task,P10,12,0.34
2026-04-03T17:25:23.716683,1143.9369610359226,92695,70,-2.1342438188999493,8.09541247137209,-4.9247492419401,9.713076487712273,0.3090294439071286,True,walking_dual_task,P10,12,0.34
2026-04-03T17:25:23.716693,1157.1794473186699,92704,70,-2.2969778496145734,8.287721586301139,-4.883543645397331,9.889966373560757,0.17688988584848353,True,walking_dual_task,P10,12,0.34
2026-04-03T17:25:23.775272,1229.083524419483,92704,72,-2.184702946325363,8.100117644130448,-4.798132724114649,9.664725058202947,0.22524131535780967,True,walking_dual_task,P10,12,0.34
2026-04-03T17:25:23.782608,1138.6421327102494,92728,71,-2.0629462569622072,8.20662829539543,-5.047714217341647,9.853116971692373,0.18839191348942563,True,walking_dual_task,P10,12,0.34
2026-04-03T17:25:23.782626,1181.2772660319283,92728,71,-2.131978475962576,8.337539042626243,-4.770629056810336,9.839654013580342,0.013462958112031131,True,walking_dual_task,P10,12,0.34
2026-04-03T17:25:23.836536,1134.2865484675688,92711,70,-2.1064904284590105,8.285175015936785,-4.977004719201793,9.892017132256164,0.05236311867582266,True,walking_dual_task,P10,12,0.34
2026-04-03T17:25:23.836577,1158.886615423061,92711,70,-2.1605771295401666,8.267620527909354,-4.803405309796055,9.802772327070395,0.0892448051857695,True,walking_dual_task,P10,12,0.34
2026-04-03T17:25:23.836590,1160.2080181164201,92663,70,-2.139621419167026,8.23883334033222,-5.054232859854041,9.899576982313762,0.09680465524336768,True,walking_dual_task,P10,12,0.34
2026-04-03T17:25:23.894559,1272.3412864397403,92663,71,-2.064649112329908,8.299941731776036,-4.895241077913319,9.854704151764883,0.04487283054887925,True,walking_dual_task,P10,12,0.34
2026-04-03T17:25:23.895067,1110.0452783403805,92647,70,-2.018895226400636,8.299424444158056,-4.815334271321901,9.805295925368023,0.049408226396860044,True,walking_dual_task,P10,12,0.34
2026-04-03T17:25:23.895518,1213.209284245637,92647,69,-2.283140197163938,8.279225446814111,-4.929933309260918,9.902653462221144,0.09735753685312076,True,walking_dual_task,P10,12,0.34
2026-04-03T17:25:23.956328,1210.3921507072625,92655,72,-2.018818107084196,8.094139416795317,-4.822481291195142,9.635717163342736,0.26693629887840764,True,walking_dual_task,P10,12,0.34
2026-04-03T17:25:23.957070,1175.7048983791913,92655,72,-3.367182500720462,9.746153564104594,-3.1499593914402495,10.781821342240345,1.146104178897609,True,walking_dual_task,P10,12,0.34
2026-04-03T17:25:23.957462,1117.9640160561535,92674,71,-4.9410764796203175,10.619602252821675,-2.8099189403479525,12.045158082686937,1.2633367404465918,True,walking_dual_task,P10,12,0.34
2026-04-03T17:25:24.075494,1189.735512953726,92674,71,-4.980307141487508,10.793205669034533,-2.9346431142862057,12.243728110582092,0.19857002789515477,True,walking_dual_task,P10,12,0.34
2026-04-03T17:25:24.075855,1203.561038482657,92673,71,-5.512999016093675,11.4225195461259,-3.008650681340479,13.035301678726448,0.7915735681443561,True,walking_dual_task,P10,12,0.34
2026-04-03T17:25:24.076054,1176.0547823463087,92673,71,-5.412235168831596,11.679141175307388,-2.8661551433147525,13.187474110725208,0.15217243199876052,True,walking_dual_task,P10,12,0.34
2026-04-03T17:25:24.076434,1031.7182839191914,92646,71,-4.813484488980704,9.854380779890379,-2.9688834959657635,11.36189784733821,1.8255762633869992,True,walking_dual_task,P10,12,0.34
2026-04-03T17:25:24.076917,1143.0441043575083,92646,70,-4.451207048640091,8.164450654631636,-2.5472356283001427,9.641571864994827,1.7203259823433825,True,walking_dual_task,P10,12,0.34
2026-04-03T17:25:24.135055,1294.5394605589509,92649,72,-4.3035736881920625,8.120304601906815,-2.836813180569226,9.618087249495053,0.023484615499773653,True,walking_dual_task,P10,12,0.34
2026-04-03T17:25:24.194815,1102.4261789446473,92649,72,-4.070034248837988,8.220109685559155,-2.523193852409379,9.513248091276404,0.10483915821864898,True,walking_dual_task,P10,12,0.34
2026-04-03T17:25:24.194870,1132.1171291705068,92660,72,-4.0611571202246655,8.20982553635859,-2.7371423253302694,9.55961194828072,0.04636385700431589,True,walking_dual_task,P10,12,0.34
2026-04-03T17:25:24.195605,1125.9188783265663,92660,70,-4.974438805023966,8.518595558825423,-2.4902836038702647,10.174135056478931,0.6145231081982114,True,walking_dual_task,P10,12,0.34
2026-04-03T17:25:24.196042,1156.0747768860508,92664,72,-5.378984641485337,8.364392488109889,-2.7067939876714138,10.306467443318219,0.1323323868392876,True,walking_dual_task,P10,12,0.34
2026-04-03T17:25:24.196969,1149.8419591814575,92664,71,-5.288822002045257,8.384319145352602,-2.6988764012954554,10.27386877130099,0.032598672017229546,True,walking_dual_task,P10,12,0.34
2026-04-03T17:25:24.197535,1094.859009543197,92665,72,-4.702321593828312,8.018899561761465,-2.8159659816913476,9.71309646628948,0.5607723050115094,True,walking_dual_task,P10,12,0.34
2026-04-03T17:25:24.255452,1088.8479135598072,92665,70,-5.00890736739778,8.035294794709424,-2.7570097186714992,9.8618567238581,0.14876025756862,True,walking_dual_task,P10,12,0.34
2026-04-03T17:25:24.256162,1212.4576986001687,92660,72,-4.223860614651263,7.376105261869901,-2.7582422246427845,8.936208787622935,0.9256479362351655,True,walking_dual_task,P10,12,0.34
2026-04-03T17:25:24.256719,1185.222760647427,92660,72,-4.0243118221415095,6.807910281643125,-2.8104334063045187,8.392929403730411,0.5432793838925232,True,walking_dual_task,P10,12,0.34
2026-04-03T17:25:24.315795,1164.400358963036,92664,71,-3.9508299270991136,6.858092312767245,-2.6545176535069137,8.347990851461148,0.044938552269263354,True,walking_dual_task,P10,12,0.34
2026-04-03T17:25:24.377634,1215.991933329312,92664,70,-4.11254595143517,7.141465955281393,-2.695110202528845,8.670478025857863,0.3224871743967146,True,walking_dual_task,P10,12,0.34
2026-04-03T17:25:24.377674,1155.8874847450757,92686,72,-3.955537637869691,7.228842649231114,-2.7595739747268864,8.6900916320794,0.019613606221536628,True,walking_dual_task,P10,12,0.34
2026-04-03T17:25:24.377744,1021.507037663577,92686,71,-4.180742904651904,7.3623503734590905,-2.673787872202455,8.878736162422408,0.18864453034300865,True,walking_dual_task,P10,12,0.34
2026-04-03T17:25:24.377756,1139.832241608539,92697,72,-4.323392784674735,7.057666791422608,-2.67566520733765,8.698365939133872,0.18037022328853602,True,walking_dual_task,P10,12,0.34
2026-04-03T17:25:24.377767,1137.3730928588645,92697,72,-4.396758776063118,7.0267358627336485,-2.7982204135563316,8.748516565816093,0.050150626682221144,True,walking_dual_task,P10,12,0.34
2026-04-03T17:25:24.436537,1137.769812527117,92661,72,-4.6208271336528535,7.135463795550609,-2.8001259103139753,8.950284469799136,0.20176790398304334,True,walking_dual_task,P10,12,0.34
2026-04-03T17:25:24.437991,1152.719108141362,92661,71,-4.668693402174647,7.192163009445487,-2.744829114712086,9.003221296120415,0.05293682632127883,True,walking_dual_task,P10,12,0.34
2026-04-03T17:25:24.438033,1215.5352916749468,92607,71,-4.318427641420124,7.514907194984131,-2.9149686166231246,9.144380212967054,0.1411589168466385,True,walking_dual_task,P10,12,0.34
2026-04-03T17:25:24.494562,1167.4987504937092,92607,70,-3.976438326211952,7.578758530092842,-3.033294485420667,9.080226762306422,0.0641534506606316,True,walking_dual_task,P10,12,0.34
2026-04-03T17:25:24.494843,1204.8039868215249,92598,71,-3.9423772273805073,7.413218183550395,-3.0804879739261994,8.943575805984683,0.13665095632173951,True,walking_dual_task,P10,12,0.34
2026-04-03T17:25:24.495250,1109.7160169591996,92598,73,-3.8657537171230394,7.259528240144169,-2.785864652301107,8.683653835330036,0.25992197065464673,True,walking_dual_task,P10,12,0.34
2026-04-03T17:25:24.556605,1153.872671268261,92613,71,-3.8869647577075273,7.70675104986183,-2.774417148306719,9.066415900730847,0.3827620654008115,True,walking_dual_task,P10,12,0.34
2026-04-03T17:25:24.556644,1170.5713763756505,92613,70,-3.8947636792892077,7.796065861520701,-2.738623889915054,9.134981545963427,0.0685656452325798,True,walking_dual_task,P10,12,0.34
2026-04-03T17:25:24.556661,1222.619978037592,92619,70,-4.32071577827008,7.7790017162283265,-2.7229911317673023,9.305704338810612,0.17072279284718483,True,walking_dual_task,P10,12,0.34
2026-04-03T17:25:24.616226,1173.821466841045,92619,71,-4.26460929532639,7.968892651485177,-2.7046366514005205,9.434256830761909,0.1285524919512966,True,walking_dual_task,P10,12,0.34
2026-04-03T17:25:24.616263,1154.3810885690905,92628,70,-4.3374904335567255,8.8425409530279,-3.0055570281618347,10.297462154176856,0.863205323414947,True,walking_dual_task,P10,12,0.34
2026-04-03T17:25:24.616279,1194.5627082391964,92628,72,-4.636295181145885,8.758900728043056,-3.1233179331021432,10.390798327446605,0.09333617326974952,True,walking_dual_task,P10,12,0.34
2026-04-03T17:25:24.691710,1202.340728510627,92619,71,-4.79266201160395,8.687080887541237,-3.333440508347876,10.466461155846824,0.07566282840021898,True,walking_dual_task,P10,12,0.34
2026-04-03T17:25:24.691745,1096.4381388887264,92619,70,-4.734692882729148,8.52488753472709,-3.4684174375844625,10.34992481590332,0.11653633994350443,True,walking_dual_task,P10,12,0.34
2026-04-03T17:25:24.691753,1189.0000070267895,92613,70,-4.745351193040678,8.367201044290413,-3.3996943345618083,10.202270964315682,0.14765385158763777,True,walking_dual_task,P10,12,0.34
2026-04-03T17:25:24.800261,1286.971819326537,92613,72,-4.599206231213445,8.44103328533491,-3.252926296270783,10.14816586237801,0.05410510193767237,True,walking_dual_task,P10,12,0.34
2026-04-03T17:25:24.800317,1134.9743649927232,92607,70,-4.600181430026569,8.613023809441678,-3.2174365481647307,10.280940923506792,0.13277506112878257,True,walking_dual_task,P10,12,0.34
2026-04-03T17:25:24.800334,1176.9641758135888,92607,70,-4.729616997645976,8.565102051778211,-3.3403599767350003,10.338677617373031,0.057736693866239364,True,walking_dual_task,P10,12,0.34
2026-04-03T17:25:24.800346,1250.3225362990493,92612,70,-4.706824608307873,8.668017338620684,-3.369623127121083,10.423199244705565,0.0845216273325331,True,walking_dual_task,P10,12,0.34
2026-04-03T17:25:24.800357,1210.501686807574,92612,71,-4.849566806737625,8.634307411370195,-3.3916826411008785,10.467715788317843,0.044516543612278525,True,walking_dual_task,P10,12,0.34
2026-04-03T17:25:24.800369,1161.1559985599356,92600,72,-4.682317421641922,8.613078568423846,-3.329840394580834,10.353601108611239,0.1141146797066046,True,walking_dual_task,P10,12,0.34
2026-04-03T17:25:24.855939,1182.3189984389203,92600,72,-4.619135752765583,8.529917032013035,-3.205803964552778,10.216314342004443,0.1372867666067954,True,walking_dual_task,P10,12,0.34
2026-04-03T17:25:24.855977,1241.9010734421167,92613,72,-4.709089998400627,8.32266561284823,-3.441770777494971,10.163074219995718,0.05324012200872552,True,walking_dual_task,P10,12,0.34
2026-04-03T17:25:24.855989,1145.8787829165954,92613,71,-4.555243822990845,8.408596584590645,-3.4950948321227044,10.181867740980362,0.018793520984644374,True,walking_dual_task,P10,12,0.34
2026-04-03T17:25:24.917257,1072.5914466699928,92630,71,-4.642626701560542,8.563431409875049,-3.3485025468699683,10.300427637145564,0.1185598961652019,True,walking_dual_task,P10,12,0.34
2026-04-03T17:25:24.917298,1137.246091845519,92630,72,-4.517889547950593,8.507816191261416,-3.248312528596811,10.16591346585294,0.13451417129262389,True,walking_dual_task,P10,12,0.34
2026-04-03T17:25:24.917311,1152.164223612636,92646,71,-4.690963864027731,8.262644829122697,-3.3849153795291733,10.086332022713467,0.0795814431394728,True,walking_dual_task,P10,12,0.34
2026-04-03T17:25:24.976227,1165.1200085544297,92646,71,-2.679179334380333,7.702760481607516,-4.721741529837668,9.423659799535363,0.6626722231781041,True,walking_dual_task,P10,12,0.34
2026-04-03T17:25:24.976267,1119.2206405337986,92679,71,-3.445165559979632,7.783860238106028,-4.13036886400176,9.46137373190347,0.037713932368106384,True,walking_dual_task,P10,12,0.34
2026-04-03T17:25:24.976280,1190.1154165281666,92679,71,-3.250703028211891,7.852311024741354,-4.1365034598739285,9.451799801119867,0.009573930783602691,True,walking_dual_task,P10,12,0.34
2026-04-03T17:25:25.035892,1112.6447553717962,92654,70,-3.465845215844233,8.152451822606672,-4.4770863911802685,9.92566654357302,0.4738667424531524,True,walking_dual_task,P10,12,0.34
2026-04-03T17:25:25.035924,1076.6908507364544,92654,72,-3.59594779380912,8.115452886027503,-4.275058261667638,9.852285989646543,0.07338055392647647,True,walking_dual_task,P10,12,0.34
2026-04-03T17:25:25.035936,1220.489032728503,92580,69,-3.271910290834959,7.9612500254412435,-4.998787724101186,9.953631379023669,0.10134538937712634,True,walking_dual_task,P10,12,0.34
2026-04-03T17:25:25.095723,1224.6730235776658,92580,69,-2.365390420357148,7.844189489977846,-4.932879182935418,9.563455318494139,0.39017606052953013,True,walking_dual_task,P10,12,0.34
2026-04-03T17:25:25.095777,1145.9290044568438,92561,71,-2.392693358090425,7.757173472761728,-4.9803411120044645,9.52378702955343,0.03966828894070851,True,walking_dual_task,P10,12,0.34
2026-04-03T17:25:25.096253,1199.2244264380934,92561,73,-2.4861822513048337,7.182172902087161,-4.659924158373318,8.91513336658345,0.6086536629699797,True,walking_dual_task,P10,12,0.34
2026-04-03T17:25:25.157413,1188.9502415953234,92578,71,-2.2959866554996635,7.266518843919332,-4.821242372044174,9.017662049625802,0.10252868304235108,True,walking_dual_task,P10,12,0.34
2026-04-03T17:25:25.157604,1220.7096539553413,92578,73,-2.329332994701929,7.682996762478271,-4.750312580276439,9.328435081126484,0.31077303150068225,True,walking_dual_task,P10,12,0.34
2026-04-03T17:25:25.157674,1207.0322810313132,92597,72,-2.6020639040521614,7.8578671372093085,-4.372061255851557,9.361182197336161,0.032747116209677074,True,walking_dual_task,P10,12,0.34
2026-04-03T17:25:25.215342,1137.4163962254815,92597,71,-2.5703647256237665,7.899045153723164,-4.576585832311151,9.48403010559327,0.12284790825710878,True,walking_dual_task,P10,12,0.34
2026-04-03T17:25:25.215381,1194.610136554002,92626,71,-2.9918026284297023,7.964902962491061,-4.799210967934847,9.768469075762276,0.2844389701690062,True,walking_dual_task,P10,12,0.34
2026-04-03T17:25:25.215387,1203.4253105842963,92626,70,-2.8104330295278617,8.052488241204907,-4.6367691120305095,9.707766400490108,0.060702675272167994,True,walking_dual_task,P10,12,0.34
2026-04-03T17:25:25.274502,1157.0796511156695,92636,71,-3.011283784337321,9.04541644348446,-4.757657764590349,10.654703002469791,0.946936601979683,True,walking_dual_task,P10,12,0.34
2026-04-03T17:25:25.274953,1162.6974812695296,92636,71,-3.0771702340162896,8.985304802938494,-4.709840700110544,10.601286642254477,0.05341636021531393,True,walking_dual_task,P10,12,0.34
2026-04-03T17:25:25.275425,1118.0482941935534,92650,71,-3.197021058770527,9.052463090522696,-4.564851912842378,10.630423540089016,0.029136897834538544,True,walking_dual_task,P10,12,0.34
2026-04-03T17:25:25.335715,1224.5403132596516,92650,72,-3.16924875766782,8.844885064587157,-4.350317421132905,10.353810465637682,0.2766130744513333,True,walking_dual_task,P10,12,0.34
2026-04-03T17:25:25.336293,1119.9606979170476,92661,72,-3.225326491433218,9.15122857996071,-4.1866753937139105,10.567685004359287,0.21387453872160478,True,walking_dual_task,P10,12,0.34
2026-04-03T17:25:25.336324,1137.1800330800454,92661,70,-3.339717691270928,9.871939416945798,-3.7498958645745537,11.075677004336553,0.507991999977266,True,walking_dual_task,P10,12,0.34
2026-04-03T17:25:25.397945,1205.3135860070288,92665,70,-3.2598074469162492,10.191524123958166,-3.9231013664020606,11.396676396706962,0.32099939237040864,True,walking_dual_task,P10,12,0.34
2026-04-03T17:25:25.397991,1176.0206440650124,92665,70,-4.82911706066362,9.99104869720711,-3.309841630476949,11.580003336545058,0.18332693983809634,True,walking_dual_task,P10,12,0.34
2026-04-03T17:25:25.398005,1134.5638335800338,92672,72,-5.72307246375178,10.363868855341059,-3.1810312747508407,12.258967984581949,0.6789646480368905,True,walking_dual_task,P10,12,0.34
2026-04-03T17:25:25.515267,1130.8369226152636,92672,70,-5.672679185449135,10.526364236141454,-2.9881684569711573,12.325290418492502,0.06632243391055326,True,walking_dual_task,P10,12,0.34
2026-04-03T17:25:25.576294,1206.0111174413073,92669,70,-5.282548625729567,9.970339223162387,-2.862612865807204,11.640770448196829,0.684519970295673,True,walking_dual_task,P10,12,0.34
2026-04-03T17:25:25.576963,1160.7005630231608,92669,69,-5.418811223310383,9.988044618822446,-3.078619694256524,11.772954157870773,0.132183709673944,True,walking_dual_task,P10,12,0.34
2026-04-03T17:25:25.577436,1113.7757625755169,92664,72,-5.011827503158753,8.63334721733631,-2.8776749077373447,10.389134322508697,1.3838198353620754,True,walking_dual_task,P10,12,0.34
2026-04-03T17:25:25.577651,1070.0581219520134,92664,70,-4.74850460392742,8.50273752912418,-2.7738693407239414,10.126163764333704,0.2629705581749935,True,walking_dual_task,P10,12,0.34
2026-04-03T17:25:25.578066,1083.332571954954,92679,70,-4.495661670786716,8.133431854332946,-2.6227719099342566,9.656221832518082,0.4699419318156224,True,walking_dual_task,P10,12,0.34
2026-04-03T17:25:25.578205,1215.231460071313,92679,70,-4.62622813272132,8.118588482060028,-2.708697387061081,9.728849223402092,0.07262739088401027,True,walking_dual_task,P10,12,0.34
2026-04-03T17:25:25.639420,1210.1544829324503,92692,70,-4.573364241906254,7.604407740518634,-2.2968022898998868,9.166132135862751,0.5627170875393404,True,walking_dual_task,P10,12,0.34
2026-04-03T17:25:25.639488,1279.3512321350706,92692,70,-4.4574468042858255,7.548787938647252,-2.497172234192126,9.115311323423036,0.05082081243971537,True,walking_dual_task,P10,12,0.34
2026-04-03T17:25:25.639501,1105.8236960612887,92659,72,-4.89345061660405,7.080259865835489,-2.3714346251514855,8.927465535428894,0.1878457879941422,True,walking_dual_task,P10,12,0.34
2026-04-03T17:25:25.639512,1180.1343944821288,92659,71,-4.981279769443521,7.111021426185176,-2.1279534826072672,8.939125230651618,0.011659695222723698,True,walking_dual_task,P10,12,0.34
2026-04-03T17:25:25.639522,1126.9787665465778,92590,69,-4.707632985000083,7.25573914865799,-2.115320794111189,8.904051941494286,0.035073289157331544,True,walking_dual_task,P10,12,0.34
2026-04-03T17:25:25.694900,1164.7706359877868,92590,71,-5.153946880444416,7.190733319423578,-1.9238808934198106,9.053791018660469,0.14973907716618307,True,walking_dual_task,P10,12,0.34
2026-04-03T17:25:25.694941,1188.3123694130788,92569,72,-5.057139852309519,7.342455044173661,-1.932973556750607,9.12264744099132,0.06885642233085143,True,walking_dual_task,P10,12,0.34
2026-04-03T17:25:25.815856,1191.2450169586234,92569,71,-5.014561302906582,7.5250691364000195,-2.115059798353991,9.286870760316498,0.16422331932517764,True,walking_dual_task,P10,12,0.34
2026-04-03T17:25:25.816678,1206.8418644746378,92568,70,-5.014715444794167,7.3248039029973855,-1.8936773056942928,9.07668094336936,0.210189816947139,True,walking_dual_task,P10,12,0.34
2026-04-03T17:25:25.816711,1127.207176935061,92568,70,-5.0591539241081955,7.244649177833667,-1.9445372236342555,9.047718229023525,0.028962714345833973,True,walking_dual_task,P10,12,0.34
2026-04-03T17:25:25.817529,1229.9828984163998,92574,72,-5.164485680971302,7.268362527428935,-1.849443117487804,9.1061213490659,0.05840312004237447,True,walking_dual_task,P10,12,0.34
2026-04-03T17:25:25.818061,1177.7319096785873,92574,72,-5.167533031631748,7.139193898484004,-2.0152780377299635,9.040621257552667,0.06550009151323266,True,walking_dual_task,P10,12,0.34
2026-04-03T17:25:25.878974,1251.2485724493747,92580,71,-4.993784490087696,7.341502054432893,-2.0009209229017952,9.101605379733238,0.06098412218057092,True,walking_dual_task,P10,12,0.34
2026-04-03T17:25:25.879026,1261.5164632523527,92580,71,-5.152628555059338,7.603605620166718,-1.989664923035958,9.39804053829326,0.29643515856002267,True,walking_dual_task,P10,12,0.34
2026-04-03T17:25:25.879040,1216.9232319895543,92596,73,-5.051194644973568,7.4563385357628915,-2.043748930858239,9.235175222685088,0.16286531560817252,True,walking_dual_task,P10,12,0.34
2026-04-03T17:25:25.879051,1145.8771799848496,92596,70,-5.031054252046681,7.312283707545407,-2.1459370824207307,9.13159601977548,0.1035792029096072,True,walking_dual_task,P10,12,0.34
2026-04-03T17:25:25.879064,1110.3054305122805,92603,72,-5.057559650164805,7.366417093079426,-2.1580059904113136,9.192388169504103,0.06079214972862168,True,walking_dual_task,P10,12,0.34
2026-04-03T17:25:25.941443,1179.0456835378982,92603,72,-5.28627145718554,7.347363717599284,-2.068563887609831,9.284792731928505,0.09240456242440231,True,walking_dual_task,P10,12,0.34
2026-04-03T17:25:25.941496,1187.5473625907955,92614,70,-4.830549074703199,7.206704735789774,-1.8840941535632698,8.878097109823816,0.4066956221046887,True,walking_dual_task,P10,12,0.34
2026-04-03T17:25:25.941514,1171.174311846028,92614,71,-4.565462527458847,8.72526402352975,-3.8873873515711894,10.587042117186895,1.708945007363079,True,walking_dual_task,P10,12,0.34
2026-04-03T17:25:25.997020,1131.2064368737965,92631,70,-4.569283516853023,8.434216590651927,-3.940715556258179,10.370323063952645,0.21671905323425023,True,walking_dual_task,P10,12,0.34
2026-04-03T17:25:25.997063,1147.2441701775351,92631,72,-4.590441071793942,8.687676371236916,-3.7970784279984913,10.534024613286816,0.1637015493341707,True,walking_dual_task,P10,12,0.34
2026-04-03T17:25:25.997082,1210.592602771904,92630,70,-4.096869222435123,8.789198856555094,-4.081917051042935,10.521235705818999,0.012788907467816912,True,walking_dual_task,P10,12,0.34
2026-04-03T17:25:26.056801,1193.7305675555572,92630,71,-3.988151625253233,8.821317601053858,-3.9272026862932865,10.447196683508059,0.07403902231093973,True,walking_dual_task,P10,12,0.34
2026-04-03T17:25:26.056851,1230.6149127062763,92630,72,-4.007488422698903,8.723486052038293,-3.6680512876294213,10.276856163577081,0.17034051993097776,True,walking_dual_task,P10,12,0.34
2026-04-03T17:25:26.056864,1093.1264948273972,92630,71,-4.801812288952999,8.261312919037563,-3.8356108245478104,10.296533533281252,0.019677369704171,True,walking_dual_task,P10,12,0.34
2026-04-03T17:25:26.115708,1276.7353408506647,92637,71,-4.920465624165483,8.366562224509126,-3.787168764325511,10.418876746783223,0.12234321350197064,True,walking_dual_task,P10,12,0.34
2026-04-03T17:25:26.117390,1102.6379937023519,92637,72,-5.227305350686689,8.553519052193149,-4.1819691840191595,10.8616884351207,0.44281168833747664,True,walking_dual_task,P10,12,0.34
2026-04-03T17:25:26.117425,1217.8890002235348,92637,71,-5.25344031319208,8.76664125166155,-4.135592196622396,11.025232731165802,0.163544296045103,True,walking_dual_task,P10,12,0.34
2026-04-03T17:25:26.176467,1162.4137345682223,92637,72,-5.201294172546044,8.805212898050428,-4.954650346641333,11.36370517511028,0.33847244394447706,True,walking_dual_task,P10,12,0.34
2026-04-03T17:25:26.176551,1085.468044983624,92636,71,-4.123893797491181,7.926527189588879,-5.604405071404598,10.54730721770555,0.81639795740473,True,walking_dual_task,P10,12,0.34
2026-04-03T17:25:26.176564,1125.2295294835938,92636,70,-4.056146047841241,7.948076990932967,-5.820065085768007,10.653516143405046,0.10620892569949625,True,walking_dual_task,P10,12,0.34
2026-04-03T17:25:26.235948,1248.4290976063828,92622,71,-2.9706722325601027,7.782802527855838,-4.982495836271475,9.706810673921968,0.9467054694830779,True,walking_dual_task,P10,12,0.34
2026-04-03T17:25:26.235979,1232.9810659922891,92622,72,-2.9100834462313876,7.754974949094525,-5.022675512665501,9.686872118008125,0.019938555913842748,True,walking_dual_task,P10,12,0.34
2026-04-03T17:25:26.235991,1165.5383664925002,92574,71,-2.785786874290284,7.844629327712893,-4.6821407516043285,9.550982138817725,0.13588997919040047,True,walking_dual_task,P10,12,0.34
2026-04-03T17:25:26.311123,1125.2925555885085,92574,71,-2.8364495255560263,7.732132176040242,-4.594151730451058,9.43067039086778,0.1203117479499447,True,walking_dual_task,P10,12,0.34
2026-04-03T17:25:26.357557,1111.3859304742195,92556,71,-2.543418558528445,7.94248177866632,-4.516854710636835,9.484406741874558,0.053736351006778094,True,walking_dual_task,P10,12,0.34
2026-04-03T17:25:26.357598,1171.4328995253172,92556,70,-3.219945266321639,7.469123183780283,-4.533971330672058,9.311967819958754,0.1724389219158038,True,walking_dual_task,P10,12,0.34
2026-04-03T17:25:26.357611,1125.1060907752462,92590,72,-3.3682330606435333,7.488144570373002,-4.4800917739537525,9.35353010155347,0.04156228159471631,True,walking_dual_task,P10,12,0.34
2026-04-03T17:25:26.357622,1186.644443866968,92590,71,-3.049901968479805,7.586438041414356,-4.446587882693629,9.307421123602053,0.046108977951417884,True,walking_dual_task,P10,12,0.34
2026-04-03T17:25:26.357631,1169.4254554390982,92606,71,-3.9019486616994414,8.404265172710398,-4.594456362601208,10.342432292242368,1.035011168640315,True,walking_dual_task,P10,12,0.34
2026-04-03T17:25:26.420698,1236.5243193627011,92606,70,-3.966428019171059,8.329745998427832,-4.48508070452848,10.258321917142364,0.08411037510000341,True,walking_dual_task,P10,12,0.34
2026-04-03T17:25:26.420731,1188.8190565105429,92608,70,-3.4459661779332698,8.29710195796395,-5.063672590105094,10.312970663203249,0.054648746060884434,True,walking_dual_task,P10,12,0.34
2026-04-03T17:25:26.420743,1201.5705388491224,92608,71,-2.9801772702720184,7.972389970909677,-5.182959832116158,9.96511570589307,0.34785495731017946,True,walking_dual_task,P10,12,0.34
2026-04-03T17:25:26.534997,1192.6004760618966,92606,71,-3.0191596682334874,7.804030630768697,-5.279871252862893,9.894203335037732,0.07091237085533741,True,walking_dual_task,P10,12,0.34
2026-04-03T17:25:26.594594,1123.2581797808866,92606,70,-2.77006188773002,7.558457170875528,-4.920005328557739,9.434509531440977,0.45969380359675505,True,walking_dual_task,P10,12,0.34
2026-04-03T17:25:26.594625,1233.9913365323123,92604,70,-2.714835724117427,7.553145479785842,-4.72208484885279,9.31227281427679,0.12223671716418671,True,walking_dual_task,P10,12,0.34
2026-04-03T17:25:26.595253,1123.8231612378202,92604,70,-2.6242155670733482,7.391666533499152,-4.4545015619507575,9.020300751656965,0.2919720626198252,True,walking_dual_task,P10,12,0.34
2026-04-03T17:25:26.596007,1197.5447385018297,92612,72,-3.1180516715835798,7.574452832422483,-4.489738448783269,9.340895742686614,0.3205949910296493,True,walking_dual_task,P10,12,0.34
2026-04-03T17:25:26.596930,1227.2287029396332,92612,71,-3.1876624813584926,7.493658229887011,-4.500780805000868,9.30446847574208,0.0364272669445338,True,walking_dual_task,P10,12,0.34
2026-04-03T17:25:26.655694,1176.986207026608,92630,71,-3.2185643353541225,7.7308644710449475,-4.354413705396667,9.43855606373268,0.1340875879905994,True,walking_dual_task,P10,12,0.34
2026-04-03T17:25:26.656425,1185.7699677137111,92630,71,-3.345950819085542,7.707385261230693,-4.46871373964632,9.516752436397573,0.07819637266489288,True,walking_dual_task,P10,12,0.34
2026-04-03T17:25:26.656919,1121.2277843110664,92648,70,-3.059643567530735,8.262983244780543,-4.292224545528253,9.801097000493945,0.2843445640963722,True,walking_dual_task,P10,12,0.34
2026-04-03T17:25:26.657135,1098.23122231209,92648,72,-3.0420141410506187,8.543043244662714,-4.283707258120568,10.029336258586808,0.22823925809286294,True,walking_dual_task,P10,12,0.34
2026-04-03T17:25:26.657707,1204.0523439920298,92668,71,-3.7602136698117588,8.541415608319657,-4.34919755733729,10.29614038508773,0.2668041265009222,True,walking_dual_task,P10,12,0.34
2026-04-03T17:25:26.716956,1167.5131315974381,92668,71,-3.577261594194157,8.76562555344736,-4.319633408958805,10.406355012411355,0.11021462732362508,True,walking_dual_task,P10,12,0.34
2026-04-03T17:25:26.717510,1167.428845444512,92692,72,-3.538202108246216,8.808141775943664,-4.117284909387054,10.346703374939688,0.05965163747166713,True,walking_dual_task,P10,12,0.34
2026-04-03T17:25:26.718254,1064.0895743900408,92692,72,-3.5473916878507086,8.722022079746933,-4.076149320584826,10.260246109637404,0.08645726530228437,True,walking_dual_task,P10,12,0.34
2026-04-03T17:25:26.718894,1142.1437718610027,92699,70,-3.5650424493513846,8.693321776980842,-4.202793016737121,10.293048155203635,0.0328020455662319,True,walking_dual_task,P10,12,0.34
2026-04-03T17:25:26.778158,1128.9943780024644,92699,71,-3.775222244744097,8.920806716684558,-4.308217733386953,10.601595894577608,0.3085477393739726,True,walking_dual_task,P10,12,0.34
2026-04-03T17:25:26.779082,1268.443969326304,92709,70,-3.5165182390862255,8.907953151532427,-4.226677622816989,10.468158080720048,0.13343781385755982,True,walking_dual_task,P10,12,0.34
2026-04-03T17:25:26.779286,1160.7930481592787,92709,73,-3.551900831147062,8.892370687880051,-4.336190238337128,10.511555629307287,0.04339754858723843,True,walking_dual_task,P10,12,0.34
2026-04-03T17:25:26.835678,1202.6085137631417,92700,72,-3.809020352752234,8.831580241988748,-4.118604953512631,10.462712477243441,0.04884315206384571,True,walking_dual_task,P10,12,0.34
2026-04-03T17:25:26.836307,1214.1277395213426,92700,72,-3.634036286252702,8.85943644381577,-4.283859257420192,10.490342414296926,0.02762993705348471,True,walking_dual_task,P10,12,0.34
2026-04-03T17:25:26.836733,1125.8882566051288,92622,72,-3.6881621605624226,8.891891271792788,-4.269125107407401,10.530607755238321,0.04026534094139578,True,walking_dual_task,P10,12,0.34
2026-04-03T17:25:26.897706,1106.794852198709,92622,71,-3.5368591581111346,8.719231471911254,-4.2519611624463,10.325383474333242,0.20522428090507994,True,walking_dual_task,P10,12,0.34
2026-04-03T17:25:26.897759,1131.150154594406,92573,72,-3.5086744215288954,8.947638088350724,-4.0303101955371226,10.42182440020202,0.0964409258687784,True,walking_dual_task,P10,12,0.34
2026-04-03T17:25:26.897771,1063.6604258949847,92573,69,-3.5485722264302733,8.747996335578502,-4.249243799168802,10.352578306792068,0.06924609340995147,True,walking_dual_task,P10,12,0.34
2026-04-03T17:25:26.981828,1175.7739378933172,92570,68,-3.6171082527752914,8.788918174180676,-4.139940058643586,10.366660912458764,0.014082605666695613,True,walking_dual_task,P10,12,0.34
2026-04-03T17:25:26.981865,1154.6221503195902,92570,70,-4.866809983222829,7.78737661577906,-2.649059801989093,9.5575410960819,0.8091198163768638,True,walking_dual_task,P10,12,0.34
2026-04-03T17:25:26.981878,1193.1852509706832,92579,68,-4.789786092169768,7.490907636228926,-2.2694758220535505,9.176397361172924,0.38114373490897613,True,walking_dual_task,P10,12,0.34
2026-04-03T17:25:27.016240,1144.9461190628042,92579,71,-4.679833406467921,7.525163262357906,-2.3894387363783816,9.178144709707935,0.0017473485350105733,True,walking_dual_task,P10,12,0.34
2026-04-03T17:25:27.016272,1230.358921647604,92574,70,-4.630504355032282,7.204035077453134,-2.328820907724539,8.874857677698445,0.30328703200948937,True,walking_dual_task,P10,12,0.34
2026-04-03T17:25:27.016284,1142.4694880598902,92574,68,-4.570058055258071,6.917647317208633,-2.2928735249900316,8.602124390830046,0.2727332868683998,True,walking_dual_task,P10,12,0.34
2026-04-03T17:25:27.076831,1099.2864808829227,92577,71,-4.827946249992976,7.26985638495641,-2.4136317936397624,9.05458421386545,0.45245982303540444,True,walking_dual_task,P10,12,0.34
2026-04-03T17:25:27.076880,1187.4221778274014,92577,69,-4.60957580273174,6.946085917226202,-2.715095863895105,8.767442283856703,0.28714193000874744,True,walking_dual_task,P10,12,0.34
2026-04-03T17:25:27.076899,1061.6766311956032,92568,71,-4.715705400087423,7.1245497618105285,-2.812260363397576,8.99477042955879,0.22732814570208681,True,walking_dual_task,P10,12,0.34
2026-04-03T17:25:27.135876,1185.918256003716,92568,71,-4.363119348232918,6.61320984132137,-2.838159320075061,8.415848333852221,0.5789220957065684,True,walking_dual_task,P10,12,0.34
2026-04-03T17:25:27.136553,1121.3320709159052,92575,70,-4.490959093667113,6.683794622978449,-2.933285811107658,8.570063581607343,0.15421524775512196,True,walking_dual_task,P10,12,0.34
2026-04-03T17:25:27.136954,1063.2574730399301,92575,69,-4.264175426615586,6.2199036728359305,-2.7794734185662757,8.037155358261193,0.5329082233461495,True,walking_dual_task,P10,12,0.34
2026-04-03T17:25:27.255057,1257.432319603098,92590,71,-4.429106718668028,6.484715389466351,-2.953758561654204,8.39006612895736,0.35291077069616605,True,walking_dual_task,P10,12,0.34
2026-04-03T17:25:27.327081,1079.7380752327629,92590,70,-4.597388258419273,6.491072381370928,-2.850476882476317,8.449569096491238,0.05950296753387896,True,walking_dual_task,P10,12,0.34
2026-04-03T17:25:27.327131,1093.2808320437007,92602,72,-4.032035402795689,7.426518101437177,-3.0564124471713185,8.986219318912465,0.5366502224212262,True,walking_dual_task,P10,12,0.34
2026-04-03T17:25:27.327149,1320.534752736155,92602,71,-4.247744576799544,7.444750880202454,-3.2063045533057277,9.15139544258438,0.16517612367191603,True,walking_dual_task,P10,12,0.34
2026-04-03T17:25:27.327163,1137.9910384709403,92622,70,-4.24197209654768,7.571713639245576,-2.9782344982153504,9.175786365701125,0.02439092311674429,True,walking_dual_task,P10,12,0.34
2026-04-03T17:25:27.327536,1151.430274134422,92622,69,-4.047001676394006,7.4585286832629825,-3.005775195268916,9.002363979104956,0.17342238659616882,True,walking_dual_task,P10,12,0.34
2026-04-03T17:25:27.328731,1046.6449334686215,92633,70,-4.814552598022728,7.622642810676108,-3.119983106169069,9.540382315246069,0.5380183361411124,True,walking_dual_task,P10,12,0.34
2026-04-03T17:25:27.388843,1136.4856238277207,92633,70,-4.560065128206246,8.43672880121322,-3.5447929193385894,10.22438964827223,0.6840073330261607,True,walking_dual_task,P10,12,0.34
2026-04-03T17:25:27.388883,1080.946616539919,92646,69,-4.4502156454424835,8.597701224248832,-3.575170705791973,10.320209843212686,0.09582019494045646,True,walking_dual_task,P10,12,0.34
2026-04-03T17:25:27.388898,1156.3263443684245,92646,69,-4.654951905076806,8.719347538676828,-3.3545136676238596,10.437833141274252,0.11762329806156657,True,walking_dual_task,P10,12,0.34
2026-04-03T17:25:27.388910,1221.4183280151,92652,70,-4.473847627452428,8.58484734710943,-3.5382556241199716,10.306996139926033,0.13083700134821896,True,walking_dual_task,P10,12,0.34
2026-04-03T17:25:27.388941,1146.3676783788092,92652,69,-4.463811238171805,8.425831588783906,-3.814567360228827,10.269915913886576,0.03708022603945693,True,walking_dual_task,P10,12,0.34
2026-04-03T17:25:27.494935,1163.5747019501973,92641,71,-5.044486668935566,8.637118679767239,-3.2826462142538513,10.527223328561428,0.25730741467485174,True,walking_dual_task,P10,12,0.34
2026-04-03T17:25:27.555351,1238.3651567334448,92641,71,-6.072673726272167,8.800581356048152,-3.845000234323339,11.362729654098313,0.8355063255368851,True,walking_dual_task,P10,12,0.34
2026-04-03T17:25:27.555738,1153.2277031361004,92589,69,-6.049326980626385,9.112360167103375,-3.881260054296867,11.605759102386502,0.24302944828818873,True,walking_dual_task,P10,12,0.34
2026-04-03T17:25:27.556104,1159.0552067552624,92589,70,-5.1205829749625735,9.121897598559647,-4.820753394168986,11.518205115792851,0.08755398659365099,True,walking_dual_task,P10,12,0.34
2026-04-03T17:25:27.556285,1257.524384386925,92525,69,-5.140108086821087,9.38805678537544,-4.933256281807398,11.7853018158904,0.2670967000975484,True,walking_dual_task,P10,12,0.34
2026-04-03T17:25:27.557087,1118.879774000785,92525,70,-3.810225295450472,8.02721264810463,-5.032733949765515,10.211874005739789,1.5734278101506103,True,walking_dual_task,P10,12,0.34
2026-04-03T17:25:27.557396,1166.0613353813942,92521,68,-3.787541580614284,7.60481073480254,-4.402119853441415,9.56855666969231,0.6433173360474793,True,walking_dual_task,P10,12,0.34
2026-04-03T17:25:27.614385,1084.163230608568,92521,69,-3.697289012618491,7.618631695882677,-4.6007327022841755,9.637439305033503,0.06888263534119332,True,walking_dual_task,P10,12,0.34
2026-04-03T17:25:27.614978,1270.6540203746251,92539,68,-3.383538772627096,8.547642241441958,-4.439659101144767,10.208873368199418,0.5714340631659152,True,walking_dual_task,P10,12,0.34
2026-04-03T17:25:27.615373,1159.3550834761995,92539,70,-3.0900519751732696,8.518106078592435,-4.76208018656536,10.236403669194761,0.027530300995342927,True,walking_dual_task,P10,12,0.34
2026-04-03T17:25:27.616119,1191.4589598574416,92550,70,-2.9820806714382653,8.127863754452429,-4.439384384033022,9.729496803591822,0.5069068656029394,True,walking_dual_task,P10,12,0.34
2026-04-03T17:25:27.616704,1249.8836122945856,92550,69,-2.962391455670814,8.198994289029903,-4.533176670360404,9.825933096295548,0.09643629270372678,True,walking_dual_task,P10,12,0.34
2026-04-03T17:25:27.676020,1183.1598983834288,92567,71,-3.680555194634,7.607593930980961,-4.329981580336333,9.49582605387744,0.33010704241810807,True,walking_dual_task,P10,12,0.34
2026-04-03T17:25:27.676054,1038.4059666129915,92567,70,-3.8709588300894935,8.234007558788724,-4.848892160867275,10.309944613340935,0.8141185594634948,True,walking_dual_task,P10,12,0.34
2026-04-03T17:25:27.676066,1145.9781569378779,92559,70,-3.9621304517032097,8.341168905513818,-5.009500743109314,10.505649628739635,0.19570501539869944,True,walking_dual_task,P10,12,0.34
2026-04-03T17:25:27.736703,1200.3649036911902,92559,70,-3.891800872563265,8.46295490554456,-4.738372958745468,10.450832409963104,0.05481721877653101,True,walking_dual_task,P10,12,0.34
2026-04-03T17:25:27.736732,1212.8511327657307,92560,69,-3.7702316858270346,8.114248571848922,-4.977763951305875,10.23883835234675,0.21199405761635326,True,walking_dual_task,P10,12,0.34
2026-04-03T17:25:27.736745,1156.2672951203501,92560,71,-3.868988210801403,8.351845552645754,-4.818770977714614,10.389559550155798,0.15072119780904814,True,walking_dual_task,P10,12,0.34
2026-04-03T17:25:27.799038,1144.917757284945,92567,69,-3.9642616140130613,8.285024121057061,-4.972829684695224,10.44442578143101,0.054866231275211064,True,walking_dual_task,P10,12,0.34
2026-04-03T17:25:27.799098,1086.0287631568588,92567,69,-3.6281944710948886,8.212303841181516,-4.933207848574153,10.244133402938573,0.20029237849243664,True,walking_dual_task,P10,12,0.34
2026-04-03T17:25:27.799109,1138.9099721369284,92584,71,-3.8484305843801847,8.254170071969712,-4.697915009331795,10.247543460493263,0.003410057554690482,True,walking_dual_task,P10,12,0.34
2026-04-03T17:25:27.854889,1266.0631991457942,92584,70,-3.828157509057399,8.17519483422191,-4.838149020090652,10.241888811749778,0.005654648743485424,True,walking_dual_task,P10,12,0.34
2026-04-03T17:25:27.916520,1249.9987875542497,92601,70,-3.756279978166922,8.386833535646213,-4.7342153878218864,10.337379327823236,0.0954905160734576,True,walking_dual_task,P10,12,0.34
2026-04-03T17:25:27.916583,1145.6059179009173,92601,70,-4.038931303840177,8.511056922974179,-4.81079321109708,10.578033245513296,0.24065391769006084,True,walking_dual_task,P10,12,0.34
2026-04-03T17:25:27.916596,1152.6953802487437,92629,71,-3.728264910192109,8.23810955612157,-4.707640767230375,10.194522543627077,0.3835107018862196,True,walking_dual_task,P10,12,0.34
2026-04-03T17:25:27.974655,1175.5832944621357,92629,70,-3.7850045238717884,8.21420581877273,-4.9239308882360415,10.297792572732014,0.10327002910493732,True,walking_dual_task,P10,12,0.34
2026-04-03T17:25:27.977736,1198.5494013906814,92645,69,-3.8350917822399655,8.415002517689826,-4.7245570385300555,10.384682737631156,0.08689016489914181,True,walking_dual_task,P10,12,0.34
2026-04-03T17:25:27.977767,1203.3341780479054,92645,69,-3.337276979589002,8.051250031468388,-4.56687367548508,9.839531486587816,0.5451512510433396,True,walking_dual_task,P10,12,0.34
2026-04-03T17:25:27.977780,1151.2015962412374,92656,70,-3.3032668453796203,8.339975458819623,-4.288855563225517,9.942889144896883,0.10335765830906674,True,walking_dual_task,P10,12,0.34
2026-04-03T17:25:27.977791,1221.0020594101265,92656,69,-3.197966279448933,8.42881571151142,-4.171797913044789,9.93357037778457,0.009318767112313608,True,walking_dual_task,P10,12,0.34
2026-04-03T17:25:28.034644,1072.6493970748047,92667,71,-3.6045638482196827,8.716771117309458,-4.204384477425995,10.327237194984596,0.3936668172000264,True,walking_dual_task,P10,12,0.34
2026-04-03T17:25:28.035022,1091.9962978783856,92667,69,-3.690695652298302,8.521289142727477,-4.401690651759738,10.276598836465684,0.05063835851891163,True,walking_dual_task,P10,12,0.34
2026-04-03T17:25:28.035407,1091.8881536575248,92630,68,-4.121536435807009,8.66946012832348,-3.6996389183419707,10.287561889698932,0.010963053233247422,True,walking_dual_task,P10,12,0.34
2026-04-03T17:25:28.097854,1186.5995574807516,92630,70,-5.306612565233311,9.575040674975945,-3.211086404221389,11.408444974680437,1.1208830849815055,True,walking_dual_task,P10,12,0.34
2026-04-03T17:25:28.098398,1179.0566478754106,92566,68,-5.156326863326929,9.640964279595343,-3.0868192168532707,11.36064927015331,0.047795704527127114,True,walking_dual_task,P10,12,0.34
2026-04-03T17:25:28.098904,1207.6665998959556,92566,71,-5.4880175428646405,9.889730507783044,-3.383989230498709,11.80578202320778,0.44513275305446953,True,walking_dual_task,P10,12,0.34
2026-04-03T17:25:28.155562,1175.0440108610057,92539,70,-5.491098214231212,9.767560384273994,-3.5290482864301387,11.747832875331834,0.05794914787594507,True,walking_dual_task,P10,12,0.34
2026-04-03T17:25:28.156137,1190.4457257489892,92539,72,-4.871809822278191,9.120416755953825,-3.6472463998697435,10.964439750762113,0.7833931245697219,True,walking_dual_task,P10,12,0.34
2026-04-03T17:25:28.156172,1190.4639844841195,92544,69,-4.81695267950683,8.268072267031902,-3.1416234581478606,10.071437339439441,0.8930024113226711,True,walking_dual_task,P10,12,0.34
2026-04-03T17:25:28.275933,1180.7089498443552,92544,71,-4.595693976410959,8.311784325577523,-3.048718141771349,9.975010982836155,0.09642635660328658,True,walking_dual_task,P10,12,0.34
2026-04-03T17:25:28.277013,1114.3776779321395,92542,70,-4.751758651728709,8.067517649117143,-3.166424473418252,9.88384010640385,0.09117087643230448,True,walking_dual_task,P10,12,0.34
2026-04-03T17:25:28.277100,1205.4143832432471,92542,72,-4.969825487164613,8.233315472870695,-2.7173065190306755,9.993518087593056,0.10967798118920591,True,walking_dual_task,P10,12,0.34
2026-04-03T17:25:28.277690,1196.3711157322423,92550,70,-4.965724568718912,8.167406537988098,-2.873550210771918,9.98109417163152,0.012423915961536025,True,walking_dual_task,P10,12,0.34
2026-04-03T17:25:28.277986,1149.0711240187472,92550,70,-5.020425062226311,8.410308656753058,-3.042991314993858,10.256595714486046,0.275501542854526,True,walking_dual_task,P10,12,0.34
2026-04-03T17:25:28.278487,1167.8064226334545,92550,68,-5.439435027452563,8.05488561016667,-2.9378234935967926,10.153789563029028,0.10280615145701866,True,walking_dual_task,P10,12,0.34
2026-04-03T17:25:28.335788,1062.7491145589188,92550,70,-5.395207327581157,7.905494911519432,-2.763624466082598,9.962064650120244,0.1917249129087839,True,walking_dual_task,P10,12,0.34
2026-04-03T17:25:28.336349,1164.69567744346,92538,71,-4.94328170261608,7.416745061348053,-2.7730195169433216,9.334547580777455,0.6275170693427885,True,walking_dual_task,P10,12,0.34
2026-04-03T17:25:28.336377,1225.1529555432521,92538,71,-4.889917661384061,7.702611559489476,-2.7762506804686153,9.536723096132084,0.20217551535462874,True,walking_dual_task,P10,12,0.34
2026-04-03T17:25:28.396051,1143.817719562426,92536,65,-4.576785130279153,7.748039680641291,-2.752112989502959,9.410271352544903,0.1264517435871806,True,walking_dual_task,P10,12,0.34
2026-04-03T17:25:28.397537,1192.9821415903473,92536,68,-4.795201411039333,7.708849376221071,-2.829972472905063,9.509419513045893,0.09914816050098985,True,walking_dual_task,P10,12,0.34
2026-04-03T17:25:28.397572,1248.5820884711766,92551,67,-5.198947222701142,7.321741825933635,-2.9455693609759623,9.450573233956671,0.05884627908922191,True,walking_dual_task,P10,12,0.34
2026-04-03T17:25:28.455924,1212.2054316316598,92551,66,-4.948736849266196,6.921466504648538,-3.1226241326062496,9.063524504947933,0.3870487290087379,True,walking_dual_task,P10,12,0.34
2026-04-03T17:25:28.455957,1153.4650804472744,92554,67,-4.7608550035338135,7.028192888069889,-3.0643551719986406,9.02504893375897,0.03847557118896283,True,walking_dual_task,P10,12,0.34
2026-04-03T17:25:28.455970,1172.6930303075276,92554,67,-4.3453966895247795,7.022381423592545,-3.043379201364901,8.80104938124148,0.22399955251749049,True,walking_dual_task,P10,12,0.34
2026-04-03T17:25:28.516164,1199.3021299243146,92558,69,-4.431011282977607,6.79854069655238,-3.000670072993932,8.652053945712266,0.1489954355292138,True,walking_dual_task,P10,12,0.34
2026-04-03T17:25:28.516215,1220.9703568323916,92558,66,-4.399524872406994,6.885581060056372,-2.4963787712000993,8.543942451048773,0.10811149466349335,True,walking_dual_task,P10,12,0.34
2026-04-03T17:25:28.575232,1133.7973234642063,92562,69,-4.766540877000575,6.810302651438469,-2.468929963762374,8.671548264426079,0.12760581337730592,True,walking_dual_task,P10,12,0.34
2026-04-03T17:25:28.575435,1195.433800410766,92562,67,-4.918869006215942,6.917882467544633,-2.644877804007996,8.890880087663279,0.21933182323719969,True,walking_dual_task,P10,12,0.34
2026-04-03T17:25:28.575881,1095.8833724033707,92577,68,-4.486925908842258,7.2196492830621,-2.8039659663018925,8.950869512066319,0.05998942440304056,True,walking_dual_task,P10,12,0.34
2026-04-03T17:25:28.637503,1100.9667539570692,92577,67,-4.580855446389336,7.198698625668675,-2.9635723025990233,9.032621951385488,0.08175243931916931,True,walking_dual_task,P10,12,0.34
2026-04-03T17:25:28.637557,1065.8084692983505,92595,67,-4.566763065056245,7.536887972583931,-3.2260078553057534,9.384408979053322,0.3517870276678341,True,walking_dual_task,P10,12,0.34
2026-04-03T17:25:28.637629,1141.1049451508845,92595,66,-4.570495944470136,7.562153698542004,-3.2985653725663244,9.43165601874263,0.04724703968930832,True,walking_dual_task,P10,12,0.34
2026-04-03T17:25:28.637641,1123.8474974073256,92560,69,-4.835342896647567,7.807895603530952,-3.564130424414374,9.851233443890884,0.4195774251482529,True,walking_dual_task,P10,12,0.34
2026-04-03T17:25:28.695196,1143.2918882799916,92560,67,-4.89772018417375,7.972318287247784,-4.024828782127603,10.185517591221918,0.33428414733103473,True,walking_dual_task,P10,12,0.34
2026-04-03T17:25:28.761507,1158.7146295927573,92501,67,-4.815907200405949,7.927486265311564,-3.9820452499688512,10.09428972352314,0.09122786769877855,True,walking_dual_task,P10,12,0.34
2026-04-03T17:25:28.761546,1290.6216399319414,92501,68,-4.94983927211268,7.953175287019148,-3.979139676352927,10.177792419268883,0.08350269574574298,True,walking_dual_task,P10,12,0.34
2026-04-03T17:25:28.761560,1254.935455823386,92484,67,-4.953955666707026,7.801651809343883,-4.013549196416816,10.075516108567115,0.10227631070176812,True,walking_dual_task,P10,12,0.34
2026-04-03T17:25:28.761572,1053.1841772992439,92484,69,-4.6951018340056025,7.816683295413445,-3.9227171625541217,9.92634015686925,0.14917595169786502,True,walking_dual_task,P10,12,0.34
2026-04-03T17:25:28.762136,1087.2173760498458,92488,67,-4.925625304390078,7.918201075136136,-3.8602536139167487,10.092633495242568,0.16629333837331828,True,walking_dual_task,P10,12,0.34
2026-04-03T17:25:28.816157,1240.3311179596542,92488,68,-4.83769465477013,7.82369963621449,-3.9042053938406993,9.99281668638973,0.09981680885283772,True,walking_dual_task,P10,12,0.34
2026-04-03T17:25:28.816199,1098.797270959024,92483,66,-4.874422355194199,7.864810063424791,-4.185998052870952,10.155678723217086,0.1628620368273559,True,walking_dual_task,P10,12,0.34
2026-04-03T17:25:28.816211,1108.9894679773934,92483,68,-4.80045112171061,7.828865884300989,-4.008673220663132,10.020226194870368,0.13545252834671828,True,walking_dual_task,P10,12,0.34
2026-04-03T17:25:28.874733,1164.9101586725046,92462,67,-4.914424576732996,7.7067792822269885,-3.7578404889414716,9.882680859245042,0.137545335625326,True,walking_dual_task,P10,12,0.34
2026-04-03T17:25:28.874768,1188.8669442956382,92462,69,-4.839309777946114,7.942113519756897,-3.8285762259601244,10.057538575895059,0.17485771665001693,True,walking_dual_task,P10,12,0.34
2026-04-03T17:25:28.875373,1208.8429220693195,92468,67,-4.8635802524648195,7.862997333656218,-3.792810906810387,9.993325498354908,0.06421307754015082,True,walking_dual_task,P10,12,0.34
2026-04-03T17:25:29.003935,1248.5095486262903,92468,67,-4.8195069111754725,7.751522448739424,-3.7533898535842942,9.86922907491608,0.12409642343882865,True,walking_dual_task,P10,12,0.34
2026-04-03T17:25:29.003976,1149.2420958817058,92487,66,-4.805318377348461,7.869138565967932,-3.8817203221349033,10.004108113038452,0.13487903812237256,True,walking_dual_task,P10,12,0.34
2026-04-03T17:25:29.003983,1257.6075900514131,92487,68,-3.2305877586546745,8.390541640398336,-4.863335141832543,10.222030864139043,0.21792275110059123,True,walking_dual_task,P10,12,0.34
2026-04-03T17:25:29.003989,1172.114545269817,92504,67,-3.2058398996192827,8.054410210512062,-5.20198111869953,10.109972347167837,0.1120585169712065,True,walking_dual_task,P10,12,0.34
2026-04-03T17:25:29.004009,1157.7068390142526,92504,68,-3.3578289646278487,7.915843566624133,-5.278094699440521,10.089295237191768,0.02067710997606831,True,walking_dual_task,P10,12,0.34
2026-04-03T17:25:29.055076,1114.9358565706536,92535,68,-3.8162823296704804,7.96698154371597,-4.772934660821824,10.04080230928487,0.04849292790689752,True,walking_dual_task,P10,12,0.34
2026-04-03T17:25:29.056244,1179.0729755048737,92535,66,-3.743369812661603,7.886978386384693,-4.816914340834582,9.97095328384319,0.06984902544168037,True,walking_dual_task,P10,12,0.34
2026-04-03T17:25:29.056273,1245.9072230984202,92541,68,-3.782530175336937,7.986315295685495,-4.560432124547716,9.944159476398262,0.02679380744492832,True,walking_dual_task,P10,12,0.34
2026-04-03T17:25:29.056717,1203.3452040586023,92541,67,-3.0101180125204072,7.662950404588031,-5.004050300723496,9.63442467221819,0.3097348041800725,True,walking_dual_task,P10,12,0.34
2026-04-03T17:25:29.115896,1160.8747998980766,92548,67,-3.2040480337978057,7.948945632681321,-5.121324378745072,9.983968342624872,0.3495436704066819,True,walking_dual_task,P10,12,0.34
2026-04-03T17:25:29.115925,1255.4317452843904,92548,66,-2.6910607655639924,7.330070337943755,-4.8959469953684405,9.216400391943592,0.7675679506812791,True,walking_dual_task,P10,12,0.34
2026-04-03T17:25:29.115937,1135.8898231609314,92559,68,-2.6299272565710576,7.3437336055519244,-4.830106447871629,9.174795307904102,0.04160508403949059,True,walking_dual_task,P10,12,0.34
2026-04-03T17:25:29.177491,1150.4682885653406,92559,67,-2.668345912545999,7.12123813481949,-4.455267404110967,8.813711484042463,0.3610838238616392,True,walking_dual_task,P10,12,0.34
2026-04-03T17:25:29.177527,1214.0247812287266,92570,69,-2.6752382901968077,7.005341729968177,-4.431094398866802,8.710126878216954,0.10358460582550855,True,walking_dual_task,P10,12,0.34
2026-04-03T17:25:29.177540,1244.2078788867902,92570,67,-2.8030636475277575,7.357413475112403,-4.357736274347774,8.998809048569905,0.28868217035295096,True,walking_dual_task,P10,12,0.34
2026-04-03T17:25:29.239064,1120.8254551985524,92584,68,-2.8677532407891166,7.30214782493304,-4.271492917078275,8.932582115372949,0.0662269331969565,True,walking_dual_task,P10,12,0.34
2026-04-03T17:25:29.239107,1173.0253724110812,92584,68,-3.332954323878172,7.396947780946047,-4.493755402728016,9.27454897117095,0.3419668557980007,True,walking_dual_task,P10,12,0.34
2026-04-03T17:25:29.239120,1161.5608853155884,92562,68,-3.2956218053896764,7.486520448495663,-4.794427874162852,9.481331665459939,0.20678269428898943,True,walking_dual_task,P10,12,0.34
2026-04-03T17:25:29.295010,1192.1834447919987,92562,66,-3.232356187226721,7.91007193489207,-5.1275890934914585,9.965416922937173,0.4840852574772345,True,walking_dual_task,P10,12,0.34
2026-04-03T17:25:29.296684,1204.9985902231715,92508,66,-3.4606221722704205,7.761642941268093,-5.168238625180675,9.946340907778895,0.01907601515827828,True,walking_dual_task,P10,12,0.34
2026-04-03T17:25:29.296916,1199.941691908707,92508,67,-3.084858172248598,8.396451019951158,-5.155918499041246,10.324738991474968,0.378398083696073,True,walking_dual_task,P10,12,0.34
2026-04-03T17:25:29.355312,1061.3156923859467,92506,66,-3.275727840609265,8.351080611597144,-4.697144873130991,10.125912809535599,0.19882618193936885,True,walking_dual_task,P10,12,0.34
2026-04-03T17:25:29.355832,1082.7333168790756,92506,67,-3.3935975072636655,8.41280550351456,-4.659782203865242,10.198302342484766,0.07238953294916683,True,walking_dual_task,P10,12,0.34
2026-04-03T17:25:29.356513,1099.5863332459357,92520,67,-3.4890217349786297,8.690395140817813,-4.7869335640096935,10.517175158612966,0.3188728161282004,True,walking_dual_task,P10,12,0.34
2026-04-03T17:25:29.414966,1163.6008556600102,92520,67,-3.4113578943981704,8.699926547587859,-4.869585878345881,10.53750213493133,0.020326976318363776,True,walking_dual_task,P10,12,0.34
2026-04-03T17:25:29.415347,1190.6156921799072,92534,68,-3.8364764798083555,9.52194267482482,-4.311818224839341,11.134528301047576,0.5970261661162457,True,walking_dual_task,P10,12,0.34
2026-04-03T17:25:29.415947,1143.775709554205,92534,67,-5.520460898241422,9.796407014735594,-3.7407900149566298,11.850678835550834,0.7161505345032584,True,walking_dual_task,P10,12,0.34
2026-04-03T17:25:29.477316,1275.038102188379,92535,68,-5.501125744291985,9.732619372161185,-3.7704272895877278,11.798406089126917,0.05227274642391677,True,walking_dual_task,P10,12,0.34
2026-04-03T17:25:29.477365,1127.113713366574,92535,66,-5.324737508219564,9.908528550875996,-4.221633553167962,12.014739174538855,0.21633308541193763,True,walking_dual_task,P10,12,0.34
2026-04-03T17:25:29.477378,1230.9366456288053,92523,68,-5.156214814333433,9.860243653366295,-3.9576059846860048,11.809894209743131,0.20484496479572378,True,walking_dual_task,P10,12,0.34
2026-04-03T17:25:29.535139,1206.3171480315605,92523,68,-4.636629653262133,8.916029097541841,-4.133222856699995,10.866344398778725,0.9435498109644058,True,walking_dual_task,P10,12,0.34
2026-04-03T17:25:29.535181,1191.9309350913404,92517,68,-4.5441165088608395,8.716583072144129,-4.022756573145872,10.621223363929388,0.2451210348493369,True,walking_dual_task,P10,12,0.34
2026-04-03T17:25:29.595236,1239.0186192091062,92517,68,-4.641524563922873,8.253473983415716,-3.48344196116933,10.089497062255123,0.531726301674265,True,walking_dual_task,P10,12,0.34
2026-04-03T17:25:29.595288,1166.0783718416546,92523,66,-4.897039593977839,7.982519611164751,-3.251294916466665,9.913250463972878,0.17624659828224587,True,walking_dual_task,P10,12,0.34
2026-04-03T17:25:29.595891,1135.6768557294715,92523,68,-4.944286690347783,7.805577722027199,-3.1073799475302897,9.74827290289264,0.16497756108023687,True,walking_dual_task,P10,12,0.34
2026-04-03T17:25:29.666948,1073.1984276071732,92524,67,-5.266598738691641,7.819676761368587,-2.850273224348736,9.849287506216662,0.10101460332402112,True,walking_dual_task,P10,12,0.34
2026-04-03T17:25:29.667828,1110.186605687408,92524,66,-4.882504924959443,7.844293077770747,-2.844367702191275,9.667585833985862,0.18170167223079936,True,walking_dual_task,P10,12,0.34
2026-04-03T17:25:29.667863,1085.738660388978,92520,66,-5.655138243513045,7.562145624602778,-2.491292996108916,9.765919096193869,0.09833326220800664,True,walking_dual_task,P10,12,0.34
2026-04-03T17:25:29.720241,1246.6119802782432,92520,68,-6.115767229421047,7.888577791448923,-2.4132996033998393,10.269190978454505,0.5032718822606359,True,walking_dual_task,P10,12,0.34
2026-04-03T17:25:29.722917,1183.9424310292143,92528,67,-6.1876559657640735,7.69607355609591,-2.625855470627017,10.218206862464486,0.05098411599001906,True,walking_dual_task,P10,12,0.34
2026-04-03T17:25:29.722951,1211.8638840008357,92528,68,-6.120673841820504,7.745918037022238,-2.504826570506715,10.185089624668437,0.03311723779604847,True,walking_dual_task,P10,12,0.34
2026-04-03T17:25:29.722965,1299.5432584493738,92535,67,-6.00176152220829,7.9386304010146365,-2.5360845454551724,10.270088550498011,0.08499892582957358,True,walking_dual_task,P10,12,0.34
2026-04-03T17:25:29.777364,1159.1929705956723,92535,67,-5.8497888518768155,7.9532060376803155,-2.4688145719191077,10.176864019915811,0.0932245305821997,True,walking_dual_task,P10,12,0.34
2026-04-03T17:25:29.777406,1109.548787624949,92544,67,-6.0879080041079785,7.700611143949877,-2.535725897957509,10.138636086100508,0.03822793381530332,True,walking_dual_task,P10,12,0.34
2026-04-03T17:25:29.777415,1180.0839326019416,92544,68,-5.955504646210772,7.660174009604396,-2.5776747488952814,10.039457582934903,0.09917850316560539,True,walking_dual_task,P10,12,0.34
2026-04-03T17:25:29.834767,1094.253825486592,92519,67,-5.9190093854709,7.728058847415701,-2.2991948331287206,10.002192886317406,0.03726469661749654,True,walking_dual_task,P10,12,0.34
2026-04-03T17:25:29.835136,1136.03805639346,92519,67,-5.950275992256499,7.7100182030244095,-2.4233725325123334,10.036079887402604,0.03388700108519771,True,walking_dual_task,P10,12,0.34
2026-04-03T17:25:29.835321,1223.0656289938115,92454,68,-5.971560133584307,7.656046706854577,-2.4421146916672547,10.011918186531954,0.024161700870649838,True,walking_dual_task,P10,12,0.34
2026-04-03T17:25:29.895142,1200.5527606508645,92454,67,-6.007692057794437,7.818134013413744,-2.5276968504734776,10.17864601412569,0.1667278275937356,True,walking_dual_task,P10,12,0.34
2026-04-03T17:25:29.895613,1159.0936802966985,92417,67,-6.022381583014617,7.6251590956270725,-2.577940238546178,10.052756191143475,0.12588982298221474,True,walking_dual_task,P10,12,0.34
2026-04-03T17:25:29.895638,1093.1557552244042,92417,68,-6.029555694699122,7.844016633240352,-2.556344680683686,10.218563350319343,0.16580715917586808,True,walking_dual_task,P10,12,0.34
2026-04-03T17:25:30.019083,1171.7136315941627,92422,67,-6.201752817557404,7.841351841309741,-2.296392731405429,10.257775406302507,0.03921205598316391,True,walking_dual_task,P10,12,0.34
2026-04-03T17:25:30.019383,1160.397686318258,92422,65,-3.914240339795237,7.681306379167416,-3.8119292901347754,9.426269147510364,0.8315062587921425,True,walking_dual_task,P10,12,0.34
2026-04-03T17:25:30.019421,1196.3174091845185,92430,67,-3.9993638101418982,8.248140137724425,-3.7115463547946392,9.889504687354307,0.46323553984394295,True,walking_dual_task,P10,12,0.34
2026-04-03T17:25:30.019439,1159.3599685461315,92430,66,-3.9648576191376663,8.105861546997387,-3.773054620171345,9.780645608850227,0.10885907850408039,True,walking_dual_task,P10,12,0.34
2026-04-03T17:25:30.020119,1132.5222913511047,92442,66,-4.59298946029672,7.549498420729006,-3.629568628642774,9.553232281119008,0.22741332773121847,True,walking_dual_task,P10,12,0.34
2026-04-03T17:25:30.020167,1189.1122779937475,92442,66,-4.4495957739840915,7.587357502199432,-3.4221368237472642,9.4381098138603,0.11512246725870767,True,walking_dual_task,P10,12,0.34
2026-04-03T17:25:30.078366,1241.563314973814,92450,68,-4.917543580443265,7.885287018470486,-3.596293903940979,9.964603156811666,0.5264933429513654,True,walking_dual_task,P10,12,0.34
2026-04-03T17:25:30.078466,1166.7490766831013,92450,68,-4.63225573922754,8.128162930062507,-3.454483356276465,9.97287727338705,0.008274116575384127,True,walking_dual_task,P10,12,0.34
2026-04-03T17:25:30.078502,1157.0039109010252,92441,67,-4.698949723866707,8.419800510556067,-3.6855671566895665,10.322624395542832,0.3497471221557813,True,walking_dual_task,P10,12,0.34
2026-04-03T17:25:30.134391,1194.663608441279,92441,68,-5.242645525546258,7.9879429981395855,-3.35667190863223,10.127181826661262,0.1954425688815693,True,walking_dual_task,P10,12,0.34
2026-04-03T17:25:30.194295,1205.8951584776557,92429,68,-5.126483569735212,7.987384295281929,-3.1099010680957067,9.987523533119925,0.13965829354133774,True,walking_dual_task,P10,12,0.34
2026-04-03T17:25:30.259404,1191.2449642690735,92429,65,-5.832149348094589,8.190690237305285,-3.8145381166058474,10.75416540811081,0.766641874990885,True,walking_dual_task,P10,12,0.34
2026-04-03T17:25:30.259570,1183.7082257449274,92424,66,-6.082883311701342,8.160217422733842,-3.6135127204888464,10.800374620873034,0.046209212762224894,True,walking_dual_task,P10,12,0.34
2026-04-03T17:25:30.259605,1083.6692081671465,92424,67,-5.039034469646406,8.92510495993303,-4.0097570410484735,11.005794767318879,0.20542014644584405,True,walking_dual_task,P10,12,0.34
2026-04-03T17:25:30.259631,977.5742066138719,92415,67,-5.260642089546543,8.673383619861486,-4.127806213752803,10.95174519197221,0.05404957534666899,True,walking_dual_task,P10,12,0.34
2026-04-03T17:25:30.259656,1222.9916760886501,92415,68,-4.751446323528605,8.168553598270432,-4.335089069914624,10.396850835579183,0.5548943563930262,True,walking_dual_task,P10,12,0.34
2026-04-03T17:25:30.259679,1121.691457313023,92418,67,-4.621642946085613,8.225177451816988,-4.179761038936545,10.319085714228438,0.07776512135074576,True,walking_dual_task,P10,12,0.34
2026-04-03T17:25:30.314873,1231.1217943366703,92418,65,-4.583872294659892,8.238086677897265,-4.926738474845363,10.63723222110999,0.3181465068815523,True,walking_dual_task,P10,12,0.34
2026-04-03T17:25:30.315573,1090.7670894473763,92428,67,-4.733425553180417,8.194861305633491,-4.88821586415802,10.651559680191278,0.014327459081288296,True,walking_dual_task,P10,12,0.34
2026-04-03T17:25:30.316174,1175.8550678610159,92428,68,-4.316524749504948,9.087797480722825,-5.134324283784377,11.295208489212532,0.6436488090212542,True,walking_dual_task,P10,12,0.34
2026-04-03T17:25:30.316232,1183.5249906502274,92448,68,-4.593474127786573,8.846721785189022,-4.851740099390636,11.086201914957968,0.20900657425456437,True,walking_dual_task,P10,12,0.34
2026-04-03T17:25:30.382012,1220.1498605767297,92448,67,-4.479881007489683,8.730659712544872,-4.628486116186077,10.849729793190619,0.2364721217673491,True,walking_dual_task,P10,12,0.34
2026-04-03T17:25:30.382082,1144.0094589456774,92439,66,-3.7298468546271444,8.453496023526323,-4.493979731458771,10.274687654888085,0.5750421383025337,True,walking_dual_task,P10,12,0.34
2026-04-03T17:25:30.382113,1056.3525670351682,92439,67,-3.667267197426486,8.458582391969635,-4.448220115421581,10.236362975896284,0.03832467899180081,True,walking_dual_task,P10,12,0.34
2026-04-03T17:25:30.435017,1328.8731050639212,92396,68,-3.832431256884714,8.475010877759619,-4.101407646901815,10.16537669754326,0.07098627835302374,True,walking_dual_task,P10,12,0.34
2026-04-03T17:25:30.435076,1151.5338703800185,92396,68,-3.445721142984294,8.877861797760605,-4.2389131782016936,10.423905660916073,0.2585289633728127,True,walking_dual_task,P10,12,0.34
2026-04-03T17:25:30.496622,1179.4133989189572,92345,67,-3.3914899796748723,8.73877126743639,-4.278920059516676,10.30424594148165,0.11965971943442355,True,walking_dual_task,P10,12,0.34
2026-04-03T17:25:30.496688,1170.9466820629477,92345,67,-2.764944165262229,8.686346831474754,-4.0362844027697475,9.969409676291344,0.3348362651903063,True,walking_dual_task,P10,12,0.34
2026-04-03T17:25:30.496713,1203.3434438034194,92335,66,-2.76705927837367,8.468542861004263,-4.222070686734222,9.858940922963301,0.11046875332804262,True,walking_dual_task,P10,12,0.34
2026-04-03T17:25:30.496734,1143.590898489695,92335,67,-2.650448924358423,7.9616765911292875,-3.70698299787892,9.173597799605789,0.6853431233575122,True,walking_dual_task,P10,12,0.34
2026-04-03T17:25:30.556517,1197.3713074073498,92355,68,-2.615240246080997,7.933891208262315,-3.803890802153555,9.17909017735267,0.005492377746881161,True,walking_dual_task,P10,12,0.34
2026-04-03T17:25:30.558256,1171.098334337048,92355,66,-3.051231327278336,7.7901407512387,-3.8326399213639415,9.202468924343465,0.023378746990795563,True,walking_dual_task,P10,12,0.34
2026-04-03T17:25:30.558744,1204.0889087103276,92377,65,-3.080893297359265,7.9619447915337656,-3.7250444074742353,9.314527589244662,0.11205866490119654,True,walking_dual_task,P10,12,0.34
2026-04-03T17:25:30.614612,1258.6571227657607,92377,68,-3.0569890589421864,8.022143811783183,-3.904712100408344,9.431158467044161,0.11663087779949954,True,walking_dual_task,P10,12,0.34
2026-04-03T17:25:30.735509,1148.6840540284504,92391,67,-3.1851776146806086,7.949774083784298,-3.7688709243124303,9.35674368914734,0.0744147778968216,True,walking_dual_task,P10,12,0.34
2026-04-03T17:25:30.736340,1275.0350360435662,92391,67,-3.296748141333627,8.030380233789998,-3.6334863138466944,9.410514215468943,0.053770526321603285,True,walking_dual_task,P10,12,0.34
2026-04-03T17:25:30.736860,1182.7153232155754,92398,65,-3.414729474922111,8.188367380471915,-3.7058847912733714,9.61474491760804,0.2042307021390961,True,walking_dual_task,P10,12,0.34
2026-04-03T17:25:30.737432,1179.394415093702,92398,67,-3.714842028082008,8.359491515729745,-3.692759063330922,9.864969295186615,0.25022437757857574,True,walking_dual_task,P10,12,0.34
2026-04-03T17:25:30.738053,1098.932640896269,92401,67,-3.887294648558847,8.437923121468565,-3.576922193050075,9.955098124260866,0.09012882907425102,True,walking_dual_task,P10,12,0.34
2026-04-03T17:25:30.738542,1105.8321008889723,92401,69,-3.6619131338685236,8.454126072460342,-3.7808956922055397,9.958766373622334,0.0036682493614677014,True,walking_dual_task,P10,12,0.34
2026-04-03T17:25:30.797589,1232.687932280139,92412,68,-3.65180515740987,8.441914117146894,-3.6402755733881245,9.892077694760367,0.06668867886196672,True,walking_dual_task,P10,12,0.34
2026-04-03T17:25:30.797689,1269.1089719047548,92412,68,-3.4919964452249728,8.322011785617757,-3.5954128716243816,9.714778075224723,0.17729961953564377,True,walking_dual_task,P10,12,0.34
2026-04-03T17:25:30.798997,1125.01397714683,92427,67,-3.638927751103615,8.438549845496535,-3.6530650115306362,9.889176034996593,0.1743979597718699,True,walking_dual_task,P10,12,0.34
2026-04-03T17:25:30.854986,1174.135374025571,92427,68,-3.5977337470216586,8.455006892472628,-3.6077280408882078,9.87150096404945,0.017675070947143823,True,walking_dual_task,P10,12,0.34
2026-04-03T17:25:30.855418,1259.4757247608454,92443,68,-3.7002816284647486,8.59978132661571,-3.879669628795076,10.134108713851303,0.26260774980185353,True,walking_dual_task,P10,12,0.34
2026-04-03T17:25:30.855614,1109.7367392502263,92443,66,-3.7024362053712845,8.452310735676948,-3.7037466285190592,9.943205203331077,0.1909035105202257,True,walking_dual_task,P10,12,0.34
2026-04-03T17:25:30.855991,1134.2582126979514,92438,67,-3.6696890206011155,8.506960152262838,-3.788224075533824,10.009277206000553,0.06607200266947544,True,walking_dual_task,P10,12,0.34
2026-04-03T17:25:30.856692,1216.3311453714464,92438,66,-3.6928710461079977,8.490228044623574,-3.8145345630629404,10.013587905725759,0.004310699725206035,True,walking_dual_task,P10,12,0.34
2026-04-03T17:25:30.915165,1259.599408532525,92436,68,-3.5372136796401303,8.441451016807846,-3.6158794965965733,9.840963388739285,0.17262451698647396,True,walking_dual_task,P10,12,0.34
2026-04-03T17:25:30.915515,1204.5470636083892,92436,67,-3.5997697247927567,8.479870233873696,-3.8100724296864534,9.969111955150693,0.12814856641140793,True,walking_dual_task,P10,12,0.34
2026-04-03T17:25:30.915677,1262.2799963212212,92446,66,-3.5869124606793323,8.43199944518049,-3.8641970181696896,9.944675672908206,0.02443628224248684,True,walking_dual_task,P10,12,0.34
2026-04-03T17:25:30.975574,1221.080578372374,92446,66,-3.7340397357488215,8.37255102612932,-3.6922327626595712,9.883078781783894,0.06159689112431188,True,walking_dual_task,P10,12,0.34
2026-04-03T17:25:30.976085,1237.284212829731,92445,68,-4.5812297653339025,8.079767626101907,-3.2977391692544518,9.856236334576236,0.026842447207657827,True,walking_dual_task,P10,12,0.34
2026-04-03T17:25:30.977172,1187.024366146691,92445,67,-4.647996029056801,8.223306565008501,-3.4046097420319392,10.040816970933117,0.1845806363568805,True,walking_dual_task,P10,12,0.34
2026-04-03T17:25:31.047218,1186.759589916124,92396,67,-4.647583368895502,8.31967187809695,-3.4357148717304,10.130207698258744,0.08939072732562714,True,walking_dual_task,P10,12,0.34
2026-04-03T17:25:31.047259,1190.6882830744187,92396,66,-4.98453753667314,7.723034043063117,-3.2767484550042765,9.758480912631242,0.3717267856275015,True,walking_dual_task,P10,12,0.34
2026-04-03T17:25:31.047268,1183.1879807681744,92332,68,-4.9373355970119714,7.506481217579967,-3.142763898661366,9.518482441551887,0.239998471079355,True,walking_dual_task,P10,12,0.34
2026-04-03T17:25:31.096601,1171.8485635422912,92332,67,-5.406671112929311,7.8580777380435505,-2.950916496177926,9.98445724253126,0.4659748009793727,True,walking_dual_task,P10,12,0.34
2026-04-03T17:25:31.096643,1087.9109275525827,92307,68,-5.717525429110813,7.595095720369112,-3.2250478767494344,10.038750412348342,0.05429316981708254,True,walking_dual_task,P10,12,0.34
2026-04-03T17:25:31.096655,1072.5693868684925,92307,68,-5.571219551078643,7.570166557993365,-3.064360925249821,9.886162899845418,0.15258751250292413,True,walking_dual_task,P10,12,0.34
2026-04-03T17:25:31.156793,1172.4585399103448,92307,69,-5.073431266702229,7.093637374390631,-3.675161123428511,9.463942376222697,0.42222052362272144,True,walking_dual_task,P10,12,0.34
2026-04-03T17:25:31.156837,1186.5802966694903,92307,65,-4.941488178230365,6.739232777417422,-3.7676967745390364,9.166848031285326,0.29709434493737064,True,walking_dual_task,P10,12,0.34
2026-04-03T17:25:31.156853,1167.4600991468578,92323,68,-4.11852051772385,6.501649795876971,-3.7276608219647516,8.551556380376049,0.6152916509092776,True,walking_dual_task,P10,12,0.34
2026-04-03T17:25:31.217137,1110.2233969906852,92323,68,-3.8916509534447807,5.955020338824541,-3.4822649939687853,7.920440888453246,0.6311154919228024,True,walking_dual_task,P10,12,0.34
2026-04-03T17:25:31.217187,1225.2755585775328,92334,66,-4.061332174504505,5.942242333217672,-3.341225336654758,7.9352662040194595,0.014825315566213249,True,walking_dual_task,P10,12,0.34
2026-04-03T17:25:31.217278,1245.6062443417834,92334,66,-4.296296811412339,5.945737839766277,-3.1597932375817526,7.9871307773973355,0.05186457337787598,True,walking_dual_task,P10,12,0.34
2026-04-03T17:25:31.276234,1116.9468159886492,92344,68,-4.265072628572051,6.150489006371757,-3.248912064138987,8.159337543269196,0.17220676587186023,True,walking_dual_task,P10,12,0.34
2026-04-03T17:25:31.276684,1056.429934328152,92344,66,-4.124269606744157,6.462111711075606,-3.0773480246639426,8.260663316007811,0.10132577273861543,True,walking_dual_task,P10,12,0.34
2026-04-03T17:25:31.277085,1222.5529368350985,92353,67,-3.9215320605196045,6.232079882424749,-2.934531729687935,7.926456322667253,0.33420699334055826,True,walking_dual_task,P10,12,0.34
2026-04-03T17:25:31.337159,1110.9040904219455,92353,65,-4.3107548454625455,6.65295252694514,-3.0654942097360043,8.499508186559355,0.5730518638921023,True,walking_dual_task,P10,12,0.34
2026-04-03T17:25:31.337212,1045.914918213388,92370,67,-4.410998578518441,7.003452777714382,-3.3421082256145427,8.926082380366394,0.4265741938070384,True,walking_dual_task,P10,12,0.34
2026-04-03T17:25:31.337225,1136.9715255112756,92370,67,-4.503897391048694,6.920945948347035,-3.1495627129685184,8.837665405069265,0.08841697529712889,True,walking_dual_task,P10,12,0.34
2026-04-03T17:25:31.398826,1128.4355115244948,92394,67,-4.303779876601471,7.3288782202670415,-3.577739871023265,9.22145323571366,0.3837878306443958,True,walking_dual_task,P10,12,0.34
2026-04-03T17:25:31.398876,1275.0439467243878,92394,65,-4.3084577633685734,7.269760742135294,-3.619857345818157,9.193236467680798,0.02821676803286266,True,walking_dual_task,P10,12,0.34
2026-04-03T17:25:31.398894,1158.6632579305954,92405,67,-4.244792289800086,8.151609794677274,-4.084028934939156,10.057151493819957,0.8639150261391588,True,walking_dual_task,P10,12,0.34
2026-04-03T17:25:31.456633,1267.3386528027743,92405,68,-4.891177882458702,7.8401636799288035,-4.267289749540841,10.178484632422663,0.12133313860270611,True,walking_dual_task,P10,12,0.34
2026-04-03T17:25:31.456670,1198.0388594096594,92423,68,-5.039549156974887,8.085709794929338,-4.1589372422481565,10.395793263543732,0.21730863112106924,True,walking_dual_task,P10,12,0.34
2026-04-03T17:25:31.456686,1164.2067450593754,92423,68,-5.038744207625584,8.148733761617855,-4.137757527596387,10.436083674673734,0.04029041113000176,True,walking_dual_task,P10,12,0.34
2026-04-03T17:25:31.516028,1211.7240301672027,92427,67,-4.94508944290815,7.8772907930638745,-3.891486228107834,10.082127002790802,0.3539566718829317,True,walking_dual_task,P10,12,0.34
2026-04-03T17:25:31.516060,1178.6625044835125,92427,66,-5.073907882204716,8.974009893876698,-3.511074350188272,10.890594008824587,0.8084670060337853,True,walking_dual_task,P10,12,0.34
2026-04-03T17:25:31.516073,1248.578516375483,92412,66,-5.098464892877244,9.109146367755459,-3.5425619287538477,11.023639908494399,0.13304589966981162,True,walking_dual_task,P10,12,0.34
2026-04-03T17:25:31.576211,1171.6578815408398,92412,68,-6.7639125856828795,8.658836296462756,-3.743186852425456,11.60764434706159,0.5840044385671916,True,walking_dual_task,P10,12,0.34
2026-04-03T17:25:31.576254,1196.0114662295707,92388,67,-5.36142321969239,9.054287718923236,-5.041616223857815,11.668028076173247,0.06038372911165624,True,walking_dual_task,P10,12,0.34
2026-04-03T17:25:31.576267,1083.8236168912938,92388,68,-5.298928485807555,8.707334281741412,-4.823924977741817,11.276815400749157,0.39121267542408944,True,walking_dual_task,P10,12,0.34
2026-04-03T17:25:31.634724,1218.7537280398274,92319,67,-3.802632684240874,8.122137070817821,-4.743773655395313,10.145566244524387,1.1312491562247704,True,walking_dual_task,P10,12,0.34
2026-04-03T17:25:31.634765,1159.8092806958718,92319,67,-3.8942688808250603,8.261811531124113,-4.49828665252691,10.181229920804244,0.03566367627985656,True,walking_dual_task,P10,12,0.34
2026-04-03T17:25:31.635468,1094.6006245747087,92314,67,-4.0986202278121135,7.528768386130135,-4.335920891652929,9.606313088927276,0.5749168318769673,True,walking_dual_task,P10,12,0.34
2026-04-03T17:25:31.773863,1059.7327354040526,92314,68,-3.928975373594205,7.382329004010554,-4.300522211708939,9.403729063683572,0.2025840252437039,True,walking_dual_task,P10,12,0.34
2026-04-03T17:25:31.773914,1197.7660748915014,92328,67,-3.6537424960840914,8.390424322185439,-5.09268548187662,10.473036806548933,1.0693077428653606,True,walking_dual_task,P10,12,0.34
2026-04-03T17:25:31.774155,1215.3171054247932,92328,69,-3.7307093682527306,8.01420069936225,-5.0718511442514,10.191627900854275,0.2814089056946578,True,walking_dual_task,P10,12,0.34
2026-04-03T17:25:31.774646,1190.7412942625358,92360,67,-3.834251309174629,8.035317874029998,-5.228946801514366,10.325197387540861,0.13356948668658575,True,walking_dual_task,P10,12,0.34
2026-04-03T17:25:31.775060,1256.712510390851,92360,66,-3.705606020304303,7.995049097367297,-5.006523277342019,10.134969233973855,0.19022815356700562,True,walking_dual_task,P10,12,0.34
2026-04-03T17:25:31.775421,1101.9263852107006,92358,66,-3.890962034089189,7.909382461918621,-5.045307795935636,10.156428862319583,0.021459628345727566,True,walking_dual_task,P10,12,0.34
2026-04-03T17:25:31.817657,1139.228407282895,92358,66,-3.587037555490653,7.95774828279355,-5.30475105429479,10.214351663460866,0.057922801141282676,True,walking_dual_task,P10,12,0.34
2026-04-03T17:25:31.820304,1160.5228694950426,92357,67,-3.907871546972828,7.991584236547533,-5.1692439898728955,10.288729856707867,0.07437819324700179,True,walking_dual_task,P10,12,0.34
2026-04-03T17:25:31.820902,1048.9048544847208,92357,66,-3.8667885605826435,8.052751159385858,-5.148385026326464,10.310418196491625,0.021688339783757726,True,walking_dual_task,P10,12,0.34
2026-04-03T17:25:31.886356,1247.3184037435979,92355,68,-3.753861448162104,8.089745024021456,-5.2467974686609855,10.347189666901102,0.03677147040947659,True,walking_dual_task,P10,12,0.34
2026-04-03T17:25:31.886405,1184.6117905215058,92355,68,-3.67047615531273,8.173652885296589,-5.116470269966934,10.317909900725637,0.029279766175465127,True,walking_dual_task,P10,12,0.34
2026-04-03T17:25:31.886416,1074.9276492666843,92362,67,-3.7881973559552344,7.928860139589538,-5.13285797932737,10.176615024495263,0.14129487623037384,True,walking_dual_task,P10,12,0.34
2026-04-03T17:25:31.934775,1155.0909520460666,92362,67,-3.7788501554535494,7.872664268532171,-5.083910264222906,10.104686771843326,0.07192825265193648,True,walking_dual_task,P10,12,0.34
2026-04-03T17:25:31.935280,1167.7286297265723,92385,66,-3.830024171278187,8.01110265670466,-5.120476824961574,10.250177259140653,0.1454904872973266,True,walking_dual_task,P10,12,0.34
2026-04-03T17:25:31.935372,1174.172175948587,92385,65,-3.273145432847852,7.708523607066028,-4.341222637944315,9.432975735019529,0.8172015241211241,True,walking_dual_task,P10,12,0.34
2026-04-03T17:25:31.995211,1192.0804206831037,92415,67,-3.4168094326334386,7.479901653068093,-4.3837021899176145,9.318817539172667,0.11415819584686204,True,walking_dual_task,P10,12,0.34
2026-04-03T17:25:31.995457,1147.0425320522113,92415,66,-3.532814496197324,8.151467556788065,-4.4267879985182015,9.925908199139016,0.6070906599663495,True,walking_dual_task,P10,12,0.34
2026-04-03T17:25:31.995944,1242.7044287961019,92420,68,-3.6850284638925745,8.027255236447681,-4.322112605110822,9.833459146304165,0.09244905283485139,True,walking_dual_task,P10,12,0.34
2026-04-03T17:25:32.056278,1122.3239779243277,92420,69,-3.7703232575414476,8.2468610991778,-4.498251277422999,10.122268520955549,0.28880937465138423,True,walking_dual_task,P10,12,0.34
2026-04-03T17:25:32.056321,1117.7977897614892,92439,67,-3.708765429674973,8.450817454397585,-4.656036979206816,10.336824319472804,0.21455579851725481,True,walking_dual_task,P10,12,0.34
2026-04-03T17:25:32.056334,1199.8529258902452,92439,67,-3.8725841252425224,8.43152571813137,-4.3149886499603936,10.232627267318893,0.10419705215391062,True,walking_dual_task,P10,12,0.34
2026-04-03T17:25:32.115288,1167.8351489668773,92461,68,-3.9122873140198147,9.56923989741566,-4.374159842556336,11.225400597304512,0.992773329985619,True,walking_dual_task,P10,12,0.34
2026-04-03T17:25:32.115818,1200.4957588917564,92461,67,-3.8007948747300557,9.595934929933872,-4.202780122459892,11.144118162378,0.08128243492651244,True,walking_dual_task,P10,12,0.34
2026-04-03T17:25:32.177843,1178.5189717934936,92443,67,-5.002660157817282,9.757505151575936,-4.171326559589708,11.731814893884998,0.5876967315069983,True,walking_dual_task,P10,12,0.34
2026-04-03T17:25:32.177895,1175.3291453925258,92443,66,-4.994500946650802,9.788768020666263,-4.211407193892575,11.768643491128636,0.03682859724363752,True,walking_dual_task,P10,12,0.34
2026-04-03T17:25:32.177908,1140.9129764119089,92378,68,-5.449317713794434,9.977849148835501,-4.240873210285234,12.134147797373581,0.36550430624494545,True,walking_dual_task,P10,12,0.34
2026-04-03T17:25:32.235454,1198.1474000736764,92378,67,-5.488880887987996,10.304839983585678,-4.256764358837605,12.427291872990516,0.2931440756169348,True,walking_dual_task,P10,12,0.34
2026-04-03T17:25:32.235894,1092.036145450101,92315,67,-5.791071147825794,10.16754397069405,-4.3464751609508285,12.482279509766627,0.054987636776111515,True,walking_dual_task,P10,12,0.34
2026-04-03T17:25:32.236103,1134.0763454871483,92315,68,-5.847241952375989,9.43172376061792,-4.281324332397829,11.894426828788857,0.58785268097777,True,walking_dual_task,P10,12,0.34
2026-04-03T17:25:32.294351,1258.340263540504,92307,66,-5.6802811819064605,9.270598975697933,-4.265484031388544,11.679210319870213,0.21521650891864397,True,walking_dual_task,P10,12,0.34
2026-04-03T17:25:32.294958,1151.1185875444598,92307,66,-5.394455725726761,8.967123427942125,-3.587631921200883,11.062574652891355,0.6166356669788584,True,walking_dual_task,P10,12,0.34
2026-04-03T17:25:32.295232,1167.4535555574428,92314,65,-4.596980016739825,7.817093011776334,-3.215162953481509,9.621665201331194,1.4409094515601613,True,walking_dual_task,P10,12,0.34
2026-04-03T17:25:32.357217,1099.641771110842,92314,66,-4.472945216267497,7.821207036432201,-3.1140321886292983,9.532875478379346,0.08878972295184795,True,walking_dual_task,P10,12,0.34
2026-04-03T17:25:32.357268,1167.736807223562,92312,67,-4.301169291660087,7.208886397064692,-2.4633199016894407,8.74848817221372,0.784387306165625,True,walking_dual_task,P10,12,0.34
2026-04-03T17:25:32.357281,1206.9096269676543,92312,67,-4.219930790049444,6.970442273124759,-2.296051071238585,8.465620584310866,0.2828675879028548,True,walking_dual_task,P10,12,0.34
2026-04-03T17:25:32.477597,1103.1469180015115,92316,67,-5.651858536387143,7.6673953383987365,-2.295047439144005,9.797943607643,1.332323023332135,True,walking_dual_task,P10,12,0.34
2026-04-03T17:25:32.477636,1147.3143498609263,92316,67,-5.7794144260590565,7.5973576056459695,-2.263547810050666,9.810459845725447,0.012516238082445952,True,walking_dual_task,P10,12,0.34
2026-04-03T17:25:32.477644,1159.6087883302382,92304,67,-6.155729724664427,7.783664440464839,-2.7037226085931154,10.285356411378828,0.47489656565338123,True,walking_dual_task,P10,12,0.34
2026-04-03T17:25:32.477650,1234.4900524749373,92304,67,-5.365287251154042,6.981202877874388,-2.935807675368028,9.281296655973645,1.0040597554051836,True,walking_dual_task,P10,12,0.34
2026-04-03T17:25:32.477656,1219.2999057489892,92294,65,-5.311184685739564,7.23636769289011,-2.8794464855255635,9.426818774949677,0.1455221189760323,True,walking_dual_task,P10,12,0.34
2026-04-03T17:25:32.477661,1132.4670639924666,92294,68,-4.695421447856167,6.371674461430802,-2.805696947943678,8.397449218610236,1.0293695563394412,True,walking_dual_task,P10,12,0.34
2026-04-03T17:25:32.534120,1158.1156304208312,92292,68,-4.752498944935265,6.491330611644483,-2.9108528292920166,8.555506035593739,0.15805681698350327,True,walking_dual_task,P10,12,0.34
2026-04-03T17:25:32.534705,1176.8293169033036,92292,66,-3.7676756385241776,5.739884729860489,-2.963174148994166,7.478105205630735,1.077400829963004,True,walking_dual_task,P10,12,0.34
2026-04-03T17:25:32.535449,1257.396071412704,92309,68,-3.6221275691070987,5.537275103846774,-2.5580929814977424,7.094016027931922,0.38408917769881246,True,walking_dual_task,P10,12,0.34
2026-04-03T17:25:32.535837,1084.3077145995705,92309,67,-3.576059425563891,5.461876291379815,-2.6994190675105685,7.064499765697561,0.029516262234361434,True,walking_dual_task,P10,12,0.34
2026-04-03T17:25:32.594692,1181.5095923790832,92325,68,-3.981144696310399,6.135479472647107,-2.7976357130828133,7.83073349280582,0.7662337271082587,True,walking_dual_task,P10,12,0.34
2026-04-03T17:25:32.595299,1166.792426419178,92325,67,-4.077106534333159,6.120327209198718,-2.5932201179394148,7.797819786327844,0.032913706477975424,True,walking_dual_task,P10,12,0.34
2026-04-03T17:25:32.595872,1307.0589704986696,92352,65,-4.348284254623518,6.624275182610322,-2.983959119111291,8.467148851796646,0.6693290654688013,True,walking_dual_task,P10,12,0.34
2026-04-03T17:25:32.656026,1154.3831216972942,92352,67,-4.758947880707779,7.1545667517165015,-3.404870596905435,9.242756846186717,0.7756079943900716,True,walking_dual_task,P10,12,0.34
2026-04-03T17:25:32.656888,1110.4222338219045,92379,67,-4.648082980380741,7.070931333153072,-3.224230552913148,9.055297232504829,0.18745961368188802,True,walking_dual_task,P10,12,0.34
2026-04-03T17:25:32.657905,1130.0604729806764,92379,66,-5.113711425636311,8.390417535395429,-4.2013152147394575,10.686449386796145,1.6311521542913159,True,walking_dual_task,P10,12,0.34
2026-04-03T17:25:32.717973,1201.011575108571,92375,68,-5.029863063628521,8.497822727207188,-4.079565950241529,10.684351729714983,0.002097657081161941,True,walking_dual_task,P10,12,0.34
2026-04-03T17:25:32.718035,1099.2631968063602,92375,66,-4.968185467169902,8.324505264828831,-3.9102975782171923,10.453261782361158,0.2310899473538246,True,walking_dual_task,P10,12,0.34
2026-04-03T17:25:32.718053,1099.7224331438097,92318,67,-4.812125518160276,8.396642653063571,-4.145978588931748,10.52849933778106,0.07523755541990162,True,walking_dual_task,P10,12,0.34
2026-04-03T17:25:32.776772,1284.4265060542389,92318,67,-4.95394357749664,8.395799722431745,-3.9253696231599147,10.509021677902838,0.019477659878221587,True,walking_dual_task,P10,12,0.34
2026-04-03T17:25:32.776872,1165.1146468365193,92269,68,-4.883421581229459,8.45081355425643,-4.07455558288049,10.576675246352437,0.06765356844959847,True,walking_dual_task,P10,12,0.34
2026-04-03T17:25:32.776893,1126.4720491939952,92269,68,-4.8859212957076,8.52714165772969,-4.164133769168092,10.673536518247555,0.0968612718951185,True,walking_dual_task,P10,12,0.34
2026-04-03T17:25:32.849762,1143.3997383503197,92249,68,-4.662020579296378,8.318662319031999,-4.122009457007904,10.388721799313348,0.2848147189342072,True,walking_dual_task,P10,12,0.34
2026-04-03T17:25:32.849805,1159.246563288297,92249,66,-4.9332075349608555,8.494489998376263,-3.9604334496684444,10.591408311681768,0.2026865123684196,True,walking_dual_task,P10,12,0.34
2026-04-03T17:25:32.849813,1275.5791545852412,92229,68,-4.704302983352348,8.502095861226763,-3.997499587057404,10.5069550080502,0.08445330363156778,True,walking_dual_task,P10,12,0.34
2026-04-03T17:25:32.895966,1254.1334038959073,92229,68,-4.910121360918367,8.325013632662845,-4.184089849728858,10.531939595040084,0.02498458698988415,True,walking_dual_task,P10,12,0.34
2026-04-03T17:25:32.896005,1215.4332964864977,92226,67,-5.073369598468498,8.509222094479247,-4.228008073515883,10.77135051911104,0.2394109240709561,True,walking_dual_task,P10,12,0.34
2026-04-03T17:25:32.896015,1324.3426091160593,92226,66,-4.841476248136594,8.366305260207596,-4.24457602602546,10.557053642421174,0.21429687668986652,True,walking_dual_task,P10,12,0.34
2026-04-03T17:25:32.957775,1156.6870214322964,92255,66,-4.888415098869457,8.418473052200115,-4.007123862529621,10.527313634499958,0.029740007921216005,True,walking_dual_task,P10,12,0.34
2026-04-03T17:25:32.958432,1125.199683465825,92255,67,-3.7601025026065784,8.5782378587846,-4.615267202633385,10.44151459050348,0.08579904399647731,True,walking_dual_task,P10,12,0.34
2026-04-03T17:25:32.958918,1228.706822051196,92269,67,-4.45232553012152,8.70746184059624,-4.678011316037902,10.840981699301508,0.39946710879802794,True,walking_dual_task,P10,12,0.34
2026-04-03T17:25:33.014531,1099.0128240751253,92269,67,-4.595952234393147,8.689113774810473,-4.6086286764079265,10.856469656819105,0.01548795751759613,True,walking_dual_task,P10,12,0.34
2026-04-03T17:25:33.078729,1149.5124154246555,92291,69,-4.686415168217696,8.805193684804488,-4.973968380863029,11.146043441941492,0.2895737851223874,True,walking_dual_task,P10,12,0.34
2026-04-03T17:25:33.078776,1267.0161111436678,92291,67,-4.876821830347157,9.300942022645977,-4.968549904797356,11.617977527523207,0.4719340855817151,True,walking_dual_task,P10,12,0.34
2026-04-03T17:25:33.078792,1192.180144436294,92282,67,-4.946076336248159,9.044555119385336,-5.090325033326706,11.496915124349924,0.12106240317328343,True,walking_dual_task,P10,12,0.34
2026-04-03T17:25:33.078804,1113.9623559638082,92282,67,-4.281214815321723,8.171828037543529,-5.025915394424838,10.505588956456906,0.9913261678930176,True,walking_dual_task,P10,12,0.34
2026-04-03T17:25:33.078814,1161.6174725906562,92283,67,-3.260307338391888,7.907628258846514,-4.523002300664706,9.675625996941912,0.8299629595149938,True,walking_dual_task,P10,12,0.34
2026-04-03T17:25:33.199590,1203.5546011971967,92283,66,-3.204215912664579,7.920073226686002,-4.508028260296134,9.660066165750104,0.015559831191808371,True,walking_dual_task,P10,12,0.34
2026-04-03T17:25:33.199638,1118.9961182486525,92281,66,-2.877508005157126,7.7539234684556835,-4.064411916297946,9.215358142782943,0.44470802296716094,True,walking_dual_task,P10,12,0.34
2026-04-03T17:25:33.199651,1220.3661121163368,92281,66,-2.885716863931248,7.611387031920619,-3.9750537854419488,9.058787278969682,0.15657086381326124,True,walking_dual_task,P10,12,0.34
2026-04-03T17:25:33.199661,1098.7026963386775,92296,67,-2.851767547279955,7.9433474306549465,-3.9815363327865936,9.331772506716577,0.2729852277468954,True,walking_dual_task,P10,12,0.34
2026-04-03T17:25:33.199671,1155.6249553350447,92296,68,-3.3295913723650346,8.370583878840142,-4.349821164041767,10.003689186433764,0.6719166797171869,True,walking_dual_task,P10,12,0.34
2026-04-03T17:25:33.199680,1145.1236573532658,92323,69,-3.2237054983467788,8.34359951690568,-4.128971424535241,9.851717366185884,0.15197182024787992,True,walking_dual_task,P10,12,0.34
2026-04-03T17:25:33.257139,1052.2479797372612,92323,67,-3.7704536640464146,8.337784128284387,-4.08112650961973,10.019508899647377,0.167791533461493,True,walking_dual_task,P10,12,0.34
2026-04-03T17:25:33.257185,1077.3870904838438,92340,68,-3.760973288735138,8.480056463947388,-3.98268358515768,10.095446807833694,0.07593790818631696,True,walking_dual_task,P10,12,0.34
2026-04-03T17:25:33.257325,1146.6583478807036,92340,68,-3.7998992361194097,8.399903668308088,-3.91170647562477,10.014942006470198,0.08050480136349591,True,walking_dual_task,P10,12,0.34
2026-04-03T17:25:33.328844,1168.6111640680547,92320,68,-3.967640951893173,8.277775221947158,-4.027212755125425,10.024080003834117,0.009137997363918515,True,walking_dual_task,P10,12,0.34
2026-04-03T17:25:33.328889,1181.493098582624,92320,66,-4.032970488706573,8.480881506552834,-3.6037965418371196,10.05870526488997,0.03462526105585262,True,walking_dual_task,P10,12,0.34
2026-04-03T17:25:33.328901,1213.2052956143625,92251,66,-3.9421306625720764,8.808733704230619,-3.3458227370907663,10.214142813808362,0.15543754891839257,True,walking_dual_task,P10,12,0.34
2026-04-03T17:25:33.375309,1104.536427956201,92251,67,-3.904093874702597,8.608111446087795,-3.131070806351744,9.95716506065588,0.2569777531524817,True,walking_dual_task,P10,12,0.34
2026-04-03T17:25:33.375885,1177.1020099371271,92217,67,-3.8463348433334046,9.069679363281947,-2.7948738441415144,10.2403464435755,0.28318138291962036,True,walking_dual_task,P10,12,0.34
2026-04-03T17:25:33.376206,1122.231688774055,92217,67,-3.780654378569483,8.767827763082227,-3.0822958038234063,10.03337922315007,0.20696722042543136,True,walking_dual_task,P10,12,0.34
2026-04-03T17:25:33.497455,1256.8365324116166,92215,67,-4.288679080157541,9.205885785287112,-2.956921857807135,10.577546417648557,0.5441671944984883,True,walking_dual_task,P10,12,0.34
2026-04-03T17:25:33.498154,1200.731134108797,92215,67,-4.431055213961751,9.182642124924174,-2.9984543558860004,10.6276006336304,0.05005421598184334,True,walking_dual_task,P10,12,0.34
2026-04-03T17:25:33.498597,1241.7746531940363,92224,67,-5.149769063356654,9.218535368946343,-2.709256156301125,10.901448742019362,0.273848108388961,True,walking_dual_task,P10,12,0.34
2026-04-03T17:25:33.498885,1137.9859176569294,92224,67,-5.504204996640028,9.308841039344012,-2.9124008334264366,11.199681814915786,0.29823307289642464,True,walking_dual_task,P10,12,0.34
2026-04-03T17:25:33.499443,1114.4324395750111,92218,66,-5.646863560616345,9.283805094078561,-2.751381458659499,11.209201801560672,0.009519986644885847,True,walking_dual_task,P10,12,0.34
2026-04-03T17:25:33.499521,1186.7583571672808,92218,67,-6.001066599244985,9.652478695998935,-3.1347787893186276,11.79024950385907,0.5810477022983971,True,walking_dual_task,P10,12,0.34
2026-04-03T17:25:33.556281,1113.946193719622,92205,66,-5.809394305411127,9.953154594029998,-3.183148140818691,11.956035323417257,0.16578581955818805,True,walking_dual_task,P10,12,0.34
2026-04-03T17:25:33.556320,1223.0655750632566,92205,65,-6.663674781191884,9.472772387767867,-3.18379347862438,12.011432854346777,0.055397530929520045,True,walking_dual_task,P10,12,0.34
2026-04-03T17:25:33.556339,1167.8406667583884,92205,68,-6.053531419692889,9.039320031049177,-2.731835884815982,11.216838974261163,0.794593880085614,True,walking_dual_task,P10,12,0.34
2026-04-03T17:25:33.616792,1138.9851573459964,92205,68,-5.9881200248829805,9.137521692905484,-2.895009182084975,11.30190082619199,0.08506185193082594,True,walking_dual_task,P10,12,0.34
2026-04-03T17:25:33.617299,1143.1827647159314,92189,67,-5.518936227892182,8.14140889838874,-2.944879538688915,10.267108231420021,1.034792594771968,True,walking_dual_task,P10,12,0.34
2026-04-03T17:25:33.617369,1231.6104524541747,92189,66,-5.32767401492121,7.972452131669138,-2.871274153653065,10.009411504502081,0.2576967269179402,True,walking_dual_task,P10,12,0.34
2026-04-03T17:25:33.675586,1188.1579091871217,92190,68,-5.384128274259513,7.855019175459,-2.6244949707020915,9.878164676282223,0.131246828219858,True,walking_dual_task,P10,12,0.34
2026-04-03T17:25:33.676291,1239.4560461720353,92190,66,-5.383952583950194,7.920570329504722,-2.656341751419027,9.938738917548163,0.06057424126593958,True,walking_dual_task,P10,12,0.34
2026-04-03T17:25:33.676321,1192.0170803150254,92200,66,-4.736012930410204,7.625633539176878,-2.5888486267046327,9.342496591533893,0.59624232601427,True,walking_dual_task,P10,12,0.34
2026-04-03T17:25:33.737974,1097.864090233988,92200,67,-4.46282247446971,7.3470027867462475,-2.478481081009225,8.946401670840054,0.3960949206938391,True,walking_dual_task,P10,12,0.34
2026-04-03T17:25:33.738026,1185.1561010973462,92199,67,-4.3033508387629835,7.363985248753999,-2.5467703228065055,8.901300256843184,0.04510141399686951,True,walking_dual_task,P10,12,0.34
2026-04-03T17:25:33.738039,1168.2795847857928,92199,66,-4.323619462273213,7.263878427364494,-2.5308446733699363,8.823989450515224,0.07731080632795972,True,walking_dual_task,P10,12,0.34
2026-04-03T17:25:33.796249,1121.5393065843502,92207,65,-4.34938731221389,7.3229074372657745,-2.5552955456635047,8.89222574230419,0.06823629178896518,True,walking_dual_task,P10,12,0.34
2026-04-03T17:25:33.796287,1150.350950802841,92207,68,-4.3226204368120165,7.462297392231771,-2.545024850991362,8.991556111320087,0.09933036901589709,True,walking_dual_task,P10,12,0.34
2026-04-03T17:25:33.796318,1122.248275436601,92213,67,-4.064589339809158,7.293050014486245,-2.4949155877562945,8.714015653251801,0.27754045806828564,True,walking_dual_task,P10,12,0.34
2026-04-03T17:25:33.856657,1167.7331477108544,92213,67,-4.5023677200568955,7.3354681432959525,-2.581739646746187,8.985865988957393,0.2718503357055919,True,walking_dual_task,P10,12,0.34
2026-04-03T17:25:33.857251,1152.4161899474132,92219,67,-4.137639945074624,7.2937906880530345,-2.52999755775519,8.759014474154814,0.22685151480257915,True,walking_dual_task,P10,12,0.34
2026-04-03T17:25:33.857572,1197.4634161453396,92219,68,-4.372073722106587,7.391636521052618,-2.437007582713445,8.926943768675628,0.16792929452081395,True,walking_dual_task,P10,12,0.34
2026-04-03T17:25:33.914609,1196.4097759430342,92194,66,-4.439919988204189,7.335370290628344,-2.7781913648092527,9.013262120996412,0.08631835232078444,True,walking_dual_task,P10,12,0.34
2026-04-03T17:25:33.915010,1120.713653971595,92194,66,-4.35206763769654,7.406093027099389,-2.595999788369412,8.97384653035418,0.03941559064223199,True,walking_dual_task,P10,12,0.34
2026-04-03T17:25:33.915390,1202.8322845175985,92146,67,-4.385061171588476,7.3378603347237865,-2.4456036686835114,8.891227872165004,0.08261865818917613,True,walking_dual_task,P10,12,0.34
2026-04-03T17:25:33.974550,1237.6558563725314,92146,69,-4.402674113328716,7.399087166937675,-2.662931454137602,9.012282406890721,0.12105453472571703,True,walking_dual_task,P10,12,0.34
2026-04-03T17:25:34.038699,1202.3219153412251,92149,67,-4.1119910855053226,7.064492203999775,-3.3362952841757987,8.828725106767257,0.18355730012346427,True,walking_dual_task,P10,12,0.34
2026-04-03T17:25:34.038753,1178.9303415330655,92149,67,-4.567420684334933,7.68446388390868,-3.602142311970074,9.637828911454724,0.8091038046874672,True,walking_dual_task,P10,12,0.34
2026-04-03T17:25:34.038765,1197.9551716512265,92168,66,-4.484931303292417,7.548566327779046,-3.5875880361178347,9.485054049241242,0.1527748622134819,True,walking_dual_task,P10,12,0.34
2026-04-03T17:25:34.038775,1192.0576795599948,92168,67,-4.701968131544837,7.647236492354361,-3.7663152835441047,9.735186751938423,0.25013270269718113,True,walking_dual_task,P10,12,0.34
2026-04-03T17:25:34.038784,1158.479034072133,92178,66,-4.831950768017034,7.523118212734809,-3.544449171238974,9.618117060777502,0.11706969116092125,True,walking_dual_task,P10,12,0.34
2026-04-03T17:25:34.104825,1250.2114936930104,92178,67,-4.8316584645070435,7.8639772681085836,-4.015295331188362,10.065269921250705,0.4471528604732029,True,walking_dual_task,P10,12,0.34
2026-04-03T17:25:34.104862,1054.1453309074097,92181,68,-4.786306976481705,8.52057044054569,-3.9795198891995662,10.55203457414509,0.48676465289438475,True,walking_dual_task,P10,12,0.34
2026-04-03T17:25:34.218862,1204.2187201296958,92181,67,-4.70158960756592,8.424169923845563,-3.9475256406814405,10.423748962232034,0.12828561191305532,True,walking_dual_task,P10,12,0.34
2026-04-03T17:25:34.218917,1234.4671883361696,92178,66,-5.070209499507831,8.20468855997688,-3.7347741561385543,10.342749959874086,0.08099900235794877,True,walking_dual_task,P10,12,0.34
2026-04-03T17:25:34.218932,1120.9535547682426,92178,68,-5.1380654183786305,8.184346575009998,-3.5307181402846624,10.288304801547797,0.05444515832628838,True,walking_dual_task,P10,12,0.34
2026-04-03T17:25:34.218943,1043.9049257849908,92165,67,-5.085090261439629,8.404096657503484,-3.641805098545135,10.47615043665557,0.18784563510777375,True,walking_dual_task,P10,12,0.34
2026-04-03T17:25:34.218969,1154.6068663140948,92165,66,-5.261194184036583,8.762227982803118,-3.6948685491580058,10.867789888487694,0.39163945183212334,True,walking_dual_task,P10,12,0.34
2026-04-03T17:25:34.219000,1194.3176493922747,92162,67,-5.381526047339072,8.697529794710029,-3.7066429195630257,10.878742981668621,0.010953093180926743,True,walking_dual_task,P10,12,0.34
2026-04-03T17:25:34.277297,1168.282294186102,92162,68,-5.739049746653482,8.801811845443883,-3.9547426670408456,11.22713557946429,0.34839259779566945,True,walking_dual_task,P10,12,0.34
2026-04-03T17:25:34.277349,1212.1902220328336,92160,68,-5.502946609462049,8.9908354843354,-3.92829744277356,11.249402868235972,0.022267288771681493,True,walking_dual_task,P10,12,0.34
2026-04-03T17:25:34.277363,1242.4058631168948,92160,68,-6.287134631731382,9.299267577270854,-4.281311515023776,12.013911421342852,0.7645085531068805,True,walking_dual_task,P10,12,0.34
2026-04-03T17:25:34.277373,1086.5465698270737,92164,68,-6.227340461840313,9.33279256394712,-3.9640339820281447,11.899342489398903,0.11456893194394979,True,walking_dual_task,P10,12,0.34
2026-04-03T17:25:34.335166,1156.6515441415431,92164,67,-5.928693049592998,9.291461472582208,-4.481251129977951,11.897994337815955,0.0013481515829472102,True,walking_dual_task,P10,12,0.34
2026-04-03T17:25:34.335207,1183.9663715193226,92167,67,-4.6128684231743975,8.164249880137687,-4.42738844213929,10.369922835413785,1.5280715024021703,True,walking_dual_task,P10,12,0.34
2026-04-03T17:25:34.394368,1193.388656501385,92183,68,-4.7383253540116055,8.164018647769181,-4.611077752837093,10.505473129959512,0.13555029454572676,True,walking_dual_task,P10,12,0.34
2026-04-03T17:25:34.398309,1175.7335247395727,92183,68,-4.004701748849949,7.794567300936672,-4.09851521565179,9.674230846894355,0.8312422830651567,True,walking_dual_task,P10,12,0.34
2026-04-03T17:25:34.398331,1118.0676766053655,92183,66,-4.049689990325889,7.998892811993905,-3.9850235065673343,9.8113550329915,0.13712418609714483,True,walking_dual_task,P10,12,0.34
2026-04-03T17:25:34.398339,1243.1792362391818,92205,68,-4.304717783969455,8.533258376431457,-3.658428524328446,10.233825921236912,0.422470888245412,True,walking_dual_task,P10,12,0.34
2026-04-03T17:25:34.455637,1149.033344310531,92225,67,-4.253027742243428,8.55296765137083,-3.657443705438217,10.228313403496086,0.005512517740825729,True,walking_dual_task,P10,12,0.34
2026-04-03T17:25:34.455677,1170.80468941951,92225,67,-4.1834791434082,8.50411423865599,-3.9362092728208324,10.262319434069653,0.03400603057356655,True,walking_dual_task,P10,12,0.34
2026-04-03T17:25:34.514404,1146.6835052229983,92179,66,-3.987150744517429,8.20142901763114,-4.112604918362023,10.003715719935443,0.25860371413421035,True,walking_dual_task,P10,12,0.34
2026-04-03T17:25:34.514722,1215.1943098739987,92179,68,-3.8237647724553616,8.005002145744342,-4.03136459642649,9.744390021841442,0.25932569809400086,True,walking_dual_task,P10,12,0.34
2026-04-03T17:25:34.515414,1117.429483901272,92132,67,-4.374428945752713,8.356616661137494,-3.8294117316363248,10.180032653829448,0.43564263198800646,True,walking_dual_task,P10,12,0.34
2026-04-03T17:25:34.574592,1224.0052465162782,92132,69,-4.374507377195079,8.149400717635132,-3.6799198916761737,9.954439073040739,0.2255935807887095,True,walking_dual_task,P10,12,0.34
2026-04-03T17:25:34.576842,1206.2646182646465,92120,66,-3.682947972144724,8.712851073165124,-3.6924746950883818,10.154420168702279,0.1999810956615402,True,walking_dual_task,P10,12,0.34
2026-04-03T17:25:34.582840,1189.2300384073094,92120,66,-3.2321782886390724,8.300716741082077,-3.5611852453952046,9.59327448044986,0.5611456882524184,True,walking_dual_task,P10,12,0.34
2026-04-03T17:25:34.636224,1205.6148180770956,92128,67,-3.4642824827708902,8.09676938668593,-3.555074602951731,9.49723554799817,0.09603893245169104,True,walking_dual_task,P10,12,0.34
2026-04-03T17:25:34.636291,1126.5474005339538,92128,66,-3.3138450032185407,7.955960486745544,-3.2090598028744837,9.196572230480099,0.3006633175180706,True,walking_dual_task,P10,12,0.34
2026-04-03T17:25:34.636303,1202.5492103769127,92128,67,-3.4826621382208005,7.865006793098586,-3.2643976818732994,9.200193457199873,0.003621226719774384,True,walking_dual_task,P10,12,0.34
2026-04-03T17:25:34.636755,1127.7091684736533,92151,65,-3.4462085265261497,7.912655020220759,-2.939356396735793,9.117361389369073,0.08283206783080033,True,walking_dual_task,P10,12,0.34
2026-04-03T17:25:34.697145,1177.844564747007,92151,66,-3.5667803560553666,8.10433234129771,-2.982010328149787,9.343153129631263,0.2257917402621903,True,walking_dual_task,P10,12,0.34
2026-04-03T17:25:34.697196,1146.7602321644154,92169,67,-3.356012344629983,7.814269864001234,-3.099617795215226,9.05169944491981,0.2914536847114526,True,walking_dual_task,P10,12,0.34
2026-04-03T17:25:34.697205,1177.8779564201793,92169,68,-3.8984101169894942,8.058904134949364,-3.360461364991637,9.562229754725173,0.5105303098053628,True,walking_dual_task,P10,12,0.34
2026-04-03T17:25:34.754216,1156.8333210006572,92180,68,-3.868813354410467,7.892870892764927,-3.252587700199122,9.372537247117624,0.18969250760754974,True,walking_dual_task,P10,12,0.34
2026-04-03T17:25:34.754959,1155.2500021985647,92180,68,-4.026589035830123,8.037864891510315,-3.1905506545277844,9.539407987750034,0.16687074063240992,True,walking_dual_task,P10,12,0.34
2026-04-03T17:25:34.755244,1137.6728550765756,92183,67,-3.9500221333012373,8.129924457382305,-3.2242938976667666,9.596583646008812,0.05717565825877813,True,walking_dual_task,P10,12,0.34
2026-04-03T17:25:34.817989,1140.1188565842112,92183,67,-3.7617210209792233,7.849906681656835,-3.2564043752406446,9.293855465063139,0.3027281809456728,True,walking_dual_task,P10,12,0.34
2026-04-03T17:25:34.820447,1276.8554232031986,92196,68,-3.9398496917020585,7.870652585910007,-3.4250385288018594,9.444600396262082,0.15074493119894328,True,walking_dual_task,P10,12,0.34
2026-04-03T17:25:34.821143,1234.039156065697,92196,66,-3.827212098784435,8.139942110344204,-3.359047787728748,9.601531755354571,0.15693135909248923,True,walking_dual_task,P10,12,0.34
2026-04-03T17:25:34.934754,1121.6795480683973,92208,67,-3.845891707596143,7.982706268313453,-3.0849963776645026,9.382520186119013,0.2190115692355583,True,walking_dual_task,P10,12,0.34
2026-04-03T17:25:34.934985,1198.2733044193876,92208,67,-3.891847951225952,7.779366514147878,-3.1167720522783475,9.240091550562164,0.1424286355568487,True,walking_dual_task,P10,12,0.34
2026-04-03T17:25:34.935348,1094.5771423047697,92229,66,-3.8501813531339697,7.800278511670185,-3.164010749135278,9.25630624667787,0.01621469611570525,True,walking_dual_task,P10,12,0.34
2026-04-03T17:25:34.935985,1106.2721749427142,92229,68,-3.9017359972680885,7.80225314467195,-3.0999480884622646,9.257881835338027,0.001575588660157834,True,walking_dual_task,P10,12,0.34
2026-04-03T17:25:34.936860,1174.0549006052481,92243,67,-3.88770335537919,8.215613084097372,-3.191056212447948,9.632931821518369,0.3750499861803416,True,walking_dual_task,P10,12,0.34
2026-04-03T17:25:34.937617,1230.231077547315,92243,68,-3.801848303545413,8.065922957384375,-3.275632627989537,9.499628034359086,0.13330378715928326,True,walking_dual_task,P10,12,0.34
2026-04-03T17:25:34.994380,1235.4929344417312,92242,68,-5.547316514201516,9.903836829442906,-2.2672918706192524,11.575807396442752,2.076179362083666,True,walking_dual_task,P10,12,0.34
2026-04-03T17:25:34.995298,1217.2699471912802,92242,67,-6.265030589672702,10.104425881378159,-2.173095164130403,12.086040429940915,0.5102330334981637,True,walking_dual_task,P10,12,0.34
2026-04-03T17:25:34.995783,1140.8705757065516,92255,68,-6.279092711387097,10.30355075135153,-2.242411639004196,12.272675882732857,0.1866354527919416,True,walking_dual_task,P10,12,0.34
2026-04-03T17:25:35.056794,1128.020539694936,92255,68,-5.925904511343734,9.645887971257716,-2.39912140224673,11.572177087062599,0.7004987956702582,True,walking_dual_task,P10,12,0.34
2026-04-03T17:25:35.056832,1076.0399458512413,92243,65,-5.100485089816125,8.368705847208755,-2.8765416740263494,10.213945256900143,1.358231830162456,True,walking_dual_task,P10,12,0.34
2026-04-03T17:25:35.056845,1190.6617682411234,92243,67,-5.068641663877844,8.409108754571955,-2.913461323448169,10.241703727712759,0.027758470812615954,True,walking_dual_task,P10,12,0.34
2026-04-03T17:25:35.129577,1244.175835531813,92188,66,-4.198573156816332,7.677449544822213,-3.0977100742774586,9.28262116919082,0.9590825585219385,True,walking_dual_task,P10,12,0.34
2026-04-03T17:25:35.129622,1159.4295197155311,92188,67,-4.280451101450568,7.837034197001941,-2.952197416635296,9.405149452490129,0.12252828329930843,True,walking_dual_task,P10,12,0.34
2026-04-03T17:25:35.129638,1163.928722979495,92158,65,-3.6580826062148963,7.249165313119566,-2.7533606171032186,8.57396995438186,0.8311794981082681,True,walking_dual_task,P10,12,0.34
2026-04-03T17:25:35.174663,1201.709003897931,92158,67,-4.588468308038193,7.67063023832231,-2.4652126628261475,9.271994561036685,0.6980246066548244,True,walking_dual_task,P10,12,0.34
2026-04-03T17:25:35.234852,1126.461517676398,92159,68,-4.364321580902948,7.345802743256809,-2.0832351447603554,8.794770575332773,0.4772239857039118,True,walking_dual_task,P10,12,0.34
2026-04-03T17:25:35.235327,1142.1959805192482,92159,68,-5.464506542457167,7.990294957357397,-2.4308374005558955,9.980712185313712,1.1859416099809383,True,walking_dual_task,P10,12,0.34
2026-04-03T17:25:35.235785,1106.6114681837546,92174,66,-5.340450764685367,8.176604403836198,-2.467408185663312,10.073002387646909,0.09229020233319751,True,walking_dual_task,P10,12,0.34
2026-04-03T17:25:35.236408,1110.5388950140677,92174,66,-5.377048020401936,7.64845371167531,-3.046232141386414,9.833159200000978,0.23984318764593127,True,walking_dual_task,P10,12,0.34
2026-04-03T17:25:35.236951,1067.2274360351398,92175,67,-4.836307255743758,6.9784391906857115,-3.255572976822283,9.093252268439134,0.7399069315618441,True,walking_dual_task,P10,12,0.34
2026-04-03T17:25:35.297188,1087.0562792875746,92175,67,-4.8569839012527485,6.900989338989867,-3.255492104552309,9.045008309376094,0.04824395906303991,True,walking_dual_task,P10,12,0.34
2026-04-03T17:25:35.297667,1247.27667447928,92171,66,-4.089678963332376,6.388368606378418,-3.088897174120824,8.190116801754193,0.8548915076219004,True,walking_dual_task,P10,12,0.34
2026-04-03T17:25:35.298040,1136.7641895115214,92171,68,-3.9569909592786465,6.491613197567559,-2.9282864628131455,8.147004416774363,0.043112384979830054,True,walking_dual_task,P10,12,0.34
2026-04-03T17:25:35.356177,1198.1951865986966,92173,67,-3.610110592516651,6.084161141702446,-2.695969291214158,7.570876151910868,0.5761282648634953,True,walking_dual_task,P10,12,0.34
2026-04-03T17:25:35.356785,1134.0437903357547,92173,67,-3.29159939251417,5.971604038736647,-2.563196413416113,7.2845492111732435,0.28632694073762455,True,walking_dual_task,P10,12,0.34
2026-04-03T17:25:35.356818,1192.0463262075157,92184,66,-3.647473046271746,6.160907498424062,-2.518019190896024,7.58954949078912,0.30500027961587683,True,walking_dual_task,P10,12,0.34
2026-04-03T17:25:35.417132,1133.7419285521478,92184,67,-4.054349805651584,7.004046474242482,-2.9299717100751526,8.60692474591107,1.0173752551219488,True,walking_dual_task,P10,12,0.34
2026-04-03T17:25:35.417181,1186.4137778406018,92206,67,-3.9697174759505836,7.1658826850812325,-2.878712241172102,8.683059118921658,0.07613437301058923,True,walking_dual_task,P10,12,0.34
2026-04-03T17:25:35.417196,1188.7082361633197,92206,66,-4.62694183610806,7.434436412410062,-3.231040703409329,9.333759132952997,0.6507000140313384,True,walking_dual_task,P10,12,0.34
2026-04-03T17:25:35.476722,1198.8941601990177,92250,67,-4.8047722666976735,7.111928716731521,-3.110454434880898,9.12909050224434,0.2046686307086567,True,walking_dual_task,P10,12,0.34
2026-04-03T17:25:35.476754,1130.306924768551,92250,67,-5.053502956183297,7.53936953021902,-3.4114866893666767,9.696299627851559,0.5672091256072189,True,walking_dual_task,P10,12,0.34
2026-04-03T17:25:35.476762,1207.6929779773866,92267,66,-4.682429660008197,8.451049163793567,-3.7202588201517846,10.353052940012311,0.6567533121607525,True,walking_dual_task,P10,12,0.34
2026-04-03T17:25:35.536567,1133.6565557473218,92267,67,-4.720206212032107,8.561215578274425,-3.784237206548758,10.483091628771692,0.13003868875938096,True,walking_dual_task,P10,12,0.34
2026-04-03T17:25:35.536605,1120.1517102997946,92269,67,-5.224264168561235,8.45477591662984,-3.129073492092439,10.41956202641226,0.0635296023594325,True,walking_dual_task,P10,12,0.34
2026-04-03T17:25:35.536620,1119.9404740917628,92269,66,-4.970926322631346,8.35880546408485,-3.2175885647194056,10.2436621119235,0.17589991448875963,True,walking_dual_task,P10,12,0.34
2026-04-03T17:25:35.595999,1165.613617022483,92285,68,-5.489086087506432,8.332812187185313,-2.8990948178208447,10.390889075804651,0.14722696388115075,True,walking_dual_task,P10,12,0.34
2026-04-03T17:25:35.596030,1096.4368675551625,92285,69,-5.57255705066581,9.14174909322944,-3.1067555116195216,11.147954896547832,0.7570658207431809,True,walking_dual_task,P10,12,0.34
2026-04-03T17:25:35.596042,1169.5682577924852,92262,67,-5.4714472633268105,9.171086042564859,-2.98742807174048,11.089196582228915,0.05875831431891676,True,walking_dual_task,P10,12,0.34
2026-04-03T17:25:35.687662,1138.31771999489,92262,68,-7.047678700455685,9.689263654938866,-3.204737202838001,12.402497562145696,1.3133009799167805,True,walking_dual_task,P10,12,0.34
2026-04-03T17:25:35.687716,1208.793544418443,92212,67,-7.078893087420032,9.727849233536523,-3.2919027163643495,12.473107132849746,0.07060957070405038,True,walking_dual_task,P10,12,0.34
2026-04-03T17:25:35.687724,1159.3145315639686,92212,69,-6.990979725271231,9.68120292161105,-3.2572049723876666,12.377757137733422,0.09534999511632414,True,walking_dual_task,P10,12,0.34
2026-04-03T17:25:35.715177,1244.14943292819,92160,67,-6.104858718453514,9.923748821473021,-4.1631829309641155,12.37263847207361,0.005118665659811228,True,walking_dual_task,P10,12,0.34
2026-04-03T17:25:35.715677,1138.533073836476,92160,65,-4.083454180255444,8.266814060295788,-4.513127913130518,10.265628880396351,2.1070095916772598,True,walking_dual_task,P10,12,0.34
2026-04-03T17:25:35.715696,1143.070326927141,92155,68,-4.13116891599834,8.15202540652458,-4.647431325612905,10.252838278614426,0.012790601781924593,True,walking_dual_task,P10,12,0.34
2026-04-03T17:25:35.774821,1213.7636039626766,92155,67,-4.266955160687237,8.10402004686369,-4.650609468566632,10.271816572174838,0.01897829356041214,True,walking_dual_task,P10,12,0.34
2026-04-03T17:25:35.775446,1088.554481021148,92185,67,-4.184522264886569,8.198737624726618,-4.399957425792725,10.202409057336794,0.0694075148380442,True,walking_dual_task,P10,12,0.34
2026-04-03T17:25:35.775468,1126.9626702805783,92185,67,-4.127615996559336,8.259852702905018,-4.568321672068863,10.302035885602123,0.09962682826532898,True,walking_dual_task,P10,12,0.34
2026-04-03T17:25:35.840539,1052.0773165971732,92210,68,-4.299085115199022,8.11665211109079,-4.580554147490219,10.263705501342594,0.03833038425952928,True,walking_dual_task,P10,12,0.34
2026-04-03T17:25:35.840587,1132.023064421028,92210,67,-4.301833022608864,8.224553490415428,-4.6738703837556805,10.39202154709377,0.12831604575117517,True,walking_dual_task,P10,12,0.34
2026-04-03T17:25:35.840600,1241.6232054046961,92217,67,-4.559353000704425,8.167909578384613,-4.723096212245247,10.479030704021481,0.08700915692771183,True,walking_dual_task,P10,12,0.34
2026-04-03T17:25:35.959047,1085.6769361812949,92217,66,-4.12739893535188,8.138435251208787,-4.412356736973704,10.135997350235392,0.34303335378608857,True,walking_dual_task,P10,12,0.34
2026-04-03T17:25:35.959098,1147.1193078032134,92198,68,-4.308144215068233,8.103586318574159,-4.400383049884423,10.177995322563197,0.041997972327804334,True,walking_dual_task,P10,12,0.34
2026-04-03T17:25:35.959112,1254.92307417377,92198,66,-4.062625635609555,8.138921726020296,-4.473019715259947,10.136808141150809,0.041187181412388085,True,walking_dual_task,P10,12,0.34
2026-04-03T17:25:35.959123,1162.2073681070226,92198,69,-4.435488286675428,8.261682641914941,-4.38309756979896,10.350869563632376,0.21406142248156712,True,walking_dual_task,P10,12,0.34
2026-04-03T17:25:35.959133,1119.1784199473607,92198,67,-4.096225202375039,8.02275488301749,-4.576017324209905,10.1036424804633,0.2472270831690757,True,walking_dual_task,P10,12,0.34
2026-04-03T17:25:35.959144,1241.3747887438324,92214,66,-3.102793741010977,7.781738043219221,-4.362282425158633,9.445225456779212,0.6584170236840876,True,walking_dual_task,P10,12,0.34
2026-04-03T17:25:36.016103,1164.6719034302823,92238,69,-2.7286951307693186,7.737402957822131,-4.1953155165776845,9.214871346472306,0.2303541103069069,True,walking_dual_task,P10,12,0.34
2026-04-03T17:25:36.016145,1170.388994206812,92238,67,-2.72529192526568,7.802440819512982,-4.011938176874681,9.186998789320986,0.0278725571513192,True,walking_dual_task,P10,12,0.34
2026-04-03T17:25:36.016159,1024.5156059568512,92238,65,-3.0102180431059984,8.108023390020467,-3.920796361944904,9.496004426704966,0.30900563738397935,True,walking_dual_task,P10,12,0.34
2026-04-03T17:25:36.074178,1174.6882329010925,92268,67,-2.6316969585879386,7.851009026736278,-4.11325789639262,9.245705064621722,0.25029936208324344,True,walking_dual_task,P10,12,0.34
2026-04-03T17:25:36.134815,1259.8943670506462,92296,67,-3.3544063515765794,7.829947161913961,-3.576096109232038,9.238429407227525,0.0072756573941976654,True,walking_dual_task,P10,12,0.34
2026-04-03T17:25:36.135257,1211.9336504355445,92296,67,-3.4533369441228157,7.994253379720169,-3.505539960852573,9.387354982418909,0.1489255751913845,True,walking_dual_task,P10,12,0.34
2026-04-03T17:25:36.135912,1134.8344475051983,92308,68,-3.4856298197066597,8.094562222150493,-3.6495229450482434,9.538897763092328,0.15154278067341842,True,walking_dual_task,P10,12,0.34
2026-04-03T17:25:36.139316,1141.1043487195168,92308,67,-3.6742804124710777,8.270197102819091,-3.5279901654930863,9.713043358122205,0.17414559502987714,True,walking_dual_task,P10,12,0.34
2026-04-03T17:25:36.139345,1173.2944145659098,92302,67,-3.504768868277545,7.982385897999702,-3.694838642831032,9.468564940960665,0.24447841716153995,True,walking_dual_task,P10,12,0.34
2026-04-03T17:25:36.203206,1145.230154126556,92302,69,-3.5960038896599804,8.525618453916628,-3.6434559480916415,9.94445499974221,0.47589005878154467,True,walking_dual_task,P10,12,0.34
2026-04-03T17:25:36.203826,1162.7031621167346,92260,65,-4.109428098700488,8.44983047575171,-3.6969316003852044,10.097244060893953,0.1527890611517435,True,walking_dual_task,P10,12,0.34
2026-04-03T17:25:36.256047,1188.250541693812,92260,67,-4.04248586995967,8.37162552660716,-3.631425999418496,9.980634286247383,0.11660977464656952,True,walking_dual_task,P10,12,0.34
2026-04-03T17:25:36.256079,1157.264783743236,92224,66,-4.144325097810223,8.315471759088071,-3.4592210050916252,9.914066322886795,0.06656796336058868,True,walking_dual_task,P10,12,0.34
2026-04-03T17:25:36.260249,1227.923124111276,92224,68,-4.021921330424505,8.216363462349932,-3.6759507163298677,9.85885862574612,0.055207697140675194,True,walking_dual_task,P10,12,0.34
2026-04-03T17:25:36.314866,1113.8595550482773,92233,69,-3.9943230107412613,9.014279924852268,-3.671152480858815,10.520894420886828,0.6620357951407083,True,walking_dual_task,P10,12,0.34
2026-04-03T17:25:36.315224,1133.7269058853549,92233,68,-3.9633396230372293,9.070048744842527,-3.862789940254146,10.625205472078411,0.10431105119158346,True,walking_dual_task,P10,12,0.34
2026-04-03T17:25:36.315976,1175.815349704159,92237,68,-4.948379927218736,9.252094357927687,-3.624466081367213,11.10065170551171,0.47544623343329917,True,walking_dual_task,P10,12,0.34
2026-04-03T17:25:36.316368,1191.8327743940758,92237,66,-5.667358590307555,9.567896461494138,-3.4650864722282613,11.647764607383863,0.5471129018721523,True,walking_dual_task,P10,12,0.34
2026-04-03T17:25:36.375741,1176.1848494213382,92230,66,-5.652728774998361,9.65533268731747,-3.4793869772293844,11.716865009198882,0.0691004018150192,True,walking_dual_task,P10,12,0.34
2026-04-03T17:25:36.437651,1195.7661220467994,92230,67,-6.1926759058143706,10.374580558980572,-3.5653814091207168,12.597345007648839,0.8804799984499567,True,walking_dual_task,P10,12,0.34
2026-04-03T17:25:36.437700,1185.4412650852935,92228,65,-6.063952034449671,10.03369459617101,-3.589813165621113,12.261048082827353,0.336296924821486,True,walking_dual_task,P10,12,0.34
2026-04-03T17:25:36.437714,1190.6206731052355,92228,67,-6.026439046672677,9.61484342229892,-3.4439057585426367,11.858485084204855,0.4025629986224981,True,walking_dual_task,P10,12,0.34
2026-04-03T17:25:36.437725,1189.0551495697098,92232,66,-5.83928966390346,9.822566564672835,-3.6286872398773498,11.989474082763062,0.13098899855820711,True,walking_dual_task,P10,12,0.34
2026-04-03T17:25:36.497122,1110.3974982216191,92232,68,-5.2937002318131485,8.714793726454376,-3.273879313938505,10.709303320066232,1.2801707626968302,True,walking_dual_task,P10,12,0.34
2026-04-03T17:25:36.497160,1139.051064550794,92232,68,-5.054570334717126,8.188773811275212,-2.8417121707737913,10.033943684432012,0.6753596356342193,True,walking_dual_task,P10,12,0.34
2026-04-03T17:25:36.497173,1168.2084001894323,92232,68,-5.132666493109547,8.35750346272857,-3.0952075370405785,10.284572871848509,0.25062918741649653,True,walking_dual_task,P10,12,0.34
2026-04-03T17:25:36.557767,1101.1047177288617,92234,67,-4.544878503829792,8.276327650092343,-2.7354956949771534,9.830384360923825,0.45418851092468415,True,walking_dual_task,P10,12,0.34
2026-04-03T17:25:36.557839,1117.5806162318186,92234,67,-4.4968049086973245,8.035259490608329,-2.767153529576319,9.614769270478739,0.21561509044508576,True,walking_dual_task,P10,12,0.34
2026-04-03T17:25:36.557856,1148.7568183748458,92242,68,-4.773916347549069,7.749707045025398,-2.390836408090762,9.410862622914271,0.20390664756446775,True,walking_dual_task,P10,12,0.34
2026-04-03T17:25:36.557870,1242.4818507278296,92242,66,-5.102774312690608,7.715405021728054,-2.3059831702238056,9.533275340454454,0.12241271754018257,True,walking_dual_task,P10,12,0.34
2026-04-03T17:25:36.674816,1113.2245076500944,92242,68,-5.113816645124842,7.888437206839727,-2.400407898539733,9.702603791023376,0.16932845056892276,True,walking_dual_task,P10,12,0.34
2026-04-03T17:25:36.675437,1213.5295473630583,92251,67,-4.820437049380913,7.403915593724587,-2.672991995859859,9.230355663568611,0.4722481274547654,True,walking_dual_task,P10,12,0.34
2026-04-03T17:25:36.675457,1134.78144928169,92254,67,-4.646559308198884,7.46874167140727,-2.5685835953965706,9.16352755467923,0.06682810888938029,True,walking_dual_task,P10,12,0.34
2026-04-03T17:25:36.676169,1230.6105910576618,92254,67,-3.9780483402065445,7.02976913958588,-2.6088048417238787,8.488132035677578,0.6753955190016523,True,walking_dual_task,P10,12,0.34
2026-04-03T17:25:36.676965,1121.114045977688,92271,68,-3.739778747105987,6.409013441644968,-2.455723251533638,7.81613555797329,0.6719964777042886,True,walking_dual_task,P10,12,0.34
2026-04-03T17:25:36.734836,1098.9439661381919,92271,67,-3.810741827876878,6.354852054238635,-2.457551815552332,7.806757254847621,0.009378303125668452,True,walking_dual_task,P10,12,0.34
2026-04-03T17:25:36.735245,1106.2282539872795,92276,69,-3.544486462488197,5.944785872963896,-2.839952522150375,7.481256156971334,0.32550109787628756,True,walking_dual_task,P10,12,0.34
2026-04-03T17:25:36.735976,1010.1594247250725,92276,68,-3.7033994843937545,5.751251095749113,-2.713083903910112,7.358864122744722,0.12239203422661227,True,walking_dual_task,P10,12,0.34
2026-04-03T17:25:36.736609,1223.5735286789622,92276,68,-3.6802501282758677,5.884974977181431,-2.6948649380900607,7.445768497829707,0.08690437508498583,True,walking_dual_task,P10,12,0.34
2026-04-03T17:25:36.796881,1227.3918586581522,92251,68,-3.9067913754434094,6.115177937346582,-2.9250981130745237,7.823977187323692,0.37820868949398445,True,walking_dual_task,P10,12,0.34
2026-04-03T17:25:36.796939,1209.659681865755,92246,69,-3.576221602412544,6.188872103731911,-2.671786503839958,7.630854604041054,0.19312258328263798,True,walking_dual_task,P10,12,0.34
2026-04-03T17:25:36.871852,1213.113051924409,92246,67,-3.6718291294953613,6.312228847549177,-2.6838778909051952,7.780087577484741,0.14923297344368702,True,walking_dual_task,P10,12,0.34
2026-04-03T17:25:36.871903,1139.1328010162097,92256,68,-3.777722937904666,6.144527336353877,-2.763487291188649,7.724200203990852,0.055887373493888504,True,walking_dual_task,P10,12,0.34
2026-04-03T17:25:36.871919,1209.3901352384696,92256,67,-3.727460788562839,6.076433582412224,-2.86495159024517,7.682770114105256,0.04143008988559682,True,walking_dual_task,P10,12,0.34
2026-04-03T17:25:36.871932,1127.8355340163669,92256,67,-3.6414766809719223,6.0445495296513325,-2.7402671314677356,7.57007235013463,0.11269776397062525,True,walking_dual_task,P10,12,0.34
2026-04-03T17:25:36.920072,1233.2027325038696,92262,67,-3.7283897902514003,5.99762349158353,-2.7255024327876316,7.569725324341485,0.00034702579314505044,True,walking_dual_task,P10,12,0.34
2026-04-03T17:25:36.920108,1224.759860554254,92262,67,-3.626663198515514,6.114224481949115,-2.7875323394285965,7.635886557204276,0.06616123286279052,True,walking_dual_task,P10,12,0.34
2026-04-03T17:25:36.920121,1140.658605923145,92277,67,-3.65360208024972,6.101938963316756,-2.739670582457285,7.621565598565041,0.014320958639235215,True,walking_dual_task,P10,12,0.34
2026-04-03T17:25:37.023448,1292.42793320565,92277,66,-3.5155189996436986,5.974015841199626,-2.81118553542819,7.480006899887231,0.14155869867780968,True,walking_dual_task,P10,12,0.34
2026-04-03T17:25:37.023485,1246.8801697651745,92280,69,-5.052137144021148,8.952966808212517,-3.775818836270553,10.951552961808142,3.471546061920911,True,walking_dual_task,P10,12,0.34
2026-04-03T17:25:37.023493,1253.6226910563175,92282,67,-6.437415306953644,9.331992864026267,-3.8102895038889084,11.960130131059788,1.0085771692516463,True,walking_dual_task,P10,12,0.34
2026-04-03T17:25:37.036490,1166.7414242973734,92282,65,-6.530551332525301,9.178615322198846,-3.942411439481684,11.934726134176998,0.02540399688279038,True,walking_dual_task,P10,12,0.34
2026-04-03T17:25:37.036526,1237.1676326132588,92264,67,-6.308640007996287,9.929822409867603,-4.439235506769172,12.574065521006338,0.6393393868293398,True,walking_dual_task,P10,12,0.34
2026-04-03T17:25:37.036587,1274.2895097686476,92264,67,-4.86453337875381,8.929456090040983,-5.052459049079132,11.35456795741703,1.2194975635893073,True,walking_dual_task,P10,12,0.34
2026-04-03T17:25:37.095905,1267.8890952937145,92264,68,-4.776262915582137,8.989712402399075,-4.776637920945427,11.244727046239351,0.10984091117767925,True,walking_dual_task,P10,12,0.34
2026-04-03T17:25:37.095932,1136.073939970777,92256,68,-4.063288984822881,7.988539486933923,-5.05643403433861,10.290510466060626,0.9542165801787252,True,walking_dual_task,P10,12,0.34
2026-04-03T17:25:37.095947,1219.4028280764699,92295,66,-4.05068144705974,8.03154799515265,-5.169511767214997,10.374855916848622,0.08434545078799616,True,walking_dual_task,P10,12,0.34
2026-04-03T17:25:37.156258,1177.686523384944,92295,67,-4.077685966004255,8.553028117392532,-4.753922807684784,10.601018577272699,0.22616266042407673,True,walking_dual_task,P10,12,0.34
2026-04-03T17:25:37.156292,1189.6066799260486,92320,67,-3.8043686770899066,8.573010634651826,-4.802916978634656,10.537444845726746,0.06357373154595258,True,walking_dual_task,P10,12,0.34
2026-04-03T17:25:37.156304,1114.5786167776923,92320,67,-3.980641677086401,8.466157689247847,-4.638151335729416,10.441924247651688,0.09552059807505842,True,walking_dual_task,P10,12,0.34
2026-04-03T17:25:37.220938,1157.8282319250275,92320,67,-4.0873049134354,7.4648223543681596,-4.567219281459143,9.65862962343002,0.7832946242216678,True,walking_dual_task,P10,12,0.34
2026-04-03T17:25:37.222318,1140.0218236511112,92335,66,-4.040850845936021,7.523688958164188,-4.5668203546676605,9.684535055959602,0.025905432529581773,True,walking_dual_task,P10,12,0.34
2026-04-03T17:25:37.222346,1197.8365671283225,92356,67,-4.076084648884937,8.27292510605532,-4.695003868089721,10.348855839978315,0.6643207840187131,True,walking_dual_task,P10,12,0.34
2026-04-03T17:25:37.276309,1187.1000301260049,92356,67,-3.781005190228525,8.15367600296332,-4.756304122572065,10.168621416703001,0.18023442327531392,True,walking_dual_task,P10,12,0.34
2026-04-03T17:25:37.276352,1311.3683876507741,92354,67,-3.8750035916491754,8.084756285961173,-4.867918992635447,10.201743593991354,0.03312217728835343,True,walking_dual_task,P10,12,0.34
2026-04-03T17:25:37.276366,1126.5300095473344,92354,67,-3.1359373238591406,7.574094888588206,-5.280152587407186,9.750950088417724,0.45079350557363007,True,walking_dual_task,P10,12,0.34
2026-04-03T17:25:37.343565,1194.355862771568,92354,67,-3.304014103585026,7.734810406513702,-4.99936215092621,9.784550226633566,0.03360013821584218,True,walking_dual_task,P10,12,0.34
2026-04-03T17:25:37.395040,1263.9389629986258,92340,68,-2.6748447142206584,7.644828690657233,-4.931391068261564,9.482447881365871,0.30210234526769497,True,walking_dual_task,P10,12,0.34
2026-04-03T17:25:37.395079,1193.4503248887218,92340,67,-2.3976446388486297,7.3438980968350265,-4.433607828067022,8.907211541441793,0.5752363399240785,True,walking_dual_task,P10,12,0.34
2026-04-03T17:25:37.395358,1134.0350033470359,92296,67,-2.3962911700085536,7.2441084871742225,-4.188298187390355,8.704088743338266,0.20312279810352685,True,walking_dual_task,P10,12,0.34
2026-04-03T17:25:37.396095,1255.8912112104392,92286,67,-2.9484130864881135,6.925139214749217,-4.279170197480654,8.658059277415372,0.04602946592289392,True,walking_dual_task,P10,12,0.34
2026-04-03T17:25:37.396630,1132.5181128433612,92286,67,-2.8590441808280884,7.0330529839952725,-4.0512267261952175,8.605254551182677,0.05280472623269539,True,walking_dual_task,P10,12,0.34
2026-04-03T17:25:37.454554,1156.7362114078019,92313,68,-2.996001342452899,7.032380527738812,-4.172100290525202,8.70843388704881,0.10317933586613393,True,walking_dual_task,P10,12,0.34
2026-04-03T17:25:37.455015,1268.8606073600843,92313,67,-3.3814538982621265,7.0648482921269915,-4.092343151156251,8.837057447117635,0.12862356006882436,True,walking_dual_task,P10,12,0.34
2026-04-03T17:25:37.455692,1174.08292786878,92313,68,-3.52752895370533,7.552585157715068,-4.416778482915127,9.433606693672862,0.5965492465552273,True,walking_dual_task,P10,12,0.34
2026-04-03T17:25:37.514136,1161.6615297820122,92336,67,-3.8621081823909815,7.377317551245435,-4.302604777674107,9.37299854567733,0.06060814799553249,True,walking_dual_task,P10,12,0.34
2026-04-03T17:25:37.514882,1249.5826853156402,92336,67,-3.5309030371401597,7.890192007815067,-4.651197947274585,9.816111680426506,0.4431131347491757,True,walking_dual_task,P10,12,0.34
2026-04-03T17:25:37.515535,1247.710130753603,92345,66,-3.3385314622429854,7.990536034919779,-4.627107247942764,9.818583397502017,0.002471717075511748,True,walking_dual_task,P10,12,0.34
2026-04-03T17:25:37.574085,1172.9542788823505,92366,68,-3.476281364424863,8.30715009099357,-4.862610256468385,10.234170863594843,0.41558746609282515,True,walking_dual_task,P10,12,0.34
2026-04-03T17:25:37.574631,1160.4804324441327,92366,68,-3.449071965438344,8.124648605825529,-4.970925615914466,10.129961197846221,0.10420966574862156,True,walking_dual_task,P10,12,0.34
2026-04-03T17:25:37.575308,1178.3036069343475,92370,66,-3.4047719971558323,8.213367578964236,-4.555552389493545,9.990242084815447,0.13971911303077356,True,walking_dual_task,P10,12,0.34
2026-04-03T17:25:37.694405,1226.1567585795704,92370,66,-3.7577803258227487,8.162030424164314,-4.724838850280515,10.152032101172875,0.1617900163574273,True,walking_dual_task,P10,12,0.34
2026-04-03T17:25:37.695776,1272.7370376537083,92379,67,-3.6439001107253586,8.358014150649113,-4.909098403072543,10.355368447836344,0.20333634666346967,True,walking_dual_task,P10,12,0.34
2026-04-03T17:25:37.696895,1088.776020612898,92379,69,-4.576616927505274,8.889141519071021,-4.802429709091893,11.091690157860006,0.7363217100236614,True,walking_dual_task,P10,12,0.34
2026-04-03T17:25:37.696917,1238.4894294277567,92391,67,-4.5486463528492616,9.04494363191463,-4.927895902220572,11.259899953859458,0.16820979599945218,True,walking_dual_task,P10,12,0.34
2026-04-03T17:25:37.696924,1150.958098896344,92391,67,-5.069230040388954,9.507103291649354,-4.5304762310001125,11.68791346135523,0.4280135074957716,True,walking_dual_task,P10,12,0.34
2026-04-03T17:25:37.697867,1088.4481194213204,92380,67,-5.877822386481135,10.045854748388145,-4.163130633108841,12.361215567291941,0.6733021059367115,True,walking_dual_task,P10,12,0.34
2026-04-03T17:25:37.755173,1173.4812219868752,92380,69,-5.7652617284082766,9.782821067512145,-4.1288929610851035,12.082615110981015,0.2786004563109259,True,walking_dual_task,P10,12,0.34
2026-04-03T17:25:37.755798,1200.5889148042922,92380,68,-5.781351225373229,9.6333960293109,-4.13849907356632,11.973032850141891,0.10958226083912415,True,walking_dual_task,P10,12,0.34
2026-04-03T17:25:37.756217,1243.0974219806526,92387,68,-5.643997586391903,9.842530087708917,-4.205019863424181,12.100095013446996,0.127062163305105,True,walking_dual_task,P10,12,0.34
2026-04-03T17:25:37.817045,1237.5285918632937,92387,67,-5.681032370528759,9.748924257328381,-4.203618601046309,12.04101583393959,0.05907917950740682,True,walking_dual_task,P10,12,0.34
2026-04-03T17:25:37.875790,1141.8576635705595,92402,68,-5.588233164532849,9.660141289652728,-4.130576687162174,11.899930394996684,0.14108543894290548,True,walking_dual_task,P10,12,0.34
2026-04-03T17:25:37.875819,1139.3084682711558,92404,68,-5.402994360809041,9.769938129593784,-4.141754159162976,11.907903536473942,0.007973141477258139,True,walking_dual_task,P10,12,0.34
2026-04-03T17:25:37.876401,1138.387909560055,92404,67,-5.497653195161326,9.698255056069273,-4.1559671611607865,11.89757978882628,0.010323747647662529,True,walking_dual_task,P10,12,0.34
2026-04-03T17:25:37.876421,1230.8480467038598,92404,68,-5.8752124060082584,9.62682526134486,-4.13102927436026,12.0107988199704,0.11321903114412102,True,walking_dual_task,P10,12,0.34
2026-04-03T17:25:37.876830,1214.0310956255403,92404,66,-5.798272989161385,9.965238973119009,-4.000939014875041,12.20383015487178,0.19303133490137903,True,walking_dual_task,P10,12,0.34
2026-04-03T17:25:37.935855,1159.562038557027,92353,67,-5.715407739026872,9.819922507232343,-4.021641757410981,12.052815691626927,0.15101446324485224,True,walking_dual_task,P10,12,0.34
2026-04-03T17:25:37.935883,1154.7382805762309,92353,67,-5.717944783406292,9.585355547389954,-4.054384290525828,11.87484591442033,0.1779697772065969,True,walking_dual_task,P10,12,0.34
2026-04-03T17:25:37.935895,1171.773310026171,92306,65,-5.588463713931832,9.768695970266512,-4.276422872055668,12.039357965526019,0.16451205110568878,True,walking_dual_task,P10,12,0.34
2026-04-03T17:25:37.999539,1172.6714174710426,92306,65,-5.493659733529097,8.18340117447669,-3.707573355319891,10.53064348628817,1.5087144792378488,True,walking_dual_task,P10,12,0.34
2026-04-03T17:25:37.999569,1062.3713769313313,92311,68,-4.715173453354472,7.111643625225919,-3.4971936409220303,9.221642972352631,1.3090005139355387,True,walking_dual_task,P10,12,0.34
2026-04-03T17:25:37.999575,1115.5354749322541,92311,67,-4.5248772082671405,6.987342134816852,-3.6577241305556654,9.092656909513938,0.12898606283869363,True,walking_dual_task,P10,12,0.34
2026-04-03T17:25:38.055895,1186.9386189680097,92318,67,-4.1574132720814045,6.339923435974013,-3.6043336512706827,8.394637297618843,0.698019611895095,True,walking_dual_task,P10,12,0.34
2026-04-03T17:25:38.056734,1134.5356655769408,92318,69,-3.306902197384627,6.203537329824992,-3.1571768647943115,7.706311913048414,0.6883253845704287,True,walking_dual_task,P10,12,0.34
2026-04-03T17:25:38.057125,1268.1537094157907,92330,67,-3.461911546376735,6.352905017944033,-3.245444724586965,7.929511030467414,0.223199117419,True,walking_dual_task,P10,12,0.34
2026-04-03T17:25:38.117251,1155.4894127670982,92330,69,-3.643026446145855,5.956687146755741,-2.9040988506809455,7.562245274134497,0.3672657563329169,True,walking_dual_task,P10,12,0.34
2026-04-03T17:25:38.117682,1157.0162067693548,92355,66,-3.7532475988423486,6.166864965110161,-2.8234163578725284,7.7516947157393385,0.18944944160484134,True,walking_dual_task,P10,12,0.34
2026-04-03T17:25:38.118101,1200.5159144929796,92355,65,-3.9658926937917287,6.427123887647576,-2.946354407515813,8.106616471779613,0.35492175604027487,True,walking_dual_task,P10,12,0.34
2026-04-03T17:25:38.177617,1174.9106488737252,92375,68,-4.348936313908446,6.509419445212355,-3.0490885403448766,8.40135283766863,0.2947363658890172,True,walking_dual_task,P10,12,0.34
2026-04-03T17:25:38.177672,1125.5568051728444,92375,69,-4.1970763428324025,6.598949580264207,-2.9513965137330933,8.358966848343664,0.04238598932496629,True,walking_dual_task,P10,12,0.34
2026-04-03T17:25:38.177690,1183.1674058159433,92400,66,-4.586917272554296,6.898322766818267,-3.444987011044815,8.9718784302245,0.6129115818808355,True,walking_dual_task,P10,12,0.34
2026-04-03T17:25:38.235428,1158.5158863795734,92400,67,-4.597866596833159,7.123792441445823,-3.2687798728294357,9.087008190163008,0.11512975993850816,True,walking_dual_task,P10,12,0.34
2026-04-03T17:25:38.237481,1043.6037444399374,92411,68,-4.689035461914122,7.779386776268999,-3.9411152843841166,9.901429283829847,0.814421093666839,True,walking_dual_task,P10,12,0.34
2026-04-03T17:25:38.237521,1191.127031373036,92411,65,-4.65172425356495,7.820368602139521,-4.123959579824411,9.990182491854668,0.088753208024821,True,walking_dual_task,P10,12,0.34
2026-04-03T17:25:38.297052,1200.200419030377,92430,66,-4.635077812390363,7.922071746333677,-4.222347134431077,10.103038275915324,0.1128557840606561,True,walking_dual_task,P10,12,0.34
2026-04-03T17:25:38.297087,1092.4208235395774,92430,66,-4.857746348604475,7.578740897456462,-4.267960134947434,9.962454360831963,0.14058391508336143,True,walking_dual_task,P10,12,0.34
2026-04-03T17:25:38.297101,1043.6134240539732,92447,67,-4.790057139955573,7.5831300356122275,-4.240964397964647,9.921405523707179,0.04104883712478369,True,walking_dual_task,P10,12,0.34
2026-04-03T17:25:38.419132,1236.3954338783512,92447,67,-4.516007265075859,8.515817213452022,-4.550860091438057,10.659446139597842,0.7380406158906627,True,walking_dual_task,P10,12,0.34
2026-04-03T17:25:38.419184,1207.4291824344618,92455,67,-5.8376303889509495,8.765555907257248,-4.3163858660214505,11.381743533643947,0.7222973940461053,True,walking_dual_task,P10,12,0.34
2026-04-03T17:25:38.419200,1151.6292354841162,92455,66,-6.082722565470434,8.513564344646118,-4.199043506109256,11.274407213912012,0.10733631973193525,True,walking_dual_task,P10,12,0.34
2026-04-03T17:25:38.419213,1250.9145233164106,92453,66,-5.975114526574266,9.191837023366547,-4.824536097065771,11.977813240391646,0.7034060264796338,True,walking_dual_task,P10,12,0.34
2026-04-03T17:25:38.419225,1161.5709366235608,92453,66,-6.061286899633634,9.276409934578785,-4.736779519181306,12.05106054948517,0.0732473090935244,True,walking_dual_task,P10,12,0.34
2026-04-03T17:25:38.419236,1248.3893506827815,92438,67,-5.842847294779819,9.359017053528321,-4.810212676439861,12.036121082430691,0.014939467054478683,True,walking_dual_task,P10,12,0.34
2026-04-03T17:25:38.474179,1141.2218961792223,92438,66,-4.19632234873299,8.799048612623261,-5.654391681067805,11.26962834456896,0.7664927378617321,True,walking_dual_task,P10,12,0.34
2026-04-03T17:25:38.474609,1095.4251819264157,92437,66,-3.0041343255042547,7.7296945879804255,-5.174699091124074,9.774994227763365,1.494634116805594,True,walking_dual_task,P10,12,0.34
2026-04-03T17:25:38.475573,1051.3285994068815,92437,65,-3.216125036013066,7.624109083430752,-5.29748702335764,9.825165053370041,0.05017082560667596,True,walking_dual_task,P10,12,0.34
2026-04-03T17:25:38.536668,1057.6635018355369,92405,68,-3.5245965455786092,8.169500791507195,-4.8361722878975995,10.126800402386237,0.3016353490161965,True,walking_dual_task,P10,12,0.34
2026-04-03T17:25:38.536700,1127.8954699984565,92405,68,-3.500997725544499,7.979305576713177,-4.581847676514143,9.844776822844274,0.28202357954196344,True,walking_dual_task,P10,12,0.34
2026-04-03T17:25:38.536712,1150.4676273883374,92398,65,-3.175329318370822,8.567247770117486,-4.980059165638873,10.405836820167425,0.5610599973231505,True,walking_dual_task,P10,12,0.34
2026-04-03T17:25:38.594378,1208.4610256679143,92398,66,-3.2101297334387313,8.544570886050987,-5.18722597630512,10.498663622647989,0.0928268024805643,True,walking_dual_task,P10,12,0.34
2026-04-03T17:25:38.656819,1105.656481292932,92425,66,-3.7749697713266923,7.986637495397055,-4.869816168508806,10.08721392518183,0.4114496974661588,True,walking_dual_task,P10,12,0.34
2026-04-03T17:25:38.656849,1160.7146433729945,92425,68,-4.274777384569131,8.303939893643955,-4.689433616579919,10.450833798754294,0.36361987357246406,True,walking_dual_task,P10,12,0.34
2026-04-03T17:25:38.656862,1095.9937268909923,92428,65,-4.338184404050675,8.341265072849056,-4.933411335331102,10.617678387606846,0.16684458885255182,True,walking_dual_task,P10,12,0.34
2026-04-03T17:25:38.656872,1111.135937708579,92428,68,-3.7843631069880854,8.370220071700334,-5.340107532553927,10.625381717071008,0.007703329464161968,True,walking_dual_task,P10,12,0.34
2026-04-03T17:25:38.719478,1188.9623990375783,92428,67,-3.8068861555146274,8.521924503450736,-5.071659034582612,10.62249051807656,0.0028911989944475636,True,walking_dual_task,P10,12,0.34
2026-04-03T17:25:38.719544,1211.5090297024697,92428,66,-2.9422712117324403,7.939678976874536,-5.372020578706166,10.027665093991496,0.5948254240850641,True,walking_dual_task,P10,12,0.34
2026-04-03T17:25:38.719559,1128.770049902097,92435,66,-2.577161088098064,7.379908751030249,-5.182436546088415,9.378830470894144,0.6488346230973523,True,walking_dual_task,P10,12,0.34
2026-04-03T17:25:38.719660,1072.4917823062358,92435,67,-2.670168385221411,7.352443161329926,-5.356538645047138,9.480544599436604,0.10171412854245965,True,walking_dual_task,P10,12,0.34
2026-04-03T17:25:38.776189,1131.3209482859713,92445,67,-2.629676728700085,7.426437821879535,-5.1563949211955995,9.415709585742405,0.0648350136941982,True,walking_dual_task,P10,12,0.34
2026-04-03T17:25:38.777631,1226.856021769822,92445,68,-2.54692174940828,7.535673575248739,-5.174551926631256,9.489424338268064,0.07371475252565851,True,walking_dual_task,P10,12,0.34
2026-04-03T17:25:38.777668,1050.6754384118572,92459,65,-2.6167395679458534,7.331980968754879,-5.410343801174158,9.480352891086957,0.009071447181106862,True,walking_dual_task,P10,12,0.34
2026-04-03T17:25:38.836820,1148.4977600179966,92459,67,-2.5916697839301843,7.417442912715697,-5.187045103676281,9.414916278964203,0.06543661212275431,True,walking_dual_task,P10,12,0.34
2026-04-03T17:25:38.837738,1145.635874993217,92488,67,-2.5561340718007606,7.436803877019537,-5.453118308742459,9.569554461280617,0.15463818231641469,True,walking_dual_task,P10,12,0.34
2026-04-03T17:25:38.837887,1104.9253870855239,92488,66,-2.546164204207199,7.612127853702458,-5.300562650012011,9.618908827024052,0.04935436574343477,True,walking_dual_task,P10,12,0.34
2026-04-03T17:25:38.894949,1082.6417945146736,92503,66,-2.657276162605103,7.468617701626339,-5.121155812062371,9.437563447671003,0.18134537935304884,True,walking_dual_task,P10,12,0.34
2026-04-03T17:25:38.895388,1093.2505309484684,92503,67,-2.507543397546697,7.2693268084863885,-5.43841613870168,9.418452964093936,0.019110483577067683,True,walking_dual_task,P10,12,0.34
2026-04-03T17:25:38.895762,1168.9952615023756,92517,67,-2.668319801672668,7.327295204383704,-5.2299884403761085,9.389460296665117,0.028992667428818564,True,walking_dual_task,P10,12,0.34
2026-04-03T17:25:38.954814,1077.325154559139,92517,66,-2.727023735180431,7.28883232292021,-5.230911150275758,9.376895357524425,0.012564939140691678,True,walking_dual_task,P10,12,0.34
2026-04-03T17:25:38.954854,1168.6490007132936,92532,66,-2.5760706567159346,7.571739617091395,-5.3762324375911215,9.636973387969439,0.26007803044501365,True,walking_dual_task,P10,12,0.34
2026-04-03T17:25:38.955674,1223.1387076007334,92532,69,-2.8952523977090157,8.11623575526515,-4.439421727678046,9.69351507749713,0.05654168952769112,True,walking_dual_task,P10,12,0.34
2026-04-03T17:25:39.023398,1126.1631219198705,92545,66,-4.06832323017081,8.022026912635273,-3.748311906841891,9.744434916564671,0.05091983906754116,True,walking_dual_task,P10,12,0.34
2026-04-03T17:25:39.075889,1155.1238978113522,92545,67,-3.8344823860857646,7.828411019490994,-3.9118606371489126,9.55457628070262,0.18985863586205198,True,walking_dual_task,P10,12,0.34
2026-04-03T17:25:39.077014,1144.7844839749098,92564,68,-4.875191590794128,8.713001891053901,-3.9960788845542563,10.754187159057583,1.1996108783549637,True,walking_dual_task,P10,12,0.34
2026-04-03T17:25:39.078220,1121.4406813219762,92564,68,-5.234578103499707,9.850773639478335,-3.932679131555162,11.828123873617884,1.0739367145603005,True,walking_dual_task,P10,12,0.34
2026-04-03T17:25:39.078510,1227.1734112905804,92550,66,-5.231418744243665,9.968662767146153,-3.813758637533457,11.886409650860559,0.05828577724267525,True,walking_dual_task,P10,12,0.34
2026-04-03T17:25:39.078812,1215.045421591581,92550,66,-6.178468473160043,10.210854148309439,-3.7423888321191434,12.507617250405882,0.6212075995453237,True,walking_dual_task,P10,12,0.34
2026-04-03T17:25:39.134877,1095.8630809591903,92479,67,-6.192106066018083,10.043266273379448,-3.74139008840371,12.377696666360206,0.12992058404567608,True,walking_dual_task,P10,12,0.34
2026-04-03T17:25:39.135323,1169.2249232096017,92479,68,-5.807540871157867,9.935511194778181,-3.495105227854178,12.027371875247944,0.35032479111226245,True,walking_dual_task,P10,12,0.34
2026-04-03T17:25:39.135709,1169.0706474601157,92454,66,-5.0443674009040205,9.447408466263886,-3.6856542437736475,11.32621809821727,0.7011537770306742,True,walking_dual_task,P10,12,0.34
2026-04-03T17:25:39.196671,1193.337728561623,92454,69,-5.050585896912249,9.365387979291523,-3.908716816763017,11.335650711732127,0.009432613514857024,True,walking_dual_task,P10,12,0.34
2026-04-03T17:25:39.196715,1087.138874811254,92457,69,-4.857769174296786,8.703604358378607,-3.554035249093388,10.582146130617053,0.7535045811150738,True,walking_dual_task,P10,12,0.34
2026-04-03T17:25:39.196728,1173.0412982205116,92457,66,-4.969494489446731,8.55446488591705,-3.580676374959665,10.521216102106424,0.06093002851062934,True,walking_dual_task,P10,12,0.34
2026-04-03T17:25:39.255215,1201.6501825762778,92471,67,-5.427650916184021,8.874149501660709,-2.939042973703308,10.809620596813424,0.2884044947070006,True,walking_dual_task,P10,12,0.34
2026-04-03T17:25:39.259057,1215.849351496376,92471,67,-5.662407434378736,8.981117561490763,-2.486155248165322,10.904324762414467,0.09470416560104233,True,walking_dual_task,P10,12,0.34
2026-04-03T17:25:39.259086,1166.1104673862585,92484,65,-5.653374303951405,8.856158396955763,-2.713105468150624,10.851411145738462,0.05291361667600469,True,walking_dual_task,P10,12,0.34
2026-04-03T17:25:39.318073,1114.8888047501177,92484,67,-6.736857428753583,8.74510084230058,-2.171008039719531,11.250569437405625,0.3991582916671632,True,walking_dual_task,P10,12,0.34
2026-04-03T17:25:39.318103,1199.2502609032176,92486,68,-6.569788541641085,8.98671012513593,-2.1928581221981887,11.345999607755576,0.09543017034995138,True,walking_dual_task,P10,12,0.34
2026-04-03T17:25:39.318116,1144.6408615995877,92486,67,-6.559527992541495,9.046121982644978,-1.8885657770373836,11.332537716858699,0.013461890896877549,True,walking_dual_task,P10,12,0.34
2026-04-03T17:25:39.435242,1209.234453333801,92463,66,-6.455038187949714,8.508843466359313,-2.4218776640317246,10.951412080751526,0.3811256361071731,True,walking_dual_task,P10,12,0.34
2026-04-03T17:25:39.435914,1187.8876994106581,92463,66,-5.316506127163942,7.419182195269251,-2.6617727470556365,9.507604114798854,1.4438079659526721,True,walking_dual_task,P10,12,0.34
2026-04-03T17:25:39.436497,1238.6954109221774,92455,68,-5.197812316069128,7.488061275857093,-2.7366321796833026,9.517219669154887,0.009615554356033229,True,walking_dual_task,P10,12,0.34
2026-04-03T17:25:39.436848,1319.2452965287914,92455,66,-4.482442364495098,6.478543078359098,-2.368960209909514,8.2265291858298,1.2906904833250863,True,walking_dual_task,P10,12,0.34
2026-04-03T17:25:39.437514,1273.1098796854244,92467,67,-4.462093964678809,6.410850637416198,-2.2587391994246184,8.130878871063084,0.0956503147667167,True,walking_dual_task,P10,12,0.34
2026-04-03T17:25:39.437889,1193.5756272077758,92467,65,-4.03938040058851,5.777998100497186,-2.039240302080468,7.338961580471512,0.7919172905915719,True,walking_dual_task,P10,12,0.34
2026-04-03T17:25:39.494452,1118.9637939862196,92483,67,-4.103542725706159,6.090560578423554,-1.6709366942631456,7.53166784300649,0.19270626253497802,True,walking_dual_task,P10,12,0.34
2026-04-03T17:25:39.495431,1210.5628309611373,92483,67,-3.9828808635506925,6.056645562313359,-1.7078197696537996,7.447344748724123,0.08432309428236717,True,walking_dual_task,P10,12,0.34
2026-04-03T17:25:39.554946,1180.208293998083,92504,68,-4.316330231793507,6.825104730741456,-1.767132927950538,8.26653010885045,0.819185360126327,True,walking_dual_task,P10,12,0.34
2026-04-03T17:25:39.556364,1010.7752696930586,92504,67,-4.225386115002639,6.8376474713487365,-1.828588791257016,8.24324254955595,0.023287559294500326,True,walking_dual_task,P10,12,0.34
2026-04-03T17:25:39.556393,1076.4633308519826,92539,67,-4.699340802489052,6.86981492704763,-2.382508788915165,8.657627229159436,0.41438467960348646,True,walking_dual_task,P10,12,0.34
2026-04-03T17:25:39.619317,1047.9029495155296,92539,68,-4.854835518824371,7.034988712041197,-2.375661167435026,8.871542147554985,0.21391491839554888,True,walking_dual_task,P10,12,0.34
2026-04-03T17:25:39.619354,1171.8741753800095,92561,66,-5.136733774623505,7.2824438193791385,-2.7832270955977583,9.336293425093322,0.4647512775383369,True,walking_dual_task,P10,12,0.34
2026-04-03T17:25:39.619372,1181.3126504648806,92561,68,-5.1692817948940295,8.053200847586659,-2.7944303404423443,9.969170431594499,0.6328770065011771,True,walking_dual_task,P10,12,0.34
2026-04-03T17:25:39.619386,1136.1809279479535,92554,66,-5.168935588612845,7.830843812490386,-2.932736181232933,9.830612973948272,0.13855745764622718,True,walking_dual_task,P10,12,0.34
2026-04-03T17:25:39.675167,1281.9285920926222,92554,67,-5.544449830599601,8.252992290256897,-2.9662176767214334,10.375512178816543,0.5448992048682708,True,walking_dual_task,P10,12,0.34
2026-04-03T17:25:39.675196,1167.1126758866167,92505,67,-5.632031134466788,7.986652406522513,-2.8723673106437064,10.186112375654888,0.1893998031616544,True,walking_dual_task,P10,12,0.34
2026-04-03T17:25:39.739116,1129.1153631967563,92505,67,-5.3689457791807325,8.367017457035859,-3.12316582558208,10.420495414336557,0.23438303868166876,True,walking_dual_task,P10,12,0.34
2026-04-03T17:25:39.739164,1161.9548618975823,92463,67,-5.503413358011828,8.610933502604693,-3.1555057119925736,10.695464023306362,0.2749686089698056,True,walking_dual_task,P10,12,0.34
2026-04-03T17:25:39.739178,1098.3254625661334,92463,67,-5.4477696862475655,8.842191556860183,-3.170749209380068,10.858922443382296,0.16345842007593347,True,walking_dual_task,P10,12,0.34
2026-04-03T17:25:39.739189,1135.5689057240368,92449,67,-5.326414726266736,8.715377077289284,-3.242285156093302,10.71638486006142,0.14253758332087507,True,walking_dual_task,P10,12,0.34
2026-04-03T17:25:39.794823,1274.2658319259356,92449,66,-5.3489422369074715,8.519829239535733,-3.360534951423441,10.606218387547905,0.11016647251351586,True,walking_dual_task,P10,12,0.34
2026-04-03T17:25:39.795208,1112.7317127218182,92458,67,-5.287081390179841,8.629770518741728,-3.4047704649785797,10.677950681274021,0.07173229372611623,True,walking_dual_task,P10,12,0.34
2026-04-03T17:25:39.795752,1201.6357076762324,92458,68,-5.191055930197471,8.632287193700794,-3.2311617470551606,10.578461613136458,0.09948906813756331,True,walking_dual_task,P10,12,0.34
2026-04-03T17:25:39.854793,1201.343044983032,92455,67,-5.2034769207822755,8.554553896285006,-3.106707029505994,10.483710840954204,0.09475077218225358,True,walking_dual_task,P10,12,0.34
2026-04-03T17:25:39.855437,1196.378708119334,92455,68,-5.250713029479808,8.655447723123203,-3.1260569754540004,10.595234533480243,0.11152369252603833,True,walking_dual_task,P10,12,0.34
2026-04-03T17:25:39.855463,1172.526409096709,92459,66,-5.267649443695491,8.67967862879949,-3.350739244633932,10.691697958997626,0.09646342551738307,True,walking_dual_task,P10,12,0.34
2026-04-03T17:25:39.914235,1197.9558819856916,92459,66,-5.2245668619609615,8.82150831681713,-3.1241040706448944,10.717981812029464,0.026283853031838333,True,walking_dual_task,P10,12,0.34
2026-04-03T17:25:39.915112,1135.3410257149358,92480,66,-5.265525927526496,8.671673171799393,-3.1846550814341192,10.63323595523316,0.08474585679630486,True,walking_dual_task,P10,12,0.34
2026-04-03T17:25:39.915955,1145.5655626073433,92480,67,-5.261814306144986,8.692809848753559,-3.1892748582725945,10.650028496701244,0.016792541468085176,True,walking_dual_task,P10,12,0.34
2026-04-03T17:25:39.975160,1092.7749094911012,92492,67,-5.115752024027626,8.820289498624257,-3.3606869732283444,10.73604408257114,0.08601558586989633,True,walking_dual_task,P10,12,0.34
2026-04-03T17:25:39.975185,1111.6671331328757,92492,68,-3.678603429527467,8.093746957140425,-4.4488106803805305,9.941467671718247,0.7945764108528941,True,walking_dual_task,P10,12,0.34
2026-04-03T17:25:39.975440,1226.024118069973,92513,65,-4.395086468004278,8.539418498941325,-4.84158266597869,10.755434722632133,0.8139670509138863,True,walking_dual_task,P10,12,0.34
2026-04-03T17:25:40.036376,1211.932713545505,92513,67,-4.449518413938329,8.658913943401089,-4.963124150240591,10.92737873993134,0.17194401729920727,True,walking_dual_task,P10,12,0.34
2026-04-03T17:25:40.036584,1207.4733582169515,92520,67,-4.32846352461226,8.592690782287281,-5.074196022976637,10.877380045006037,0.04999869492530351,True,walking_dual_task,P10,12,0.34
2026-04-03T17:25:40.036628,1211.1837645268104,92520,66,-3.338347796571553,8.127070425855326,-4.913147860480989,10.066422483515947,0.8109575614900901,True,walking_dual_task,P10,12,0.34
2026-04-03T17:25:40.155477,1294.7587426271448,92524,68,-3.4588004411526687,8.007245844738165,-5.16409977791485,10.136429994137716,0.07000751062176924,True,walking_dual_task,P10,12,0.34
2026-04-03T17:25:40.156254,1196.5871203338036,92524,68,-3.139422119440936,7.227112679233592,-4.500388008255268,9.074173303790367,1.0622566903473487,True,walking_dual_task,P10,12,0.34
2026-04-03T17:25:40.156369,1129.3860853164779,92535,68,-3.1457943295385062,7.358224704686239,-4.438918008901051,9.151146696352189,0.0769733925618219,True,walking_dual_task,P10,12,0.34
2026-04-03T17:25:40.156998,1188.6479073100863,92535,68,-2.7291953729787797,7.328124472225966,-4.145509698467332,8.850715582618875,0.300431113733314,True,walking_dual_task,P10,12,0.34
2026-04-03T17:25:40.157209,1151.3977776771333,92562,67,-3.020210386718624,7.552092589508048,-4.248234569488273,9.1762339888399,0.32551840622102546,True,walking_dual_task,P10,12,0.34
2026-04-03T17:25:40.157589,1161.7459814165193,92562,67,-2.826243736787918,7.668085190762705,-4.378197081014658,9.27123475232574,0.09500076348583875,True,walking_dual_task,P10,12,0.34
2026-04-03T17:25:40.215056,1183.760956778573,92583,67,-3.5380580444663865,7.559364047711421,-4.6183409370884325,9.538915690110285,0.2676809377845455,True,walking_dual_task,P10,12,0.34
2026-04-03T17:25:40.215123,1112.6135268650894,92583,66,-3.608466642556881,7.578339177955869,-4.603137905975006,9.572937625828894,0.03402193571860934,True,walking_dual_task,P10,12,0.34
2026-04-03T17:25:40.215314,1109.4737325160597,92552,67,-3.8278355573468854,7.5809872650148895,-4.5102752663379215,9.615938640847636,0.043001015018742095,True,walking_dual_task,P10,12,0.34
2026-04-03T17:25:40.275211,1161.72891877944,92552,67,-4.285402960004258,7.859929791600438,-4.345104364838429,9.951035463701219,0.33509682285358267,True,walking_dual_task,P10,12,0.34
2026-04-03T17:25:40.275436,1123.5196727920186,92512,67,-4.099030084200699,7.697290340126877,-4.278238094095828,9.713580565433409,0.23745489826780997,True,walking_dual_task,P10,12,0.34
2026-04-03T17:25:40.275879,1164.659131419205,92512,68,-4.037245253296929,8.151853501175328,-4.620614084327943,10.203045587283377,0.4894650218499681,True,walking_dual_task,P10,12,0.34
2026-04-03T17:25:40.335717,1042.1671584558903,92507,67,-3.9162606153271637,8.338660705978459,-4.748745302599926,10.36440743726127,0.1613618499778937,True,walking_dual_task,P10,12,0.34
2026-04-03T17:25:40.336325,1217.0372441843244,92507,68,-4.128421944092825,8.595123808950511,-4.226090660311388,10.429758545087527,0.06535110782625608,True,walking_dual_task,P10,12,0.34
2026-04-03T17:25:40.336410,1108.764065963611,92517,67,-3.822648834164685,8.65172632055312,-4.132996036363353,10.322144577154857,0.10761396793266975,True,walking_dual_task,P10,12,0.34
2026-04-03T17:25:40.395681,1158.6691344943767,92517,68,-4.65632389784243,8.391930706127903,-3.2303080768431456,10.126240343256177,0.1959042338986805,True,walking_dual_task,P10,12,0.34
2026-04-03T17:25:40.396278,1142.7398136477746,92532,67,-5.903158967327834,9.618169011233215,-3.0203353374820283,11.682417835064479,1.5561774918083024,True,walking_dual_task,P10,12,0.34
2026-04-03T17:25:40.396623,1317.934409740828,92532,67,-5.7790747297963145,9.621423509727322,-3.100341500996511,11.643951756551779,0.03846607851270001,True,walking_dual_task,P10,12,0.34
2026-04-03T17:25:40.455701,1169.4823178579582,92554,65,-5.939315665648871,9.568287729013472,-2.803128939287961,11.60539238852722,0.038559368024559504,True,walking_dual_task,P10,12,0.34
2026-04-03T17:25:40.456580,1156.3728064976262,92554,66,-5.959367568169053,10.88603897812717,-2.887398013721487,12.741937597378664,1.1365452088514445,True,walking_dual_task,P10,12,0.34
2026-04-03T17:25:40.456672,1083.0084245319665,92555,67,-5.793505661731575,10.990537758821928,-2.7383809358412416,12.72223872714174,0.019698870236924293,True,walking_dual_task,P10,12,0.34
2026-04-03T17:25:40.515496,1190.4928925655618,92555,66,-6.308625446824465,10.224436271173383,-2.6592188031378954,12.304848505145003,0.4173902219967367,True,walking_dual_task,P10,12,0.34
2026-04-03T17:25:40.516029,1168.4478773624155,92550,67,-6.395352623023273,10.381539291069219,-2.5507647296212226,12.45725868442589,0.15241017928088674,True,walking_dual_task,P10,12,0.34
2026-04-03T17:25:40.516459,1189.2712503047508,92550,67,-6.410279542352309,10.583778695757507,-2.3102322094472334,12.587502856144202,0.13024417171831182,True,walking_dual_task,P10,12,0.34
2026-04-03T17:25:40.574534,1222.7902110796185,92548,69,-5.457789172136913,10.106710958218343,-2.5719282510201356,11.770636515025906,0.8168663411182955,True,walking_dual_task,P10,12,0.34
2026-04-03T17:25:40.575623,1119.3896538501604,92548,66,-5.565040779222225,10.36600655352285,-2.3604944502713283,11.999821031659044,0.2291845166331381,True,walking_dual_task,P10,12,0.34
2026-04-03T17:25:40.576150,1176.1405558346164,92561,67,-5.984140191793627,8.134001315612645,-2.2403936139372083,10.343658674898295,1.656162356760749,True,walking_dual_task,P10,12,0.34
2026-04-03T17:25:40.634250,1215.4908132865366,92561,68,-5.8484288292429225,8.005075086490663,-2.0304225801841764,10.119681949804303,0.22397672509399236,True,walking_dual_task,P10,12,0.34
2026-04-03T17:25:40.634976,1145.576944334924,92567,66,-5.8161209643579985,8.219638978550025,-1.7881191672526262,10.226783373379908,0.10710142357560493,True,walking_dual_task,P10,12,0.34
2026-04-03T17:25:40.635673,1139.8533185395052,92567,68,-5.875035772584972,8.55599679498872,-1.5552295558890874,10.494754187522513,0.2679708141426058,True,walking_dual_task,P10,12,0.34
2026-04-03T17:25:40.695228,1093.986151720842,92561,68,-6.080105391292606,8.677914331748445,-1.5424171763490062,10.707610819612698,0.21285663209018502,True,walking_dual_task,P10,12,0.34
2026-04-03T17:25:40.696061,1118.4302728173823,92561,66,-6.451523198628431,7.9539754639955484,-1.5401104518789261,10.356631569592052,0.35097925002064656,True,walking_dual_task,P10,12,0.34
2026-04-03T17:25:40.696496,1289.5139890091107,92566,67,-6.451985339109298,7.95114343090867,-1.7677387750561522,10.391039267166708,0.03440769757465567,True,walking_dual_task,P10,12,0.34
2026-04-03T17:25:40.755801,1348.3746705664091,92566,68,-6.612624058920251,8.086426022876957,-1.5825253427257497,10.565106209993434,0.17406694282672674,True,walking_dual_task,P10,12,0.34
2026-04-03T17:25:40.756499,1233.0147325466578,92554,67,-6.45813236383004,7.936615675439913,-1.526647870631765,10.345433568937167,0.21967264105626683,True,walking_dual_task,P10,12,0.34
2026-04-03T17:25:40.756915,1102.6774052075561,92554,66,-6.350071567502996,7.972255563624468,-1.7140111991987335,10.335284324832575,0.010149244104592725,True,walking_dual_task,P10,12,0.34
2026-04-03T17:25:40.879942,1068.0743096711135,92511,66,-6.528235193107178,7.860736457479216,-1.5939122265010242,10.341643417574184,0.006359092741609729,True,walking_dual_task,P10,12,0.34
2026-04-03T17:25:40.880060,1163.2586138201082,92511,67,-6.4621135031252654,7.935743848164039,-1.4805470047739762,10.340549346349665,0.001094071224519766,True,walking_dual_task,P10,12,0.34
2026-04-03T17:25:40.880085,1145.8014708761548,92506,65,-6.258797712897025,7.966546071197967,-1.6517972289752167,10.264835079100639,0.07571426724902608,True,walking_dual_task,P10,12,0.34
2026-04-03T17:25:40.880105,1155.3858222841634,92506,68,-6.355665100147472,8.150140423490864,-1.60486126978847,10.459199179818667,0.1943641007180279,True,walking_dual_task,P10,12,0.34
2026-04-03T17:25:40.880125,1190.6469485756568,92528,68,-6.531947836380814,7.819343628790364,-1.5996623765472013,10.313457084859815,0.1457420949588517,True,walking_dual_task,P10,12,0.34
2026-04-03T17:25:40.937621,1224.73696035248,92528,66,-6.208249100666128,7.908486436378221,-1.5330376130846701,10.170384404408342,0.14307268045147303,True,walking_dual_task,P10,12,0.34
2026-04-03T17:25:40.937727,1178.7982550097902,92561,68,-6.355103101891238,7.852040639536776,-1.8958228486822326,10.27793860237501,0.10755419796666743,True,walking_dual_task,P10,12,0.34
2026-04-03T17:25:40.937758,1155.9223482900125,92561,67,-6.577886938464842,7.8529087864363545,-1.7447436870774,10.391386024824222,0.11344742244921235,True,walking_dual_task,P10,12,0.34
2026-04-03T17:25:40.937783,1172.7658108783426,92580,66,-6.335685940910603,7.98472658430329,-1.5663065573217119,10.312618057478952,0.0787679673452697,True,walking_dual_task,P10,12,0.34
2026-04-03T17:25:40.995593,1168.257794047673,92580,67,-5.270793416519439,7.3920063545118895,-2.7561442091128177,9.487852870180635,0.8247651872983166,True,walking_dual_task,P10,12,0.34
2026-04-03T17:25:40.997260,1223.492968514192,92581,66,-5.745985528400312,8.352501230186565,-2.7547480617586784,10.505677673363916,1.0178248031832808,True,walking_dual_task,P10,12,0.34
2026-04-03T17:25:40.997393,1137.2205973820883,92581,66,-5.6670716431706945,8.147955913698295,-2.581925599511626,10.255302354480529,0.25037531888338727,True,walking_dual_task,P10,12,0.34
2026-04-03T17:25:41.056145,1219.191078219543,92577,67,-6.445341370147441,8.434601921089959,-2.682332948875967,10.948965475953157,0.6936631214726283,True,walking_dual_task,P10,12,0.34
2026-04-03T17:25:41.056762,1142.4668883915165,92577,68,-6.424282878853275,8.8106323798578,-3.231082979102437,11.372710787599038,0.4237453116458809,True,walking_dual_task,P10,12,0.34
2026-04-03T17:25:41.057139,1192.0865453845538,92568,68,-6.415887058783325,8.785745711035329,-3.0696659683593204,11.303795097547654,0.06891569005138365,True,walking_dual_task,P10,12,0.34
2026-04-03T17:25:41.175314,1102.9302604674524,92568,68,-6.050225975520129,9.177984258301894,-3.434851829389763,11.516893526049378,0.21309842850172345,True,walking_dual_task,P10,12,0.34
2026-04-03T17:25:41.175349,1092.025270257326,92566,66,-6.053529067212907,9.21566937760556,-3.4776280135663065,11.561473645070924,0.04458011902154624,True,walking_dual_task,P10,12,0.34
2026-04-03T17:25:41.175773,1123.1400827695707,92566,67,-6.405059769468974,9.174217969294752,-3.7773134280334837,11.809282905079492,0.24780926000856773,True,walking_dual_task,P10,12,0.34
2026-04-03T17:25:41.176354,1214.0012486755882,92572,66,-7.262851406748847,9.984169607664395,-3.6469935777338636,12.873741315839585,1.0644584107600927,True,walking_dual_task,P10,12,0.34
2026-04-03T17:25:41.176841,1125.1841487085442,92572,69,-7.376348974565089,9.99690837943462,-3.890480552437242,13.018622825409373,0.14488150956978885,True,walking_dual_task,P10,12,0.34
2026-04-03T17:25:41.177675,1189.11421349463,92575,68,-6.9829388068805525,10.226460491781033,-4.150692018513626,13.060251636287468,0.04162881087809467,True,walking_dual_task,P10,12,0.34
2026-04-03T17:25:41.235493,1120.3306902752736,92575,67,-6.851887657633148,10.175875985480106,-4.145084765567729,12.94907503486013,0.11117660142733854,True,walking_dual_task,P10,12,0.34
2026-04-03T17:25:41.235536,1134.1633148109722,92582,68,-5.556633069378604,9.207499668226369,-4.4057938797374065,11.6217572216439,1.3273178132162293,True,walking_dual_task,P10,12,0.34
2026-04-03T17:25:41.235545,1158.3134203878328,92582,68,-4.331125386415085,8.388790560366063,-4.485414760741208,10.452243766503491,1.1695134551404092,True,walking_dual_task,P10,12,0.34
2026-04-03T17:25:41.295189,1173.507693263964,92593,67,-4.460710130285898,8.323378961073116,-4.684649734434378,10.54146646963343,0.08922270312993952,True,walking_dual_task,P10,12,0.34
2026-04-03T17:25:41.295698,1200.0963503052415,92593,68,-4.673185611462672,8.417060838617173,-4.439941393462105,10.601823262889397,0.06035679325596632,True,walking_dual_task,P10,12,0.34
2026-04-03T17:25:41.295732,1189.5597926631124,92603,66,-4.744356379556102,8.170835094765721,-4.335210677324708,10.39545646996225,0.2063667929271471,True,walking_dual_task,P10,12,0.34
2026-04-03T17:25:41.358273,1198.1980667391297,92603,67,-4.70602724106649,8.25780840594995,-4.198973202379993,10.39083577087728,0.0046206990849704255,True,walking_dual_task,P10,12,0.34
2026-04-03T17:25:41.362009,1254.321942445998,92551,67,-4.343188786397894,8.340880463078243,-4.500979280421667,10.425564263695174,0.03472849281789436,True,walking_dual_task,P10,12,0.34
2026-04-03T17:25:41.362042,1153.874812561174,92551,67,-3.8506400203398807,7.847899268814093,-4.368213225165516,9.772320005004278,0.6532442586908953,True,walking_dual_task,P10,12,0.34
2026-04-03T17:25:41.417564,1188.8962800699483,92525,68,-3.98609650429039,7.778401490897689,-4.324183161111818,9.7514642544573,0.020855750546978413,True,walking_dual_task,P10,12,0.34
2026-04-03T17:25:41.417656,1140.655282277408,92525,67,-4.566261616299556,8.048687278534953,-4.144894290244027,10.139638096768472,0.388173842311172,True,walking_dual_task,P10,12,0.34
2026-04-03T17:25:41.417669,1154.6336792871014,92527,66,-4.613347659578735,8.329352297392493,-3.943929978028995,10.306098679607816,0.16646058283934373,True,walking_dual_task,P10,12,0.34
2026-04-03T17:25:41.475296,1274.5566709739903,92527,68,-4.4214358672537575,8.187967867925485,-3.9304345734011523,10.101496367875667,0.20460231173214893,True,walking_dual_task,P10,12,0.34
2026-04-03T17:25:41.475329,1133.4376033026344,92534,66,-4.374029423347139,8.461869629845758,-3.954016710125859,10.313564814009121,0.2120684461334541,True,walking_dual_task,P10,12,0.34
2026-04-03T17:25:41.536001,1142.611391449268,92534,68,-3.4874381074922307,7.920898295384203,-4.156962661743166,9.601207889142708,0.7123569248664126,True,walking_dual_task,P10,12,0.34
2026-04-03T17:25:41.536026,1067.1513477676965,92553,67,-3.1873807338325797,7.521194335511339,-3.8863824496019492,9.04608913948503,0.5551187496576784,True,walking_dual_task,P10,12,0.34
2026-04-03T17:25:41.536638,1176.6559165569493,92553,66,-3.445821142005205,7.616431801808317,-4.0576979392361086,9.292396316363615,0.2463071768785845,True,walking_dual_task,P10,12,0.34
2026-04-03T17:25:41.622812,1154.3176350698916,92574,67,-3.679745934067108,7.46184318556099,-3.5509137375852675,9.045917434785604,0.24647888157801034,True,walking_dual_task,P10,12,0.34
2026-04-03T17:25:41.624028,1300.84402565447,92574,68,-3.610507524649213,7.313356012576516,-3.6357195974617316,8.929691917619833,0.11622551716577156,True,walking_dual_task,P10,12,0.34
2026-04-03T17:25:41.624063,1222.4884980187494,92581,66,-4.28504070005481,7.0979039763531295,-3.3577649859548906,8.945188670987351,0.015496753367518323,True,walking_dual_task,P10,12,0.34
2026-04-03T17:25:41.677074,1176.4619384202388,92581,67,-4.788319272047509,7.62174902192823,-3.5561796247613735,9.678092432287132,0.7329037612997809,True,walking_dual_task,P10,12,0.34
2026-04-03T17:25:41.714106,1184.1921346405036,92586,68,-4.488868485275292,7.709539515728478,-3.521449560520008,9.591013858292726,0.08707857399440577,True,walking_dual_task,P10,12,0.34
2026-04-03T17:25:41.714829,1133.4771155849871,92586,67,-4.786778414659945,8.269151253012206,-3.7816361518062616,10.275839723394666,0.6848258651019403,True,walking_dual_task,P10,12,0.34
2026-04-03T17:25:41.715518,1109.5402179819864,92586,67,-4.760170038658992,8.0495839264165,-3.4117453463868372,9.954648486710209,0.3211912366844576,True,walking_dual_task,P10,12,0.34
2026-04-03T17:25:41.716094,1146.7443698615796,92586,66,-4.847844162955062,8.513605733528486,-3.305454103942417,10.339685800232825,0.3850373135226164,True,walking_dual_task,P10,12,0.34
2026-04-03T17:25:41.718437,1261.4740309478598,92598,66,-4.6764619774422105,8.37595101665778,-3.289490319603371,10.14133120564936,0.19835459458346527,True,walking_dual_task,P10,12,0.34
2026-04-03T17:25:41.777075,1165.339047152138,92598,68,-4.743294766914632,8.271930379977563,-3.347380644795005,10.10587129535023,0.03545991029912976,True,walking_dual_task,P10,12,0.34
2026-04-03T17:25:41.777490,1187.028552126656,92613,66,-4.675104936575974,8.15732842627808,-3.3356526018694703,9.976231327636706,0.12963996771352448,True,walking_dual_task,P10,12,0.34
2026-04-03T17:25:41.777819,1132.0800985514923,92613,66,-4.613499642508864,8.13897433978998,-3.34588438573138,9.935905825734775,0.04032550190193085,True,walking_dual_task,P10,12,0.34
2026-04-03T17:25:41.778218,1276.5856740695083,92632,68,-4.671604466654789,8.387386971257015,-3.209479116979719,10.122890135767049,0.18698431003227434,True,walking_dual_task,P10,12,0.34
2026-04-03T17:25:41.895010,1128.3005574359588,92632,68,-4.663749220276503,8.262978583317228,-3.1718882689984347,10.004411379436512,0.1184787563305374,True,walking_dual_task,P10,12,0.34
2026-04-03T17:25:41.895657,1100.5497408122533,92648,68,-4.7117877614986385,8.418427842868205,-3.3202116710642717,10.202679883033593,0.19826850359708104,True,walking_dual_task,P10,12,0.34
2026-04-03T17:25:41.895857,1167.15956543075,92648,67,-4.5766348312148795,8.332643256397418,-3.3404437229507984,10.076561629984507,0.12611825304908564,True,walking_dual_task,P10,12,0.34
2026-04-03T17:25:41.896113,1247.4801673419393,92648,66,-4.549918163236485,8.285241525376817,-3.39538645555079,10.043686156412663,0.03287547357184373,True,walking_dual_task,P10,12,0.34
2026-04-03T17:25:41.897380,1219.1178813383835,92648,65,-4.711977613655309,8.365068377633847,-3.237387409805158,10.13201753034624,0.08833137393357582,True,walking_dual_task,P10,12,0.34
2026-04-03T17:25:41.955391,1201.7908929225832,92605,66,-4.557897462315454,8.374557760446269,-3.284713086838603,10.084492402837203,0.04752512750903648,True,walking_dual_task,P10,12,0.34
2026-04-03T17:25:42.018423,1136.0988004590256,92605,67,-4.773159406854153,8.242031999464187,-3.259538691615842,10.066714195087323,0.01777820774987937,True,walking_dual_task,P10,12,0.34
2026-04-03T17:25:42.018475,1096.0883592320524,92560,67,-4.596000404319535,8.110239240721487,-3.2279077868540793,9.865018445936997,0.20169574915032662,True,walking_dual_task,P10,12,0.34
2026-04-03T17:25:42.018488,1138.5712592151563,92560,68,-4.856028130941326,7.511987486936707,-2.6019427664155232,9.315635854416445,0.5493825915205512,True,walking_dual_task,P10,12,0.34
2026-04-03T17:25:42.018515,1176.0401611847792,92561,68,-5.961056778042155,8.03109926881231,-2.1406651814671194,10.22815725317643,0.912521398759985,True,walking_dual_task,P10,12,0.34
2026-04-03T17:25:42.018525,1143.2031239477315,92561,66,-5.837674652745498,7.614007129598887,-2.006763183886091,9.801971658655752,0.4261855945206783,True,walking_dual_task,P10,12,0.34
2026-04-03T17:25:42.076944,1170.4240278055543,92549,67,-6.886283509217709,7.98047281835705,-1.977470754821609,10.724702213116887,0.9227305544611344,True,walking_dual_task,P10,12,0.34
2026-04-03T17:25:42.076989,1110.78608283551,92549,66,-6.036717326860619,7.164307054589553,-2.010641078056967,9.5818541630329,1.1428480500839857,True,walking_dual_task,P10,12,0.34
2026-04-03T17:25:42.077002,1198.8173066620413,92535,68,-5.880197548889859,7.082933573664905,-2.2651754781292217,9.480279066021092,0.10157509701180878,True,walking_dual_task,P10,12,0.34
2026-04-03T17:25:42.077013,1175.432977676966,92535,68,-5.254059233315087,6.428800048044088,-2.1714311877204375,8.581941615270997,0.8983374507500947,True,walking_dual_task,P10,12,0.34
2026-04-03T17:25:42.140668,1217.141062482676,92533,67,-5.011500532519947,6.534147320990767,-2.337931685874587,8.560148559906827,0.021793055364170755,True,walking_dual_task,P10,12,0.34
2026-04-03T17:25:42.140713,1199.9328831977382,92533,68,-4.6726661605548845,5.949263756851137,-2.130000930387612,7.8590363442364435,0.7011122156703831,True,walking_dual_task,P10,12,0.34
2026-04-03T17:25:42.140729,1174.310593412653,92528,67,-4.220152904976436,5.62302342754395,-1.9224986041200296,7.288627023722137,0.5704093205143064,True,walking_dual_task,P10,12,0.34
2026-04-03T17:25:42.194310,1246.3192301038184,92528,67,-4.014399686265803,5.552512560303277,-1.862772806499743,7.100403023917133,0.18822399980500393,True,walking_dual_task,P10,12,0.34
2026-04-03T17:25:42.195614,1159.0955992115773,92546,68,-4.084707223497419,5.858975940204589,-1.7640611090543252,7.356924885172215,0.2565218612550817,True,walking_dual_task,P10,12,0.34
2026-04-03T17:25:42.196303,1119.2687619339144,92546,66,-4.043808799785647,5.961583773391326,-1.8532695225498312,7.438244323736527,0.08131943856431256,True,walking_dual_task,P10,12,0.34
2026-04-03T17:25:42.255700,1113.444555248728,92571,69,-4.783743454832106,6.016110653827211,-1.6938056495996023,7.870626812354771,0.43238248861824324,True,walking_dual_task,P10,12,0.34
2026-04-03T17:25:42.256335,1280.3254377604665,92571,67,-5.270500568027365,7.156603255112218,-2.156176709256652,9.145722737444014,1.2750959250892437,True,walking_dual_task,P10,12,0.34
2026-04-03T17:25:42.256371,1193.4527200681637,92604,66,-5.331851491015575,7.013585599139633,-2.0555620456065737,9.046787197786966,0.09893553965704882,True,walking_dual_task,P10,12,0.34
2026-04-03T17:25:42.318255,1211.5684725712977,92604,68,-5.632911581671013,7.543924649195457,-2.484769054460978,9.737277301878033,0.6904901040910669,True,walking_dual_task,P10,12,0.34
2026-04-03T17:25:42.318787,1131.7389422583692,92627,67,-5.634044282086754,7.528016171674511,-2.386777141486846,9.701040540922996,0.03623676095503647,True,walking_dual_task,P10,12,0.34
2026-04-03T17:25:42.319296,1139.1722253961882,92627,69,-5.399531237749008,7.740042823526833,-2.5893067000765577,9.78609777615766,0.08505723523466457,True,walking_dual_task,P10,12,0.34
2026-04-03T17:25:42.376787,1181.9059052983196,92634,67,-5.683358727698643,7.730108616432922,-2.7630148509915897,9.984457757753242,0.19835998159558166,True,walking_dual_task,P10,12,0.34
2026-04-03T17:25:42.376829,1043.2171888198657,92634,67,-5.451781446229622,8.852349093892496,-3.5206861021500155,10.976394492157482,0.9919367344042396,True,walking_dual_task,P10,12,0.34
2026-04-03T17:25:42.376847,1088.5107274511352,92638,67,-5.705582714175921,8.849492657550675,-3.4112612298192073,11.068147884014472,0.09175339185699016,True,walking_dual_task,P10,12,0.34
2026-04-03T17:25:42.439921,1182.1994880038797,92638,67,-5.695856555439753,9.357201869541191,-3.845890486506035,11.609947560677817,0.541799676663345,True,walking_dual_task,P10,12,0.34
2026-04-03T17:25:42.439971,1201.461290186773,92634,68,-5.953533810634278,9.222099417458567,-3.9080381573666396,11.651800064337218,0.04185250365940085,True,walking_dual_task,P10,12,0.34
2026-04-03T17:25:42.439986,1177.1950684367323,92634,67,-5.483118685656563,9.471751084544955,-3.5647644592784173,11.51026519150229,0.14153487283492794,True,walking_dual_task,P10,12,0.34
2026-04-03T17:25:42.495861,1140.794963080869,92567,66,-5.895491003230061,9.300845985662107,-3.5256355233959433,11.562554045798226,0.052288854295936105,True,walking_dual_task,P10,12,0.34
2026-04-03T17:25:42.495905,1128.9167294745075,92567,68,-6.554135950103384,9.626130337218152,-3.2808777999687653,12.098894266001217,0.536340220202991,True,walking_dual_task,P10,12,0.34
2026-04-03T17:25:42.616325,1167.7381823034907,92527,66,-6.708984883717416,10.452348293844052,-3.843981237489779,13.001471254436819,0.9025769884356016,True,walking_dual_task,P10,12,0.34
2026-04-03T17:25:42.616373,1155.9639014264596,92527,68,-6.857650794385543,10.545070975486261,-3.9605076215992034,13.187551589151218,0.1860803347143989,True,walking_dual_task,P10,12,0.34
2026-04-03T17:25:42.619392,1137.1379011984181,92512,69,-4.865492327608888,9.414985546374329,-4.125066373850515,11.372385018857333,1.8151665702938846,True,walking_dual_task,P10,12,0.34
2026-04-03T17:25:42.619432,1128.4062986375488,92512,67,-4.740157163509361,9.292786106761678,-4.361083235741708,11.30681257250952,0.06557244634781334,True,walking_dual_task,P10,12,0.34
2026-04-03T17:25:42.619447,1206.2164829885007,92523,66,-3.9508861554938757,8.100335921935761,-4.0880300892377965,9.896309083309275,1.410503489200245,True,walking_dual_task,P10,12,0.34
2026-04-03T17:25:42.619460,1158.9610578197542,92523,67,-3.320427546354548,8.638950485000526,-4.25673097042191,10.187073334742907,0.2907642514336324,True,walking_dual_task,P10,12,0.34
2026-04-03T17:25:42.676783,1085.2670909944388,92543,67,-3.330217503476448,8.35401837421442,-4.349961162067066,9.99010178770291,0.19697154703999686,True,walking_dual_task,P10,12,0.34
2026-04-03T17:25:42.676813,1267.2207065761152,92543,66,-3.4002708223671507,8.474561929297533,-4.428117150957059,10.148313311163612,0.158211523460702,True,walking_dual_task,P10,12,0.34
2026-04-03T17:25:42.676826,1221.71796940898,92565,66,-3.320508496185185,8.419925844547697,-4.283692345858348,10.013538236551836,0.13477507461177574,True,walking_dual_task,P10,12,0.34
2026-04-03T17:25:42.676836,1142.6900246903137,92565,67,-4.264404833503161,8.97084941586423,-4.182181289473357,10.777380394332276,0.7638421577804397,True,walking_dual_task,P10,12,0.34
2026-04-03T17:25:42.736769,1235.630198137318,92567,68,-4.542722873846712,9.059113553773253,-4.359224033188371,11.032076126471186,0.2546957321389094,True,walking_dual_task,P10,12,0.34
2026-04-03T17:25:42.736806,1230.504516694233,92567,67,-4.473251856367618,9.22954998087774,-4.232364969789827,11.095381393062642,0.06330526659145619,True,walking_dual_task,P10,12,0.34
2026-04-03T17:25:42.736819,1140.1539233468736,92560,68,-4.516475163992329,9.238920697030784,-4.190571190382786,11.104822846612615,0.009441453549973389,True,walking_dual_task,P10,12,0.34
2026-04-03T17:25:42.794887,1179.488685237865,92560,66,-4.618196571511257,9.32282876459868,-4.380145762389626,11.288425605323653,0.1836027587110376,True,walking_dual_task,P10,12,0.34
2026-04-03T17:25:42.794934,1142.3114137532948,92560,65,-4.6839273278869955,9.308019047057291,-4.143329276081245,11.213633277548356,0.0747923277752971,True,walking_dual_task,P10,12,0.34
2026-04-03T17:25:42.795604,1147.948533008191,92560,68,-4.473716057822067,9.330388234833395,-4.157518743129306,11.151468157969331,0.062165119579024264,True,walking_dual_task,P10,12,0.34
2026-04-03T17:25:42.856192,1126.9847903732964,92578,68,-4.531605049902325,9.15661340568571,-4.3203447988529184,11.092537697500017,0.05893046046931438,True,walking_dual_task,P10,12,0.34
2026-04-03T17:25:42.916254,1170.4584772067865,92578,65,-4.6626599675639575,9.429607490062104,-4.1291208533078905,11.300775832259523,0.20823813475950637,True,walking_dual_task,P10,12,0.34
2026-04-03T17:25:42.918433,1225.5162127471908,92609,66,-4.655747127489764,9.33516668165078,-3.985573336247279,11.167189131913961,0.1335867003455622,True,walking_dual_task,P10,12,0.34
2026-04-03T17:25:42.918482,1181.383942611257,92609,66,-4.415023550691834,9.2684976484609,-4.218725366328595,11.099329949559706,0.0678591823542547,True,walking_dual_task,P10,12,0.34
2026-04-03T17:25:42.919490,1133.2156443338324,92617,66,-4.7054717606978,9.181879166702602,-4.1247525323989365,11.111343437054908,0.012013487495201147,True,walking_dual_task,P10,12,0.34
2026-04-03T17:25:42.919802,1190.65870805305,92617,67,-4.403935733293956,9.195489656999062,-4.269899429314782,11.053674552447381,0.057668884607526394,True,walking_dual_task,P10,12,0.34
2026-04-03T17:25:42.974463,1245.2470561990945,92625,67,-4.463615756930042,9.155996186274624,-4.1673099776616995,11.005571508945293,0.04810304350208838,True,walking_dual_task,P10,12,0.34
2026-04-03T17:25:42.974948,1157.0380888105828,92625,67,-3.943052407709816,7.350295115461772,-3.537047610003726,9.06008865131906,1.9454828576262333,True,walking_dual_task,P10,12,0.34
2026-04-03T17:25:42.975370,1214.6878028435488,92628,67,-4.1864821567766795,7.364300096030996,-3.467929139583424,9.153473726983842,0.09338507566478249,True,walking_dual_task,P10,12,0.34
2026-04-03T17:25:43.039299,1185.9785138270693,92628,66,-3.785418056588046,7.431413551252245,-3.472564997779353,9.034046983311557,0.11942674367228534,True,walking_dual_task,P10,12,0.34
2026-04-03T17:25:43.040520,1142.9353761441243,92579,67,-3.9999530950162585,7.785245436776725,-3.6166617262388603,9.470475875858828,0.436428892547271,True,walking_dual_task,P10,12,0.34
2026-04-03T17:25:43.040547,1145.2723541060298,92579,67,-4.295306364559151,7.878220857676929,-3.738305939654579,9.720645654801684,0.2501697789428565,True,walking_dual_task,P10,12,0.34
2026-04-03T17:25:43.094741,1048.3763013089326,92547,66,-4.140957904818763,7.72538070587674,-3.6803362824056154,9.50651958246575,0.21412607233593484,True,walking_dual_task,P10,12,0.34
2026-04-03T17:25:43.095098,1191.0457971888577,92547,67,-5.138035463912177,8.718081591291202,-3.7556776429898284,10.793955235171369,1.2874356527056197,True,walking_dual_task,P10,12,0.34
2026-04-03T17:25:43.095373,1202.4110527521436,92550,68,-5.0727857081170145,8.57132549219752,-3.765637031871017,10.648041969745877,0.14591326542549155,True,walking_dual_task,P10,12,0.34
2026-04-03T17:25:43.155964,1254.4669039442126,92550,67,-6.210468114855829,10.3862517987812,-3.389764506289495,12.567205100635015,1.919163130889137,True,walking_dual_task,P10,12,0.34
2026-04-03T17:25:43.157480,1202.7082600480355,92542,67,-6.618304519361638,10.407227048037415,-2.9678707734019434,12.685447822919683,0.11824272228466803,True,walking_dual_task,P10,12,0.34
2026-04-03T17:25:43.157512,1128.050874613646,92542,68,-6.5115683915615845,10.58642040624452,-2.9902430597391185,12.783363152631324,0.09791532971164152,True,walking_dual_task,P10,12,0.34
2026-04-03T17:25:43.216561,1154.1422576675684,92539,69,-6.566015939096986,9.834868442438124,-2.4094573806035187,12.068251218030131,0.7151119346011932,True,walking_dual_task,P10,12,0.34
2026-04-03T17:25:43.218153,1120.2594196536493,92539,67,-6.545186659351787,9.993704424979963,-2.427315847154592,12.19038386440183,0.12213264637169985,True,walking_dual_task,P10,12,0.34
2026-04-03T17:25:43.218188,1123.642458731365,92543,66,-5.879862007160228,10.050117006022289,-2.577895792735008,11.92573585889716,0.2646480055046716,True,walking_dual_task,P10,12,0.34
2026-04-03T17:25:43.276002,1155.0129039547119,92543,66,-5.577235351871124,10.129941006539696,-2.618971782333443,11.856655184443643,0.06908067445351662,True,walking_dual_task,P10,12,0.34
2026-04-03T17:25:43.276649,1136.4720358398736,92541,67,-5.470158281652498,10.188038048151085,-2.528726293437548,11.836942492215968,0.019712692227674466,True,walking_dual_task,P10,12,0.34
2026-04-03T17:25:43.277128,1176.2739211666049,92541,66,-5.460384334920027,9.572172614030517,-2.495933291628004,11.299202123782583,0.5377403684333846,True,walking_dual_task,P10,12,0.34
2026-04-03T17:25:43.335635,1151.9935230097465,92539,68,-5.584897112038035,9.728579064041657,-2.3796209508325594,11.467297947947532,0.16809582416494884,True,walking_dual_task,P10,12,0.34
2026-04-03T17:25:43.336850,1249.0587140938878,92539,67,-5.138235269965708,8.69627537035131,-2.6216630913844585,10.435505947064854,1.0317920008826782,True,walking_dual_task,P10,12,0.34
2026-04-03T17:25:43.337703,1144.6327260632224,92537,68,-4.974122691492798,8.766092282446806,-2.595181072187743,10.407748808067888,0.02775713899696619,True,walking_dual_task,P10,12,0.34
2026-04-03T17:25:43.395762,1295.0292174247243,92537,67,-5.384336763716208,8.952560919950434,-2.7965454893228636,10.81480910993725,0.4070603018693628,True,walking_dual_task,P10,12,0.34
2026-04-03T17:25:43.396373,1227.8032198087694,92531,67,-5.318922283883455,8.894101651035328,-2.7952958309284215,10.733576161901826,0.08123294803542436,True,walking_dual_task,P10,12,0.34
2026-04-03T17:25:43.396580,1204.8341505164171,92531,68,-5.769703962530665,8.58246040310471,-3.061290398445599,10.785156896852152,0.05158073495032589,True,walking_dual_task,P10,12,0.34
2026-04-03T17:25:43.458377,1083.3316903739142,92527,67,-5.586071855948886,8.817269438340508,-3.0586415625731798,10.876751690482681,0.09159479363052903,True,walking_dual_task,P10,12,0.34
2026-04-03T17:25:43.460952,1203.6054350190575,92527,67,-5.022424469522633,7.848539481277942,-3.456161633458772,9.938278159612496,0.9384735308701853,True,walking_dual_task,P10,12,0.34
2026-04-03T17:25:43.461460,1278.6030300177981,92524,66,-4.910790519079001,8.018397095457864,-3.170726934075898,9.922906065926334,0.015372093686162103,True,walking_dual_task,P10,12,0.34
2026-04-03T17:25:43.514670,1074.3150816583059,92524,66,-4.061343665964761,6.947579713102029,-3.559351601454153,8.799565902120012,1.123340163806322,True,walking_dual_task,P10,12,0.34
2026-04-03T17:25:43.515175,1177.5994576372013,92529,66,-3.585993269043063,6.116033990361706,-3.10334292776996,7.739247820313142,1.0603180818068703,True,walking_dual_task,P10,12,0.34
2026-04-03T17:25:43.639124,1180.6542110815365,92529,67,-3.632405729564724,6.356832209485807,-3.243058305775284,8.007566065814812,0.2683182455016704,True,walking_dual_task,P10,12,0.34
2026-04-03T17:25:43.639173,1208.232156007062,92545,66,-3.5481642686805066,5.959900679170871,-2.835303046550362,7.493252241110014,0.5143138247047983,True,walking_dual_task,P10,12,0.34
2026-04-03T17:25:43.639187,1158.1756303490235,92545,66,-3.589964143251261,5.801448422349361,-3.1025258333387913,7.494685643410551,0.0014334023005373453,True,walking_dual_task,P10,12,0.34
2026-04-03T17:25:43.639261,1223.458995531338,92526,66,-3.848590732973102,5.8239672779230585,-2.6927603870904058,7.482058806674018,0.01262683673653342,True,walking_dual_task,P10,12,0.34
2026-04-03T17:25:43.639289,1167.171505333515,92526,66,-4.304412384961051,6.1530067241453,-2.541828719868354,7.927695186391246,0.4456363797172287,True,walking_dual_task,P10,12,0.34
2026-04-03T17:25:43.639300,1220.2990408421442,92488,68,-4.158730796973456,5.873470683479139,-2.588924340963672,7.648217371036114,0.2794778153551327,True,walking_dual_task,P10,12,0.34
2026-04-03T17:25:43.696715,1134.1895413580362,92488,68,-4.3124623886715945,6.410692637232246,-2.635108387118605,8.163216777388289,0.5149994063521754,True,walking_dual_task,P10,12,0.34
2026-04-03T17:25:43.696760,1242.2926754795922,92492,67,-4.429023508704002,6.599703566128112,-2.4079350272265763,8.304847228983895,0.1416304515956064,True,walking_dual_task,P10,12,0.34
2026-04-03T17:25:43.696775,1224.1175051956782,92492,65,-4.846446277962306,6.903988396444778,-2.3900282005090667,8.767287613774709,0.4624403847908134,True,walking_dual_task,P10,12,0.34
2026-04-03T17:25:43.696786,1230.1205908764882,92504,67,-5.104967325172663,7.128707419229463,-2.519831533839056,9.12297713572644,0.35568952195173154,True,walking_dual_task,P10,12,0.34
2026-04-03T17:25:43.754709,1248.531183677742,92504,67,-5.123562159278033,7.036221208044849,-2.489046985512336,9.052880921817868,0.07009621390857212,True,walking_dual_task,P10,12,0.34
2026-04-03T17:25:43.821508,1258.1584971414406,92520,67,-5.090527645321713,7.011807924384461,-2.459895449874146,9.007219754205893,0.04566116761197492,True,walking_dual_task,P10,12,0.34
2026-04-03T17:25:43.821560,1251.133720559418,92520,67,-5.161779531208437,7.054190610383083,-2.5817550553831925,9.114331147287546,0.1071113930816523,True,walking_dual_task,P10,12,0.34
2026-04-03T17:25:43.821573,1217.6832253802484,92532,67,-5.2481106869707785,6.988782643525402,-2.552708201213579,9.105057264052865,0.009273883234680369,True,walking_dual_task,P10,12,0.34
2026-04-03T17:25:43.821584,1261.1281305225207,92532,68,-5.145379101124417,6.867216614581111,-2.359231057917214,8.899413537447732,0.20564372660513364,True,walking_dual_task,P10,12,0.34
2026-04-03T17:25:43.876347,1155.6769764372416,92534,68,-5.254951726328363,7.219253849754968,-2.4038097135147725,9.24718578444444,0.3477722469967084,True,walking_dual_task,P10,12,0.34
2026-04-03T17:25:43.876407,1165.3492047705056,92534,66,-5.007331733912036,7.073876403946382,-2.330537381000377,8.974658932571867,0.2725268518725734,True,walking_dual_task,P10,12,0.34
2026-04-03T17:25:43.876422,1203.7928169829968,92526,66,-5.098948718134205,6.852007929279498,-2.7238783095445465,8.964864959288501,0.009793973283365176,True,walking_dual_task,P10,12,0.34
2026-04-03T17:25:43.877191,1205.7680519553815,92526,68,-5.178606685208728,7.000192750366322,-2.500141364859103,9.059325172806709,0.09446021351820733,True,walking_dual_task,P10,12,0.34
2026-04-03T17:25:43.935091,1280.6442627430729,92513,67,-5.14513682076395,7.059362896758153,-2.5337235761441037,9.095427014319618,0.036101841512909516,True,walking_dual_task,P10,12,0.34
2026-04-03T17:25:43.935611,1225.78019451168,92513,68,-5.114043899334205,6.899482056290715,-2.3148068954184167,8.894640443124816,0.20078657119480248,True,walking_dual_task,P10,12,0.34
2026-04-03T17:25:43.936154,1078.9235117371882,92516,66,-5.301189769122342,7.122604741800242,-2.587248279737525,9.24813305144165,0.3534926083168344,True,walking_dual_task,P10,12,0.34
2026-04-03T17:25:43.994602,1136.902271913198,92516,66,-3.646488939414742,8.750313357147316,-4.832212150947572,10.640260321313109,1.3921272698714589,True,walking_dual_task,P10,12,0.34
2026-04-03T17:25:43.994635,1268.9930085532844,92545,67,-3.410798590556915,8.9913363394117,-4.335697374014933,10.548741532183373,0.09151878912973643,True,walking_dual_task,P10,12,0.34
2026-04-03T17:25:43.995695,1081.210024010433,92545,68,-3.2914796479546786,8.822324731637904,-4.249556284160224,10.330826712108538,0.2179148200748351,True,walking_dual_task,P10,12,0.34
2026-04-03T17:25:44.054542,1199.5212086233043,92567,67,-3.1909538529588044,9.71941966441097,-4.391206970298058,11.132475185718832,0.8016484736102942,True,walking_dual_task,P10,12,0.34
2026-04-03T17:25:44.116509,1079.438027936141,92567,68,-3.8808075391728143,8.877176331308153,-4.350933579253562,10.620524929791108,0.511950255927724,True,walking_dual_task,P10,12,0.34
2026-04-03T17:25:44.118756,1088.955292386439,92584,67,-3.84577099553257,8.722927810704023,-4.361559534559655,10.483445316991045,0.1370796128000631,True,walking_dual_task,P10,12,0.34
2026-04-03T17:25:44.118788,1220.262759855257,92584,68,-4.14014582104868,9.040833238164229,-4.146328961467549,10.773556372737207,0.2901110557461628,True,walking_dual_task,P10,12,0.34
2026-04-03T17:25:44.118802,1266.6352537765094,92592,67,-4.4024082397219875,8.949554375204833,-4.106697242438226,10.78613387942917,0.012577506691963336,True,walking_dual_task,P10,12,0.34
2026-04-03T17:25:44.118814,1109.9947644267913,92592,67,-3.70694622469307,8.434086342155554,-4.360091557605542,10.192431561232294,0.5937023181968772,True,walking_dual_task,P10,12,0.34
2026-04-03T17:25:44.176029,1209.322656271595,92572,66,-3.7197532370036424,8.720477903739045,-4.247986563520603,10.388873319934726,0.19644175870243252,True,walking_dual_task,P10,12,0.34
2026-04-03T17:25:44.176111,1175.680653029537,92572,68,-3.164765993557838,7.778395785834279,-4.438862288534968,9.498562165488126,0.8903111544466,True,walking_dual_task,P10,12,0.34
2026-04-03T17:25:44.176125,1197.7880669557348,92515,67,-2.8944391839978016,7.695161915221607,-4.110244957738846,9.19170325369333,0.3068589117947962,True,walking_dual_task,P10,12,0.34
2026-04-03T17:25:44.236094,1231.6834151172943,92515,67,-2.869897631793831,7.496577592058642,-4.438415753874473,9.172487253464716,0.019216000228613694,True,walking_dual_task,P10,12,0.34
2026-04-03T17:25:44.236143,1160.5808338769857,92499,67,-2.7299052494900082,7.636539982137789,-4.494854277928336,9.272154040447816,0.09966678698310005,True,walking_dual_task,P10,12,0.34
2026-04-03T17:25:44.236156,1065.8401264176766,92499,67,-2.8218674111176463,7.548643960092756,-4.3571870000819075,9.161333957227813,0.1108200832200037,True,walking_dual_task,P10,12,0.34
2026-04-03T17:25:44.358958,1094.467445132805,92503,67,-2.9935112710699943,7.392787821711325,-4.184910915148406,9.00710280137818,0.15423115584963298,True,walking_dual_task,P10,12,0.34
2026-04-03T17:25:44.361885,1150.9068473124314,92503,65,-3.168301296988897,7.2169520431088205,-4.098065588333566,8.883505584357891,0.12359721702028814,True,walking_dual_task,P10,12,0.34
2026-04-03T17:25:44.361913,1220.3337719906176,92516,68,-3.458843975487121,7.186394453658758,-4.022913638455885,8.932620054206675,0.049114469848783315,True,walking_dual_task,P10,12,0.34
2026-04-03T17:25:44.361922,1113.2091880801902,92516,66,-3.8905091113054824,7.335010184343913,-4.177285129374015,9.294522397717333,0.36190234351065875,True,walking_dual_task,P10,12,0.34
2026-04-03T17:25:44.361929,1222.1518326625528,92537,66,-3.460086648142649,7.26110365083343,-3.886352422865141,8.933060001786137,0.36146239593119667,True,walking_dual_task,P10,12,0.34
2026-04-03T17:25:44.417808,1154.8233934441505,92537,67,-3.5718730727323975,7.506155991166886,-4.028661809972688,9.237465615122675,0.30440561333653804,True,walking_dual_task,P10,12,0.34
2026-04-03T17:25:44.417845,1233.2045112051767,92549,65,-3.4367997737129334,7.427119132276675,-3.9001745407805797,9.065597208026425,0.17186840709624995,True,walking_dual_task,P10,12,0.34
2026-04-03T17:25:44.417853,1104.8568141504682,92549,68,-3.4759561056615986,7.4637960587570475,-4.098650577188937,9.197252796846165,0.13165558881973993,True,walking_dual_task,P10,12,0.34
2026-04-03T17:25:44.417859,1205.8157010362381,92551,67,-3.492748103998189,7.4295610443308995,-4.0111507337134515,9.137121912177387,0.06013088466877825,True,walking_dual_task,P10,12,0.34
2026-04-03T17:25:44.476659,1255.3911927206407,92551,68,-3.384375749962195,7.807479006005117,-3.746671895770465,9.29775660795114,0.16063469577375322,True,walking_dual_task,P10,12,0.34
2026-04-03T17:25:44.476703,1281.361916756003,92564,67,-3.6596587719913325,7.947940617731054,-4.023170528552986,9.630615945629309,0.332859337678169,True,walking_dual_task,P10,12,0.34
2026-04-03T17:25:44.534210,1211.0481942913568,92564,67,-3.9185787503520544,8.603537895695242,-3.75733729742284,10.173185701243222,0.5425697556139131,True,walking_dual_task,P10,12,0.34
2026-04-03T17:25:44.534707,1271.7942895628928,92574,67,-4.7621311947809195,9.444930516979648,-3.629614210023669,11.182964960174235,1.0097792589310135,True,walking_dual_task,P10,12,0.34
2026-04-03T17:25:44.535483,1175.2725061143278,92574,68,-4.663072728276672,9.335054918881406,-3.6603043879053847,11.05826956715421,0.12469539302002453,True,walking_dual_task,P10,12,0.34
2026-04-03T17:25:44.596016,1259.900067006845,92585,66,-6.5421776957719535,10.693737458313104,-3.9550531343278488,13.145286422354644,2.0870168552004333,True,walking_dual_task,P10,12,0.34
2026-04-03T17:25:44.596691,1067.6915078768347,92585,67,-6.44973168248746,10.821108335054605,-4.123069499352638,13.25500382767062,0.10971740531597618,True,walking_dual_task,P10,12,0.34
2026-04-03T17:25:44.597231,1233.9013682715406,92571,67,-5.74047708831337,10.610194512487798,-4.016548240417029,12.714635840710265,0.540367986960355,True,walking_dual_task,P10,12,0.34
2026-04-03T17:25:44.655819,1188.641527926797,92571,68,-5.925616149501419,9.234896181015367,-3.5384384892298324,11.528954036139936,1.1856818045703292,True,walking_dual_task,P10,12,0.34
2026-04-03T17:25:44.656338,1153.2148495237134,92576,68,-5.851060229255859,9.337690174823518,-3.509741963432522,11.564845535382409,0.03589149924247259,True,walking_dual_task,P10,12,0.34
2026-04-03T17:25:44.657094,1054.6880677661873,92576,69,-7.2275044387728204,9.289765062709852,-3.062393067302991,12.162023130692146,0.5971775953097378,True,walking_dual_task,P10,12,0.34
2026-04-03T17:25:44.657535,1200.3613361140615,92594,68,-7.149870882528922,9.546743150053679,-2.7685541957306574,12.244421209049841,0.08239807835769497,True,walking_dual_task,P10,12,0.34
2026-04-03T17:25:44.722209,1133.3493508714685,92594,68,-6.933377448188288,10.14594065098281,-2.922302560042156,12.63137707396705,0.38695586491720846,True,walking_dual_task,P10,12,0.34
2026-04-03T17:25:44.723682,1024.6514646063622,92558,67,-6.842471817699404,9.584725255246564,-2.3172416541051306,12.002332593212529,0.629044480754521,True,walking_dual_task,P10,12,0.34
2026-04-03T17:25:44.723719,1251.6537395474065,92558,65,-6.915638332318446,9.565775193198004,-2.3013032234675257,12.026059417638706,0.023726824426177018,True,walking_dual_task,P10,12,0.34
2026-04-03T17:25:44.774318,1136.0610001413222,92492,67,-6.978126789192095,9.655854875255542,-2.4273878347917566,12.158207045388378,0.13214762774967248,True,walking_dual_task,P10,12,0.34
2026-04-03T17:25:44.775055,1256.160074132,92492,68,-7.057865151203793,9.43749391183499,-2.2974849525331296,12.006589396477903,0.15161764891047547,True,walking_dual_task,P10,12,0.34
2026-04-03T17:25:44.775424,1198.296355319435,92465,69,-6.96683705085865,9.49330203810167,-2.228986251440812,11.98448921685669,0.022100179621212135,True,walking_dual_task,P10,12,0.34
2026-04-03T17:25:44.835934,1197.505778696219,92465,66,-6.953591468179979,9.461821580819107,-2.419206677246322,11.988789049809526,0.004299832952835203,True,walking_dual_task,P10,12,0.34
2026-04-03T17:25:44.835990,1150.2620663574662,92460,68,-6.895959464314202,9.87378906556837,-2.240536588271486,12.250141699106397,0.26135264929687096,True,walking_dual_task,P10,12,0.34
2026-04-03T17:25:44.836800,1202.1166240362677,92460,68,-7.076527300922665,9.700097664448641,-2.259954269277823,12.217877337728222,0.03226436137817501,True,walking_dual_task,P10,12,0.34
2026-04-03T17:25:44.897110,1203.4502244574753,92474,66,-6.679361692727526,9.599378081448284,-2.262081815237355,11.911294904908248,0.3065824328199742,True,walking_dual_task,P10,12,0.34
2026-04-03T17:25:44.965119,1174.345476529606,92474,68,-6.956729512485022,9.3405557498349,-2.3425952375694794,11.879807223719462,0.03148768118878564,True,walking_dual_task,P10,12,0.34
2026-04-03T17:25:44.965165,1053.1034381067252,92486,66,-6.80738400332153,9.631283359711441,-2.2720632249385617,12.011010258169401,0.13120303444993908,True,walking_dual_task,P10,12,0.34
2026-04-03T17:25:44.965178,1230.086953759041,92486,66,-7.0898131734664975,9.64797937616548,-2.419366020493586,12.214838878130669,0.20382861996126778,True,walking_dual_task,P10,12,0.34
2026-04-03T17:25:44.965188,1196.8670869021862,92493,66,-7.0428839156047305,9.665254700626182,-2.138342643337237,12.148739504038055,0.06609937409261413,True,walking_dual_task,P10,12,0.34
2026-04-03T17:25:44.967360,1176.571891603522,92493,67,-4.464567567651311,6.299263012267356,-1.0140716469688285,7.7872600681516735,4.361479435886381,True,walking_dual_task,P10,12,0.34
2026-04-03T17:25:45.014762,1125.0513713141381,92505,69,-4.61958620601399,6.828388732417653,-1.214484940565678,8.333213249801299,0.545953181649625,True,walking_dual_task,P10,12,0.34
2026-04-03T17:25:45.016063,1102.7803614670129,92505,67,-4.653608878268083,6.836750374451968,-1.2880694899034921,8.369967400491168,0.03675415068986965,True,walking_dual_task,P10,12,0.34
2026-04-03T17:25:45.016093,1123.524128304175,92529,66,-5.294588038191911,6.936504170963563,-1.6809329762043335,8.886691638537423,0.5167242380462547,True,walking_dual_task,P10,12,0.34
2026-04-03T17:25:45.075260,1137.5219432455967,92529,67,-5.638062339166086,7.737954907231761,-1.6890487548089537,9.721963730790026,0.8352720922526036,True,walking_dual_task,P10,12,0.34
2026-04-03T17:25:45.077670,1115.9300706668046,92552,67,-5.431693546843025,7.507621093953325,-1.8343371326088114,9.446293558494602,0.275670172295424,True,walking_dual_task,P10,12,0.34
2026-04-03T17:25:45.077705,1164.9424563853142,92552,67,-6.1285017134670525,8.104954774873578,-2.451477464966789,10.452682283316307,1.0063887248217043,True,walking_dual_task,P10,12,0.34
2026-04-03T17:25:45.136433,1215.1064332877831,92561,66,-6.064129254776672,7.8814710858803245,-2.213831600271689,10.187850629576749,0.26483165373955764,True,walking_dual_task,P10,12,0.34
2026-04-03T17:25:45.136959,1235.4716542513186,92561,67,-6.306754044636859,8.233906271050321,-2.677185483286661,10.711660990336934,0.5238103607601854,True,walking_dual_task,P10,12,0.34
2026-04-03T17:25:45.137377,1182.0500614370399,92570,65,-6.10298861553433,8.847504804777733,-2.8968641120781733,11.131784807287337,0.4201238169504027,True,walking_dual_task,P10,12,0.34
2026-04-03T17:25:45.197930,1156.594219206964,92570,68,-6.228945581849296,8.718457151075768,-3.1261202649844346,11.161715193819022,0.029930386531685116,True,walking_dual_task,P10,12,0.34
2026-04-03T17:25:45.197993,1210.7201251860224,92564,67,-6.399441043298261,9.678494324367154,-3.2144056828917136,12.039871342654127,0.8781561488351048,True,walking_dual_task,P10,12,0.34
2026-04-03T17:25:45.198011,1169.6687447586394,92564,68,-6.547815807603839,9.922888147926015,-3.1026331735714225,12.286738121092318,0.24686677843819105,True,walking_dual_task,P10,12,0.34
2026-04-03T17:25:45.258241,1260.212984620282,92559,67,-7.554758745811596,10.363780606601065,-3.391099603163741,13.2658163973332,0.9790782762408821,True,walking_dual_task,P10,12,0.34
2026-04-03T17:25:45.258271,1120.193974370913,92559,68,-7.128197997880122,11.304724639700927,-3.7288234661060193,13.874874064935737,0.6090576676025368,True,walking_dual_task,P10,12,0.34
2026-04-03T17:25:45.258279,1206.2058184948492,92522,67,-7.022937698798955,10.770793960053773,-3.7429542815826142,13.391839425753284,0.4830346391824527,True,walking_dual_task,P10,12,0.34
2026-04-03T17:25:45.377191,1234.423755030457,92522,67,-7.0108483728705036,11.005433541278382,-3.6581770722979816,13.551893662184737,0.16005423643145278,True,walking_dual_task,P10,12,0.34
2026-04-03T17:25:45.380057,1217.4662290326996,92461,68,-4.913286908274066,9.547540096309971,-4.1062381258889165,11.495960233063077,2.0559334291216604,True,walking_dual_task,P10,12,0.34
2026-04-03T17:25:45.380079,1152.8127912994817,92461,67,-4.816837974162777,9.635823942123546,-4.007152231537617,11.493837484480752,0.0021227485823249737,True,walking_dual_task,P10,12,0.34
2026-04-03T17:25:45.380087,1158.0954661095634,92453,65,-3.3465745291144935,7.970410717430391,-3.992888180742161,9.522088221989836,1.9717492624909152,True,walking_dual_task,P10,12,0.34
2026-04-03T17:25:45.383427,1130.180944409286,92453,69,-3.7270926635530697,8.705493644414545,-3.9238295588919163,10.250525729097365,0.7284375071075289,True,walking_dual_task,P10,12,0.34
2026-04-03T17:25:45.383455,1150.1600411308295,92475,67,-3.7568530805541664,8.881500144380718,-3.717826413483035,10.335241802894414,0.08471607379704871,True,walking_dual_task,P10,12,0.34
2026-04-03T17:25:45.437964,1177.0726233344155,92475,67,-4.072025188429423,9.30018912367348,-4.1284050713949405,10.95986474847284,0.6246229455784267,True,walking_dual_task,P10,12,0.34
2026-04-03T17:25:45.438014,1320.3925322150817,92486,67,-3.9913707144697823,9.055036818679215,-4.151818808901342,10.731371365762634,0.22849338271020692,True,walking_dual_task,P10,12,0.34
2026-04-03T17:25:45.438030,1169.3835726555965,92486,67,-4.444345387620356,8.618878218386532,-4.214726939137922,10.573608222330495,0.15776314343213826,True,walking_dual_task,P10,12,0.34
2026-04-03T17:25:45.494358,1135.4711118000134,92485,68,-4.379983944489669,8.816422597299294,-4.340652567726658,10.758941931336414,0.18533370900591883,True,walking_dual_task,P10,12,0.34
2026-04-03T17:25:45.557612,1188.3095415974997,92485,67,-3.924049335988921,8.284811576707433,-4.527955820510036,10.22441440696294,0.5345275243734751,True,walking_dual_task,P10,12,0.34
2026-04-03T17:25:45.557644,1196.5466076824714,92479,66,-3.5467022538285318,7.799424749233835,-4.1984082348717315,9.541318305292641,0.6830961016702979,True,walking_dual_task,P10,12,0.34
2026-04-03T17:25:45.557659,1207.3742859575132,92479,66,-3.607080677445147,7.745255946306056,-4.165121933219667,9.505170246027948,0.036148059264693444,True,walking_dual_task,P10,12,0.34
2026-04-03T17:25:45.557669,1080.8426921546727,92476,69,-2.5742297954696336,7.550731461705203,-3.898699959882265,8.879192870067323,0.6259773759606251,True,walking_dual_task,P10,12,0.34
2026-04-03T17:25:45.557679,1108.7733900046194,92476,68,-2.821096051537173,7.5546402346611305,-4.083239539504506,9.039027444594488,0.15983457452716543,True,walking_dual_task,P10,12,0.34
2026-04-03T17:25:45.615124,1222.318656083347,92482,67,-2.6970596669768088,7.424590035755687,-3.716431966787426,8.729864524151285,0.30916292044320315,True,walking_dual_task,P10,12,0.34
2026-04-03T17:25:45.615154,1160.2399418112896,92482,66,-3.645612330841814,7.497517566571401,-3.269392644277009,8.955009055846077,0.22514453169479154,True,walking_dual_task,P10,12,0.34
2026-04-03T17:25:45.677885,1183.9660982008234,92519,65,-3.402428630053049,7.309923098220338,-3.290728459790003,8.708638819044673,0.24637023680140402,True,walking_dual_task,P10,12,0.34
2026-04-03T17:25:45.677927,1320.085104158615,92519,69,-3.6655153545920167,7.747026415491192,-3.35583796699163,9.204024639133179,0.4953858200885062,True,walking_dual_task,P10,12,0.34
2026-04-03T17:25:45.677940,1051.6205557321462,92533,68,-3.7789532025419907,7.691909882076726,-3.197728874136113,9.147209131394984,0.05681550773819488,True,walking_dual_task,P10,12,0.34
2026-04-03T17:25:45.735552,1273.169984143034,92533,66,-3.644466583385771,7.837124582367767,-3.983039777145425,9.516683469743615,0.3694743383486312,True,walking_dual_task,P10,12,0.34
2026-04-03T17:25:45.735588,1148.803505952461,92545,66,-3.7952935282410487,7.809921808480122,-3.8982686987884865,9.518173693941284,0.0014902241976688657,True,walking_dual_task,P10,12,0.34
2026-04-03T17:25:45.735977,1262.7096160453375,92545,67,-3.650273905898723,7.841361937824453,-3.9384809043953264,9.50384598267111,0.014327711270173182,True,walking_dual_task,P10,12,0.34
2026-04-03T17:25:45.736617,1070.4399757647188,92563,68,-3.6545977514117394,7.934715625585615,-3.9748897311981,9.597684364403758,0.09383838173264714,True,walking_dual_task,P10,12,0.34
2026-04-03T17:25:45.795997,1217.8800005783767,92563,65,-3.552476315859467,7.830792554107693,-3.967165217658949,9.469941914521646,0.1277424498821116,True,walking_dual_task,P10,12,0.34
2026-04-03T17:25:45.796032,1167.8710374334312,92581,65,-3.6964953255035073,7.791083986322533,-3.7804290845117587,9.415769296049215,0.05417261847243182,True,walking_dual_task,P10,12,0.34
2026-04-03T17:25:45.796040,1218.201256873128,92581,68,-3.7534710912845974,7.9757523015379,-4.05570211566025,9.703086604764865,0.2873173087156502,True,walking_dual_task,P10,12,0.34
2026-04-03T17:25:45.855049,1188.7918539650725,92576,67,-3.8022261143538643,7.9704717978680675,-3.8930422078907556,9.65096480864497,0.05212179611989498,True,walking_dual_task,P10,12,0.34
2026-04-03T17:25:45.855089,1201.508063059218,92576,66,-3.791345909753586,7.7874112259188095,-3.9006295856485385,9.499104619563267,0.1518601890817024,True,walking_dual_task,P10,12,0.34
2026-04-03T17:25:45.855934,1125.9440717251132,92540,66,-3.687178107558404,7.882346580912553,-4.1034862865870005,9.621084643775324,0.121980024212057,True,walking_dual_task,P10,12,0.34
2026-04-03T17:25:45.916155,1217.1705561290576,92540,67,-3.807869176225169,7.803783691169155,-3.886653173905355,9.513410558576352,0.10767408519897259,True,walking_dual_task,P10,12,0.34
2026-04-03T17:25:45.916704,1159.1048601031446,92491,68,-3.7754617989361177,7.7647360499069045,-3.954163993196704,9.496349330402875,0.01706122817347655,True,walking_dual_task,P10,12,0.34
2026-04-03T17:25:45.916939,1178.3368759567577,92491,67,-3.8114089628161616,7.868256721910384,-4.120722042492435,9.665229033768746,0.16887970336587088,True,walking_dual_task,P10,12,0.34
2026-04-03T17:25:45.976898,1228.5202010521152,92472,68,-3.4928859503797316,8.009791261336387,-3.8571689774732154,9.551688899525708,0.11354013424303844,True,walking_dual_task,P10,12,0.34
2026-04-03T17:25:45.977391,1145.8664891750607,92472,66,-5.8060224107232505,10.706728425301252,-2.9667098746271385,12.535760738271318,2.98407183874561,True,walking_dual_task,P10,12,0.34
2026-04-03T17:25:45.977777,1323.5434424278817,92484,68,-5.759703707689101,9.49140029870136,-2.174584200254815,11.313252532961231,1.2225082053100866,True,walking_dual_task,P10,12,0.34
2026-04-03T17:25:46.094996,1119.94948369766,92484,67,-5.496744177284172,9.276673190346141,-2.317582903648073,11.029145594572416,0.28410693838881507,True,walking_dual_task,P10,12,0.34
2026-04-03T17:25:46.095477,1241.2604493001752,92478,68,-5.233169863452631,8.871781566994207,-2.1198285490652817,10.516094715703128,0.5130508788692882,True,walking_dual_task,P10,12,0.34
2026-04-03T17:25:46.095843,1226.396132931655,92478,67,-5.326078687382366,8.712962928597763,-2.0896285515454265,10.423501554791528,0.09259316091159953,True,walking_dual_task,P10,12,0.34
2026-04-03T17:25:46.156054,1114.240579990839,92481,66,-5.359577182883938,8.55715424808921,-1.9302024325564553,10.279865652601117,0.143635902190411,True,walking_dual_task,P10,12,0.34
2026-04-03T17:25:46.156476,1164.3829711465871,92481,67,-6.042618287256371,8.562597310340852,-1.8589658632673338,10.643639534733163,0.36377388213204576,True,walking_dual_task,P10,12,0.34
2026-04-03T17:25:46.219553,1187.8616427106863,92474,66,-5.900676821847555,8.631168029869258,-1.64081381242016,10.583351004419862,0.060288530313300726,True,walking_dual_task,P10,12,0.34
2026-04-03T17:25:46.220951,1211.339401078904,92474,68,-6.032782916673197,7.921555667187165,-2.001704045784746,10.156393700273739,0.4269573041461232,True,walking_dual_task,P10,12,0.34
2026-04-03T17:25:46.223180,1164.01137519308,92459,66,-5.193356838995803,6.898421503568338,-1.884103288405781,8.837930736287765,1.318462963985974,True,walking_dual_task,P10,12,0.34
2026-04-03T17:25:46.223210,1208.5198379605524,92459,67,-5.113264355565779,6.554774504567249,-1.8159893815994588,8.509310113617104,0.3286206226706607,True,walking_dual_task,P10,12,0.34
2026-04-03T17:25:46.223223,1216.0258562268705,92452,67,-4.6668709122902055,6.183759040160754,-1.7086691344974714,7.933354283651689,0.5759558299654151,True,walking_dual_task,P10,12,0.34
2026-04-03T17:25:46.223233,1178.7434288883794,92452,66,-4.317942331009746,6.211659350449122,-1.745021883402641,7.763661457939932,0.16969282571175714,True,walking_dual_task,P10,12,0.34
2026-04-03T17:25:46.223242,1235.9006533515621,92458,66,-4.17177016543793,5.739346751196659,-1.5145979399579441,7.255189478120782,0.5084719798191504,True,walking_dual_task,P10,12,0.34
2026-04-03T17:25:46.280055,1232.8023936605175,92458,67,-4.1555266857730135,5.841123175914326,-1.5196793635175947,7.327792802766489,0.07260332464570762,True,walking_dual_task,P10,12,0.34
2026-04-03T17:25:46.280083,1160.48673105582,92471,67,-4.226063535619393,5.887498886570798,-1.4146320516911046,7.383998915772946,0.05620611300645706,True,walking_dual_task,P10,12,0.34
2026-04-03T17:25:46.280091,1263.8752462536054,92471,66,-4.113142996215176,6.067496683642245,-1.215190438933625,7.430285937714598,0.046287021941651574,True,walking_dual_task,P10,12,0.34
2026-04-03T17:25:46.334926,1194.705985377942,92499,67,-4.78831227179398,6.59493284639842,-1.4975949643065458,8.286366172082543,0.856080234367945,True,walking_dual_task,P10,12,0.34
2026-04-03T17:25:46.335990,1209.8839203413636,92499,66,-4.488232734782853,6.4308760553763165,-1.6180061830564056,8.00739307949832,0.27897309258422354,True,walking_dual_task,P10,12,0.34
2026-04-03T17:25:46.336017,1231.168210228637,92529,67,-5.514986839374601,7.006307111061288,-1.7094270217229217,9.078852345730683,1.0714592662323632,True,walking_dual_task,P10,12,0.34
2026-04-03T17:25:46.396245,1262.336103596083,92529,67,-5.41687365700199,6.816459027700529,-1.7647956292580131,8.883756947670864,0.19509539805981824,True,walking_dual_task,P10,12,0.34
2026-04-03T17:25:46.397075,1162.4195997325894,92553,66,-5.983731252069591,7.562294918855053,-1.543941322504042,9.766119953393506,0.8823630057226417,True,walking_dual_task,P10,12,0.34
2026-04-03T17:25:46.397183,1198.727325286849,92553,66,-6.2371525420740905,7.750331721458743,-1.4902074362275284,10.059345497036015,0.2932255436425084,True,walking_dual_task,P10,12,0.34
2026-04-03T17:25:46.455974,1293.6027961923712,92539,68,-6.345484681114432,7.983125967766085,-1.3175194129211412,10.282574262260555,0.22322876522454038,True,walking_dual_task,P10,12,0.34
2026-04-03T17:25:46.456410,1085.7958441704893,92539,67,-6.681319272378373,8.350573138742432,-2.0566382973593598,10.890448110665902,0.6078738484053474,True,walking_dual_task,P10,12,0.34
2026-04-03T17:25:46.456792,1130.6238060931782,92467,67,-6.619464433713672,8.37950409254012,-1.9766394680252344,10.86004151984015,0.030406590825752033,True,walking_dual_task,P10,12,0.34
2026-04-03T17:25:46.517083,1165.9982388207063,92467,67,-6.34197731274309,9.114584010464528,-2.5636550941251377,11.395992513195043,0.5359509933548932,True,walking_dual_task,P10,12,0.34
2026-04-03T17:25:46.518242,1199.3954341363424,92427,67,-6.591351212367635,9.71406178517145,-2.6403414239715026,12.032468990446162,0.6364764772511187,True,walking_dual_task,P10,12,0.34
2026-04-03T17:25:46.518917,1210.6681951500993,92427,68,-6.3260228017351645,9.590217251917077,-2.544410462764265,11.76710907700211,0.26535991344405296,True,walking_dual_task,P10,12,0.34
2026-04-03T17:25:46.587741,1134.4258327305045,92415,66,-7.65550124026278,10.362310947255233,-2.8647399846199404,13.198140876151871,1.4310317991497623,True,walking_dual_task,P10,12,0.34
2026-04-03T17:25:46.589281,1116.4630300352355,92415,67,-7.378441045405601,10.563360908394866,-3.0846454703724238,13.249189545757885,0.051048669606013064,True,walking_dual_task,P10,12,0.34
2026-04-03T17:25:46.635284,1164.3143735211381,92406,68,-6.3735954312925225,11.535380840158798,-3.5417863164816787,13.646683852163955,0.3974943064060703,True,walking_dual_task,P10,12,0.34
2026-04-03T17:25:46.635891,1150.9052706349423,92406,67,-6.281157701080063,11.657104672087371,-3.437436879485009,13.68053375063569,0.03384989847173436,True,walking_dual_task,P10,12,0.34
2026-04-03T17:25:46.635972,1098.7141465540255,92415,67,-4.999620086269737,9.585434406190398,-3.4265067751594747,11.340974492636171,2.339559257999518,True,walking_dual_task,P10,12,0.34
2026-04-03T17:25:46.696765,1297.6385729881085,92415,66,-4.183340487293407,8.709630683865067,-3.172356230310355,10.169653304510485,1.1713211881256864,True,walking_dual_task,P10,12,0.34
2026-04-03T17:25:46.696795,1106.2712128133908,92441,67,-4.228292910744624,8.779235745725481,-3.150855505218136,10.24115870557823,0.0715054010677445,True,walking_dual_task,P10,12,0.34
2026-04-03T17:25:46.696808,1069.9525091407763,92441,66,-4.177187915163243,9.032869084061922,-3.30183415226297,10.485405644868377,0.2442469392901483,True,walking_dual_task,P10,12,0.34
2026-04-03T17:25:46.696818,1140.9220293314856,92455,66,-4.2000328612865365,9.319147910034241,-3.313532132202416,10.745524137803619,0.26011849293524136,True,walking_dual_task,P10,12,0.34
2026-04-03T17:25:46.756012,1167.6927123576615,92455,67,-4.341755380828525,9.239214624847161,-3.2466486004824797,10.712359861671843,0.033164276131776305,True,walking_dual_task,P10,12,0.34
2026-04-03T17:25:46.756043,1207.66501959029,92460,67,-4.323739217182416,9.289595866720168,-3.307438583226369,10.76710091747078,0.054741055798936955,True,walking_dual_task,P10,12,0.34
2026-04-03T17:25:46.756056,1165.66442213349,92460,67,-4.3361335521048545,9.342840370274379,-3.0894754843105328,10.753398492303443,0.01370242516733633,True,walking_dual_task,P10,12,0.34
2026-04-03T17:25:46.819283,1143.7735670982327,92477,68,-4.156928636253375,9.243866572655513,-3.297907213982985,10.658579496912445,0.09481899539099814,True,walking_dual_task,P10,12,0.34
2026-04-03T17:25:46.820015,1166.6390658133619,92477,66,-4.404459561284428,9.379363287464844,-3.238255695216562,10.856243349005938,0.19766385209349302,True,walking_dual_task,P10,12,0.34
2026-04-03T17:25:46.820374,1179.5207959165284,92469,66,-4.250071062892734,9.307915401079166,-3.2664698048947947,10.741052934399605,0.11519041460633339,True,walking_dual_task,P10,12,0.34
2026-04-03T17:25:46.874702,1185.0686041761762,92469,67,-4.44722318048995,9.002611320671809,-3.3905724335241145,10.598150123259671,0.1429028111399333,True,walking_dual_task,P10,12,0.34
2026-04-03T17:25:46.875166,1153.4709900913147,92489,68,-4.221216869927404,8.906864975375935,-3.3383163857661957,10.406501421900318,0.19164870135935352,True,walking_dual_task,P10,12,0.34
2026-04-03T17:25:46.875658,1306.9903712875266,92489,67,-4.366317923622438,9.475465023433092,-3.241564782341752,10.925058894970258,0.51855747306994,True,walking_dual_task,P10,12,0.34
2026-04-03T17:25:46.936078,1216.7371792359088,92513,66,-4.235217583373719,9.230183274200211,-3.150625937669838,10.632957963471933,0.29210093149832517,True,walking_dual_task,P10,12,0.34
2026-04-03T17:25:46.936107,1192.5310226657234,92513,67,-4.247191854370344,9.128383760047146,-3.1941799923105108,10.562614001363443,0.07034396210849003,True,walking_dual_task,P10,12,0.34
2026-04-03T17:25:46.936119,1230.6915496107474,92539,68,-4.3679568436531016,9.037247555549431,-3.204812836110695,10.536684283150938,0.025929718212504227,True,walking_dual_task,P10,12,0.34
2026-04-03T17:25:46.996542,1266.1162167702525,92539,68,-3.6148980548865453,8.082996829727882,-3.062739301753652,9.36924211060425,1.1674421725466892,True,walking_dual_task,P10,12,0.34
2026-04-03T17:25:46.996585,1102.7445779915397,92558,67,-3.735653405198899,8.168322403928562,-3.4251637759874902,9.612925889167787,0.24368377856353796,True,walking_dual_task,P10,12,0.34
2026-04-03T17:25:46.996598,1174.5055296863113,92558,66,-3.8283979374239774,8.115188288447184,-3.5355125384781383,9.64431234634998,0.03138645718219202,True,walking_dual_task,P10,12,0.34
2026-04-03T17:25:47.116594,1281.3000078091338,92524,65,-4.02826000457641,8.49561897841178,-3.4281581628527547,10.007731455247704,0.363419108897725,True,walking_dual_task,P10,12,0.34
2026-04-03T17:25:47.116649,1175.6621214867357,92524,67,-4.075100714902005,8.91781422545681,-3.3314421111544053,10.35530602813493,0.3475745728872255,True,walking_dual_task,P10,12,0.34
2026-04-03T17:25:47.174429,1215.3908020445176,92469,68,-4.096770850320364,8.748522255324055,-3.4293439113889495,10.250881557920536,0.1044244702143935,True,walking_dual_task,P10,12,0.34
2026-04-03T17:25:47.175031,1178.7901989027073,92469,66,-4.325293395838238,9.422412137462722,-2.934884894030013,10.775136323476016,0.5242547655554795,True,walking_dual_task,P10,12,0.34
2026-04-03T17:25:47.175563,1250.5761580890385,92442,68,-4.264558205177618,9.339522436065291,-3.0211479012108757,10.702358182200108,0.07277814127590787,True,walking_dual_task,P10,12,0.34
2026-04-03T17:25:47.176243,1110.2131723842817,92442,66,-4.21290095900928,9.352562687015551,-2.820996089766912,10.638467100266704,0.06389108193340398,True,walking_dual_task,P10,12,0.34
2026-04-03T17:25:47.176962,1143.9270267648135,92446,67,-4.920130974373552,9.534615422591576,-2.219675029517542,10.956438166592958,0.3179710663262547,True,walking_dual_task,P10,12,0.34
2026-04-03T17:25:47.177557,1167.8066595761215,92446,66,-5.700148704527469,10.630119433567762,-2.064683307503541,12.237403792713753,1.2809656261207945,True,walking_dual_task,P10,12,0.34
2026-04-03T17:25:47.235146,1204.6936007281313,92460,67,-5.802813242967031,10.64376044886236,-2.2015133108925085,12.321077018002812,0.08367322528905952,True,walking_dual_task,P10,12,0.34
2026-04-03T17:25:47.296444,1242.1662792545806,92460,68,-6.6588088105796635,11.63530666053345,-1.8401314218104092,13.531673196986446,1.210596178983634,True,walking_dual_task,P10,12,0.34
2026-04-03T17:25:47.296911,1038.0888743395838,92462,67,-6.581998125023601,11.359808645834162,-1.9012781631511455,13.265851289738558,0.26582190724788823,True,walking_dual_task,P10,12,0.34
2026-04-03T17:25:47.297565,1235.9626837572227,92462,66,-7.300481395507456,10.592729491644649,-1.4460140468697857,12.945806398716671,0.3200448910218867,True,walking_dual_task,P10,12,0.34
2026-04-03T17:25:47.297998,1198.3379606021635,92479,68,-6.9373428272126265,10.229628784227055,-1.2565995711863593,12.423810729710548,0.5219956690061238,True,walking_dual_task,P10,12,0.34
2026-04-03T17:25:47.298333,1233.0990154059361,92479,66,-6.920792343507141,10.07974342752404,-1.3869076336835455,12.305369031891358,0.11844169781918978,True,walking_dual_task,P10,12,0.34
2026-04-03T17:25:47.298730,1199.0849573085882,92473,67,-6.923466978013527,9.383964231100503,-1.1047889377856914,11.713826799268933,0.5915422326224249,True,walking_dual_task,P10,12,0.34
2026-04-03T17:25:47.356365,1134.877440814987,92473,66,-6.728623552256639,9.766219037474228,-1.1750811752740087,11.917811248899277,0.2039844496303438,True,walking_dual_task,P10,12,0.34
2026-04-03T17:25:47.361501,1176.0866406750065,92474,62,-6.825634764774365,8.105664015926198,-1.1573075365548644,10.659757962324656,1.2580532865746203,True,walking_dual_task,P10,12,0.34
2026-04-03T17:25:47.361620,1075.811226146436,92474,62,-6.633513771727047,8.124328109529651,-1.0580780055235453,10.541714341451238,0.11804362087341858,True,walking_dual_task,P10,12,0.34
2026-04-03T17:25:47.416273,1162.3314865722323,92478,61,-6.3949724628358116,7.707773791692392,-0.665856502766216,10.037370896136323,0.5043434453149143,True,walking_dual_task,P10,12,0.34
2026-04-03T17:25:47.416301,1150.3134560630208,92478,62,-6.782465140038104,7.440815392276637,-0.5553997099610154,10.083453570855463,0.046082674719139405,True,walking_dual_task,P10,12,0.34
2026-04-03T17:25:47.417165,1183.408617133489,92477,62,-6.76015149203032,7.443510517049901,-0.8445159720909297,10.090525468960918,0.007071898105454721,True,walking_dual_task,P10,12,0.34
2026-04-03T17:25:47.475535,1021.4217323697283,92477,61,-6.602485066127943,7.15785207191943,-0.918475840454554,9.781168294300148,0.30935717466076973,True,walking_dual_task,P10,12,0.34
2026-04-03T17:25:47.475647,1150.8288216014348,92477,63,-6.79691708379827,7.381843311002476,-0.9221153902282755,10.076705280254883,0.295536985954735,True,walking_dual_task,P10,12,0.34
2026-04-03T17:25:47.535876,1108.9842612474795,92477,62,-5.793049653633501,6.597644522440842,-1.2618952159868713,8.870215164813501,1.2064901154413814,True,walking_dual_task,P10,12,0.34
2026-04-03T17:25:47.536785,1201.6040223243765,92479,61,-5.497305925744956,5.838476356926095,-1.1634662478353461,8.103198894354481,0.7670162704590204,True,walking_dual_task,P10,12,0.34
2026-04-03T17:25:47.537034,1053.9970825695773,92479,63,-5.322245857499531,5.806256386317844,-1.3039297755234247,7.983680044367023,0.11951884998745843,True,walking_dual_task,P10,12,0.34
2026-04-03T17:25:47.537440,1234.0691883657364,92496,62,-5.465810380130073,5.750304008064733,-1.18894799200572,8.022136662036955,0.038456617669932136,True,walking_dual_task,P10,12,0.34
2026-04-03T17:25:47.595093,1196.034464056788,92496,62,-5.347171845528935,5.485859632425034,-1.3553953516641881,7.7797171678410475,0.24241949419590725,True,walking_dual_task,P10,12,0.34
2026-04-03T17:25:47.595122,1236.5140048019025,92500,63,-5.444922588871917,6.109804393075249,-1.275794320941411,8.282785936494776,0.5030687686537281,True,walking_dual_task,P10,12,0.34
2026-04-03T17:25:47.655426,1179.5366867209957,92500,64,-5.354805255815773,5.982632932060508,-1.2227410986576908,8.121633574708584,0.16115236178619163,True,walking_dual_task,P10,12,0.34
2026-04-03T17:25:47.656845,966.6090151227567,92464,62,-5.555259108570481,6.386583347554685,-1.1342107792515326,8.540245002948598,0.4186114282400144,True,walking_dual_task,P10,12,0.34
2026-04-03T17:25:47.656872,1184.5835156762967,92464,62,-6.038448624880542,7.031253758979231,-1.1829888095415804,9.343492587998446,0.8032475850498475,True,walking_dual_task,P10,12,0.34
2026-04-03T17:25:47.714185,1190.6600728428323,92430,62,-6.086026650567808,6.760323013784392,-1.4945608457168436,9.218210225617245,0.12528236238120094,True,walking_dual_task,P10,12,0.34
2026-04-03T17:25:47.714916,1161.3966954022358,92430,60,-5.855296818191449,7.415679315595777,-2.077849176550164,9.674412526937651,0.4562023013204062,True,walking_dual_task,P10,12,0.34
2026-04-03T17:25:47.715523,1097.4575022750678,92427,62,-6.019734143219058,7.734573532403258,-2.1937730721968753,10.043578404905615,0.36916587796796385,True,walking_dual_task,P10,12,0.34
2026-04-03T17:25:47.715836,1217.6871367295632,92427,64,-5.8143590400657965,7.470982371218536,-2.032169162530191,9.682564750260731,0.3610136546448839,True,walking_dual_task,P10,12,0.34
2026-04-03T17:25:47.835979,1200.8578132051605,92422,62,-5.91062270550823,7.582871530360629,-1.9411653008834941,9.808339519927788,0.12577476966705703,True,walking_dual_task,P10,12,0.34
2026-04-03T17:25:47.896599,1169.8979724651613,92422,61,-5.902423757958805,7.523208004617439,-2.0981168389419804,9.789757870811123,0.01858164911666549,True,walking_dual_task,P10,12,0.34
2026-04-03T17:25:47.900407,1124.4517792277775,92420,61,-5.891815511784755,7.555296407087361,-2.0953502871746417,9.80747096094694,0.017713090135817566,True,walking_dual_task,P10,12,0.34
2026-04-03T17:25:47.900444,1111.651502161035,92420,61,-5.954990521870639,7.418379663021269,-2.1989114299111123,9.763681703993143,0.043789256953797207,True,walking_dual_task,P10,12,0.34
2026-04-03T17:25:47.900457,1126.823399724375,92430,63,-6.117535945200797,7.483473739557601,-2.0071773714517955,9.871949465629378,0.10826776163623464,True,walking_dual_task,P10,12,0.34
2026-04-03T17:25:47.900468,1189.6091899612004,92430,62,-5.834373709831969,7.541261806069672,-2.1615302524189572,9.77664355726371,0.09530590836566688,True,walking_dual_task,P10,12,0.34
2026-04-03T17:25:47.900479,1179.7890991845027,92427,63,-5.749481376431077,7.592651509193352,-2.1531394929912646,9.764266624496821,0.012376932766889226,True,walking_dual_task,P10,12,0.34
2026-04-03T17:25:47.957787,1179.196930106077,92427,63,-5.91728164995587,7.546579157418626,-2.008104843229793,9.797834667185022,0.03356804268820035,True,walking_dual_task,P10,12,0.34
2026-04-03T17:25:47.957839,1135.9400819674959,92418,61,-5.940495889176194,7.602290862189414,-1.9614083934719404,9.845376612838642,0.04754194565362013,True,walking_dual_task,P10,12,0.34
2026-04-03T17:25:47.957856,1163.0562843270843,92418,61,-5.9945903898966675,7.515889973038358,-1.9957888557759884,9.818700992814662,0.026675620023979718,True,walking_dual_task,P10,12,0.34
2026-04-03T17:25:47.959282,1118.3937583543188,92435,62,-5.944392367842231,7.332756616063495,-2.0132006241316094,9.6518442261719,0.16685676664276272,True,walking_dual_task,P10,12,0.34
2026-04-03T17:25:47.959322,1228.9354624341827,92435,62,-4.400944373056935,8.449278475320321,-3.3374202246807454,10.094403988565192,0.44255976239329264,True,walking_dual_task,P10,12,0.34
2026-04-03T17:25:48.015798,1217.1315601295366,92468,61,-4.411328974566203,8.616177722172555,-3.703956613893679,10.364247992957168,0.26984400439197564,True,walking_dual_task,P10,12,0.34
2026-04-03T17:25:48.015838,1144.8191658796459,92468,62,-4.548311255917968,8.837430793787133,-3.468958806346432,10.527155053280806,0.16290706032363822,True,walking_dual_task,P10,12,0.34
2026-04-03T17:25:48.016216,1222.4609865504765,92487,63,-4.970973370023428,7.976088593130359,-3.506845968188503,10.031277791764431,0.4958772615163749,True,walking_dual_task,P10,12,0.34
2026-04-03T17:25:48.076342,1073.162184079682,92487,61,-5.15202097605378,7.852785898137042,-3.970636648862471,10.1968388188187,0.16556102705426845,True,walking_dual_task,P10,12,0.34
2026-04-03T17:25:48.076378,1210.0315596771811,92488,64,-5.027832754969552,8.02373521498931,-3.7110509575624424,10.17011938090352,0.02671943791517961,True,walking_dual_task,P10,12,0.34
2026-04-03T17:25:48.076793,1185.734459699996,92488,61,-4.284081529081764,7.86908153974773,-3.8655113974032655,9.757969931828677,0.4121494490748425,True,walking_dual_task,P10,12,0.34
2026-04-03T17:25:48.135678,1159.9577400557773,92486,62,-4.186266841322401,7.952373688951132,-3.8127838709828334,9.762294720110868,0.004324788282190184,True,walking_dual_task,P10,12,0.34
2026-04-03T17:25:48.135720,1226.1050714069577,92486,60,-3.7794326297098553,7.069761586959573,-3.0732511250288805,8.585482652504515,1.1768120676063525,True,walking_dual_task,P10,12,0.34
2026-04-03T17:25:48.135731,1250.3680074425981,92494,63,-3.6358089382441436,7.254595387248939,-3.413284642791942,8.803338737139956,0.21785608463544115,True,walking_dual_task,P10,12,0.34
2026-04-03T17:25:48.194750,1218.8843897184406,92494,62,-3.6419471581641782,7.605497253351614,-3.2410171309699303,9.033911645397005,0.23057290825704868,True,walking_dual_task,P10,12,0.34
2026-04-03T17:25:48.195184,1129.8096693112966,92471,61,-3.6149878331857175,7.8090664231314735,-3.1366155513681195,9.159039936152942,0.1251282907559368,True,walking_dual_task,P10,12,0.34
2026-04-03T17:25:48.195674,1201.1490410841086,92471,64,-4.111667019598712,8.248948482213173,-2.7584723364128982,9.620817344332965,0.4617774081800228,True,walking_dual_task,P10,12,0.34
2026-04-03T17:25:48.260644,1219.7847108722651,92427,63,-3.9319040948310713,8.525440577348952,-2.556745229932985,9.730362430025021,0.10954508569205679,True,walking_dual_task,P10,12,0.34
2026-04-03T17:25:48.261138,1262.7865976174837,92427,62,-4.251043460393009,8.012505311328741,-2.244824937738384,9.344027550650393,0.38633487937462796,True,walking_dual_task,P10,12,0.34
2026-04-03T17:25:48.261506,1157.0646689851735,92409,63,-3.772088071445717,8.020400985271976,-2.0781507668364503,9.10352629440909,0.2405012562413038,True,walking_dual_task,P10,12,0.34
2026-04-03T17:25:48.337083,1119.5702422164866,92409,63,-3.776618097482184,8.040268390722659,-2.2748166222842183,9.169708322193486,0.06618202778439652,True,walking_dual_task,P10,12,0.34
2026-04-03T17:25:48.337132,1157.2077163190424,92420,60,-3.5519114807328838,8.143173099156856,-1.8775275906867102,9.080333316766724,0.08937500542676169,True,walking_dual_task,P10,12,0.34
2026-04-03T17:25:48.337145,1246.2029503886497,92420,62,-3.5326185606929457,7.974853816353023,-1.9466433625967656,8.936839915131898,0.14349340163482616,True,walking_dual_task,P10,12,0.34
2026-04-03T17:25:48.378198,1145.558043664636,92438,64,-3.4119518757865577,8.435274616281726,-1.9796007019988913,9.312040184305733,0.37520026917383476,True,walking_dual_task,P10,12,0.34
2026-04-03T17:25:48.378310,1122.0965027881728,92438,61,-3.218656229873099,8.291149034948472,-1.8783298935681816,9.090160803577666,0.22187938072806723,True,walking_dual_task,P10,12,0.34
2026-04-03T17:25:48.378407,1197.3729928164569,92473,63,-3.4247418607028135,9.080366825309316,-1.975451596782551,9.90375320299627,0.8135923994186047,True,walking_dual_task,P10,12,0.34
2026-04-03T17:25:48.439349,1201.7799412880324,92473,63,-3.8492873171045767,9.802992088651138,-1.790979178358378,10.682849486775154,0.779096283778884,True,walking_dual_task,P10,12,0.34
2026-04-03T17:25:48.439382,1256.547657725703,92486,62,-3.8780653295871095,9.833173536518178,-1.497243915958045,10.675787176770637,0.0070623100045175136,True,walking_dual_task,P10,12,0.34
2026-04-03T17:25:48.439390,1086.7059376869213,92486,62,-5.299141017543685,10.54767522468873,-1.4180333518082522,11.888867345385217,1.2130801686145798,True,walking_dual_task,P10,12,0.34
2026-04-03T17:25:48.555098,1179.0898172562383,92476,61,-5.260852650502365,10.616132324647205,-1.4968053739172744,11.94233069681562,0.053463351430403705,True,walking_dual_task,P10,12,0.34
2026-04-03T17:25:48.555154,1309.5492141695947,92476,62,-5.321728397922816,10.984539351094854,-1.4992509732948318,12.297505900707469,0.3551752038918483,True,walking_dual_task,P10,12,0.34
2026-04-03T17:25:48.556299,1215.4033505296372,92472,62,-4.335041169976276,9.355006312733616,-1.4387180427265858,10.410505975366524,1.8869999253409446,True,walking_dual_task,P10,12,0.34
2026-04-03T17:25:48.557173,1058.5356276700318,92472,62,-4.487989702834434,9.412431885643377,-1.106471776996482,10.486191175441816,0.07568520007529145,True,walking_dual_task,P10,12,0.34
2026-04-03T17:25:48.557470,1280.7306428289514,92480,63,-4.107489278600205,8.569463720673996,-1.0480763875493417,9.560629725488898,0.9255614499529177,True,walking_dual_task,P10,12,0.34
2026-04-03T17:25:48.614145,1171.9492743331973,92480,62,-3.9250168908844616,8.647957609523976,-1.0014811639961099,9.54965407392807,0.010975651560828581,True,walking_dual_task,P10,12,0.34
2026-04-03T17:25:48.614488,1098.706405430427,92498,62,-4.148702825856979,8.964545910934099,-1.1963170787742343,9.950175530084174,0.40052145615610435,True,walking_dual_task,P10,12,0.34
2026-04-03T17:25:48.615576,1213.5350541544378,92498,63,-4.456378903077512,8.744018199253306,-1.141120592144802,9.880249156903092,0.0699263731810813,True,walking_dual_task,P10,12,0.34
2026-04-03T17:25:48.675771,1177.7850734546535,92512,63,-4.93429335244992,8.925224492788878,-1.3019259227401907,10.281142652595229,0.40089349569213617,True,walking_dual_task,P10,12,0.34
2026-04-03T17:25:48.676429,1270.4599355828218,92512,61,-5.346012140927948,8.856957315465436,-1.5329109027006698,10.458267281655424,0.1771246290601951,True,walking_dual_task,P10,12,0.34
2026-04-03T17:25:48.676521,1147.7800878323076,92523,63,-5.288505464695628,8.868851295716395,-1.308637713565107,10.408522758826576,0.04974452282884734,True,walking_dual_task,P10,12,0.34
2026-04-03T17:25:48.736087,1171.2470318114313,92523,62,-5.041757845782892,8.878415632638974,-1.8416816433776553,10.37484349746808,0.03367926135849686,True,walking_dual_task,P10,12,0.34
2026-04-03T17:25:48.738288,1213.1931206576492,92517,62,-4.892749036737885,8.957630540302828,-1.841884068707901,10.371628365672644,0.003215131795435866,True,walking_dual_task,P10,12,0.34
2026-04-03T17:25:48.738320,1145.5068709939899,92517,63,-5.08625824877847,8.99005468195187,-1.8612983774774732,10.495500836441872,0.12387247076922847,True,walking_dual_task,P10,12,0.34
2026-04-03T17:25:48.738333,1210.9939035397065,92505,60,-5.020196792210882,8.925920770175868,-1.8644537721167174,10.409160643219108,0.08634019322276387,True,walking_dual_task,P10,12,0.34
2026-04-03T17:25:48.856585,1127.6452571537548,92505,61,-4.886478502912751,8.974944967296297,-1.8273399542220048,10.381063559853665,0.028097083365443254,True,walking_dual_task,P10,12,0.34
2026-04-03T17:25:48.860554,1291.8025657399926,92445,62,-4.934599199945188,9.050257045627724,-1.8931007977714545,10.48051775851541,0.09945419866174454,True,walking_dual_task,P10,12,0.34
2026-04-03T17:25:48.860590,1202.8880538456565,92445,62,-5.006898413334525,8.937820469562029,-1.8816960604534914,10.416066749570106,0.0644510089453032,True,walking_dual_task,P10,12,0.34
2026-04-03T17:25:48.860602,1196.872122233521,92423,61,-5.022543767589228,8.794514957538581,-1.8596418743725038,10.296975630574199,0.11909111899590741,True,walking_dual_task,P10,12,0.34
2026-04-03T17:25:48.860611,1346.8570612609117,92423,61,-5.2003191394273465,9.023294156147845,-1.8117152937150578,10.570972939410415,0.27399730883621665,True,walking_dual_task,P10,12,0.34
2026-04-03T17:25:48.860620,1108.2777826815593,92449,60,-4.801143521786082,8.83821507636276,-1.9273801124325625,10.241084852232941,0.32988808717747453,True,walking_dual_task,P10,12,0.34
2026-04-03T17:25:48.919463,1161.443855741781,92449,61,-4.890093831493594,8.887030845973038,-1.9069183561290073,10.321272816616647,0.08018796438370579,True,walking_dual_task,P10,12,0.34
2026-04-03T17:25:48.919508,1248.7430645404006,92455,61,-4.984897233433269,8.82208542103121,-1.9747482599457093,10.323663220679988,0.0023904040633411228,True,walking_dual_task,P10,12,0.34
2026-04-03T17:25:48.919521,1214.412753089399,92455,61,-5.004259988237,8.742338918521957,-1.9827221343909722,10.26656197849978,0.057101242180207734,True,walking_dual_task,P10,12,0.34
2026-04-03T17:25:48.976778,1173.523358134531,92468,60,-4.939763034363882,8.899028158256833,-1.9193067502354049,10.35749484183386,0.09093286333408024,True,walking_dual_task,P10,12,0.34
2026-04-03T17:25:48.976826,1155.039848928309,92468,60,-2.743150112497928,8.26067188626983,-3.7479720684539997,9.476859563073491,0.8806352787603693,True,walking_dual_task,P10,12,0.34
2026-04-03T17:25:48.976839,1120.5254460199312,92480,62,-2.774258086536235,8.174351984261426,-3.7104336298840224,9.395948915095522,0.08091064797796932,True,walking_dual_task,P10,12,0.34
2026-04-03T17:25:49.036294,1150.4463605356323,92480,60,-2.639423465862524,8.24259146114154,-3.7394551050267695,9.428170273703161,0.032221358607639417,True,walking_dual_task,P10,12,0.34
2026-04-03T17:25:49.036356,1174.5485789305792,92488,61,-2.4258878332233134,8.187153499030599,-4.1401720674330145,9.489754419584441,0.06158414588128025,True,walking_dual_task,P10,12,0.34
2026-04-03T17:25:49.036370,1262.1086002212426,92488,61,-2.357211114988437,8.074650052656818,-4.328832776069552,9.4601908499073,0.029563569677140578,True,walking_dual_task,P10,12,0.34
2026-04-03T17:25:49.094620,1063.1464139765428,92496,59,-2.233883608313271,8.244994472118215,-4.349372562422857,9.585781736901138,0.12559088699383736,True,walking_dual_task,P10,12,0.34
2026-04-03T17:25:49.095000,1180.5856906118847,92496,60,-2.465347953261859,7.940649199160512,-4.188353049627377,9.309895354036149,0.27588638286498934,True,walking_dual_task,P10,12,0.34
2026-04-03T17:25:49.095721,1123.3776889914648,92517,61,-2.266969011738276,7.904424045659545,-4.169801713781881,9.219886893343146,0.09000846069300295,True,walking_dual_task,P10,12,0.34
2026-04-03T17:25:49.156092,1179.6897296778993,92517,62,-2.2443797692221232,7.913094414040251,-4.310140311132806,9.286097848701607,0.06621095535846067,True,walking_dual_task,P10,12,0.34
2026-04-03T17:25:49.156845,1207.8876973306094,92540,59,-2.2385252604099337,7.819172765126268,-4.781836101353819,9.434851062555063,0.14875321385345686,True,walking_dual_task,P10,12,0.34
2026-04-03T17:25:49.156876,1158.9906451945646,92540,62,-2.256462335025074,7.877773259802503,-4.829393663915791,9.51178095644113,0.07692989388606719,True,walking_dual_task,P10,12,0.34
2026-04-03T17:25:49.223928,1201.7239931578642,92567,61,-2.2547755754570673,7.8480035163370685,-4.863750149723609,9.504274701788304,0.007506254652826172,True,walking_dual_task,P10,12,0.34
2026-04-03T17:25:49.226443,1110.5118076816266,92567,58,-1.9711037660975637,7.811424679910852,-4.793972014329204,9.374741237005743,0.12953346478256123,True,walking_dual_task,P10,12,0.34
2026-04-03T17:25:49.228173,1202.932092421256,92586,60,-2.2119152987105797,7.783895336416165,-4.765650620471188,9.391113977231278,0.0163727402255347,True,walking_dual_task,P10,12,0.34
2026-04-03T17:25:49.304673,1150.5023345962438,92586,62,-1.940302369655739,8.116897318200655,-4.881558628708735,9.668423346411004,0.2773093691797257,True,walking_dual_task,P10,12,0.34
2026-04-03T17:25:49.304719,1106.9073041334425,92597,61,-2.2689918645319724,8.338719373320655,-4.948123468416059,9.958237330320827,0.2898139839098235,True,walking_dual_task,P10,12,0.34
2026-04-03T17:25:49.304728,1188.4201540894576,92597,64,-2.1262204242858322,8.344643841262885,-4.777717801451052,9.847866851276935,0.11037047904389219,True,walking_dual_task,P10,12,0.34
2026-04-03T17:25:49.339421,1124.511603273,92622,62,-2.300703832086587,7.973793703639163,-4.939684748103702,9.657903994233004,0.18996285704393046,True,walking_dual_task,P10,12,0.34
2026-04-03T17:25:49.395295,1237.00048174569,92622,62,-2.001772037928779,7.941975649505361,-4.889738864861584,9.53895249362882,0.1189515006041848,True,walking_dual_task,P10,12,0.34
2026-04-03T17:25:49.395338,1243.9513701986582,92613,59,-1.9395193508161903,8.165418100748155,-4.681671518115165,9.610090336502921,0.07113784287410141,True,walking_dual_task,P10,12,0.34
2026-04-03T17:25:49.396731,1252.7176297666317,92613,62,-2.1221641297384277,8.197354671537385,-4.593281122730368,9.633194468967986,0.02310413246506471,True,walking_dual_task,P10,12,0.34
2026-04-03T17:25:49.396764,1194.805737908485,92559,62,-2.1323578739536884,8.218757318628304,-4.494358058774728,9.60698580854536,0.026208660422625485,True,walking_dual_task,P10,12,0.34
2026-04-03T17:25:49.398207,1242.7289391067484,92559,60,-2.067504819241385,8.189781976240113,-4.437132259699659,9.541239316042816,0.06574649250254438,True,walking_dual_task,P10,12,0.34
2026-04-03T17:25:49.454854,1215.8560634458026,92546,61,-2.1284331817930773,8.152942925119511,-4.455753053786143,9.5317596185562,0.0094796974866167,True,walking_dual_task,P10,12,0.34
2026-04-03T17:25:49.454898,1178.7843856429095,92546,61,-1.8500290619533417,8.105347728111191,-4.318380662918383,9.368440685276106,0.1633189332800935,True,walking_dual_task,P10,12,0.34
2026-04-03T17:25:49.576208,1218.1523466861363,92558,61,-1.6308729542790286,8.36603786707102,-4.5217172249081115,9.648640466319373,0.28019978104326704,True,walking_dual_task,P10,12,0.34
2026-04-03T17:25:49.576272,1050.9336845564303,92558,60,-1.784489429883514,8.116589541721362,-4.55787502950171,9.478272685394833,0.17036778092453986,True,walking_dual_task,P10,12,0.34
2026-04-03T17:25:49.653731,1202.6132909965472,92579,61,-1.8211517645620126,8.360630348402205,-4.430166490174876,9.635512892568807,0.1572402071739738,True,walking_dual_task,P10,12,0.34
2026-04-03T17:25:49.655276,1156.0062672637564,92579,62,-1.700262772279257,8.291377639281794,-4.627864893846146,9.646500408317749,0.0109875157489423,True,walking_dual_task,P10,12,0.34
2026-04-03T17:25:49.655839,1173.229944584577,92602,61,-1.458259540170189,8.27941175473348,-4.574885086585317,9.57103721894221,0.07546318937553842,True,walking_dual_task,P10,12,0.34
2026-04-03T17:25:49.655863,1194.0008260486086,92602,61,-1.5007818686318115,8.326107459114235,-4.813378272738997,9.73370546269033,0.1626682437481186,True,walking_dual_task,P10,12,0.34
2026-04-03T17:25:49.656234,1227.0671547717395,92625,63,-1.3915664844462312,8.220996053278647,-4.7184988506942664,9.580473098582358,0.15323236410797136,True,walking_dual_task,P10,12,0.34
2026-04-03T17:25:49.704278,1297.435305045906,92625,61,-1.4576375849561678,8.39069043593035,-4.914730152083159,9.832749655538132,0.2522765569557741,True,walking_dual_task,P10,12,0.34
2026-04-03T17:25:49.704315,1178.4554286466462,92634,62,-1.4214067015122323,8.330071814044063,-5.192462092581829,9.91827384281834,0.08552418728020861,True,walking_dual_task,P10,12,0.34
2026-04-03T17:25:49.704598,1100.473648093605,92634,61,-1.40867154654476,8.316614811588515,-5.190822086596084,9.904295602670187,0.013978240148153631,True,walking_dual_task,P10,12,0.34
2026-04-03T17:25:49.705096,1179.8648940695432,92649,61,-1.5434638594058336,8.425902290055978,-5.172734238515984,10.00676219309613,0.10246659042594253,True,walking_dual_task,P10,12,0.34
2026-04-03T17:25:49.705111,1143.6680786362115,92649,61,-1.424969701555839,8.38731918815221,-5.310731742751417,10.029034522712838,0.02227232961670822,True,walking_dual_task,P10,12,0.34
2026-04-03T17:25:49.705260,1135.2858402188344,92662,62,-1.2925742067748163,8.15883058750043,-5.444364313414155,9.893349655841027,0.13568486687181114,True,walking_dual_task,P10,12,0.34
