timestamp,gsr_filtered,ppg_ir,hr_bpm_avg,imu_ax_mps2,imu_ay_mps2,imu_az_mps2,svm,jerk,hr_valid_flag,label,patient_id,day,progression
2026-04-03T01:32:07.485749,1468.8017372558256,83628,66,-8.982852931930367,-1.2552901441625208,5.942381339991494,10.843398735295159,,True,walking_dual_task,P08,16,0.089
2026-04-03T01:32:07.530531,1400.051432835454,83628,66,-9.211508293932237,-1.1620749948255347,6.102727510357411,11.110606932497177,0.2672081972020184,True,walking_dual_task,P08,16,0.089
2026-04-03T01:32:07.531214,1446.497175818993,83595,66,-9.253039509915498,-1.230663053227824,6.20106696422422,11.206538413686461,0.09593148118928418,True,walking_dual_task,P08,16,0.089
2026-04-03T01:32:07.560693,1478.3802693727541,83595,69,-10.018265106718996,-1.1773814781000485,6.140901621149915,11.809425710597365,0.6028872969109038,True,walking_dual_task,P08,16,0.089
2026-04-03T01:32:07.561238,1393.6326864204168,83566,68,-9.841257775461902,-1.1849695018204383,6.055270031313024,11.615541419815589,0.19388429078177616,True,walking_dual_task,P08,16,0.089
2026-04-03T01:32:07.575280,1435.7696809426313,83566,67,-9.844999835016003,-1.2018632423968807,6.241679261545618,11.718662765388315,0.10312134557272579,True,walking_dual_task,P08,16,0.089
2026-04-03T01:32:07.620415,1387.9985119540015,83567,65,-9.777812062232915,-1.1952096492939814,6.09412034638656,11.583282679204354,0.1353800861839609,True,walking_dual_task,P08,16,0.089
2026-04-03T01:32:07.620947,1417.9327219988004,83567,67,-9.903810378945517,-1.0939312692968597,6.116060057956662,11.69137871581394,0.10809603660958622,True,walking_dual_task,P08,16,0.089
2026-04-03T01:32:07.665432,1417.71054075123,83661,67,-9.915648057150266,-1.219964194502767,6.2130692214603185,11.764804213406789,0.073425497592849,True,walking_dual_task,P08,16,0.089
2026-04-03T01:32:07.666140,1434.998386982374,83661,64,-9.845871290994783,-1.1035009666600712,6.073640889039552,11.621015855391823,0.14378835801496592,True,walking_dual_task,P08,16,0.089
2026-04-03T01:32:07.680247,1342.9485243243273,83781,66,-9.83278069041211,-1.1848360323341802,6.183461063756741,11.675727097541047,0.054711242149224404,True,walking_dual_task,P08,16,0.089
2026-04-03T01:32:07.725545,1401.831710971456,83781,66,-9.908644602138368,-1.0527872229949229,6.204525407229862,11.738216828690295,0.06248973114924716,True,walking_dual_task,P08,16,0.089
2026-04-03T01:32:07.726134,1368.7180480067088,83718,65,-9.869496326083834,-1.1642404888217712,6.080033332453187,11.65028836424816,0.08792846444213431,True,walking_dual_task,P08,16,0.089
2026-04-03T01:32:07.770280,1382.123282843922,83718,67,-9.881984510235222,-1.2362612200346057,6.164523460798749,11.712527872471789,0.06223950822362845,True,walking_dual_task,P08,16,0.089
2026-04-03T01:32:07.770997,1356.5604715322515,83699,65,-9.828876961318713,-1.0233276153335245,6.152352211566818,11.640681228528557,0.07184664394323192,True,walking_dual_task,P08,16,0.089
2026-04-03T01:32:07.785267,1412.4363819164796,83699,68,-9.808040375315175,-1.1590338384941017,6.152095946801374,11.635690782297237,0.004990446231319723,True,walking_dual_task,P08,16,0.089
2026-04-03T01:32:07.830354,1377.8616373240968,83721,65,-7.3947586286980656,-1.4958625717248926,5.002091535449314,9.052125702795204,2.5835650795020335,True,walking_dual_task,P08,16,0.089
2026-04-03T01:32:07.831218,1362.55891731156,83721,67,-7.318762600660767,-1.4774050805698304,5.315554138496045,9.16526745797452,0.11314175517931702,True,walking_dual_task,P08,16,0.089
2026-04-03T01:32:07.875324,1424.820733392156,83794,66,-7.342743182940996,-1.2149747602630268,5.102021599132712,9.023450865202259,0.14181659277226188,True,walking_dual_task,P08,16,0.089
2026-04-03T01:32:07.875799,1471.5524281429643,83794,64,-7.246381454805383,-1.1082096179197527,5.188797226916774,8.981190868022816,0.04225999717944262,True,walking_dual_task,P08,16,0.089
2026-04-03T01:32:07.876668,1445.4810537838641,83872,67,-7.395102006257221,-1.0875060191274135,5.375863301567024,9.207068440156347,0.22587757213353044,True,walking_dual_task,P08,16,0.089
2026-04-03T01:32:07.935758,1450.8519732291272,83872,66,-7.414085852947869,-1.0362001773212102,5.247575533446086,9.142178559926743,0.06488988022960385,True,walking_dual_task,P08,16,0.089
2026-04-03T01:32:07.936049,1454.6096455799025,83914,68,-7.762344973565361,-0.9632730223029111,5.464035594720438,9.541361505807435,0.3991829458806926,True,walking_dual_task,P08,16,0.089
2026-04-03T01:32:07.936692,1428.8170352195575,83914,66,-8.09113747484246,-1.1067963243967383,5.460996560863428,9.82415325502714,0.2827917492197045,True,walking_dual_task,P08,16,0.089
2026-04-03T01:32:07.965317,1450.9930675092337,83923,67,-7.9757619940728555,-1.0128164124708636,5.426349272675561,9.699682618546545,0.12447063648059498,True,walking_dual_task,P08,16,0.089
2026-04-03T01:32:07.980243,1434.7726152635273,83923,66,-8.749143015773704,-1.3186721719649472,5.674023075319401,10.510991278981901,0.8113086604353565,True,walking_dual_task,P08,16,0.089
2026-04-03T01:32:07.995081,1434.7579427437188,83934,66,-8.831304305392232,-1.2007498528546283,5.705800276479549,10.582527710270542,0.0715364312886404,True,walking_dual_task,P08,16,0.089
2026-04-03T01:32:08.040915,1344.2780612056495,83934,65,-8.7664993592808,-1.2128232447633398,5.5273787032397745,10.434288024026246,0.1482396862442954,True,walking_dual_task,P08,16,0.089
2026-04-03T01:32:08.041107,1391.459021411236,83794,66,-10.048512717744046,-1.4737179470220683,5.697907163910228,11.645196369086193,1.2109083450599467,True,walking_dual_task,P08,16,0.089
2026-04-03T01:32:08.085690,1382.3312954873097,83794,67,-10.719467365755996,-1.451679307352849,5.95543889396557,12.348344254865188,0.7031478857789946,True,walking_dual_task,P08,16,0.089
2026-04-03T01:32:08.085950,1400.3405903788403,83559,67,-10.911199034407566,-1.5513531573785357,5.819306868943864,12.462956849090917,0.11461259422572923,True,walking_dual_task,P08,16,0.089
2026-04-03T01:32:08.100736,1381.7527352783677,83559,67,-11.016261223468028,-1.196718998164571,5.8119688064193245,12.512758653112613,0.04980180402169587,True,walking_dual_task,P08,16,0.089
2026-04-03T01:32:08.145499,1418.1756709088354,83518,66,-11.077058906501797,-1.3523748537658493,5.743299486501138,12.550523525130465,0.037764872017852724,True,walking_dual_task,P08,16,0.089
2026-04-03T01:32:08.146063,1456.708312159479,83518,67,-10.439580630530918,-1.0251546991850475,5.253623596933298,11.731851805954244,0.818671719176221,True,walking_dual_task,P08,16,0.089
2026-04-03T01:32:08.175668,1529.2094528671664,83582,67,-9.756907076495574,-0.6393641406918061,4.620602784509645,10.814619378230113,0.9172324277241319,True,walking_dual_task,P08,16,0.089
2026-04-03T01:32:08.190632,1508.3483644470139,83582,67,-9.672366830124739,-0.5948899046377943,4.62215707123141,10.7365222528653,0.07809712536481328,True,walking_dual_task,P08,16,0.089
2026-04-03T01:32:08.235865,1393.3882551777663,83660,66,-9.725886800507741,-0.25879020297216543,4.264289072863996,10.622806019239565,0.11371623362573402,True,walking_dual_task,P08,16,0.089
2026-04-03T01:32:08.236131,1392.589622345369,83660,67,-9.705174705281257,-0.2542667194521831,4.376892461100882,10.649519014523325,0.026712995283759255,True,walking_dual_task,P08,16,0.089
2026-04-03T01:32:08.280660,1400.0868771784967,83691,66,-9.224400720939853,-0.1802158610853639,3.9590518723408374,10.03972799158164,0.6097910229416836,True,walking_dual_task,P08,16,0.089
2026-04-03T01:32:08.281041,1456.3477505246701,83691,67,-9.206188608929093,-0.0573679461582841,3.857913844602593,9.982018784634628,0.057709206947013314,True,walking_dual_task,P08,16,0.089
2026-04-03T01:32:08.281611,1385.8407155212217,83749,67,-8.094148742320957,0.08041060720183,3.2817651732540467,8.734511570829229,1.2475072138053989,True,walking_dual_task,P08,16,0.089
2026-04-03T01:32:08.340677,1446.1429082321786,83749,68,-7.285211725694237,0.3099283250987833,2.930996874713693,7.858823584638655,0.8756879861905738,True,walking_dual_task,P08,16,0.089
2026-04-03T01:32:08.341017,1424.1463013828868,83819,66,-7.226798270384644,0.18243209216176667,2.866549432002938,7.776695979347616,0.08212760529103935,True,walking_dual_task,P08,16,0.089
2026-04-03T01:32:08.341909,1401.8044365603316,83819,66,-7.083840909058034,0.29267645426654265,2.849591573282859,7.641114687416415,0.13558129193120028,True,walking_dual_task,P08,16,0.089
2026-04-03T01:32:08.385569,1390.3927457139916,83838,66,-6.911563651477656,0.18492095381411816,2.8963103482191435,7.496167120654927,0.14494756676148857,True,walking_dual_task,P08,16,0.089
2026-04-03T01:32:08.385829,1410.076417361507,83838,66,-6.888967850742347,0.025212301700565154,3.147901338850681,7.574153190149812,0.07798606949488551,True,walking_dual_task,P08,16,0.089
2026-04-03T01:32:08.400164,1430.742071886385,83837,66,-7.058909458939058,0.10706954273462244,2.9861691345127577,7.6653031731561265,0.09114998300631427,True,walking_dual_task,P08,16,0.089
2026-04-03T01:32:08.445434,1454.4930136263536,83837,66,-7.224238945837365,-0.41212341572047095,3.384116303248614,7.988223658001291,0.3229204848451648,True,walking_dual_task,P08,16,0.089
2026-04-03T01:32:08.446016,1359.1377182584145,83843,66,-7.394431506260595,-0.4561553269052382,3.7098394382411426,8.28544528921486,0.29722163121356804,True,walking_dual_task,P08,16,0.089
2026-04-03T01:32:08.490636,1382.1836473550438,83843,68,-7.37407089945798,-0.6049349148955002,3.6713175420639277,8.259627132998133,0.025818156216725896,True,walking_dual_task,P08,16,0.089
2026-04-03T01:32:08.505642,1332.1490465424506,83877,67,-7.628958086705684,-0.2295014640619531,3.670134346002983,8.46897623850896,0.2093491055108263,True,walking_dual_task,P08,16,0.089
2026-04-03T01:32:08.520408,1404.1344839046508,83877,66,-7.540483038318995,-0.24759876018928023,3.713407132775859,8.40889898446725,0.06007725404171005,True,walking_dual_task,P08,16,0.089
2026-04-03T01:32:08.535472,1381.0540549824605,83923,66,-7.84736681917543,-0.041863834664409516,3.4324251000487784,8.565305636274351,0.15640665180710123,True,walking_dual_task,P08,16,0.089
2026-04-03T01:32:08.550390,1444.6572817920194,83923,65,-8.181654359862028,0.19673084179100903,3.175573558205635,8.77852143085246,0.2132157945781099,True,walking_dual_task,P08,16,0.089
2026-04-03T01:32:08.565436,1436.229905721368,83938,65,-8.154060562249914,0.05587441896914315,3.1646780279521893,8.746828718120522,0.031692712731938855,True,walking_dual_task,P08,16,0.089
2026-04-03T01:32:08.580687,1396.275073439237,83938,66,-8.244792524844021,0.0029460171602014584,3.3347847742223684,8.893672017065072,0.14684329894454962,True,walking_dual_task,P08,16,0.089
2026-04-03T01:32:08.595442,1434.7147111821157,83968,66,-8.245579874249703,0.13707170266307098,3.2135923340498147,8.850737359325857,0.0429346577392149,True,walking_dual_task,P08,16,0.089
2026-04-03T01:32:08.655448,1412.6219433915658,83968,64,-8.384752961186093,0.1274478490439462,3.298990618826264,9.011307578672952,0.16057021934709503,True,walking_dual_task,P08,16,0.089
2026-04-03T01:32:08.656068,1463.3217013152043,84081,67,-8.318093566925477,0.19522139109990447,3.2956121526854742,8.949293348672741,0.062014230000210446,True,walking_dual_task,P08,16,0.089
2026-04-03T01:32:08.657201,1397.6516977079937,84081,68,-8.366487509141601,0.20731291465656587,3.226651051652756,8.969524451961634,0.020231103288892882,True,walking_dual_task,P08,16,0.089
2026-04-03T01:32:08.685468,1373.1811549312001,84157,67,-8.25825044454378,0.11269094469824492,3.2037029006904736,8.858617946932641,0.1109065050289928,True,walking_dual_task,P08,16,0.089
2026-04-03T01:32:08.700357,1402.652333870903,84157,65,-8.314349527617281,0.21103882115879347,3.235210500259876,8.924098410058999,0.06548046312635769,True,walking_dual_task,P08,16,0.089
2026-04-03T01:32:08.730323,1433.1956385079222,84054,66,-8.347616194984056,0.07447450770174308,3.2299358781092224,8.9510182866395,0.0269198765805001,True,walking_dual_task,P08,16,0.089
2026-04-03T01:32:08.745422,1441.8411624460205,84054,66,-8.263232812373301,0.17670207605884494,3.129728566367128,8.837841423916856,0.11317686272264282,True,walking_dual_task,P08,16,0.089
2026-04-03T01:32:08.760633,1363.4567871428658,84013,65,-8.340353136673444,0.09916309677252247,3.2553991187915154,8.953711363831685,0.11586993991482863,True,walking_dual_task,P08,16,0.089
2026-04-03T01:32:08.775531,1444.8597853341348,84013,65,-8.219496408734486,0.0513909892271511,3.1600340199974384,8.806167001284612,0.14754436254707315,True,walking_dual_task,P08,16,0.089
2026-04-03T01:32:08.835729,1436.989777747401,83930,66,-10.623727057277577,0.4529955157173603,3.3662573786497796,11.15349587636566,2.3473288750810486,True,walking_dual_task,P08,16,0.089
2026-04-03T01:32:08.836057,1409.876053792722,83930,65,-10.376024538837903,0.3850044412250606,3.414485969641094,10.93017969144173,0.2233161849239309,True,walking_dual_task,P08,16,0.089
2026-04-03T01:32:08.836509,1406.2487218563942,83904,67,-10.458545686909389,0.01930556125145371,3.324406254883665,10.974207376269863,0.04402768482813357,True,walking_dual_task,P08,16,0.089
2026-04-03T01:32:08.895828,1364.859915358146,83904,65,-10.38869408911756,-0.054020431456695675,3.3725165752256223,10.922534098571287,0.051673277698576214,True,walking_dual_task,P08,16,0.089
2026-04-03T01:32:08.896046,1373.8693922997372,83881,67,-10.493514803219806,-0.1493610782815811,3.3201884162285435,11.00726182010571,0.08472772153442243,True,walking_dual_task,P08,16,0.089
2026-04-03T01:32:08.896465,1323.0605944927627,83881,65,-10.064162795758028,-0.350347398786457,3.374441098912063,10.620591735368766,0.3866700847369433,True,walking_dual_task,P08,16,0.089
2026-04-03T01:32:08.955654,1521.29426226981,83881,66,-10.010821348741292,-0.3962612792760596,3.3833926995472714,10.574540805028732,0.0460509303400336,True,walking_dual_task,P08,16,0.089
2026-04-03T01:32:08.956373,1501.347927711693,83881,66,-9.723559502638256,-0.4262488381890944,3.200180226098009,10.24550881864405,0.3290319863846829,True,walking_dual_task,P08,16,0.089
2026-04-03T01:32:08.956704,1490.6311375716828,83926,66,-9.73187392371432,-0.6830998151848502,2.9380741334396334,10.188634601268385,0.05687421737566467,True,walking_dual_task,P08,16,0.089
2026-04-03T01:32:09.015395,1392.0155807105205,83926,66,-9.74501699382307,-0.7138820564696331,2.9726663534385254,10.213311365532494,0.024676764264109252,True,walking_dual_task,P08,16,0.089
2026-04-03T01:32:09.015976,1389.704814763447,83946,67,-9.585475602510044,-0.2802375939791796,2.636677890188844,9.94544850331071,0.2678628622217847,True,walking_dual_task,P08,16,0.089
2026-04-03T01:32:09.016589,1442.723266988362,83946,66,-9.530138129678033,-0.29871179833400247,2.7645513609103394,9.92751256540722,0.017935937903489574,True,walking_dual_task,P08,16,0.089
2026-04-03T01:32:09.075678,1487.4066734243697,83906,67,-9.246283980371787,0.18102090993293132,2.5089648305717662,9.582350470346976,0.3451620950602443,True,walking_dual_task,P08,16,0.089
2026-04-03T01:32:09.075952,1426.4776765084066,83906,65,-8.547004026039591,0.38626086656422265,2.467307492126864,8.904385522812973,0.6779649475340026,True,walking_dual_task,P08,16,0.089
2026-04-03T01:32:09.076706,1455.5575591040424,83880,64,-8.537636400328568,0.41929634366024104,2.5065570190428748,8.907854557509081,0.003469034696108153,True,walking_dual_task,P08,16,0.089
2026-04-03T01:32:09.135317,1420.8194598483046,83880,67,-7.829618708242728,0.12506114971077267,3.001436742693316,8.386130927192884,0.5217236303161972,True,walking_dual_task,P08,16,0.089
2026-04-03T01:32:09.135823,1429.885235181256,83897,68,-7.973845918268906,0.18606732733208314,3.020486112317782,8.528785149908444,0.14265422271556005,True,walking_dual_task,P08,16,0.089
2026-04-03T01:32:09.136406,1452.052601787665,83897,67,-7.963475411323556,0.3160572938514522,3.776748703895207,8.81933464679313,0.2905494968846867,True,walking_dual_task,P08,16,0.089
2026-04-03T01:32:09.195648,1373.742381620999,83931,66,-8.02911342878525,0.4010351190438982,3.7347109187017065,8.864285490961802,0.04495084416867101,True,walking_dual_task,P08,16,0.089
2026-04-03T01:32:09.196099,1473.0347674483949,83931,67,-9.242492358420707,0.5765287745740029,4.510598741320269,10.300560733696829,1.436275242735027,True,walking_dual_task,P08,16,0.089
2026-04-03T01:32:09.255661,1388.8046975948114,83931,67,-10.673860398506692,0.0033298254429391452,5.122393733907988,11.839350677284914,1.5387899435880854,True,walking_dual_task,P08,16,0.089
2026-04-03T01:32:09.256330,1492.2785765403105,83931,67,-10.739079918962599,-0.04051335650637978,5.072155214522739,11.876709870925168,0.03735919364025442,True,walking_dual_task,P08,16,0.089
2026-04-03T01:32:09.256775,1567.5333775001968,83876,68,-11.699874517714335,-0.841861191406492,5.093203516153711,12.788139663485778,0.9114297925606092,True,walking_dual_task,P08,16,0.089
2026-04-03T01:32:09.315711,1495.7952102284603,83876,66,-11.858649042702917,-0.7183236771051558,5.145131283555922,12.94665678652657,0.15851712304079157,True,walking_dual_task,P08,16,0.089
2026-04-03T01:32:09.315981,1394.295758716162,83801,64,-12.41131247366495,-1.2007995404965892,4.754058440303217,13.34479930569307,0.3981425191665,True,walking_dual_task,P08,16,0.089
2026-04-03T01:32:09.316751,1538.0102847392852,83801,64,-12.174876462677176,-1.369727514562796,4.106006467779182,12.921418631831628,0.4233806738614412,True,walking_dual_task,P08,16,0.089
2026-04-03T01:32:09.375831,1490.8801226095743,83728,68,-12.113395656683203,-1.32681437832621,4.057537788277384,12.843613340224143,0.0778052916074845,True,walking_dual_task,P08,16,0.089
2026-04-03T01:32:09.375924,1399.2299726010976,83728,66,-10.351752845502713,-0.3786297006350942,3.369854040973598,10.893028214506865,1.9505851257172786,True,walking_dual_task,P08,16,0.089
2026-04-03T01:32:09.376499,1497.2661977914327,83682,66,-10.506357567458593,-0.32070890410784075,3.335990840893415,11.027929924831462,0.13490171032459664,True,walking_dual_task,P08,16,0.089
2026-04-03T01:32:09.495389,1293.6852754522802,83682,66,-9.655192090021506,-0.15342626231045947,2.847079480309757,10.067379772333082,0.9605501524983797,True,walking_dual_task,P08,16,0.089
2026-04-03T01:32:09.495751,1493.568993761733,83630,68,-9.17902481889773,-0.14413666280335763,2.478589229214706,9.508873570023095,0.5585062023099869,True,walking_dual_task,P08,16,0.089
2026-04-03T01:32:09.496505,1434.1055614391557,83630,67,-9.210164798851435,-0.25611801147694796,2.5742956092075486,9.566594479823541,0.05772090980044631,True,walking_dual_task,P08,16,0.089
2026-04-03T01:32:09.497198,1409.282048120087,83530,68,-8.774736357810745,-0.5150481558086005,2.3219088018252414,9.091343863031534,0.47525061679200675,True,walking_dual_task,P08,16,0.089
2026-04-03T01:32:09.497801,1445.4167449871393,83530,66,-8.800376085679789,-0.5266437348210762,2.267668547528662,9.103092524756725,0.011748661725190956,True,walking_dual_task,P08,16,0.089
2026-04-03T01:32:09.498683,1407.1650045936772,83558,66,-9.066413033745231,-0.6504830919306629,2.2700394950892866,9.368887493220223,0.2657949684634975,True,walking_dual_task,P08,16,0.089
2026-04-03T01:32:09.555582,1365.1416937453776,83558,68,-9.092710911326556,-0.6194116149799374,2.1665250877072624,9.367758185467535,0.0011293077526879358,True,walking_dual_task,P08,16,0.089
2026-04-03T01:32:09.556090,1416.5552287962398,83599,67,-8.421541673363283,-0.8702573835928847,2.352066895447765,8.78703196480778,0.5807262206597557,True,walking_dual_task,P08,16,0.089
2026-04-03T01:32:09.556616,1410.1079406899014,83599,66,-7.602781207628236,-0.6197841424314049,2.596935155458617,8.05794556173789,0.7290864030698891,True,walking_dual_task,P08,16,0.089
2026-04-03T01:32:09.557225,1439.8093378684825,83627,66,-7.598185922289045,-0.5438346577734955,2.701293487250505,8.082398898156972,0.024453336419082206,True,walking_dual_task,P08,16,0.089
2026-04-03T01:32:09.615497,1364.2988570456416,83627,65,-7.602971225675733,-0.6138152570803698,2.86404868830186,8.147681603820894,0.0652827056639218,True,walking_dual_task,P08,16,0.089
2026-04-03T01:32:09.615996,1374.651573499196,83653,65,-7.680596136882064,-0.6574816464819826,2.7322953072246525,8.1785864780676,0.030904874246706626,True,walking_dual_task,P08,16,0.089
2026-04-03T01:32:09.616775,1403.0616216071053,83653,67,-7.5837100073946475,-0.6628422653302103,2.6166669300172845,8.049780317972155,0.12880616009544532,True,walking_dual_task,P08,16,0.089
2026-04-03T01:32:09.675527,1420.2639020077822,83680,66,-7.651823179041495,-0.6953953279421877,2.825077319834686,8.186271097910504,0.1364907799383488,True,walking_dual_task,P08,16,0.089
2026-04-03T01:32:09.675772,1386.5000064188564,83680,64,-7.610186313414309,-0.6554608035657387,2.8589596617227797,8.155869968142428,0.03040112976807663,True,walking_dual_task,P08,16,0.089
2026-04-03T01:32:09.676749,1467.615510608491,83681,66,-7.521922274682249,-0.5825268972207616,2.6604837788476106,7.999801636906874,0.15606833123555397,True,walking_dual_task,P08,16,0.089
2026-04-03T01:32:09.735476,1516.6472368851903,83681,66,-7.617378390980589,-0.6058331317488467,2.7248691611983897,8.112730691977434,0.11292905507056084,True,walking_dual_task,P08,16,0.089
2026-04-03T01:32:09.736068,1386.5728988720498,83682,66,-7.6026047809845565,-0.715977181724722,2.665986121382861,8.08824485163535,0.02448584034208423,True,walking_dual_task,P08,16,0.089
2026-04-03T01:32:09.736576,1415.100559099569,83682,66,-7.648404808362652,-0.7432920850259888,2.78282402764596,8.17280177204188,0.08455692040653062,True,walking_dual_task,P08,16,0.089
2026-04-03T01:32:09.795391,1352.166336635513,83658,67,-7.6506103018868785,-0.7352108019813903,2.6849614974632705,8.141338413157136,0.03146335888474461,True,walking_dual_task,P08,16,0.089
2026-04-03T01:32:09.795865,1443.8426500875703,83658,66,-7.458407283027136,-0.605798062662244,2.727847076382852,7.96467075053125,0.17666766262588585,True,walking_dual_task,P08,16,0.089
2026-04-03T01:32:09.796534,1382.373399588129,83619,66,-9.455299306183075,-2.3734635149115637,5.12768760536574,11.014953209357902,3.0502824588266515,True,walking_dual_task,P08,16,0.089
2026-04-03T01:32:09.855325,1451.2403241163145,83619,67,-11.153181361671136,-3.1329201424727775,5.108728395091661,12.661269640926848,1.6463164315689465,True,walking_dual_task,P08,16,0.089
2026-04-03T01:32:09.856196,1477.3822390336563,83590,66,-12.055354133834784,-2.4136170731163733,4.768925370181236,13.187105817963415,0.5258361770365667,True,walking_dual_task,P08,16,0.089
2026-04-03T01:32:09.856734,1389.3238106501715,83590,64,-12.150703358790315,-2.4281369773010844,4.884899560777208,13.319072227927006,0.13196640996359044,True,walking_dual_task,P08,16,0.089
2026-04-03T01:32:09.915451,1411.7322145220328,83495,67,-10.287511647031208,-0.20226565233098162,4.97537911156574,11.42926964358267,1.889802584344336,True,walking_dual_task,P08,16,0.089
2026-04-03T01:32:09.916095,1376.7800946162138,83495,65,-10.232633948111664,-0.1845455163657519,5.116859570964228,11.442163538100049,0.012893894517379323,True,walking_dual_task,P08,16,0.089
2026-04-03T01:32:09.916619,1374.9313076788508,83465,66,-10.167984347468144,-0.2110117614559548,4.936468364193105,11.304917140983797,0.13724639711625208,True,walking_dual_task,P08,16,0.089
2026-04-03T01:32:09.975493,1445.4931197440587,83465,66,-8.952812245635286,0.33962987698503444,5.95098899419798,10.755578346514124,0.5493387944696728,True,walking_dual_task,P08,16,0.089
2026-04-03T01:32:09.976077,1550.1190876833566,83499,67,-8.989138921992422,0.34532432071854247,6.114012943901049,10.876811192787542,0.12123284627341846,True,walking_dual_task,P08,16,0.089
2026-04-03T01:32:09.976692,1519.999087229728,83499,66,-8.992946601991507,0.30839455098560953,6.122918278447844,10.883856119496386,0.007044926708843491,True,walking_dual_task,P08,16,0.089
2026-04-03T01:32:10.035959,1361.5683347452584,83546,64,-8.928255617696177,0.03650780181614994,6.650323786961808,11.13291909904796,0.24906297955157441,True,walking_dual_task,P08,16,0.089
2026-04-03T01:32:10.043961,1468.7284950537803,83546,65,-8.892451047222796,-0.010463548414585883,6.627835408202625,11.090716717657326,0.04220238139063426,True,walking_dual_task,P08,16,0.089
2026-04-03T01:32:10.043987,1458.1081077273352,83546,68,-9.431157522954031,-0.6180115973433046,6.966134094548037,11.741196479935418,0.650479762278092,True,walking_dual_task,P08,16,0.089
2026-04-03T01:32:10.095688,1385.2726629016156,83546,65,-9.52685521041566,-0.9891511380617396,6.530584939654415,11.592580809646913,0.1486156702885051,True,walking_dual_task,P08,16,0.089
2026-04-03T01:32:10.096098,1502.2047424030784,83506,65,-9.465566245690395,-0.9797092834298905,6.587364075349345,11.573683082441613,0.018897727205299475,True,walking_dual_task,P08,16,0.089
2026-04-03T01:32:10.096839,1398.5921081651982,83506,67,-8.706167726354641,-0.5437171609571821,5.928384220899798,10.546977021931554,1.02670606051006,True,walking_dual_task,P08,16,0.089
2026-04-03T01:32:10.215496,1402.6340646369258,83371,66,-8.765233382617282,-0.6747099751419651,5.886991125664285,10.580227517211268,0.0332504952797148,True,walking_dual_task,P08,16,0.089
2026-04-03T01:32:10.215734,1444.344517157578,83371,65,-8.173855768362204,0.3622757636024839,5.110873914151414,9.646978491591822,0.9332490256194461,True,walking_dual_task,P08,16,0.089
2026-04-03T01:32:10.216478,1358.9604176310538,83394,66,-8.156617841042468,0.28141137116076737,5.053889608103408,9.59955244454274,0.0474260470490826,True,walking_dual_task,P08,16,0.089
2026-04-03T01:32:10.217152,1422.8631697627025,83394,66,-7.56246685980454,0.48568431548418445,4.627583475216103,8.879263656409941,0.7202887881327982,True,walking_dual_task,P08,16,0.089
2026-04-03T01:32:10.217903,1480.102744218037,83552,66,-7.429863760841471,0.15634930252383752,4.332624187810475,8.602264408971944,0.2769992474379972,True,walking_dual_task,P08,16,0.089
2026-04-03T01:32:10.218606,1453.5218469021193,83552,67,-7.3762158530498905,0.15992563198244722,4.22917703377228,8.504121054026477,0.09814335494546711,True,walking_dual_task,P08,16,0.089
2026-04-03T01:32:10.275659,1420.3118342867247,83683,66,-7.584646640416987,-0.24792883744489247,4.44990311857305,8.797156991500813,0.2930359374743361,True,walking_dual_task,P08,16,0.089
2026-04-03T01:32:10.275932,1500.8648292606808,83683,67,-7.658326442753009,-0.39500811183171886,4.491430907135992,8.887010009320303,0.08985301781948962,True,walking_dual_task,P08,16,0.089
2026-04-03T01:32:10.335780,1443.7359426005237,83713,66,-7.847846541619835,-0.5289253929420623,4.578068608797324,9.100943335664098,0.21393332634379547,True,walking_dual_task,P08,16,0.089
2026-04-03T01:32:10.335963,1349.212365642252,83713,66,-8.408855799346542,-0.3145204420142049,4.844057919706964,9.709411727397523,0.6084683917334246,True,walking_dual_task,P08,16,0.089
2026-04-03T01:32:10.336422,1338.4833881310435,83710,66,-8.24644662393535,-0.43438433574658664,4.884136762759854,9.594131726732703,0.11528000066481958,True,walking_dual_task,P08,16,0.089
2026-04-03T01:32:10.395506,1494.1959112258937,83710,67,-9.319428993017015,-0.6334748762959821,5.327015009538056,10.753145404328357,1.159013677595654,True,walking_dual_task,P08,16,0.089
2026-04-03T01:32:10.395861,1398.4572797251292,83664,67,-9.328560920931691,-0.7117278265013878,5.336995544166441,10.770892571788224,0.017747167459866375,True,walking_dual_task,P08,16,0.089
2026-04-03T01:32:10.396672,1450.347312642969,83664,66,-10.218249744096722,-1.1419753883474153,5.307017981514086,11.570703326783459,0.7998107549952351,True,walking_dual_task,P08,16,0.089
2026-04-03T01:32:10.397411,1403.9415447262634,83511,66,-10.116667637757175,-1.1708863218215042,5.274068924196433,11.468816063074973,0.10188726370848578,True,walking_dual_task,P08,16,0.089
2026-04-03T01:32:10.455620,1475.6734776957592,83511,64,-10.664727908660739,-1.3576980666582816,5.382318966377975,12.022858348238449,0.5540422851634759,True,walking_dual_task,P08,16,0.089
2026-04-03T01:32:10.515753,1507.7409686733333,83405,67,-11.041689360681108,-1.096558689304524,5.457439247743239,12.365475649552504,0.3426173013140552,True,walking_dual_task,P08,16,0.089
2026-04-03T01:32:10.516177,1464.9340858965368,83405,67,-10.95156270982181,-1.0861720591056727,5.540775380923813,12.321391453524756,0.04408419602774849,True,walking_dual_task,P08,16,0.089
2026-04-03T01:32:10.516783,1421.374601838067,83370,67,-11.238194115029291,-1.0482133501900233,5.740914218495941,12.66309023338002,0.341698779855264,True,walking_dual_task,P08,16,0.089
2026-04-03T01:32:10.517448,1453.9986918428488,83370,65,-10.976088945187064,-1.2226978295136486,4.921165108651931,12.090797514703826,0.5722927186761932,True,walking_dual_task,P08,16,0.089
2026-04-03T01:32:10.517887,1381.701591711327,83372,66,-10.989956961214125,-1.2812975868998087,4.783328969671128,12.054091153945583,0.036706360758243406,True,walking_dual_task,P08,16,0.089
2026-04-03T01:32:10.575796,1486.0637666190555,83372,67,-10.383288615357467,-0.8818325106935971,4.1626316167750685,11.221310664254133,0.8327804896914497,True,walking_dual_task,P08,16,0.089
2026-04-03T01:32:10.576080,1383.5119583951375,83410,66,-10.30419460106914,-0.834976155930765,4.198484852723544,11.157996532362983,0.06331413189115054,True,walking_dual_task,P08,16,0.089
2026-04-03T01:32:10.576732,1497.4132072224068,83410,67,-10.24194818599363,-0.6974677122153567,4.2586674337377355,11.113964736552814,0.04403179581016836,True,walking_dual_task,P08,16,0.089
2026-04-03T01:32:10.635714,1411.7032911543158,83431,66,-10.302200491696295,-0.6834132276337008,4.176734498884454,11.13766132026754,0.023696583714725605,True,walking_dual_task,P08,16,0.089
2026-04-03T01:32:10.636086,1405.027684049568,83431,67,-10.384995748640833,-0.8000086080006622,4.175978405026435,11.221717609680367,0.0840562894128265,True,walking_dual_task,P08,16,0.089
2026-04-03T01:32:10.636475,1481.88793224589,83429,67,-10.345914973779522,-0.6879906884215059,4.104043762409043,11.151433227876971,0.07028438180339514,True,walking_dual_task,P08,16,0.089
2026-04-03T01:32:10.695494,1459.0270878026952,83429,67,-10.27003708148644,-0.8586232573104189,4.181247775233749,11.121768227714423,0.029665000162548694,True,walking_dual_task,P08,16,0.089
2026-04-03T01:32:10.755901,1437.1908110155214,83449,65,-10.30433915218051,-0.7549604931897617,4.0723363649450866,11.105552403131131,0.016215824583291294,True,walking_dual_task,P08,16,0.089
2026-04-03T01:32:10.756703,1474.7865468393072,83449,66,-10.345162847843579,-0.7803995465298348,4.3658646456528025,11.25576260876126,0.15021020563012932,True,walking_dual_task,P08,16,0.089
2026-04-03T01:32:10.757183,1373.4654936896486,83518,67,-10.311631897201412,-0.7621917805670331,4.125157348301848,11.132277926911197,0.1234846818500639,True,walking_dual_task,P08,16,0.089
2026-04-03T01:32:10.757570,1425.643254144553,83518,66,-10.355289928041907,-0.7721672868652879,4.103412151191004,11.165404743906647,0.03312681699545017,True,walking_dual_task,P08,16,0.089
2026-04-03T01:32:10.758155,1478.388313052453,83502,66,-10.384017439989702,-0.8193054755459944,4.152141394077194,11.213356224283576,0.04795148037692876,True,walking_dual_task,P08,16,0.089
2026-04-03T01:32:10.815515,1486.072631671741,83502,66,-10.365427858158403,-0.805236474827339,4.181755045965096,11.206140090483128,0.007216133800447722,True,walking_dual_task,P08,16,0.089
2026-04-03T01:32:10.815940,1373.3157610724072,83559,65,-6.208842928559483,0.3722679183993464,2.447368195866161,6.6841547708539535,4.521985319629175,True,walking_dual_task,P08,16,0.089
2026-04-03T01:32:10.816649,1427.716677069497,83559,67,-6.199071715392027,0.4759681786335179,2.2714804808287554,6.619264265341821,0.06489050551213271,True,walking_dual_task,P08,16,0.089
2026-04-03T01:32:10.875200,1471.7326922870107,83719,67,-6.606447045485953,0.4501419125451057,2.338417467822822,7.022532773868609,0.4032685085267884,True,walking_dual_task,P08,16,0.089
2026-04-03T01:32:10.875832,1399.0858662255669,83719,68,-6.701656946729425,0.4727271901415733,2.3776911601292916,7.126646622423683,0.1041138485550741,True,walking_dual_task,P08,16,0.089
2026-04-03T01:32:10.876611,1453.1155166690314,83844,66,-6.546845230735561,0.5020200375050513,2.3490194211991358,6.973600134394878,0.1530464880288056,True,walking_dual_task,P08,16,0.089
2026-04-03T01:32:10.935482,1420.1127950365199,83844,67,-7.405566581813006,0.31302017786234004,2.9003726671530905,7.959432117794791,0.9858319833999136,True,walking_dual_task,P08,16,0.089
2026-04-03T01:32:10.936009,1460.1893244503433,83825,68,-7.445587556654557,0.2557271594438979,2.730637385483563,7.934642460431783,0.024789657363008644,True,walking_dual_task,P08,16,0.089
2026-04-03T01:32:10.936710,1461.088266863484,83825,67,-7.904993539745818,-0.32483256864728427,3.868632164726243,8.806858343758662,0.8722158833268798,True,walking_dual_task,P08,16,0.089
2026-04-03T01:32:10.997141,1479.9567534861053,83705,66,-8.457408990395695,-1.8809111610814135,4.893514821634671,9.950481442436079,1.1436230986774163,True,walking_dual_task,P08,16,0.089
2026-04-03T01:32:10.997444,1421.227683911677,83705,67,-8.607346966151084,-1.8192822919509315,4.936284011067986,10.087770303265334,0.13728886082925484,True,walking_dual_task,P08,16,0.089
2026-04-03T01:32:10.997679,1389.1555582308977,83527,65,-9.550947150410886,-2.741581970375569,5.288283491621917,11.256234070860073,1.168463767594739,True,walking_dual_task,P08,16,0.089
2026-04-03T01:32:11.055814,1452.3625785187153,83527,66,-9.595387182456346,-2.7084533255951775,5.213971076182447,11.251340763724217,0.004893307135855451,True,walking_dual_task,P08,16,0.089
2026-04-03T01:32:11.115812,1413.8156852611357,83364,66,-10.406444096651969,-2.531580966784083,4.98272880764544,11.812305757076635,0.5609649933524175,True,walking_dual_task,P08,16,0.089
2026-04-03T01:32:11.116092,1466.8464611695626,83364,66,-11.600752003548852,-0.9242975150248044,5.667410525109369,12.94416142530076,1.1318556682241248,True,walking_dual_task,P08,16,0.089
2026-04-03T01:32:11.116728,1443.0200390694122,83212,64,-11.310850854034427,-0.9022350658573126,5.695597786909599,12.696031242341972,0.24813018295878742,True,walking_dual_task,P08,16,0.089
2026-04-03T01:32:11.117310,1485.1084743439933,83212,67,-11.505640852312737,0.22111770526234728,6.749934766232311,13.341299929556337,0.6452686872143651,True,walking_dual_task,P08,16,0.089
2026-04-03T01:32:11.235471,1461.3227711874486,83112,66,-11.389552068630191,0.260658528249993,6.738597314313705,13.236258268742857,0.10504166081348032,True,walking_dual_task,P08,16,0.089
2026-04-03T01:32:11.235812,1366.0522682284827,83112,65,-10.059235633328955,-0.09277086641020844,6.982333383299217,12.245399439627283,0.9908588291155738,True,walking_dual_task,P08,16,0.089
2026-04-03T01:32:11.236533,1406.4217380748842,83152,67,-10.103864394593238,0.024004867069698163,6.899495997429218,12.234855820830656,0.010543618796626575,True,walking_dual_task,P08,16,0.089
2026-04-03T01:32:11.237192,1506.9969635292707,83152,68,-9.461028347873311,-0.6478439756541436,6.54017971420347,11.519753031646657,0.7151027891839998,True,walking_dual_task,P08,16,0.089
2026-04-03T01:32:11.237880,1419.1289749225218,83177,66,-9.276381237724278,-1.3584276633648544,6.741874056772113,11.547702818377982,0.027949786731324977,True,walking_dual_task,P08,16,0.089
2026-04-03T01:32:11.238694,1442.568588771566,83177,68,-9.267753969865694,-1.4808682050581592,6.71912348404208,11.542567074984632,0.005135743393349657,True,walking_dual_task,P08,16,0.089
2026-04-03T01:32:11.295431,1368.5778630346606,83212,67,-8.983364364408814,-2.042889387298993,6.089972865443881,11.043640787997035,0.4989262869875972,True,walking_dual_task,P08,16,0.089
2026-04-03T01:32:11.295962,1414.1483615934426,83212,65,-8.947613609847425,-1.9750852505893308,6.2742789321486026,11.10528375038775,0.06164296239071554,True,walking_dual_task,P08,16,0.089
2026-04-03T01:32:11.296460,1389.3228417585965,83241,66,-9.54753271279836,-1.2192215205112558,5.350395312000141,11.012202868305035,0.09308088208271492,True,walking_dual_task,P08,16,0.089
2026-04-03T01:32:11.297409,1357.7407574455372,83241,67,-9.56358882920979,-0.15964597510650388,4.951871071485847,10.770735594200257,0.24146727410477808,True,walking_dual_task,P08,16,0.089
2026-04-03T01:32:11.355683,1498.8319755707544,83225,66,-9.535386816295594,-0.23909166867450027,4.961603748320062,10.75166397902004,0.019071615180216384,True,walking_dual_task,P08,16,0.089
2026-04-03T01:32:11.355891,1433.4635368198428,83225,65,-9.190885942062408,0.24861279073505116,4.581173800462509,10.272358351895713,0.47930562712432767,True,walking_dual_task,P08,16,0.089
2026-04-03T01:32:11.356490,1337.8667250731824,83205,67,-9.096814483423335,0.23348859722872845,4.629186774130159,10.20959944663051,0.06275890526520378,True,walking_dual_task,P08,16,0.089
2026-04-03T01:32:11.415671,1401.8146273485954,83205,64,-7.916948311812141,0.8057352396116099,4.497069829536277,9.140619065467202,1.068980381163307,True,walking_dual_task,P08,16,0.089
2026-04-03T01:32:11.415884,1483.8089199106078,83196,67,-6.891616312622931,0.7393942213602445,4.578073266477813,8.306613873789383,0.8340051916778197,True,walking_dual_task,P08,16,0.089
2026-04-03T01:32:11.416696,1373.397793410713,83196,66,-6.684232754586504,0.6617676387199074,4.5666651557368265,8.122273977758006,0.18433989603137668,True,walking_dual_task,P08,16,0.089
2026-04-03T01:32:11.475472,1521.5835411359037,83273,67,-6.77625928548309,0.10878221198881094,4.913126452011905,8.37068306694263,0.24840908918462468,True,walking_dual_task,P08,16,0.089
2026-04-03T01:32:11.476035,1349.9021189037194,83273,66,-41.23720244615295,-23.60984527761685,27.941263368647597,71.18686469820469,0.0007650838826567252,True,walking_dual_task,P08,16,0.089
2026-04-03T01:32:11.476685,1417.7423562702147,83376,65,-7.2857951891277235,-0.06847862387137277,5.5116801848503005,9.135979384823251,0.7660614017632774,True,walking_dual_task,P08,16,0.089
2026-04-03T01:32:11.535792,1429.0136098700298,83376,67,-7.240245853126447,-0.09572889208772113,5.357141987084651,9.00718015276037,0.12879923206288169,True,walking_dual_task,P08,16,0.089
2026-04-03T01:32:11.536094,1449.3644877616348,83403,67,-8.68281450738211,0.021680351237324754,6.358854412072102,10.762284480590719,1.7551043278303489,True,walking_dual_task,P08,16,0.089
2026-04-03T01:32:11.536773,1463.34482474123,83403,68,-10.880767082602405,0.12412693365842091,7.178507570354815,13.036006702174745,2.273722221584027,True,walking_dual_task,P08,16,0.089
2026-04-03T01:32:11.595700,1464.4428496843009,83281,67,-11.000735119663796,0.13168673112689164,7.267839762901143,13.185408957911251,0.149402255736506,True,walking_dual_task,P08,16,0.089
2026-04-03T01:32:11.596024,1441.063729386535,83281,66,-10.883832911600656,-0.003722387575527897,7.251297507537105,13.078193615581041,0.10721534233021046,True,walking_dual_task,P08,16,0.089
2026-04-03T01:32:11.596656,1418.2264182807912,83070,68,-10.887642079205106,0.07192844917096258,7.27837262372761,13.09658855566996,0.018394940088919398,True,walking_dual_task,P08,16,0.089
2026-04-03T01:32:11.655593,1402.8304948790633,83070,68,-10.943686001972575,0.15589914587662818,7.255605845106417,13.131351188396339,0.034762632726378584,True,walking_dual_task,P08,16,0.089
2026-04-03T01:32:11.656043,1485.5819473143956,82977,66,-10.843725492406056,0.19701491920152908,7.112461337803736,12.969668604663646,0.16168258373269317,True,walking_dual_task,P08,16,0.089
2026-04-03T01:32:11.656696,1395.888850546806,82977,67,-10.915779410765866,0.23301090118109896,7.323800077909733,13.147113059746609,0.1774444550829628,True,walking_dual_task,P08,16,0.089
2026-04-03T01:32:11.715743,1460.207088391076,82966,66,-10.868527062091713,0.07042050923919041,7.216785782427444,13.046525843188613,0.10058721655799552,True,walking_dual_task,P08,16,0.089
2026-04-03T01:32:11.715967,1409.0311641897833,82966,65,-10.732489464454225,0.15611957034159402,7.076117094495761,12.856210038727577,0.19031580446103646,True,walking_dual_task,P08,16,0.089
2026-04-03T01:32:11.716700,1414.3159698735965,82967,67,-10.910774855891347,0.1790911410619619,7.28764008356046,13.121996021195663,0.2657859824680866,True,walking_dual_task,P08,16,0.089
2026-04-03T01:32:11.775704,1411.8234467322086,82967,65,-10.916497652903757,0.10239748301417223,7.315264834312333,13.141290113474685,0.019294092279022124,True,walking_dual_task,P08,16,0.089
2026-04-03T01:32:11.775947,1388.1056961014394,83014,65,-10.861744271790467,0.16791025927404676,7.200845912237729,13.032953016593488,0.10833709688119697,True,walking_dual_task,P08,16,0.089
2026-04-03T01:32:11.777196,1376.4576491211712,83014,67,-10.865711391336706,0.10927220861478845,7.097449326304091,12.978806239206063,0.054146777387424905,True,walking_dual_task,P08,16,0.089
2026-04-03T01:32:11.835393,1389.7986955152141,83209,65,-8.6373437665147,-0.1178786123251401,2.422533405091537,8.97141409182401,4.007392147382053,True,walking_dual_task,P08,16,0.089
2026-04-03T01:32:11.835797,1433.5295302683996,83209,65,-7.608599508417593,-0.17153026321356846,1.7683606737469093,7.813277710611929,1.1581363812120822,True,walking_dual_task,P08,16,0.089
2026-04-03T01:32:11.836789,1446.2504938271068,83332,68,-6.950260002263379,0.144850590293191,1.3493783183736627,7.081519444205979,0.7317582664059499,True,walking_dual_task,P08,16,0.089
2026-04-03T01:32:11.955986,1434.9596804042037,83332,66,-6.936235132974593,0.09620937330371682,1.210039544471965,7.041648227695593,0.03987121651038539,True,walking_dual_task,P08,16,0.089
2026-04-03T01:32:11.956308,1434.8251487395696,83407,66,-7.021111956481619,-0.07012650448158356,1.2129221082872632,7.125455134435412,0.08380690673981839,True,walking_dual_task,P08,16,0.089
2026-04-03T01:32:11.956643,1404.6847602213816,83407,66,-6.572732392607852,0.22704715019868263,1.1493758620142434,6.676333303949921,0.4491218304854909,True,walking_dual_task,P08,16,0.089
2026-04-03T01:32:11.957431,1447.9696898537618,83494,67,-6.605023240733903,0.2503328312979265,1.2002173743170894,6.717850867850018,0.04151756390009709,True,walking_dual_task,P08,16,0.089
2026-04-03T01:32:11.958568,1411.1607540416421,83494,66,-6.713453419770815,0.1773846414583952,1.3917138529796045,6.858483037744798,0.1406321698947801,True,walking_dual_task,P08,16,0.089
2026-04-03T01:32:11.958966,1453.9758549444532,83587,66,-6.183064414457789,-0.3129517583781048,1.6855765733717345,6.416337954090775,0.4421450836540233,True,walking_dual_task,P08,16,0.089
2026-04-03T01:32:12.015706,1464.100588148795,83587,66,-6.083790009778444,-0.30827640041438004,1.64445135165807,6.309655733088969,0.10668222100180547,True,walking_dual_task,P08,16,0.089
2026-04-03T01:32:12.016253,1478.6995503155883,83768,66,-6.50909148931426,-0.5293307158726452,1.7885688191860858,6.771073876719577,0.46141814363060796,True,walking_dual_task,P08,16,0.089
2026-04-03T01:32:12.016968,1479.770985274109,83768,65,-6.627977025723501,-0.5230458889766767,1.7619678198047852,6.878094725541485,0.10702084882190732,True,walking_dual_task,P08,16,0.089
2026-04-03T01:32:12.075486,1495.7199316049619,83854,67,-7.373376715103235,-0.7796898790730227,2.588509431996453,7.853342063726123,0.975247338184638,True,walking_dual_task,P08,16,0.089
2026-04-03T01:32:12.075750,1428.4373713131451,83854,67,-8.920391504308839,-1.9512997477907685,3.786691370026618,9.885342018752194,2.0319999550260714,True,walking_dual_task,P08,16,0.089
2026-04-03T01:32:12.076724,1383.1241326314812,83628,65,-8.887289368837235,-1.8658822869439111,3.8217500837481415,9.852471909973016,0.03287010877917851,True,walking_dual_task,P08,16,0.089
2026-04-03T01:32:12.135811,1418.938740826023,83628,66,-10.50080790538337,-2.9159207522421133,4.81942900719315,11.916226603018796,2.06375469304578,True,walking_dual_task,P08,16,0.089
2026-04-03T01:32:12.136093,1371.8751370822038,83387,67,-10.505582043569847,-2.925517253884707,4.772714992854701,11.903978901189902,0.012247701828894009,True,walking_dual_task,P08,16,0.089
2026-04-03T01:32:12.195409,1426.0999151842054,83387,66,-12.061629664517175,-3.144954008359809,5.562813372996647,13.649854889391662,1.7458759882017603,True,walking_dual_task,P08,16,0.089
2026-04-03T01:32:12.196060,1469.1113677430178,83227,67,-12.144243702476713,-3.1969372158682905,5.433141917945498,13.682912473880897,0.033057584489235126,True,walking_dual_task,P08,16,0.089
2026-04-03T01:32:12.255610,1361.1201333358547,83227,67,-12.78449068428121,-3.0790536102784807,6.047977756634183,14.474177287023391,0.7912648131424938,True,walking_dual_task,P08,16,0.089
2026-04-03T01:32:12.255924,1373.5842970462436,83178,66,-11.483558449143848,-1.0051667612941346,5.621445034186863,12.825097237264819,1.649080049758572,True,walking_dual_task,P08,16,0.089
2026-04-03T01:32:12.256559,1548.8350483465963,83178,68,-11.36928452948869,-1.0152580631787367,5.595633384562586,12.712296905821216,0.11280033144360324,True,walking_dual_task,P08,16,0.089
2026-04-03T01:32:12.257289,1370.9244327354895,83346,67,-9.962721666548338,0.4031050838329852,4.918328702702711,11.117925793130347,1.5943711126908688,True,walking_dual_task,P08,16,0.089
2026-04-03T01:32:12.257926,1480.502375102169,83346,68,-9.985909858316422,0.286046019401726,4.869573760518184,11.113638766523046,0.004287026607300959,True,walking_dual_task,P08,16,0.089
2026-04-03T01:32:12.315523,1412.0980037542524,83510,67,-9.90053938803665,0.8117200311582865,4.847872863711349,11.053571408633394,0.06006735788965223,True,walking_dual_task,P08,16,0.089
2026-04-03T01:32:12.375614,1489.4095052285884,83510,68,-9.884536599836803,0.711272030593073,4.770783815276755,10.99865218593278,0.054919222700613446,True,walking_dual_task,P08,16,0.089
2026-04-03T01:32:12.375933,1423.3921373594899,83531,69,-9.952466466985234,0.19956654076801378,5.06438646123474,11.168680576030338,0.1700283900975581,True,walking_dual_task,P08,16,0.089
2026-04-03T01:32:12.376554,1409.332293082537,83531,64,-10.150111934044054,-0.027062430439358298,4.802116401964085,11.228794529546674,0.06011395351633553,True,walking_dual_task,P08,16,0.089
2026-04-03T01:32:12.377186,1405.7080475437572,83498,66,-10.230859248567448,-0.1411623907781183,4.808520110937821,11.305409034699352,0.07661450515267809,True,walking_dual_task,P08,16,0.089
2026-04-03T01:32:12.435757,1360.6128289288768,83498,67,-10.166947599090218,-0.10358674515964619,4.327499427214822,11.050104297650938,0.25530473704841405,True,walking_dual_task,P08,16,0.089
2026-04-03T01:32:12.435949,1502.5250714749293,83423,65,-10.27582609898781,-0.11417124883933788,4.364812119909751,11.164999862642706,0.11489556499176778,True,walking_dual_task,P08,16,0.089
2026-04-03T01:32:12.436604,1428.5771331101485,83423,67,-9.88336369492782,0.03390152576016993,3.9021977937080834,10.62587289877337,0.5391269638693359,True,walking_dual_task,P08,16,0.089
2026-04-03T01:32:12.495374,1412.430585465627,83433,66,-8.960726296876652,0.25082155376263726,3.264918416509587,9.540294517772088,1.085578381001282,True,walking_dual_task,P08,16,0.089
2026-04-03T01:32:12.495970,1314.6892562938758,83433,66,-8.978642128180162,0.22741796679128679,3.1874800471898204,9.530360037731224,0.009934480040863392,True,walking_dual_task,P08,16,0.089
2026-04-03T01:32:12.496626,1355.7644255180264,83493,66,-8.111940448437052,0.4421467702175468,3.1002311657046033,8.69543011507821,0.8349299226530142,True,walking_dual_task,P08,16,0.089
2026-04-03T01:32:12.555724,1478.8800144031293,83493,66,-8.223175315925808,0.38370166033408065,3.0444723417130883,8.777052528044402,0.08162241296619221,True,walking_dual_task,P08,16,0.089
2026-04-03T01:32:12.556227,1445.5477414129014,83531,64,-8.067226586043356,0.799739647086251,3.260808407486342,8.73799746875793,0.039055059286472016,True,walking_dual_task,P08,16,0.089
2026-04-03T01:32:12.556697,1386.505356969628,83531,66,-8.165814091329716,0.8353242994593058,3.253637754720038,8.829747736960881,0.09175026820295074,True,walking_dual_task,P08,16,0.089
2026-04-03T01:32:12.557373,1335.4184266784873,83506,66,-8.263518453357916,0.686958745711998,3.724645549696326,9.090139383869186,0.26039164690830496,True,walking_dual_task,P08,16,0.089
2026-04-03T01:32:12.615705,1490.6311279227298,83506,67,-8.334090474595124,0.7359055433786411,3.6952138069090803,9.146213756865956,0.056074372996770094,True,walking_dual_task,P08,16,0.089
2026-04-03T01:32:12.615984,1480.0581577801597,83474,66,-8.431784463232026,0.7725868132963581,3.75577356488519,9.262705581479464,0.11649182461350804,True,walking_dual_task,P08,16,0.089
2026-04-03T01:32:12.616698,1473.9390605459857,83474,65,-8.260691164882962,0.7992809587077522,3.7207653161044956,9.095161521933209,0.1675440595462554,True,walking_dual_task,P08,16,0.089
2026-04-03T01:32:12.675596,1460.1660964820894,83490,65,-8.339060285840697,0.7689587480738799,3.693982518545533,9.15296295493677,0.05780143300356144,True,walking_dual_task,P08,16,0.089
2026-04-03T01:32:12.735610,1449.3576919106174,83490,66,-8.266110868032548,0.7416221066006811,3.763478929396668,9.112758412446658,0.040204542490112516,True,walking_dual_task,P08,16,0.089
2026-04-03T01:32:12.795641,1486.5452055214346,83525,66,-8.295594604650931,0.6877039885007472,3.7885994804390726,9.145671798380734,0.032913385934076445,True,walking_dual_task,P08,16,0.089
2026-04-03T01:32:12.855936,1385.6245101082427,83525,66,-8.257280655512327,0.6781521985428574,3.742232535769101,9.091032866514972,0.054638931865762075,True,walking_dual_task,P08,16,0.089
2026-04-03T01:32:12.975878,1458.966295191155,83315,66,-8.298611595477572,0.7364880564107772,3.669259244993147,9.103451679269694,0.012418812754722452,True,walking_dual_task,P08,16,0.089
2026-04-03T01:32:13.035854,1418.2780347737523,83315,66,-8.351939033332423,0.7867212648535914,3.7060215346560574,9.171063819449138,0.06761214017944361,True,walking_dual_task,P08,16,0.089
2026-04-03T01:32:13.095715,1448.4479724516602,83029,67,-8.297803778943578,0.8364108387194337,3.7792909133604877,9.1562093932362,0.01485442621293842,True,walking_dual_task,P08,16,0.089
2026-04-03T01:32:13.155635,1363.9179370281774,83029,65,-8.236983569023831,0.7373365551374775,3.6544897816200215,9.041396964843194,0.1148124283930052,True,walking_dual_task,P08,16,0.089
2026-04-03T01:32:13.215640,1362.3645559236525,82997,67,-8.398951207747302,0.6740866836450345,3.7367590248881815,9.217382614238746,0.1759856493955514,True,walking_dual_task,P08,16,0.089
2026-04-03T01:32:13.275821,1431.6716199540256,82997,64,-11.958681807005904,1.1220015471884481,4.296651534176544,12.756573695128678,3.539191080889932,True,walking_dual_task,P08,16,0.089
2026-04-03T01:32:13.335655,1395.8015224965377,83033,67,-11.864019719009995,1.1237171740096,4.259291058348671,12.655404556945268,0.10116913818341011,True,walking_dual_task,P08,16,0.089
2026-04-03T01:32:13.395597,1412.9001047980937,83033,65,-11.790297476026215,1.6673336203929974,3.4565421285553954,12.399145110101793,0.25625944684347424,True,walking_dual_task,P08,16,0.089
2026-04-03T01:32:13.455798,1395.19105293112,83024,67,-11.81473516174243,1.787339593868014,3.4235333954436897,12.429928828261222,0.030783718159428375,True,walking_dual_task,P08,16,0.089
2026-04-03T01:32:13.515648,1472.0423837260048,83024,66,-10.239040504809738,1.0045303825020513,2.7123462342155724,10.639729970387762,1.7901988578734596,True,walking_dual_task,P08,16,0.089
2026-04-03T01:32:13.575727,1407.1555640393797,83146,66,-10.116967937127397,1.1257177548530708,2.735129492583673,10.540456064405195,0.09927390598256736,True,walking_dual_task,P08,16,0.089
2026-04-03T01:32:13.696038,1416.5733849023493,83146,68,-8.094633084716827,0.7839879276718354,2.206163917782278,8.426439406953087,2.114016657452108,True,walking_dual_task,P08,16,0.089
2026-04-03T01:32:13.755601,1398.7022848346346,83426,65,-6.9412658082832275,0.7674970482086465,2.0302339936839773,7.272693641929432,1.153745765023655,True,walking_dual_task,P08,16,0.089
2026-04-03T01:32:13.815635,1401.2563373303738,83426,67,-6.956730070068887,0.5954483213559896,2.062276717627837,7.280359691064458,0.0076660491350262205,True,walking_dual_task,P08,16,0.089
2026-04-03T01:32:13.875675,1427.0929040891851,83552,67,-6.262216444638482,0.7360522644223376,1.8954415317039173,6.584058500314982,0.6963011907494758,True,walking_dual_task,P08,16,0.089
2026-04-03T01:32:13.935482,1402.699900045975,83552,67,-6.2858715793188304,0.7254748850987939,1.728288895733015,6.559380902776676,0.02467759753830645,True,walking_dual_task,P08,16,0.089
2026-04-03T01:32:13.936119,1472.859142941276,83617,65,-6.353375292627448,0.7541729738314,1.8737936821237775,6.666727626549145,0.10734672377246923,True,walking_dual_task,P08,16,0.089
2026-04-03T01:32:13.936759,1403.4829221648954,83617,65,-6.38255503457777,0.7412620255163421,1.9081544693361794,6.702800283369203,0.03607265682005778,True,walking_dual_task,P08,16,0.089
2026-04-03T01:32:13.995453,1455.0131692605407,83655,67,-6.450871701977523,0.6462012628432389,1.9005500685489354,6.7559908489085405,0.053190565539337875,True,walking_dual_task,P08,16,0.089
2026-04-03T01:32:13.996012,1451.9681512198385,83687,67,-6.766815563950854,0.47333945663201854,1.7010812670684015,6.993391208484139,0.23740035957559869,True,walking_dual_task,P08,16,0.089
2026-04-03T01:32:13.996706,1445.3877552678684,83767,67,-8.100617311893213,-0.24994128876309107,2.5896373390052947,8.508154501955346,1.5147632934712068,True,walking_dual_task,P08,16,0.089
2026-04-03T01:32:13.997356,1445.2092790821512,83650,66,-9.006141851568444,-0.6717018345697812,4.1476318124769875,9.938039246099214,1.4298847441438678,True,walking_dual_task,P08,16,0.089
2026-04-03T01:32:13.998037,1392.0609732573007,83520,66,-12.971740716059958,-1.0487996812809093,5.658727688672862,14.191097104547469,4.253057858448255,True,walking_dual_task,P08,16,0.089
2026-04-03T01:32:13.998758,1428.3470040885231,83155,67,-9.901850070958448,-0.596995759262817,5.228779071544989,11.213526177939947,2.9775709266075214,True,walking_dual_task,P08,16,0.089
2026-04-03T01:32:14.055521,1351.5922740971846,83269,66,-9.130749758999295,-0.13657304028221037,5.3332416822914395,10.575098590487393,0.6384275874525542,True,walking_dual_task,P08,16,0.089
2026-04-03T01:32:14.056133,1366.8038875384268,83537,65,-9.625769022503864,-0.2735626015867874,4.468735476622531,10.616019147100609,0.04092055661321581,True,walking_dual_task,P08,16,0.089
2026-04-03T01:32:14.056447,1395.4643339108486,83480,65,-10.033627910549876,-0.4596733718519366,4.0510449363695,10.830325652197176,0.2143065050965678,True,walking_dual_task,P08,16,0.089
2026-04-03T01:32:14.057202,1464.8937886392957,83371,66,-9.610588798524349,-0.8081716641449287,4.03079098990181,10.452934252989545,0.37739139920763165,True,walking_dual_task,P08,16,0.089
2026-04-03T01:32:14.058006,1373.8865476994415,83304,65,-9.711665432366669,-0.9777985962456102,4.092442674613907,10.583979526153978,0.1310452731644336,True,walking_dual_task,P08,16,0.089
2026-04-03T01:32:14.058728,1420.5168698611624,83257,66,-9.94791147638912,-0.7892391839871528,4.018369107246899,10.75784046701248,0.17386094085850168,True,walking_dual_task,P08,16,0.089
2026-04-03T01:32:14.115782,1461.515229707504,83242,64,-10.495211011849012,0.7731995202037188,5.712735520022311,11.974248987013949,1.216408520001469,True,walking_dual_task,P08,16,0.089
2026-04-03T01:32:14.116105,1374.4671378857754,83114,62,-11.231574627376725,0.9196445698584836,5.594421401715002,12.581397599836421,0.6071486128224723,True,walking_dual_task,P08,16,0.089
2026-04-03T01:32:14.116864,1517.8712330085089,83007,65,-11.201235984361954,0.3728675972081934,5.236798657715097,12.3705609413583,0.2108366584781205,True,walking_dual_task,P08,16,0.089
2026-04-03T01:32:14.117562,1340.8816019927442,83029,65,-10.32342096840116,0.6106585097232533,4.236526952553844,11.175602217600506,1.1949587237577948,True,walking_dual_task,P08,16,0.089
2026-04-03T01:32:14.118438,1488.6289298309894,83029,64,-10.495721010312536,0.6960982725539994,4.321086682096893,11.371741398992672,0.1961391813921658,True,walking_dual_task,P08,16,0.089
2026-04-03T01:32:14.175808,1476.8322193363742,83056,64,-10.043929862151412,1.1940228039209289,3.2325299581457543,10.618637740426493,0.7531036585661788,True,walking_dual_task,P08,16,0.089
2026-04-03T01:32:14.176221,1405.6758776057904,83056,66,-9.930959683850434,1.1834883311270255,3.4308959398862973,10.57334629256532,0.045291447861172784,True,walking_dual_task,P08,16,0.089
2026-04-03T01:32:14.176807,1383.9177348045764,82995,65,-10.09332930391629,1.179360274467901,2.6410386909386876,10.499584394695033,0.07376189787028764,True,walking_dual_task,P08,16,0.089
2026-04-03T01:32:14.177208,1394.9924207655934,82995,66,-9.945987347483827,0.6379306037742685,2.098978070692055,10.185054183105082,0.3145302115899504,True,walking_dual_task,P08,16,0.089
2026-04-03T01:32:14.177953,1325.1644572550147,83073,67,-9.854383277375065,0.6524701114317744,1.874597809841363,10.052298442265986,0.13275574083909625,True,walking_dual_task,P08,16,0.089
2026-04-03T01:32:14.178802,1329.1660686188693,83073,66,-9.160577909208547,0.26079308210895374,1.5840478912362093,9.300183244650903,0.7521151976150833,True,walking_dual_task,P08,16,0.089
2026-04-03T01:32:14.235717,1333.3580247599182,83235,66,-9.192905338030123,0.38189273034153903,1.563715568853134,9.332767916954976,0.03258467230407369,True,walking_dual_task,P08,16,0.089
2026-04-03T01:32:14.236088,1348.9727078551286,83235,64,-7.812962095365734,0.005004600029700157,1.4303445003696933,7.942813553104529,1.389954363850447,True,walking_dual_task,P08,16,0.089
2026-04-03T01:32:14.236575,1400.6267714293406,83313,65,-6.81653735374043,0.07518942364413801,1.3600205985262208,6.951294194089482,0.9915193590150473,True,walking_dual_task,P08,16,0.089
2026-04-03T01:32:14.237691,1438.1957638486444,83313,65,-6.745345395091683,0.03235869974966751,1.2850858406253816,6.86674429422779,0.08454989986169181,True,walking_dual_task,P08,16,0.089
2026-04-03T01:32:14.238164,1317.8515279469286,83387,65,-6.553575872587005,0.24530080816782035,1.2898319757785333,6.683800994193578,0.18294330003421244,True,walking_dual_task,P08,16,0.089
2026-04-03T01:32:14.238997,1217.1154284836966,83387,67,-6.518565551663936,0.37250135950997615,1.2158114343069526,6.641434450325326,0.042366543868252116,True,walking_dual_task,P08,16,0.089
2026-04-03T01:32:14.239328,1363.4620085705228,83528,66,-6.756166439748073,0.7240692363807906,1.4083259393471819,6.939268201481287,0.2978337511559612,True,walking_dual_task,P08,16,0.089
2026-04-03T01:32:14.295343,1311.7708066646367,83528,67,-7.448394653311887,0.5128135181126893,1.547212127696484,7.624659073292085,0.6853908718107977,True,walking_dual_task,P08,16,0.089
2026-04-03T01:32:14.295767,1387.9180870478588,83670,66,-7.284375017634717,0.6115006910629519,1.6315852983764292,7.489868028115672,0.13479104517641272,True,walking_dual_task,P08,16,0.089
2026-04-03T01:32:14.296482,1335.0400236773746,83670,64,-8.375348376120577,0.17127240736602292,2.077244781723608,8.63080184815458,1.1409338200389074,True,walking_dual_task,P08,16,0.089
2026-04-03T01:32:14.355663,1295.5727147714836,83689,65,-8.459830682664759,0.034212942687224565,2.1357741632142173,8.725333058460107,0.09453121030552758,True,walking_dual_task,P08,16,0.089
2026-04-03T01:32:14.356148,1401.9719183999412,83689,65,-9.12673867413695,-0.9407009806036204,2.673534641526206,9.556676443216878,0.8313433847567708,True,walking_dual_task,P08,16,0.089
2026-04-03T01:32:14.356977,1292.6408508682189,83568,65,-9.003225949385586,-0.7974675268345396,2.5242928319224736,9.3843532677186,0.1723231754982777,True,walking_dual_task,P08,16,0.089
2026-04-03T01:32:14.415638,1416.766262395305,83568,64,-9.756211827192136,-1.595750669860271,2.8922484965972894,10.300251976698071,0.915898708979471,True,walking_dual_task,P08,16,0.089
2026-04-03T01:32:14.416292,1379.3381606497032,83411,65,-11.305555935784367,-0.9506541552478474,3.9427926857177913,12.011034614161632,1.710782637463561,True,walking_dual_task,P08,16,0.089
2026-04-03T01:32:14.416499,1477.574376571704,83411,65,-11.346159687719297,-0.8967124640301628,4.022077364588846,12.071310584568332,0.06027597040669974,True,walking_dual_task,P08,16,0.089
2026-04-03T01:32:14.475352,1406.38745018744,83276,66,-12.652179816140496,-0.08808653394473949,5.430780838415923,13.768761522094895,1.697450937526563,True,walking_dual_task,P08,16,0.089
2026-04-03T01:32:14.475792,1296.9541578392916,83276,64,-12.573928780176457,-0.10107026457477317,5.410903211926243,13.689111502802684,0.07965001929221138,True,walking_dual_task,P08,16,0.089
2026-04-03T01:32:14.476684,1396.8455981111488,83183,64,-11.318849502113922,-0.17159836419131608,5.670414796152577,12.6609400918938,1.0281714109088842,True,walking_dual_task,P08,16,0.089
2026-04-03T01:32:14.535348,1343.599427036186,83183,63,-9.687258296651923,-0.5862446516860209,5.932572188908852,11.37462390034487,1.286316191548929,True,walking_dual_task,P08,16,0.089
2026-04-03T01:32:14.535765,1346.3794846465821,83215,64,-9.646397986402652,-0.684114456486165,6.02610394903306,11.394513394884326,0.019889494539455654,True,walking_dual_task,P08,16,0.089
2026-04-03T01:32:14.536779,1315.6409562068798,83215,65,-9.707395951818336,-0.5473244846293033,6.070343821836018,11.462206348350062,0.06769295346573578,True,walking_dual_task,P08,16,0.089
2026-04-03T01:32:14.595616,1345.7518933406604,83314,65,-9.168967470236305,-0.06397825637712122,5.771847210831379,10.834587113163222,0.6276192351868399,True,walking_dual_task,P08,16,0.089
2026-04-03T01:32:14.595906,1476.8974071529835,83314,64,-9.266860694430909,-0.14429275019919832,5.8306758577097995,10.949534624148574,0.11494751098535261,True,walking_dual_task,P08,16,0.089
2026-04-03T01:32:14.596423,1446.926255021702,83292,65,-9.235186975401136,-0.16108426467351422,5.750464180384532,10.880370623321145,0.06916400082742946,True,walking_dual_task,P08,16,0.089
2026-04-03T01:32:14.715738,1321.4486077923884,83292,65,-9.317282220012583,-0.11017361071665993,5.831872400129738,10.99248024256837,0.1121096192472244,True,walking_dual_task,P08,16,0.089
2026-04-03T01:32:14.716013,1343.0702094524208,83280,62,-9.226913596873654,-0.05745303983995148,5.7829452200267,10.889522064525533,0.10295817804283658,True,walking_dual_task,P08,16,0.089
2026-04-03T01:32:14.716726,1427.458239933215,83280,64,-9.263265827639845,-0.1419826985297516,5.863378379019416,10.963916220755896,0.0743941562303636,True,walking_dual_task,P08,16,0.089
2026-04-03T01:32:14.717225,1322.0178784024845,83144,63,-9.182168039333991,-0.11375030786797474,5.764718748177457,10.842376643554463,0.1215395772014336,True,walking_dual_task,P08,16,0.089
2026-04-03T01:32:14.718006,1355.6371988198573,83144,61,-9.19622967996872,-0.08222964353833397,5.761885335115191,10.852498544391956,0.010121900837493314,True,walking_dual_task,P08,16,0.089
2026-04-03T01:32:14.718811,1414.3725443734947,83004,62,-9.157635127202221,-0.21526284662116932,5.779291510646444,10.83092007084964,0.021578473542316345,True,walking_dual_task,P08,16,0.089
2026-04-03T01:32:14.775692,1373.3005339541457,83004,62,-9.168627526463895,-0.12982274100920127,5.7145382522403505,10.804468154399494,0.026451916450145774,True,walking_dual_task,P08,16,0.089
2026-04-03T01:32:14.776107,1430.9822062219425,82986,63,-9.248087946370823,-0.16001720817761572,5.564052668074594,10.79404550035946,0.010422654040034729,True,walking_dual_task,P08,16,0.089
2026-04-03T01:32:14.776860,1337.3449793618377,82986,61,-9.23218861575132,-0.2197381435799033,5.739887611165131,10.873265437639201,0.07921993727974197,True,walking_dual_task,P08,16,0.089
2026-04-03T01:32:14.835350,1348.6364628591248,83047,64,-9.158352974080108,-0.12615199850643902,5.732231232074213,10.805082990080926,0.06818244755827507,True,walking_dual_task,P08,16,0.089
2026-04-03T01:32:14.835783,1328.6680512299154,83047,63,-8.027763961715097,0.8448924797577266,4.2267754189587485,9.111776334484771,1.693306655596155,True,walking_dual_task,P08,16,0.089
2026-04-03T01:32:14.895557,1306.7616201221256,83099,63,-8.10424137629502,0.6953390161911897,4.160723944535525,9.136402375953088,0.024626041468316373,True,walking_dual_task,P08,16,0.089
2026-04-03T01:32:14.895936,1379.7088425094578,83099,62,-8.507861182340582,0.7711400862169148,4.646114625747264,9.724440346165478,0.5880379702123903,True,walking_dual_task,P08,16,0.089
2026-04-03T01:32:14.896655,1453.0798386799713,83112,62,-8.441253610305676,0.7038376428371894,4.776584949656246,9.724500692696555,6.034653107711563e-05,True,walking_dual_task,P08,16,0.089
2026-04-03T01:32:14.955815,1418.8297497117217,83112,61,-8.40165179535304,0.33194990822055154,4.844640824519489,9.704044947882686,0.02045574481386936,True,walking_dual_task,P08,16,0.089
2026-04-03T01:32:14.956217,1414.4561743817346,83091,63,-8.50364709171096,0.3408428811696035,4.790123072709621,9.765933994335274,0.0618890464525883,True,walking_dual_task,P08,16,0.089
2026-04-03T01:32:14.957207,1343.1096886751907,83091,63,-8.74898754966629,0.4054022457736749,4.955456387421327,10.063085120018062,0.2971511256827881,True,walking_dual_task,P08,16,0.089
2026-04-03T01:32:15.015420,1302.476338787745,83080,63,-9.351505880040435,0.3562887940064712,4.840108013112826,10.535855423636203,0.472770303618141,True,walking_dual_task,P08,16,0.089
2026-04-03T01:32:15.016122,1278.1190088609642,83080,61,-9.344988551985203,0.3318020902619125,4.806061030190015,10.513663790028088,0.022191633608114714,True,walking_dual_task,P08,16,0.089
2026-04-03T01:32:15.016791,1293.545403652985,83007,62,-10.991328734135285,0.24270539627855447,4.974329352196863,12.06698660624673,1.5533228162186408,True,walking_dual_task,P08,16,0.089
2026-04-03T01:32:15.017424,1278.0869931066134,83007,63,-10.936552752041896,0.2813068864780672,4.980103775609858,12.020347469121628,0.04663913712510137,True,walking_dual_task,P08,16,0.089
2026-04-03T01:32:15.075419,1296.0676605734616,82838,63,-11.836610291538497,0.3356546603139116,5.203529190918407,12.934246142913992,0.9138986737923638,True,walking_dual_task,P08,16,0.089
2026-04-03T01:32:15.076019,1363.6047747394327,82838,63,-11.181075358247806,0.43612093302625093,4.719353187022077,12.14409083212471,0.7901553107892809,True,walking_dual_task,P08,16,0.089
2026-04-03T01:32:15.077245,1330.850434042575,82739,63,-11.121799039641322,0.5006774979611683,4.594358074280441,12.043804131163757,0.10028670096095382,True,walking_dual_task,P08,16,0.089
2026-04-03T01:32:15.135610,1360.9884290706507,82739,63,-10.33154477902617,0.41683352218921693,3.985397585899685,11.081424169480142,0.9623799616836148,True,walking_dual_task,P08,16,0.089
2026-04-03T01:32:15.136023,1386.5438784902112,82789,61,-10.37976675005631,0.3329583150319829,4.1514622876462175,11.18414315675869,0.10271898727854811,True,walking_dual_task,P08,16,0.089
2026-04-03T01:32:15.136521,1319.1754854259805,82789,62,-10.087222135294239,0.5877941696739247,3.634432217841371,10.738093403335439,0.44604975342325126,True,walking_dual_task,P08,16,0.089
2026-04-03T01:32:15.195472,1287.8497845590732,82860,62,-10.07416787221916,0.5023860558475158,3.5710636992216003,10.700175045795326,0.037918357540112524,True,walking_dual_task,P08,16,0.089
2026-04-03T01:32:15.195995,1282.4580677109514,82860,63,-9.44762847050355,0.8396518587570393,3.0487724915355683,9.962816502662658,0.7373585431326681,True,walking_dual_task,P08,16,0.089
2026-04-03T01:32:15.196632,1422.0652566275,82939,62,-8.559051961977874,0.42188804275119424,2.4125957653351873,8.902582677816984,1.0602338248456746,True,walking_dual_task,P08,16,0.089
2026-04-03T01:32:15.255741,1367.87076307912,82939,62,-8.46822068021208,0.5546504278197045,2.4175997775721694,8.82401197134099,0.07857070647599329,True,walking_dual_task,P08,16,0.089
2026-04-03T01:32:15.256416,1360.6801525038836,83070,63,-7.997189883986394,0.44834950975060833,1.85988163226214,8.222847621685204,0.6011643496557859,True,walking_dual_task,P08,16,0.089
2026-04-03T01:32:15.256808,1356.5363204086102,83070,64,-7.939720562845635,0.6569166539715313,2.031662677277673,8.221821899103753,0.0010257225814509496,True,walking_dual_task,P08,16,0.089
2026-04-03T01:32:15.315873,1340.2072078863926,83182,62,-7.27836297020285,0.5535590850570054,2.084975272043627,7.591318533147097,0.6305033659566561,True,walking_dual_task,P08,16,0.089
2026-04-03T01:32:15.316132,1307.8364450133274,83182,62,-7.14740612910559,0.3354882518942706,2.482528569682899,7.57369888765239,0.017619645494707292,True,walking_dual_task,P08,16,0.089
2026-04-03T01:32:15.316785,1346.5221965632938,83132,62,-7.056139692143938,0.4939860563079209,2.4194162549990423,7.475741073220058,0.09795781443233231,True,walking_dual_task,P08,16,0.089
2026-04-03T01:32:15.435774,1362.7418100252783,83132,61,-7.182879539525339,0.2496799065557153,2.6725883730393525,7.6680393287185575,0.19229825549849977,True,walking_dual_task,P08,16,0.089
2026-04-03T01:32:15.436106,1391.3073340308317,83035,61,-7.065244686293261,0.2284574449910238,2.6028017933278904,7.532891374281052,0.13514795443750582,True,walking_dual_task,P08,16,0.089
2026-04-03T01:32:15.436904,1372.4544497965474,83035,60,-7.183269799186374,0.5715266948722734,2.71155972965596,7.6992573627815935,0.16636598850054174,True,walking_dual_task,P08,16,0.089
2026-04-03T01:32:15.437395,1310.2612221349696,83142,63,-7.462325607277249,0.6186177061542044,2.8763761060106723,8.02137960943268,0.32212224665108646,True,walking_dual_task,P08,16,0.089
2026-04-03T01:32:15.438077,1468.878353281444,83142,61,-7.519376092149486,0.659360451545415,2.766212657623833,8.039135866960438,0.01775625752775767,True,walking_dual_task,P08,16,0.089
2026-04-03T01:32:15.438808,1327.3070661986394,83198,62,-8.272832799511944,0.2433364794679977,3.2198066750007097,8.880660459408391,0.8415245924479535,True,walking_dual_task,P08,16,0.089
2026-04-03T01:32:15.495953,1409.8431193550787,83198,63,-8.2830065273706,0.3739968904356466,3.1405994897967924,8.866309038254384,0.014351421154007227,True,walking_dual_task,P08,16,0.089
2026-04-03T01:32:15.496416,1362.4972941692947,83146,63,-8.720210273707545,-0.13287811918472675,3.662235036001928,9.458947577355143,0.5926385391007596,True,walking_dual_task,P08,16,0.089
2026-04-03T01:32:15.497437,1307.9532111751703,83146,63,-9.06503767247766,-0.1547567221907638,4.213096222209089,9.997451546473977,0.5385039691188336,True,walking_dual_task,P08,16,0.089
2026-04-03T01:32:15.555637,1471.4226201125955,83046,62,-9.109142118909075,-0.2165687994583963,4.237486523529548,10.048863827541734,0.05141228106775664,True,walking_dual_task,P08,16,0.089
2026-04-03T01:32:15.556219,1437.5566415334595,83046,62,-9.097635950794414,-0.27851246932536083,4.136774833923864,9.997872529460581,0.050991298081152436,True,walking_dual_task,P08,16,0.089
2026-04-03T01:32:15.557214,1352.554790374526,82937,62,-10.036814264930381,-0.9253298354976445,4.868455689579195,11.193557821111575,1.1956852916509941,True,walking_dual_task,P08,16,0.089
2026-04-03T01:32:15.615602,1311.0122885659364,82937,64,-10.071495598881885,-1.1192217130966897,4.697721702224554,11.169434633539685,0.024123187571889915,True,walking_dual_task,P08,16,0.089
2026-04-03T01:32:15.675669,1340.8816071664785,82875,63,-10.109287283968138,-0.8732437596141938,4.661492075160211,11.16645657405636,0.0029780594833255236,True,walking_dual_task,P08,16,0.089
2026-04-03T01:32:15.676022,1263.7787785440714,82875,61,-10.094470252623903,-1.03763255171094,4.659544490009215,11.166304932602113,0.0001516414542468425,True,walking_dual_task,P08,16,0.089
2026-04-03T01:32:15.676943,1365.989205655832,82820,63,-10.008933190213021,-1.0486241170731676,4.683258672169103,11.100057114064882,0.0662478185372315,True,walking_dual_task,P08,16,0.089
2026-04-03T01:32:15.677411,1390.893047542364,82820,63,-10.045434678348053,-0.9987982704590418,4.724576266300687,11.145850203466821,0.045793089401939824,True,walking_dual_task,P08,16,0.089
2026-04-03T01:32:15.735449,1387.8605358889115,82762,63,-10.01779874931967,-0.9921299335969038,4.723931491024227,11.120078341401202,0.025771862065619544,True,walking_dual_task,P08,16,0.089
2026-04-03T01:32:15.736032,1376.5421270403522,82762,61,-10.064946316573215,-1.0067985284610799,4.682453193550863,11.146396527228285,0.02631818582708334,True,walking_dual_task,P08,16,0.089
2026-04-03T01:32:15.736729,1340.836804710992,82795,61,-10.064935072085925,-1.0447013406421861,4.662889923928643,11.14167228647119,0.004724240757095544,True,walking_dual_task,P08,16,0.089
2026-04-03T01:32:15.737386,1338.6354498218789,82795,61,-10.056133841353697,-0.9444402434424394,4.83629224972511,11.198549813855536,0.05687752738434604,True,walking_dual_task,P08,16,0.089
2026-04-03T01:32:15.795501,1383.0574226157125,82824,62,-10.113779820443076,-0.8910529114522271,4.851080063942061,11.252355101674723,0.0538052878191877,True,walking_dual_task,P08,16,0.089
2026-04-03T01:32:15.795819,1315.7541895097258,82824,62,-10.027324352697512,-0.9453264813748224,4.758517732899715,11.13931626469552,0.1130388369792037,True,walking_dual_task,P08,16,0.089
2026-04-03T01:32:15.855935,1401.999727492205,82835,61,-9.998115981572797,-1.0560443783490476,4.71604000900925,11.104890196512525,0.034426068182995095,True,walking_dual_task,P08,16,0.089
2026-04-03T01:32:15.856392,1414.3193663715883,82835,64,-9.214546914859856,-0.19263799390621433,4.356640900263877,10.194376105319126,0.9105140911933987,True,walking_dual_task,P08,16,0.089
2026-04-03T01:32:15.856852,1412.7997031536636,82875,63,-9.099105041374406,-2.1067865467839257,4.274216801220206,10.27137728698094,0.07700118166181369,True,walking_dual_task,P08,16,0.089
2026-04-03T01:32:15.915415,1316.6968825220301,82875,62,-9.173697787001366,-2.544842604934596,4.666918154836727,10.602503479606536,0.3311261926255966,True,walking_dual_task,P08,16,0.089
2026-04-03T01:32:15.916001,1377.187287811233,82870,62,-9.146812426383846,-2.527106574457686,4.552245208258885,10.524893426454883,0.0776100531516537,True,walking_dual_task,P08,16,0.089
2026-04-03T01:32:15.916687,1384.2066165768842,82870,62,-8.899265598659973,-1.777443778543268,4.888089970981275,10.307747481665562,0.21714594478932092,True,walking_dual_task,P08,16,0.089
2026-04-03T01:32:15.975424,1333.3096507243165,82823,62,-9.021396927380833,-1.8548217005744287,4.893111113641222,10.429213893324722,0.12146641165915995,True,walking_dual_task,P08,16,0.089
2026-04-03T01:32:15.976062,1344.6227339965908,82823,63,-8.765677914487627,-1.180713959784858,4.974669890309686,10.147834018790451,0.28137987453427016,True,walking_dual_task,P08,16,0.089
2026-04-03T01:32:15.977001,1335.7375490450775,82768,63,-7.7362180705886665,-0.15986429188221862,4.538048163178844,8.970424056802026,1.1774099619884257,True,walking_dual_task,P08,16,0.089
2026-04-03T01:32:16.035577,1305.736340110035,82768,63,-7.900790017324489,-0.2744321198881192,4.532117377185672,9.11251248596505,0.14208842916302444,True,walking_dual_task,P08,16,0.089
2026-04-03T01:32:16.035975,1410.767368271636,82692,62,-7.379521282623856,0.49590813131044326,4.194712403972852,8.502874301519572,0.6096381844454779,True,walking_dual_task,P08,16,0.089
2026-04-03T01:32:16.036748,1394.248783507569,82692,62,-7.3822231090938635,0.4483317944565212,4.14474499806114,8.47803812973927,0.024836171780302507,True,walking_dual_task,P08,16,0.089
2026-04-03T01:32:16.155865,1296.5754686618352,82720,64,-7.587771122627195,0.5023715058567677,4.328856529202192,8.750179803277668,0.2721416735383979,True,walking_dual_task,P08,16,0.089
2026-04-03T01:32:16.155981,1418.1470246140798,82720,62,-7.701768752495586,0.3456893840304982,4.277995021290171,8.816914679712644,0.06673487643497644,True,walking_dual_task,P08,16,0.089
2026-04-03T01:32:16.156559,1288.0192297785352,82783,63,-8.206289519776078,0.1800750217847462,4.520913948523681,9.370927255390123,0.5540125756774792,True,walking_dual_task,P08,16,0.089
2026-04-03T01:32:16.157223,1417.4176263246568,82783,62,-8.649909068098632,-0.05153049287114523,4.580079126755219,9.787783563473875,0.4168563080837515,True,walking_dual_task,P08,16,0.089
2026-04-03T01:32:16.158176,1261.7060867346263,82794,62,-8.61007282227335,-0.020402694358107,4.80963193866111,9.862369373541851,0.07458581006797615,True,walking_dual_task,P08,16,0.089
2026-04-03T01:32:16.215407,1387.4435911155335,82794,62,-9.484097067845402,-0.37659698003498343,4.688539656928772,10.586421803058812,0.724052429516961,True,walking_dual_task,P08,16,0.089
2026-04-03T01:32:16.216047,1301.2126536528465,82710,62,-9.452903995119899,-0.34363799399188977,4.77307392244736,10.595174169451655,0.008752366392842603,True,walking_dual_task,P08,16,0.089
2026-04-03T01:32:16.216763,1328.4461483896448,82710,60,-10.36478105894479,-0.3875010776008202,4.5877480429067425,11.341352458600214,0.7461782891485598,True,walking_dual_task,P08,16,0.089
2026-04-03T01:32:16.217840,1366.17319479054,82589,63,-11.016204263829035,0.14482007921304443,4.5930576414877,11.936243451596354,0.5948909929961399,True,walking_dual_task,P08,16,0.089
2026-04-03T01:32:16.218419,1352.3063524534446,82589,62,-10.919653594918945,0.07755716644205085,4.782529792388789,11.921301982677022,0.014941468919332124,True,walking_dual_task,P08,16,0.089
2026-04-03T01:32:16.275270,1457.8808452952974,82510,62,-11.152667278676926,0.18848132250639213,4.553784189523267,12.04800660202993,0.12670461935290867,True,walking_dual_task,P08,16,0.089
2026-04-03T01:32:16.275793,1423.0598455981146,82510,61,-11.049216560817301,0.21376282021397192,4.566311056393675,11.957511355415402,0.09049524661452857,True,walking_dual_task,P08,16,0.089
2026-04-03T01:32:16.276785,1391.9309457771717,82474,63,-10.59855903849636,-0.36646317926148886,3.9055809180374776,11.301208398290237,0.6563029571251651,True,walking_dual_task,P08,16,0.089
2026-04-03T01:32:16.335856,1371.3672582335553,82474,64,-10.619395189392447,-0.2745188915243104,3.922658826407068,11.324052590777052,0.022844192486815018,True,walking_dual_task,P08,16,0.089
2026-04-03T01:32:16.336143,1315.0485347598224,82499,64,-10.434667010837424,-0.33201815809155366,3.4283729029029537,10.98845996697083,0.3355926238062228,True,walking_dual_task,P08,16,0.089
2026-04-03T01:32:16.336691,1399.5264071945,82499,62,-10.415936952992038,-0.030298254146879887,3.2933575578160834,10.924232906549262,0.06422706042156712,True,walking_dual_task,P08,16,0.089
2026-04-03T01:32:16.455891,1433.5613725966991,82536,63,-10.35514570688604,-0.05584629024672627,3.394901332249518,10.897592232905591,0.026640673643671064,True,walking_dual_task,P08,16,0.089
2026-04-03T01:32:16.456212,1453.0683420427429,82536,62,-10.124694125100058,-0.34931966872813347,3.040778702543622,10.577229811044045,0.32036242186154595,True,walking_dual_task,P08,16,0.089
2026-04-03T01:32:16.456574,1313.5053127469632,82565,63,-9.970676245042059,-0.3020250728495175,3.1818518784461336,10.47042431348639,0.10680549755765512,True,walking_dual_task,P08,16,0.089
2026-04-03T01:32:16.457246,1375.8513391278375,82565,62,-8.98470972828041,-0.8216757987963978,2.5732233982516064,9.381984794119735,1.0884395193666556,True,walking_dual_task,P08,16,0.089
2026-04-03T01:32:16.458227,1398.6039326338132,82660,62,-8.419190359626494,-0.5337839128267096,2.168439420205267,8.710328414952013,0.6716563791677217,True,walking_dual_task,P08,16,0.089
2026-04-03T01:32:16.458940,1343.2615521369003,82660,62,-8.60073445944722,-0.5911869878672491,2.113703316944864,8.876366205188368,0.16603779023635568,True,walking_dual_task,P08,16,0.089
2026-04-03T01:32:16.515676,1333.293566446425,82747,61,-8.047628117320842,-0.2718994048950759,2.15526010931689,8.33566996346952,0.5406962417188481,True,walking_dual_task,P08,16,0.089
2026-04-03T01:32:16.516100,1387.8045888814593,82747,64,-8.034357937455079,-0.1307624589571372,2.1965206643172945,8.330228647317721,0.005441316151799214,True,walking_dual_task,P08,16,0.089
2026-04-03T01:32:16.575774,1314.6281148993824,82805,62,-7.544063764816581,-0.20121510457484362,2.2610242224427197,7.8781734012650615,0.4520552460526597,True,walking_dual_task,P08,16,0.089
2026-04-03T01:32:16.635449,1423.2455583939638,82805,63,-7.550440478802552,-0.3531306261769964,2.446862453515661,7.944871838457116,0.0666984371920547,True,walking_dual_task,P08,16,0.089
2026-04-03T01:32:16.636564,1382.11590225539,82883,62,-7.48397586768968,-0.3416409521251877,2.410888682303594,7.870133262327269,0.07473857612984691,True,walking_dual_task,P08,16,0.089
2026-04-03T01:32:16.636673,1435.1563519440924,82883,62,-7.511603537116798,-0.378287072736081,2.411223721172162,7.898182616385124,0.02804935405785436,True,walking_dual_task,P08,16,0.089
2026-04-03T01:32:16.637350,1370.4988966747558,82939,62,-7.53820835834889,-0.4773539522533466,2.4990671720098963,7.955990747847216,0.057808131462092405,True,walking_dual_task,P08,16,0.089
2026-04-03T01:32:16.637915,1358.065942413682,82939,62,-7.568403928218063,-0.39957737071034866,2.4051463302641065,7.951423078030329,0.004567669816887054,True,walking_dual_task,P08,16,0.089
2026-04-03T01:32:16.638689,1383.577175680107,82874,64,-7.4832840825710685,-0.3211782368478561,2.4621970959720705,7.884485440388581,0.06693763764174765,True,walking_dual_task,P08,16,0.089
2026-04-03T01:32:16.695821,1517.8010311466653,82874,63,-7.615774324302066,-0.40995271614898077,2.4609586465036863,8.01401255601573,0.12952711562714914,True,walking_dual_task,P08,16,0.089
2026-04-03T01:32:16.755756,1387.4672133897402,82748,64,-7.459664145560848,-0.4396554285760548,2.4859279217367334,7.87526023014559,0.13875232587014086,True,walking_dual_task,P08,16,0.089
2026-04-03T01:32:16.756107,1387.6165583098932,82748,62,-7.424562801593256,-0.37480401798314766,2.449446121374928,7.827157667264489,0.04810256288110093,True,walking_dual_task,P08,16,0.089
2026-04-03T01:32:16.756850,1307.3447548205706,82659,61,-7.465971896148953,-0.37564742304245075,2.4902997600616783,7.87930455278178,0.052146885517291075,True,walking_dual_task,P08,16,0.089
2026-04-03T01:32:16.757412,1309.217295509829,82659,62,-7.411993430353227,-0.39098647649877954,2.5146498210875987,7.836707265114616,0.04259728766716364,True,walking_dual_task,P08,16,0.089
2026-04-03T01:32:16.757926,1404.3107587053653,82571,61,-7.5178358642279,-0.4013862521605246,2.4269081566147213,7.910047421193996,0.0733401560793796,True,walking_dual_task,P08,16,0.089
2026-04-03T01:32:16.815609,1441.3309206890633,82571,62,-7.47543190402269,-0.42383161482366977,2.3957714335841875,7.8613889454333945,0.04865847576060123,True,walking_dual_task,P08,16,0.089
2026-04-03T01:32:16.815788,1432.4536983346902,82632,62,-7.479656332440039,-0.3588096617981284,2.4397801821915728,7.875692386211184,0.014303440777789334,True,walking_dual_task,P08,16,0.089
2026-04-03T01:32:16.875593,1359.2193167108435,82632,63,-10.27907475099327,-1.3909662785264563,4.329696423824541,11.24012615796567,3.364433771754487,True,walking_dual_task,P08,16,0.089
2026-04-03T01:32:16.876045,1389.2108595829995,82796,63,-10.055486287099807,-0.9320375426048498,4.935482585538815,11.240128415771505,2.257805833849602e-06,True,walking_dual_task,P08,16,0.089
2026-04-03T01:32:16.877028,1340.5698912461994,82796,62,-9.572613261640402,-0.7045432240467089,5.528918892128599,11.077014486188071,0.1631139295834334,True,walking_dual_task,P08,16,0.089
2026-04-03T01:32:16.877287,1289.118641846471,82902,63,-9.434160231506112,-0.6746904387057587,5.471326892746781,10.926756354431381,0.15025813175669,True,walking_dual_task,P08,16,0.089
2026-04-03T01:32:16.935557,1383.278298048079,82902,62,-8.883976336207903,-1.031861936042323,5.728696242820246,10.621098589122399,0.3056577653089825,True,walking_dual_task,P08,16,0.089
2026-04-03T01:32:16.995471,1356.090708983569,82892,61,-8.893882612645593,-1.0481538638642702,5.694569703032742,10.612629200747175,0.008469388375223375,True,walking_dual_task,P08,16,0.089
2026-04-03T01:32:16.996048,1396.0233460673787,82892,61,-8.981488493044298,-0.3398737515628377,5.038602787701139,10.303890904406849,0.30873829634032646,True,walking_dual_task,P08,16,0.089
2026-04-03T01:32:16.996756,1456.8828841016416,82719,62,-9.128661891222897,-0.3202471086646118,4.471619154729738,10.17007394269182,0.13381696171502888,True,walking_dual_task,P08,16,0.089
2026-04-03T01:32:16.997482,1354.2131265887099,82719,61,-9.158479491738182,-0.40275129547182265,4.511452812675913,10.217297181133302,0.04722323844148235,True,walking_dual_task,P08,16,0.089
2026-04-03T01:32:16.998067,1349.5537994676058,82681,62,-9.02799281924543,-0.8854653813032818,4.916569260171643,10.318011270390159,0.1007140892568561,True,walking_dual_task,P08,16,0.089
2026-04-03T01:32:17.055705,1429.3818587592382,82681,62,-8.976050891030368,-0.8901540077273569,4.928311547929725,10.278624347124358,0.03938692326580018,True,walking_dual_task,P08,16,0.089
2026-04-03T01:32:17.056323,1390.8653161493382,82632,62,-8.758351421202626,-0.8161853918391935,5.026662100006933,10.131249186491262,0.1473751606330964,True,walking_dual_task,P08,16,0.089
2026-04-03T01:32:17.175543,1365.8603592979346,82632,63,-8.267501967011698,-0.887267838889666,5.156586967647226,9.784131139113962,0.34711804737730034,True,walking_dual_task,P08,16,0.089
2026-04-03T01:32:17.235782,1267.5687857152348,82595,62,-8.323052123253916,-0.8184323658552013,5.164511797606655,9.829303652421121,0.045172513307159434,True,walking_dual_task,P08,16,0.089
2026-04-03T01:32:17.235990,1445.1640043272375,82595,64,-8.138888660071428,-0.9167348157883142,5.0237344030289135,9.608320284820547,0.22098336760057435,True,walking_dual_task,P08,16,0.089
2026-04-03T01:32:17.236790,1255.6033941527787,82608,64,-7.989833403207405,-0.887777574549091,4.903837676636349,9.41664541074364,0.19167487407690587,True,walking_dual_task,P08,16,0.089
2026-04-03T01:32:17.237336,1350.8305085100938,82608,64,-7.9114255032931835,-0.7673751212482423,4.547423745779227,9.157433089820822,0.25921232092281876,True,walking_dual_task,P08,16,0.089
2026-04-03T01:32:17.238194,1421.7560340729726,82639,62,-7.905591240924113,-0.8211718521239922,4.196207430596601,8.98781691401705,0.16961617580377286,True,walking_dual_task,P08,16,0.089
2026-04-03T01:32:17.238907,1425.993118567164,82639,60,-7.87415233284789,-0.8591202065337733,4.242368291682127,8.985435504884471,0.002381409132578227,True,walking_dual_task,P08,16,0.089
2026-04-03T01:32:17.295487,1343.7374140838392,82687,64,-7.92262961589597,-0.5269849037870198,4.312119486641174,9.035493765509546,0.050058260625075235,True,walking_dual_task,P08,16,0.089
2026-04-03T01:32:17.296090,1340.9797188753505,82687,62,-7.873784707815028,-0.5269638934518946,4.271288738324734,8.973186950920137,0.06230681458940879,True,walking_dual_task,P08,16,0.089
2026-04-03T01:32:17.296635,1368.3472382792083,82711,61,-7.80762480597195,-0.16710542780471715,4.393927153398108,8.960665442041654,0.0125215088784838,True,walking_dual_task,P08,16,0.089
2026-04-03T01:32:17.297229,1510.0620235743777,82711,63,-8.142993176725243,0.06447380450741555,4.589791214687696,9.34765629139657,0.3869908493549161,True,walking_dual_task,P08,16,0.089
2026-04-03T01:32:17.298034,1373.5764449956093,82732,61,-8.131925620242557,0.26807114521802544,4.642138473064433,9.36747169919188,0.01981540779530988,True,walking_dual_task,P08,16,0.089
2026-04-03T01:32:17.298670,1364.084465487595,82732,61,-9.214184915299027,0.25400419803000934,4.825146947456088,10.40421860835718,1.0367469091653003,True,walking_dual_task,P08,16,0.089
2026-04-03T01:32:17.355872,1459.8530576525384,82624,63,-9.256139360788868,0.11394740491796956,4.835170771987379,10.443561474502532,0.03934286614535232,True,walking_dual_task,P08,16,0.089
2026-04-03T01:32:17.356277,1309.6433890031813,82624,62,-10.524271614380838,0.29102880266098313,4.996087278482194,11.653577942908871,1.210016468406339,True,walking_dual_task,P08,16,0.089
2026-04-03T01:32:17.356765,1351.7971916553922,82417,62,-10.44922012932265,0.32695808895616524,4.997154529381482,11.587262674743048,0.06631526816582323,True,walking_dual_task,P08,16,0.089
2026-04-03T01:32:17.415762,1265.9675463345623,82417,63,-10.67091822111001,-0.08728764163351217,5.042238577848828,11.802554159585396,0.21529148484234817,True,walking_dual_task,P08,16,0.089
2026-04-03T01:32:17.415981,1329.0209491257763,82351,63,-10.83317897843704,-0.34395360177557066,4.701098552051197,11.814245572829542,0.011691413244145465,True,walking_dual_task,P08,16,0.089
2026-04-03T01:32:17.416731,1336.956242205777,82351,62,-11.043952045288197,-0.4069223465926273,4.676111118864613,12.000019907098116,0.18577433426857404,True,walking_dual_task,P08,16,0.089
2026-04-03T01:32:17.475735,1277.0420025355616,82349,61,-11.020622608591973,-0.37197683706562495,4.579369131388446,11.939979526357456,0.060040380740659316,True,walking_dual_task,P08,16,0.089
2026-04-03T01:32:17.476548,1328.41595976829,82349,63,-11.4377171350314,-0.44220824641679496,4.49219209067668,12.296207186516012,0.3562276601585559,True,walking_dual_task,P08,16,0.089
2026-04-03T01:32:17.477055,1328.6899597231252,82322,61,-11.41500613547074,-0.5171191588925554,4.465266771695924,12.268185874029628,0.028021312486384176,True,walking_dual_task,P08,16,0.089
2026-04-03T01:32:17.535496,1417.723167220773,82322,63,-11.198818330627208,-0.3676670292213085,3.8574592462038435,11.850261722126307,0.4179241519033212,True,walking_dual_task,P08,16,0.089
2026-04-03T01:32:17.535998,1363.7134298756328,82328,63,-9.881450839586567,-0.22738566370727084,2.8690715700440395,10.292052594563469,1.5582091275628382,True,walking_dual_task,P08,16,0.089
2026-04-03T01:32:17.536713,1322.5641400035738,82328,63,-9.918631669727533,-0.21914972494665372,3.0116026662359396,10.368077518081432,0.07602492351796286,True,walking_dual_task,P08,16,0.089
2026-04-03T01:32:17.595620,1323.0794815623797,82426,64,-9.225920030411233,0.23245453318168002,2.4755514174002324,9.555102842865283,0.8129746752161484,True,walking_dual_task,P08,16,0.089
2026-04-03T01:32:17.655977,1319.2587776799874,82426,62,-9.16162186471247,0.279177501941981,2.3192826759637333,9.454751577941838,0.10035126492344482,True,walking_dual_task,P08,16,0.089
2026-04-03T01:32:17.656306,1381.5740985324512,82480,62,-9.046971918164793,0.3179737506799718,2.457332288614312,9.38015405901472,0.07459751892711886,True,walking_dual_task,P08,16,0.089
2026-04-03T01:32:17.657116,1449.3158600893646,82480,63,-9.067676293373184,0.3043935627679657,2.4505440576264115,9.397902690538178,0.017748631523458513,True,walking_dual_task,P08,16,0.089
2026-04-03T01:32:17.657489,1429.313316355171,82485,61,-9.217351852833389,0.23492833912598785,2.541636570233387,9.564239800350226,0.16633710981204786,True,walking_dual_task,P08,16,0.089
2026-04-03T01:32:17.658103,1359.4528880373987,82485,63,-9.089680692037424,0.29939337918547293,2.496715337213476,9.431093200354615,0.13314659999561052,True,walking_dual_task,P08,16,0.089
2026-04-03T01:32:17.716105,1468.7711167117538,82575,63,-9.115702001248671,0.21249830047178514,2.4624338938071797,9.444827112480292,0.01373391212567654,True,walking_dual_task,P08,16,0.089
2026-04-03T01:32:17.716233,1305.8583583590244,82575,63,-9.181424368372344,0.30820325840293206,2.371405883518548,9.487734637152224,0.04290752467193215,True,walking_dual_task,P08,16,0.089
2026-04-03T01:32:17.716800,1298.8863793025193,82694,63,-9.186149367623985,0.25572878952860806,2.4605602913308156,9.513416545351427,0.025681908199203463,True,walking_dual_task,P08,16,0.089
2026-04-03T01:32:17.775513,1329.0851008855282,82694,61,-9.011915127991294,0.2878228480572419,2.5597026422008486,9.372808217523291,0.14060832782813648,True,walking_dual_task,P08,16,0.089
2026-04-03T01:32:17.775837,1425.7004175446707,82762,62,-9.150410942844237,0.2540636759918021,2.4753985140230923,9.482729911666247,0.10992169414295638,True,walking_dual_task,P08,16,0.089
2026-04-03T01:32:17.776914,1334.1289524949063,82762,61,-9.090047811373255,0.16082881921891728,2.3665464201260744,9.394433302799834,0.088296608866413,True,walking_dual_task,P08,16,0.089
2026-04-03T01:32:17.895466,1405.3661371663216,82767,63,-9.284588478156014,0.2441180154196254,2.465286048812681,9.60941268323045,0.21497938043061637,True,walking_dual_task,P08,16,0.089
2026-04-03T01:32:17.895792,1342.344792935451,82767,62,-7.941418870237817,0.5430223330742378,3.05800174281277,8.52715553897269,1.0822571442577615,True,walking_dual_task,P08,16,0.089
2026-04-03T01:32:17.896483,1344.0521059998907,82752,64,-8.56496052812952,0.035820067262468634,3.591005231513682,9.287365099875961,0.760209560903272,True,walking_dual_task,P08,16,0.089
2026-04-03T01:32:17.897360,1368.1789193938478,82752,62,-9.348047455480284,-0.8823594094452305,3.8693056463902575,10.155593313171588,0.8682282132956267,True,walking_dual_task,P08,16,0.089
2026-04-03T01:32:17.897904,1339.9359443716562,82681,64,-9.412435571897916,-0.8221170086623063,3.9134981720831883,10.226694857770987,0.07110154459939899,True,walking_dual_task,P08,16,0.089
2026-04-03T01:32:17.898809,1348.1602039296138,82681,64,-10.43856503276077,-1.5539733312706812,4.369989688802713,11.422577771138982,1.1958829133679956,True,walking_dual_task,P08,16,0.089
2026-04-03T01:32:17.955673,1245.9185191419353,82579,62,-10.418500799149188,-1.6254617120614414,4.313584367772087,11.392729908899696,0.02984786223928637,True,walking_dual_task,P08,16,0.089
2026-04-03T01:32:18.015749,1319.6743895417335,82579,63,-11.015856142450682,-1.3563803284826779,4.6859757398777715,12.047706121141328,0.6549762122416318,True,walking_dual_task,P08,16,0.089
2026-04-03T01:32:18.016243,1447.0929966011881,82423,63,-10.604573022169827,-1.1524109994290643,4.780432833474274,11.689206909345735,0.35849921179559274,True,walking_dual_task,P08,16,0.089
2026-04-03T01:32:18.016864,1376.8220118909749,82423,63,-10.738082854767411,-1.1890383740062298,4.512349434855374,11.708182312936062,0.018975403590326678,True,walking_dual_task,P08,16,0.089
2026-04-03T01:32:18.017451,1412.1885159133958,82271,62,-9.929431491864447,-0.9033674179741285,4.701736027772309,11.02342978017,0.684752532766062,True,walking_dual_task,P08,16,0.089
2026-04-03T01:32:18.018057,1332.5013750556307,82271,60,-9.973589805768176,-0.9524866865164172,4.671908395840088,11.054702735073207,0.031272954903206696,True,walking_dual_task,P08,16,0.089
2026-04-03T01:32:18.075652,1436.9131014980446,82291,63,-9.446515756970111,-0.6378636023076222,4.855865437124325,10.640627757105877,0.4140749779673296,True,walking_dual_task,P08,16,0.089
2026-04-03T01:32:18.076547,1275.4908752721203,82291,60,-9.083110212993521,-0.6131746526930237,4.765953884359218,10.275854744201629,0.3647730129042479,True,walking_dual_task,P08,16,0.089
2026-04-03T01:32:18.077107,1455.2751965117466,82330,63,-8.943946461125869,-0.38110632890462853,4.667000263184046,10.095559013248206,0.18029573095342322,True,walking_dual_task,P08,16,0.089
2026-04-03T01:32:18.135593,1456.7969062165996,82330,63,-8.335078307497408,-0.5514144726880024,4.5887143323838,9.530681378423484,0.5648776348247218,True,walking_dual_task,P08,16,0.089
2026-04-03T01:32:18.195720,1399.3350596471644,82361,60,-8.407026405071381,-0.656960480308608,4.738278499115573,9.672692137323283,0.14201075889979897,True,walking_dual_task,P08,16,0.089
2026-04-03T01:32:18.195893,1343.7063657356282,82361,62,-8.460920965902238,-1.0584969791625938,4.630821296708447,9.703200777485174,0.03050864016189081,True,walking_dual_task,P08,16,0.089
2026-04-03T01:32:18.196859,1304.6209822820983,82397,62,-8.424567170221668,-1.1035809260697464,4.5875832450386556,9.655938219361238,0.047262558123936316,True,walking_dual_task,P08,16,0.089
2026-04-03T01:32:18.197298,1332.3855323716957,82397,62,-9.115926566362916,-1.2575120064994825,4.925254944599326,10.43741298785823,0.7814747684969916,True,walking_dual_task,P08,16,0.089
2026-04-03T01:32:18.198050,1302.2751206618548,82371,62,-9.324060258732256,-1.1210665851456574,5.411903052338119,10.838984484014498,0.40157149615626864,True,walking_dual_task,P08,16,0.089
2026-04-03T01:32:18.255419,1410.3497697931273,82371,62,-9.407890390801466,-1.1178258868645847,5.524361085760411,10.967064407786758,0.12807992377226007,True,walking_dual_task,P08,16,0.089
2026-04-03T01:32:18.256172,1333.9107838582256,82252,62,-9.027022553566786,-1.0076771701081988,5.504794505359684,10.62098451218148,0.3460798956052784,True,walking_dual_task,P08,16,0.089
2026-04-03T01:32:18.256865,1383.108700120475,82252,63,-9.042452551071515,-1.0970053612377115,5.588597027495458,10.686523552432526,0.06553904025104629,True,walking_dual_task,P08,16,0.089
2026-04-03T01:32:18.315673,1397.6137877036301,82219,62,-8.28949186386183,-0.5807856836712634,5.104209108192515,9.752227334898649,0.9342962175338769,True,walking_dual_task,P08,16,0.089
2026-04-03T01:32:18.316053,1388.2819769585892,82219,64,-7.607690531057817,-0.09241237030045038,4.81567569453489,9.004233873987582,0.7479934609110668,True,walking_dual_task,P08,16,0.089
2026-04-03T01:32:18.316841,1424.4124908280953,82283,63,-7.652936328592321,0.06215877724293057,4.773648527548596,9.019923415841363,0.015689541853781463,True,walking_dual_task,P08,16,0.089
2026-04-03T01:32:18.375465,1263.6620348903234,82283,62,-7.400348308374794,0.14089892705690582,4.6783669508023955,8.756262040349842,0.26366137549152135,True,walking_dual_task,P08,16,0.089
2026-04-03T01:32:18.376185,1376.5136766518303,82353,63,-7.438864609667657,0.005910971459278741,4.7454073437012765,8.823583879479106,0.0673218391292636,True,walking_dual_task,P08,16,0.089
2026-04-03T01:32:18.377039,1435.9434613415924,82353,64,-7.54445906370164,-0.1090220556324293,4.6479458507344145,8.861949503571063,0.03836562409195743,True,walking_dual_task,P08,16,0.089
2026-04-03T01:32:18.435526,1336.4009118118659,82394,63,-7.559433375617937,-0.05499253762839064,4.7366653694649665,8.920989629065259,0.059040125494195905,True,walking_dual_task,P08,16,0.089
2026-04-03T01:32:18.436059,1469.0493540399425,82394,63,-7.740458865919592,-0.14903286904369406,4.778225711287567,9.09771153637321,0.17672190730795023,True,walking_dual_task,P08,16,0.089
2026-04-03T01:32:18.436711,1344.3995709661424,82402,62,-8.700503151855747,-0.3500805676569853,5.007727522349674,10.044831827233407,0.9471202908601981,True,walking_dual_task,P08,16,0.089
2026-04-03T01:32:18.495714,1362.9869900052347,82402,61,-8.558808519495892,-0.3193559357930844,5.018119839640771,9.926566285081567,0.11826554215184082,True,walking_dual_task,P08,16,0.089
2026-04-03T01:32:18.496201,1406.6128253993413,82355,61,-8.600858865843156,-0.45536047533617763,5.054379079924423,9.986434512689144,0.05986822760757704,True,walking_dual_task,P08,16,0.089
2026-04-03T01:32:18.496592,1251.4033569194376,82355,63,-9.630006392946827,-0.49132626846218597,5.002129310207838,10.862767707463787,0.8763331947746433,True,walking_dual_task,P08,16,0.089
2026-04-03T01:32:18.555679,1372.531498063133,82250,62,-10.517787303914814,-0.262035774505124,5.1095127348099245,11.696137520767142,0.8333698133033547,True,walking_dual_task,P08,16,0.089
2026-04-03T01:32:18.615609,1326.9943240029868,82250,63,-10.533173956338231,-0.277527237823768,5.1455280230660225,11.726092000251993,0.02995447948485186,True,walking_dual_task,P08,16,0.089
2026-04-03T01:32:18.675650,1378.8387056614927,82145,63,-10.752881578882814,-0.03869010134526853,5.014390095256777,11.864656219243301,0.13856421899130744,True,walking_dual_task,P08,16,0.089
2026-04-03T01:32:18.675938,1366.7864243090082,82145,62,-10.823702039554911,-0.12866880257916435,5.052258415732911,11.945475988890786,0.08081976964748527,True,walking_dual_task,P08,16,0.089
2026-04-03T01:32:18.677112,1325.3735952922873,82110,59,-10.686982627657818,-0.1679973174173349,5.060957582774413,11.825950804783574,0.11952518410721247,True,walking_dual_task,P08,16,0.089
2026-04-03T01:32:18.677199,1452.8830162002218,82110,61,-10.828226524902524,-0.08338230470272057,5.026851725769746,11.93845385953367,0.11250305475009625,True,walking_dual_task,P08,16,0.089
2026-04-03T01:32:18.678017,1358.118036028085,82031,61,-10.720880026502106,-0.12232953200732813,5.016549142892379,11.83714485676792,0.10130900276575083,True,walking_dual_task,P08,16,0.089
2026-04-03T01:32:18.678725,1421.3994913626038,82031,62,-10.772878599961382,-0.04778514228843905,5.134100813530485,11.933825367954059,0.09668051118613974,True,walking_dual_task,P08,16,0.089
2026-04-03T01:32:18.735573,1378.5163521683044,81977,63,-10.671867150746998,-0.14293529779757147,5.0014410884597575,11.786585253748553,0.14724011420550553,True,walking_dual_task,P08,16,0.089
2026-04-03T01:32:18.736022,1348.498505563789,81977,62,-10.758556306987156,-0.1322338561046701,5.083399311214551,11.899788576297059,0.11320332254850562,True,walking_dual_task,P08,16,0.089
2026-04-03T01:32:18.736620,1324.3642911580837,81982,64,-10.755676925357992,-0.1439424968622447,5.081734375305631,11.896610014043674,0.0031785622533853086,True,walking_dual_task,P08,16,0.089
2026-04-03T01:32:18.737235,1316.1855745512573,81982,62,-10.78985684942864,-0.09113773231166089,5.1263380291786325,11.946072932424952,0.0494629183812787,True,walking_dual_task,P08,16,0.089
2026-04-03T01:32:18.795692,1280.82212306345,82006,63,-10.888290299672555,0.0008203407860736256,5.139375841499392,12.040267869241532,0.09419493681657976,True,walking_dual_task,P08,16,0.089
2026-04-03T01:32:18.796310,1390.7180417891134,82006,63,-10.698943346363986,-0.07064680211184973,5.124312361668647,11.863007918706998,0.17725995053453403,True,walking_dual_task,P08,16,0.089
2026-04-03T01:32:18.915602,1433.2682247422892,82093,61,-10.802944882563395,-0.1279978134800818,4.998572300828446,11.904021447501163,0.04101352879416531,True,walking_dual_task,P08,16,0.089
2026-04-03T01:32:18.916261,1273.6623339520117,82093,62,-8.076557983398065,-0.018306696088457627,3.1284346362217637,8.661306325689253,3.2427151218119104,True,walking_dual_task,P08,16,0.089
2026-04-03T01:32:18.916780,1370.1345624349033,82189,63,-7.617690739146739,-0.18060616916156153,3.2470257705421472,8.28281396266909,0.37849236302016287,True,walking_dual_task,P08,16,0.089
2026-04-03T01:32:18.917781,1350.92453809321,82189,63,-7.507735352303628,-0.13079337466411736,3.225856592124115,8.172475009447036,0.11033895322205467,True,walking_dual_task,P08,16,0.089
2026-04-03T01:32:18.918230,1412.3350660115223,82221,62,-7.470217727240112,-0.09561315892028002,3.317484592339194,8.174288885826037,0.0018138763790016554,True,walking_dual_task,P08,16,0.089
2026-04-03T01:32:18.918700,1365.0480803346052,82221,62,-7.6501127736144365,-0.29695435409071624,3.4770573917541543,8.408468079441368,0.23417919361533102,True,walking_dual_task,P08,16,0.089
2026-04-03T01:32:18.975627,1241.2318428626038,82224,63,-7.662634419202665,-0.16324561758329653,3.389257180663786,8.38031500665044,0.02815307279092849,True,walking_dual_task,P08,16,0.089
2026-04-03T01:32:18.975934,1263.9859958119482,82224,61,-7.619452069346624,-0.27384445943783764,3.4206434047007868,8.356544855809627,0.023770150840812576,True,walking_dual_task,P08,16,0.089
2026-04-03T01:32:18.976792,1362.2608031767704,82264,61,-7.759168303449737,-0.2966946398904265,3.385938210364208,8.470967951480112,0.11442309567048525,True,walking_dual_task,P08,16,0.089
2026-04-03T01:32:18.977319,1478.001509643358,82264,63,-7.714914585812916,-0.1464138014075848,3.251962031617662,8.373565615836206,0.09740233564390621,True,walking_dual_task,P08,16,0.089
2026-04-03T01:32:19.035564,1453.333794076331,82337,63,-7.825189946065857,-0.19096896171808003,3.0342837701674794,8.39505478446994,0.021489168633733513,True,walking_dual_task,P08,16,0.089
2026-04-03T01:32:19.036144,1342.4727367762582,82337,63,-8.003883794471527,-0.26277377796172635,3.1831846538759145,8.617648774141315,0.22259398967137578,True,walking_dual_task,P08,16,0.089
2026-04-03T01:32:19.036772,1308.699792730474,82377,62,-8.731014212120526,-0.07400826181308762,3.723171781907369,9.49200160728276,0.8743528331414439,True,walking_dual_task,P08,16,0.089
2026-04-03T01:32:19.095598,1350.8219761741993,82377,63,-8.732172424614134,-0.23113970752776059,3.669185718951443,9.474554588884098,0.01744701839866103,True,walking_dual_task,P08,16,0.089
2026-04-03T01:32:19.096067,1410.8385481233038,82318,62,-9.845098064563048,-0.28632816596455046,4.356073994201725,10.769555253697726,1.295000664813628,True,walking_dual_task,P08,16,0.089
2026-04-03T01:32:19.096810,1305.3101871713072,82318,62,-10.734882011609677,-1.047332965361562,4.951199424359736,11.867981036524041,1.0984257828263146,True,walking_dual_task,P08,16,0.089
2026-04-03T01:32:19.155612,1345.8286537649092,82232,61,-10.901543477536926,-1.1884252870444048,4.996275630758577,12.05067529369315,0.1826942571691088,True,walking_dual_task,P08,16,0.089
2026-04-03T01:32:19.156180,1355.0755866179757,82232,63,-10.990687075546663,-1.7611482711277968,5.327652465495566,12.340207713753681,0.2895324200605316,True,walking_dual_task,P08,16,0.089
2026-04-03T01:32:19.156711,1386.9327730008101,82162,63,-11.014760851021043,-1.8514866304070312,5.293827813813992,12.360322498627308,0.020114784873626945,True,walking_dual_task,P08,16,0.089
2026-04-03T01:32:19.215724,1355.9693767257588,82162,63,-10.409095437647418,-1.6064555460714787,5.519106699357726,11.89077398702252,0.4695485116047884,True,walking_dual_task,P08,16,0.089
2026-04-03T01:32:19.216091,1425.5684368630473,82148,61,-8.88437365292458,-0.8266908488479703,5.754965924018565,10.617680808489409,1.2730931785331112,True,walking_dual_task,P08,16,0.089
2026-04-03T01:32:19.216781,1410.837801423228,82148,61,-8.918224784715443,-0.8146825061551966,5.643460785031834,10.585229828810533,0.03245097967887567,True,walking_dual_task,P08,16,0.089
2026-04-03T01:32:19.275974,1367.4380541404987,82255,60,-8.179655130165893,-0.5128524223983282,5.453304394527714,9.844201566149705,0.7410282626608282,True,walking_dual_task,P08,16,0.089
2026-04-03T01:32:19.276556,1410.6914867453643,82255,62,-8.185177519682549,-0.5694262612077435,5.505448580470025,9.880857319477345,0.03665575332763993,True,walking_dual_task,P08,16,0.089
2026-04-03T01:32:19.277059,1411.008121593162,82383,65,-8.322305008567854,-0.6699582389308308,4.686562958450352,9.57462673220548,0.30623058727186425,True,walking_dual_task,P08,16,0.089
2026-04-03T01:32:19.335522,1298.935056079512,82383,62,-8.609772899188435,-1.5093272052207773,4.633956088178334,9.893422411642204,0.3187956794367235,True,walking_dual_task,P08,16,0.089
2026-04-03T01:32:19.336088,1388.374040858281,82339,63,-8.50571504164185,-1.4902346413896708,4.733686249087548,9.847627793576013,0.045794618066191006,True,walking_dual_task,P08,16,0.089
2026-04-03T01:32:19.336656,1285.3156197495532,82339,61,-8.855350111652442,-2.1697894701569074,5.122540209818332,10.457802357376636,0.6101745638006228,True,walking_dual_task,P08,16,0.089
2026-04-03T01:32:19.395524,1376.1194658306215,82255,63,-8.86327416976258,-2.2387715545968176,5.155779058304786,10.495322042705816,0.03751968532917971,True,walking_dual_task,P08,16,0.089
2026-04-03T01:32:19.395965,1374.5661779830325,82255,64,-9.055864928007583,-2.3718126995788955,5.349699076485429,10.782090023977288,0.2867679812714723,True,walking_dual_task,P08,16,0.089
2026-04-03T01:32:19.396620,1399.4245185829607,82254,61,-8.714967689091154,-2.465223920996745,5.291301325738468,10.48932126127897,0.29276876269831753,True,walking_dual_task,P08,16,0.089
2026-04-03T01:32:19.455730,1404.4449964728244,82254,64,-8.618463811885908,-2.5588466089674595,5.262378176549839,10.417208768093268,0.07211249318570268,True,walking_dual_task,P08,16,0.089
2026-04-03T01:32:19.456163,1427.8967508901533,82285,62,-8.631059439755608,-2.4463745620562842,5.2726392158446185,10.405799337433574,0.011409430659693243,True,walking_dual_task,P08,16,0.089
2026-04-03T01:32:19.456716,1438.095013226406,82285,63,-8.329161139154802,-2.2017888006043966,5.040704861029202,9.981558230079955,0.42424110735361964,True,walking_dual_task,P08,16,0.089
2026-04-03T01:32:19.516047,1384.0225793950908,82305,64,-8.337918121903535,-2.1776013709317157,5.031489989030324,9.978913660712944,0.0026445693670105186,True,walking_dual_task,P08,16,0.089
2026-04-03T01:32:19.635783,1425.2181222234342,82305,62,-8.001271641967149,-2.101637426418788,4.718477962006415,9.523721018520654,0.4551926421922907,True,walking_dual_task,P08,16,0.089
2026-04-03T01:32:19.636116,1342.9744950605573,82336,62,-7.698757730171964,-2.261919349211571,4.373684487084146,9.138723418660879,0.38499759985977455,True,walking_dual_task,P08,16,0.089
2026-04-03T01:32:19.636705,1404.717405160574,82336,62,-7.810690636909502,-2.302056463306164,4.500123726570567,9.30362648326978,0.16490306460890025,True,walking_dual_task,P08,16,0.089
2026-04-03T01:32:19.637333,1319.7872062871354,82359,61,-7.405430679468939,-2.1605581752691223,4.312098533271905,8.837568044308782,0.46605843896099763,True,walking_dual_task,P08,16,0.089
2026-04-03T01:32:19.638073,1365.3108267303676,82359,62,-7.378014757653469,-2.2354442491851705,4.39194449732915,8.872513128927295,0.03494508461851353,True,walking_dual_task,P08,16,0.089
2026-04-03T01:32:19.639089,1418.689713015065,82355,64,-7.496316213216972,-2.176581898373276,4.312424389354543,8.917918459078091,0.045405330150796175,True,walking_dual_task,P08,16,0.089
2026-04-03T01:32:19.695823,1374.5615029914363,82355,60,-7.402563843013262,-2.153614682826239,4.4214469849762565,8.887361874759442,0.03055658431864927,True,walking_dual_task,P08,16,0.089
2026-04-03T01:32:19.695953,1326.4468361921026,82338,63,-7.413817836890612,-2.155107148791453,4.243110295435851,8.809833524000503,0.07752835075893927,True,walking_dual_task,P08,16,0.089
2026-04-03T01:32:19.696697,1302.9564407351013,82338,60,-7.378321367119181,-2.2181264870880453,4.380907172415583,8.862959943637978,0.053126419637475664,True,walking_dual_task,P08,16,0.089
2026-04-03T01:32:19.697577,1379.784434122581,82325,61,-7.339883189143699,-2.091137581828849,4.397634245789556,8.808287493954335,0.054672449683643265,True,walking_dual_task,P08,16,0.089
2026-04-03T01:32:19.697880,1382.7572637763747,82325,63,-7.407169150600805,-2.216998026742662,4.334891724845068,8.864114244656562,0.0558267507022272,True,walking_dual_task,P08,16,0.089
2026-04-03T01:32:19.755586,1341.1336743113811,82290,62,-7.64625663014899,-2.2800424604874836,4.375035510415274,9.09971262145777,0.23559837680120843,True,walking_dual_task,P08,16,0.089
2026-04-03T01:32:19.756116,1336.0162487047469,82290,61,-7.401851096960428,-2.168704485926506,4.4436418877228485,8.901496056010872,0.19821656544689858,True,walking_dual_task,P08,16,0.089
2026-04-03T01:32:19.756836,1378.5056811509692,82229,63,-7.373209343390506,-2.2254724272087874,4.333572155150421,8.837238888341918,0.06425716766895384,True,walking_dual_task,P08,16,0.089
2026-04-03T01:32:19.815661,1386.8709815049376,82229,62,-7.375307814914418,-2.3314772231325827,4.358707917411231,8.878585817348789,0.041346929006870425,True,walking_dual_task,P08,16,0.089
2026-04-03T01:32:19.875777,1373.8883836003995,82126,62,-7.359177856158961,-2.125352956998219,4.404940554395132,8.836182727748243,0.04240308960054584,True,walking_dual_task,P08,16,0.089
2026-04-03T01:32:19.876381,1345.0777487991243,82126,63,-9.748651922148543,-1.3541916103955847,6.183139298275798,11.623306792765938,2.7871240650176947,True,walking_dual_task,P08,16,0.089
2026-04-03T01:32:19.935758,1455.0023194563032,82068,64,-9.465415124951535,-0.7127808280784299,5.875004692882102,11.163235200331675,0.46007159243426266,True,walking_dual_task,P08,16,0.089
2026-04-03T01:32:19.936184,1368.6400772540717,82068,63,-9.27343018576119,-0.6490154681350071,5.401847213559289,10.751636238577996,0.41159896175367905,True,walking_dual_task,P08,16,0.089
2026-04-03T01:32:19.936804,1356.5797793779466,82083,62,-9.314933999962383,-0.6632497297866898,5.360437322705775,10.767645235536616,0.016008996958619903,True,walking_dual_task,P08,16,0.089
2026-04-03T01:32:19.937418,1318.5612279001416,82083,62,-9.589458943383503,-0.5779823371386064,4.854946456264506,10.763934759281911,0.0037104762547048864,True,walking_dual_task,P08,16,0.089
2026-04-03T01:32:19.938026,1356.5983908268538,82083,63,-9.708762059036726,-0.6274465360929277,4.910619864578968,10.898070348875695,0.13413558959378413,True,walking_dual_task,P08,16,0.089
2026-04-03T01:32:19.938814,1367.865258539022,82083,64,-9.673206987794487,-0.5566730119832171,4.494840631162356,10.681030407715099,0.21703994116059633,True,walking_dual_task,P08,16,0.089
2026-04-03T01:32:19.995593,1352.0306642448597,82048,62,-9.736871192120919,-0.5257354588335651,4.306722825769452,10.659780480039577,0.021249927675521363,True,walking_dual_task,P08,16,0.089
2026-04-03T01:32:20.055736,1435.4508693302419,82048,63,-9.146990443887683,-0.08715013100744198,4.142308805220766,10.041601045835106,0.6181794342044711,True,walking_dual_task,P08,16,0.089
2026-04-03T01:32:20.056228,1410.2198142035393,81950,65,-8.965585901573322,0.17518283214568098,3.9692111203182803,9.806480331945156,0.23512071388995004,True,walking_dual_task,P08,16,0.089
2026-04-03T01:32:20.056764,1333.9735817616618,81950,61,-8.84786630584077,0.18106211984058224,3.9438604860416486,9.688733518403435,0.11774681354172145,True,walking_dual_task,P08,16,0.089
2026-04-03T01:32:20.057307,1365.9835033075153,81891,65,-8.908991228285192,0.24054245215320508,4.104033304086287,9.811782444489879,0.1230489260864438,True,walking_dual_task,P08,16,0.089
2026-04-03T01:32:20.058040,1426.518906748592,81891,63,-8.983257021650433,0.20376603637186805,4.14259132484281,9.894518189344714,0.08273574485483515,True,walking_dual_task,P08,16,0.089
2026-04-03T01:32:20.115710,1359.8492027571629,81890,62,-8.594183635819387,-0.11348315981200995,4.186414687709193,9.56027921826627,0.33423897107844347,True,walking_dual_task,P08,16,0.089
2026-04-03T01:32:20.116041,1365.1726410010135,81890,64,-8.19115315898112,-0.7095154920085347,4.327479347473014,9.291150618200739,0.26912860006553174,True,walking_dual_task,P08,16,0.089
2026-04-03T01:32:20.116933,1345.8036142338435,81925,62,-8.199410754296904,-0.5777843756481948,4.227357304057958,9.243090461452548,0.04806015674819086,True,walking_dual_task,P08,16,0.089
2026-04-03T01:32:20.175630,1342.7532375534738,81925,63,-7.668352973340008,-0.6716216881217543,4.210195103641545,8.773850684073402,0.4692397773791459,True,walking_dual_task,P08,16,0.089
2026-04-03T01:32:20.176000,1406.5261390151868,81983,62,-7.861053429556301,-0.7105702946514165,3.9989213705900517,8.848301718077977,0.07445103400457498,True,walking_dual_task,P08,16,0.089
2026-04-03T01:32:20.177034,1367.6019795484885,81983,63,-7.5506999750811294,-0.32281651226215335,3.7389523720065743,8.431906395021997,0.4163953230559798,True,walking_dual_task,P08,16,0.089
2026-04-03T01:32:20.235826,1343.6288153898547,82077,62,-7.378043596519867,-0.15951683675364733,3.2613092229748926,8.068278055521933,0.3636283395000639,True,walking_dual_task,P08,16,0.089
2026-04-03T01:32:20.236143,1390.5130918400826,82077,63,-7.485757568805207,-0.11287162239573877,3.1628628311671814,8.127300146472109,0.059022090950175965,True,walking_dual_task,P08,16,0.089
2026-04-03T01:32:20.236676,1470.3333333029047,82175,63,-7.501801881099496,-0.3234040334375493,3.036930977207414,8.099664893835646,0.027635252636462937,True,walking_dual_task,P08,16,0.089
2026-04-03T01:32:20.295567,1409.6201963600022,82175,64,-7.49808816374785,-0.26708682456174826,2.945692929820405,8.060382641040313,0.03928225279533315,True,walking_dual_task,P08,16,0.089
2026-04-03T01:32:20.296004,1316.0080461323669,82254,63,-7.854083078375532,-0.7350821683403218,2.954113591492566,8.423405125463093,0.36302248442278007,True,walking_dual_task,P08,16,0.089
2026-04-03T01:32:20.296796,1284.397784625459,82254,62,-8.677113856971356,-1.2157473963539465,3.115284658117822,9.29921206983097,0.8758069443678771,True,walking_dual_task,P08,16,0.089
2026-04-03T01:32:20.355800,1351.8431136270995,82302,61,-8.712181292094035,-1.1357719947223417,3.1914619163089593,9.34759381089911,0.048381741068139306,True,walking_dual_task,P08,16,0.089
2026-04-03T01:32:20.356210,1342.8157257350379,82302,64,-9.9028328440493,-1.8113330351492434,3.24222760069296,10.5763446197682,1.2287508088690906,True,walking_dual_task,P08,16,0.089
2026-04-03T01:32:20.356831,1342.1855451703939,82310,62,-9.789605630932112,-1.7163650336509566,3.2329868315883457,10.45153056691416,0.12481405285404001,True,walking_dual_task,P08,16,0.089
2026-04-03T01:32:20.415750,1321.2665724696965,82310,63,-10.67158553263933,-2.318477563176635,3.2901461910246645,11.405399508553158,0.9538689416389978,True,walking_dual_task,P08,16,0.089
2026-04-03T01:32:20.416014,1495.684134840969,82281,61,-10.70614295589133,-2.276085764154584,3.34011065842393,11.443705807485872,0.038306298932713645,True,walking_dual_task,P08,16,0.089
2026-04-03T01:32:20.416689,1332.0310269400163,82281,62,-11.001148972886417,-1.4535822465272001,3.5505191580608297,11.650938432710728,0.2072326252248562,True,walking_dual_task,P08,16,0.089
2026-04-03T01:32:20.475743,1380.341165590752,82231,61,-11.014057350181687,-0.739064892878577,4.479585591261167,11.913117278798675,0.26217884608794684,True,walking_dual_task,P08,16,0.089
2026-04-03T01:32:20.476144,1395.7096244830886,82231,61,-10.962300695388477,-0.6893999309488165,4.733526252920907,11.960500808410924,0.04738352961224912,True,walking_dual_task,P08,16,0.089
2026-04-03T01:32:20.476775,1263.4088342875762,82196,61,-10.958731100987919,-0.7920139099768795,5.785693916652999,12.417541120308492,0.45704031189756833,True,walking_dual_task,P08,16,0.089
2026-04-03T01:32:20.535633,1358.5875598191724,82196,63,-10.881778293976314,-0.7948297673628503,5.680984819605871,12.301156113103048,0.11638500720544442,True,walking_dual_task,P08,16,0.089
2026-04-03T01:32:20.536280,1407.9954233968863,82186,63,-10.321959153408411,-1.1711037730885174,5.7001582543381195,11.849309217691673,0.451846895411375,True,walking_dual_task,P08,16,0.089
2026-04-03T01:32:20.536648,1372.7181139327745,82186,63,-10.255926505546357,-1.1911934423651076,5.624521269467643,11.757474635949501,0.0918345817421713,True,walking_dual_task,P08,16,0.089
2026-04-03T01:32:20.655807,1352.8694369018722,82223,63,-9.673112881882227,-1.0765568941607757,5.342353753843038,11.102649737932012,0.6548248980174893,True,walking_dual_task,P08,16,0.089
2026-04-03T01:32:20.656228,1322.0298052582518,82223,63,-9.677428605962978,-0.8909266442114069,5.214550885017932,11.028958048760439,0.07369168917157332,True,walking_dual_task,P08,16,0.089
2026-04-03T01:32:20.657198,1406.2857670470316,82248,60,-9.77799659632942,-0.9555238167521243,5.203049707422119,11.117282467407026,0.08832441864658769,True,walking_dual_task,P08,16,0.089
2026-04-03T01:32:20.715595,1273.3218292669337,82248,63,-9.733406391658486,-0.890629168132529,5.287903704861734,11.112800992198013,0.004481475209013652,True,walking_dual_task,P08,16,0.089
2026-04-03T01:32:20.716059,1394.2642044373538,82207,62,-9.625038951702244,-1.0062050785083594,5.186849129147491,10.979855525932003,0.13294546626601011,True,walking_dual_task,P08,16,0.089
2026-04-03T01:32:20.716664,1436.9660484291978,82207,62,-9.763990929758213,-0.9452184682375164,5.261101438450287,11.131403558166491,0.15154803223448887,True,walking_dual_task,P08,16,0.089
2026-04-03T01:32:20.717471,1365.7565195261095,82153,64,-9.702259425826714,-0.9610576803733087,5.253832255887722,11.075207591916916,0.056195966249575235,True,walking_dual_task,P08,16,0.089
2026-04-03T01:32:20.718239,1417.1139441228624,82153,62,-9.641179306436047,-1.0061767340315504,5.12007910487848,10.962661176884483,0.11254641503243334,True,walking_dual_task,P08,16,0.089
2026-04-03T01:32:20.718723,1368.8684977577943,82194,62,-9.7615058796574,-0.9496870615505774,5.1453645980673866,11.07536362385036,0.11270244696587639,True,walking_dual_task,P08,16,0.089
2026-04-03T01:32:20.775774,1358.0061793884724,82194,61,-9.618465931569238,-1.0495672782259668,5.247423586363132,11.00690386271275,0.06845976113760877,True,walking_dual_task,P08,16,0.089
2026-04-03T01:32:20.776226,1361.2197956524558,82184,63,-9.766660717464694,-0.9957062962873553,5.192271695850735,11.105799294155595,0.09889543144284474,True,walking_dual_task,P08,16,0.089
2026-04-03T01:32:20.776914,1312.0925161757068,82184,62,-9.69961496410462,-0.9654841578226752,5.14495307895397,11.022033945489678,0.08376534866591712,True,walking_dual_task,P08,16,0.089
2026-04-03T01:32:20.835577,1394.688042956092,82163,60,-9.637745380988953,-1.0513113781242178,5.284566847112706,11.04165016671648,0.0196162212268014,True,walking_dual_task,P08,16,0.089
2026-04-03T01:32:20.836018,1367.4431599864527,82163,60,-7.641889306151433,-1.6174281472885654,4.420848689519386,8.975435873245278,2.0662142934712016,True,walking_dual_task,P08,16,0.089
2026-04-03T01:32:20.895603,1263.446779274737,82188,62,-7.155087474343396,-1.010868083786747,4.734714432899624,8.639134899365356,0.3363009738799221,True,walking_dual_task,P08,16,0.089
2026-04-03T01:32:20.896208,1310.2470716421649,82188,59,-7.183268937792318,-0.9066252670518606,4.65611097539642,8.608175847571646,0.030959051793709946,True,walking_dual_task,P08,16,0.089
2026-04-03T01:32:20.896819,1436.846802473134,82201,62,-7.463313758466701,-0.41206407824664815,4.924101157574079,8.95084472393092,0.3426688763592747,True,walking_dual_task,P08,16,0.089
2026-04-03T01:32:20.955676,1346.3711234261666,82201,61,-8.053979187563614,-0.3446679796505058,5.013596728534117,9.49323595652569,0.5423912325947686,True,walking_dual_task,P08,16,0.089
2026-04-03T01:32:20.956042,1423.7658741720497,82192,62,-7.972529453504896,-0.3617352655065349,5.175525710162236,9.512000035001286,0.01876407847559669,True,walking_dual_task,P08,16,0.089
2026-04-03T01:32:20.957103,1349.5273965899555,82192,61,-8.653300610277714,-0.7120248247300518,5.379150750855363,10.21380700832419,0.7018069733229044,True,walking_dual_task,P08,16,0.089
2026-04-03T01:32:21.015890,1461.652931858515,82154,63,-8.566119720995806,-0.6570746613767047,5.245670999652446,10.066142181672742,0.14766482665144842,True,walking_dual_task,P08,16,0.089
2026-04-03T01:32:21.075597,1305.5082696570323,82154,62,-8.834375747868695,-0.8298239076943634,5.267298194274268,10.318877499016871,0.25273531734412913,True,walking_dual_task,P08,16,0.089
2026-04-03T01:32:21.135718,1397.4998455909758,82107,62,-9.015660519386074,-0.8578225772322107,5.226919476399799,10.456513825725745,0.13763632670887382,True,walking_dual_task,P08,16,0.089
2026-04-03T01:32:21.195997,1340.5800216612913,82107,60,-8.978936357132925,-0.8227731187988475,5.100913972922685,10.35941972649141,0.09709409923433476,True,walking_dual_task,P08,16,0.089
2026-04-03T01:32:21.256027,1370.3745109848496,82081,61,-9.572930171442367,-0.7831129172733667,5.017339290590438,10.836417833648467,0.4769981071570566,True,walking_dual_task,P08,16,0.089
2026-04-03T01:32:21.256137,1395.4762945552611,82081,60,-9.608102422212625,-0.7707874916016041,5.034836138182102,10.874710131827976,0.03829229817950974,True,walking_dual_task,P08,16,0.089
2026-04-03T01:32:21.256852,1315.1061008389047,82030,61,-10.317684987448592,-1.1607210933385899,5.037233354016234,11.540174037663247,0.6654639058352707,True,walking_dual_task,P08,16,0.089
2026-04-03T01:32:21.257455,1386.166202138169,82030,62,-10.120502611992348,-1.0385009038826678,4.895041769201929,11.290017323677613,0.25015671398563377,True,walking_dual_task,P08,16,0.089
2026-04-03T01:32:21.258171,1368.211137367697,81974,61,-10.169073202372005,-1.0176209727510235,4.930144814302747,11.346890769253903,0.05687344557629004,True,walking_dual_task,P08,16,0.089
2026-04-03T01:32:21.258821,1331.8210676948966,81974,62,-9.954619711749874,-0.74096011553754,4.83646821850094,11.092109823065503,0.25478094618840075,True,walking_dual_task,P08,16,0.089
2026-04-03T01:32:21.375610,1376.6800343638047,81981,61,-9.864484881866447,-0.6221784166575611,4.63954452493188,10.918815932396313,0.1732938906691892,True,walking_dual_task,P08,16,0.089
2026-04-03T01:32:21.375795,1340.4679709987497,81981,60,-9.860944989358462,-0.22099961065084223,4.491770820004199,10.838038660685003,0.08077727171131066,True,walking_dual_task,P08,16,0.089
2026-04-03T01:32:21.376730,1360.8229886728845,82004,62,-9.754718355561508,0.051888594856209835,4.017337926130394,10.549702679949347,0.28833598073565625,True,walking_dual_task,P08,16,0.089
2026-04-03T01:32:21.377226,1367.7279860962105,82004,60,-9.577725202973117,0.09528588285345296,4.05376102755743,10.400715260580931,0.14898741936841553,True,walking_dual_task,P08,16,0.089
2026-04-03T01:32:21.378013,1386.891965714567,82044,61,-9.335249467122315,-0.1673850882453023,3.405335224034431,9.938370508751623,0.462344751829308,True,walking_dual_task,P08,16,0.089
2026-04-03T01:32:21.378780,1350.1714648419809,82044,63,-9.386782157295785,-0.11192466235109144,3.440633869554405,9.998108212201638,0.059737703450014834,True,walking_dual_task,P08,16,0.089
2026-04-03T01:32:21.435845,1359.2175273971864,82106,61,-8.793724810776348,-0.16545844139070404,2.924989811974735,9.268901657890591,0.7292065543110464,True,walking_dual_task,P08,16,0.089
2026-04-03T01:32:21.436237,1207.8924500066641,82106,61,-8.710250417431313,-0.22337603167688608,2.8900092710383603,9.179897209259904,0.08900444863068735,True,walking_dual_task,P08,16,0.089
2026-04-03T01:32:21.436909,1339.6938745656848,82074,62,-8.546491844075085,-0.16661401475229703,2.5882144179494144,8.931356948640842,0.24854026061906254,True,walking_dual_task,P08,16,0.089
2026-04-03T01:32:21.437550,1310.4983009921607,82074,62,-8.2251714930243,-0.34716744321275017,2.6101322768662905,8.636362766004314,0.2949941826365272,True,walking_dual_task,P08,16,0.089
2026-04-03T01:32:21.438062,1317.5896267809749,82060,60,-8.306115393283108,-0.2676340191601219,2.6179507618354223,8.713027435176654,0.07666466917233983,True,walking_dual_task,P08,16,0.089
2026-04-03T01:32:21.438992,1321.430547565696,82060,59,-8.146783744997624,-0.6088616640102751,2.676478331134381,8.596763005381197,0.11626442979545715,True,walking_dual_task,P08,16,0.089
2026-04-03T01:32:21.495584,1363.4662601040707,82107,62,-8.17634328660463,-0.6262698334796404,2.8074711954121137,8.667565861174634,0.07080285579343659,True,walking_dual_task,P08,16,0.089
2026-04-03T01:32:21.496153,1357.820377574261,82107,62,-8.158281314280552,-0.6704306771954133,3.081261705334399,8.746496726840075,0.07893086566544127,True,walking_dual_task,P08,16,0.089
2026-04-03T01:32:21.496524,1385.1893569718147,82135,61,-7.533535191109521,-0.8394296147459647,2.982367185724585,8.145754021837691,0.6007427050023839,True,walking_dual_task,P08,16,0.089
2026-04-03T01:32:21.497307,1344.8295375472903,82135,62,-7.689785669318304,-0.7917308135141533,2.8811344767451357,8.249883465492735,0.10412944365504373,True,walking_dual_task,P08,16,0.089
2026-04-03T01:32:21.497970,1408.461719286995,82177,61,-7.285069216961568,-0.9752845654932643,2.491667647624661,7.760916256849434,0.48896720864330057,True,walking_dual_task,P08,16,0.089
2026-04-03T01:32:21.499233,1242.913050674729,82177,60,-7.456265597950088,-0.8067901920652769,2.7516882003936947,7.988654144057846,0.22773788720841193,True,walking_dual_task,P08,16,0.089
2026-04-03T01:32:21.555694,1303.7815718869701,82265,61,-7.543406763838422,-1.183654741074066,2.533167109804941,8.044933794444047,0.05627965038620086,True,walking_dual_task,P08,16,0.089
2026-04-03T01:32:21.556168,1360.2955438553133,82265,59,-7.95736448092554,-1.977923877866408,2.764256828897681,8.652915587536778,0.6079817930927316,True,walking_dual_task,P08,16,0.089
2026-04-03T01:32:21.556801,1372.2645638996141,82345,60,-8.12079119316813,-1.8760258173306374,2.8303598702617063,8.802139482280204,0.14922389474342523,True,walking_dual_task,P08,16,0.089
2026-04-03T01:32:21.615492,1380.6259319115038,82345,61,-8.07477606927399,-1.9437899485155758,2.775787703595675,8.757015776410537,0.045123705869666964,True,walking_dual_task,P08,16,0.089
2026-04-03T01:32:21.616151,1370.357933652555,82361,60,-8.140288742612448,-1.7662390396734378,2.705760941933577,8.758141551337406,0.0011257749268693829,True,walking_dual_task,P08,16,0.089
2026-04-03T01:32:21.616731,1207.5756520088273,82361,62,-8.084523030549946,-1.8545449998144825,2.8952842028602546,8.785301383741,0.02715983240359421,True,walking_dual_task,P08,16,0.089
2026-04-03T01:32:21.675568,1373.4862587041553,82318,60,-7.9837382052392165,-1.8915923232947818,2.7893480552470793,8.665948293213773,0.11935309052722687,True,walking_dual_task,P08,16,0.089
2026-04-03T01:32:21.676096,1406.9791896656745,82318,61,-7.999465367107686,-1.9105512656390438,2.851521252639433,8.70475879921119,0.0388105059974162,True,walking_dual_task,P08,16,0.089
2026-04-03T01:32:21.676969,1405.9268302015917,82031,62,-8.04012274774344,-2.000754516404972,2.8927693327899835,8.775802347730185,0.07104354851899508,True,walking_dual_task,P08,16,0.089
2026-04-03T01:32:21.735509,1402.779985697107,82031,62,-8.0336212567435,-1.8697586875452483,2.6945196454131386,8.677298206583043,0.09850414114714212,True,walking_dual_task,P08,16,0.089
2026-04-03T01:32:21.735900,1383.7656629749008,81939,61,-8.152987309793923,-1.969133409125209,2.748051572564115,8.826124625341857,0.14882641875881397,True,walking_dual_task,P08,16,0.089
2026-04-03T01:32:21.736554,1408.4197452393596,81939,62,-8.097144343982604,-1.853850254489328,2.7232387481637845,8.741655253603879,0.08446937173797764,True,walking_dual_task,P08,16,0.089
2026-04-03T01:32:21.795715,1365.5928570204328,82078,62,-8.178821852030973,-1.9253944808583416,2.7738469810210904,8.848417817231448,0.1067625636275693,True,walking_dual_task,P08,16,0.089
2026-04-03T01:32:21.796109,1482.936639860684,82078,62,-8.06024910195741,-1.9042869929642907,2.7729894121243595,8.734036570620255,0.11438124661119353,True,walking_dual_task,P08,16,0.089
2026-04-03T01:32:21.796728,1384.9517537031445,82186,59,-8.064346393420513,-1.8483065345604492,2.8372614055583156,8.746426246315922,0.01238967569566718,True,walking_dual_task,P08,16,0.089
2026-04-03T01:32:21.855499,1361.751339436584,82186,63,-8.489656126758753,0.7080230773894916,4.158615715023592,9.479960047066111,0.7335338007501893,True,walking_dual_task,P08,16,0.089
2026-04-03T01:32:21.855979,1404.7045324123924,82207,60,-7.4706858658817366,0.19644882948697415,4.037258775544289,8.494068393296661,0.9858916537694498,True,walking_dual_task,P08,16,0.089
2026-04-03T01:32:21.856732,1402.1580080737122,82207,59,-7.606989197969925,0.2271645273288474,4.13162154526757,8.659571870123075,0.1655034768264141,True,walking_dual_task,P08,16,0.089
2026-04-03T01:32:21.915588,1409.5888444383952,82275,58,-7.685710990708448,-1.0335618163951237,4.189374274347098,8.814151137322748,0.1545792671996722,True,walking_dual_task,P08,16,0.089
2026-04-03T01:32:21.915952,1334.0161887494635,82275,59,-8.790379935364115,-1.1247393808016382,4.220012699039736,9.815514518497475,1.001363381174727,True,walking_dual_task,P08,16,0.089
2026-04-03T01:32:21.916726,1370.0911186317244,82284,58,-8.715813224678906,-1.143941832972424,4.096248946220755,9.6981059240517,0.11740859444577545,True,walking_dual_task,P08,16,0.089
2026-04-03T01:32:21.975607,1414.2626251390307,82284,59,-9.288550763272426,-1.0592375498293607,4.552113265040567,10.398119764967873,0.7000138409161742,True,walking_dual_task,P08,16,0.089
2026-04-03T01:32:21.976026,1345.06405999806,82153,58,-9.479007152863023,-0.9981008186095046,4.5735375136135925,10.571897995940375,0.173778230972502,True,walking_dual_task,P08,16,0.089
2026-04-03T01:32:21.976955,1410.1907355773321,82153,58,-9.387079422653404,-0.5683159740136424,4.5042035283488255,10.427276372970654,0.14462162296972103,True,walking_dual_task,P08,16,0.089
2026-04-03T01:32:22.035466,1387.990932253241,82055,58,-8.442912041123645,-0.2536652967847388,4.449356059457048,9.546930352776785,0.8803460201938691,True,walking_dual_task,P08,16,0.089
2026-04-03T01:32:22.036041,1365.7098800272568,82055,58,-8.232946198418817,-0.1322911039427368,4.506972818548188,9.386783689282153,0.1601466634946327,True,walking_dual_task,P08,16,0.089
2026-04-03T01:32:22.036708,1335.2327904621568,81965,58,-7.908305140386362,0.04257286912668784,4.512522439161984,9.105271078149594,0.281512611132559,True,walking_dual_task,P08,16,0.089
2026-04-03T01:32:22.095653,1407.0663937998447,81965,58,-7.829892093815096,-0.0010706775476384614,4.377951771866541,8.970711959701301,0.13455911844829238,True,walking_dual_task,P08,16,0.089
2026-04-03T01:32:22.096095,1394.3458521944092,81956,58,-7.821664804197072,0.061627490786966624,4.335472588524551,8.943073343246363,0.02763861645493826,True,walking_dual_task,P08,16,0.089
2026-04-03T01:32:22.096681,1468.8242342278231,81956,58,-8.26116925096436,0.0038135756408975204,4.585426197340403,9.448442482636695,0.5053691393903321,True,walking_dual_task,P08,16,0.089
2026-04-03T01:32:22.155749,1436.171701799413,82014,59,-8.260551817228253,0.07958566498624646,4.536398352269037,9.424540318426862,0.023902164209832932,True,walking_dual_task,P08,16,0.089
2026-04-03T01:32:22.156252,1369.8872534862908,82014,59,-9.02773043069737,-0.18660963896004248,4.9372819631661145,10.291330966910818,0.8667906484839563,True,walking_dual_task,P08,16,0.089
2026-04-03T01:32:22.157058,1403.7807803587707,82021,58,-9.056056218760073,-0.20795509115819677,4.96691010005411,10.330808075813874,0.039477108903055225,True,walking_dual_task,P08,16,0.089
2026-04-03T01:32:22.215767,1363.617031570419,82021,58,-10.4116657201152,-0.37063820397922537,5.149220971952154,11.62130080342398,1.290492727610106,True,walking_dual_task,P08,16,0.089
2026-04-03T01:32:22.216183,1410.5868719076043,81906,58,-11.098234860355625,-0.05174776722464282,5.240302380730912,12.273315114039875,0.6520143106158951,True,walking_dual_task,P08,16,0.089
2026-04-03T01:32:22.216826,1385.5026621849902,81906,58,-11.179044442038178,-0.18680948887949306,5.176556770923411,12.320822717042605,0.04750760300272994,True,walking_dual_task,P08,16,0.089
2026-04-03T01:32:22.275776,1415.7028095160397,81784,60,-11.132930703310958,-0.2703036431689779,5.137605872253825,12.264183796847274,0.05663892019533101,True,walking_dual_task,P08,16,0.089
2026-04-03T01:32:22.276387,1385.314429000465,81784,58,-11.10112264391927,-0.09332754673952509,5.154184920333574,12.239659152905835,0.024524643941438384,True,walking_dual_task,P08,16,0.089
2026-04-03T01:32:22.276916,1418.9552696844034,81733,60,-10.787071355923809,-0.46954165530814385,4.738319310476327,11.791227573577498,0.44843157932833755,True,walking_dual_task,P08,16,0.089
2026-04-03T01:32:22.395781,1298.4712832015257,81733,59,-10.907600565805005,-0.41201252608628536,4.638227338882801,11.859960255918292,0.06873268234079433,True,walking_dual_task,P08,16,0.089
2026-04-03T01:32:22.396186,1407.3171577321377,81708,59,-10.855308664702441,-0.5244282851588506,4.115128647548083,11.62097392726227,0.2389863286560221,True,walking_dual_task,P08,16,0.089
2026-04-03T01:32:22.455864,1375.748465981895,81708,58,-10.475608018589444,-0.30323330211374644,3.7072804643750117,11.116395199712128,0.5045787275501414,True,walking_dual_task,P08,16,0.089
2026-04-03T01:32:22.515548,1345.714511039922,81683,59,-10.594232091585988,-0.2915247020577109,3.5600306408621103,11.180185974579196,0.06379077486706741,True,walking_dual_task,P08,16,0.089
2026-04-03T01:32:22.515946,1324.0448256384577,81683,57,-9.943994845202164,0.04925155093580879,3.478198607503999,10.534862350781786,0.6453236237974096,True,walking_dual_task,P08,16,0.089
2026-04-03T01:32:22.516481,1274.9423935126622,81703,59,-9.950011201804845,-0.12946195818483414,3.4299976176102533,10.52541528736377,0.009447063418015489,True,walking_dual_task,P08,16,0.089
2026-04-03T01:32:22.517256,1347.662520251916,81703,60,-9.566721141249754,0.09246083075123906,3.3105263046172384,10.123748654190349,0.40166663317342177,True,walking_dual_task,P08,16,0.089
2026-04-03T01:32:22.518371,1448.958313538384,81744,56,-8.875082099058613,0.20273902279770148,3.0312984399464376,9.380669251626843,0.7430794025635059,True,walking_dual_task,P08,16,0.089
2026-04-03T01:32:22.575676,1375.000696475416,81744,58,-8.825291891045937,0.23245920299229741,3.1137872295747693,9.36138265184582,0.019286599781022318,True,walking_dual_task,P08,16,0.089
2026-04-03T01:32:22.576134,1386.1333897831514,81803,59,-7.689735586962617,0.3077260260430813,3.048426770352092,8.277658755874324,1.083723895971497,True,walking_dual_task,P08,16,0.089
2026-04-03T01:32:22.576986,1408.9819450308632,81803,58,-7.686619509901475,0.24409252823774805,3.063627289266466,8.278255421275528,0.0005966654012041772,True,walking_dual_task,P08,16,0.089
2026-04-03T01:32:22.577465,1443.4684209213176,81902,57,-7.845734550641935,0.30142590254589685,3.0258205355316794,8.414392320726877,0.13613689945134944,True,walking_dual_task,P08,16,0.089
2026-04-03T01:32:22.578425,1370.614233333764,81902,57,-6.996303247342641,0.09901296914175221,3.2957360765789008,7.73433507053445,0.6800572501924274,True,walking_dual_task,P08,16,0.089
2026-04-03T01:32:22.635805,1371.960031585349,82030,59,-6.7135411631098725,-0.02694316368184871,3.3107579914422676,7.4855513731948085,0.24878369733964156,True,walking_dual_task,P08,16,0.089
2026-04-03T01:32:22.636231,1405.5850612980116,82030,56,-6.720655038189788,0.03876363846220735,3.310096384401971,7.491691720569101,0.006140347374292254,True,walking_dual_task,P08,16,0.089
2026-04-03T01:32:22.636881,1453.7600587067345,82156,58,-6.60971875383904,-0.09846119340894179,3.345275065816077,7.408707166397507,0.08298455417159367,True,walking_dual_task,P08,16,0.089
2026-04-03T01:32:22.637449,1450.5270871264054,82156,58,-6.699075667143333,-0.03319222798228978,3.301750605680839,7.468619255272296,0.05991208887478905,True,walking_dual_task,P08,16,0.089
2026-04-03T01:32:22.638375,1342.8051686211707,82257,59,-6.680464524433731,0.04792044742035783,3.3514435958806637,7.474160608915764,0.005541353643468305,True,walking_dual_task,P08,16,0.089
2026-04-03T01:32:22.695572,1359.5978008094862,82257,58,-6.691901477661329,0.03570734083669588,3.3671429796357075,7.491359839590242,0.017199230674477484,True,walking_dual_task,P08,16,0.089
2026-04-03T01:32:22.696192,1329.7737627867004,82360,59,-6.4865521953870235,0.08349368004395971,3.393266754856,7.320969187730437,0.17039065185980462,True,walking_dual_task,P08,16,0.089
2026-04-03T01:32:22.696746,1416.7901146594854,82360,58,-6.66049964494588,0.006550585047705335,3.2829057962432278,7.42561572514334,0.10464653741290242,True,walking_dual_task,P08,16,0.089
2026-04-03T01:32:22.755538,1331.9350377964013,82270,59,-6.636473756395588,-0.0038864284233283072,3.2343265923938,7.382659922407298,0.04295580273604127,True,walking_dual_task,P08,16,0.089
2026-04-03T01:32:22.756083,1322.5232215415458,82270,59,-6.494359545182708,0.11474984874225498,3.507999212516776,7.382135998808912,0.0005239235983864887,True,walking_dual_task,P08,16,0.089
2026-04-03T01:32:22.756562,1302.2171906024632,82084,61,-6.706383812914436,-0.01832252945041663,3.3323727663747302,7.48870000836475,0.10656400955583845,True,walking_dual_task,P08,16,0.089
2026-04-03T01:32:22.815645,1357.9425622473507,82084,57,-6.619873160657607,-0.05172208516749155,3.2524981650303295,7.375916224498125,0.11278378386662524,True,walking_dual_task,P08,16,0.089
2026-04-03T01:32:22.816162,1381.3775162041877,81959,58,-6.55755052645688,0.017537395094067675,3.3242368334419066,7.35202876708691,0.023887457411214896,True,walking_dual_task,P08,16,0.089
2026-04-03T01:32:22.816718,1323.005794222232,81959,57,-10.890876628517171,-1.462323506853175,4.70396517179511,11.95311139886759,4.601082631780679,True,walking_dual_task,P08,16,0.089
2026-04-03T01:32:22.875417,1321.9288619695512,81856,59,-11.121613201763846,-1.3487509029518285,5.184138031914531,12.344419643782526,0.39130824491493676,True,walking_dual_task,P08,16,0.089
2026-04-03T01:32:22.875795,1395.835216936266,81856,61,-11.167012282136124,-1.254573658780076,5.186452000676659,12.376405081040568,0.03198543725804193,True,walking_dual_task,P08,16,0.089
2026-04-03T01:32:22.876923,1361.7871174868944,81811,58,-10.5824433024519,-1.2371022944194894,5.7493153571639555,12.106740081978646,0.26966499906192176,True,walking_dual_task,P08,16,0.089
2026-04-03T01:32:22.935592,1486.1810123419566,81811,58,-10.183122280395665,-0.9575474307892508,5.907669815183197,11.811580719993762,0.2951593619848847,True,walking_dual_task,P08,16,0.089
2026-04-03T01:32:22.936191,1323.515853777503,81801,57,-10.139186580509998,-1.042582225352027,5.8567380475764015,11.755486496480826,0.056094223512936026,True,walking_dual_task,P08,16,0.089
2026-04-03T01:32:22.936754,1412.1544262391565,81801,58,-9.758582254748545,-0.6392362397483643,5.800894076657796,11.370528689621443,0.38495780685938286,True,walking_dual_task,P08,16,0.089
2026-04-03T01:32:22.995658,1391.523658207357,81800,58,-9.728368543365475,-0.6772384888750749,5.792728936212682,11.342641447863562,0.027887241757881043,True,walking_dual_task,P08,16,0.089
2026-04-03T01:32:23.115637,1417.7587285540067,81800,56,-9.079747399872149,-1.0653105655747197,5.8610968235772205,10.859519115594262,0.4831223322692999,True,walking_dual_task,P08,16,0.089
2026-04-03T01:32:23.116070,1415.6695650841218,81836,59,-8.490281124507836,-1.4516941657925677,5.949680295726368,10.468571303932778,0.3909478116614835,True,walking_dual_task,P08,16,0.089
2026-04-03T01:32:23.116836,1394.857100998594,81836,57,-8.478455856631635,-1.3844057926974385,5.960819967128034,10.456202359949705,0.012368943983073422,True,walking_dual_task,P08,16,0.089
2026-04-03T01:32:23.117407,1372.4196787001931,81886,58,-8.836871192071142,-1.5656026343602176,5.830040047436766,10.701905018672562,0.24570265872285724,True,walking_dual_task,P08,16,0.089
2026-04-03T01:32:23.118483,1398.5305209338446,81886,59,-8.740500905913075,-1.4019883500586061,5.784035063725507,10.574355254027239,0.1275497646453232,True,walking_dual_task,P08,16,0.089
2026-04-03T01:32:23.175855,1366.8507891918296,81896,59,-8.8508896791218,-1.0998623547436537,5.534840148303329,10.49678049587765,0.07757475814958958,True,walking_dual_task,P08,16,0.089
2026-04-03T01:32:23.176169,1318.0969676755076,81896,59,-8.764446603816632,-0.8157980714500782,5.0585927484045214,10.152359891116221,0.344420604761428,True,walking_dual_task,P08,16,0.089
2026-04-03T01:32:23.235493,1356.3382815594734,81877,55,-8.810853569456036,-0.8315528941229835,5.026171121132037,10.177672473459841,0.025312582343619994,True,walking_dual_task,P08,16,0.089
2026-04-03T01:32:23.235856,1416.6004060631544,81877,57,-8.327902172764244,-0.5595630802301406,4.5167599185342455,9.490425996843637,0.6872464766162043,True,walking_dual_task,P08,16,0.089
2026-04-03T01:32:23.236536,1384.9026336305867,81871,55,-8.228071824399802,-0.4529525069860103,4.497562020270522,9.387992120109958,0.10243387673367899,True,walking_dual_task,P08,16,0.089
2026-04-03T01:32:23.237579,1384.2973109483214,81871,56,-7.341713616622413,-0.6139982888219294,4.216505231766491,8.488619975984872,0.8993721441250866,True,walking_dual_task,P08,16,0.089
2026-04-03T01:32:23.238229,1400.185153353843,81915,57,-7.188666752642464,-0.41995441929979,4.286962511032811,8.380414009214421,0.10820596677045025,True,walking_dual_task,P08,16,0.089
2026-04-03T01:32:23.295758,1329.662867414428,81915,56,-7.021222763609684,-0.5079763845813396,4.273622049495285,8.235256797784475,0.14515721142994664,True,walking_dual_task,P08,16,0.089
2026-04-03T01:32:23.355575,1391.847159752824,81964,57,-7.134126483097861,-0.5007178096387246,4.384435136262593,8.38866797923375,0.15341118144927535,True,walking_dual_task,P08,16,0.089
2026-04-03T01:32:23.355936,1430.7153280669893,81964,56,-7.206689231854658,-0.6313483318678332,4.5221662668589895,8.531410091292035,0.14274211205828458,True,walking_dual_task,P08,16,0.089
2026-04-03T01:32:23.356520,1338.0932642817434,81989,57,-7.654783680722527,-0.9718292874790079,4.855005231279307,9.116536686615555,0.585126595323521,True,walking_dual_task,P08,16,0.089
2026-04-03T01:32:23.357247,1419.9279384266074,81989,55,-7.955494574597118,-1.160905778443652,5.125091211266084,9.534367104148282,0.417830417532727,True,walking_dual_task,P08,16,0.089
2026-04-03T01:32:23.415577,1409.6147471730444,81985,57,-8.101928017689824,-1.2534055666854582,5.079661419539235,9.644440017729428,0.11007291358114557,True,walking_dual_task,P08,16,0.089
2026-04-03T01:32:23.415877,1358.3465158225972,81985,55,-8.641125748382867,-1.216952187960781,5.2251829452569245,10.171163337522003,0.5267233197925751,True,walking_dual_task,P08,16,0.089
2026-04-03T01:32:23.416609,1487.5980310594828,81934,57,-8.635549127993567,-1.3152358094886696,5.298150745143159,10.2163083006932,0.04514496317119665,True,walking_dual_task,P08,16,0.089
2026-04-03T01:32:23.417317,1413.712795699106,81934,55,-9.865689266551042,-1.070548991503333,5.414730333363787,11.304742563649963,1.0884342629567634,True,walking_dual_task,P08,16,0.089
2026-04-03T01:32:23.418566,1515.0881002532685,81829,55,-9.772221254746396,-1.1117213619351531,5.474901409295141,11.256410532661027,0.048332030988936125,True,walking_dual_task,P08,16,0.089
2026-04-03T01:32:23.475477,1417.5753638501453,81829,58,-10.89696668880389,-0.9411726412799688,5.811857829613751,12.385773306065236,1.1293627734042087,True,walking_dual_task,P08,16,0.089
2026-04-03T01:32:23.476101,1342.014750383759,81566,55,-10.758777251861643,-0.8503121313543467,5.9838472572102805,12.340208534442477,0.04556477162275918,True,walking_dual_task,P08,16,0.089
2026-04-03T01:32:23.476979,1390.8969140919858,81566,56,-10.200540196588525,-0.4019778240165527,5.972710076498053,11.8273358002181,0.5128727342243771,True,walking_dual_task,P08,16,0.089
2026-04-03T01:32:23.477488,1385.5992012460467,81481,54,-10.291542663809594,-0.44661823453800004,5.684018328085593,11.76534668432885,0.061989115889248936,True,walking_dual_task,P08,16,0.089
2026-04-03T01:32:23.535825,1394.0766023429367,81481,57,-9.863379609204078,-0.1491534476558903,5.244435068601187,11.17195610692167,0.593390577407181,True,walking_dual_task,P08,16,0.089
2026-04-03T01:32:23.595880,1419.0045769239202,81555,57,-9.734493566650363,-0.11560618333299144,5.306697817922718,11.087595389421814,0.0843607174998553,True,walking_dual_task,P08,16,0.089
2026-04-03T01:32:23.656029,1394.002212697207,81555,56,-10.18084794713316,-0.1408623163647914,4.8892567894062235,11.294881100196317,0.20728571077450297,True,walking_dual_task,P08,16,0.089
2026-04-03T01:32:23.656169,1461.2346222388612,81602,56,-10.178358433831251,0.1396473863503703,4.226525741527623,11.021887390272768,0.2729937099235489,True,walking_dual_task,P08,16,0.089
2026-04-03T01:32:23.656882,1419.221845951784,81602,55,-10.163695433541108,0.15130141431792957,4.379979749288649,11.068325057927131,0.04643766765436297,True,walking_dual_task,P08,16,0.089
2026-04-03T01:32:23.657346,1353.1212320422092,81612,55,-10.082900781082332,0.20750517305312247,4.302938379393188,10.964635208471341,0.1036898494557903,True,walking_dual_task,P08,16,0.089
2026-04-03T01:32:23.658368,1284.8745100310034,81612,57,-10.13288442622186,0.10339439278761248,4.228021225576911,10.980081997852217,0.01544678938087607,True,walking_dual_task,P08,16,0.089
2026-04-03T01:32:23.715502,1418.3637080809121,81639,56,-10.106554229537752,0.23962167637723686,4.315125620846268,10.99182269080343,0.011740692951212495,True,walking_dual_task,P08,16,0.089
2026-04-03T01:32:23.715984,1400.6991966303142,81639,57,-10.204504845622125,-0.00869178220991676,4.2218152624914165,11.043356319616283,0.051533628812853394,True,walking_dual_task,P08,16,0.089
2026-04-03T01:32:23.716723,1352.03246101452,81648,56,-10.167188783536877,0.258608431886032,4.385100126866599,11.07554554881005,0.03218922919376688,True,walking_dual_task,P08,16,0.089
2026-04-03T01:32:23.717323,1343.3330208398709,81648,56,-10.141317003747957,0.1402355163307842,4.314478704811946,11.021828481010933,0.053717067799116336,True,walking_dual_task,P08,16,0.089
2026-04-03T01:32:23.718214,1326.3635447316692,81669,57,-10.258110793001306,0.23507796369482642,4.549858956224651,11.224318028817718,0.20248954780678474,True,walking_dual_task,P08,16,0.089
2026-04-03T01:32:23.835455,1390.1724402943887,81669,57,-10.164384744194603,0.13451236252009097,4.371857535644747,11.065529771125306,0.15878825769241267,True,walking_dual_task,P08,16,0.089
2026-04-03T01:32:23.835913,1318.0728586220373,81763,57,-10.091133847832477,0.1589870574756911,4.315534492827718,10.976342613917483,0.08918715720782266,True,walking_dual_task,P08,16,0.089
2026-04-03T01:32:23.836592,1422.0904336235665,81763,56,-10.169130162264127,0.15922412002979286,4.4210097994856055,11.089719934453576,0.1133773205360935,True,walking_dual_task,P08,16,0.089
2026-04-03T01:32:23.837285,1430.973909148782,81908,55,-10.219096099070633,0.16353647848519903,4.40852897013122,11.130669204604105,0.04094927015052896,True,walking_dual_task,P08,16,0.089
2026-04-03T01:32:23.837995,1301.3395303178052,81908,57,-6.6669871726794065,0.456996186239866,3.2501274925508694,7.431076112700268,3.6995930919038376,True,walking_dual_task,P08,16,0.089
2026-04-03T01:32:23.838793,1312.5887280550826,82063,55,-6.74673971377879,0.556029009786176,2.9383371730493195,7.379802867809354,0.051273244890913894,True,walking_dual_task,P08,16,0.089
2026-04-03T01:32:23.895516,1419.8010915865602,82063,55,-6.801053731147901,0.5035000794341498,2.8105665583583526,7.376118800759197,0.003684067050157225,True,walking_dual_task,P08,16,0.089
2026-04-03T01:32:23.896083,1364.3489375112683,82199,57,-6.719203535097937,0.09062138561721453,2.832023053719952,7.292205630562338,0.08391317019685829,True,walking_dual_task,P08,16,0.089
2026-04-03T01:32:23.896565,1315.4816068876391,82199,58,-7.243716941795024,-0.11938846618090233,3.413092627760444,8.008426188982327,0.7162205584199883,True,walking_dual_task,P08,16,0.089
2026-04-03T01:32:23.955561,1397.6548461525797,82283,55,-7.197793771264981,-0.14096160772062258,3.4849317998658815,7.9983032574558335,0.01012293152649324,True,walking_dual_task,P08,16,0.089
2026-04-03T01:32:23.956052,1411.2036532219784,82283,57,-8.225571693307037,-0.7861887298978147,4.049207684628896,9.201858794505055,1.2035555370492217,True,walking_dual_task,P08,16,0.089
2026-04-03T01:32:23.957077,1468.084473969327,82231,55,-8.052284765236456,-0.7833002940752352,3.998498937710211,9.024458047219632,0.17740074728542332,True,walking_dual_task,P08,16,0.089
2026-04-03T01:32:24.015738,1361.996694614144,82231,55,-9.447691323739742,-1.7536581413526982,4.659830686766198,10.679335665420753,1.6548776182011213,True,walking_dual_task,P08,16,0.089
2026-04-03T01:32:24.015996,1447.7116860660392,82062,57,-9.873511052144194,-2.0856109948873285,5.113458896185512,11.312977309346431,0.633641643925678,True,walking_dual_task,P08,16,0.089
2026-04-03T01:32:24.016786,1388.899501283196,82062,56,-9.926461023215907,-2.0233199352306097,5.09782091422688,11.340909579008873,0.027932269662441556,True,walking_dual_task,P08,16,0.089
2026-04-03T01:32:24.135699,1427.9222580392666,81940,59,-9.620331236078124,-2.1472528076342496,5.333771012176176,11.207612632585251,0.13329694642362178,True,walking_dual_task,P08,16,0.089
2026-04-03T01:32:24.136343,1403.6281170300235,81940,57,-9.504143878205886,-2.1372280895375195,5.494419167953534,11.184146670958935,0.0234659616263162,True,walking_dual_task,P08,16,0.089
2026-04-03T01:32:24.196604,1378.3744548730715,81884,56,-9.108813499735016,-1.513631149053458,5.844670871461125,10.928025449460021,0.2561212214989137,True,walking_dual_task,P08,16,0.089
2026-04-03T01:32:24.196766,1394.9431372550862,81884,57,-9.345992163561023,-0.40851401536903953,5.790507582821211,11.002019418670688,0.07399396921066703,True,walking_dual_task,P08,16,0.089
2026-04-03T01:32:24.197050,1441.4179319345542,81807,55,-9.37051338233707,-0.46573842577849034,5.667656628198736,10.961102361759504,0.040917056911183636,True,walking_dual_task,P08,16,0.089
2026-04-03T01:32:24.197753,1447.3310385618038,81807,56,-9.50884544268041,-0.24149776029387357,5.886277452213503,11.185916371287963,0.22481400952845831,True,walking_dual_task,P08,16,0.089
2026-04-03T01:32:24.198413,1344.229192272801,81774,56,-9.430517405206608,-0.16972377889818732,5.999067730726009,11.17820550575388,0.007710865534082956,True,walking_dual_task,P08,16,0.089
2026-04-03T01:32:24.199028,1417.4610431693447,81774,54,-9.020103884166135,-1.390155527957142,6.588207373316492,11.256077596875414,0.07787209112153448,True,walking_dual_task,P08,16,0.089
2026-04-03T01:32:24.256124,1524.5021350070385,81793,55,-8.86798355440221,-2.7214305913881818,6.858121345028955,11.536080147434536,0.2800025505591215,True,walking_dual_task,P08,16,0.089
2026-04-03T01:32:24.256406,1315.1200105096514,81793,55,-8.918917384059098,-2.557655792272674,6.864333657428842,11.541566922040005,0.00548677460546898,True,walking_dual_task,P08,16,0.089
2026-04-03T01:32:24.256683,1376.6116664652209,81810,55,-8.915006934088366,-2.1983754045385537,6.734925533245303,11.38724835034712,0.154318571692885,True,walking_dual_task,P08,16,0.089
2026-04-03T01:32:24.257250,1442.663909889882,81810,54,-8.814312739423077,-2.2270284301995136,6.882653387124562,11.402748894217133,0.015500543870013317,True,walking_dual_task,P08,16,0.089
2026-04-03T01:32:24.315723,1442.2275907212588,81812,55,-8.848613216749788,-1.6212121468664866,6.1972927020427555,10.92395173550208,0.4787971587150537,True,walking_dual_task,P08,16,0.089
2026-04-03T01:32:24.316193,1368.23561882314,81812,56,-8.716428690765659,-1.6069083312199508,6.219632476535973,10.827839657536854,0.09611207796522514,True,walking_dual_task,P08,16,0.089
2026-04-03T01:32:24.316868,1428.730707572239,81809,54,-8.233433450160696,-1.446755186076652,5.5095360943351634,10.011868702767067,0.8159709547697869,True,walking_dual_task,P08,16,0.089
2026-04-03T01:32:24.375777,1378.2469049272222,81809,55,-7.5840383938068285,-1.5274931964630791,4.9961344213052525,9.209355730979677,0.8025129717873902,True,walking_dual_task,P08,16,0.089
2026-04-03T01:32:24.376277,1332.6346018523175,81831,55,-7.709259693529737,-1.5245276781538086,4.923669407681205,9.273585611826476,0.06422988084679915,True,walking_dual_task,P08,16,0.089
2026-04-03T01:32:24.376807,1438.6554092589881,81831,55,-7.354672920109933,-1.3365736209767087,4.759183379928592,8.861572617198242,0.4120129946282347,True,walking_dual_task,P08,16,0.089
2026-04-03T01:32:24.435630,1398.84259505793,81865,56,-7.2322397398261185,-1.424185267880576,4.900894154019315,8.851686779392328,0.009885837805914122,True,walking_dual_task,P08,16,0.089
2026-04-03T01:32:24.436125,1466.8911764008153,81865,55,-7.129989928908303,-1.3249549332715207,4.891713836412274,8.74763546444876,0.10405131494356823,True,walking_dual_task,P08,16,0.089
2026-04-03T01:32:24.436659,1356.0840087941453,81897,55,-7.211312851760918,-1.7279294830277487,5.233628509269177,9.076323083568798,0.3286876191200392,True,walking_dual_task,P08,16,0.089
2026-04-03T01:32:24.495588,1342.3591646420464,81897,55,-7.2149904973708034,-1.6983176847699715,5.223643896441103,9.06790088126132,0.008422202307478699,True,walking_dual_task,P08,16,0.089
2026-04-03T01:32:24.496115,1416.1864869610556,81899,57,-7.49653325423706,-1.9692871753476389,5.575940431283448,9.548152413115965,0.48025153185464475,True,walking_dual_task,P08,16,0.089
2026-04-03T01:32:24.496797,1453.553739337619,81899,56,-7.598008963396101,-1.9546431812505356,5.481297150925639,9.57052708217276,0.02237466905679497,True,walking_dual_task,P08,16,0.089
2026-04-03T01:32:24.555786,1362.349712163248,81867,57,-7.941959269872871,-1.5730083827587664,5.455080813959918,9.762529339437735,0.192002257264976,True,walking_dual_task,P08,16,0.089
2026-04-03T01:32:24.615746,1435.5932308421368,81867,55,-7.766501659378895,-1.6134159515632447,5.496274904081125,9.650424699417423,0.11210464002031273,True,walking_dual_task,P08,16,0.089
2026-04-03T01:32:24.616132,1419.5712163187336,81840,56,-8.328988179377946,-1.3238066891934799,5.385577811075282,10.006445752699475,0.3560210532820527,True,walking_dual_task,P08,16,0.089
2026-04-03T01:32:24.617029,1462.9316280690182,81840,54,-8.37546193610177,-1.2989785134200245,5.374740250007479,10.036111825625847,0.029666072926371356,True,walking_dual_task,P08,16,0.089
2026-04-03T01:32:24.617711,1416.216037319688,81818,55,-8.400345638275281,-1.3609487933228879,5.381706477513109,10.068800974825361,0.03268914919951449,True,walking_dual_task,P08,16,0.089
2026-04-03T01:32:24.618243,1441.2585646280884,81818,54,-8.366433160897936,-1.3573382852116358,5.493433813024955,10.10036564260719,0.031564667781829314,True,walking_dual_task,P08,16,0.089
2026-04-03T01:32:24.675864,1416.9344670183982,81759,55,-8.3807080784531,-1.2918588433961888,5.300258483163623,9.999895357245393,0.1004702853617978,True,walking_dual_task,P08,16,0.089
2026-04-03T01:32:24.676112,1407.6028890483014,81759,56,-8.34081795315797,-1.3688442932373515,5.405844622783777,10.033251462638173,0.03335610539278022,True,walking_dual_task,P08,16,0.089
2026-04-03T01:32:24.676751,1400.5385515346145,81708,56,-8.336785925274809,-1.3231025834322008,5.42233985198853,10.032665123515692,0.0005863391224814052,True,walking_dual_task,P08,16,0.089
2026-04-03T01:32:24.735861,1431.943125109455,81708,56,-8.399659854622909,-1.3337659460832871,5.388564505808084,10.06825926888804,0.03559414537234851,True,walking_dual_task,P08,16,0.089
2026-04-03T01:32:24.736049,1369.0487784066493,81710,54,-8.460192940932432,-1.4197894591921392,5.357413433038101,10.113977723859843,0.04571845497180327,True,walking_dual_task,P08,16,0.089
2026-04-03T01:32:24.736970,1273.24712999473,81710,57,-8.423425441589623,-1.4748906593056335,5.41571909595962,10.122223666431603,0.008245942571759812,True,walking_dual_task,P08,16,0.089
2026-04-03T01:32:24.855708,1378.040506569284,81718,56,-8.414638156889097,-1.4719260357804052,5.496660405188294,10.158049870725527,0.035826204293924135,True,walking_dual_task,P08,16,0.089
2026-04-03T01:32:24.855864,1484.2842726571646,81718,55,-8.444877554786492,-1.3471105630805444,5.26760900333033,10.043822399687611,0.11422747103791586,True,walking_dual_task,P08,16,0.089
2026-04-03T01:32:24.856547,1345.0784536656279,81635,53,-8.34459353990754,-1.3823221129406258,5.221753407869472,9.940310076792763,0.10351232289484891,True,walking_dual_task,P08,16,0.089
2026-04-03T01:32:24.857213,1398.004732703388,81635,56,-8.853198323946948,-0.6289536807975031,4.152172242333119,9.798736532111036,0.14157354468172656,True,walking_dual_task,P08,16,0.089
2026-04-03T01:32:24.858296,1385.9524269782373,81616,55,-8.999501553607622,-0.5354260643947516,3.9778307228414023,9.853976179360298,0.05523964724926245,True,walking_dual_task,P08,16,0.089
2026-04-03T01:32:24.858718,1386.2502595201981,81616,56,-9.123204901961975,-0.25210591050204467,3.9416263115213126,9.941470869693788,0.08749469033348944,True,walking_dual_task,P08,16,0.089
2026-04-03T01:32:24.915491,1374.8517078428692,81629,54,-8.999627465487684,-0.29952298273985695,4.010033114871879,9.857148376539673,0.08432249315411511,True,walking_dual_task,P08,16,0.089
2026-04-03T01:32:24.916053,1356.419234708977,81629,55,-8.970373855665267,-0.37794607185012485,4.132883761469207,9.88388478936525,0.026736412825577816,True,walking_dual_task,P08,16,0.089
2026-04-03T01:32:24.916678,1390.9968692752484,81627,56,-8.911205131840363,-0.4056183094961847,4.11919580822661,9.825572615438157,0.05831217392709398,True,walking_dual_task,P08,16,0.089
2026-04-03T01:32:24.975581,1422.148406117889,81627,54,-8.547486381839452,-0.9596676516871513,4.2184119026869,9.579952214398364,0.2456204010397922,True,walking_dual_task,P08,16,0.089
2026-04-03T01:32:24.976601,1434.8057483393334,81645,57,-8.514630507270093,-0.9454334041147274,4.179957082759344,9.532303929830423,0.047648284567941346,True,walking_dual_task,P08,16,0.089
2026-04-03T01:32:24.976951,1358.8939790241939,81645,55,-7.86905714593736,-0.7407838430407607,4.301768651321122,8.998668490261613,0.5336354395688101,True,walking_dual_task,P08,16,0.089
2026-04-03T01:32:25.035707,1492.8911529237241,81690,55,-7.773359450699139,-0.3346784430629547,3.7032336139563586,8.616905825733557,0.38176266452805585,True,walking_dual_task,P08,16,0.089
2026-04-03T01:32:25.036083,1411.9013037415564,81690,56,-7.6266504578432945,-0.3831569673223971,3.641797139306225,8.460218252006744,0.1566875737268134,True,walking_dual_task,P08,16,0.089
2026-04-03T01:32:25.036705,1433.9702235457514,81731,55,-7.698674574726876,0.24672456227821324,3.1391299043519836,8.317728041573272,0.142490210433472,True,walking_dual_task,P08,16,0.089
2026-04-03T01:32:25.095502,1393.8971074304088,81731,55,-7.7417798198510335,0.17180315680196764,2.9854498628664645,8.299251893238884,0.018476148334388043,True,walking_dual_task,P08,16,0.089
2026-04-03T01:32:25.096149,1369.1488513633026,81779,57,-7.371617393480722,-0.03312734628897947,2.670786298598873,7.840595632330693,0.45865626090819056,True,walking_dual_task,P08,16,0.089
2026-04-03T01:32:25.096926,1381.1606476973825,81779,55,-7.432693205808795,-0.5637882824777785,2.532422150660711,7.872480388561948,0.031884756231255196,True,walking_dual_task,P08,16,0.089
2026-04-03T01:32:25.155926,1368.876758332505,81844,54,-7.464604252294461,-0.5043877851498528,2.481574544641177,7.8824447921816745,0.00996440361972617,True,walking_dual_task,P08,16,0.089
2026-04-03T01:32:25.156075,1288.5977458324717,81844,55,-7.967087742688695,-1.316753330268514,2.5775233609634407,8.476553138439346,0.5941083462576717,True,walking_dual_task,P08,16,0.089
2026-04-03T01:32:25.156832,1414.692078387418,81943,54,-7.877163012058322,-1.3775917919622052,2.8133516742809594,8.477169569319754,0.0006164308804077478,True,walking_dual_task,P08,16,0.089
2026-04-03T01:32:25.215605,1456.4594577984026,81943,54,-9.376078781045043,-1.8855999191841082,3.281863589746492,10.11122984533998,1.6340602760202252,True,walking_dual_task,P08,16,0.089
2026-04-03T01:32:25.216356,1384.0135738853246,81946,55,-10.780588110568901,-2.1409688529700057,4.026547330465725,11.705465007576928,1.5942351622369486,True,walking_dual_task,P08,16,0.089
2026-04-03T01:32:25.216814,1358.6472713159815,81946,56,-10.747203322293602,-2.321893695885951,4.015853878342309,11.70558208539458,0.00011707781765224468,True,walking_dual_task,P08,16,0.089
2026-04-03T01:32:25.275611,1292.7899093511662,81833,55,-11.601636711820024,-1.9574308304037986,4.49965831239541,12.59668348324965,0.8911013978550706,True,walking_dual_task,P08,16,0.089
2026-04-03T01:32:25.276086,1526.1044772480657,81833,56,-11.81196569475752,-2.020692321674899,4.507546808014519,12.803269475389724,0.20658599214007367,True,walking_dual_task,P08,16,0.089
2026-04-03T01:32:25.276734,1379.2615134931232,81723,54,-11.802206065189097,-1.3457847943078876,4.913727962837094,12.854879509763746,0.05161003437402201,True,walking_dual_task,P08,16,0.089
2026-04-03T01:32:25.335595,1436.067655296957,81723,56,-10.688066287445725,-0.7217705067467914,5.121595153892189,11.873771538547274,0.9811079712164723,True,walking_dual_task,P08,16,0.089
2026-04-03T01:32:25.395941,1393.395997733869,81671,55,-10.681744285676372,-0.7742632514489038,5.057021998836582,11.843674094800194,0.030097443747079566,True,walking_dual_task,P08,16,0.089
2026-04-03T01:32:25.455677,1376.442212997091,81671,55,-10.751704299444398,-0.847563164058164,5.056762541578999,11.911689891097566,0.06801579629737198,True,walking_dual_task,P08,16,0.089
2026-04-03T01:32:25.456140,1414.1798317199957,81714,53,-9.379439288147069,0.04462472584577151,4.940542682035872,10.601171384295785,1.310518506801781,True,walking_dual_task,P08,16,0.089
2026-04-03T01:32:25.456496,1380.880756027732,81714,54,-9.423538033765746,-0.10088951264950073,4.866549960158221,10.606439378147043,0.005267993851257202,True,walking_dual_task,P08,16,0.089
2026-04-03T01:32:25.457251,1394.6681955042627,81767,55,-8.90167028043047,-0.16009646886179374,4.686373553682151,10.061185901547221,0.5452534765998216,True,walking_dual_task,P08,16,0.089
2026-04-03T01:32:25.457986,1478.776885339084,81767,56,-9.028218958310605,-0.13120950695763534,4.827106001640455,10.238501152267766,0.17731525072054488,True,walking_dual_task,P08,16,0.089
2026-04-03T01:32:25.458660,1457.6331438376685,81765,55,-8.943977861310632,-0.9948166186582008,5.07999837797145,10.333962628564409,0.09546147629664326,True,walking_dual_task,P08,16,0.089
2026-04-03T01:32:25.575888,1475.6909771900575,81765,55,-8.846370309289458,-1.5847793259349405,4.982619286226998,10.276005455062299,0.05795717350211049,True,walking_dual_task,P08,16,0.089
2026-04-03T01:32:25.575978,1407.735449349781,81662,55,-8.93893709681641,-1.759817403967958,5.0646561767886915,10.423641201865737,0.14763574680343794,True,walking_dual_task,P08,16,0.089
2026-04-03T01:32:25.576763,1359.773818374941,81662,54,-8.87491321078055,-2.074238041619508,4.8938145721904105,10.344852295667245,0.07878890619849166,True,walking_dual_task,P08,16,0.089
2026-04-03T01:32:25.577310,1420.5084152687775,81603,55,-8.856263738706899,-1.975845006606151,4.8471534003729895,10.287481080731697,0.05737121493554831,True,walking_dual_task,P08,16,0.089
2026-04-03T01:32:25.578008,1395.4446293084231,81603,54,-9.219062646700564,-1.5690056768759124,4.871450941842093,10.54437903229169,0.25689795155999384,True,walking_dual_task,P08,16,0.089
2026-04-03T01:32:25.578692,1516.2533444994242,81601,56,-9.383229130618213,-0.9959864708722117,4.424422021376442,10.421731535166481,0.12264749712520917,True,walking_dual_task,P08,16,0.089
2026-04-03T01:32:25.635523,1377.7741480355746,81601,57,-9.361428630979484,-0.9765971130613622,4.396681829382185,10.388498401741305,0.033233133425175865,True,walking_dual_task,P08,16,0.089
2026-04-03T01:32:25.636151,1343.8128147080126,81604,56,-9.155904028053103,-1.0316674547097326,4.447847952308343,10.23123979363595,0.15725860810535508,True,walking_dual_task,P08,16,0.089
2026-04-03T01:32:25.636777,1404.8889508001164,81604,59,-9.297830428312881,-0.9133365472196038,4.364088498910791,10.311600397051535,0.08036060341558482,True,walking_dual_task,P08,16,0.089
2026-04-03T01:32:25.637436,1359.3316400341282,81637,53,-9.336105196898401,-0.9548672985303539,4.5233038885291705,10.418008920774598,0.1064085237230632,True,walking_dual_task,P08,16,0.089
2026-04-03T01:32:25.695505,1381.7515305883683,81637,55,-9.512580541775634,-0.9426804505898163,4.391693563361676,10.519734186288407,0.10172526551380834,True,walking_dual_task,P08,16,0.089
2026-04-03T01:32:25.696067,1344.8354545387426,81689,56,-9.252522278522097,-1.0742443217418223,4.369277364490337,10.288525359116822,0.23120882717158509,True,walking_dual_task,P08,16,0.089
2026-04-03T01:32:25.696733,1413.3416962703686,81689,55,-9.344090904922256,-0.9173903950920143,4.3784716348085695,10.359761282639727,0.07123592352290586,True,walking_dual_task,P08,16,0.089
2026-04-03T01:32:25.756609,1438.9676644160947,81744,56,-9.359547050099488,-0.9917816723269065,4.352165210770918,10.369478959447976,0.009717676808248754,True,walking_dual_task,P08,16,0.089
2026-04-03T01:32:25.756994,1437.9173527338337,81744,54,-9.384593848973095,-1.0145567140584886,4.4398684538049755,10.431316260344012,0.061837300896035785,True,walking_dual_task,P08,16,0.089
2026-04-03T01:32:25.757248,1337.1064527787973,81760,53,-9.309608714585027,-0.9767765043836202,4.492450718749809,10.382919638453773,0.04839662189023919,True,walking_dual_task,P08,16,0.089
2026-04-03T01:32:25.815782,1357.4134770271733,81760,54,-9.417990425818742,-0.9810821032585322,4.424884738371096,10.451826189810904,0.06890655135713075,True,walking_dual_task,P08,16,0.089
2026-04-03T01:32:25.876121,1421.5861670358015,81764,56,-9.357293165628015,-1.0498738284340103,4.457787905842327,10.417919343929169,0.033906845881734426,True,walking_dual_task,P08,16,0.089
2026-04-03T01:32:25.876493,1454.4211755897097,81764,57,-8.401643574623844,-0.4129732291278948,5.144954853898603,9.860462569861985,0.5574567740671839,True,walking_dual_task,P08,16,0.089
2026-04-03T01:32:25.876985,1371.9702860368109,81769,57,-9.646529381607564,-0.07512752060920444,5.039559238766283,10.883856420203525,1.0233938503415398,True,walking_dual_task,P08,16,0.089
2026-04-03T01:32:25.878271,1394.1977776143347,81769,56,-9.670866430477973,-0.007876301892071627,5.000125074226157,10.887009245434783,0.0031528252312575944,True,walking_dual_task,P08,16,0.089
2026-04-03T01:32:25.879257,1458.243898226487,81738,57,-11.152345277070712,-0.04454787491520519,5.282698988294839,12.340328127448322,1.453318882013539,True,walking_dual_task,P08,16,0.089
2026-04-03T01:32:25.935770,1356.2387828573726,81738,55,-11.179320213157096,-0.0796396317654203,5.037431907373885,12.262106797801064,0.07822132964725803,True,walking_dual_task,P08,16,0.089
2026-04-03T01:32:25.936213,1358.0444217612528,81605,54,-11.236362540852694,-0.09392563433742764,5.0221398287256545,12.307987391671144,0.04588059387008059,True,walking_dual_task,P08,16,0.089
2026-04-03T01:32:25.937077,1359.3888669371095,81605,54,-10.15152707900222,-0.3820154322838311,4.567991570977256,11.138491137435878,1.1694962542352663,True,walking_dual_task,P08,16,0.089
2026-04-03T01:32:25.996043,1394.947203941869,81618,56,-10.203156939333692,-0.33192910037766205,4.497113175729035,11.155205752099173,0.016714614663294824,True,walking_dual_task,P08,16,0.089
2026-04-03T01:32:25.996444,1378.6170553934705,81618,55,-9.857263293357127,-0.30840692216161997,3.964239168853372,10.629014378204324,0.5261913738948483,True,walking_dual_task,P08,16,0.089
2026-04-03T01:32:25.996901,1400.560052519152,81703,55,-9.96805869486712,-0.33032534938464225,3.5689723920025243,10.592868965282177,0.03614541292214746,True,walking_dual_task,P08,16,0.089
2026-04-03T01:32:26.055787,1390.3891243845508,81703,56,-9.873703053949354,-0.3817261885485169,3.4273332227874054,10.458601240157064,0.1342677251251132,True,walking_dual_task,P08,16,0.089
2026-04-03T01:32:26.115532,1433.8637718062453,81689,53,-9.66810778308068,-0.53642141113235,3.304502624148602,10.231314364664563,0.22728687549250104,True,walking_dual_task,P08,16,0.089
2026-04-03T01:32:26.175581,1384.0807431217709,81689,54,-9.61246730940037,-0.6000406598956074,3.277481137039307,10.173566688800305,0.057747675864257886,True,walking_dual_task,P08,16,0.089
2026-04-03T01:32:26.235886,1378.2650789945567,81706,57,-9.268793405394927,-0.13059659385960418,3.053027185959886,9.759536959324985,0.41402972947532035,True,walking_dual_task,P08,16,0.089
2026-04-03T01:32:26.236054,1388.566622356428,81706,54,-8.368931088495772,0.34892642338429536,3.001550704355162,8.897756112849,0.861780846475984,True,walking_dual_task,P08,16,0.089
2026-04-03T01:32:26.236832,1461.8997349374442,81748,56,-8.356353656430876,0.31081097575523586,3.0872238090484605,8.913820771204191,0.016064658355190886,True,walking_dual_task,P08,16,0.089
2026-04-03T01:32:26.237428,1396.3852070654916,81748,54,-7.819361956263667,0.5354571366876317,3.1675279472880176,8.453541804778867,0.4602789664253244,True,walking_dual_task,P08,16,0.089
2026-04-03T01:32:26.238067,1433.031666927619,81785,57,-7.68296237000509,0.5610714394157197,3.0926416271340926,8.301032717254214,0.15250908752465264,True,walking_dual_task,P08,16,0.089
2026-04-03T01:32:26.238883,1373.0786554147012,81785,55,-7.72227506460006,0.7842123774124516,3.1530133028618117,8.377948084958172,0.07691536770395757,True,walking_dual_task,P08,16,0.089
2026-04-03T01:32:26.295730,1437.0393069752101,81712,57,-7.914206820618401,0.7061169615980023,3.730880153678566,8.777968870079901,0.400020785121729,True,walking_dual_task,P08,16,0.089
2026-04-03T01:32:26.356012,1314.5737222579842,81712,55,-7.986989805540639,0.6822019721156375,3.6540186865771402,8.809611696688084,0.03164282660818252,True,walking_dual_task,P08,16,0.089
2026-04-03T01:32:26.356043,1463.1207376393359,81628,56,-8.148162673093259,0.03697776949383133,4.170599162590129,9.153568685361163,0.3439569886730798,True,walking_dual_task,P08,16,0.089
2026-04-03T01:32:26.356617,1314.9916972305548,81628,55,-8.277519707949644,0.13254163936276522,4.1293132126256165,9.25127706911993,0.097708383758766,True,walking_dual_task,P08,16,0.089
2026-04-03T01:32:26.357317,1351.2518987938859,81645,55,-8.204977482594613,0.0646809455579671,4.395834474334313,9.308555196181034,0.05727812706110491,True,walking_dual_task,P08,16,0.089
2026-04-03T01:32:26.357919,1429.448957606848,81645,54,-8.259214090799555,0.1139981550116351,4.398487880007061,9.358114586153398,0.04955938997236409,True,walking_dual_task,P08,16,0.089
2026-04-03T01:32:26.359034,1375.358149155046,81666,56,-8.182377743115282,0.8448957276175713,4.32208171019039,9.292230336745696,0.0658842494077021,True,walking_dual_task,P08,16,0.089
2026-04-03T01:32:26.415785,1317.859744978149,81666,56,-8.33885466929414,0.7359145723863186,4.356460155648151,9.436991710349709,0.14476137360401253,True,walking_dual_task,P08,16,0.089
2026-04-03T01:32:26.416082,1422.3843836466692,81670,55,-8.120185497799012,0.6532420641037427,3.9720634281568277,9.063190695901795,0.37380101444791336,True,walking_dual_task,P08,16,0.089
2026-04-03T01:32:26.416810,1398.1104928284724,81670,55,-8.088523583750128,0.18537733081648045,3.759967387043463,8.9216552988385,0.14153539706329532,True,walking_dual_task,P08,16,0.089
2026-04-03T01:32:26.417441,1432.7298772605736,81703,56,-8.002044948230848,0.1837350059782212,3.71614231963578,8.824749041514815,0.09690625732368474,True,walking_dual_task,P08,16,0.089
2026-04-03T01:32:26.418196,1341.923922737361,81703,55,-8.037220276155823,0.15427143307713914,3.859323991302099,8.917123477464798,0.09237443594998318,True,walking_dual_task,P08,16,0.089
2026-04-03T01:32:26.475830,1450.0031042766627,81742,56,-7.973487125789308,-0.20568263143730955,3.808148311572458,8.838596939160364,0.07852653830443401,True,walking_dual_task,P08,16,0.089
2026-04-03T01:32:26.475955,1390.0261217055563,81742,56,-9.124467603705076,-0.6427742812967969,4.72068952214527,10.293394842920009,1.4547979037596441,True,walking_dual_task,P08,16,0.089
2026-04-03T01:32:26.476703,1444.3598785175493,81805,55,-9.00072314566963,-0.719736558826372,4.722067158475618,10.189649459537764,0.10374538338224504,True,walking_dual_task,P08,16,0.089
2026-04-03T01:32:26.595728,1367.8231551079843,81805,56,-10.165398442530638,-0.8538495852146543,5.524707607346361,11.601154199313372,1.4115047397756086,True,walking_dual_task,P08,16,0.089
2026-04-03T01:32:26.596012,1402.9032753604447,81680,56,-10.291309100655447,-0.839087408776723,5.537863543553089,11.71678468317207,0.11563048385869834,True,walking_dual_task,P08,16,0.089
2026-04-03T01:32:26.596657,1221.142405340332,81680,56,-10.802659450962434,-1.1737648939420464,5.582882872395172,12.21653618693131,0.4997515037592386,True,walking_dual_task,P08,16,0.089
2026-04-03T01:32:26.597528,1460.360558836575,81588,54,-9.956260926834842,-0.8567150212682431,5.335311611511716,11.328134986078538,0.8884012008527709,True,walking_dual_task,P08,16,0.089
2026-04-03T01:32:26.598026,1512.3021221261072,81588,56,-9.916241819284874,-0.9332479875246733,5.194528265511052,11.233250977608678,0.09488400846985989,True,walking_dual_task,P08,16,0.089
2026-04-03T01:32:26.598759,1404.8320025907074,81657,56,-9.946564379057838,-0.7504374795127309,5.217496279393731,11.256978581435034,0.023727603826355192,True,walking_dual_task,P08,16,0.089
2026-04-03T01:32:26.655571,1439.6547872279957,81657,57,-9.895202548590287,-0.881153188661779,5.310344220574423,11.26460031073028,0.0076217292952467375,True,walking_dual_task,P08,16,0.089
2026-04-03T01:32:26.656065,1356.9325714084316,81858,53,-9.916677387211584,-0.8300159375476837,5.29811793750768,11.2738400972498,0.009239786519518844,True,walking_dual_task,P08,16,0.089
2026-04-03T01:32:26.656625,1395.46388301717,81858,57,-9.95751151916194,-0.8224942712502348,5.272215200435696,11.297114038558139,0.023273941308339374,True,walking_dual_task,P08,16,0.089
2026-04-03T01:32:26.715612,1419.8338163816823,81967,55,-9.8917466303964,-0.8767581657990546,5.230566080049304,11.223821889134564,0.07329214942357432,True,walking_dual_task,P08,16,0.089
2026-04-03T01:32:26.716006,1507.8115932666738,81967,55,-10.05059275472256,-0.8193144278733855,5.330991544253074,11.406364964260124,0.1825430751255599,True,walking_dual_task,P08,16,0.089
2026-04-03T01:32:26.716642,1349.8946126413216,81955,54,-9.991330511780298,-0.8995737764584403,5.290873848042219,11.341484226097602,0.06488073816252182,True,walking_dual_task,P08,16,0.089
2026-04-03T01:32:26.775620,1327.9825225551406,81955,56,-10.05058685593158,-0.7248645498085894,5.3753624238463775,11.420781319677454,0.07929709357985182,True,walking_dual_task,P08,16,0.089
2026-04-03T01:32:26.776441,1367.4044953598254,81856,55,-9.972328599804687,-0.877440989979463,5.293215680290894,11.324105820392885,0.09667549928456864,True,walking_dual_task,P08,16,0.089
2026-04-03T01:32:26.777018,1333.5676236843376,81856,55,-9.956162818020204,-0.7750258016379281,5.343615603098371,11.32607923183521,0.0019734114423251015,True,walking_dual_task,P08,16,0.089
2026-04-03T01:32:26.836090,1465.1901703312967,81802,56,-10.023704019009172,-0.9103725047467512,5.354892477904936,11.400802331766934,0.07472309993172388,True,walking_dual_task,P08,16,0.089
2026-04-03T01:32:26.836704,1397.4582997188936,81802,57,-10.162594143140018,-1.5788103623102758,4.349120345416278,11.166280027710028,0.234522304056906,True,walking_dual_task,P08,16,0.089
2026-04-03T01:32:26.836973,1387.4651854132817,81806,55,-9.732777909275946,-0.7595263648267352,4.545896928818947,10.768891540804109,0.39738848690591944,True,walking_dual_task,P08,16,0.089
2026-04-03T01:32:26.895515,1453.0257913035218,81806,56,-9.887252188390052,-0.8414762329911322,4.532249265815602,10.909038522940456,0.14014698213634702,True,walking_dual_task,P08,16,0.089
2026-04-03T01:32:26.895762,1388.5356879646952,81790,56,-9.023763103846399,0.25100559213550266,4.370557277181855,10.029609926350583,0.8794285965898734,True,walking_dual_task,P08,16,0.089
2026-04-03T01:32:26.896536,1351.81787960619,81790,56,-7.415892084588914,0.18620705061846032,4.042686232129546,8.448280324860102,1.5813296014904807,True,walking_dual_task,P08,16,0.089
2026-04-03T01:32:26.955552,1401.9922846417553,81755,54,-7.468920936907363,0.19112878749325646,4.210548688259585,8.576131437389838,0.12785111252973635,True,walking_dual_task,P08,16,0.089
2026-04-03T01:32:26.955935,1450.8367549492643,81755,55,-6.286204579475983,-0.3474083940352533,4.597121091557963,7.795548918307039,0.7805825190827989,True,walking_dual_task,P08,16,0.089
2026-04-03T01:32:26.956912,1332.1929868951179,81788,59,-6.382984349625965,-0.3743087772402808,4.644236524089803,7.902627990736933,0.10707907242989378,True,walking_dual_task,P08,16,0.089
2026-04-03T01:32:27.015544,1434.4134209647882,81788,56,-6.242016657239795,-0.3921905030440437,5.00036537978064,8.007511428105849,0.10488343736891537,True,walking_dual_task,P08,16,0.089
2026-04-03T01:32:27.016206,1417.7514972333656,81881,55,-6.462947910554128,-0.15482713039678536,5.217069374204686,8.30731484837955,0.299803420273701,True,walking_dual_task,P08,16,0.089
2026-04-03T01:32:27.016877,1367.4356369691177,81881,56,-6.652597646854704,-0.31213408728717773,5.216000735135025,8.459382176513394,0.15206732813384427,True,walking_dual_task,P08,16,0.089
2026-04-03T01:32:27.076016,1422.326424941131,81951,56,-6.958465280657562,0.15411098275653473,5.217100937134594,8.69839821147397,0.2390160349605761,True,walking_dual_task,P08,16,0.089
2026-04-03T01:32:27.076522,1500.1739448811159,81951,54,-6.879271634501299,0.23360792942373382,5.281815601425945,8.676204638746734,0.02219357272723599,True,walking_dual_task,P08,16,0.089
2026-04-03T01:32:27.076989,1453.5940475668367,81992,54,-7.326807860777417,0.3150873229008857,5.4240845487575635,9.121517781700211,0.4453131429534771,True,walking_dual_task,P08,16,0.089
2026-04-03T01:32:27.136088,1346.6939671694035,81992,55,-8.06356187613951,0.3937775082148918,5.22699442193845,9.617565260671856,0.49604747897164536,True,walking_dual_task,P08,16,0.089
2026-04-03T01:32:27.136362,1438.042974551666,82002,55,-8.178249230840908,0.4960982970730159,5.309344219360731,9.763145499364835,0.14558023869297898,True,walking_dual_task,P08,16,0.089
2026-04-03T01:32:27.136700,1349.7973836604408,82002,56,-9.347985840643753,0.8812365109161954,5.204671662115097,10.735456402755858,0.9723109033910227,True,walking_dual_task,P08,16,0.089
2026-04-03T01:32:27.195849,1425.5125765152916,81880,56,-9.35697942075715,0.8430645313580638,5.1190725593317765,10.699005820739158,0.03645058201670004,True,walking_dual_task,P08,16,0.089
2026-04-03T01:32:27.196274,1362.652633230608,81880,55,-10.421667443391668,0.6759795493674928,5.415471835847125,11.764158952371663,1.0651531316325045,True,walking_dual_task,P08,16,0.089
2026-04-03T01:32:27.196833,1415.2848127422485,81749,56,-10.592432095425568,0.1543267129967745,5.585353144479515,11.975792423847922,0.21163347147625977,True,walking_dual_task,P08,16,0.089
2026-04-03T01:32:27.315779,1439.2971712146305,81749,57,-10.598020479225395,0.1087991356102701,5.40752360351476,11.898369083725704,0.07742334012221797,True,walking_dual_task,P08,16,0.089
2026-04-03T01:32:27.315965,1430.3338446397,81631,56,-10.018592230228096,-0.39436621817427997,4.961056032337347,11.186589826466983,0.7117792572587209,True,walking_dual_task,P08,16,0.089
2026-04-03T01:32:27.316676,1430.1357411847662,81631,56,-10.039711935144872,-0.3792106742182484,5.106117181980071,11.269962251589114,0.08337242512213017,True,walking_dual_task,P08,16,0.089
2026-04-03T01:32:27.317387,1429.768311475718,81616,57,-10.043317467678854,-0.43997143817904333,4.994340652619614,11.22520552940593,0.04475672218318394,True,walking_dual_task,P08,16,0.089
2026-04-03T01:32:27.318181,1417.6512561796999,81616,54,-10.002092949311502,-0.37059961442526657,4.444985529574815,10.951579968160233,0.27362556124569615,True,walking_dual_task,P08,16,0.089
2026-04-03T01:32:27.318751,1330.924723053624,81588,55,-10.128089023578736,-0.32598972226931455,4.521112020751315,11.096166476434254,0.14458650827402053,True,walking_dual_task,P08,16,0.089
2026-04-03T01:32:27.375453,1373.9710526521512,81588,56,-10.343494659139195,0.03581078368781569,4.471655325643583,11.268756165931801,0.17258968949754738,True,walking_dual_task,P08,16,0.089
2026-04-03T01:32:27.375840,1403.841831853841,81504,56,-9.967257909229929,0.32164100349002445,4.226684218201985,10.83118380624345,0.4375723596883514,True,walking_dual_task,P08,16,0.089
2026-04-03T01:32:27.376937,1491.375780549838,81504,55,-9.973467105357102,0.4274241470344923,4.22494787462709,10.839876477452329,0.008692671208878622,True,walking_dual_task,P08,16,0.089
2026-04-03T01:32:27.435775,1439.4302805765326,81487,56,-9.093227726311321,0.14839412536223712,4.0743340104413885,9.965390555700182,0.8744859217521466,True,walking_dual_task,P08,16,0.089
2026-04-03T01:32:27.436278,1369.8955813636958,81487,54,-9.07239431213044,0.06953063519171954,4.042247277159565,9.932418442338745,0.032972113361436683,True,walking_dual_task,P08,16,0.089
2026-04-03T01:32:27.436845,1345.3999731761585,81518,55,-8.511558504373196,0.07212923378495237,3.8800974730235005,9.354516941023595,0.5779015013151501,True,walking_dual_task,P08,16,0.089
2026-04-03T01:32:27.495643,1419.9001904952001,81518,55,-8.21467819079911,-0.0860833650227214,3.9526157275361573,9.116551936652934,0.23796500437066115,True,walking_dual_task,P08,16,0.089
2026-04-03T01:32:27.496195,1351.969210870111,81567,56,-8.198101454308457,-0.2734438714112015,3.9034869565438015,9.084098712907867,0.032453223745067206,True,walking_dual_task,P08,16,0.089
2026-04-03T01:32:27.496814,1429.3469283399095,81567,57,-7.780095002208244,-0.4292107204838483,3.8711905881467366,8.700587144309274,0.3835115685985926,True,walking_dual_task,P08,16,0.089
2026-04-03T01:32:27.555743,1403.1663074522012,81628,55,-7.878635828747031,-0.618289803604104,3.9701360228795095,8.84404685895675,0.14345971464747542,True,walking_dual_task,P08,16,0.089
2026-04-03T01:32:27.615508,1393.1544126258952,81628,52,-7.534299678139012,-0.8937217250691245,3.8449387428906965,8.505760641967774,0.3382862169889762,True,walking_dual_task,P08,16,0.089
2026-04-03T01:32:27.615871,1426.1082599525507,81702,55,-7.490658026983742,-0.80231034685109,3.9499675834713894,8.506227335332339,0.00046669336456517385,True,walking_dual_task,P08,16,0.089
2026-04-03T01:32:27.616526,1362.6332131824256,81702,55,-7.483907256275419,-0.8294030278020715,3.7812549615376505,8.425833269606764,0.08039406572557439,True,walking_dual_task,P08,16,0.089
2026-04-03T01:32:27.617247,1414.0744891086438,81792,55,-7.590965398101337,-0.8860571802159809,3.7569197046483715,8.5160025052227,0.09016923561593515,True,walking_dual_task,P08,16,0.089
2026-04-03T01:32:27.618164,1445.356017929949,81792,55,-7.4522542030367465,-0.8372132057254941,3.8616045264898133,8.434987147442882,0.08101535777981717,True,walking_dual_task,P08,16,0.089
2026-04-03T01:32:27.675798,1392.2013161357074,81893,56,-7.644130327857295,-0.820762003729089,3.8387087293627773,8.593140487907727,0.1581533404648443,True,walking_dual_task,P08,16,0.089
2026-04-03T01:32:27.676427,1407.9629763079306,81893,57,-7.481148645730282,-0.8736332481752834,3.911905091622156,8.487274094648333,0.10586639325939373,True,walking_dual_task,P08,16,0.089
2026-04-03T01:32:27.676724,1388.5616540951928,81784,55,-7.644629169472819,-0.7337923041261161,3.8484227119523315,8.590061912129617,0.10278781748128374,True,walking_dual_task,P08,16,0.089
2026-04-03T01:32:27.735639,1350.2826449286763,81784,54,-7.51008773683889,-0.767338509681647,3.9174855968134747,8.50511138108722,0.0849505310423968,True,walking_dual_task,P08,16,0.089
2026-04-03T01:32:27.736183,1403.3044655770254,81677,56,-7.562338746230915,-0.8390620393093184,3.805696666438181,8.507427315910137,0.002315934822917143,True,walking_dual_task,P08,16,0.089
2026-04-03T01:32:27.736770,1409.0945758044445,81677,55,-7.550909707426891,-0.7661478897452997,3.7746631716067265,8.476514735300057,0.030912580610079843,True,walking_dual_task,P08,16,0.089
2026-04-03T01:32:27.795890,1379.0619509822423,81552,55,-7.527635027763772,-0.8721787055814113,3.7524660801786798,8.456180372282589,0.020334363017468604,True,walking_dual_task,P08,16,0.089
2026-04-03T01:32:27.856535,1473.4532477933462,81552,56,-7.397586718971383,-0.7648868588518727,3.900715163147605,8.397911642518974,0.05826872976361486,True,walking_dual_task,P08,16,0.089
2026-04-03T01:32:27.915997,1345.6798210706268,81443,54,-7.530297521937648,-0.8236451579226733,3.8360234305953234,8.491104043358911,0.0931924008399374,True,walking_dual_task,P08,16,0.089
2026-04-03T01:32:27.975767,1389.0254094667753,81443,55,-11.446782445513229,-2.015616166879753,6.001599065509004,13.080929945161214,4.589825901802303,True,walking_dual_task,P08,16,0.089
2026-04-03T01:32:28.035783,1402.4720654794628,81321,55,-9.855689942292964,-1.1380655490288953,6.065269034854708,11.628297635409428,1.4526323097517864,True,walking_dual_task,P08,16,0.089
2026-04-03T01:32:28.095916,1425.5754496432874,81321,54,-9.872299509696363,-1.0324116329118316,6.081322629298205,11.640904445554785,0.012606810145356917,True,walking_dual_task,P08,16,0.089
2026-04-03T01:32:28.155668,1447.6940328325377,81257,54,-9.495423762966084,-0.4851557657338095,6.364871176278159,11.441592268820903,0.19931217673388169,True,walking_dual_task,P08,16,0.089
2026-04-03T01:32:28.215720,1385.5893989432445,81257,54,-9.430280424866881,-0.5728575038924433,6.230207625795605,11.316971400154507,0.12462086866639588,True,walking_dual_task,P08,16,0.089
2026-04-03T01:32:28.335811,1420.0128874710317,81217,54,-8.405341368236176,-0.9796730614938222,6.093537116966852,10.427881732156907,0.8890896679976006,True,walking_dual_task,P08,16,0.089
2026-04-03T01:32:28.395651,1332.5545087585124,81217,57,-7.452063373632912,-1.9380898053395803,6.027848493496564,9.778772830920612,0.6491089012362945,True,walking_dual_task,P08,16,0.089
2026-04-03T01:32:28.455827,1347.4020997209072,81245,55,-7.5527919085581505,-1.9787392956567667,6.035541666459433,9.868527652174139,0.08975482125352663,True,walking_dual_task,P08,16,0.089
2026-04-03T01:32:28.515782,1360.1718637477734,81245,55,-7.345620968532972,-2.8664209453976226,6.0100632646171785,9.914402498096715,0.04587484592257596,True,walking_dual_task,P08,16,0.089
2026-04-03T01:32:28.575774,1412.5542044740707,81302,56,-7.397653710858723,-2.863794668058959,6.209393142338495,10.07388522481297,0.15948272671625574,True,walking_dual_task,P08,16,0.089
2026-04-03T01:32:28.635979,1328.898346291182,81302,55,-8.006497296849368,-2.996404368785197,6.674959504318908,10.846083278770664,0.7721980539576929,True,walking_dual_task,P08,16,0.089
2026-04-03T01:32:28.695659,1468.8108321994562,81270,56,-8.119237956087774,-2.5010027732227,6.826545210765414,10.898566849538899,0.052483570768234955,True,walking_dual_task,P08,16,0.089
2026-04-03T01:32:28.755774,1455.514373848088,81270,55,-8.011895998948477,-2.6690757692723834,6.644354915624959,10.745319688351442,0.15324716118745663,True,walking_dual_task,P08,16,0.089
2026-04-03T01:32:28.816094,1395.9056317418745,81188,56,-7.29107471761084,-2.056614455261659,6.167103556684893,9.768449203136118,0.9768704852153238,True,walking_dual_task,P08,16,0.089
2026-04-03T01:32:28.875783,1374.9596645167392,81188,54,-7.3920132306858415,-1.960950591628288,6.169759600177902,9.826144734809743,0.057695531673624956,True,walking_dual_task,P08,16,0.089
2026-04-03T01:32:28.876322,1390.011111387313,81192,56,-6.766202203090392,-1.8122039619993509,5.751351518327782,9.063311742424107,0.7628329923856363,True,walking_dual_task,P08,16,0.089
2026-04-03T01:32:28.877044,1293.856554179874,81192,57,-6.552277521767937,-1.7882613634299458,5.599871502813482,8.802771170161373,0.26054057226273386,True,walking_dual_task,P08,16,0.089
2026-04-03T01:32:28.877422,1420.524265141628,81250,55,-6.6206257711984025,-1.6703058061830327,5.485667836839516,8.75871901048097,0.04405215968040288,True,walking_dual_task,P08,16,0.089
2026-04-03T01:32:28.878032,1378.9464831445,81250,54,-6.93524078559478,-1.5265492066905664,5.503888185669492,8.984470067565315,0.22575105708434506,True,walking_dual_task,P08,16,0.089
2026-04-03T01:32:28.878829,1320.7755056280475,81329,53,-6.732222120662052,-1.5405754166184125,5.477551485527551,8.81474659719867,0.1697234703666446,True,walking_dual_task,P08,16,0.089
2026-04-03T01:32:28.879504,1421.5045973063575,81329,54,-6.913324566038513,-1.6225121674181442,5.564615212834537,9.021726262513239,0.20697966531456835,True,walking_dual_task,P08,16,0.089
2026-04-03T01:32:28.880188,1337.2807737513028,81412,55,-6.65296280425645,-1.6436842829578093,5.700327392260469,8.913884926103625,0.10784133640961358,True,walking_dual_task,P08,16,0.089
2026-04-03T01:32:28.880870,1361.60299875384,81405,56,-9.294188447531582,-1.3169264935314589,5.9652604459794025,11.122075637036504,2.208190710932879,True,walking_dual_task,P08,16,0.089
2026-04-03T01:32:28.881643,1420.1273201166507,81396,57,-9.930563874965156,-1.564692286668361,5.992122963774205,11.703413965151904,0.5813383281154003,True,walking_dual_task,P08,16,0.089
2026-04-03T01:32:28.882272,1374.9857825459817,81237,56,-9.71505301869681,-0.5789454698618549,5.4825287146131,11.17029785277549,0.5331161123764137,True,walking_dual_task,P08,16,0.089
2026-04-03T01:32:28.882994,1418.7912765878411,81193,55,-9.34619176218975,-0.09673468468469594,4.844597631237209,10.527620066445872,0.6426777863296191,True,walking_dual_task,P08,16,0.089
2026-04-03T01:32:28.883681,1381.5070728166445,81328,54,-9.304029846619095,0.024999762546742993,4.825120116778308,10.480810107823013,0.04680995862285897,True,walking_dual_task,P08,16,0.089
2026-04-03T01:32:28.884431,1445.9318382543154,81324,55,-9.163693935989636,0.06814635223577478,4.770983408594323,10.331515530787271,0.14929457703574123,True,walking_dual_task,P08,16,0.089
2026-04-03T01:32:28.885167,1518.8619104297568,81429,54,-9.333596854700211,-0.04464594381562145,4.832772740806908,10.510647737920587,0.1791322071333159,True,walking_dual_task,P08,16,0.089
2026-04-03T01:32:28.885892,1387.0064761976587,81519,55,-9.292832066526898,-0.06645196020622213,4.8120041008264245,10.46501443601757,0.04563330190301684,True,walking_dual_task,P08,16,0.089
2026-04-03T01:32:28.886825,1419.4293182806432,81674,55,-7.31505436941053,-0.4225523875700481,4.435034987057278,8.56493469234269,1.9000797436748798,True,walking_dual_task,P08,16,0.089
2026-04-03T01:32:28.935616,1421.943793263599,81724,57,-7.84769876570097,-1.5537033893201377,4.860192955410893,9.360654127944002,0.7957194356013115,True,walking_dual_task,P08,16,0.089
2026-04-03T01:32:28.935985,1413.4581478494847,81697,55,-9.089862012204632,-2.253428996161452,5.097671231414515,10.662541236743388,1.3018871087993862,True,walking_dual_task,P08,16,0.089
2026-04-03T01:32:28.936745,1360.087072814747,81697,54,-9.579741203597992,-2.5736390338734836,5.749301692393681,11.46514410527627,0.8026028685328814,True,walking_dual_task,P08,16,0.089
2026-04-03T01:32:29.055995,1320.3968003023058,81567,56,-9.5730514925716,-2.5423288980941496,5.6914784063964685,11.423645545796195,0.041498559480075414,True,walking_dual_task,P08,16,0.089
2026-04-03T01:32:29.056215,1361.1699038117674,81567,56,-9.160569851658005,-2.2769202064565075,5.9610627102544385,11.163990069382072,0.2596554764141228,True,walking_dual_task,P08,16,0.089
2026-04-03T01:32:29.056830,1433.3435925547228,81481,56,-9.207391016922863,-2.390905472102122,5.846159353472116,11.165574660590883,0.001584591208811048,True,walking_dual_task,P08,16,0.089
2026-04-03T01:32:29.057410,1486.2891766772484,81481,54,-8.938026482244908,-1.2735779273165282,6.047851479025468,10.86677623063113,0.2987984299597528,True,walking_dual_task,P08,16,0.089
2026-04-03T01:32:29.058010,1380.5106783396532,81483,56,-8.9711804091725,-0.5879851486534103,5.997899550735402,10.807525317558566,0.059250913072563804,True,walking_dual_task,P08,16,0.089
2026-04-03T01:32:29.059034,1387.2287429567455,81483,56,-9.099468421930265,-0.5618024804788276,6.095615207543117,10.96688070269797,0.1593553851394045,True,walking_dual_task,P08,16,0.089
2026-04-03T01:32:29.116005,1379.8116801682054,81519,55,-8.982349597120832,-1.585480073828929,5.949176180008645,10.889859896719866,0.07702080597810479,True,walking_dual_task,P08,16,0.089
2026-04-03T01:32:29.175715,1477.1443277350695,81519,55,-9.084132249607084,-1.4916682490856057,6.1389322610541,11.064945648284603,0.17508575156473682,True,walking_dual_task,P08,16,0.089
2026-04-03T01:32:29.235831,1501.9523054389952,81546,52,-8.824362990580845,-3.2193677106988825,6.5768277664228725,11.466838017318215,0.4018923690336127,True,walking_dual_task,P08,16,0.089
2026-04-03T01:32:29.295676,1399.1258015769045,81546,55,-8.297016083801017,-3.5412041732095525,6.514295600835438,11.127293025092555,0.3395449922256599,True,walking_dual_task,P08,16,0.089
2026-04-03T01:32:29.355865,1381.0242263586583,81567,55,-8.371232798371597,-3.6185680221531737,6.515414559304533,11.208130975995926,0.08083795090337098,True,walking_dual_task,P08,16,0.089
2026-04-03T01:32:29.415847,1401.42047168539,81567,55,-7.895030888672899,-3.0760377031110027,6.007026682008843,10.38642817538473,0.821702800611197,True,walking_dual_task,P08,16,0.089
2026-04-03T01:32:29.475970,1443.9799485097888,81525,54,-7.988828709953713,-3.107977794843236,6.009724093640439,10.46889171841517,0.08246354303044079,True,walking_dual_task,P08,16,0.089
2026-04-03T01:32:29.535644,1346.4117287456188,81525,55,-7.5275631763635795,-2.51316737125296,5.495856805754234,9.653220169426914,0.8156715489882558,True,walking_dual_task,P08,16,0.089
2026-04-03T01:32:29.595592,1431.2126468327792,81436,54,-7.636715776648317,-2.4756026165548444,5.582175953209592,9.777971391909157,0.12475122248224224,True,walking_dual_task,P08,16,0.089
2026-04-03T01:32:29.656019,1383.7768322548059,81436,57,-7.570256429098723,-2.2934402657706077,5.584787527460139,9.682897416674558,0.09507397523459815,True,walking_dual_task,P08,16,0.089
2026-04-03T01:32:29.715757,1349.5861170405906,81416,55,-7.562181667823144,-2.638031306973236,5.417767602413345,9.669436723382134,0.013460693292424608,True,walking_dual_task,P08,16,0.089
2026-04-03T01:32:29.775493,1464.026360077771,81416,55,-7.517342920410488,-2.631314689514438,5.434439783980577,9.641960243851402,0.027476479530731623,True,walking_dual_task,P08,16,0.089
2026-04-03T01:32:29.835711,1441.460303778447,81454,55,-7.060670446573804,-2.6058097958656177,5.038140964950472,9.056830363325902,0.5851298805254999,True,walking_dual_task,P08,16,0.089
2026-04-03T01:32:29.895801,1326.059224060542,81454,57,-6.644173389857293,-2.1901922068028727,5.117177906493732,8.667611647041841,0.389218716284061,True,walking_dual_task,P08,16,0.089
2026-04-03T01:32:29.955807,1378.854835503449,81484,56,-6.758347510203546,-2.1936149583283746,5.17738434205409,8.791616249554078,0.12400460251223677,True,walking_dual_task,P08,16,0.089
2026-04-03T01:32:30.076007,1463.062427297827,81484,55,-6.687593644939707,-2.069962042946576,5.438191354829118,8.864681428614096,0.07306517906001808,True,walking_dual_task,P08,16,0.089
2026-04-03T01:32:30.135921,1421.95012789655,81486,56,-6.5916874290371075,-2.257131690877743,5.329227415104083,8.77186704607334,0.09281438254075702,True,walking_dual_task,P08,16,0.089
2026-04-03T01:32:30.195873,1402.574219252647,81486,56,-6.643372735342261,-2.234992353700355,5.465571205121121,8.888310341118672,0.11644329504533246,True,walking_dual_task,P08,16,0.089
2026-04-03T01:32:30.255909,1401.352161233136,81488,54,-6.582434451367679,-2.362548336414155,5.9454816688792045,9.179260875660091,0.2909505345414196,True,walking_dual_task,P08,16,0.089
2026-04-03T01:32:30.315752,1429.9030522068974,81488,56,-6.7365690184863025,-2.360347733423861,5.846895840635497,9.227068577546682,0.04780770188659034,True,walking_dual_task,P08,16,0.089
2026-04-03T01:32:30.375795,1293.7741240701096,81377,54,-7.044486286790167,-2.32446983317937,6.301943684570697,9.7335728925013,0.5065043149546185,True,walking_dual_task,P08,16,0.089
2026-04-03T01:32:30.435796,1385.4893372341928,81377,54,-7.360416499126863,-2.2837046987123495,6.6270775218990625,10.164113078513031,0.43054018601173105,True,walking_dual_task,P08,16,0.089
2026-04-03T01:32:30.495795,1460.2823662595908,81251,55,-7.3387445431998914,-2.2703779759517624,6.753328775943724,10.228354568552195,0.0642414900391639,True,walking_dual_task,P08,16,0.089
2026-04-03T01:32:30.556156,1365.831411741532,81251,57,-7.618574768360592,-2.18158124236893,6.659658709750255,10.351474887594957,0.1231203190427621,True,walking_dual_task,P08,16,0.089
2026-04-03T01:32:30.616350,1362.2260865326207,81175,55,-7.69197939253487,-2.160020931370543,6.688964618385127,10.419908112125945,0.06843322453098821,True,walking_dual_task,P08,16,0.089
2026-04-03T01:32:30.675926,1360.672607128466,81060,54,-7.687451739136068,-2.12642075623327,6.71716691348484,10.427795108156914,0.007886996030968874,True,walking_dual_task,P08,16,0.089
2026-04-03T01:32:30.795957,1323.8863953076955,81034,55,-7.75452542350596,-2.2427555400603763,6.643411434393259,10.45454601802005,0.026750909863135774,True,walking_dual_task,P08,16,0.089
2026-04-03T01:32:30.855709,1334.1353535321684,81262,56,-7.7819705120221325,-2.087078619534656,6.610279334010211,10.42164838630354,0.03289763171651039,True,walking_dual_task,P08,16,0.089
2026-04-03T01:32:30.915763,1477.5680439111275,81500,55,-7.666228344015313,-2.16115066511037,6.658865558931868,10.381816784735694,0.03983160156784571,True,walking_dual_task,P08,16,0.089
2026-04-03T01:32:30.975758,1441.907498306133,81581,54,-7.678284986720875,0.24196668273469304,4.1427599688265815,8.72794754636901,1.653869238366683,True,walking_dual_task,P08,16,0.089
2026-04-03T01:32:31.036062,1274.741545901833,81557,57,-7.70611324478584,-0.20048317473837296,4.746879373825982,9.053023728814118,0.32507618244510716,True,walking_dual_task,P08,16,0.089
2026-04-03T01:32:31.095633,1409.1635620699162,81534,56,-7.571421862554459,-0.584542980420062,5.7204841558311035,9.507473822937442,0.4544500941233238,True,walking_dual_task,P08,16,0.089
2026-04-03T01:32:31.155984,1442.1925013938608,81533,55,-7.674401052547076,0.04176528065351648,4.596147782587843,8.945543599658484,0.5619302232789583,True,walking_dual_task,P08,16,0.089
2026-04-03T01:32:31.215547,1438.4219431631568,81620,54,-8.024403639029368,-0.6983634250069397,4.530425479939116,9.241402505287645,0.29585890562916184,True,walking_dual_task,P08,16,0.089
2026-04-03T01:32:31.216239,1421.29923874461,81670,54,-9.712076434824843,-1.6504805950247288,5.198178693415244,11.138652369075418,1.8972498637877724,True,walking_dual_task,P08,16,0.089
2026-04-03T01:32:31.216992,1362.459002912691,81715,54,-9.914172187506924,-1.0457697467571156,5.409199112160906,11.342128528709706,0.20347615963428822,True,walking_dual_task,P08,16,0.089
2026-04-03T01:32:31.217428,1387.5307641455647,81743,52,-9.397710449709958,-0.09405224164730136,5.160878511520768,10.721962251911888,0.6201662767978178,True,walking_dual_task,P08,16,0.089
2026-04-03T01:32:31.218493,1431.757741627664,81733,53,-8.89923046238097,-0.4196769380395563,5.100225603632143,10.265706637286911,0.4562556146249772,True,walking_dual_task,P08,16,0.089
2026-04-03T01:32:31.218918,1484.9817530962046,81776,54,-9.230004273697356,-2.544571506429048,6.174695590471191,11.392747196299338,1.1270405590124266,True,walking_dual_task,P08,16,0.089
2026-04-03T01:32:31.219453,1373.7183529791048,81833,55,-8.447689473137697,-2.099534524384726,5.653061892048631,10.379239442703753,1.0135077535955848,True,walking_dual_task,P08,16,0.089
2026-04-03T01:32:31.220163,1434.3446184791978,81889,53,-8.432818386604495,-1.9680929251000512,5.678403730282549,10.355196020712041,0.02404342199171161,True,walking_dual_task,P08,16,0.089
2026-04-03T01:32:31.220849,1468.5195487143835,81657,55,-8.452526808122725,-2.0085704050125432,5.740766073343528,10.413258837788373,0.05806281707633154,True,walking_dual_task,P08,16,0.089
2026-04-03T01:32:31.221592,1379.6793678578417,81733,54,-8.464578903915555,-2.0993443911080356,5.602809551811493,10.365703920475404,0.04755491731296857,True,walking_dual_task,P08,16,0.089
2026-04-03T01:32:31.222326,1304.0536716315173,82137,54,-8.54175066319417,-1.931367940336786,5.675801972527849,10.435823616010852,0.07011969553544795,True,walking_dual_task,P08,16,0.089
2026-04-03T01:32:31.222998,1319.1543216762668,82167,54,-8.833793654725987,-1.0280216300563696,5.843226949508173,10.641242408177696,0.205418792166844,True,walking_dual_task,P08,16,0.089
2026-04-03T01:32:31.223686,1315.8659441234456,82040,55,-9.551125854886251,-0.790398821912117,6.379297604578891,11.512783039792884,0.8715406316151881,True,walking_dual_task,P08,16,0.089
2026-04-03T01:32:31.224377,1366.702275479297,81910,53,-9.001808179708712,-0.8259337584917363,6.280541006869892,11.007266346221538,0.5055166935713462,True,walking_dual_task,P08,16,0.089
2026-04-03T01:32:31.225405,1410.7244637873273,81923,54,-9.300710301975224,-0.9737013758155602,5.278232201844905,10.738297894318526,0.268968451903012,True,walking_dual_task,P08,16,0.089
2026-04-03T01:32:31.275684,1398.0881149566214,81981,54,-8.465105742495997,-0.7220832580786415,4.220424551515859,9.486379860530255,1.2519180337882716,True,walking_dual_task,P08,16,0.089
2026-04-03T01:32:31.335500,1436.319141672027,82100,53,-8.323149759187725,-0.9327828768016576,4.026789764134108,9.293004982978127,0.19337487755212734,True,walking_dual_task,P08,16,0.089
2026-04-03T01:32:31.336099,1428.6204008876198,82171,55,-7.9162777142236145,-0.8386900025624503,4.035707092037155,8.925121035696415,0.3678839472817117,True,walking_dual_task,P08,16,0.089
2026-04-03T01:32:31.336685,1423.2930783915847,82171,55,-7.599539509605473,-1.015220132324169,4.483572973040873,8.881784690010981,0.0433363456854341,True,walking_dual_task,P08,16,0.089
2026-04-03T01:32:31.337282,1435.1742710954106,82119,55,-7.6460778703345404,-0.2471589485069822,4.4386789115206176,8.84451608764575,0.03726860236523066,True,walking_dual_task,P08,16,0.089
2026-04-03T01:32:31.337996,1459.8288498601578,82119,55,-7.688802148886801,-0.3874091233488229,4.5149463790108975,8.924825215034959,0.08030912738920826,True,walking_dual_task,P08,16,0.089
2026-04-03T01:32:31.338729,1383.2608073629426,82053,54,-8.025118459260645,0.10893026990009481,4.3487093105330255,9.128289256831374,0.20346404179641553,True,walking_dual_task,P08,16,0.089
2026-04-03T01:32:31.339426,1483.4983021724975,82053,55,-8.111271226319788,0.11687381769893156,4.453214574868004,9.254053190143422,0.12576393331204727,True,walking_dual_task,P08,16,0.089
2026-04-03T01:32:31.395847,1323.567464513564,82026,54,-8.368507550860524,-0.1894169634892796,4.423188090330444,9.467438423211854,0.2133852330684327,True,walking_dual_task,P08,16,0.089
2026-04-03T01:32:31.515879,1475.2215915503634,82026,52,-8.425977276229661,-0.6679509246941194,4.691547079619611,9.667153950239214,0.19971552702735984,True,walking_dual_task,P08,16,0.089
2026-04-03T01:32:31.516283,1387.6888652250964,81988,55,-8.307197056936554,-0.7552356272497478,4.705318153040364,9.577051880238189,0.09010207000102533,True,walking_dual_task,P08,16,0.089
2026-04-03T01:32:31.516952,1406.9650692026903,81988,54,-8.918005140983885,-0.9912946934483179,5.120303730103931,10.331069216319772,0.7540173360815832,True,walking_dual_task,P08,16,0.089
2026-04-03T01:32:31.517498,1324.8842772365724,81906,53,-8.978837069055865,-1.2363176693215716,5.077104905120229,10.388695332414187,0.057626116094414925,True,walking_dual_task,P08,16,0.089
2026-04-03T01:32:31.518584,1425.9714873192718,81906,56,-8.81149273472862,-1.1446496131360357,5.085229681374815,10.237782370384865,0.15091296202932192,True,walking_dual_task,P08,16,0.089
2026-04-03T01:32:31.519061,1550.4569338542037,81773,55,-10.079754787236306,-1.6075682020372473,5.028979976519595,11.378768461448256,1.1409860910633913,True,walking_dual_task,P08,16,0.089
2026-04-03T01:32:31.575567,1419.2987643440097,81773,54,-9.937810342299919,-1.5947922910576948,5.173702564701165,11.31682972740757,0.06193873404068562,True,walking_dual_task,P08,16,0.089
2026-04-03T01:32:31.576390,1388.059821412601,81684,55,-9.936584846881242,-1.5766544551339752,5.152523982088168,11.303541970380675,0.01328775702689633,True,walking_dual_task,P08,16,0.089
2026-04-03T01:32:31.576932,1384.527900078513,81684,54,-9.761693783175376,-1.1362278796588758,5.404370677961879,11.215565154543619,0.08797681583705597,True,walking_dual_task,P08,16,0.089
2026-04-03T01:32:31.577494,1466.0006548411077,81717,55,-9.651584280520723,-1.022702502021793,5.50241112472595,11.156860119099111,0.05870503544450756,True,walking_dual_task,P08,16,0.089
2026-04-03T01:32:31.578115,1466.6911615353933,81717,54,-9.68468750562072,-1.0644160739087503,5.4328087463571855,11.15533793905037,0.001522180048741717,True,walking_dual_task,P08,16,0.089
2026-04-03T01:32:31.635817,1455.1371567547244,81769,54,-9.64412895317424,-1.1390251898044461,5.505046290817857,11.162980619552744,0.007642680502375043,True,walking_dual_task,P08,16,0.089
2026-04-03T01:32:31.636123,1325.8808535539504,81769,54,-9.663491947897095,-1.0333569203262558,5.491040108365492,11.162545615742705,0.0004350038100398024,True,walking_dual_task,P08,16,0.089
2026-04-03T01:32:31.636852,1420.5523506568118,81728,54,-9.62869019336545,-0.9891787002826359,5.434667726089292,11.100710005846535,0.06183560989616943,True,walking_dual_task,P08,16,0.089
2026-04-03T01:32:31.695796,1451.4360039076835,81728,55,-9.586688160139625,-0.9462962704229548,5.3803406778095315,11.033953612394317,0.06675639345221818,True,walking_dual_task,P08,16,0.089
2026-04-03T01:32:31.696140,1369.5684398152953,81673,55,-9.63018078090213,-1.1815041606666663,5.406614323602333,11.10710639179761,0.07315277940329246,True,walking_dual_task,P08,16,0.089
2026-04-03T01:32:31.696864,1365.7131729681257,81673,55,-9.662018280347306,-1.0615919795620141,5.399932015727855,11.119390296024266,0.012283904226656261,True,walking_dual_task,P08,16,0.089
2026-04-03T01:32:31.816131,1387.7255409129598,81682,55,-9.647443758127583,-1.013536502555785,5.43863973910699,11.121116379214886,0.0017260831906202867,True,walking_dual_task,P08,16,0.089
2026-04-03T01:32:31.816155,1416.723362228048,81682,53,-9.690943544041732,-1.0782229273863764,5.329760203967159,11.112303779448158,0.008812599766727658,True,walking_dual_task,P08,16,0.089
2026-04-03T01:32:31.816691,1432.8574413345527,81699,55,-9.670276963078294,-0.8797883190054837,5.411977242682124,11.116554398922826,0.004250619474667872,True,walking_dual_task,P08,16,0.089
2026-04-03T01:32:31.817656,1369.2926556128527,81699,54,-9.716765301075341,-0.988192527343069,5.483943460524251,11.20114673886139,0.0845923399385633,True,walking_dual_task,P08,16,0.089
2026-04-03T01:32:31.875627,1392.8294099754971,81681,54,-9.709718912199186,-0.9715158995321853,5.492115972519345,11.19758109381506,0.00356564504632928,True,walking_dual_task,P08,16,0.089
2026-04-03T01:32:31.876043,1380.8991266706548,81681,54,-8.617620965596618,-0.8425762981317457,6.060969260828876,10.569232436916899,0.6283486568981616,True,walking_dual_task,P08,16,0.089
2026-04-03T01:32:31.876710,1416.646412014748,81662,54,-7.966939783036864,-0.548920629781586,5.494876867982885,9.693663660279775,0.8755687766371238,True,walking_dual_task,P08,16,0.089
2026-04-03T01:32:31.877494,1488.095842966158,81662,56,-8.06919862361076,-0.5749309091540314,5.552990347626865,9.81214623710937,0.11848257682959584,True,walking_dual_task,P08,16,0.089
2026-04-03T01:32:31.878012,1372.2695321778733,81646,55,-7.325033339776758,-0.46585738780526914,5.114749712103711,8.946161252295802,0.8659849848135686,True,walking_dual_task,P08,16,0.089
2026-04-03T01:32:31.935792,1278.0287547346509,81646,55,-6.7696774011374385,-0.6467217491199029,4.9664649954493605,8.42095930920459,0.5252019430912114,True,walking_dual_task,P08,16,0.089
2026-04-03T01:32:31.936066,1423.6490417709683,81584,54,-6.9112921265854705,-0.559775840223893,4.811376296254308,8.439706731543371,0.01874742233878024,True,walking_dual_task,P08,16,0.089
2026-04-03T01:32:31.937062,1455.3878316563232,81584,55,-6.686828150720154,-0.988423320318309,4.9821079765856435,8.397145423759843,0.042561307783527624,True,walking_dual_task,P08,16,0.089
2026-04-03T01:32:31.995752,1367.4055005778348,81579,55,-6.717172856794021,-1.096847155450482,5.107218803581732,8.509240199813906,0.1120947760540627,True,walking_dual_task,P08,16,0.089
2026-04-03T01:32:31.995953,1508.7210509053539,81579,55,-6.811311311919548,-1.4831923690071234,5.455462478033045,8.851886366226728,0.34264616641282153,True,walking_dual_task,P08,16,0.089
2026-04-03T01:32:31.996795,1559.9768893491314,81617,55,-6.791450832197592,-1.4959385953630242,5.389586026655418,8.798254044182482,0.05363232204424584,True,walking_dual_task,P08,16,0.089
2026-04-03T01:32:32.055634,1397.8696377648464,81617,55,-7.347850185549134,-1.6008248131020444,5.649510599787299,9.4058764848698,0.6076224406873187,True,walking_dual_task,P08,16,0.089
2026-04-03T01:32:32.056365,1386.5220222375906,81592,54,-8.095977561616873,-1.66381372304224,5.851860649807758,10.12706284408051,0.7211863592107104,True,walking_dual_task,P08,16,0.089
2026-04-03T01:32:32.056895,1383.1435610292444,81592,54,-8.2103053287777,-1.5426727208420854,5.766589210994527,10.1509853631923,0.023922519111788887,True,walking_dual_task,P08,16,0.089
2026-04-03T01:32:32.115684,1444.974525145934,81539,55,-8.855843664510475,-1.4409254648885579,5.720861207497143,10.64098144726605,0.4899960840737503,True,walking_dual_task,P08,16,0.089
2026-04-03T01:32:32.116183,1375.322778163217,81539,52,-9.006918156912581,-1.5175831310627839,5.794764487608951,10.81697410146949,0.17599265420344068,True,walking_dual_task,P08,16,0.089
2026-04-03T01:32:32.116749,1450.9735027725321,81463,55,-9.505617778436113,-1.2646361049635844,5.777759082906991,11.195471131123174,0.37849702965368337,True,walking_dual_task,P08,16,0.089
2026-04-03T01:32:32.175671,1310.1108787252958,81463,54,-9.29470438083655,-1.1167320904443343,5.815034967037383,11.020583095137832,0.17488803598534197,True,walking_dual_task,P08,16,0.089
2026-04-03T01:32:32.176032,1513.4245302669603,81393,54,-9.389683918108865,-1.2423666313894655,5.756867417848557,11.083824312730178,0.06324121759234558,True,walking_dual_task,P08,16,0.089
2026-04-03T01:32:32.176852,1351.9071193157533,81393,56,-8.666082394466674,-0.8804724630240698,5.453785041314294,10.277158513066365,0.8066657996638131,True,walking_dual_task,P08,16,0.089
2026-04-03T01:32:32.235575,1397.2666677944455,81379,54,-8.633152260169444,-0.9502557101537158,5.496533612321782,10.278433032974027,0.0012745199076622526,True,walking_dual_task,P08,16,0.089
2026-04-03T01:32:32.236171,1372.8555813985386,81379,56,-8.609612506121536,-0.7245529369188703,5.380596021091436,10.178468352662257,0.09996468031176953,True,walking_dual_task,P08,16,0.089
2026-04-03T01:32:32.236783,1366.2587573391302,81401,55,-8.484114078832624,-0.7228470779576658,5.224443291910995,9.989870234950587,0.18859811771167045,True,walking_dual_task,P08,16,0.089
2026-04-03T01:32:32.295605,1361.5436501432237,81401,55,-8.490890186790962,-0.7275855155427311,5.220886996357361,9.994111159843282,0.004240924892695119,True,walking_dual_task,P08,16,0.089
2026-04-03T01:32:32.296228,1439.2910763477585,81420,53,-8.626188809088582,-0.6277922225111863,5.179410962986884,10.081247659302857,0.08713649945957513,True,walking_dual_task,P08,16,0.089
2026-04-03T01:32:32.296919,1362.5664733759643,81420,54,-8.788895183334533,-0.7186500884471421,5.038390468327926,10.156107276146887,0.07485961684403009,True,walking_dual_task,P08,16,0.089
2026-04-03T01:32:32.355783,1338.878215836865,81407,54,-8.76500674953327,-0.738551706140945,5.016665293816077,10.12609167508305,0.030015601063837494,True,walking_dual_task,P08,16,0.089
2026-04-03T01:32:32.356107,1399.166543009423,81407,54,-9.038943767284712,-0.6424113011280163,5.191249329490512,10.443383853372806,0.3172921782897564,True,walking_dual_task,P08,16,0.089
2026-04-03T01:32:32.356788,1373.4742476344704,81370,55,-9.251237096756025,-0.5121684020338124,5.0943650970152445,10.573564206743336,0.13018035337053036,True,walking_dual_task,P08,16,0.089
2026-04-03T01:32:32.415901,1396.3234826494497,81370,53,-9.239112776727957,-0.49526824038570666,5.115305491389702,10.572267770032793,0.0012964367105432473,True,walking_dual_task,P08,16,0.089
2026-04-03T01:32:32.416092,1454.390255531622,81348,55,-8.53192637188489,-0.2675512309737823,4.641896375207118,9.716612230331178,0.8556555397016155,True,walking_dual_task,P08,16,0.089
2026-04-03T01:32:32.416853,1403.9412904333658,81348,52,-8.766849144993975,-0.24640191598993266,4.638756701465972,9.921513068614109,0.20490083828293137,True,walking_dual_task,P08,16,0.089
2026-04-03T01:32:32.535813,1408.0941605616035,81357,54,-8.011357818110504,-0.1484947537202378,4.118107795510786,9.009035275606896,0.9124777930072128,True,walking_dual_task,P08,16,0.089
2026-04-03T01:32:32.536225,1271.8118244100785,81357,55,-8.21811742743319,-0.14948676551680729,4.19357364473565,9.227451449775677,0.21841617416878023,True,walking_dual_task,P08,16,0.089
2026-04-03T01:32:32.536846,1394.174475247952,81336,54,-7.870039235356048,-0.16536839266761114,3.812046477978617,8.746231338216834,0.4812201115588426,True,walking_dual_task,P08,16,0.089
2026-04-03T01:32:32.537450,1393.399040001422,81336,56,-7.604870520375605,-0.43190755282129323,3.683299127139494,8.460927385685837,0.28530395253099705,True,walking_dual_task,P08,16,0.089
2026-04-03T01:32:32.538141,1349.5289623822805,81232,55,-7.600611372528892,-0.3043350136150928,3.746294193059989,8.479188240491103,0.01826085480526629,True,walking_dual_task,P08,16,0.089
2026-04-03T01:32:32.595703,1443.6563589766217,81232,54,-8.008031975822833,-0.45938876203664036,3.7694216683440587,8.862739637057393,0.3835513965662898,True,walking_dual_task,P08,16,0.089
2026-04-03T01:32:32.596080,1347.4528554203785,81153,53,-7.948273509705755,-0.4720759150532807,3.720172084157747,8.78849178132461,0.07424785573278214,True,walking_dual_task,P08,16,0.089
2026-04-03T01:32:32.596786,1493.6779778350992,81153,53,-7.935535192877268,-0.48106183439430783,3.8427254576909813,8.830100691899885,0.04160891057527394,True,walking_dual_task,P08,16,0.089
2026-04-03T01:32:32.597531,1439.1560299080413,81141,54,-7.931501491364543,-0.4657031825419557,3.8655204759918065,8.83560093666863,0.005500244768745333,True,walking_dual_task,P08,16,0.089
2026-04-03T01:32:32.655797,1431.5985169143737,81141,54,-8.014355363467274,-0.4999764740774306,3.7651831297554668,8.868848423959152,0.03324748729052196,True,walking_dual_task,P08,16,0.089
2026-04-03T01:32:32.656170,1406.4875163849997,81166,56,-8.065027269063117,-0.405286279442469,3.892273790077878,8.964302375308588,0.09545395134943568,True,walking_dual_task,P08,16,0.089
2026-04-03T01:32:32.656881,1464.11244470149,81166,55,-8.031983261542978,-0.5028695976973914,3.804100552170721,8.901506274615578,0.06279610069301,True,walking_dual_task,P08,16,0.089
2026-04-03T01:32:32.715700,1349.0164231248727,81236,53,-7.954477009052259,-0.4446560414730506,3.7683297045992994,8.813156769587438,0.08834950502813932,True,walking_dual_task,P08,16,0.089
2026-04-03T01:32:32.716119,1375.7319335941788,81236,54,-7.846266404201422,-0.4370692814999123,3.733049292651691,8.700033509354896,0.11312326023254293,True,walking_dual_task,P08,16,0.089
2026-04-03T01:32:32.716888,1406.1473762715884,81363,56,-7.888820272615261,-0.6528903077736197,3.704925597851473,8.739921323056938,0.03988781370204286,True,walking_dual_task,P08,16,0.089
2026-04-03T01:32:32.775666,1406.5059839013868,81363,55,-8.027271235244664,-0.5763489223487058,3.748889282576665,8.878256158587511,0.13833483553057313,True,walking_dual_task,P08,16,0.089
2026-04-03T01:32:32.776241,1336.9913142673504,81406,54,-8.027501605421557,-0.37893571874397425,3.8328150169584267,8.90364224675541,0.02538608816789889,True,walking_dual_task,P08,16,0.089
2026-04-03T01:32:32.776864,1369.0669584841723,81406,56,-7.946960222619534,-0.46849580757851284,3.8760583545093747,8.854235905439705,0.04940634131570576,True,walking_dual_task,P08,16,0.089
2026-04-03T01:32:32.835582,1291.0518608054863,81345,55,-8.102043625683619,-0.49460308131003544,3.875316882308564,8.994766481617392,0.14053057617768694,True,walking_dual_task,P08,16,0.089
2026-04-03T01:32:32.836135,1471.5711204250035,81345,54,-12.163685774615946,-2.383815026764147,5.376366430655534,13.51085273778456,4.516086256167169,True,walking_dual_task,P08,16,0.089
2026-04-03T01:32:32.836851,1418.8259743632711,81214,55,-12.517134424711696,-2.255547285425833,5.22517373288319,13.750221391014287,0.239368653229727,True,walking_dual_task,P08,16,0.089
2026-04-03T01:32:32.955963,1337.9337932220014,81214,55,-12.5473452296171,-2.3322835365135193,5.377570574095092,13.848959675198003,0.09873828418371566,True,walking_dual_task,P08,16,0.089
2026-04-03T01:32:33.015982,1460.8737078868046,81176,55,-10.781416838635215,-1.693872749951219,4.97540649920371,11.994282962051244,1.854676713146759,True,walking_dual_task,P08,16,0.089
2026-04-03T01:32:33.016814,1308.199084331989,81176,54,-9.227124768474015,-1.0678341158804634,4.801156828566567,10.456156468058243,1.5381264939930013,True,walking_dual_task,P08,16,0.089
2026-04-03T01:32:33.075703,1399.2590521624259,81268,54,-9.227618711443748,-1.0071482419658684,4.781230016777944,10.441429745893048,0.014726722165194772,True,walking_dual_task,P08,16,0.089
2026-04-03T01:32:33.076411,1362.9442827201078,81268,54,-8.543328942695428,-0.4557289410276513,5.033314885887846,9.926248890254955,0.5151808556380928,True,walking_dual_task,P08,16,0.089
2026-04-03T01:32:33.076752,1354.8289917985626,81347,55,-8.627725056371817,-0.343114782202164,5.100015160062388,10.028236237493505,0.10198734723855019,True,walking_dual_task,P08,16,0.089
2026-04-03T01:32:33.077636,1396.9694057126349,81347,54,-7.879089680491808,-0.5047571560789993,5.035879958979258,9.364556633450107,0.6636796040433985,True,walking_dual_task,P08,16,0.089
2026-04-03T01:32:33.135657,1333.7706264808717,81362,54,-7.728090728325868,-0.5550790901161703,5.201909922157656,9.33227549634936,0.03228113710074609,True,walking_dual_task,P08,16,0.089
2026-04-03T01:32:33.136052,1420.7264919316208,81362,54,-7.456549226595916,-1.3719940031084523,4.731913922423493,8.937197730969087,0.3950777653802735,True,walking_dual_task,P08,16,0.089
2026-04-03T01:32:33.136697,1387.2449654297986,81432,56,-7.634230581732662,-2.1047340724596695,4.524110201381024,9.120249733701087,0.1830520027319995,True,walking_dual_task,P08,16,0.089
2026-04-03T01:32:33.137281,1408.9454124790182,81432,53,-7.703564800885867,-2.079523735691023,4.5449011105759,9.18288929006901,0.06263955636792318,True,walking_dual_task,P08,16,0.089
2026-04-03T01:32:33.138015,1340.4938532234503,81505,54,-8.99713962536232,-1.8807781710344496,4.791706897440478,10.365630851901065,1.1827415618320547,True,walking_dual_task,P08,16,0.089
2026-04-03T01:32:33.138812,1479.9982091415122,81505,53,-8.88659123190331,-1.8919303451109963,4.81351254317135,10.282062398028934,0.08356845387213063,True,walking_dual_task,P08,16,0.089
2026-04-03T01:32:33.255712,1470.9115961931325,81429,55,-9.416892421044519,-1.7496536100303974,4.883132884872524,10.751006343405326,0.4689439453763917,True,walking_dual_task,P08,16,0.089
2026-04-03T01:32:33.256095,1365.424211330455,81429,56,-8.855948373896233,-1.0272032972144463,4.758126523123024,10.105579460128467,0.6454268832768584,True,walking_dual_task,P08,16,0.089
2026-04-03T01:32:33.256760,1402.7068101465295,81199,54,-8.682797459108611,-0.9587843935274178,4.715322515567527,9.926958529932156,0.17862093019631153,True,walking_dual_task,P08,16,0.089
2026-04-03T01:32:33.257342,1344.6779665970091,81199,53,-7.55827025754057,-0.291493405843555,4.747410667016866,8.93030378727276,0.9966547426593966,True,walking_dual_task,P08,16,0.089
2026-04-03T01:32:33.258057,1339.1726582755552,81127,54,-7.510618910841305,-0.35767587177543625,4.6059729987443765,8.817727355634194,0.11257643163856557,True,walking_dual_task,P08,16,0.089
2026-04-03T01:32:33.258747,1427.1002701453,81127,54,-7.562468512373537,-0.42802558268908486,4.69216539509027,8.910137596858995,0.09241024122480113,True,walking_dual_task,P08,16,0.089
2026-04-03T01:32:33.315613,1348.4913766627267,81179,56,-7.219593401792675,-0.4360862723125958,4.7226868054469575,8.63808258738307,0.272055009475924,True,walking_dual_task,P08,16,0.089
2026-04-03T01:32:33.316126,1456.082987463285,81179,53,-7.24552223684724,-0.43938508605295773,4.618676230291038,8.603651658380238,0.0344309290028324,True,walking_dual_task,P08,16,0.089
2026-04-03T01:32:33.316801,1399.1631879327576,81222,54,-7.251931180236218,-0.36312851835850735,4.571642568522311,8.580342879981707,0.023308778398531516,True,walking_dual_task,P08,16,0.089
2026-04-03T01:32:33.317369,1349.6126046761615,81222,55,-7.200881936501553,-0.9629626151575079,4.658946202454194,8.63051431717645,0.05017143719474326,True,walking_dual_task,P08,16,0.089
2026-04-03T01:32:33.318280,1336.418813888293,81272,53,-7.218588090575547,-1.0352035808592999,4.789495984387567,8.724616453442962,0.0941021362665122,True,walking_dual_task,P08,16,0.089
2026-04-03T01:32:33.375633,1474.9652958756762,81272,55,-7.247141529176355,-1.3412858348173404,4.941767205575155,8.87362221128961,0.14900575784664838,True,walking_dual_task,P08,16,0.089
2026-04-03T01:32:33.375966,1339.6183897470355,81275,54,-8.0455065270338,-1.3864107015108666,5.2053115061986235,9.682333282136652,0.8087110708470409,True,walking_dual_task,P08,16,0.089
2026-04-03T01:32:33.376906,1414.7551771833616,81275,54,-8.19250350430153,-1.1830139560636515,5.204277075987358,9.777583319608263,0.09525003747161165,True,walking_dual_task,P08,16,0.089
2026-04-03T01:32:33.435572,1395.700483655053,81200,54,-9.259934456547757,-0.8031348122558397,5.418627039742587,10.758853594228668,0.981270274620405,True,walking_dual_task,P08,16,0.089
2026-04-03T01:32:33.435971,1323.8897655171204,81200,54,-9.212305896955202,-0.6917025679428803,5.408961206440819,10.705227401337913,0.05362619289075532,True,walking_dual_task,P08,16,0.089
2026-04-03T01:32:33.495596,1437.0645046881068,81065,54,-10.397789880401595,-0.4476763398059681,5.858668268687907,11.943133691989487,1.2379062906515745,True,walking_dual_task,P08,16,0.089
2026-04-03T01:32:33.555668,1363.5550207355952,81065,54,-10.31548925626001,-0.38682534409480157,5.904543562831655,11.892122902502585,0.0510107894869023,True,walking_dual_task,P08,16,0.089
2026-04-03T01:32:33.615753,1371.9850792624957,80940,53,-10.89502521961544,-0.79325365594293,6.031819046279936,12.478528234763452,0.5864053322608669,True,walking_dual_task,P08,16,0.089
2026-04-03T01:32:33.676244,1412.1558121325213,80940,55,-10.63347172007152,-1.4051751055947048,5.713512701586558,12.152755460805372,0.32577277395808046,True,walking_dual_task,P08,16,0.089
2026-04-03T01:32:33.736131,1389.7229078930839,80914,53,-10.831948474833688,-1.4339430754161695,5.733297155835327,12.33928672096144,0.1865312601560678,True,walking_dual_task,P08,16,0.089
2026-04-03T01:32:33.795684,1390.6028157265666,80914,54,-10.085294618278118,-0.9322128094683662,5.083680633587926,11.332519448204067,1.0067672727573722,True,walking_dual_task,P08,16,0.089
2026-04-03T01:32:33.855823,1391.071759337187,80930,56,-10.177617447548036,-0.9370255844517699,5.192074118936598,11.46383650926175,0.1313170610576826,True,walking_dual_task,P08,16,0.089
2026-04-03T01:32:33.915726,1328.6544189830847,80930,55,-10.054883765488587,-0.9735459686616941,5.1539587454641875,11.340712942338774,0.12312356692297577,True,walking_dual_task,P08,16,0.089
2026-04-03T01:32:33.975927,1345.5244920038638,80941,54,-10.039261162157889,-0.9590049541507578,4.937184036117094,11.228634885442974,0.11207805689580042,True,walking_dual_task,P08,16,0.089
2026-04-03T01:32:34.035875,1302.8503844752333,80941,55,-10.148024819185684,-0.9900425763598161,5.135199724694482,11.416342157027184,0.18770727158421074,True,walking_dual_task,P08,16,0.089
2026-04-03T01:32:34.096359,1433.2743913292984,80972,53,-9.975821915464309,-0.8810155266728978,5.061589070836748,11.22109153199058,0.1952506250366035,True,walking_dual_task,P08,16,0.089
2026-04-03T01:32:34.155742,1384.7600212065636,80972,54,-10.021853838535787,-0.822865276117297,5.1238667021445226,11.28577297330402,0.06468144131343934,True,walking_dual_task,P08,16,0.089
2026-04-03T01:32:34.275873,1425.720092331845,81003,54,-10.029106001670403,-0.9751203367207489,5.200078608860658,11.339075994196259,0.053303020892238706,True,walking_dual_task,P08,16,0.089
2026-04-03T01:32:34.335933,1369.7084715719284,81003,53,-10.142636917903356,-0.9048841662267407,5.143522176345744,11.408230335212576,0.06915434101631668,True,walking_dual_task,P08,16,0.089
2026-04-03T01:32:34.395694,1434.3789201053355,81115,55,-10.170208042610836,-0.8557268319964864,5.16683043947242,11.43947275145335,0.031242416240774062,True,walking_dual_task,P08,16,0.089
2026-04-03T01:32:34.456090,1403.9024098351524,81115,53,-10.111524292430753,-0.9016395441115788,5.155333177067881,11.385663685112949,0.053809066340400946,True,walking_dual_task,P08,16,0.089
2026-04-03T01:32:34.515814,1326.3699108026667,81277,55,-10.210217424624634,-0.9889693283290888,5.142929871436481,11.475030625362088,0.08936694024913905,True,walking_dual_task,P08,16,0.089
2026-04-03T01:32:34.576042,1339.9830652272144,81277,53,-10.081364568683552,-0.9210868722052696,5.094774608764818,11.333094939466964,0.14193568589512395,True,walking_dual_task,P08,16,0.089
2026-04-03T01:32:34.576622,1439.85541191726,81373,55,-10.182787521371898,-0.8737333862367344,5.114675376673154,11.428581536847808,0.09548659738084453,True,walking_dual_task,P08,16,0.089
2026-04-03T01:32:34.576978,1458.2869555083112,81373,54,-7.311760290994182,0.00298588661631851,3.878515163355297,8.276758262801637,3.151823274046171,True,walking_dual_task,P08,16,0.089
2026-04-03T01:32:34.577528,1284.1275921620845,81254,54,-7.556945597618021,-0.07120819090201104,3.828127152316724,8.471543830147754,0.1947855673461163,True,walking_dual_task,P08,16,0.089
2026-04-03T01:32:34.578140,1404.08035236991,81254,53,-7.539779332353283,0.03561394545413866,3.9001119757074765,8.488840566104972,0.0172967359572187,True,walking_dual_task,P08,16,0.089
2026-04-03T01:32:34.579241,1410.3808727010937,81165,56,-7.943180567411276,-0.47619437689102734,4.061202366897518,8.933881758562555,0.4450411924575821,True,walking_dual_task,P08,16,0.089
2026-04-03T01:32:34.635604,1446.3520098463819,81165,54,-8.088978205016176,-0.5239702594611051,4.087153886786391,9.07804715389271,0.14416539533015538,True,walking_dual_task,P08,16,0.089
2026-04-03T01:32:34.636202,1463.0348507554684,81160,55,-10.029694307721092,-1.5432012661498493,5.331535305230645,11.4630496276122,2.3850024737194904,True,walking_dual_task,P08,16,0.089
2026-04-03T01:32:34.636871,1394.696914281564,80989,56,-10.292016385025535,-1.68601422759552,5.611503633289535,11.843024034076358,0.37997440646415725,True,walking_dual_task,P08,16,0.089
2026-04-03T01:32:34.637439,1402.8162679111092,81007,54,-9.28715735027891,-1.2401949945946833,5.650281508363561,10.94143758366388,0.9015864504124771,True,walking_dual_task,P08,16,0.089
2026-04-03T01:32:34.638134,1362.729063355159,81028,55,-9.202896127268133,-0.06881069307915509,5.6360535273457195,10.791808532580392,0.14962905108348856,True,walking_dual_task,P08,16,0.089
2026-04-03T01:32:34.639065,1333.183219471422,81083,54,-7.898718201676687,-0.28791471715536593,5.306783051571524,9.520220085181856,1.2715884473985355,True,walking_dual_task,P08,16,0.089
2026-04-03T01:32:34.695701,1415.915746282482,81238,54,-8.925878073915511,-1.1875904952029868,5.978882988758509,10.808733152778268,1.288513067596412,True,walking_dual_task,P08,16,0.089
2026-04-03T01:32:34.695983,1343.5016228817076,81236,53,-7.657008162308772,-0.14127243183466376,5.386891769325627,9.363137018760744,1.4455961340175243,True,walking_dual_task,P08,16,0.089
2026-04-03T01:32:34.696791,1389.0161758785375,81316,55,-7.454950335565165,0.3182114616144747,5.402366817590073,9.212117578051437,0.15101944070930706,True,walking_dual_task,P08,16,0.089
2026-04-03T01:32:34.697345,1370.8713903005034,81347,55,-7.528212138317596,-0.12858361609065286,5.551814953203522,9.354846926617965,0.14272934856652775,True,walking_dual_task,P08,16,0.089
2026-04-03T01:32:34.698127,1411.1631042783974,81336,55,-9.012812765493079,-0.6312954532840855,6.006594847882395,10.849355260188483,1.4945083335705185,True,walking_dual_task,P08,16,0.089
2026-04-03T01:32:34.698751,1404.9074453781318,80957,54,-10.30611995354432,-0.7479450255208135,6.060443045166736,11.979336382360902,1.1299811221724188,True,walking_dual_task,P08,16,0.089
2026-04-03T01:32:34.699473,1375.4167860769953,80957,55,-10.238347458625697,-0.96623599785079,6.109472192810078,11.961731528579362,0.017604853781540086,True,walking_dual_task,P08,16,0.089
2026-04-03T01:32:34.700155,1448.660097800104,80946,52,-10.26836469202788,-0.9188205095982566,6.115014231905418,11.986531760010859,0.02480023143149701,True,walking_dual_task,P08,16,0.089
2026-04-03T01:32:34.700871,1404.9934749110496,80946,54,-10.372202390041359,-0.9865104858762271,6.166187092155004,12.106925646677707,0.12039388666684836,True,walking_dual_task,P08,16,0.089
2026-04-03T01:32:34.701648,1387.1164163652343,80942,56,-10.317717805867682,-0.9512241655397534,6.179959653997833,12.06449457953655,0.042431067141157186,True,walking_dual_task,P08,16,0.089
2026-04-03T01:32:34.702300,1380.165236255214,80942,55,-10.362218817820906,-0.910967587364515,6.154032548087486,12.086254894571377,0.021760315034827116,True,walking_dual_task,P08,16,0.089
2026-04-03T01:32:34.755652,1429.6325907523267,80976,54,-10.279166714698286,-0.89183227158552,6.238476533864101,12.057164783346689,0.029090111224688187,True,walking_dual_task,P08,16,0.089
2026-04-03T01:32:34.756251,1486.812953649115,80976,54,-10.268412772248226,-0.9517138542670411,6.085895245157486,11.974313385606075,0.08285139774061356,True,walking_dual_task,P08,16,0.089
2026-04-03T01:32:34.756881,1484.7998573681964,81034,55,-10.27081735415893,-0.9663718589326067,6.052410746493825,11.960570201144385,0.013743184461690205,True,walking_dual_task,P08,16,0.089
2026-04-03T01:32:34.815594,1326.531267852946,81034,54,-10.396308423085692,-0.9343754776741946,6.151241763692098,12.115859919815485,0.1552897186710993,True,walking_dual_task,P08,16,0.089
2026-04-03T01:32:34.816232,1264.0517773694542,81045,55,-10.336528750028593,-1.0344371525627807,6.1543984874102655,12.074374003011817,0.04148591680366742,True,walking_dual_task,P08,16,0.089
2026-04-03T01:32:34.816870,1295.182421578818,81045,55,-8.26978897688767,-1.1814760764689576,3.866074743529154,9.204989373381986,2.869384629629831,True,walking_dual_task,P08,16,0.089
2026-04-03T01:32:34.875646,1537.627096723378,81077,53,-7.782250196019189,-1.4015292350147084,4.198676961057779,8.953021307545235,0.2519680658367509,True,walking_dual_task,P08,16,0.089
2026-04-03T01:32:34.876231,1417.3983707961697,81077,54,-7.878039728314449,-1.4443712343766466,4.1104440708426875,9.002525683557993,0.04950437601275759,True,walking_dual_task,P08,16,0.089
2026-04-03T01:32:34.877011,1353.143114919261,81179,55,-7.301622397165254,-0.9430344868045906,4.065000951524229,8.409948656798147,0.5925770267598462,True,walking_dual_task,P08,16,0.089
2026-04-03T01:32:34.995756,1432.3879305512733,81179,53,-7.27666197192449,-0.79406124980341,4.015412904297143,8.34888516594206,0.0610634908560872,True,walking_dual_task,P08,16,0.089
2026-04-03T01:32:34.996096,1453.0963450129123,81197,54,-7.1404107149015426,0.32580089564917075,4.016390390969554,8.198963542653372,0.1499216232886873,True,walking_dual_task,P08,16,0.089
2026-04-03T01:32:34.997041,1383.570945510687,81197,54,-7.05037622026245,0.3399359969067311,3.967577415013403,8.097223713925635,0.10173982872773735,True,walking_dual_task,P08,16,0.089
2026-04-03T01:32:34.997504,1454.1537691922917,81204,54,-7.084504314884456,0.230943767995625,3.9925422212985477,8.135350625538154,0.03812691161251891,True,walking_dual_task,P08,16,0.089
2026-04-03T01:32:34.998044,1436.5283866638893,81204,54,-7.550183876111569,-0.20361676234490955,4.364149939000507,8.723103864971518,0.5877532394333649,True,walking_dual_task,P08,16,0.089
2026-04-03T01:32:34.998894,1494.7742147359631,81253,54,-7.562778600164909,-0.06813070188386515,4.34147468347911,8.720588533748254,0.0025153312232646385,True,walking_dual_task,P08,16,0.089
2026-04-03T01:32:35.055534,1433.1396364415193,81253,54,-8.071027623320312,-0.9792637302930987,5.045971091418188,9.568817513428455,0.8482289796802007,True,walking_dual_task,P08,16,0.089
2026-04-03T01:32:35.056132,1378.6944137109076,81263,54,-8.771967566382273,-1.7160488360905772,5.634993606178794,10.566238286882719,0.9974207734542642,True,walking_dual_task,P08,16,0.089
2026-04-03T01:32:35.056895,1380.1222687567608,81263,54,-8.778138135011316,-1.8998737626508202,5.508001193748924,10.53581067510652,0.030427611776199015,True,walking_dual_task,P08,16,0.089
2026-04-03T01:32:35.115650,1407.4615389538485,81234,54,-9.679072898458923,-2.446364502410651,5.8648415858503435,11.57866651559913,1.04285584049261,True,walking_dual_task,P08,16,0.089
2026-04-03T01:32:35.116175,1423.5026026324397,81234,54,-9.731903361686202,-2.3776020444395605,5.86868120850359,11.610527707643849,0.03186119204471893,True,walking_dual_task,P08,16,0.089
2026-04-03T01:32:35.117004,1427.9671727815162,81181,55,-9.698196540997568,-2.090927592239651,5.817171001496243,11.500716186588342,0.10981152105550684,True,walking_dual_task,P08,16,0.089
2026-04-03T01:32:35.175700,1320.9760692518607,81181,54,-8.882353561905138,-1.5575872833431719,5.537781247846444,10.582499898082729,0.9182162885056133,True,walking_dual_task,P08,16,0.089
2026-04-03T01:32:35.176548,1395.2226654765575,81140,54,-8.956824081548483,-1.475322683503399,5.53500760198116,10.63191345912182,0.049413561039092,True,walking_dual_task,P08,16,0.089
2026-04-03T01:32:35.176785,1304.9813072912245,81140,54,-8.963460638427003,-1.496027536628572,5.467391552807136,10.605380492876623,0.026532966245197187,True,walking_dual_task,P08,16,0.089
2026-04-03T01:32:35.235521,1379.084664676084,81156,53,-8.871663643812575,-1.1044208443930792,5.558140909121752,10.527064717960487,0.0783157749161365,True,walking_dual_task,P08,16,0.089
2026-04-03T01:32:35.236144,1395.725379504225,81156,56,-8.544926123329718,-0.7902250850706777,5.773051329324718,10.342549965518925,0.18451475244156157,True,walking_dual_task,P08,16,0.089
2026-04-03T01:32:35.295846,1506.775755331217,81184,55,-8.617819542136381,-0.7639339612123953,5.89974679230028,10.471743931703966,0.1291939661850403,True,walking_dual_task,P08,16,0.089
2026-04-03T01:32:35.296400,1424.960984897144,81184,56,-8.888553670563972,-0.6801405934628261,6.3043235490291085,10.918492249033985,0.4467483173300195,True,walking_dual_task,P08,16,0.089
2026-04-03T01:32:35.297146,1497.011001810221,81161,55,-8.853397453178227,-0.734883582325713,6.2976434647002995,10.889582799721804,0.028909449312180868,True,walking_dual_task,P08,16,0.089
2026-04-03T01:32:35.297593,1458.070432463674,81161,55,-8.877011729379596,-1.0444194726076488,6.285188494023258,10.926835941099661,0.037253141377856736,True,walking_dual_task,P08,16,0.089
2026-04-03T01:32:35.356330,1377.6519929490385,81053,53,-8.993105017158541,-1.006707083464235,6.310527953529004,11.032323420468154,0.10548747936849345,True,walking_dual_task,P08,16,0.089
2026-04-03T01:32:35.356439,1431.5768734538294,81053,55,-8.466893185385734,-1.387869017870068,5.8804382087573535,10.401635167150808,0.6306882533173468,True,walking_dual_task,P08,16,0.089
2026-04-03T01:32:35.356943,1440.1132348846222,81005,54,-8.325996116671387,-1.4767189594943306,6.030356838659868,10.385957530325689,0.015677636825119023,True,walking_dual_task,P08,16,0.089
2026-04-03T01:32:35.415864,1436.0675929058634,81005,54,-8.1733456560272,-1.4969031376899389,5.873540312671136,10.175596985980608,0.21036054434508067,True,walking_dual_task,P08,16,0.089
2026-04-03T01:32:35.415962,1382.2131320589313,81014,53,-8.73974242208733,-0.9270180936023606,5.814128061217644,10.537862461739454,0.3622654757588464,True,walking_dual_task,P08,16,0.089
2026-04-03T01:32:35.416730,1488.0275026300992,81014,54,-8.674074355629816,-0.9874050688330331,5.950252017845762,10.565038275975603,0.027175814236148454,True,walking_dual_task,P08,16,0.089
2026-04-03T01:32:35.475617,1373.2403012628745,80990,58,-8.34483501103818,-0.7049132957373818,5.402326300913669,9.965856891281325,0.599181384694278,True,walking_dual_task,P08,16,0.089
2026-04-03T01:32:35.475948,1480.7898986517955,80990,56,-8.420407081877821,-0.6388298504642035,5.4050618096164085,10.026268107733609,0.06041121645228387,True,walking_dual_task,P08,16,0.089
2026-04-03T01:32:35.476661,1351.8738214944965,80994,56,-7.814584110745808,-0.37301042762226816,5.017667765722525,9.294291334480896,0.7319767732527129,True,walking_dual_task,P08,16,0.089
2026-04-03T01:32:35.535653,1375.2291466453034,80994,55,-7.851185025088539,-0.46684168947424004,4.833848024769803,9.231745998876736,0.06254533560415965,True,walking_dual_task,P08,16,0.089
2026-04-03T01:32:35.536126,1381.7142348845543,81041,55,-7.214019294660202,-0.07150345723340404,4.823486686782346,8.67831843997975,0.5534275588969866,True,walking_dual_task,P08,16,0.089
2026-04-03T01:32:35.536870,1417.6847298383475,81041,54,-6.856503324334246,0.04868120459443227,4.67274227172681,8.297501312700707,0.3808171272790428,True,walking_dual_task,P08,16,0.089
2026-04-03T01:32:35.595737,1350.2083422099693,81090,55,-6.857814637940823,-0.02139642214601699,4.73854736011505,8.335700960284587,0.03819964758388039,True,walking_dual_task,P08,16,0.089
2026-04-03T01:32:35.596282,1366.059182432414,81090,56,-6.802342313755171,0.07781172364743945,4.735970881980712,8.288988829333176,0.04671213095141091,True,walking_dual_task,P08,16,0.089
2026-04-03T01:32:35.596793,1424.8431827933982,81125,55,-6.930003377176595,0.07921854002152039,4.729053671885235,8.390183014471935,0.101194185138759,True,walking_dual_task,P08,16,0.089
2026-04-03T01:32:35.655568,1493.5942186410389,81125,56,-6.897606530488917,0.03647723151211838,4.676532180744664,8.333562244046815,0.056620770425119815,True,walking_dual_task,P08,16,0.089
2026-04-03T01:32:35.656187,1471.0378735890852,81113,55,-7.067355247160017,0.042422717291466884,4.827241059531933,8.558712877724874,0.22515063367805865,True,walking_dual_task,P08,16,0.089
2026-04-03T01:32:35.656828,1325.686257046796,81113,57,-6.773881023297418,0.15451085446110624,4.814258729215731,8.311824398636261,0.24688847908861256,True,walking_dual_task,P08,16,0.089
2026-04-03T01:32:35.715529,1401.7015411013804,81065,55,-6.867515389757832,0.11859179219326942,4.706308044265539,8.326233665304787,0.014409266668526044,True,walking_dual_task,P08,16,0.089
2026-04-03T01:32:35.716091,1319.0750587565124,81065,54,-6.938014188359361,0.15607420229532926,4.698159787318442,8.38051940047119,0.05428573516640256,True,walking_dual_task,P08,16,0.089
2026-04-03T01:32:35.717044,1397.607284001973,80971,56,-6.875223979715604,0.15858825233285723,4.857480530429429,8.419558902254645,0.03903950178345461,True,walking_dual_task,P08,16,0.089
2026-04-03T01:32:35.776501,1457.0196469704726,80971,55,-6.914714957034597,0.07287266225964208,4.601996231558784,8.306441035559335,0.1131178666953101,True,walking_dual_task,P08,16,0.089
2026-04-03T01:32:35.776638,1362.8976973214899,80897,55,-6.8631924648392815,0.11501333012564247,4.72496370792676,8.333181920296608,0.026740884737273873,True,walking_dual_task,P08,16,0.089
2026-04-03T01:32:35.777021,1435.7369588578654,80897,55,-6.910299279806286,0.1376313150129443,4.810044541394915,8.42067141061605,0.08748949031944164,True,walking_dual_task,P08,16,0.089
2026-04-03T01:32:35.835550,1439.6899740674985,80892,57,-6.899507315833201,0.06733194034851324,4.665607702522025,8.32920344482351,0.0914679657925408,True,walking_dual_task,P08,16,0.089
2026-04-03T01:32:35.836097,1433.3987305701955,80892,56,-10.04675095285201,-0.4750995211133495,5.196301609063673,11.320974987868874,2.991771543045365,True,walking_dual_task,P08,16,0.089
2026-04-03T01:32:35.836894,1367.038563684285,80915,56,-10.197520113452079,-1.1133701183242897,4.75526110052019,11.306702331748086,0.014272656120787985,True,walking_dual_task,P08,16,0.089
2026-04-03T01:32:35.895602,1421.2588183232876,80915,56,-10.192209970166356,-1.1255198711337266,4.782835643393217,11.314745063322812,0.008042731574725792,True,walking_dual_task,P08,16,0.089
2026-04-03T01:32:35.896200,1433.7406867937077,80943,54,-9.527271071925952,-1.0124423297217835,3.975454413345021,10.372953838784493,0.9417912245383189,True,walking_dual_task,P08,16,0.089
2026-04-03T01:32:35.896851,1419.4479994199107,80943,54,-9.500865313960022,-0.9287029554298273,3.9450147336233448,10.329185453942534,0.04376838484195922,True,walking_dual_task,P08,16,0.089
2026-04-03T01:32:36.016515,1377.865621510433,81037,55,-8.648123918472036,-0.6403976761554311,3.379943831343572,9.307211010604137,1.0219744433383973,True,walking_dual_task,P08,16,0.089
2026-04-03T01:32:36.075878,1464.734608986276,81037,55,-7.8418111997654645,-0.18824952361024222,2.895166084076863,8.361305366406343,0.9459056441977935,True,walking_dual_task,P08,16,0.089
2026-04-03T01:32:36.135750,1380.5615784297675,81164,56,-7.85416098186853,-0.2724706566203489,2.898958113646754,8.376517362991823,0.015211996585479781,True,walking_dual_task,P08,16,0.089
2026-04-03T01:32:36.195805,1416.3364667605615,81164,55,-7.511564935991143,-0.5922963158404726,2.663791898819494,7.991884007766015,0.3846333552258079,True,walking_dual_task,P08,16,0.089
2026-04-03T01:32:36.196102,1369.5680530879702,81258,54,-7.389621271917781,-0.6186294399913685,2.7228245000568183,7.899555568797112,0.09232843896890319,True,walking_dual_task,P08,16,0.089
2026-04-03T01:32:36.197136,1446.4782474050921,81258,54,-7.604176259726249,-0.950253537715795,2.7990693433263703,8.158508905656424,0.258953336859312,True,walking_dual_task,P08,16,0.089
2026-04-03T01:32:36.197749,1496.3502448305362,81353,54,-7.726842806794037,-1.719444874155335,3.348352528362455,8.59488540297979,0.4363764973233657,True,walking_dual_task,P08,16,0.089
2026-04-03T01:32:36.198394,1326.3254621749984,81353,54,-7.690707535898727,-1.659555966894898,3.3841935050105434,8.564687623570487,0.030197779409302683,True,walking_dual_task,P08,16,0.089
2026-04-03T01:32:36.255941,1304.6515790406868,81361,54,-8.127454348147163,-1.3062303020161707,3.5621545949711866,8.969431260765413,0.404743637194926,True,walking_dual_task,P08,16,0.089
2026-04-03T01:32:36.256104,1432.287392059072,81361,56,-8.011726461878864,-1.241426812383275,3.672086102996763,8.900175154360506,0.06925610640490731,True,walking_dual_task,P08,16,0.089
2026-04-03T01:32:36.256724,1436.9218518769699,81204,56,-8.466799311765188,-0.6823536272996189,3.759194769270135,9.288909643855103,0.3887344894945972,True,walking_dual_task,P08,16,0.089
2026-04-03T01:32:36.257423,1455.390748990088,81204,55,-8.420443543441232,-0.6453506378609031,3.6502393893752054,9.200249698449216,0.08865994540588673,True,walking_dual_task,P08,16,0.089
2026-04-03T01:32:36.258026,1356.8141085108243,81111,56,-8.74668045516269,-0.30567178658134053,3.8130008539087754,9.546561147227093,0.3463114487778771,True,walking_dual_task,P08,16,0.089
2026-04-03T01:32:36.258717,1379.0740992570622,81111,54,-9.14340461609085,-0.494759480509901,4.355573487556281,10.1399041081565,0.593342960929407,True,walking_dual_task,P08,16,0.089
2026-04-03T01:32:36.259519,1362.770656468584,81093,55,-9.245935234440633,-0.4223716333169154,4.35713856868212,10.229876473486806,0.08997236533030595,True,walking_dual_task,P08,16,0.089
2026-04-03T01:32:36.260242,1460.9791448530757,81093,54,-10.355239321813388,-1.4487667153861497,5.1954352392125545,11.675720694350845,1.4458442208640392,True,walking_dual_task,P08,16,0.089
2026-04-03T01:32:36.315700,1368.7445410914218,81077,55,-10.21522844978371,-1.378798077047991,5.1170617062680686,11.50809701576663,0.16762367858421534,True,walking_dual_task,P08,16,0.089
2026-04-03T01:32:36.375726,1315.95374997912,81077,56,-11.056220274211396,-1.774473436512701,5.593487891869143,12.517023189451198,1.0089261736845678,True,walking_dual_task,P08,16,0.089
2026-04-03T01:32:36.376766,1485.1900947507384,80994,54,-11.55864062380091,-1.541712924190382,5.814141231513902,13.03009171382866,0.5130685243774629,True,walking_dual_task,P08,16,0.089
2026-04-03T01:32:36.376841,1271.303712872424,80994,55,-11.520536885413822,-1.5076717007206515,5.8594046631753685,13.012627217137036,0.017464496691625087,True,walking_dual_task,P08,16,0.089
2026-04-03T01:32:36.377332,1431.0597220649422,80902,56,-10.549382877035194,-1.1162403818964723,5.989203103423824,12.182201175917319,0.8304260412197166,True,walking_dual_task,P08,16,0.089
2026-04-03T01:32:36.378142,1311.126990058721,80902,55,-10.624183393925053,-1.0719901003192476,5.939488558994108,12.218836274594944,0.03663509867762471,True,walking_dual_task,P08,16,0.089
2026-04-03T01:32:36.378796,1344.888681560064,80901,56,-9.280090482047772,-0.6200296419362781,5.759576823932566,10.939709379259323,1.2791268953356205,True,walking_dual_task,P08,16,0.089
2026-04-03T01:32:36.435574,1451.517662818064,80901,55,-8.051157246177533,0.09931863957382897,5.462332294279217,9.729751861582569,1.209957517676754,True,walking_dual_task,P08,16,0.089
2026-04-03T01:32:36.435891,1444.252501704293,80982,54,-8.033208848589465,0.16344749792530078,5.2932236497681115,9.621713781655458,0.10803807992711079,True,walking_dual_task,P08,16,0.089
2026-04-03T01:32:36.436712,1415.055019275615,80982,57,-8.123121609033321,0.16895676855558273,5.324781271237167,9.714265111232189,0.09255132957673062,True,walking_dual_task,P08,16,0.089
2026-04-03T01:32:36.437360,1403.292541995104,81076,54,-7.310328692863917,0.41857850999423357,5.200146439340321,8.980959667948758,0.733305443283431,True,walking_dual_task,P08,16,0.089
2026-04-03T01:32:36.495651,1444.369009832474,81076,54,-7.439804569904271,0.47710221937934766,5.273309518429423,9.131599632225644,0.15063996427688586,True,walking_dual_task,P08,16,0.089
2026-04-03T01:32:36.495927,1363.3974116210395,81177,55,-7.299219051658855,0.11233598653801359,5.073448626312606,8.889943706334947,0.24165592589069718,True,walking_dual_task,P08,16,0.089
2026-04-03T01:32:36.496686,1401.4540288201222,81177,54,-7.202730886546747,0.11162377421330527,5.03089241005583,8.786448118127225,0.10349558820772131,True,walking_dual_task,P08,16,0.089
2026-04-03T01:32:36.555859,1343.7502436036132,81303,57,-7.822835661250813,-0.6184282164717829,4.936598284484691,9.270879886194358,0.4844317680671324,True,walking_dual_task,P08,16,0.089
2026-04-03T01:32:36.556145,1420.6204751960315,81303,55,-8.63384538025994,-1.021780808950633,5.316389008031709,10.19074649652792,0.9198666103335622,True,walking_dual_task,P08,16,0.089
2026-04-03T01:32:36.557063,1402.1367124555438,81318,56,-8.493825722684834,-1.0316785720573574,5.391217747807469,10.11309373474107,0.07765276178684921,True,walking_dual_task,P08,16,0.089
2026-04-03T01:32:36.616184,1392.1874233632911,81318,54,-8.6445617691401,-1.0648502978963634,5.283695082710966,10.187236527364652,0.07414279262358114,True,walking_dual_task,P08,16,0.089
2026-04-03T01:32:36.616612,1506.3442061554529,81243,54,-8.632851847641511,-0.9762157853825932,5.26154503892196,10.156918060098835,0.03031846726581655,True,walking_dual_task,P08,16,0.089
2026-04-03T01:32:36.616903,1372.0535917076413,81243,54,-8.686371595082596,-1.109752169677672,5.23241794328325,10.201117531876328,0.044199471777492505,True,walking_dual_task,P08,16,0.089
2026-04-03T01:32:36.736059,1453.4829601825372,81247,53,-8.552588404443616,-0.975782913865662,5.300813502059262,10.109280117517239,0.09183741435908921,True,walking_dual_task,P08,16,0.089
2026-04-03T01:32:36.736331,1477.6022515380223,81247,56,-8.656510207654337,-0.967330188678711,5.41459307123028,10.256154971341253,0.14687485382401455,True,walking_dual_task,P08,16,0.089
2026-04-03T01:32:36.736891,1394.3591758726704,81287,56,-8.58865697466815,-1.0618501014130648,5.340737685405388,10.169367398746889,0.08678757259436409,True,walking_dual_task,P08,16,0.089
2026-04-03T01:32:36.737501,1344.4001851510757,81287,54,-8.638421307812386,-1.0110653710916042,5.216381605256716,10.141755909483738,0.027611489263151157,True,walking_dual_task,P08,16,0.089
2026-04-03T01:32:36.738221,1497.3778595039184,81335,55,-8.637998032030058,-1.0457801497304873,5.274815742630088,10.17508463068606,0.03332872120232189,True,walking_dual_task,P08,16,0.089
2026-04-03T01:32:36.739354,1369.3989954669246,81335,55,-8.722824336226584,-1.0240609871909294,5.37164558596019,10.29519021715086,0.12010558646480085,True,walking_dual_task,P08,16,0.089
2026-04-03T01:32:36.795574,1520.5063814431137,81360,54,-8.54781389428967,-1.0873049114370876,5.262529493960476,10.096611858274569,0.19857835887629172,True,walking_dual_task,P08,16,0.089
2026-04-03T01:32:36.796163,1380.3248756191724,81360,56,-8.63271419008042,-1.0405021810588377,5.490919314488875,10.283802506594096,0.18719064831952714,True,walking_dual_task,P08,16,0.089
2026-04-03T01:32:36.796882,1347.701732160874,81380,55,-8.641814702818584,-0.9873462947087993,5.33003106553364,10.201227633137117,0.08257487345697889,True,walking_dual_task,P08,16,0.089
2026-04-03T01:32:36.855774,1432.630456712797,81380,56,-8.517982111002015,-0.3600894571041301,6.176769338710875,10.527970513071676,0.3267428799345584,True,walking_dual_task,P08,16,0.089
2026-04-03T01:32:36.915733,1366.7320583744502,81354,56,-9.944480759775207,-1.0087807303408143,6.550658544643523,11.950793426043202,1.422822912971526,True,walking_dual_task,P08,16,0.089
2026-04-03T01:32:36.975655,1444.6885669441488,81354,55,-9.880383152237878,-1.0436201267777605,6.585887349011406,11.919942381484493,0.030851044558708907,True,walking_dual_task,P08,16,0.089
2026-04-03T01:32:36.976098,1419.29575542758,81138,56,-10.789420383179841,-1.3774755896450153,6.764894783419811,12.809091795899704,0.8891494144152112,True,walking_dual_task,P08,16,0.089
2026-04-03T01:32:36.977154,1394.288240467457,81138,55,-10.827373594775109,-1.3304936933518847,6.702641654717333,12.803422885323842,0.00566891057586183,True,walking_dual_task,P08,16,0.089
2026-04-03T01:32:37.035570,1497.9139633806644,80971,57,-10.289047594124735,-1.1295632228175791,6.244931129541094,12.088820384190404,0.714602501133438,True,walking_dual_task,P08,16,0.089
2026-04-03T01:32:37.036014,1380.9749348472901,80971,56,-9.269653835400986,-0.5524820169413318,5.266592411314168,10.675613061277547,1.4132073229128572,True,walking_dual_task,P08,16,0.089
2026-04-03T01:32:37.036749,1559.6438754862672,80994,56,-9.37749809108414,-0.5408205962820462,5.232626492030781,10.752224763775724,0.07661170249817673,True,walking_dual_task,P08,16,0.089
2026-04-03T01:32:37.037359,1391.651934745882,80994,56,-9.571501997850266,0.2254595586817708,4.162651362925414,10.439930501527174,0.3122942622485496,True,walking_dual_task,P08,16,0.089
2026-04-03T01:32:37.038062,1506.3846439305921,81047,55,-9.461739255551787,0.2736125590315445,4.185507891313984,10.349775354120547,0.09015514740662667,True,walking_dual_task,P08,16,0.089
2026-04-03T01:32:37.038926,1440.0474762926929,81047,55,-9.116646751276068,0.12684965788195812,3.319792358889611,9.703110848042451,0.6466645060780962,True,walking_dual_task,P08,16,0.089
2026-04-03T01:32:37.095701,1359.3793030712516,81073,55,-8.340283137578005,-0.3052371911684199,2.7235214845912377,8.779012577441183,0.9240982706012684,True,walking_dual_task,P08,16,0.089
2026-04-03T01:32:37.096331,1327.693756587475,81073,56,-8.26437853153295,-0.27305244523637157,2.85193033389232,8.74688611905331,0.03212645838787331,True,walking_dual_task,P08,16,0.089
2026-04-03T01:32:37.097377,1373.3934348798266,81174,56,-8.199430927561638,-0.3865375308153193,2.5003688666668573,8.580904571662593,0.16598154739071624,True,walking_dual_task,P08,16,0.089
2026-04-03T01:32:37.097617,1387.5301162700189,81174,55,-7.9904756499481255,-0.5653758843218691,2.526510193098612,8.399440740836134,0.18146383082645912,True,walking_dual_task,P08,16,0.089
2026-04-03T01:32:37.155674,1402.6203186831187,81247,56,-8.357587400428464,-0.3593774957010732,2.631906418410935,8.769569586672407,0.37012884583627326,True,walking_dual_task,P08,16,0.089
2026-04-03T01:32:37.215743,1480.5822913763818,81247,55,-7.951482555319842,-0.9062725719062747,2.7578609783398926,8.464821438045533,0.3047481486268744,True,walking_dual_task,P08,16,0.089
2026-04-03T01:32:37.216234,1400.5621832990162,81239,56,-8.070757555943334,-0.8069377582154937,2.690824546307265,8.545689721225548,0.08086828318001515,True,walking_dual_task,P08,16,0.089
2026-04-03T01:32:37.216879,1425.994135192371,81239,55,-7.754237915078423,-1.4269541043100795,3.348959228463466,8.566208704751347,0.020518983525798618,True,walking_dual_task,P08,16,0.089
2026-04-03T01:32:37.217438,1419.8104398510673,81251,56,-7.81566921043448,-1.447635959726699,3.1600245807620166,8.553717930224702,0.012490774526645154,True,walking_dual_task,P08,16,0.089
2026-04-03T01:32:37.218496,1409.2100031733987,81251,55,-7.729677386665411,-1.5460426759754657,3.231581402234595,8.51946470249936,0.03425322772534223,True,walking_dual_task,P08,16,0.089
2026-04-03T01:32:37.275670,1342.9176062860895,81252,55,-7.921788447333592,-1.529088023139064,3.765418178610564,8.903438462000295,0.38397375950093604,True,walking_dual_task,P08,16,0.089
2026-04-03T01:32:37.276528,1343.7148485419577,81252,56,-7.982229355588282,-1.5133682832449382,3.710318318837032,8.93155815482633,0.028119692826034992,True,walking_dual_task,P08,16,0.089
2026-04-03T01:32:37.277164,1429.1106197081663,81200,54,-8.154080330668416,-0.8791472012212189,3.807039305602595,9.04187337418589,0.11031521935955979,True,walking_dual_task,P08,16,0.089
2026-04-03T01:32:37.335824,1295.871120109775,81200,55,-8.461764750170177,-0.47604796148574885,4.090215347844815,9.41052314914546,0.36864977495956985,True,walking_dual_task,P08,16,0.089
2026-04-03T01:32:37.336099,1376.8030053622101,81193,56,-8.510279980425398,-0.426029345477813,4.033047076118818,9.42718595693477,0.016662807789309397,True,walking_dual_task,P08,16,0.089
2026-04-03T01:32:37.336871,1468.2040135189695,81193,54,-8.977710451608,-0.6493650976367281,4.467773445469247,10.048978034754601,0.6217920778198316,True,walking_dual_task,P08,16,0.089
2026-04-03T01:32:37.395865,1372.0935387848574,81176,55,-8.875049855628054,-0.6121196515955883,4.620614026591587,10.024533624587628,0.024444410166973185,True,walking_dual_task,P08,16,0.089
2026-04-03T01:32:37.395998,1350.6538480899953,81176,55,-9.371896783754368,-0.9848178391670881,4.802724581083257,10.57678963123634,0.5522560066487117,True,walking_dual_task,P08,16,0.089
2026-04-03T01:32:37.396698,1299.8693469325026,81160,55,-10.821451326841418,-1.5373805880046745,5.392501507773691,12.187962110333007,1.611172479096668,True,walking_dual_task,P08,16,0.089
2026-04-03T01:32:37.455795,1437.0624290223916,81160,56,-11.041970735288608,-1.5471206591669915,5.40115000318898,12.389153377448343,0.20119126711533575,True,walking_dual_task,P08,16,0.089
2026-04-03T01:32:37.456095,1404.8263108693804,81135,54,-11.082890937271157,-1.1212545310871147,6.226724607554343,12.761652815730935,0.3724994382825919,True,walking_dual_task,P08,16,0.089
2026-04-03T01:32:37.456735,1443.2842546997827,81135,56,-11.00348287730241,-1.277306802997206,6.303072334195409,12.74507233993475,0.016580475796185823,True,walking_dual_task,P08,16,0.089
2026-04-03T01:32:37.515762,1411.422887574858,81423,54,-10.569720712754634,-0.37176185182868116,6.189363501902826,12.254200234156295,0.49087210577845397,True,walking_dual_task,P08,16,0.089
2026-04-03T01:32:37.516278,1404.0539072298056,81423,56,-10.74231646605305,-0.4066879810971872,6.059122640476121,12.340005078732089,0.08580484457579374,True,walking_dual_task,P08,16,0.089
2026-04-03T01:32:37.517190,1413.8162980728669,81678,57,-10.143286182958958,-0.6036848316488577,6.318070654516863,11.965312647851546,0.37469243088054327,True,walking_dual_task,P08,16,0.089
2026-04-03T01:32:37.575644,1414.3847421732703,81678,55,-8.97064512497076,-0.13178149010513335,5.7794803673624475,10.672030436426986,1.2932822114245592,True,walking_dual_task,P08,16,0.089
2026-04-03T01:32:37.576222,1426.4349496249931,81814,54,-9.071686054864797,0.03319029499553458,5.863230420343521,10.801576756925442,0.1295463204984557,True,walking_dual_task,P08,16,0.089
2026-04-03T01:32:37.576956,1360.2895578908178,81814,54,-8.874495897103353,-0.049010934005004406,5.780070976679789,10.590953686746644,0.2106230701787979,True,walking_dual_task,P08,16,0.089
2026-04-03T01:32:37.635537,1398.1769764335934,81819,55,-8.917543741134464,-0.15367091121013912,5.771546009907092,10.623414915575552,0.03246122882890745,True,walking_dual_task,P08,16,0.089
2026-04-03T01:32:37.636068,1336.4158080633676,81819,55,-8.847138005419605,-0.10665527614846954,5.769975633177088,10.562946797287566,0.06046811828798582,True,walking_dual_task,P08,16,0.089
2026-04-03T01:32:37.637255,1360.9310829991196,81690,56,-9.02023197764465,-0.07266575012958992,5.884634673491963,10.770273463669753,0.20732666638218689,True,walking_dual_task,P08,16,0.089
2026-04-03T01:32:37.756075,1413.5878898457006,81690,56,-8.963586147645561,-0.15222641418096497,5.749502778691605,10.650156417143378,0.12011704652637434,True,walking_dual_task,P08,16,0.089
2026-04-03T01:32:37.756204,1490.6365631414214,81632,55,-8.971435711732862,-0.1372295783171368,5.771928556614813,10.668676110445306,0.018519693301927376,True,walking_dual_task,P08,16,0.089
2026-04-03T01:32:37.756960,1346.4751375808949,81632,57,-9.05507630137472,-0.16309666274950196,5.8124948729769494,10.761324453500203,0.092648343054897,True,walking_dual_task,P08,16,0.089
2026-04-03T01:32:37.757612,1342.177165108122,81615,56,-8.853616904006847,-0.11699400494911057,5.731916437995031,10.547752648420774,0.21357180507942886,True,walking_dual_task,P08,16,0.089
2026-04-03T01:32:37.758507,1375.7981026940943,81615,55,-8.896525893161781,-0.09240577282468007,5.80065004173134,10.620934643485343,0.07318199506456935,True,walking_dual_task,P08,16,0.089
2026-04-03T01:32:37.815574,1330.7637778786961,81556,55,-9.053650841589738,-0.07978402206834065,5.865532657558751,10.78792994084056,0.166995297355216,True,walking_dual_task,P08,16,0.089
2026-04-03T01:32:37.815894,1434.3615228587519,81556,55,-8.898525619144316,-0.12730352064298814,5.858970655836027,10.654928508764545,0.13300143207601423,True,walking_dual_task,P08,16,0.089
2026-04-03T01:32:37.816851,1373.6855681064312,81504,57,-8.881704886046291,-0.09308290111793743,5.9177557187933365,10.673011705072302,0.018083196307756566,True,walking_dual_task,P08,16,0.089
2026-04-03T01:32:37.817396,1301.9510981455746,81504,54,-7.439296863930666,0.6887703316182927,5.332215163108623,9.178783195233,1.4942285098393011,True,walking_dual_task,P08,16,0.089
2026-04-03T01:32:37.875666,1476.6145738968567,81546,54,-7.425142972274107,0.9454601358206307,5.130259061848411,9.074480760286798,0.10430243494620228,True,walking_dual_task,P08,16,0.089
2026-04-03T01:32:37.876016,1341.1355330857214,81546,57,-7.471834351568381,0.9344964147277736,5.083489217824133,9.0853428528675,0.010862092580701699,True,walking_dual_task,P08,16,0.089
2026-04-03T01:32:37.876747,1427.2348543949363,81565,54,-7.666103367543601,1.1967632278864535,5.124144312003024,9.298292208557305,0.21294935568980478,True,walking_dual_task,P08,16,0.089
2026-04-03T01:32:37.935454,1421.5658213937406,81565,56,-7.721188102557897,1.1605881541308138,4.961638361557662,9.251030526891098,0.04726168166620681,True,walking_dual_task,P08,16,0.089
2026-04-03T01:32:37.936139,1424.7625837448804,81528,54,-8.001942100449632,0.7968627875207019,5.030492161050635,9.485352869739502,0.23432234284840447,True,walking_dual_task,P08,16,0.089
2026-04-03T01:32:37.936744,1458.3000779003419,81528,55,-8.30485216359987,-0.13847256025807764,5.326697260958174,9.867291817874507,0.38193894813500506,True,walking_dual_task,P08,16,0.089
2026-04-03T01:32:37.995801,1437.756318093357,81532,55,-8.29093051001643,-0.017950175890958413,5.287731982319115,9.833613804068992,0.03367801380551505,True,walking_dual_task,P08,16,0.089
2026-04-03T01:32:37.996195,1287.0472234342158,81532,55,-9.541133493608074,-0.20000038439730392,5.367527097541947,10.949135839848548,1.1155220357795557,True,walking_dual_task,P08,16,0.089
2026-04-03T01:32:37.997115,1424.5036698733372,81574,56,-9.50504848146107,-0.13941174863452965,5.39046468764252,10.928059837835063,0.02107600201348525,True,walking_dual_task,P08,16,0.089
2026-04-03T01:32:38.055835,1351.636330295221,81574,56,-10.632643484568808,-0.06901989738690487,5.741694563516534,12.08407744417811,1.1560176063430472,True,walking_dual_task,P08,16,0.089
2026-04-03T01:32:38.056470,1461.9240749936323,81517,55,-11.193850639527135,-0.17240545595034265,5.759532483937055,12.589846314185477,0.5057688700073673,True,walking_dual_task,P08,16,0.089
2026-04-03T01:32:38.057061,1365.3665304857745,81517,56,-11.34082812081431,-0.28947780405634244,5.780907979035612,12.73252044675254,0.14267413256706263,True,walking_dual_task,P08,16,0.089
2026-04-03T01:32:38.115686,1463.3910579152412,81414,56,-10.403456535385398,-0.5881029654339661,5.1011172996049545,11.601688268779434,1.1308321779731063,True,walking_dual_task,P08,16,0.089
2026-04-03T01:32:38.116153,1564.8388394058738,81414,54,-10.38175092517282,-0.5894672558932117,5.112234499227074,11.58719834529402,0.01448992348541367,True,walking_dual_task,P08,16,0.089
2026-04-03T01:32:38.116911,1344.0068425989195,81425,56,-9.970949296160393,-0.6025869386788802,4.4075210386811685,10.918295773227841,0.6689025720661785,True,walking_dual_task,P08,16,0.089
2026-04-03T01:32:38.175605,1434.8085744370876,81425,54,-9.9645286768823,-0.6511024125392324,4.379054144032569,10.903755376034118,0.014540397193723464,True,walking_dual_task,P08,16,0.089
2026-04-03T01:32:38.176562,1393.9025110234154,81475,57,-9.819120445734915,-0.2713094927001773,3.8825080192203036,10.562319995530746,0.34143538050337163,True,walking_dual_task,P08,16,0.089
2026-04-03T01:32:38.177096,1349.28253450775,81475,56,-9.187575588305977,0.07210420193813868,3.2346046595150315,9.740606321483762,0.8217136740469844,True,walking_dual_task,P08,16,0.089
2026-04-03T01:32:38.235675,1352.2255161210744,81564,55,-9.198853258670518,0.07114732708617572,3.220238042750302,9.746481224969399,0.0058749034856369065,True,walking_dual_task,P08,16,0.089
2026-04-03T01:32:38.236139,1357.4983118078933,81564,54,-8.785916955585682,-0.4465293122424411,2.784787770416746,9.22750064228675,0.5189805826826497,True,walking_dual_task,P08,16,0.089
2026-04-03T01:32:38.236906,1387.07304010718,81714,55,-8.74433840612677,-0.25626578311531306,2.9163882774142103,9.2214124133507,0.006088228936048878,True,walking_dual_task,P08,16,0.089
2026-04-03T01:32:38.295620,1383.2538757824325,81714,57,-8.26851667043454,-0.5896624109333464,2.682958627555637,8.712883373791758,0.5085290395589421,True,walking_dual_task,P08,16,0.089
2026-04-03T01:32:38.296086,1433.1134123363754,81876,55,-8.33029135582664,-0.6524601984096028,2.7167787157441605,8.786372685800963,0.07348931200920461,True,walking_dual_task,P08,16,0.089
2026-04-03T01:32:38.297103,1424.2801456241057,81876,55,-7.74340891984772,-0.5707324355326457,2.7309643560960732,8.230691558260066,0.5556811275408968,True,walking_dual_task,P08,16,0.089
2026-04-03T01:32:38.355755,1435.2656758459402,81922,54,-7.71291500925634,-0.6335098830388237,2.821848493761152,8.237306697802484,0.006615139542418547,True,walking_dual_task,P08,16,0.089
2026-04-03T01:32:38.476149,1372.9155816812001,81922,57,-7.7873318081414205,-0.9603781307129748,2.9975162596159963,8.399402750833248,0.1620960530307638,True,walking_dual_task,P08,16,0.089
2026-04-03T01:32:38.476449,1400.247266168877,81905,55,-7.580116854742807,-0.9795729064079469,3.0423119499033886,8.226384175994303,0.17301857483894523,True,walking_dual_task,P08,16,0.089
2026-04-03T01:32:38.477248,1378.3452233243108,81905,56,-7.7804318207350445,-0.778761665025192,3.296844489789213,8.485916134270521,0.25953195827621833,True,walking_dual_task,P08,16,0.089
2026-04-03T01:32:38.477957,1343.4722500395278,81756,56,-8.03623059264558,-0.13055810372405002,3.312067918435402,8.69297655886347,0.2070604245929495,True,walking_dual_task,P08,16,0.089
2026-04-03T01:32:38.478532,1404.9371347055185,81756,57,-8.081132749084308,-0.06673158495039663,3.267451832812725,8.716960542098612,0.023983983235140727,True,walking_dual_task,P08,16,0.089
2026-04-03T01:32:38.536356,1319.3982863156714,81631,56,-8.662525896296948,0.2590847997591169,3.271081955952717,9.263177478599927,0.546216936501315,True,walking_dual_task,P08,16,0.089
2026-04-03T01:32:38.595902,1381.3175305539896,81631,55,-8.644144438764135,0.17099407650427823,3.235910648216907,9.231554028204572,0.031623450395354524,True,walking_dual_task,P08,16,0.089
2026-04-03T01:32:38.655654,1482.3457882053017,81607,55,-8.687433309096521,-0.16793855122510243,3.3818517758046482,9.323981032289822,0.09242700408525018,True,walking_dual_task,P08,16,0.089
2026-04-03T01:32:38.715884,1336.8670132260995,81607,56,-8.67614599438097,-0.17946177953556286,3.3320838934949637,9.295724765687481,0.02825626660234093,True,walking_dual_task,P08,16,0.089
2026-04-03T01:32:38.775595,1372.6849113195972,81613,56,-9.08833705453415,-0.8945338039388221,3.8139679657318126,9.896686960131467,0.6009621944439854,True,walking_dual_task,P08,16,0.089
2026-04-03T01:32:38.776426,1439.548230048078,81613,56,-9.935495028955689,-1.3782507006108111,4.377190638965247,10.944105004703783,1.047418044572316,True,walking_dual_task,P08,16,0.089
2026-04-03T01:32:38.777029,1338.2718595018841,81552,54,-10.076326048804372,-1.3429134481993108,4.3860441890131145,11.071275753008043,0.12717074830426078,True,walking_dual_task,P08,16,0.089
2026-04-03T01:32:38.777587,1405.556047478376,81552,54,-10.044577041846019,-1.3346188622742285,4.375214421559419,11.037084610155881,0.03419114285216196,True,walking_dual_task,P08,16,0.089
2026-04-03T01:32:38.778802,1404.3981302598813,81464,57,-9.979042396415277,-1.3830970283058948,4.322986148243931,10.962775824446611,0.07430878570927035,True,walking_dual_task,P08,16,0.089
2026-04-03T01:32:38.835567,1435.8587892711116,81464,57,-10.020014181698896,-1.4184446915026816,4.483513327804564,11.068629603745004,0.10585377929839268,True,walking_dual_task,P08,16,0.089
2026-04-03T01:32:38.836812,1450.6338422426272,81402,54,-10.035595687949286,-1.3658122997956266,4.313331880947813,11.008335749124848,0.060293854620155685,True,walking_dual_task,P08,16,0.089
2026-04-03T01:32:38.895955,1376.220179378502,81402,56,-10.123900946941909,-1.3572524562926707,4.425147373736067,11.13182078066688,0.12348503154203172,True,walking_dual_task,P08,16,0.089
2026-04-03T01:32:38.896233,1454.3861901299695,81385,55,-10.035100172923778,-1.4540958133120165,4.35333743580429,11.034907201462161,0.09691357920471866,True,walking_dual_task,P08,16,0.089
2026-04-03T01:32:38.897128,1442.241837911581,81385,56,-10.097031591464168,-1.2135637496540734,4.410337063800959,11.084848079691321,0.049940878229159935,True,walking_dual_task,P08,16,0.089
2026-04-03T01:32:38.897789,1433.8259575753964,81402,56,-10.079658055230581,-1.3371079749641912,4.468599656026821,11.106563245798881,0.02171516610756008,True,walking_dual_task,P08,16,0.089
2026-04-03T01:32:38.898751,1421.8335293943148,81402,56,-10.004260284087815,-1.4121626448037647,4.357008886706533,11.002861155444782,0.1037020903540995,True,walking_dual_task,P08,16,0.089
2026-04-03T01:32:38.955926,1371.8307872566297,81441,55,-9.984790390472916,-1.379331902246769,4.5711139234880775,11.067686214369404,0.06482505892462243,True,walking_dual_task,P08,16,0.089
2026-04-03T01:32:38.956725,1460.6143102381036,81441,55,-10.045603115146994,-1.307212070935344,4.393620767717947,11.042049121244322,0.025637093125082444,True,walking_dual_task,P08,16,0.089
2026-04-03T01:32:38.957122,1414.215881069368,81488,55,-10.083387457972885,-1.3377997642309627,4.452598971136678,11.103605199868586,0.06155607862426393,True,walking_dual_task,P08,16,0.089
2026-04-03T01:32:38.957544,1413.1962177972202,81488,56,-8.033908860492504,-1.4563368808060757,5.455595716635188,9.819782752814042,1.2838224470545434,True,walking_dual_task,P08,16,0.089
2026-04-03T01:32:38.958291,1384.4911607019874,81548,55,-8.225633412890337,-1.155225151902182,5.478667427602227,9.950446571743148,0.13066381892910606,True,walking_dual_task,P08,16,0.089
2026-04-03T01:32:38.958891,1392.1593680722674,81548,56,-8.261178837133274,-1.3201389693981613,5.406314408506899,9.960827182581355,0.010380610838206294,True,walking_dual_task,P08,16,0.089
2026-04-03T01:32:39.015804,1390.7874436260622,81546,55,-8.606518595905163,-0.9519596855463769,5.398476565901729,10.20401581815498,0.2431886355736257,True,walking_dual_task,P08,16,0.089
2026-04-03T01:32:39.075969,1401.7227392658888,81546,57,-8.717913835694828,-0.9303301821976184,5.439183881620849,10.31757031440015,0.11355449624517,True,walking_dual_task,P08,16,0.089
2026-04-03T01:32:39.076292,1366.527797231818,81492,56,-8.509264855746446,-0.8640335343762532,5.587281471593436,10.216254527789507,0.10131578661064289,True,walking_dual_task,P08,16,0.089
2026-04-03T01:32:39.077172,1504.5201504747852,81492,56,-7.781383934863424,-0.6038782563224573,5.364637453725949,9.470688459670123,0.7455660681193841,True,walking_dual_task,P08,16,0.089
2026-04-03T01:32:39.077915,1361.0032341510052,81485,57,-7.694014219472743,-0.8119582646468788,5.377672035424939,9.422127549209284,0.048560910460839324,True,walking_dual_task,P08,16,0.089
2026-04-03T01:32:39.078802,1384.1724763443608,81485,56,-7.281764391506618,-0.5453013031577211,5.144783419688791,8.932538418621212,0.4895891305880724,True,walking_dual_task,P08,16,0.089
2026-04-03T01:32:39.079121,1362.502637771924,81512,56,-7.273272267694881,-0.5233644979352693,5.34722258881866,9.042521180074228,0.10998276145301666,True,walking_dual_task,P08,16,0.089
2026-04-03T01:32:39.195868,1379.8646147885975,81512,53,-7.177485095166589,-0.6906762816150385,5.381900391665047,8.99767624684999,0.04484493322423866,True,walking_dual_task,P08,16,0.089
2026-04-03T01:32:39.196198,1393.8163848196084,81560,55,-7.316866859451531,-0.6274036082008831,5.327524895894253,9.072634537051334,0.07495829020134437,True,walking_dual_task,P08,16,0.089
2026-04-03T01:32:39.197104,1424.274531697486,81560,55,-7.303606636268783,-0.8196710840879887,5.42792759722437,9.136570942325644,0.0639364052743101,True,walking_dual_task,P08,16,0.089
2026-04-03T01:32:39.197519,1443.8142644194947,81610,55,-7.607337796320904,-0.7499206887054884,5.382842576277292,9.349276099659516,0.21270515733387185,True,walking_dual_task,P08,16,0.089
2026-04-03T01:32:39.198148,1323.874620777809,81610,55,-7.387225043743799,-0.7474301946749701,5.418517669137325,9.191848534086102,0.15742756557341409,True,walking_dual_task,P08,16,0.089
2026-04-03T01:32:39.198795,1320.394693695066,81604,57,-8.003112444528755,-0.4895792487935834,5.523314264701771,9.736349269992237,0.5445007359061353,True,walking_dual_task,P08,16,0.089
2026-04-03T01:32:39.199460,1440.3740258095609,81604,55,-8.13024763424276,-0.4997898240465549,5.576133752738642,9.871371945720698,0.13502267572846094,True,walking_dual_task,P08,16,0.089
2026-04-03T01:32:39.200171,1365.5374167523532,81473,56,-8.005299143033344,-0.3661177237118443,5.552916432928117,9.749550629036678,0.12182131668402008,True,walking_dual_task,P08,16,0.089
2026-04-03T01:32:39.200894,1386.170363847875,81473,56,-9.338289874244822,-0.6083506489701965,5.750674055091981,10.983806279037967,1.2342556500012893,True,walking_dual_task,P08,16,0.089
2026-04-03T01:32:39.201615,1330.392553797767,81339,54,-10.287733600098814,-0.6290375036303335,5.9928365381007005,11.922551764616935,0.9387454855789681,True,walking_dual_task,P08,16,0.089
2026-04-03T01:32:39.255945,1416.2154670767422,81339,56,-10.307349516356966,-0.6591444079220231,5.898087029915839,11.893836892075681,0.028714872541254266,True,walking_dual_task,P08,16,0.089
2026-04-03T01:32:39.256235,1407.4730456514715,81259,54,-10.444882667966503,-0.5873830446248202,5.831977480247118,11.97716803417274,0.08333114209705883,True,walking_dual_task,P08,16,0.089
2026-04-03T01:32:39.257201,1405.6605243977765,81259,55,-10.313229287307703,-0.5850272541369214,5.77728583985599,11.835623637817521,0.14154439635521854,True,walking_dual_task,P08,16,0.089
2026-04-03T01:32:39.316094,1367.5653395179436,81259,55,-10.126566055069567,-0.30837820449890485,5.3929233827235485,11.477197384232076,0.35842625358544566,True,walking_dual_task,P08,16,0.089
2026-04-03T01:32:39.316505,1485.8224804544056,81259,57,-9.622903427944713,-0.5744297059234091,4.765661258748829,10.753686210027556,0.7235111742045195,True,walking_dual_task,P08,16,0.089
2026-04-03T01:32:39.317066,1323.8183615882047,81279,55,-9.607148544114136,-0.40457723927935096,4.8913915225540485,10.788266631768558,0.03458042174100129,True,walking_dual_task,P08,16,0.089
2026-04-03T01:32:39.375464,1350.9883522039584,81279,54,-9.367894637504257,-0.6872600275601226,4.179902689518076,10.281116806004269,0.507149825764289,True,walking_dual_task,P08,16,0.089
2026-04-03T01:32:39.375971,1338.4843231317811,81297,54,-9.467170554977974,-0.8581219896732957,4.241846717233487,10.409464695108358,0.12834788910408967,True,walking_dual_task,P08,16,0.089
2026-04-03T01:32:39.376883,1512.1530291165936,81297,54,-9.114943170273142,-0.6039901767708086,3.780465940612329,9.886299401650472,0.5231652934578861,True,walking_dual_task,P08,16,0.089
2026-04-03T01:32:39.495767,1401.6717331814311,81340,55,-8.904502851062299,-0.15898991222324615,3.4767397816710095,9.560500422374298,0.32579897927617374,True,walking_dual_task,P08,16,0.089
2026-04-03T01:32:39.496321,1370.4443344583294,81340,55,-8.900874724907286,-0.1658762314853862,3.4303318149128,9.540453980449154,0.020046441925144265,True,walking_dual_task,P08,16,0.089
2026-04-03T01:32:39.496796,1387.9802702510563,81360,54,-8.023100545625178,-0.3155947653378553,2.8908730874998985,8.533867214173823,1.0065867662753316,True,walking_dual_task,P08,16,0.089
2026-04-03T01:32:39.497631,1445.3574211115692,81360,55,-7.999776990772659,-0.4436817852305257,2.8694169465605905,8.510395939194023,0.023471274979799617,True,walking_dual_task,P08,16,0.089
2026-04-03T01:32:39.498030,1398.066428751665,81455,55,-7.507794688968887,-0.7243273409722534,2.9726960115470464,8.10731476912406,0.4030811700699637,True,walking_dual_task,P08,16,0.089
2026-04-03T01:32:39.498777,1351.7920845000463,81455,57,-7.444153342766232,-0.5621322782370279,2.656961699095117,7.924068220258584,0.1832465488654753,True,walking_dual_task,P08,16,0.089
2026-04-03T01:32:39.555632,1488.9887047373534,81520,55,-7.355272206026359,-0.771280254943923,2.820518087051627,7.915189494623334,0.008878725635249829,True,walking_dual_task,P08,16,0.089
2026-04-03T01:32:39.556230,1364.7028698506247,81520,53,-7.566338686144065,-0.941658361487516,3.1242745316398457,8.239981367227296,0.3247918726039618,True,walking_dual_task,P08,16,0.089
2026-04-03T01:32:39.556869,1389.83914976348,81549,55,-7.522626633687976,-0.7857613977171048,3.119178962817817,8.181479685613064,0.058501681614231416,True,walking_dual_task,P08,16,0.089
2026-04-03T01:32:39.615581,1404.4746313364383,81549,56,-7.519101922641568,-0.9659869787798835,3.2099512636240917,8.232485146119991,0.05100546050692678,True,walking_dual_task,P08,16,0.089
2026-04-03T01:32:39.616205,1372.4356652880901,81493,53,-7.508443973653068,-0.8917591257729931,3.2014846593861748,8.211057743565776,0.021427402554214936,True,walking_dual_task,P08,16,0.089
2026-04-03T01:32:39.616902,1405.2273415314874,81493,55,-7.473846666550549,-0.8641267339773148,2.975875320157907,8.090793096390982,0.12026464717479435,True,walking_dual_task,P08,16,0.089
2026-04-03T01:32:39.676014,1385.052318765039,81427,55,-7.425490917902893,-0.8495880822388179,3.103098897650748,8.092523589705616,0.0017304933146338186,True,walking_dual_task,P08,16,0.089
2026-04-03T01:32:39.676283,1447.5381222086855,81427,55,-7.536198725219441,-0.8788031589135683,3.196204033601349,8.233001059305478,0.14047746959986185,True,walking_dual_task,P08,16,0.089
2026-04-03T01:32:39.677175,1544.4252424902863,81409,54,-7.4182669694467105,-0.9040251784222404,3.0688424561340435,8.078721456627667,0.1542796026778106,True,walking_dual_task,P08,16,0.089
2026-04-03T01:32:39.735817,1421.8045397862722,81409,56,-7.400567458644499,-0.937922231393425,3.181798061699791,8.109989872220956,0.03126841559328852,True,walking_dual_task,P08,16,0.089
2026-04-03T01:32:39.736220,1452.060565062342,81427,56,-7.430026160004905,-0.9180785828023654,3.066622088324694,8.090261309448449,0.019728562772506564,True,walking_dual_task,P08,16,0.089
2026-04-03T01:32:39.736877,1380.0459758393313,81427,54,-7.460728539355567,-1.0956961753015908,3.0797688494376962,8.145427957602472,0.055166648154022724,True,walking_dual_task,P08,16,0.089
2026-04-03T01:32:39.795586,1409.1145822150322,81452,55,-7.639945871204666,-0.8829312778787886,3.162511677591997,8.315637117341018,0.17020915973854578,True,walking_dual_task,P08,16,0.089
2026-04-03T01:32:39.796150,1303.2030958658008,81452,55,-7.556149892551281,-0.8465587311198561,3.1715249895720596,8.238363529452803,0.07727358788821448,True,walking_dual_task,P08,16,0.089
2026-04-03T01:32:39.796852,1397.1390845210192,81441,55,-7.528312968556726,-0.9143237767073858,3.140610439369642,8.20822258793397,0.03014094151883384,True,walking_dual_task,P08,16,0.089
2026-04-03T01:32:39.855768,1495.965798878141,81441,54,-10.583469138430736,-2.611853270407962,5.916714585801612,12.403189428533862,4.194966840599893,True,walking_dual_task,P08,16,0.089
2026-04-03T01:32:39.856233,1373.3891248984505,81418,55,-9.606950681573567,-1.9084855087169352,5.658831495060199,11.311860687997116,1.0913287405367456,True,walking_dual_task,P08,16,0.089
2026-04-03T01:32:39.856916,1425.5040128765588,81418,54,-9.615533604686329,-1.9756028715813019,5.750882201076145,11.376912555685166,0.06505186768804982,True,walking_dual_task,P08,16,0.089
2026-04-03T01:32:39.915595,1458.7614616699257,81443,55,-8.631548573291163,-1.3002365830736329,5.484159243238844,10.308746216211249,1.0681663394739171,True,walking_dual_task,P08,16,0.089
2026-04-03T01:32:39.916109,1369.2773817415527,81443,55,-8.776670776010809,-1.3166133162236169,5.459347391448866,10.4195918574318,0.11084564122055163,True,walking_dual_task,P08,16,0.089
2026-04-03T01:32:39.916850,1415.8194548409745,81387,55,-8.044609665695154,-0.5394426474204291,5.128495921898024,9.555533133435125,0.8640587239966759,True,walking_dual_task,P08,16,0.089
2026-04-03T01:32:39.975547,1329.69455963578,81387,54,-7.63330675728233,-0.6125684797933075,5.252233285366176,9.28593380749167,0.2695993259434548,True,walking_dual_task,P08,16,0.089
2026-04-03T01:32:39.976021,1331.0904020621895,81317,55,-7.730035471331643,-0.43743026970472326,5.2433543293716145,9.35080521945781,0.06487141196613955,True,walking_dual_task,P08,16,0.089
2026-04-03T01:32:39.976753,1341.7148733428119,81317,54,-7.62278897332851,-1.2060354642540103,5.639576250048026,9.558569639493289,0.20776442003547935,True,walking_dual_task,P08,16,0.089
2026-04-03T01:32:40.035631,1396.7395409165188,81362,55,-7.580925132468193,-1.2503725034417834,5.417251256907848,9.401088683866398,0.15748095562689102,True,walking_dual_task,P08,16,0.089
2026-04-03T01:32:40.036169,1409.3328714085076,81362,56,-8.08488532727736,-1.906156539938574,5.578926629592283,10.006159395509812,0.605070711643414,True,walking_dual_task,P08,16,0.089
2026-04-03T01:32:40.036720,1333.3480955781788,81420,55,-8.125459128861609,-1.8210316092980154,5.636997865175766,10.05559481626319,0.04943542075337781,True,walking_dual_task,P08,16,0.089
2026-04-03T01:32:40.096189,1410.0562218375687,81420,56,-8.614579912519522,-1.8729784068341018,5.68202548227038,10.488300566003131,0.4327057497399416,True,walking_dual_task,P08,16,0.089
2026-04-03T01:32:40.215755,1444.718329387349,81387,54,-8.527904657717023,-1.217922765968099,5.356598616340202,10.144044679098808,0.34425588690432285,True,walking_dual_task,P08,16,0.089
2026-04-03T01:32:40.216084,1388.690585596589,81387,57,-8.540549967351737,-1.1703302870173202,5.417077234234209,10.181129234382615,0.03708455528380661,True,walking_dual_task,P08,16,0.089
2026-04-03T01:32:40.216791,1367.655775234984,81333,54,-8.168174321726976,-0.6105146322505464,5.309142427792935,9.761085656058093,0.4200435783245222,True,walking_dual_task,P08,16,0.089
2026-04-03T01:32:40.217353,1345.0304955288984,81333,56,-8.214088417981808,-0.6654608668578404,5.303893139504612,9.800273931836097,0.03918827577800421,True,walking_dual_task,P08,16,0.089
2026-04-03T01:32:40.218087,1379.158504292878,81301,56,-8.19962241509249,-0.6869936326211038,5.381084255857535,9.831675125327676,0.031401193491578994,True,walking_dual_task,P08,16,0.089
2026-04-03T01:32:40.218789,1402.9285030524259,81301,55,-7.679516091552694,-0.30486280815028394,5.032483144338809,9.18660956666083,0.6450655586668468,True,walking_dual_task,P08,16,0.089
2026-04-03T01:32:40.275968,1366.3006506014397,81294,56,-7.341851743129998,-0.4131374309648148,4.848510157821901,8.808037256135293,0.3785723105255361,True,walking_dual_task,P08,16,0.089
2026-04-03T01:32:40.276536,1374.9372186986282,81294,56,-7.480070756450811,-0.3793904136491243,4.7203619376336485,8.853090558089868,0.045053301954574465,True,walking_dual_task,P08,16,0.089
2026-04-03T01:32:40.276935,1320.7558434292273,81364,57,-7.336368189380018,-0.8945297667534948,4.777796502647098,8.8005580013123,0.05253255677756741,True,walking_dual_task,P08,16,0.089
2026-04-03T01:32:40.277513,1389.765135396354,81364,56,-7.272363399689222,-0.8290711940542562,4.767651543473489,8.735280745456043,0.0652772558562571,True,walking_dual_task,P08,16,0.089
2026-04-03T01:32:40.278101,1487.2725156315494,81492,56,-7.656725424696002,-1.0399267131517704,5.040278244062575,9.225578387043456,0.4902976415874125,True,walking_dual_task,P08,16,0.089
2026-04-03T01:32:40.336114,1439.1045818106622,81492,54,-8.429473604769594,-0.9415351169828938,5.31040247143824,10.007141851631596,0.7815634645881406,True,walking_dual_task,P08,16,0.089
2026-04-03T01:32:40.336491,1462.4807502625422,81531,56,-8.42501649233254,-0.9402042361442665,5.237317277152603,9.964656500015446,0.042485351616150524,True,walking_dual_task,P08,16,0.089
2026-04-03T01:32:40.337022,1361.903627425109,81531,55,-9.62403599331069,-0.7143815591068182,5.518884702060744,11.117126344841623,1.152469844826177,True,walking_dual_task,P08,16,0.089
2026-04-03T01:32:40.395722,1433.5913523931208,81424,55,-9.665634238663818,-0.6656495432054831,5.53536314345498,11.158307204944652,0.04118086010302946,True,walking_dual_task,P08,16,0.089
2026-04-03T01:32:40.395964,1410.8469333523494,81424,54,-10.115958991934237,-0.6327147429341692,5.392791452427106,11.481078081861138,0.3227708769164863,True,walking_dual_task,P08,16,0.089
2026-04-03T01:32:40.396780,1426.7652737133928,81314,53,-10.028019771051126,-0.645001788984561,5.295332329817527,11.358598167009706,0.12247991485143217,True,walking_dual_task,P08,16,0.089
2026-04-03T01:32:40.456159,1298.8819685885287,81314,53,-10.055860289850546,-0.7865798117190905,5.05920417779199,11.284262531587302,0.07433563542240407,True,walking_dual_task,P08,16,0.089
2026-04-03T01:32:40.456385,1446.0177973668203,81300,53,-9.94724318277363,-0.6795763486416551,4.903540616410448,11.110993723680007,0.17326880790729504,True,walking_dual_task,P08,16,0.089
2026-04-03T01:32:40.457224,1500.647878431364,81300,55,-10.221313071391247,-0.701117984795658,5.013869235460401,11.406388211975505,0.2953944882954982,True,walking_dual_task,P08,16,0.089
2026-04-03T01:32:40.515666,1408.414039421079,81303,55,-9.573382126275645,0.23550669052229076,4.637618616068957,10.640141689145127,0.7662465228303788,True,walking_dual_task,P08,16,0.089
2026-04-03T01:32:40.575970,1333.062747139103,81303,54,-9.685923257200988,-0.01864555770764313,4.563389067817979,10.707099363762806,0.06695767461767943,True,walking_dual_task,P08,16,0.089
2026-04-03T01:32:40.636014,1488.9865433600335,81336,55,-8.997413459116046,0.6904595486333295,4.09296091676682,9.908708917349536,0.7983904464132703,True,walking_dual_task,P08,16,0.089
2026-04-03T01:32:40.695905,1381.4142488791156,81336,56,-9.259277750826836,0.6191870061703277,3.8047656683923647,10.029648987225038,0.12094006987550188,True,walking_dual_task,P08,16,0.089
2026-04-03T01:32:40.756183,1356.4100794403837,81394,55,-9.225001672769876,0.6388542312877743,3.8501170791512846,10.01659583464431,0.013053152580727811,True,walking_dual_task,P08,16,0.089
2026-04-03T01:32:40.815806,1400.1207621612593,81394,56,-9.270902313051849,0.5589600225428231,3.717372805054889,10.00404551052787,0.012550324116439526,True,walking_dual_task,P08,16,0.089
2026-04-03T01:32:40.935921,1391.1153769398957,81397,56,-9.151360373819498,0.5070860747977451,3.8276623861256973,9.932549135087578,0.07149637544029197,True,walking_dual_task,P08,16,0.089
2026-04-03T01:32:40.995665,1478.7818103773227,81397,56,-9.301743283764248,0.6827712732043583,3.938460891836664,10.12423226349007,0.19168312840249158,True,walking_dual_task,P08,16,0.089
2026-04-03T01:32:41.056254,1390.8973129248784,81365,55,-9.14417754313394,0.47911199439661556,3.8374585070714353,9.928324079975669,0.1959081835144012,True,walking_dual_task,P08,16,0.089
2026-04-03T01:32:41.115995,1421.036095115524,81365,56,-9.247994564335329,0.5065306553190072,3.8778656827487272,10.040907280728865,0.11258320075319617,True,walking_dual_task,P08,16,0.089
2026-04-03T01:32:41.175934,1391.5113608957172,81343,55,-9.35948709144628,0.5931051769137609,3.8112470763478496,10.123111016026717,0.08220373529785263,True,walking_dual_task,P08,16,0.089
2026-04-03T01:32:41.235909,1490.6100943247538,81343,55,-9.139152950328619,0.5527117046290182,3.763294708419423,9.899090561276417,0.22402045475030086,True,walking_dual_task,P08,16,0.089
2026-04-03T01:32:41.296263,1400.4468155775962,81431,56,-9.21786926810849,0.6096687076543539,3.774280957395496,9.979278857832872,0.08018829655645554,True,walking_dual_task,P08,16,0.089
2026-04-03T01:32:41.355959,1361.1219895968752,81431,54,-9.189877394057959,0.5100399579426936,3.897365606627637,9.995171131513441,0.01589227368056889,True,walking_dual_task,P08,16,0.089
2026-04-03T01:32:41.415880,1471.4909180685681,81569,55,-9.338254799287377,0.6464592540934164,3.715474791276999,10.071030989339254,0.07585985782581339,True,walking_dual_task,P08,16,0.089
2026-04-03T01:32:41.475798,1471.0884516609792,81569,56,-9.334024168035953,0.5779930863367106,3.7119423280056165,10.061639976851291,0.00939101248796348,True,walking_dual_task,P08,16,0.089
2026-04-03T01:32:41.535695,1355.4268502886125,81661,56,-9.19410428480007,0.5497490119102287,3.8290088953419725,9.974722386938055,0.08691758991323617,True,walking_dual_task,P08,16,0.089
2026-04-03T01:32:41.535985,1421.0847446646192,81661,56,-7.877521472620335,-0.48193665072011704,4.158713197262358,8.92090258572449,1.0538198012135656,True,walking_dual_task,P08,16,0.089
2026-04-03T01:32:41.536806,1360.0444899356114,81636,54,-8.926483196499813,-1.6259442308345848,4.554068605395078,10.152110015254113,1.2312074295296238,True,walking_dual_task,P08,16,0.089
2026-04-03T01:32:41.537327,1536.9735911114103,81636,54,-8.946797666457877,-1.5351720100571216,4.434299425614133,10.10272007832548,0.049389936928633915,True,walking_dual_task,P08,16,0.089
2026-04-03T01:32:41.538045,1321.9618324394069,81672,55,-9.929607977073069,-2.303007336599986,4.911226232276526,11.314640978634168,1.211920900308689,True,walking_dual_task,P08,16,0.089
2026-04-03T01:32:41.538916,1514.9223185626693,81672,55,-9.953995371911029,-2.212299029859267,4.7785045124887,11.26101222081822,0.05362875781594845,True,walking_dual_task,P08,16,0.089
2026-04-03T01:32:41.595649,1458.9095335651693,81744,56,-10.385745792643943,-2.036144612755788,4.840852822210992,11.63801772639069,0.3770055055724697,True,walking_dual_task,P08,16,0.089
2026-04-03T01:32:41.596142,1397.072486040599,81721,55,-9.853586487470164,-1.5818708898387355,4.5401667088950655,10.963968073773877,0.6740496526168123,True,walking_dual_task,P08,16,0.089
2026-04-03T01:32:41.597059,1449.0855688504823,81767,56,-9.359593764762966,-0.6184677721737766,4.4359212136744155,10.37602500192314,0.5879430718507379,True,walking_dual_task,P08,16,0.089
2026-04-03T01:32:41.597498,1411.357903134444,81640,54,-9.220791119073628,-0.25918783725126526,5.292008878105452,10.634637989255346,0.2586129873322065,True,walking_dual_task,P08,16,0.089
2026-04-03T01:32:41.598138,1367.7833854674677,81608,56,-8.84970946948696,-1.1174633197789356,5.208488242973969,10.32929967338428,0.3053383158710652,True,walking_dual_task,P08,16,0.089
2026-04-03T01:32:41.598775,1499.371138963063,81666,57,-8.88297672542075,-1.3493077577815515,5.0692646997237425,10.316266355879025,0.013033317505255937,True,walking_dual_task,P08,16,0.089
2026-04-03T01:32:41.655574,1410.2330166775369,81728,57,-8.247990906139139,-0.5443865851346464,4.985075940338964,9.652807512468842,0.6634588434101829,True,walking_dual_task,P08,16,0.089
2026-04-03T01:32:41.656227,1479.904657335037,81767,53,-7.939432889652496,-0.47219441822477415,4.564974925151121,9.170417561112302,0.4823899513565397,True,walking_dual_task,P08,16,0.089
2026-04-03T01:32:41.656809,1342.3339116176828,81739,55,-7.702280303134564,-0.4610813898983879,4.694142055987729,9.031759936909197,0.13865762420310546,True,walking_dual_task,P08,16,0.089
2026-04-03T01:32:41.657476,1398.515892615251,81763,57,-7.629461481217014,-0.40957972036092877,4.702540564141997,8.971640084070803,0.06011985283839394,True,walking_dual_task,P08,16,0.089
2026-04-03T01:32:41.658170,1399.9144559193796,81598,56,-8.456690032455507,-0.2250462916353376,5.056186618328509,9.85552003994591,0.8838799558751074,True,walking_dual_task,P08,16,0.089
2026-04-03T01:32:41.659132,1502.571279581964,81574,55,-9.8518537100553,-0.9985486773426221,5.14019399754538,11.15695815703163,1.3014381170857199,True,walking_dual_task,P08,16,0.089
2026-04-03T01:32:41.715851,1371.1209424304268,81538,57,-9.954382551775774,-1.0169049589476438,5.093610663832489,11.228031763285065,0.07107360625343517,True,walking_dual_task,P08,16,0.089
2026-04-03T01:32:41.716171,1405.0266791032868,81538,54,-9.935841156343821,-1.0425030010524055,5.05332890893849,11.195708331910602,0.03232343137446314,True,walking_dual_task,P08,16,0.089
2026-04-03T01:32:41.716717,1391.5667979969141,81505,56,-9.874480601601487,-0.9663398114581767,5.19403572679881,11.198981512346359,0.0032731804357570837,True,walking_dual_task,P08,16,0.089
2026-04-03T01:32:41.717361,1385.4284042043998,81505,56,-10.030196261599157,-1.0089061995441142,5.120310267392914,11.30664875195323,0.10766723960687052,True,walking_dual_task,P08,16,0.089
2026-04-03T01:32:41.718403,1449.6790333241233,81521,54,-10.009710164762454,-0.9879243110561156,5.190488026146095,11.318633220335858,0.011984468382628677,True,walking_dual_task,P08,16,0.089
2026-04-03T01:32:41.718763,1363.9841190137276,81521,54,-10.00069983087907,-1.0584482256629804,5.1166572888877235,11.283372348978014,0.035260871357843726,True,walking_dual_task,P08,16,0.089
2026-04-03T01:32:41.775510,1505.1351364717314,81573,55,-9.953171977418519,-1.057478436451531,5.196663031813113,11.277818925742793,0.005553423235221899,True,walking_dual_task,P08,16,0.089
2026-04-03T01:32:41.776370,1386.7625545407057,81573,55,-10.05962211702543,-0.9731778990274048,5.186556743203963,11.359729011335487,0.08191008559269441,True,walking_dual_task,P08,16,0.089
2026-04-03T01:32:41.776848,1342.5892401374142,81594,54,-9.96408134316994,-1.0192319932334295,5.1452224326533775,11.260331467182368,0.09939754415311874,True,walking_dual_task,P08,16,0.089
2026-04-03T01:32:41.777453,1368.9866303438737,81594,54,-9.980821745236675,-1.057978118888977,5.15667290723826,11.283944163389068,0.02361269620669937,True,walking_dual_task,P08,16,0.089
2026-04-03T01:32:41.778106,1440.889798341271,81603,53,-9.94344392672521,-1.0119340407464443,5.122354831259066,11.230966416300646,0.05297774708842162,True,walking_dual_task,P08,16,0.089
2026-04-03T01:32:41.778814,1351.0212824655819,81603,53,-10.050341923059465,-1.0177599085521258,5.078970363421088,11.306685984600987,0.07571956830034132,True,walking_dual_task,P08,16,0.089
2026-04-03T01:32:41.835597,1340.4246853958894,81623,52,-10.029390843255499,-0.9511608077981525,5.086425576896109,11.285615300831912,0.02107068376907506,True,walking_dual_task,P08,16,0.089
2026-04-03T01:32:41.836143,1332.7341180991643,81623,54,-9.486263061991442,0.5951788450536403,4.391860687766432,10.47052362776814,0.8150916730637725,True,walking_dual_task,P08,16,0.089
2026-04-03T01:32:41.836879,1334.026155819998,81617,56,-9.089389418799627,0.4576957395635995,4.7246487838982825,10.254208478853588,0.2163151489145516,True,walking_dual_task,P08,16,0.089
2026-04-03T01:32:41.955744,1400.55027145832,81617,55,-9.007281341949911,0.47355804348515623,4.730794829546185,10.185077030285504,0.06913144856808451,True,walking_dual_task,P08,16,0.089
2026-04-03T01:32:41.956315,1414.1726883694557,81611,54,-8.472876228047847,0.5197631943081198,4.885367392491072,9.794212572411869,0.39086445787363466,True,walking_dual_task,P08,16,0.089
2026-04-03T01:32:41.956854,1434.5308250878031,81611,54,-8.556421075498895,0.5994691613442495,4.868193917017293,9.86260700374544,0.06839443133357115,True,walking_dual_task,P08,16,0.089
2026-04-03T01:32:41.957467,1448.2914738989355,81640,56,-8.126152352197106,0.8584620156682985,4.855365045664921,9.505044913630265,0.3575620901151755,True,walking_dual_task,P08,16,0.089
2026-04-03T01:32:41.958163,1491.8149795134445,81640,55,-7.658134852909994,1.5543636136704666,4.523725398471708,9.029239566521397,0.47580534710886724,True,walking_dual_task,P08,16,0.089
2026-04-03T01:32:41.958811,1299.4619694278274,81686,55,-7.81557812439389,1.3346377959115001,4.5245031081729685,9.12883606165905,0.09959649513765179,True,walking_dual_task,P08,16,0.089
2026-04-03T01:32:42.015720,1396.0118760346788,81686,54,-7.310518807896705,1.1088506349938343,4.283258303171062,8.545146965560132,0.583689096098917,True,walking_dual_task,P08,16,0.089
2026-04-03T01:32:42.016105,1413.938424166956,81769,54,-7.290803939094354,1.3036808921030005,4.285827238240898,8.55708601468957,0.011939049129438217,True,walking_dual_task,P08,16,0.089
2026-04-03T01:32:42.016799,1416.1206860566763,81769,55,-7.223190302965,1.2378292357331964,4.294878044284675,8.494273175790969,0.06281283889860134,True,walking_dual_task,P08,16,0.089
2026-04-03T01:32:42.075913,1458.6677022872186,81885,54,-7.316391635124607,0.5487544175488511,4.1880327820463545,8.448096623074077,0.046176552716891806,True,walking_dual_task,P08,16,0.089
2026-04-03T01:32:42.076299,1401.6300670630274,81885,54,-7.353212627155348,0.4583098643682293,4.058806496914455,8.411521506322687,0.03657511675138991,True,walking_dual_task,P08,16,0.089
2026-04-03T01:32:42.077389,1410.8499080928107,81990,55,-7.2834187670558315,0.418721090291642,4.079227777600744,8.358445761581851,0.05307574474083587,True,walking_dual_task,P08,16,0.089
2026-04-03T01:32:42.135855,1523.5789017165,81990,55,-7.734721154177616,0.4144066637630224,4.167154653397694,8.795613800138565,0.43716803855671316,True,walking_dual_task,P08,16,0.089
2026-04-03T01:32:42.136317,1392.9385305056949,82003,58,-7.831202197089259,0.46617083029948625,4.175913504433575,8.887254733112382,0.09164093297381726,True,walking_dual_task,P08,16,0.089
2026-04-03T01:32:42.136964,1366.006085462633,82003,56,-8.102965515783511,0.3755194595531872,4.174894172726312,9.122982317638458,0.23572758452607623,True,walking_dual_task,P08,16,0.089
2026-04-03T01:32:42.195725,1314.3329309239884,81905,57,-8.095490175579066,0.29243403384335803,4.160733021118216,9.10682041769083,0.016161899947627845,True,walking_dual_task,P08,16,0.089
2026-04-03T01:32:42.196270,1377.0000731610812,81905,57,-8.036626738651478,0.049742654723630195,4.4802445335179115,9.20121919900966,0.09439878131883006,True,walking_dual_task,P08,16,0.089
2026-04-03T01:32:42.197110,1371.4361852695656,81736,56,-8.362083530424375,-0.3603743517677806,4.7901167154657305,9.643626329912976,0.44240713090331596,True,walking_dual_task,P08,16,0.089
2026-04-03T01:32:42.255680,1355.9622429605852,81736,55,-8.394606625887086,-0.38691497577033096,4.810294471326129,9.682874392593009,0.03924806268003245,True,walking_dual_task,P08,16,0.089
2026-04-03T01:32:42.256154,1360.9508560993766,81614,55,-9.002053915465604,-0.9074679265708969,5.287797796524459,10.479564793999483,0.7966904014064742,True,walking_dual_task,P08,16,0.089
2026-04-03T01:32:42.315954,1407.3198205191443,81614,56,-9.027301555464541,-0.9485922535233757,5.169736147949668,10.44596441101321,0.03360038298627366,True,walking_dual_task,P08,16,0.089
2026-04-03T01:32:42.316265,1453.381481068177,81580,53,-9.43750939775345,-1.3816984125496967,5.682409804184526,11.102497706310029,0.6565332952968195,True,walking_dual_task,P08,16,0.089
2026-04-03T01:32:42.316967,1449.2486942545518,81580,54,-9.770406267961611,-0.9301082318087895,5.651579147690498,11.32547071103502,0.2229730047249916,True,walking_dual_task,P08,16,0.089
2026-04-03T01:32:42.375824,1336.7579136091483,81572,55,-9.863149010526747,-0.8578166124724721,5.757203395388372,11.452639376159537,0.12716866512451652,True,walking_dual_task,P08,16,0.089
2026-04-03T01:32:42.376266,1423.9696602068009,81572,55,-9.566497737497203,-0.23279665891184467,5.548070064909863,11.061336026497367,0.39130334966217006,True,walking_dual_task,P08,16,0.089
2026-04-03T01:32:42.376852,1419.150730445972,81481,53,-9.642696310521867,-0.1730073161212998,5.4994319731435,11.102039258425298,0.04070323192793168,True,walking_dual_task,P08,16,0.089
2026-04-03T01:32:42.436005,1293.7537093866918,81481,55,-8.962700978328272,0.35565312189469855,5.525483865752076,10.535059084823706,0.5669801736015927,True,walking_dual_task,P08,16,0.089
2026-04-03T01:32:42.436140,1425.9291033258785,81442,56,-9.08067918301571,0.29318725938744805,5.727245479641953,10.739927093700457,0.20486800887675116,True,walking_dual_task,P08,16,0.089
2026-04-03T01:32:42.437108,1330.8084757433335,81442,54,-8.845518450221263,0.0026985917858469016,6.0711655798410735,10.728571919572959,0.011355174127498202,True,walking_dual_task,P08,16,0.089
2026-04-03T01:32:42.495892,1368.2960604078382,81434,54,-8.725509078166699,-0.7098120198617123,6.348781019675273,10.814127898841342,0.0855559792683831,True,walking_dual_task,P08,16,0.089
2026-04-03T01:32:42.496268,1439.042079164742,81434,54,-8.62095117979415,-0.6340655724640771,6.348102859692563,10.724795956651821,0.08933194218952067,True,walking_dual_task,P08,16,0.089
2026-04-03T01:32:42.555886,1505.7449300000028,81414,54,-8.376932713766733,-1.3244779843074967,6.538674803640463,10.708945410714035,0.01585054593778601,True,walking_dual_task,P08,16,0.089
2026-04-03T01:32:42.556051,1443.3870134259553,81414,56,-8.343903397899814,-1.309205192944142,6.378719805456229,10.584082790078483,0.12486262063555209,True,walking_dual_task,P08,16,0.089
2026-04-03T01:32:42.556746,1431.9125665594174,81401,55,-7.924099126748061,-1.4758059992168557,6.290759812872244,10.22462758936003,0.35945520071845394,True,walking_dual_task,P08,16,0.089
2026-04-03T01:32:42.557436,1428.1151820593,81401,56,-8.00248576532611,-0.8978612384566856,6.1409723406042085,10.127066431886181,0.09756115747384797,True,walking_dual_task,P08,16,0.089
2026-04-03T01:32:42.558015,1484.2404944123869,81409,54,-7.955664509693125,-0.9533091678290514,6.058073392242602,10.044981303419904,0.08208512846627691,True,walking_dual_task,P08,16,0.089
2026-04-03T01:32:42.675903,1469.9566113696321,81409,58,-8.020903922387022,-0.9109109055862771,6.245707083966648,10.206542773573759,0.16156147015385436,True,walking_dual_task,P08,16,0.089
2026-04-03T01:32:42.676320,1335.4559849777445,81383,56,-8.011534973451422,-0.9701568466076353,6.179548660203897,10.164286427569952,0.04225634600380701,True,walking_dual_task,P08,16,0.089
2026-04-03T01:32:42.677063,1372.6488786369914,81383,58,-8.057079336883481,-0.9406571250313006,6.221823070949153,10.223132865902802,0.05884643833284997,True,walking_dual_task,P08,16,0.089
2026-04-03T01:32:42.677603,1416.8787603087264,81373,55,-8.030131609457394,-1.0181265729850588,6.339588752840753,10.28153592314738,0.05840305724457906,True,walking_dual_task,P08,16,0.089
2026-04-03T01:32:42.678318,1344.1313280446388,81373,55,-7.929783778004266,-0.9035289038420137,6.067477335193636,10.02557312372046,0.25596279942692135,True,walking_dual_task,P08,16,0.089
2026-04-03T01:32:42.678910,1490.4316345659397,81435,55,-7.9314976936133466,-0.918668206994921,6.230908038884809,10.128021619614387,0.10244849589392757,True,walking_dual_task,P08,16,0.089
2026-04-03T01:32:42.735593,1456.5969536490556,81435,56,-8.043703004287105,-0.9456073065491457,6.233265424934297,10.220025883384928,0.09200426377054072,True,walking_dual_task,P08,16,0.089
2026-04-03T01:32:42.736221,1349.9714316357145,81507,53,-8.01440690551793,-0.9047311057391277,6.189559486415921,10.166607253985312,0.053418629399615725,True,walking_dual_task,P08,16,0.089
2026-04-03T01:32:42.736923,1521.8401912261313,81507,55,-7.967881303811021,-0.9270855628343826,6.104155807881981,10.08004653954219,0.08656071444312197,True,walking_dual_task,P08,16,0.089
2026-04-03T01:32:42.795716,1391.8659414038261,81536,54,-7.968171888174029,-0.8826153478443035,6.153574929467452,10.106297912901022,0.026251373358832097,True,walking_dual_task,P08,16,0.089
2026-04-03T01:32:42.796253,1396.2973185577875,81536,56,-7.924478808056915,-0.8997986465145595,6.2241648433571966,10.116680778837312,0.010382865936289676,True,walking_dual_task,P08,16,0.089
2026-04-03T01:32:42.796994,1415.9894869716807,81531,55,-7.8173006727040715,-1.0029745821519673,6.140175677889017,9.990891110168416,0.12578966866889552,True,walking_dual_task,P08,16,0.089
2026-04-03T01:32:42.855838,1383.5605825302466,81531,55,-7.946740800024867,-0.9779367024655274,6.65028286405883,10.408328958521802,0.4174378483533854,True,walking_dual_task,P08,16,0.089
2026-04-03T01:32:42.856181,1446.1539136184394,81492,56,-8.075061857325963,-0.9621548586775054,6.536051119001147,10.433232011314303,0.024903052792501157,True,walking_dual_task,P08,16,0.089
2026-04-03T01:32:42.856828,1325.1476847357867,81492,54,-8.781057839333375,-1.0484210825697786,6.467019636641809,10.955752211729036,0.5225202004147338,True,walking_dual_task,P08,16,0.089
2026-04-03T01:32:42.915898,1439.390550378043,81406,55,-9.891460357381678,-0.9307093223831144,6.861540414513054,12.074267874468418,1.118515662739382,True,walking_dual_task,P08,16,0.089
2026-04-03T01:32:42.916093,1335.4596654303145,81406,55,-9.898479866121479,-0.951845324854356,6.918460960416743,12.114083343087497,0.03981546861907859,True,walking_dual_task,P08,16,0.089
2026-04-03T01:32:42.975731,1355.5301684885367,81202,54,-10.249828062173536,-0.7317990585249189,6.973911320140912,12.418934908733824,0.3048515656463273,True,walking_dual_task,P08,16,0.089
2026-04-03T01:32:42.976243,1455.5733692925933,81202,57,-10.276821778479508,-0.7764928336047133,7.003014419649881,12.460265564950626,0.0413306562168021,True,walking_dual_task,P08,16,0.089
2026-04-03T01:32:42.976876,1440.2787257924365,81061,56,-9.498349427498598,-0.7112230982917072,6.094208211663431,11.307690032429814,1.152575532520812,True,walking_dual_task,P08,16,0.089
2026-04-03T01:32:42.977474,1417.4453403295754,81061,54,-9.0471692938058,-0.7470654159173912,5.072455396375868,10.398999120812782,0.9086909116170325,True,walking_dual_task,P08,16,0.089
2026-04-03T01:32:43.035891,1404.75345728207,81164,57,-8.961768255453226,-0.813071836815602,5.038135175435058,10.312961850129568,0.08603727068321376,True,walking_dual_task,P08,16,0.089
2026-04-03T01:32:43.095817,1415.729634288488,81164,56,-9.411093439277622,-0.6994286307000496,4.767648513815405,10.573001110542998,0.2600392604134303,True,walking_dual_task,P08,16,0.089
2026-04-03T01:32:43.096327,1403.1672755549657,81302,55,-9.378122739332696,-0.6229015465430231,4.735857249907983,10.524520717932036,0.04848039261096204,True,walking_dual_task,P08,16,0.089
2026-04-03T01:32:43.096918,1488.074541154299,81302,55,-9.35014205057059,-0.5983044173508235,4.854539496757655,10.552235699947664,0.0277149820156275,True,walking_dual_task,P08,16,0.089
2026-04-03T01:32:43.097504,1398.7944843344242,81350,55,-9.309268300333942,-0.8162536501778376,4.169584258635121,10.232994634948698,0.3192410649989661,True,walking_dual_task,P08,16,0.089
2026-04-03T01:32:43.098173,1430.468764446008,81350,54,-8.416596291164883,-0.6266383970268317,3.494181672071531,9.13460860499887,1.0983860299498271,True,walking_dual_task,P08,16,0.089
2026-04-03T01:32:43.155638,1390.7506483106076,81461,55,-8.764989617612654,-0.7821756922203814,3.613346818186679,9.512787027935495,0.3781784229366245,True,walking_dual_task,P08,16,0.089
2026-04-03T01:32:43.156573,1408.6193540135848,81461,56,-8.071043254390519,-0.7175054022070627,3.404012525929387,8.788848302998701,0.7239387249367937,True,walking_dual_task,P08,16,0.089
2026-04-03T01:32:43.157054,1372.9752291494945,81565,56,-8.079507537939461,-0.7119268435831183,3.4714122741942663,8.822470462612012,0.03362215961331039,True,walking_dual_task,P08,16,0.089
2026-04-03T01:32:43.215542,1373.3302963010854,81565,55,-7.8664005413464215,-0.6254432723043566,3.68405514417996,8.708828800081264,0.11364166253074792,True,walking_dual_task,P08,16,0.089
2026-04-03T01:32:43.216199,1421.9681012193296,81559,56,-7.738667893975426,-0.8949838320558835,3.7777601226522064,8.65791247225269,0.050916327828574026,True,walking_dual_task,P08,16,0.089
2026-04-03T01:32:43.216821,1347.8002451402117,81559,56,-7.575828243629819,-0.9382555629978372,3.869246630556673,8.558303953853814,0.09960851839887574,True,walking_dual_task,P08,16,0.089
2026-04-03T01:32:43.275728,1453.440671698546,81471,57,-7.578654704546241,-1.2276737821878683,4.281582142647236,8.79062771879506,0.23232376494124551,True,walking_dual_task,P08,16,0.089
2026-04-03T01:32:43.276260,1488.7729446468518,81471,57,-7.537817001467987,-1.2050534913609399,4.071933258730036,8.65167495507158,0.13895276372347887,True,walking_dual_task,P08,16,0.089
2026-04-03T01:32:43.335924,1482.7045292118344,81462,55,-7.565452921049717,-1.2769090351750698,4.819806201704328,9.060745356024466,0.40907040095288494,True,walking_dual_task,P08,16,0.089
2026-04-03T01:32:43.395671,1390.1185349572552,81462,55,-7.735525305522722,-1.1710704950724895,5.2250872534756665,9.408044146540004,0.3472987905155378,True,walking_dual_task,P08,16,0.089
2026-04-03T01:32:43.396212,1429.8382632249006,81458,54,-8.221814678375837,-1.291740688829345,5.160101073971801,9.792521315082169,0.3844771685421655,True,walking_dual_task,P08,16,0.089
2026-04-03T01:32:43.396695,1451.3320067483903,81458,56,-8.450738513608501,-0.8371781163780191,5.240053655086907,9.978677814826868,0.1861564997446994,True,walking_dual_task,P08,16,0.089
2026-04-03T01:32:43.397354,1503.1237000148017,81377,54,-8.568074928506721,-0.915571954126951,5.252876648475414,10.091723988882555,0.11304617405568607,True,walking_dual_task,P08,16,0.089
2026-04-03T01:32:43.398091,1359.288746907779,81377,53,-8.702875089279454,-0.7490712942440013,5.522598137750249,10.334419810252715,0.24269582137016066,True,walking_dual_task,P08,16,0.089
2026-04-03T01:32:43.456181,1510.5045798015226,81343,56,-8.792560053609353,-0.7491186158157986,5.374527722426396,10.332271736458472,0.0021480737942436434,True,walking_dual_task,P08,16,0.089
2026-04-03T01:32:43.515639,1303.1315945644885,81343,55,-9.281824762247284,-1.1014705291587092,5.51977193926522,10.855108958696443,0.5228372222379711,True,walking_dual_task,P08,16,0.089
2026-04-03T01:32:43.516061,1410.379171501199,81314,55,-9.986694660891146,-1.5896688625555058,5.426136064990984,11.47623936393129,0.6211304052348474,True,walking_dual_task,P08,16,0.089
2026-04-03T01:32:43.516804,1325.5611588344325,81314,55,-9.916101547531417,-1.7117093222057003,5.191466770681096,11.323000747848022,0.15323861608326794,True,walking_dual_task,P08,16,0.089
2026-04-03T01:32:43.517449,1383.6540405847943,81297,53,-9.822810685435227,-1.7354503056173431,5.270784863813232,11.281869109583328,0.04113163826469446,True,walking_dual_task,P08,16,0.089
2026-04-03T01:32:43.518159,1412.8733201550413,81297,55,-9.899667882658928,-1.7539680612606598,5.315548539818097,11.372549600948481,0.09068049136515377,True,walking_dual_task,P08,16,0.089
2026-04-03T01:32:43.518794,1434.1392070726993,81284,55,-9.05542182988532,-1.2568034300589213,5.737306763996815,10.793373350494972,0.579176250453509,True,walking_dual_task,P08,16,0.089
2026-04-03T01:32:43.575818,1373.594589220344,81284,55,-9.071079407351652,-1.2246746634005767,5.687748020074602,10.776585135631652,0.01678821486332005,True,walking_dual_task,P08,16,0.089
2026-04-03T01:32:43.576162,1406.4460908296996,81311,55,-8.88369360361805,-0.5665980485611052,5.785711455246041,10.616755739629824,0.15982939600182888,True,walking_dual_task,P08,16,0.089
2026-04-03T01:32:43.576707,1382.793098278079,81311,55,-9.040544781725618,-0.5894328139810447,5.776385291685322,10.744557135153707,0.1278013955238837,True,walking_dual_task,P08,16,0.089
2026-04-03T01:32:43.695940,1462.3747043231926,81312,56,-8.873943676865256,-0.6684405671752687,5.780368711095249,10.611613996382992,0.13294313877071495,True,walking_dual_task,P08,16,0.089
2026-04-03T01:32:43.696273,1301.2205110894065,81312,55,-8.947797757283292,-0.7239058578029016,5.768559318962009,10.67067950097784,0.05906550459484805,True,walking_dual_task,P08,16,0.089
2026-04-03T01:32:43.697050,1446.2984627906155,81375,54,-8.885451347941357,-0.6548064394067767,5.81393472699166,10.638696073271435,0.03198342770640572,True,walking_dual_task,P08,16,0.089
2026-04-03T01:32:43.697519,1461.3532826905755,81375,55,-8.927656851821872,-0.573362010904777,5.828162930192372,10.677044722220627,0.03834864894919221,True,walking_dual_task,P08,16,0.089
2026-04-03T01:32:43.698477,1416.3620347038898,81426,56,-8.94015580070298,-0.6812711029481326,5.7146150417160815,10.632372319081147,0.0446724031394794,True,walking_dual_task,P08,16,0.089
2026-04-03T01:32:43.755834,1468.037291458615,81426,56,-8.995226910035237,-0.5950127872115842,5.769737293170199,10.703177837080274,0.07080551799912627,True,walking_dual_task,P08,16,0.089
2026-04-03T01:32:43.755988,1434.7040977821646,81418,53,-8.968485654185029,-0.7225246045219761,5.774890279977074,10.691357934296091,0.011819902784182545,True,walking_dual_task,P08,16,0.089
2026-04-03T01:32:43.756983,1369.5268837834194,81418,55,-8.844187708383247,-0.6600045867234615,5.831518092103594,10.614229389557437,0.07712854473865427,True,walking_dual_task,P08,16,0.089
2026-04-03T01:32:43.757786,1480.1250193325118,81335,55,-8.980425351211636,-0.6355072072911591,5.752269646529396,10.683656442697279,0.06942705313984199,True,walking_dual_task,P08,16,0.089
2026-04-03T01:32:43.815596,1317.9107329216272,81335,57,-8.919034208790746,-0.7376787174947805,5.756774690486955,10.641136966736942,0.04251947596033645,True,walking_dual_task,P08,16,0.089
2026-04-03T01:32:43.816073,1404.9032292867983,81255,55,-8.961031832779993,-0.6751955287095377,5.785531301906788,10.68776650921178,0.04662954247483775,True,walking_dual_task,P08,16,0.089
2026-04-03T01:32:43.816790,1463.4097018876844,81255,56,-7.179466773513186,0.8007755410609709,5.361994069760345,8.99649737527258,1.6912691339391994,True,walking_dual_task,P08,16,0.089
2026-04-03T01:32:43.875729,1501.817777211005,81231,55,-7.0633160088464955,0.7813641516314423,5.371942776061064,8.908351821047289,0.08814555422529224,True,walking_dual_task,P08,16,0.089
2026-04-03T01:32:43.876314,1376.9183654125434,81231,55,-7.006436488440999,0.7416400744375333,5.476875759288744,8.923920122303526,0.01556830125623776,True,walking_dual_task,P08,16,0.089
2026-04-03T01:32:43.877037,1405.8382212856768,81284,55,-6.9937338026413345,0.47994854141964816,5.653039522143422,9.00552713301861,0.08160701071508392,True,walking_dual_task,P08,16,0.089
2026-04-03T01:32:43.935643,1483.5326179938077,81284,57,-6.977681650594027,0.47699207118320325,5.586553726092237,8.95126500487631,0.054262128142299915,True,walking_dual_task,P08,16,0.089
2026-04-03T01:32:43.936249,1389.4476926471013,81425,56,-7.498723742769193,0.1465253794621067,5.990064215269003,9.598603896413435,0.6473388915371245,True,walking_dual_task,P08,16,0.089
2026-04-03T01:32:43.936869,1379.6118486090336,81425,55,-8.54421310590369,-0.10978427095049148,6.282342573535658,10.605821910465174,1.0072180140517393,True,walking_dual_task,P08,16,0.089
2026-04-03T01:32:43.995596,1323.642374409815,81433,55,-8.490116420822968,-0.10554698937571179,6.107587726834984,10.459246858501782,0.14657505196339216,True,walking_dual_task,P08,16,0.089
2026-04-03T01:32:43.996129,1379.5590602579334,81433,54,-8.407542679483319,-0.10940141452266361,6.218383172881646,10.457869374858854,0.0013774836429281123,True,walking_dual_task,P08,16,0.089
2026-04-03T01:32:43.997244,1358.4039969506719,81388,55,-9.572286753344793,-0.2868744370774901,6.619418089778336,11.641635043162683,1.1837656683038293,True,walking_dual_task,P08,16,0.089
2026-04-03T01:32:44.055631,1406.7417998045366,81388,56,-9.643215287773126,-0.2424679030329706,6.512852015573027,11.639056368413042,0.002578674749640797,True,walking_dual_task,P08,16,0.089
2026-04-03T01:32:44.056047,1416.864700364821,81273,54,-10.77341107066926,-1.2951350135457036,7.051277376222212,12.940798794408103,1.3017424259950605,True,walking_dual_task,P08,16,0.089
2026-04-03T01:32:44.056786,1434.8286848422367,81273,55,-10.829330112699823,-1.2600206909487242,6.9611079790140415,12.935187170154865,0.005611624253237579,True,walking_dual_task,P08,16,0.089
2026-04-03T01:32:44.115812,1473.0891370712218,81216,55,-11.09368942582206,-2.0618762140662072,6.874859876462409,13.213060845985723,0.27787367583085754,True,walking_dual_task,P08,16,0.089
2026-04-03T01:32:44.116089,1407.2963902103559,81216,55,-10.339381097759587,-1.8729687105831914,5.768042183318918,11.986706132381755,1.2263547136039676,True,walking_dual_task,P08,16,0.089
2026-04-03T01:32:44.116938,1445.6086186224545,81232,56,-10.315631436931426,-1.9978151549792915,5.794919916200735,11.999358906677172,0.012652774295416336,True,walking_dual_task,P08,16,0.089
2026-04-03T01:32:44.175632,1386.1397200145082,81232,54,-9.53625936868423,-0.9446389266052971,4.7136081145530895,10.679451620099998,1.3199072865771733,True,walking_dual_task,P08,16,0.089
2026-04-03T01:32:44.176203,1457.296813640311,81306,55,-9.455993571071232,-1.0495360874026114,4.755294533915007,10.636266568640652,0.04318505145934637,True,walking_dual_task,P08,16,0.089
2026-04-03T01:32:44.177000,1428.7956232377605,81306,54,-8.89292255562358,-0.08531599589471309,4.188601948549037,9.830347739671415,0.8059188289692365,True,walking_dual_task,P08,16,0.089
2026-04-03T01:32:44.235676,1492.5481352738605,81366,55,-8.041464288044224,-0.662279185129589,3.6879273118981493,8.871559585145715,0.9587881545257009,True,walking_dual_task,P08,16,0.089
2026-04-03T01:32:44.236342,1485.456298745401,81366,54,-8.08936142104251,-0.6486565885573529,3.8649884007829036,8.98869617399076,0.11713658884504596,True,walking_dual_task,P08,16,0.089
2026-04-03T01:32:44.295648,1430.7558589463988,81544,56,-7.258012277725386,-1.5850893201177612,3.210058569453085,8.09294299965612,0.8957531743346401,True,walking_dual_task,P08,16,0.089
2026-04-03T01:32:44.296309,1470.7335518462592,81544,55,-7.206106526710781,-1.4755793649215538,3.286342677261981,8.056385909877918,0.03655708977820282,True,walking_dual_task,P08,16,0.089
2026-04-03T01:32:44.296724,1339.1916276172144,81809,57,-6.776488177149395,-1.7585051599340582,3.2790839045287106,7.730816494103291,0.32556941577462695,True,walking_dual_task,P08,16,0.089
2026-04-03T01:32:44.415951,1500.5857314702566,81809,56,-6.701386338240194,-1.8719507538804243,3.371112090368865,7.731570034937079,0.0007535408337879801,True,walking_dual_task,P08,16,0.089
2026-04-03T01:32:44.416271,1370.762405633416,82071,55,-6.3462739606104455,-1.9774257260047727,3.819513414847362,7.666426052026241,0.065143982910838,True,walking_dual_task,P08,16,0.089
2026-04-03T01:32:44.416866,1357.3681922426456,82071,57,-6.725935630789616,-1.3121967394705139,4.159804691512723,8.016485855044817,0.350059803018576,True,walking_dual_task,P08,16,0.089
2026-04-03T01:32:44.417588,1412.0618735485155,82095,57,-6.615589590189668,-1.1974750148839486,4.2203734830427395,7.937979867287868,0.07850598775694895,True,walking_dual_task,P08,16,0.089
2026-04-03T01:32:44.418230,1453.5876754595022,82095,56,-7.186722292393042,-0.4407292719286608,4.357083936964943,8.415901617347473,0.4779217500596049,True,walking_dual_task,P08,16,0.089
2026-04-03T01:32:44.418973,1404.550254873832,81890,55,-7.2926877724330765,-0.5229876380094355,4.341202318449486,8.503108172040198,0.08720655469272565,True,walking_dual_task,P08,16,0.089
2026-04-03T01:32:44.475868,1413.1299819205665,81890,55,-7.926391276459285,-0.11392652607172503,4.496319929308021,9.113591543818778,0.6104833717785798,True,walking_dual_task,P08,16,0.089
2026-04-03T01:32:44.476202,1488.1149870025527,81672,55,-8.260138478476861,-0.46598722055630853,4.721138345559719,9.52555400232712,0.41196245850834146,True,walking_dual_task,P08,16,0.089
2026-04-03T01:32:44.477089,1449.7422610049396,81672,55,-8.170260774698042,-0.5667176914701955,4.7624407538866755,9.473920624676747,0.051633377650372125,True,walking_dual_task,P08,16,0.089
2026-04-03T01:32:44.477713,1533.530035778642,81517,55,-8.690089812491385,-1.1985289013595422,4.949624235538765,10.07238365778396,0.5984630331072118,True,walking_dual_task,P08,16,0.089
2026-04-03T01:32:44.535516,1415.2910360916444,81517,55,-8.723769772534487,-1.1776956060701962,4.879668174557528,10.064903749094327,0.007479908689631998,True,walking_dual_task,P08,16,0.089
2026-04-03T01:32:44.536127,1388.5577202307895,81483,55,-9.778926771570152,-2.0451277299379935,5.20799809218304,11.266463525156196,1.2015597760618686,True,walking_dual_task,P08,16,0.089
2026-04-03T01:32:44.536752,1347.4586074181168,81483,56,-10.604952994871766,-2.1593272876871943,5.595199039591837,12.183348252899922,0.9168847277437262,True,walking_dual_task,P08,16,0.089
2026-04-03T01:32:44.595650,1471.8071682492523,81489,55,-10.633280789522937,-2.3084197934553146,5.554290222555222,12.216611730264098,0.03326347736417645,True,walking_dual_task,P08,16,0.089
2026-04-03T01:32:44.596181,1431.8646968810422,81489,54,-10.733606368040224,-2.1606900768382977,5.50771510404766,12.256174482257336,0.039562751993237555,True,walking_dual_task,P08,16,0.089
2026-04-03T01:32:44.596638,1377.3668859152183,81424,56,-10.784022116012899,-2.166485788153852,5.51407783472871,12.304220740720412,0.048046258463076086,True,walking_dual_task,P08,16,0.089
2026-04-03T01:32:44.655973,1379.393892471606,81424,55,-10.786344025077662,-2.1597762372676086,5.4825737823203395,12.290991257867722,0.01322948285269021,True,walking_dual_task,P08,16,0.089
2026-04-03T01:32:44.656374,1454.8826759389672,81312,55,-10.644287052797605,-2.2274118485124466,5.500095283709504,12.186601599097752,0.10438965876996953,True,walking_dual_task,P08,16,0.089
2026-04-03T01:32:44.656968,1399.0450427564865,81312,56,-10.808948352800702,-2.078053576284709,5.5262476847588315,12.316293461619248,0.12969186252149534,True,walking_dual_task,P08,16,0.089
2026-04-03T01:32:44.715668,1435.267605565052,81298,56,-10.667833356673585,-2.1097469178566537,5.581775378475213,12.223334936052247,0.0929585255670009,True,walking_dual_task,P08,16,0.089
2026-04-03T01:32:44.715982,1418.2956987567325,81298,56,-10.757323152561451,-2.213953895430961,5.498618944672812,12.28236148134565,0.05902654529340268,True,walking_dual_task,P08,16,0.089
2026-04-03T01:32:44.716795,1361.9862533035396,81315,55,-10.766757813189454,-2.062633010191611,5.461520386021062,12.247682787757524,0.03467869358812514,True,walking_dual_task,P08,16,0.089
2026-04-03T01:32:44.776212,1437.4729370922955,81315,56,-10.720541793793604,-2.1439821688097105,5.597471120189566,12.282441077978174,0.03475829022064936,True,walking_dual_task,P08,16,0.089
2026-04-03T01:32:44.776236,1380.073531531546,81348,56,-10.747683551946942,-2.2127533845025367,5.490896245144231,12.270245345890899,0.012195732087274536,True,walking_dual_task,P08,16,0.089
2026-04-03T01:32:44.776762,1425.4846390972841,81348,56,-10.680604485490596,-2.093146393880866,5.622246351452171,12.250152163875988,0.020093182014910838,True,walking_dual_task,P08,16,0.089
2026-04-03T01:32:44.835916,1452.4136796903276,81438,56,-10.63111081824791,-2.1956979779441492,5.485191200885023,12.162603724140743,0.08754843973524551,True,walking_dual_task,P08,16,0.089
2026-04-03T01:32:44.836190,1415.5598387672796,81438,56,-8.347031109972464,0.21275984886393615,5.196367441926869,9.834654528536035,2.327949195604708,True,walking_dual_task,P08,16,0.089
2026-04-03T01:32:44.836914,1414.3707739420552,81498,54,-8.356118310588684,0.26865188536927553,5.165712225907522,9.82758718388997,0.007067344646065621,True,walking_dual_task,P08,16,0.089
2026-04-03T01:32:44.895881,1454.5871351739938,81498,55,-8.56728632354472,0.5355860998446661,5.414153877260506,10.148808286030345,0.3212211021403757,True,walking_dual_task,P08,16,0.089
2026-04-03T01:32:44.896515,1433.4492976464544,81431,54,-7.952635103694506,0.9455012415175998,5.054812620346078,9.470454493689067,0.6783537923412783,True,walking_dual_task,P08,16,0.089
2026-04-03T01:32:44.896809,1475.3138864506036,81431,57,-7.981348193841017,0.9520416543582504,4.863738802616806,9.394905930505256,0.0755485631838102,True,walking_dual_task,P08,16,0.089
2026-04-03T01:32:44.956076,1396.36442091885,81404,54,-7.134974951724587,1.2578416515794015,4.594451278228259,8.578986870848944,0.8159190596563128,True,walking_dual_task,P08,16,0.089
2026-04-03T01:32:44.956440,1417.5854542495442,81404,57,-7.097733513180977,1.2638681055349512,4.595359229752471,8.549415773185446,0.029571097663497525,True,walking_dual_task,P08,16,0.089
2026-04-03T01:32:44.956816,1516.794199067599,81470,55,-6.943278894536405,1.2254254804473428,4.442334126170532,8.333373980806549,0.2160417923788973,True,walking_dual_task,P08,16,0.089
2026-04-03T01:32:45.015533,1500.6291132190495,81470,54,-7.204476668396601,1.2231112455993236,4.767225720961223,8.725074570407795,0.3917005896012462,True,walking_dual_task,P08,16,0.089
2026-04-03T01:32:45.015981,1490.3926462263396,81552,55,-7.209303395776145,1.2284522301990766,4.64824458594823,8.6654098613411,0.059664709066694854,True,walking_dual_task,P08,16,0.089
2026-04-03T01:32:45.016691,1460.1668354600822,81552,55,-7.1750528324776255,1.2723484819900588,4.795586915127173,8.723411469660626,0.05800160831952539,True,walking_dual_task,P08,16,0.089
2026-04-03T01:32:45.136075,1475.6847227417134,81578,56,-7.850511696851869,1.0089849373778328,5.141147598528557,9.438219277815032,0.714807808154406,True,walking_dual_task,P08,16,0.089
2026-04-03T01:32:45.136293,1392.665108097001,81578,54,-7.822620684437872,1.0065847263769798,5.112410770965908,9.399114377166548,0.03910490064848382,True,walking_dual_task,P08,16,0.089
2026-04-03T01:32:45.137071,1423.6547157496893,81634,55,-8.954317961109938,0.3146729767087531,5.7342242614114864,10.637676302232874,1.2385619250663265,True,walking_dual_task,P08,16,0.089
2026-04-03T01:32:45.137699,1484.8440325309218,81634,57,-9.674148644445426,-0.31683922976822876,6.1078105980859485,11.445299882241462,0.8076235800085882,True,walking_dual_task,P08,16,0.089
2026-04-03T01:32:45.138410,1464.6538948148707,81535,56,-9.767924375483359,-0.32061230064322077,6.113771181991009,11.527937236046588,0.08263735380512571,True,walking_dual_task,P08,16,0.089
2026-04-03T01:32:45.139048,1348.0182564503643,81535,56,-10.638431798007655,-0.4765982561731449,5.98890942070074,12.217627145563322,0.6896899095167335,True,walking_dual_task,P08,16,0.089
2026-04-03T01:32:45.195753,1423.170105538822,81453,54,-10.775885993169096,-0.6429683752828135,5.871544371291569,12.288537771982371,0.07091062641904955,True,walking_dual_task,P08,16,0.089
2026-04-03T01:32:45.196160,1393.2847406148921,81453,56,-10.620885384191139,0.4317246335694912,5.441598190317332,11.94154861683444,0.3469891551479307,True,walking_dual_task,P08,16,0.089
2026-04-03T01:32:45.196822,1367.136136783779,81364,55,-10.517642127851982,0.1318164353556268,5.079603276276767,11.680776555801343,0.2607720610330979,True,walking_dual_task,P08,16,0.089
2026-04-03T01:32:45.255769,1433.8250477127738,81364,54,-10.559756378015384,0.03659970827891593,5.11824877210953,11.734831264014128,0.05405470821278513,True,walking_dual_task,P08,16,0.089
2026-04-03T01:32:45.256244,1476.555799327301,81305,54,-10.287932252994626,-1.1123472296430956,4.804742131987476,11.408961975412018,0.3258692886021102,True,walking_dual_task,P08,16,0.089
2026-04-03T01:32:45.256910,1381.7758402939803,81305,55,-10.264297064544024,-1.0913655879057633,4.821541918067257,11.392723096053535,0.01623887935848245,True,walking_dual_task,P08,16,0.089
2026-04-03T01:32:45.315660,1350.4558048382135,81215,54,-9.752729589838076,-0.844755173495394,4.2074791075832945,10.655150219325877,0.7375728767276577,True,walking_dual_task,P08,16,0.089
2026-04-03T01:32:45.316089,1426.361501955176,81215,54,-9.698970359871153,-0.945799443268022,4.150539478975433,10.592050821020399,0.06309939830547862,True,walking_dual_task,P08,16,0.089
2026-04-03T01:32:45.316892,1438.8793465471417,81208,56,-9.436527496511049,-0.22270003222735732,3.6980693833217355,10.137719845242557,0.4543309757778413,True,walking_dual_task,P08,16,0.089
2026-04-03T01:32:45.436090,1406.8860444444417,81208,56,-8.504876888542439,-0.21804983354866883,3.590664674114803,9.234357011785384,0.903362833457173,True,walking_dual_task,P08,16,0.089
2026-04-03T01:32:45.436243,1428.3142550746384,81325,55,-8.590641104449489,-0.33303148722284104,3.516750567496382,9.288571424655414,0.054214412870029705,True,walking_dual_task,P08,16,0.089
2026-04-03T01:32:45.437139,1312.7463650958905,81325,54,-7.870911979601033,-0.2794645256406776,3.627227207620641,8.670993773923612,0.6175776507318016,True,walking_dual_task,P08,16,0.089
2026-04-03T01:32:45.437823,1488.6945771209573,81454,55,-7.7765522640293625,-0.2553635423833265,3.5897900814653285,8.568930416507396,0.10206335741621686,True,walking_dual_task,P08,16,0.089
2026-04-03T01:32:45.438447,1344.7496116185184,81454,56,-7.383681421306869,-0.2919417566183197,3.777671081372405,8.299083089091647,0.26984732741574824,True,walking_dual_task,P08,16,0.089
2026-04-03T01:32:45.439344,1475.8479986397635,81462,55,-6.872955520577042,-0.129512105327384,3.6736725001644106,7.794238937299844,0.5048441517918034,True,walking_dual_task,P08,16,0.089
2026-04-03T01:32:45.495506,1382.1536480893706,81462,55,-6.947622051412561,-0.035155835353826576,3.650034477110992,7.848148812690317,0.05390987539047298,True,walking_dual_task,P08,16,0.089
2026-04-03T01:32:45.496177,1384.0701757092734,81483,54,-6.958404783407838,0.1212811620052135,3.6597130354124396,7.863053207983407,0.014904395293090289,True,walking_dual_task,P08,16,0.089
2026-04-03T01:32:45.496924,1414.045038120979,81483,56,-6.9626011308321365,-0.005345866009501259,3.5968453815940915,7.8367812132560575,0.026271994727349757,True,walking_dual_task,P08,16,0.089
2026-04-03T01:32:45.556057,1517.1185006337423,81522,56,-7.268885214205814,-0.15613742658972987,3.7631163280746587,8.186703588863105,0.349922375607048,True,walking_dual_task,P08,16,0.089
2026-04-03T01:32:45.556236,1427.7750653845499,81522,54,-7.174904797273449,-0.09018535829280433,3.8045031075219096,8.12167692930049,0.06502665956261566,True,walking_dual_task,P08,16,0.089
2026-04-03T01:32:45.556939,1377.7213195390875,81536,57,-7.632205214809715,-0.6733000123521553,3.9617869388720384,8.62552288830185,0.5038459590013602,True,walking_dual_task,P08,16,0.089
2026-04-03T01:32:45.616109,1494.7416372444054,81536,55,-7.7359466254733915,-0.6505797838001245,3.826283690916376,8.654973779892993,0.02945089159114289,True,walking_dual_task,P08,16,0.089
2026-04-03T01:32:45.616356,1465.6418475695145,81481,56,-7.774401073428089,-0.6400334080604433,3.8972609848566835,8.720068692277565,0.06509491238457166,True,walking_dual_task,P08,16,0.089
2026-04-03T01:32:45.617180,1387.288296177642,81481,55,-7.7167483998837465,-0.5970553039357414,3.9662825636962644,8.696900498346936,0.023168193930628078,True,walking_dual_task,P08,16,0.089
2026-04-03T01:32:45.675879,1492.0613968435737,81428,54,-7.68078037945672,-0.6627452221323267,3.9608239781526637,8.66728014159088,0.02962035675605712,True,walking_dual_task,P08,16,0.089
2026-04-03T01:32:45.676603,1484.220914287279,81428,55,-7.676749235579749,-0.6945704389624971,3.9992284666228333,8.683820314176316,0.016540172585436608,True,walking_dual_task,P08,16,0.089
2026-04-03T01:32:45.677042,1513.4636240010714,81360,55,-7.754625669042992,-0.5465009849158663,3.949005403946767,8.719376484238724,0.0355561700624083,True,walking_dual_task,P08,16,0.089
2026-04-03T01:32:45.735647,1458.2266662140037,81360,54,-7.79922023380043,-0.7511886277471893,3.9368539545178187,8.768747896306595,0.049371412067870324,True,walking_dual_task,P08,16,0.089
2026-04-03T01:32:45.736182,1400.2138694141474,81270,56,-7.65574669715263,-0.6171452854840777,4.0320670483967005,8.674611834377668,0.09413606192892665,True,walking_dual_task,P08,16,0.089
2026-04-03T01:32:45.736889,1494.3578859626714,81270,54,-7.619068350656169,-0.6965630703807795,3.881535209618629,8.579144376130872,0.09546745824679626,True,walking_dual_task,P08,16,0.089
2026-04-03T01:32:45.795677,1359.8813005719255,81224,56,-7.583796861081898,-0.6578729577504543,3.9943039501035984,8.596582792279046,0.017438416148173985,True,walking_dual_task,P08,16,0.089
2026-04-03T01:32:45.796228,1392.4893202640164,81224,56,-7.612383829682279,-0.6745283874250614,3.889559520935509,8.575083053985574,0.021499738293471182,True,walking_dual_task,P08,16,0.089
2026-04-03T01:32:45.796873,1340.50885863977,81297,55,-7.855180914857796,-0.5723505948040967,3.9201838326887217,8.797686837492728,0.2226037835071537,True,walking_dual_task,P08,16,0.089
2026-04-03T01:32:45.855973,1520.020309365997,81297,56,-8.023576427479961,0.7299186644446989,5.734829574045372,9.88932910705586,1.0916422695631312,True,walking_dual_task,P08,16,0.089
2026-04-03T01:32:45.856094,1327.0306536294095,81384,54,-7.767943912104275,0.35021429378016933,5.5807446837374695,9.57122321849354,0.3181058885623198,True,walking_dual_task,P08,16,0.089
2026-04-03T01:32:45.856923,1293.3500107823104,81384,57,-7.790044900967255,0.39387995166571027,5.626865743765537,9.61777308288006,0.04654986438652031,True,walking_dual_task,P08,16,0.089
2026-04-03T01:32:45.915628,1380.761826846144,81495,56,-8.445158546258112,-0.5995905682837878,5.866127127176165,10.300080543044476,0.6823074601644166,True,walking_dual_task,P08,16,0.089
2026-04-03T01:32:45.916202,1396.951087913691,81495,56,-8.399449095778953,-0.5390666037474171,5.958422865465234,10.312329560267,0.012249017222524472,True,walking_dual_task,P08,16,0.089
2026-04-03T01:32:45.916805,1400.5837737530294,81579,55,-9.745092562809681,-1.409263478084853,6.328294737936592,11.704707040271805,1.3923774800048037,True,walking_dual_task,P08,16,0.089
2026-04-03T01:32:45.976059,1473.9505863972645,81579,55,-9.6071944972506,-1.4890236783905284,6.284031650079028,11.576028308621433,0.12867873165037125,True,walking_dual_task,P08,16,0.089
2026-04-03T01:32:46.036012,1444.111437402461,81538,56,-10.263309983466701,-1.0165994266294534,6.153293523704892,12.009663917021957,0.4336356084005235,True,walking_dual_task,P08,16,0.089
2026-04-03T01:32:46.155943,1504.504750985081,81538,53,-10.26502805623537,-1.1465195572348261,6.197662441724879,12.045593710232318,0.03592979321036083,True,walking_dual_task,P08,16,0.089
2026-04-03T01:32:46.215839,1443.1046809476743,81479,57,-9.359004970064385,-0.28352565766597904,5.434311889934178,10.826038358759162,1.219555351473156,True,walking_dual_task,P08,16,0.089
2026-04-03T01:32:46.275692,1443.7613691541217,81479,57,-9.364847317274307,-0.24172153234035265,5.388478975507676,10.807150422037486,0.018887936721675658,True,walking_dual_task,P08,16,0.089
2026-04-03T01:32:46.276112,1407.5829679411886,81455,53,-8.057969320411933,0.7922830047765078,4.674511778517921,9.349312396955213,1.457838025082273,True,walking_dual_task,P08,16,0.089
2026-04-03T01:32:46.276815,1395.7274232051209,81455,56,-8.203483030531713,0.7609053327565025,4.504966825250212,9.389932739601708,0.040620342646494834,True,walking_dual_task,P08,16,0.089
2026-04-03T01:32:46.277398,1551.1264706366312,81404,56,-7.095093500740178,0.9523756678917427,4.488853513071648,8.449685027197962,0.940247712403746,True,walking_dual_task,P08,16,0.089
2026-04-03T01:32:46.278786,1344.1293859802895,81404,56,-6.740322414411329,0.38953813970174267,4.533713307299702,8.132542195727266,0.31714283147069544,True,walking_dual_task,P08,16,0.089
2026-04-03T01:32:46.278947,1567.3673695848613,81500,55,-6.675131017872887,0.39663121912764643,4.475432242082289,8.046377084329638,0.08616511139762828,True,walking_dual_task,P08,16,0.089
2026-04-03T01:32:46.279555,1331.2389840459389,81500,56,-7.263050462395026,-0.018896666525564404,5.130422456680598,8.892327799137577,0.8459507148079393,True,walking_dual_task,P08,16,0.089
2026-04-03T01:32:46.280726,1451.8533604229688,81606,56,-7.198238506210931,-0.008319435322691271,5.0538126275915225,8.795210564853203,0.09711723428437402,True,walking_dual_task,P08,16,0.089
2026-04-03T01:32:46.280948,1434.1490619013928,81606,54,-8.364402965512872,-0.6553933334950036,5.508155858162935,10.03656108180909,1.2413505169558867,True,walking_dual_task,P08,16,0.089
2026-04-03T01:32:46.281679,1376.4803348045411,81616,55,-9.33560200481089,-0.308032962807205,5.634239911158559,10.908391653900996,0.8718305720919055,True,walking_dual_task,P08,16,0.089
2026-04-03T01:32:46.282326,1468.9531951193403,81616,55,-9.345499443703348,-0.4232188868089193,5.514386441584121,10.859370695649824,0.049020958251171365,True,walking_dual_task,P08,16,0.089
2026-04-03T01:32:46.283024,1407.3122629459247,81494,54,-9.464798524539118,0.3124203404154756,5.360076147703244,10.881655843133453,0.022285147483628975,True,walking_dual_task,P08,16,0.089
2026-04-03T01:32:46.283753,1407.6507811409797,81494,57,-9.565852602931454,0.30172056574530304,5.3699442130943025,10.97419118534706,0.0925353422136066,True,walking_dual_task,P08,16,0.089
2026-04-03T01:32:46.284780,1366.5882405512652,81440,56,-8.625403589430448,-0.07032664550916262,5.0841654088627575,10.012555658886738,0.9616355264603218,True,walking_dual_task,P08,16,0.089
2026-04-03T01:32:46.335648,1515.5725415734246,81440,56,-8.568933528076709,0.1268077272570799,5.077537421884308,9.961128865692121,0.05142679319461685,True,walking_dual_task,P08,16,0.089
2026-04-03T01:32:46.336152,1409.472181295216,81435,56,-8.561856924401972,0.0668726729891193,5.174355621355866,10.00419022432999,0.04306135863786942,True,walking_dual_task,P08,16,0.089
2026-04-03T01:32:46.336869,1448.0168786159622,81435,55,-9.96806294868608,-0.1980576603914144,4.955118999964011,11.133494962931104,1.129304738601114,True,walking_dual_task,P08,16,0.089
2026-04-03T01:32:46.395632,1410.792580528774,81417,55,-10.015654695034245,-0.24016738716298203,4.964853145324414,11.181269431449003,0.04777446851789868,True,walking_dual_task,P08,16,0.089
2026-04-03T01:32:46.395966,1418.7026936713353,81417,54,-10.710415399543484,-0.8232246277184287,4.6546561750025965,11.707114116038596,0.5258446845895932,True,walking_dual_task,P08,16,0.089
2026-04-03T01:32:46.396694,1332.7619303253748,81386,55,-10.842369301108885,-0.7815105628003423,4.705119157126925,11.845078180584528,0.13796406454593146,True,walking_dual_task,P08,16,0.089
2026-04-03T01:32:46.455893,1490.7451431105583,81386,56,-10.444660371089759,-1.2123274709694334,4.65683676678959,11.499860731191632,0.3452174493928961,True,walking_dual_task,P08,16,0.089
2026-04-03T01:32:46.456372,1410.2700281275036,81393,55,-9.415799353231534,-1.646276952621909,4.879503883634578,10.732057743762581,0.7678029874290502,True,walking_dual_task,P08,16,0.089
2026-04-03T01:32:46.457138,1387.6556875428228,81393,55,-9.279713882818594,-1.567788928404579,4.991955625786889,10.653200122067993,0.07885762169458843,True,walking_dual_task,P08,16,0.089
2026-04-03T01:32:46.516034,1460.717022054133,81555,55,-8.258662784483105,-1.0443928256356907,4.776851256388002,9.597633837967626,1.055566284100367,True,walking_dual_task,P08,16,0.089
2026-04-03T01:32:46.516376,1398.7418232350271,81555,54,-8.195254461611592,-1.0512086105873988,4.859867825898203,9.585695098360802,0.011938739606824456,True,walking_dual_task,P08,16,0.089
2026-04-03T01:32:46.517004,1322.8699746065427,81690,56,-7.562832394323681,-0.0682266978075099,4.200994011880505,8.651557050310727,0.9341380480500749,True,walking_dual_task,P08,16,0.089
2026-04-03T01:32:46.575676,1376.0428104406449,81690,55,-6.956318439095821,1.087126199004885,3.374573319314777,7.807685616499839,0.8438714338108877,True,walking_dual_task,P08,16,0.089
2026-04-03T01:32:46.576437,1394.3544478411022,81654,55,-6.981595820478329,1.127351870078051,3.507089927446624,7.893876246729899,0.08619063023006035,True,walking_dual_task,P08,16,0.089
2026-04-03T01:32:46.577055,1469.9423510504255,81654,55,-6.930502474303048,1.1006215997195654,3.339116753624687,7.771289027338193,0.12258721939170591,True,walking_dual_task,P08,16,0.089
2026-04-03T01:32:46.636009,1344.9392749779195,81728,55,-6.844352537251708,1.0444092080901044,3.415563431713017,7.72023482830558,0.05105419903261321,True,walking_dual_task,P08,16,0.089
2026-04-03T01:32:46.636365,1461.0789589616468,81728,54,-6.9185134622859765,1.2011788215303383,3.519608102708431,7.854699248588462,0.13446442028288175,True,walking_dual_task,P08,16,0.089
2026-04-03T01:32:46.636913,1411.9521408226747,81883,55,-6.849742648365856,1.0346887554340358,3.486626983452045,7.755393148719131,0.09930609986933092,True,walking_dual_task,P08,16,0.089
2026-04-03T01:32:46.696087,1423.667332974537,81883,55,-7.059757023849087,1.1448867546655699,3.4970176352774747,7.961159919147263,0.20576677042813163,True,walking_dual_task,P08,16,0.089
2026-04-03T01:32:46.696295,1424.7441506645298,81950,56,-6.959917381972837,1.0114386821835548,3.46481510404642,7.8401786890945955,0.12098123005266714,True,walking_dual_task,P08,16,0.089
2026-04-03T01:32:46.697283,1448.6109212190865,81950,55,-6.994266042710822,1.2234355900563731,3.5006376340393857,7.916502760947359,0.07632407185276335,True,walking_dual_task,P08,16,0.089
2026-04-03T01:32:46.755820,1477.2043643450058,81908,56,-6.966658458178846,1.0430679657294004,3.4050939790019954,7.824128440911573,0.09237432003578583,True,walking_dual_task,P08,16,0.089
2026-04-03T01:32:46.756344,1389.8097766415794,81908,55,-6.971651597120442,1.1303047829562438,3.459046580705124,7.864255727117066,0.04012728620549311,True,walking_dual_task,P08,16,0.089
2026-04-03T01:32:46.756929,1345.135137416713,81940,55,-6.982049534870066,1.125300914001059,3.229963336856844,7.774829966749777,0.08942576036728944,True,walking_dual_task,P08,16,0.089
2026-04-03T01:32:46.875872,1368.3525213472133,81940,55,-6.887398354093305,1.1090903542085477,3.479094156638733,7.795539343273394,0.020709376523617706,True,walking_dual_task,P08,16,0.089
2026-04-03T01:32:46.876802,1377.1360379456378,82032,55,-6.994581150786162,1.0539016450455554,3.4596133978080483,7.874249107988377,0.07870976471498281,True,walking_dual_task,P08,16,0.089
2026-04-03T01:32:46.877019,1438.12538564354,82032,56,-11.910961314549573,-2.2359124738960916,1.9320072833388557,12.272039609229388,4.397790501241011,True,walking_dual_task,P08,16,0.089
2026-04-03T01:32:46.877639,1361.6727504106586,81993,56,-10.762304426777737,-1.020940614591086,1.9052811604232223,10.977231555060909,1.2948080541684792,True,walking_dual_task,P08,16,0.089
2026-04-03T01:32:46.878301,1399.5313839993646,81993,57,-10.551510421317277,-0.9088064440975634,1.8488236577674766,10.750741846101647,0.2264897089592619,True,walking_dual_task,P08,16,0.089
2026-04-03T01:32:46.878920,1491.1630708854138,81992,56,-10.499636680898693,-0.8450061189303036,1.9312751097748613,10.709165668787596,0.04157617731405061,True,walking_dual_task,P08,16,0.089
2026-04-03T01:32:46.935527,1566.0363216176324,81992,55,-9.4598114529061,0.4970595853124956,2.6888002046021886,9.84706796443252,0.8620977043550759,True,walking_dual_task,P08,16,0.089
2026-04-03T01:32:46.935930,1356.917242808052,82192,56,-9.509755799740613,0.5571718924909671,2.5865350794003814,9.870970550328419,0.023902585895898554,True,walking_dual_task,P08,16,0.089
2026-04-03T01:32:46.937083,1494.3809235814483,82192,55,-9.638082712147032,-0.45664580964295,3.172022699058305,10.156913495988487,0.28594294566006795,True,walking_dual_task,P08,16,0.089
2026-04-03T01:32:46.995639,1346.2361814935941,82288,56,-10.296896663347837,-1.5011224391144689,3.0702152564183676,10.849224451250924,0.6923109552624371,True,walking_dual_task,P08,16,0.089
2026-04-03T01:32:46.996155,1398.172817915129,82288,55,-10.32254231256395,-1.4782446847637996,3.1596442020805995,10.896028571293629,0.04680412004270451,True,walking_dual_task,P08,16,0.089
2026-04-03T01:32:46.996861,1436.3291267966206,82173,55,-9.663454517143771,-1.995272723753663,2.8366800429286725,10.266947945373616,0.6290806259200128,True,walking_dual_task,P08,16,0.089
2026-04-03T01:32:47.055649,1494.1400127540276,82173,55,-9.543779829775348,-2.0794181441279,2.7048588025239253,10.135283636827646,0.1316643085459699,True,walking_dual_task,P08,16,0.089
2026-04-03T01:32:47.055934,1430.0658254503983,82128,55,-9.000334598900302,-2.0647624008943324,2.252587816832668,9.504915493409278,0.6303681434183677,True,walking_dual_task,P08,16,0.089
2026-04-03T01:32:47.175917,1299.7803259463851,82128,55,-8.917048409460577,-2.0556597642180554,2.2269459496608315,9.418002849097,0.08691264431227808,True,walking_dual_task,P08,16,0.089
2026-04-03T01:32:47.235918,1468.890595376146,82201,56,-8.59127845731278,-0.7458619348726651,2.3123864293799246,8.928242075333705,0.48976077376329563,True,walking_dual_task,P08,16,0.089
2026-04-03T01:32:47.236098,1391.252849191874,82201,56,-8.473627679408523,0.3377113387594089,2.107266997233901,8.738248634320044,0.18999344101366056,True,walking_dual_task,P08,16,0.089
2026-04-03T01:32:47.236866,1377.1666597686537,82143,55,-8.513715698293883,0.2534267387917814,1.9735080211981169,8.743129531983593,0.004880897663548822,True,walking_dual_task,P08,16,0.089
2026-04-03T01:32:47.237440,1297.931575573497,82143,57,-9.123827992090517,-0.058877226749574865,1.9969003815528472,9.339984737189354,0.5968552052057614,True,walking_dual_task,P08,16,0.089
2026-04-03T01:32:47.238194,1408.4666991857982,82072,54,-9.375870442977137,-0.18694574036607384,1.9500572295308414,9.578341112728175,0.23835637553882094,True,walking_dual_task,P08,16,0.089
2026-04-03T01:32:47.238955,1415.6500500201698,82072,56,-9.983948820832861,-0.47485507015688155,1.8747168076020864,10.16952725073144,0.5911861380032644,True,walking_dual_task,P08,16,0.089
2026-04-03T01:32:47.295667,1352.0297896800316,82013,55,-9.873451524707063,-0.6711951718989526,1.801352327002367,10.058847755857403,0.11067949487403617,True,walking_dual_task,P08,16,0.089
2026-04-03T01:32:47.295992,1524.068743295738,82013,54,-9.798036446295598,-0.728430140464204,1.7694310284531627,9.983136523003498,0.07571123285390513,True,walking_dual_task,P08,16,0.089
2026-04-03T01:32:47.296699,1476.9880315769774,82018,56,-9.851948033780207,-0.9001748292313382,1.7416929229642772,10.04513260347474,0.061996080471240944,True,walking_dual_task,P08,16,0.089
2026-04-03T01:32:47.297351,1444.0515421959426,82018,56,-9.723395913189217,-0.9624743075206789,1.7210921924650606,9.921337773315972,0.1237948301587668,True,walking_dual_task,P08,16,0.089
2026-04-03T01:32:47.298106,1377.6457813883287,82096,56,-9.986722981713292,-1.1461375619094911,1.9567620981261593,10.240956260670355,0.3196184873543828,True,walking_dual_task,P08,16,0.089
2026-04-03T01:32:47.355753,1462.0943237976367,82096,56,-9.900067303157579,-1.251144881389838,2.0080822325792327,10.178855062042988,0.06210119862736718,True,walking_dual_task,P08,16,0.089
2026-04-03T01:32:47.356018,1322.732627917567,82186,55,-9.975196671335706,-1.404521895355545,2.3447657732066003,10.342879527363799,0.16402446532081072,True,walking_dual_task,P08,16,0.089
2026-04-03T01:32:47.356920,1426.6825693785647,82186,56,-9.745883484958261,-1.9705414226891154,2.7281819735278208,10.310589473041684,0.032290054322114514,True,walking_dual_task,P08,16,0.089
2026-04-03T01:32:47.415874,1388.914007961224,82217,56,-9.718962029504217,-1.8991111753491843,2.6140350648208477,10.241973711516438,0.06861576152524584,True,walking_dual_task,P08,16,0.089
2026-04-03T01:32:47.416193,1338.145581611866,82217,56,-9.679175870567589,-1.9079728176935675,2.4671293348156156,10.169244463633625,0.07272924788281365,True,walking_dual_task,P08,16,0.089
2026-04-03T01:32:47.416810,1389.7361527348792,82184,54,-9.656268996933399,-1.996563677149401,2.4784139992962126,10.167218568023259,0.0020258956103660353,True,walking_dual_task,P08,16,0.089
2026-04-03T01:32:47.475683,1352.807971863756,82184,57,-9.240272503800934,-1.9158196971605577,2.3162929645554127,9.71690352705927,0.45031504096398933,True,walking_dual_task,P08,16,0.089
2026-04-03T01:32:47.476279,1423.5814337278257,82164,55,-9.162072639984475,-2.1997531083009454,2.3146609282295976,9.702584398525191,0.014319128534078018,True,walking_dual_task,P08,16,0.089
2026-04-03T01:32:47.476993,1454.740862349722,82164,57,-9.209574604543324,-2.1899345149936242,2.338134691240613,9.750843625604531,0.04825922707934005,True,walking_dual_task,P08,16,0.089
2026-04-03T01:32:47.477577,1489.6209492302269,82149,56,-9.479646622885571,-2.283238335783289,2.870616321580843,10.164512553905503,0.4136689283009716,True,walking_dual_task,P08,16,0.089
2026-04-03T01:32:47.595770,1351.5207819667758,82149,57,-9.362305099720023,-2.296461458756229,2.8936217187059463,10.064767193669365,0.09974536023613823,True,walking_dual_task,P08,16,0.089
2026-04-03T01:32:47.596179,1445.7574573115219,82122,55,-9.323387912660762,-2.126768523008941,3.027418045700118,10.030651351923321,0.03411584174604343,True,walking_dual_task,P08,16,0.089
2026-04-03T01:32:47.596895,1452.6770269575368,82122,56,-9.422141924619803,-2.039937696672363,3.0166160999503346,10.101389852315506,0.07073850039218499,True,walking_dual_task,P08,16,0.089
2026-04-03T01:32:47.597745,1450.978134946717,82069,55,-10.033036020386394,-1.5612306040413895,3.0770060852017718,10.609769989671548,0.5083801373560419,True,walking_dual_task,P08,16,0.089
2026-04-03T01:32:47.598228,1387.3993115793742,82069,55,-9.986888304924934,-1.679310470039418,3.1651080282591613,10.610180512148746,0.0004105224771979721,True,walking_dual_task,P08,16,0.089
2026-04-03T01:32:47.598879,1452.9076048550662,81909,57,-10.042223536148605,-1.7605584274218793,3.1471198675588585,10.670060121064306,0.05987960891556021,True,walking_dual_task,P08,16,0.089
2026-04-03T01:32:47.655715,1420.9700881276653,81909,56,-10.00056519284194,-1.7250638737568353,3.0322192850144862,10.59157699954244,0.07848312152186665,True,walking_dual_task,P08,16,0.089
2026-04-03T01:32:47.656007,1430.9251239909033,81819,54,-9.944276986595673,-1.7368538624549712,3.1554570528749415,10.576493527544905,0.015083471997535014,True,walking_dual_task,P08,16,0.089
2026-04-03T01:32:47.656787,1366.4054858377183,81819,55,-9.99176677110929,-1.6500636700644524,3.1457975807245755,10.604440378558547,0.027946851013641805,True,walking_dual_task,P08,16,0.089
2026-04-03T01:32:47.715620,1417.8048428037084,81844,56,-10.055870612247361,-1.6525847640783997,3.039333331869932,10.63433671062468,0.029896332066133624,True,walking_dual_task,P08,16,0.089
2026-04-03T01:32:47.716220,1398.24561097948,81844,55,-9.992891536097645,-1.7514351942095814,3.1284606443289356,10.616622461726843,0.017714248897837237,True,walking_dual_task,P08,16,0.089
2026-04-03T01:32:47.716872,1472.2986061280428,81865,57,-10.015015844254368,-1.6855600202195367,3.1062630927586827,10.62028838327205,0.0036659215452061744,True,walking_dual_task,P08,16,0.089
2026-04-03T01:32:47.775609,1398.6102395560872,81865,55,-10.004489960809286,-1.707551382448959,3.1062045861503593,10.61386159843149,0.006426784840559918,True,walking_dual_task,P08,16,0.089
2026-04-03T01:32:47.776528,1396.5310765303514,81901,55,-10.074592369095967,-1.618934144421209,3.09523761080184,10.662966521317687,0.0491049228861975,True,walking_dual_task,P08,16,0.089
2026-04-03T01:32:47.777112,1387.217295624488,81901,54,-10.10574000919325,-1.774401752470441,3.0723249496339324,10.710446457021412,0.04747993570372522,True,walking_dual_task,P08,16,0.089
2026-04-03T01:32:47.895803,1403.5712409708144,81926,55,-9.91511658257999,-1.7447834955902444,3.1241506922677367,10.541068439234886,0.16937801778652606,True,walking_dual_task,P08,16,0.089
2026-04-03T01:32:47.896248,1430.5857873043446,81926,56,-9.713223209442708,-0.5097779474623398,1.4656197908262232,9.83639263365574,0.7046758055791464,True,walking_dual_task,P08,16,0.089
2026-04-03T01:32:47.896907,1340.0954237058907,81929,57,-9.765349028438726,-0.7998881164549451,1.4875087672395448,9.910325170179307,0.0739325365235679,True,walking_dual_task,P08,16,0.089
2026-04-03T01:32:47.897491,1416.3190450663317,81929,56,-9.77810775614291,-0.5358696520399624,1.5108938120819917,9.90865014450037,0.0016750256789368478,True,walking_dual_task,P08,16,0.089
2026-04-03T01:32:47.898167,1419.9039659945518,81942,56,-9.756703127884645,-0.33730338384519104,1.5556515012020304,9.885700839678467,0.022949304821903382,True,walking_dual_task,P08,16,0.089
2026-04-03T01:32:47.898954,1538.2243023223725,81942,57,-9.642270230388048,-0.38769286603120434,1.5569791910373554,9.774858830465144,0.11084200921332332,True,walking_dual_task,P08,16,0.089
2026-04-03T01:32:47.955961,1386.3126812673743,81978,56,-9.908182148196241,-0.22055774236009032,1.6299001182488793,10.043768893947002,0.268910063481858,True,walking_dual_task,P08,16,0.089
2026-04-03T01:32:47.956186,1385.2143260033558,81978,54,-9.919372878644882,-0.26553728306899177,1.7369280040470452,10.073797061959217,0.030028168012215417,True,walking_dual_task,P08,16,0.089
2026-04-03T01:32:47.956764,1445.261056021795,82010,54,-9.894027321363579,-0.18950106601662958,1.7264445009154321,10.045312235299185,0.028484826660031715,True,walking_dual_task,P08,16,0.089
2026-04-03T01:32:48.015593,1425.4341022441324,82010,56,-9.915461756667552,-0.09234521159400474,1.789918503341003,10.076145976247249,0.030833740948063237,True,walking_dual_task,P08,16,0.089
2026-04-03T01:32:48.016104,1352.3194591324016,82035,56,-10.003651341127634,-0.23519157933764187,1.6936281739855148,10.148730542563122,0.07258456631587329,True,walking_dual_task,P08,16,0.089
2026-04-03T01:32:48.016771,1494.225856572472,82035,55,-9.970502384823641,-0.3421395914517788,1.7341967626302943,10.125977272210822,0.022753270352300348,True,walking_dual_task,P08,16,0.089
2026-04-03T01:32:48.076151,1343.2488586151617,82058,55,-9.964775728210576,-0.4306817153252671,1.6628274523390913,10.111737594978552,0.014239677232270154,True,walking_dual_task,P08,16,0.089
2026-04-03T01:32:48.076173,1447.4666221993587,82058,56,-9.956601282495207,-0.5108745936417965,1.685097434724252,10.111105543585634,0.0006320513929178873,True,walking_dual_task,P08,16,0.089
2026-04-03T01:32:48.076731,1510.6531330409662,82083,56,-9.824728049911078,-0.4408322377142916,1.5261646755867366,9.952326006192045,0.1587795373935883,True,walking_dual_task,P08,16,0.089
2026-04-03T01:32:48.135684,1252.4715515957353,82083,55,-9.766448619477773,-0.5701812479635807,1.7623389257282984,9.940546452864941,0.011779553327103898,True,walking_dual_task,P08,16,0.089
2026-04-03T01:32:48.136141,1357.011090188907,82120,54,-9.708529040412358,-0.46144472604002973,1.6998831670865453,9.867019314132534,0.07352713873240724,True,walking_dual_task,P08,16,0.089
2026-04-03T01:32:48.136694,1377.438730669768,82120,57,-9.734353967394027,-0.6075969515226155,1.8357908801434568,9.924562931113757,0.057543616981222456,True,walking_dual_task,P08,16,0.089
2026-04-03T01:32:48.195717,1454.8808602840593,82153,54,-9.751913032181692,-0.5612992801725046,1.8620579332057918,9.94394913581983,0.01938620470607333,True,walking_dual_task,P08,16,0.089
2026-04-03T01:32:48.196030,1459.2721060171104,82153,55,-9.776445563300966,-0.4624610094121848,1.8663937939199746,9.963743464752426,0.019794328932595917,True,walking_dual_task,P08,16,0.089
2026-04-03T01:32:48.197034,1449.9837820051237,82204,56,-9.630196433084137,-0.49757640056887154,1.9037361521259164,9.829164611049135,0.1345788537032906,True,walking_dual_task,P08,16,0.089
2026-04-03T01:32:48.256038,1363.361167180708,82204,55,-9.674691761158966,-0.441921515846297,1.934756530483098,9.876144902331681,0.046980291282546105,True,walking_dual_task,P08,16,0.089
2026-04-03T01:32:48.256196,1373.5359508842216,82261,55,-9.510266626569246,-0.400848738152658,1.7952859966293253,9.686532033138006,0.1896128691936756,True,walking_dual_task,P08,16,0.089
2026-04-03T01:32:48.256704,1405.8611194060245,82261,55,-9.63874659464542,-0.4556080973576637,1.7367128569594557,9.80454926050631,0.11801722736830378,True,walking_dual_task,P08,16,0.089
2026-04-03T01:32:48.315629,1318.2886505647873,82285,55,-9.615072782338197,-0.46475599439016185,1.7473566725542404,9.78360251058383,0.020946749922480024,True,walking_dual_task,P08,16,0.089
2026-04-03T01:32:48.316860,1346.4403330009907,82285,56,-9.688503370053501,-0.46625428117076206,1.803808135174975,9.866013095205759,0.08241058462192896,True,walking_dual_task,P08,16,0.089
2026-04-03T01:32:48.317034,1418.972499494525,82238,55,-9.870842184684056,-0.3511543801931064,1.7892012716325738,10.037832237295,0.17181914208924098,True,walking_dual_task,P08,16,0.089
2026-04-03T01:32:48.375698,1435.131343023872,82238,54,-9.807852498485085,-0.40200777247448893,1.7537636911421666,9.97152285087582,0.06630938641917972,True,walking_dual_task,P08,16,0.089
2026-04-03T01:32:48.376032,1367.6076008767773,82260,55,-9.762006267958537,-0.3631382643866373,1.8212541432421854,9.93708218890235,0.034440661973469844,True,walking_dual_task,P08,16,0.089
2026-04-03T01:32:48.376716,1351.086795215523,82260,54,-9.757038957677453,-0.2586538461809589,1.7848473497493829,9.922317828798226,0.014764360104123853,True,walking_dual_task,P08,16,0.089
2026-04-03T01:32:48.435635,1385.8837930338425,82347,55,-9.691331755798505,-0.1813387727506154,1.8126695462136642,9.8610631189148,0.06125470988342663,True,walking_dual_task,P08,16,0.089
2026-04-03T01:32:48.436015,1433.076464310763,82347,56,-9.881053947935644,-0.17357180758413876,1.7687707416805154,10.039616737257834,0.17855361834303451,True,walking_dual_task,P08,16,0.089
2026-04-03T01:32:48.436773,1355.5288359132119,82391,55,-9.68387021883018,-0.19728874646588096,1.643024387686459,9.824245233256375,0.21537150400145855,True,walking_dual_task,P08,16,0.089
2026-04-03T01:32:48.495819,1426.8792842453774,82391,55,-9.877831756952162,-0.03977331049563555,1.6354043445884083,10.012376815980263,0.1881315827238872,True,walking_dual_task,P08,16,0.089
2026-04-03T01:32:48.496128,1466.7703333412173,82397,54,-9.752585544325282,-0.22775891528114017,1.4512110070796094,9.862596631209325,0.1497801847709379,True,walking_dual_task,P08,16,0.089
2026-04-03T01:32:48.496742,1492.80137861791,82397,55,-9.737404323231123,-0.20312803626521028,1.589836026987797,9.868428575305465,0.005831944096140518,True,walking_dual_task,P08,16,0.089
2026-04-03T01:32:48.615584,1406.2710002237047,82436,56,-9.561640555273346,-0.2502499632008788,1.5766437012961156,9.693987853982835,0.17444072132263067,True,walking_dual_task,P08,16,0.089
2026-04-03T01:32:48.616015,1316.7247253027276,82436,55,-9.530522786195315,-0.3062455420852106,1.534515579104008,9.65812554136402,0.03586231261881423,True,walking_dual_task,P08,16,0.089
2026-04-03T01:32:48.616687,1420.9385802768006,82479,56,-9.50078953788424,-0.4717404060146944,1.631364660027859,9.65136733876736,0.006758202596660823,True,walking_dual_task,P08,16,0.089
2026-04-03T01:32:48.617466,1376.8100352123263,82479,55,-9.501497786034633,-0.30542175718317854,1.634291728192937,9.645861914863895,0.005505423903464646,True,walking_dual_task,P08,16,0.089
2026-04-03T01:32:48.618399,1401.9959719820013,82490,56,-9.622848363322266,-0.49850408129443197,1.6787703067652497,9.780899073471616,0.13503715860772125,True,walking_dual_task,P08,16,0.089
2026-04-03T01:32:48.675797,1405.875940535917,82490,54,-9.407968556117973,-0.2633942541226183,1.6103335217154278,9.54842515481845,0.23247391865316658,True,walking_dual_task,P08,16,0.089
2026-04-03T01:32:48.676143,1517.7922700770469,82517,56,-9.534445713417997,-0.29339768103017716,1.584961714886239,9.669738409026577,0.12131325420812722,True,walking_dual_task,P08,16,0.089
2026-04-03T01:32:48.676786,1434.5012992364461,82517,55,-9.56978792257295,-0.2415262978760544,1.6156844079648762,9.708223933435487,0.03848552440891062,True,walking_dual_task,P08,16,0.089
2026-04-03T01:32:48.677465,1466.9518330546834,82533,54,-9.66921566926128,-0.534693100974015,1.5716546687679729,9.81069451001188,0.10247057657639225,True,walking_dual_task,P08,16,0.089
2026-04-03T01:32:48.735885,1287.6068770906722,82533,57,-9.401952823460668,-0.3007882591812241,1.5983678035735704,9.541591591917037,0.269102918094843,True,walking_dual_task,P08,16,0.089
2026-04-03T01:32:48.736317,1402.1044290804514,82557,53,-9.428252780606606,-0.3992673957392082,1.5712136036568005,9.56661262603607,0.02502103411903356,True,walking_dual_task,P08,16,0.089
2026-04-03T01:32:48.736816,1376.2673170661574,82557,56,-9.469219241078818,-0.41307869739592334,1.6009087264416118,9.61247396856067,0.04586134252459928,True,walking_dual_task,P08,16,0.089
2026-04-03T01:32:48.795516,1471.91058679263,82601,55,-9.499167064710475,-0.42433055175858897,1.5530329785123294,9.634632466927986,0.022158498367316426,True,walking_dual_task,P08,16,0.089
2026-04-03T01:32:48.796021,1465.9296786999937,82601,54,-9.573864386911355,-0.2651504184171503,1.5553918214309634,9.703011272874553,0.06837880594656731,True,walking_dual_task,P08,16,0.089
2026-04-03T01:32:48.796999,1489.434876865838,82636,57,-9.382379318707995,-0.35323474618545736,1.6011848685493928,9.52457922688996,0.17843204598459295,True,walking_dual_task,P08,16,0.089
2026-04-03T01:32:48.855876,1443.091303305706,82636,56,-9.506867690309146,-0.26194908477041706,1.6567995981710917,9.653710971049211,0.12913174415925077,True,walking_dual_task,P08,16,0.089
2026-04-03T01:32:48.915838,1450.8260842295965,82673,56,-9.715245697437984,-0.3626732442994858,1.8105769070816944,9.8891718348998,0.23546086385058906,True,walking_dual_task,P08,16,0.089
2026-04-03T01:32:48.975855,1439.2906745550845,82673,55,-9.714640809771598,-0.3610741755152996,1.6131370367929319,9.854279868289561,0.03489196661023897,True,walking_dual_task,P08,16,0.089
2026-04-03T01:32:48.976033,1389.9198640102534,82707,54,-9.78680129158367,-0.15891674323222946,1.4992776538855073,9.902250629814606,0.04797076152504509,True,walking_dual_task,P08,16,0.089
2026-04-03T01:32:48.976748,1418.0049573362435,82707,57,-9.780903461090473,-0.3267923256554195,1.441133888128467,9.891902376327373,0.01034825348723345,True,walking_dual_task,P08,16,0.089
2026-04-03T01:32:48.977443,1394.6719478411294,82740,57,-9.738623492330358,-0.27786907785304,1.4320916693454546,9.847278065496287,0.04462431083108598,True,walking_dual_task,P08,16,0.089
2026-04-03T01:32:48.978822,1323.2129132940556,82740,56,-9.756536931240314,-0.30704990667141224,1.3701294502822126,9.857055708799344,0.009777643303056749,True,walking_dual_task,P08,16,0.089
2026-04-03T01:32:48.979355,1390.2626081520773,82773,55,-9.691718285858297,-0.3609350330921565,1.258072051036488,9.779694408116875,0.07736130068246894,True,walking_dual_task,P08,16,0.089
2026-04-03T01:32:49.035642,1384.5725279639998,82773,55,-9.775916068399376,-0.32400192271664585,1.3508029557619985,9.874116712273992,0.09442230415711705,True,walking_dual_task,P08,16,0.089
2026-04-03T01:32:49.036069,1427.021248732979,82803,57,-9.784619969223971,-0.4300012744728907,1.3234267777058173,9.883073786739306,0.008957074465314463,True,walking_dual_task,P08,16,0.089
2026-04-03T01:32:49.036885,1389.6853663520778,82803,56,-9.78029312346183,-0.38964808427471,1.3214534841124692,9.876851650252053,0.006222136487252783,True,walking_dual_task,P08,16,0.089
2026-04-03T01:32:49.037444,1382.1053089202117,82832,55,-9.766851360687157,-0.457904734232791,1.335737105091929,9.868396823259022,0.008454826993030906,True,walking_dual_task,P08,16,0.089
2026-04-03T01:32:49.095643,1367.3948704062489,82832,56,-9.837797602730976,-0.3831072856599259,1.4311205097759612,9.948725485112476,0.08032866185345355,True,walking_dual_task,P08,16,0.089
2026-04-03T01:32:49.095982,1454.3429678710281,82864,55,-9.709236297834874,-0.29938208483170203,1.412510194192339,9.816011622273566,0.1327138628389104,True,walking_dual_task,P08,16,0.089
2026-04-03T01:32:49.096721,1380.6912978979808,82864,55,-9.751037603822233,-0.4426217383876942,1.456410438734307,9.869132673163476,0.05312105088991004,True,walking_dual_task,P08,16,0.089
2026-04-03T01:32:49.156025,1393.2444743549488,82896,55,-9.660577520658375,-0.3732880594243366,1.3969947450097424,9.768198212850901,0.10093446031257436,True,walking_dual_task,P08,16,0.089
2026-04-03T01:32:49.156153,1365.604706169341,82896,55,-9.818393283193295,-0.3923974864341877,1.2954902087094438,9.911262146249443,0.14306393339854218,True,walking_dual_task,P08,16,0.089
2026-04-03T01:32:49.156748,1350.9497880518254,82850,57,-9.770302575905554,-0.3675231082113569,1.36309367135523,9.871773397759124,0.039488748490319026,True,walking_dual_task,P08,16,0.089
2026-04-03T01:32:49.215880,1407.262402052078,82850,55,-9.781742297504808,-0.27077567127385566,1.4590621405327031,9.893667882483438,0.021894484724313656,True,walking_dual_task,P08,16,0.089
2026-04-03T01:32:49.216153,1504.196773418692,82769,54,-9.775298745681052,-0.2774801752077885,1.451713343767704,9.886401390163162,0.007266492320276541,True,walking_dual_task,P08,16,0.089
2026-04-03T01:32:49.216868,1415.0042578686325,82769,56,-9.770119217953399,-0.43371504694588336,1.4771072546549966,9.890661460019953,0.004260069856790949,True,walking_dual_task,P08,16,0.089
2026-04-03T01:32:49.276225,1397.2824567255095,82801,55,-9.751672373206407,-0.24534846453525777,1.411248446255408,9.856314327397701,0.03434713262225131,True,walking_dual_task,P08,16,0.089
2026-04-03T01:32:49.276313,1308.1509784582047,82801,54,-9.736745412394443,-0.3003823727526242,1.484194530158285,9.853794913585146,0.002519413812555271,True,walking_dual_task,P08,16,0.089
2026-04-03T01:32:49.277150,1374.762562777927,82836,55,-9.774727859486864,-0.21057557490122691,1.3002650945401468,9.863079443857943,0.009284530272797298,True,walking_dual_task,P08,16,0.089
2026-04-03T01:32:49.335802,1354.0850944580054,82836,56,-9.67695784380578,-0.1572806296487495,1.3571058022752582,9.772921081530644,0.09015836232729946,True,walking_dual_task,P08,16,0.089
2026-04-03T01:32:49.336065,1411.599439150624,82844,56,-9.748518374107737,-0.3114836429933971,1.371444982362331,9.849441298358776,0.0765202168281327,True,walking_dual_task,P08,16,0.089
2026-04-03T01:32:49.336730,1411.2808305445594,82844,55,-9.615816593757318,-0.32581782595734676,1.3517317693752313,9.715825482007613,0.13361581635116337,True,walking_dual_task,P08,16,0.089
2026-04-03T01:32:49.395707,1365.17372252517,82860,55,-9.59578234025126,-0.5352037630924715,1.4193161056601096,9.714933864792517,0.0008916172150961188,True,walking_dual_task,P08,16,0.089
2026-04-03T01:32:49.395978,1435.66756327496,82860,54,-9.618916311932916,-0.419930175778691,1.6589963689252627,9.769962196477827,0.055028331685310405,True,walking_dual_task,P08,16,0.089
2026-04-03T01:32:49.396743,1351.804137825913,82874,55,-9.72530840345099,-0.49961023102156815,1.5869970729899463,9.866599902441292,0.09663770596346488,True,walking_dual_task,P08,16,0.089
2026-04-03T01:32:49.456386,1405.6251805532581,82874,55,-9.71921883418485,-0.43608453928702184,1.4113723251533816,9.830837009755962,0.03576289268533017,True,walking_dual_task,P08,16,0.089
2026-04-03T01:32:49.456647,1493.374118610274,82870,56,-9.661551890988498,-0.4436178524075545,1.5622703624224255,9.797094999362903,0.03374201039305902,True,walking_dual_task,P08,16,0.089
2026-04-03T01:32:49.515973,1374.3877586423605,82870,55,-9.590097085625336,-0.35558724289801824,1.3963947200647375,9.697748326970341,0.09934667239256179,True,walking_dual_task,P08,16,0.089
2026-04-03T01:32:49.516327,1355.5117578526435,82862,55,-9.813938237866036,-0.33275790332619815,1.3075477417275587,9.906250181363886,0.2085018543935444,True,walking_dual_task,P08,16,0.089
2026-04-03T01:32:49.517395,1430.666526105968,82862,55,-9.58581281368481,-0.23454105287474325,1.27628682653638,9.673247896548387,0.23300228481549823,True,walking_dual_task,P08,16,0.089
2026-04-03T01:32:49.635663,1399.1308718016269,82859,56,-9.66482063931266,-0.22181228973506245,1.371300082148064,9.764139624015051,0.09089172746666385,True,walking_dual_task,P08,16,0.089
2026-04-03T01:32:49.636042,1419.2359399114614,82859,55,-9.748541782336146,-0.23957062943783888,1.3122929738009017,9.839388894516267,0.07524927050121555,True,walking_dual_task,P08,16,0.089
2026-04-03T01:32:49.636700,1316.7256959250913,82867,55,-9.766394742927922,-0.34306029883905664,1.4532997065435056,9.879890519655019,0.04050162513875222,True,walking_dual_task,P08,16,0.089
2026-04-03T01:32:49.637492,1358.0031425274306,82867,55,-9.611825137251405,-0.2677008410423862,1.468674621627139,9.727067973115249,0.15282254653977034,True,walking_dual_task,P08,16,0.089
2026-04-03T01:32:49.638132,1349.947565601435,82877,57,-9.732013642997556,-0.2648502460414241,1.3980212357638622,9.835481613828856,0.10841364071360715,True,walking_dual_task,P08,16,0.089
2026-04-03T01:32:49.638943,1256.064582870155,82877,56,-9.812727476727149,-0.25621025743693665,1.2794858287812378,9.899108455542038,0.063626841713182,True,walking_dual_task,P08,16,0.089
2026-04-03T01:32:49.695697,1367.282306706905,82885,56,-9.680166992365816,-0.2995801012493713,1.4532527438244502,9.793228516407984,0.10587993913405391,True,walking_dual_task,P08,16,0.089
2026-04-03T01:32:49.696039,1356.5632526824313,82885,56,-9.693915652496939,-0.2666915524608712,1.3672494223844842,9.793492535601885,0.0002640191939011771,True,walking_dual_task,P08,16,0.089
2026-04-03T01:32:49.697113,1361.4477803609786,82884,55,-9.764993862803856,-0.22959209911582013,1.3827730234751925,9.865083826659767,0.07159129105788153,True,walking_dual_task,P08,16,0.089
2026-04-03T01:32:49.697411,1355.4213976212984,82884,55,-9.849694181724658,-0.26685048262016936,1.3763818613561727,9.948975408646133,0.08389158198636615,True,walking_dual_task,P08,16,0.089
2026-04-03T01:32:49.755750,1346.4703510703762,82881,54,-9.681970310949344,-0.25178949599302186,1.4673349771616582,9.79576535997055,0.1532100486755823,True,walking_dual_task,P08,16,0.089
2026-04-03T01:32:49.756086,1358.7219295540935,82881,58,-9.66325473624726,-0.2916952407220028,1.4670261325230085,9.778330321919505,0.017435038051045737,True,walking_dual_task,P08,16,0.089
2026-04-03T01:32:49.756802,1338.8843965298242,82893,55,-9.847392489635745,-0.24943827157480158,1.4970816029254674,9.963664567922718,0.18533424600321347,True,walking_dual_task,P08,16,0.089
2026-04-03T01:32:49.816431,1410.4509670474838,82893,56,-9.679657029315958,-0.191455810238387,1.3089865817242123,9.769639778599512,0.19402478932320655,True,walking_dual_task,P08,16,0.089
2026-04-03T01:32:49.816462,1402.3220455900107,82898,55,-9.789235763795759,-0.24632143341345952,1.4009516667883928,9.892041076563217,0.12240129796370525,True,walking_dual_task,P08,16,0.089
2026-04-03T01:32:49.875561,1315.104070707803,82898,57,-9.83384693207844,-0.2527802010182298,1.5105580947364277,9.952398156783575,0.06035708022035813,True,walking_dual_task,P08,16,0.089
2026-04-03T01:32:49.875993,1452.8398626851974,82907,56,-9.737494625123528,-0.30082332178897725,1.3560753397848289,9.836068145982635,0.11633001080094019,True,walking_dual_task,P08,16,0.089
2026-04-03T01:32:49.876677,1348.8511242311022,82907,54,-9.573728720050715,-0.38127090494589627,1.2714460156704654,9.665310345707812,0.17075780027482246,True,walking_dual_task,P08,16,0.089
2026-04-03T01:32:49.935814,1393.3885905756438,82923,55,-9.70194229749705,-0.34034720748936015,1.4131561865749587,9.810225837016354,0.14491549130854153,True,walking_dual_task,P08,16,0.089
2026-04-03T01:32:49.995746,1322.4941827686762,82923,54,-9.704173212462177,-0.29510778855194375,1.3902992543104205,9.80770097223955,0.0025248647768041366,True,walking_dual_task,P08,16,0.089
2026-04-03T01:32:49.996350,1441.43037255038,82931,56,-9.667459701307598,-0.294571313573704,1.3816417505613443,9.770132202896804,0.03756876934274622,True,walking_dual_task,P08,16,0.089
2026-04-03T01:32:49.997026,1427.476422307366,82931,54,-9.802724124645486,-0.2679507913856821,1.2833431830668154,9.8900034184036,0.11987121550679625,True,walking_dual_task,P08,16,0.089
2026-04-03T01:32:49.997437,1338.507331491632,82941,54,-9.729365989903135,-0.295574575404784,1.2791207904596995,9.817539248289043,0.07246417011455719,True,walking_dual_task,P08,16,0.089
2026-04-03T01:32:49.998130,1426.6143421652307,82941,56,-9.726836210360126,-0.269619613031476,1.2987145014615613,9.816857784200133,0.0006814640889096779,True,walking_dual_task,P08,16,0.089
2026-04-03T01:32:49.998856,1537.3814743784828,82948,55,-9.754561085424495,-0.3520824160210804,1.3505028101205931,9.853896784373823,0.03703900017369044,True,walking_dual_task,P08,16,0.089
2026-04-03T01:32:50.055827,1475.1021973483328,82948,56,-9.708918547382417,-0.27022988273341564,1.229025621713594,9.79012908638374,0.06376769799008386,True,walking_dual_task,P08,16,0.089
2026-04-03T01:32:50.115736,1380.9133660939124,82924,53,-9.750804104358568,-0.25298293300804653,1.358787098279665,9.848273118898588,0.05814403251484812,True,walking_dual_task,P08,16,0.089
2026-04-03T01:32:50.116259,1330.790483800401,82924,55,-9.757624645093435,-0.3399018656841317,1.4048813254249963,9.864099732431654,0.01582661353306669,True,walking_dual_task,P08,16,0.089
2026-04-03T01:32:50.116726,1399.656967521092,82816,55,-9.778694296544332,-0.38583601597357736,1.3559355801435449,9.87979214730706,0.015692414875404737,True,walking_dual_task,P08,16,0.089
2026-04-03T01:32:50.117981,1479.6527886078352,82816,56,-9.734856018329372,-0.10372373846274358,1.357391257676344,9.82958246000004,0.050209687307019024,True,walking_dual_task,P08,16,0.089
2026-04-03T01:32:50.118159,1459.5136977338545,82788,54,-9.717483194267098,-0.11745861790002321,1.3221818883412517,9.807723543393752,0.021858916606287693,True,walking_dual_task,P08,16,0.089
2026-04-03T01:32:50.175754,1399.9407730008497,82788,56,-9.794008177089975,-0.15218281728375951,1.3492424836328731,9.887679761320221,0.07995621792646901,True,walking_dual_task,P08,16,0.089
2026-04-03T01:32:50.175928,1290.9490304993333,82827,55,-9.737584226310643,-0.07587142099575174,1.3753582759804706,9.834526598892584,0.05315316242763757,True,walking_dual_task,P08,16,0.089
2026-04-03T01:32:50.176681,1386.3222975321123,82827,56,-9.757953399288608,-0.02776520785382597,1.3422053983504296,9.84987008954008,0.015343490647495628,True,walking_dual_task,P08,16,0.089
2026-04-03T01:32:50.235809,1509.9012444807997,82854,55,-9.721279355212147,-0.3747093550504224,1.290242336424991,9.813684562361866,0.03618552717821366,True,walking_dual_task,P08,16,0.089
2026-04-03T01:32:50.236210,1374.7946809322518,82854,54,-9.827722268316807,-0.3043879602723653,1.2800949130882822,9.915413254123266,0.10172869176139976,True,walking_dual_task,P08,16,0.089
2026-04-03T01:32:50.236908,1338.6902125705062,82851,55,-9.683282078864794,-0.42991245619731155,1.2494490046603963,9.77301894780239,0.14239430632087569,True,walking_dual_task,P08,16,0.089
2026-04-03T01:32:50.355872,1435.9075532731013,82851,55,-9.661793913365065,-0.38608123548388473,1.3702314883603617,9.766107447515884,0.0069115002865061115,True,walking_dual_task,P08,16,0.089
2026-04-03T01:32:50.356118,1379.2816339184956,82852,55,-9.601755198212842,-0.3578685090926118,1.3235611253345543,9.699153922312213,0.0669535252036706,True,walking_dual_task,P08,16,0.089
2026-04-03T01:32:50.356740,1334.9530877871719,82852,56,-9.622579440367279,-0.31036579842295214,1.3745384351359018,9.72521043086861,0.026056508556397517,True,walking_dual_task,P08,16,0.089
2026-04-03T01:32:50.357410,1475.7340114756284,82864,54,-9.690373168145618,-0.4019919189064509,1.3999231330440807,9.799220092395853,0.07400966152724209,True,walking_dual_task,P08,16,0.089
2026-04-03T01:32:50.358146,1434.5707590316824,82864,55,-9.618478069061066,-0.17445831693855818,1.262261734864758,9.702518268813591,0.09670182358226143,True,walking_dual_task,P08,16,0.089
2026-04-03T01:32:50.359619,1398.0759766378624,82852,54,-9.831622546967045,-0.20769791241932983,1.3068763135421197,9.920275501605364,0.21775723279177228,True,walking_dual_task,P08,16,0.089
