timestamp,gsr_filtered,ppg_ir,hr_bpm_avg,imu_ax_mps2,imu_ay_mps2,imu_az_mps2,svm,jerk,hr_valid_flag,label,patient_id,day,progression
2026-04-03T01:32:07.485749,1255.0241550577214,83628.0,69.0,-9.055332903390283,-1.3280824803965565,6.097165387495332,10.997194316207661,,True,walking_dual_task,P05,28,0.595
2026-04-03T01:32:07.530531,1274.434545878314,83628.0,68.0,-9.298361628412348,-1.0099606479967451,6.173105880616041,11.206551016995794,0.20935670078813295,True,walking_dual_task,P05,28,0.595
2026-04-03T01:32:07.531214,1302.4022730555555,83595.0,68.0,-9.39028266769857,-1.26444935528736,6.2276415438640145,11.338419640771273,0.13186862377547826,True,walking_dual_task,P05,28,0.595
2026-04-03T01:32:07.560693,1255.3366446804641,83595.0,67.0,-9.94658938072262,-1.4324146720951685,5.9284384705794455,11.667597644801772,0.32917800403049924,True,walking_dual_task,P05,28,0.595
2026-04-03T01:32:07.561238,1256.813938739103,83566.0,68.0,-9.722935702628142,-1.1914426641588978,6.067381497175373,11.522505479785424,0.14509216501634725,True,walking_dual_task,P05,28,0.595
2026-04-03T01:32:07.575280,1332.5922414503411,83566.0,67.0,-9.85883659299918,-1.0159687945851132,6.223532108104662,11.703042487303893,0.18053700751846868,True,walking_dual_task,P05,28,0.595
2026-04-03T01:32:07.620415,1246.1747561398236,83567.0,69.0,-9.640192403628022,-1.2454319512402128,6.2811890410644615,11.573147631207584,0.1298948560963087,True,walking_dual_task,P05,28,0.595
2026-04-03T01:32:07.620947,1271.0789676280885,83567.0,69.0,-9.819368584179518,-1.176472177600449,6.196151441087645,11.670320426514952,0.09717279530736711,True,walking_dual_task,P05,28,0.595
2026-04-03T01:32:07.665432,1259.7127177115688,83661.0,66.0,-9.644906592098605,-1.1059194931723706,6.035097001757555,11.43108380322307,0.2392366232918821,True,walking_dual_task,P05,28,0.595
2026-04-03T01:32:07.666140,1255.1081142924418,83661.0,67.0,-9.935932426059788,-1.0989453422683868,6.086779691188029,11.703816516400911,0.27273271317784165,True,walking_dual_task,P05,28,0.595
2026-04-03T01:32:07.680247,1244.35411394389,83781.0,69.0,-10.00250035311632,-1.2677062916592778,6.400149723702325,11.94232008622326,0.238503569822349,True,walking_dual_task,P05,28,0.595
2026-04-03T01:32:07.725545,1270.3577355112714,83781.0,67.0,-9.781026272904732,-1.2229778568585423,6.060571618731677,11.571286796869,0.3710332893542603,True,walking_dual_task,P05,28,0.595
2026-04-03T01:32:07.726134,1222.8942417204187,83718.0,69.0,-9.890821601867303,-1.2333432097435169,6.068008793436936,11.669199550535303,0.09791275366630359,True,walking_dual_task,P05,28,0.595
2026-04-03T01:32:07.770280,1212.0211158031893,83718.0,68.0,-9.937808348995778,-1.0727733399954984,6.132483079710766,11.726816539168425,0.05761698863312148,True,walking_dual_task,P05,28,0.595
2026-04-03T01:32:07.770997,1265.3726388413575,83699.0,67.0,-10.040006494843258,-1.3457449012981058,6.514520764659608,12.043742796533222,0.3169262573647966,True,walking_dual_task,P05,28,0.595
2026-04-03T01:32:07.785267,1303.8550629921274,83699.0,69.0,-10.099101537772858,-0.8586161726321105,5.896165751933959,11.72577691142171,0.31796588511151214,True,walking_dual_task,P05,28,0.595
2026-04-03T01:32:07.830354,1141.003936866234,83721.0,68.0,-7.333199250735974,-1.2725754060129186,5.378898661536548,9.183017490240518,2.5427594211811915,True,walking_dual_task,P05,28,0.595
2026-04-03T01:32:07.831218,1322.4035929134498,83721.0,67.0,-7.328223566610323,-1.3113891287443273,5.091738163234048,9.01933476549938,0.16368272474113787,True,walking_dual_task,P05,28,0.595
2026-04-03T01:32:07.875324,1191.526396850895,83794.0,67.0,-7.257100342111925,-1.131697494636373,5.047237836760776,8.911837878668848,0.10749688683053193,True,walking_dual_task,P05,28,0.595
2026-04-03T01:32:07.875799,1254.7690306552652,83794.0,69.0,-7.222945798266336,-1.0706824429770785,5.161318334976413,8.941840630058017,0.03000275138916919,True,walking_dual_task,P05,28,0.595
2026-04-03T01:32:07.876668,1339.0261782561552,83872.0,68.0,-7.51346666592291,-0.962107265455317,5.087115445849136,9.124504111981839,0.18266348192382154,True,walking_dual_task,P05,28,0.595
2026-04-03T01:32:07.935758,1347.750085643151,83872.0,67.0,-7.304945481965618,-0.9884492000259963,5.1688532144294905,9.00312744927228,0.12137666270955805,True,walking_dual_task,P05,28,0.595
2026-04-03T01:32:07.936049,1296.8815204306625,83914.0,68.0,-7.523641981004098,-0.9737243721042743,5.5459964512277455,9.397414774723305,0.39428732545102463,True,walking_dual_task,P05,28,0.595
2026-04-03T01:32:07.936692,1247.150127318999,83914.0,68.0,-8.165543139529333,-1.0121787229455512,5.5570304201593546,9.92880595143619,0.5313911767128854,True,walking_dual_task,P05,28,0.595
2026-04-03T01:32:07.965317,1230.9381736438904,83923.0,68.0,-8.016804295047189,-0.8513085911339553,5.642057335840641,9.840055304892282,0.08875064654390918,True,walking_dual_task,P05,28,0.595
2026-04-03T01:32:07.980243,1282.8706194708302,83923.0,67.0,-8.817803014789542,-1.0502443643787527,5.494422281362878,10.442477648454783,0.6024223435625018,True,walking_dual_task,P05,28,0.595
2026-04-03T01:32:07.995081,1321.6902359368444,83934.0,68.0,-8.975484635560472,-1.302606798069441,5.759101657200398,10.743526460689116,0.3010488122343329,True,walking_dual_task,P05,28,0.595
2026-04-03T01:32:08.040915,1286.2085874426878,83934.0,68.0,-8.7274592384597,-1.0903227159083475,5.596452262577974,10.424856176999059,0.31867028369005723,True,walking_dual_task,P05,28,0.595
2026-04-03T01:32:08.041107,1173.8248892367592,83794.0,68.0,-10.121426243303123,-1.1791392239120486,5.753815584469649,11.702137936637001,1.2772817596379422,True,walking_dual_task,P05,28,0.595
2026-04-03T01:32:08.085690,1361.7751713380985,83794.0,68.0,-10.788569269788184,-1.6400833692717047,5.702064960236456,12.312458940355333,0.6103210037183313,True,walking_dual_task,P05,28,0.595
2026-04-03T01:32:08.085950,1270.660324048088,83559.0,67.0,-10.64095052641821,-1.432606972002002,5.7686750100333235,12.188511074503387,0.12394786585194595,True,walking_dual_task,P05,28,0.595
2026-04-03T01:32:08.100736,1161.7541177949126,83559.0,67.0,-10.9929993243598,-1.2505433956836902,5.844223601637307,12.51258735976687,0.32407628526348375,True,walking_dual_task,P05,28,0.595
2026-04-03T01:32:08.145499,1149.9218971644932,83518.0,69.0,-11.20843326968761,-1.264792629426033,5.77612449234192,12.672501367430296,0.159914007663426,True,walking_dual_task,P05,28,0.595
2026-04-03T01:32:08.146063,1390.6975590816162,83518.0,69.0,-10.309744179412553,-0.9439460882738657,5.233790644480317,11.600621697682769,1.0718796697475277,True,walking_dual_task,P05,28,0.595
2026-04-03T01:32:08.175668,1295.1289105655612,83582.0,67.0,-9.662516376056853,-0.4653627287864391,4.508565302465914,10.67276657074022,0.9278551269425481,True,walking_dual_task,P05,28,0.595
2026-04-03T01:32:08.190632,1175.560196406769,83582.0,68.0,-9.662278047116331,-0.6746615578120734,4.378161872267028,10.629350246235576,0.043416324504644166,True,walking_dual_task,P05,28,0.595
2026-04-03T01:32:08.235865,1308.3875451594577,83660.0,68.0,-9.708719686409435,-0.22896460527377685,4.370456070439369,10.649532806812823,0.02018256057724699,True,walking_dual_task,P05,28,0.595
2026-04-03T01:32:08.236131,1244.1578979725532,83660.0,66.0,-9.59120707931977,-0.47689552236448307,4.270341208424629,10.509733422595193,0.13979938421763016,True,walking_dual_task,P05,28,0.595
2026-04-03T01:32:08.280660,1190.2740457573182,83691.0,70.0,-9.353970307663623,-0.36770765546182704,3.656629188267653,10.050020221722386,0.4597132008728071,True,walking_dual_task,P05,28,0.595
2026-04-03T01:32:08.281041,1331.1921125554018,83691.0,68.0,-9.305147651917636,-0.16687898774834473,3.915075454677569,10.096605233263256,0.046585011540869914,True,walking_dual_task,P05,28,0.595
2026-04-03T01:32:08.281611,1237.2852809285873,83749.0,68.0,-8.28750085535417,0.3777709744859714,3.4160736128149,8.971897250015207,1.124707983248049,True,walking_dual_task,P05,28,0.595
2026-04-03T01:32:08.340677,1318.6883289723366,83749.0,68.0,-7.376084029718446,0.22139933580813956,2.7067956370913215,7.8601765820075835,1.1117206680076235,True,walking_dual_task,P05,28,0.595
2026-04-03T01:32:08.341017,1193.478590605159,83819.0,69.0,-7.150588288640916,0.17173665471809196,3.0840287609786357,7.789200199684548,0.07097638232303538,True,walking_dual_task,P05,28,0.595
2026-04-03T01:32:08.341909,1159.901870702332,83819.0,67.0,-7.173039035125789,0.21763686656949857,2.88156890272838,7.733258960250829,0.05594123943371887,True,walking_dual_task,P05,28,0.595
2026-04-03T01:32:08.385569,1166.8899613590643,83838.0,68.0,-6.941620128244758,0.3170734537359328,2.8234992526462337,7.500584884501385,0.23267407574944432,True,walking_dual_task,P05,28,0.595
2026-04-03T01:32:08.385829,1284.3424992384807,83838.0,66.0,-7.046519615590782,0.2967825691864442,3.2365254335663813,7.759936563426316,0.25935167892493105,True,walking_dual_task,P05,28,0.595
2026-04-03T01:32:08.400164,1243.2816392367959,83837.0,67.0,-7.03602297549933,0.1288236882214767,3.1875448573249465,7.725455136874471,0.03448142655184494,True,walking_dual_task,P05,28,0.595
2026-04-03T01:32:08.445434,1340.3754003498975,83837.0,67.0,-6.965669281767245,-0.3188835422006858,3.612080153498205,7.852984037405009,0.127528900530538,True,walking_dual_task,P05,28,0.595
2026-04-03T01:32:08.446016,1141.280181225153,83843.0,69.0,-7.338405800838641,-0.435668537158604,3.9121854116130534,8.327496710710255,0.47451267330524605,True,walking_dual_task,P05,28,0.595
2026-04-03T01:32:08.490636,1337.698815725058,83843.0,67.0,-7.644171533856176,-0.6385425780164017,3.7300323313383554,8.529609384713133,0.20211267400287802,True,walking_dual_task,P05,28,0.595
2026-04-03T01:32:08.505642,1388.6017187847708,83877.0,69.0,-7.3852955854344495,-0.29377261447035197,3.625752860153802,8.232555923658447,0.297053461054686,True,walking_dual_task,P05,28,0.595
2026-04-03T01:32:08.520408,1328.7668084154545,83877.0,68.0,-7.53267471486107,-0.1658898364484663,4.047317151845743,8.55274715663739,0.32019123297894225,True,walking_dual_task,P05,28,0.595
2026-04-03T01:32:08.535472,1300.8224635569818,83923.0,68.0,-7.5444383127855845,0.24470501996653626,3.3769798452236306,8.26936653421956,0.2833806224178286,True,walking_dual_task,P05,28,0.595
2026-04-03T01:32:08.550390,1135.9252919326075,83923.0,67.0,-8.183628753129646,0.25086158155959126,3.1135731169188077,8.759511896022081,0.49014536180252044,True,walking_dual_task,P05,28,0.595
2026-04-03T01:32:08.565436,1355.9219966967341,83938.0,68.0,-8.196241176637063,-0.005204526541294635,3.3236113964736305,8.84447789456601,0.08496599854392883,True,walking_dual_task,P05,28,0.595
2026-04-03T01:32:08.580687,1304.809962605314,83938.0,67.0,-8.393803145569885,0.05077327175797529,3.14993554062922,8.96552302332792,0.12104512876191009,True,walking_dual_task,P05,28,0.595
2026-04-03T01:32:08.595442,1319.760311878882,83968.0,68.0,-8.405296129791052,0.203046125140254,3.0261557492807465,8.935762383664857,0.029760639663063415,True,walking_dual_task,P05,28,0.595
2026-04-03T01:32:08.655448,1307.3420588710558,83968.0,69.0,-8.18390471365913,-0.022041791955779627,3.360762082282918,8.84711839960082,0.08864398406403673,True,walking_dual_task,P05,28,0.595
2026-04-03T01:32:08.656068,1243.5433313002138,84081.0,68.0,-8.429026080339993,0.2384995050985071,3.0188833187605195,8.956507085313701,0.10938868571288118,True,walking_dual_task,P05,28,0.595
2026-04-03T01:32:08.657201,1309.8644441234205,84081.0,67.0,-8.337086121168749,0.24480457602641342,3.2300339307333137,8.944274898834257,0.012232186479444351,True,walking_dual_task,P05,28,0.595
2026-04-03T01:32:08.685468,1292.1127720260145,84157.0,69.0,-8.300910441433421,0.17469170652506166,3.3982091152102183,8.97125724409488,0.02698234526062393,True,walking_dual_task,P05,28,0.595
2026-04-03T01:32:08.700357,1216.9585775855978,84157.0,68.0,-8.446349398017675,0.15699719363091702,3.070149212618261,8.988397101816433,0.017139857721552687,True,walking_dual_task,P05,28,0.595
2026-04-03T01:32:08.730323,1200.189564201038,84054.0,68.0,-8.345562254380498,0.0689712183668809,3.43255870470133,9.02416897181809,0.035771870001656936,True,walking_dual_task,P05,28,0.595
2026-04-03T01:32:08.745422,1287.2208993681443,84054.0,67.0,-8.301749537576383,0.28213587430844517,3.4021832401360204,8.976274106536849,0.04789486528124165,True,walking_dual_task,P05,28,0.595
2026-04-03T01:32:08.760633,1307.6799129619044,84013.0,68.0,-8.091536933012016,0.1541302241398709,3.208688894107367,8.705883670452923,0.2703904360839253,True,walking_dual_task,P05,28,0.595
2026-04-03T01:32:08.775531,1246.799424432065,84013.0,68.0,-8.301145380966306,0.06591973619934935,3.2854376408848553,8.927903479524288,0.2220198090713641,True,walking_dual_task,P05,28,0.595
2026-04-03T01:32:08.835729,1331.476019088167,83930.0,67.0,-10.668169868523792,0.1322581874479169,3.1718994493076695,11.130511519617787,2.2026080400934998,True,walking_dual_task,P05,28,0.595
2026-04-03T01:32:08.836057,1140.958760163785,83930.0,67.0,-10.7312827715942,0.12508950926732454,3.3121739683043914,11.231499174444902,0.10098765482711514,True,walking_dual_task,P05,28,0.595
2026-04-03T01:32:08.836509,1361.7237051634636,83904.0,68.0,-10.543054566330365,0.27957796103742805,3.423741838953306,11.0885603936993,0.1429387807456024,True,walking_dual_task,P05,28,0.595
2026-04-03T01:32:08.895828,1305.5242616220664,83904.0,68.0,-10.301115045876811,0.027444854512369117,3.3950024998856154,10.846186720809227,0.24237367289007317,True,walking_dual_task,P05,28,0.595
2026-04-03T01:32:08.896046,1196.8549061281249,83881.0,68.0,-10.522412578058342,-0.10377436974387239,3.5268897274890367,11.09823800125785,0.25205128044862235,True,walking_dual_task,P05,28,0.595
2026-04-03T01:32:08.896465,1438.2878792181964,83881.0,68.0,-9.968907389086734,-0.3683115948507491,3.356837840744374,10.525356442997213,0.5728815582606366,True,walking_dual_task,P05,28,0.595
2026-04-03T01:32:08.955654,1214.877658839726,83881.0,68.0,-10.288588600115869,-0.24660178625664203,3.4441805290390173,10.852568697779834,0.32721225478262106,True,walking_dual_task,P05,28,0.595
2026-04-03T01:32:08.956373,1346.163188574833,83881.0,68.0,-9.8019210387494,-0.4815761670737427,2.9889111920479317,10.25880898391821,0.5937597138616244,True,walking_dual_task,P05,28,0.595
2026-04-03T01:32:08.956704,1249.5373251863805,83926.0,67.0,-9.711810649223576,-0.8290235204843301,3.002335191497463,10.199047145983432,0.05976183793477752,True,walking_dual_task,P05,28,0.595
2026-04-03T01:32:09.015395,1323.5067298406957,83926.0,68.0,-9.708497704963296,-0.6546752758829408,2.7370208599495967,10.108155647393307,0.0908914985901248,True,walking_dual_task,P05,28,0.595
2026-04-03T01:32:09.015976,1308.0865034331582,83946.0,68.0,-9.366689114095916,-0.6132366074042157,2.6269609014575175,9.747402098742517,0.36075354865078957,True,walking_dual_task,P05,28,0.595
2026-04-03T01:32:09.016589,1353.8796139961153,83946.0,68.0,-9.506702203356753,-0.6671799368222007,2.6268857193117485,9.885496671069705,0.13809457232718714,True,walking_dual_task,P05,28,0.595
2026-04-03T01:32:09.075678,1197.997549136345,83906.0,67.0,-9.499242470073213,0.05780819452711028,2.532266306941984,9.831140419192003,0.05435625187770121,True,walking_dual_task,P05,28,0.595
2026-04-03T01:32:09.075952,1201.124879710758,83906.0,67.0,-8.819839828073476,0.22636141832373846,2.620099671477999,9.20357193556153,0.6275684836304727,True,walking_dual_task,P05,28,0.595
2026-04-03T01:32:09.076706,1051.8277589290817,83880.0,69.0,-8.537736573434369,0.20383657859107282,2.385116521174797,8.86697670955053,0.336595226011001,True,walking_dual_task,P05,28,0.595
2026-04-03T01:32:09.135317,1348.9782665841365,83880.0,68.0,-8.055891586473798,0.25803067210625147,2.9554865159806747,8.584804577094957,0.2821721324555728,True,walking_dual_task,P05,28,0.595
2026-04-03T01:32:09.135823,1457.329041240397,83897.0,68.0,-8.078268795659113,0.28697829931612107,2.9432759173474086,8.60253778863164,0.017733211536683058,True,walking_dual_task,P05,28,0.595
2026-04-03T01:32:09.136406,1242.5730164973968,83897.0,66.0,-7.983957081467995,0.47361326992800995,3.5867098383276255,8.765407444752984,0.16286965612134452,True,walking_dual_task,P05,28,0.595
2026-04-03T01:32:09.195648,1291.2183721251824,83931.0,69.0,-8.136993967651556,0.5172511707248226,3.728898063201138,8.965651140266344,0.2002436955133593,True,walking_dual_task,P05,28,0.595
2026-04-03T01:32:09.196099,1329.0340157909352,83931.0,68.0,-9.268979843093769,0.7913428951847572,4.578351372966661,10.368293601349437,1.4026424610830937,True,walking_dual_task,P05,28,0.595
2026-04-03T01:32:09.255661,1336.5942565176006,83931.0,67.0,-10.684326231213607,0.12921402521077854,4.949248238264264,11.775677534786364,1.4073839334369271,True,walking_dual_task,P05,28,0.595
2026-04-03T01:32:09.256330,1334.6419106141761,83931.0,68.0,-10.657668079331328,0.10583660912414469,4.938540430570005,11.74675580155659,0.028921733229774205,True,walking_dual_task,P05,28,0.595
2026-04-03T01:32:09.256775,1239.2924684060388,83876.0,68.0,-11.648889758434844,-1.074142798622666,4.9430939613464675,12.699787134700369,0.9530313331437785,True,walking_dual_task,P05,28,0.595
2026-04-03T01:32:09.315711,1265.678905113542,83876.0,67.0,-11.593514044127012,-0.8915769902324756,5.20924941962427,12.74130122619892,0.04151409149855034,True,walking_dual_task,P05,28,0.595
2026-04-03T01:32:09.315981,1357.068853247135,83801.0,67.0,-12.498964184004636,-1.001420892514175,4.949263107926504,13.480436001423579,0.7391347752246595,True,walking_dual_task,P05,28,0.595
2026-04-03T01:32:09.316751,1371.7894801215584,83801.0,67.0,-12.037031325809565,-1.1861356456626246,4.111918860858286,12.7751680077686,0.7052679936549779,True,walking_dual_task,P05,28,0.595
2026-04-03T01:32:09.375831,1240.3363786084763,83728.0,68.0,-12.189825009999762,-0.9975628483949269,4.170682934591015,12.922134558647896,0.146966550879295,True,walking_dual_task,P05,28,0.595
2026-04-03T01:32:09.375924,1365.952621702627,83728.0,67.0,-10.404006261851395,-0.5902594333891775,3.333746074427537,10.94100614130661,1.981128417341285,True,walking_dual_task,P05,28,0.595
2026-04-03T01:32:09.376499,1373.491893657219,83682.0,67.0,-10.852403097564274,-0.31729755532096193,3.3959820533806058,11.375764802311906,0.43475866100529537,True,walking_dual_task,P05,28,0.595
2026-04-03T01:32:09.495389,1273.3732122020742,83682.0,67.0,-9.679169300167633,0.130102882345091,2.724837483028923,10.056241067626685,1.3195237346852213,True,walking_dual_task,P05,28,0.595
2026-04-03T01:32:09.495751,1224.6876015180992,83630.0,67.0,-9.373548397984854,-0.2470255551614845,2.9064213476834104,9.816909709503143,0.23933135812354145,True,walking_dual_task,P05,28,0.595
2026-04-03T01:32:09.496505,1300.3983682944217,83630.0,68.0,-9.358990475187294,-0.31820307714585655,2.55778831474031,9.707432048486028,0.10947766101711487,True,walking_dual_task,P05,28,0.595
2026-04-03T01:32:09.497198,1335.8408019143346,83530.0,67.0,-8.893506268565455,-0.6324762872319022,2.3422664032619736,9.218497269445464,0.48893477904056404,True,walking_dual_task,P05,28,0.595
2026-04-03T01:32:09.497801,1285.621629455752,83530.0,68.0,-8.789880684786349,-0.4350920184344136,2.622113948330834,9.18296189011566,0.03553537932980433,True,walking_dual_task,P05,28,0.595
2026-04-03T01:32:09.498683,1254.1529668743603,83558.0,66.0,-9.082537477768172,-0.6824559100902352,2.1155463405161807,9.350602623529241,0.167640733413581,True,walking_dual_task,P05,28,0.595
2026-04-03T01:32:09.555582,1313.6589807597572,83558.0,66.0,-9.052028834880511,-0.8168259409242239,2.455559059935177,9.414680076460629,0.06407745293138767,True,walking_dual_task,P05,28,0.595
2026-04-03T01:32:09.556090,1276.6110767892187,83599.0,68.0,-8.167139273442883,-0.9069454306891249,2.346595906462261,8.545830929423216,0.8688491470374125,True,walking_dual_task,P05,28,0.595
2026-04-03T01:32:09.556616,1214.2008272646456,83599.0,68.0,-7.645027582977118,-0.5333829434243235,2.5958398839169528,8.091311933904842,0.4545189955183737,True,walking_dual_task,P05,28,0.595
2026-04-03T01:32:09.557225,1418.5269130143051,83627.0,68.0,-7.547113009895948,-0.6617135243243228,2.7465796674735814,8.058565594582802,0.032746339322040185,True,walking_dual_task,P05,28,0.595
2026-04-03T01:32:09.615497,1188.165628123633,83627.0,68.0,-7.6116562147957465,-0.49526129212900993,2.8561303097632083,8.144941646572311,0.08637605198950915,True,walking_dual_task,P05,28,0.595
2026-04-03T01:32:09.615996,1257.7095707920378,83653.0,69.0,-7.598975595351834,-0.4022490629817682,2.5223362734201626,8.016758365052148,0.12818328152016356,True,walking_dual_task,P05,28,0.595
2026-04-03T01:32:09.616775,1313.6388908911035,83653.0,68.0,-7.833965331603096,-0.45521964712295404,2.8745219515733775,8.357099628098446,0.3403412630462981,True,walking_dual_task,P05,28,0.595
2026-04-03T01:32:09.675527,1216.0184649963762,83680.0,68.0,-7.514329676444084,-0.6376991981494955,2.959885971797557,8.101403317922934,0.2556963101755123,True,walking_dual_task,P05,28,0.595
2026-04-03T01:32:09.675772,1323.5293937312788,83680.0,67.0,-7.51339535132981,-0.6976879847797337,2.9068249105088344,8.086254342391483,0.015148975531451114,True,walking_dual_task,P05,28,0.595
2026-04-03T01:32:09.676749,1238.2909988644062,83681.0,67.0,-7.374908111302861,-0.6342522021775815,2.8153827924355466,7.91946499291903,0.1667893494724524,True,walking_dual_task,P05,28,0.595
2026-04-03T01:32:09.735476,1264.330599011721,83681.0,67.0,-7.483106230633804,-0.5187221190636042,2.756771109723181,7.991604247406191,0.07213925448716108,True,walking_dual_task,P05,28,0.595
2026-04-03T01:32:09.736068,1289.7880654358507,83682.0,69.0,-7.675036479843812,-0.6063117414037918,2.5364302831593095,8.106002558352976,0.11439831094678521,True,walking_dual_task,P05,28,0.595
2026-04-03T01:32:09.736576,1260.4323982640394,83682.0,68.0,-7.36576791502891,-0.8098108607632946,2.7090848730849055,7.889833423961306,0.21616913439167007,True,walking_dual_task,P05,28,0.595
2026-04-03T01:32:09.795391,1336.2790024971914,83658.0,68.0,-7.544466323214736,-0.4201863949038962,2.7157700106566964,8.029379518952002,0.13954609499069548,True,walking_dual_task,P05,28,0.595
2026-04-03T01:32:09.795865,1372.56371240455,83658.0,70.0,-7.647563811829259,-0.4275292968189214,2.6460803608500956,8.103687730392597,0.07430821144059507,True,walking_dual_task,P05,28,0.595
2026-04-03T01:32:09.796534,1298.8695838067813,83619.0,68.0,-9.56149156736356,-2.4207543940064005,4.974073312928274,11.046428298380025,2.9427405679874283,True,walking_dual_task,P05,28,0.595
2026-04-03T01:32:09.855325,1340.7805352861192,83619.0,67.0,-11.498793500013322,-3.390108162128482,5.222359952952177,13.076242915496692,2.029814617116667,True,walking_dual_task,P05,28,0.595
2026-04-03T01:32:09.856196,1287.4424640332047,83590.0,68.0,-12.290856095513305,-2.722740822570281,4.855336899837569,13.492692746758578,0.41644983126188606,True,walking_dual_task,P05,28,0.595
2026-04-03T01:32:09.856734,1331.383919932345,83590.0,67.0,-12.1324186257704,-2.4255031187387943,4.571454037184526,13.19002801756095,0.30266472919762855,True,walking_dual_task,P05,28,0.595
2026-04-03T01:32:09.915451,1251.8816391906855,83495.0,67.0,-10.367197399176352,-0.24826656158955052,5.10465387933248,11.558456187003372,1.6315718305575775,True,walking_dual_task,P05,28,0.595
2026-04-03T01:32:09.916095,1247.7065442885732,83495.0,67.0,-10.288767529428744,-0.22748044330722222,4.917593743992937,11.405841172735705,0.152615014267667,True,walking_dual_task,P05,28,0.595
2026-04-03T01:32:09.916619,1359.587740381686,83465.0,68.0,-10.080364014356107,-0.3040696027229657,4.878561911655627,11.202971182283862,0.20286999045184295,True,walking_dual_task,P05,28,0.595
2026-04-03T01:32:09.975493,1263.1316675472979,83465.0,68.0,-8.426102009346012,-0.06946640972416185,6.0862707670630325,10.394552058842695,0.8084191234411673,True,walking_dual_task,P05,28,0.595
2026-04-03T01:32:09.976077,1278.5929038700071,83499.0,67.0,-8.89345312829779,0.08248312474042382,6.074796325797111,10.770490351465655,0.3759382926229602,True,walking_dual_task,P05,28,0.595
2026-04-03T01:32:09.976692,1240.603907093767,83499.0,67.0,-8.783708850122899,0.4859447285910712,6.098273541025927,10.704140489742727,0.06634986172292834,True,walking_dual_task,P05,28,0.595
2026-04-03T01:32:10.035959,1223.036604927776,83546.0,68.0,-8.89334160759355,0.26599551307914293,6.685496059234864,11.129157026494763,0.425016536752036,True,walking_dual_task,P05,28,0.595
2026-04-03T01:32:10.043961,1321.5788847893439,83546.0,69.0,-9.128833059204531,0.07922299638562522,6.859137346244141,11.418828067740709,0.28967104124594556,True,walking_dual_task,P05,28,0.595
2026-04-03T01:32:10.043987,1284.0437314491326,83546.0,67.0,-9.478040191199858,-0.7151217914717022,6.941399623787377,11.76977798345207,0.3509499157113609,True,walking_dual_task,P05,28,0.595
2026-04-03T01:32:10.095688,1270.042500928673,83546.0,67.0,-9.426489131610197,-1.0826184674004797,6.7119427841842905,11.622432449039456,0.14734553441261333,True,walking_dual_task,P05,28,0.595
2026-04-03T01:32:10.096098,1248.6329126805963,83506.0,66.0,-9.297823960311591,-0.9867293369952744,6.8011569368440705,11.561959213775738,0.06047323526371784,True,walking_dual_task,P05,28,0.595
2026-04-03T01:32:10.096839,1189.2037222798847,83506.0,67.0,-8.72458762293372,-0.6043914751764049,5.7513195060067925,10.467157890549297,1.0948013232264415,True,walking_dual_task,P05,28,0.595
2026-04-03T01:32:10.215496,1213.7537821108829,83371.0,69.0,-8.656739110236993,-0.7994251309916696,5.8448769373682365,10.475724269746074,0.008566379196777163,True,walking_dual_task,P05,28,0.595
2026-04-03T01:32:10.215734,1237.740314195908,83371.0,68.0,-8.03410149985251,0.3890590377459254,5.1464108706420255,9.549015587705705,0.9267086820403687,True,walking_dual_task,P05,28,0.595
2026-04-03T01:32:10.216478,1250.8848720427986,83394.0,67.0,-8.143153730828471,0.4580132337475824,4.8391844472025625,9.48358766080858,0.06542792689712584,True,walking_dual_task,P05,28,0.595
2026-04-03T01:32:10.217152,1255.7508126807577,83394.0,68.0,-7.708275470450513,0.5414299869884686,4.603919034113617,8.994816709184967,0.4887709516236125,True,walking_dual_task,P05,28,0.595
2026-04-03T01:32:10.217903,1193.2999736606405,83552.0,67.0,-7.327254482710991,0.2760963644772142,4.26814640343006,8.484218359872571,0.5105983493123958,True,walking_dual_task,P05,28,0.595
2026-04-03T01:32:10.218606,1240.3251827573715,83552.0,68.0,-7.500434305349454,0.21562736234816376,4.435847636751226,8.71663663259675,0.23241827272417837,True,walking_dual_task,P05,28,0.595
2026-04-03T01:32:10.275659,1322.1627922985595,83683.0,67.0,-7.8408867715824435,-0.10461282323734841,4.407030096284214,8.995129986671515,0.27849335407476516,True,walking_dual_task,P05,28,0.595
2026-04-03T01:32:10.275932,1366.0665949109098,83683.0,68.0,-7.709808719251197,-0.4969857054476884,4.391841575363093,8.886867710388676,0.10826227628283824,True,walking_dual_task,P05,28,0.595
2026-04-03T01:32:10.335780,1274.1302035070044,83713.0,69.0,-7.6887034383158435,-0.4623000724516325,4.763372777425897,9.056467420362134,0.16959970997345764,True,walking_dual_task,P05,28,0.595
2026-04-03T01:32:10.335963,1301.5210060893528,83713.0,68.0,-8.332049013157901,-0.43913088114820525,4.467136244491276,9.464205350439686,0.4077379300775519,True,walking_dual_task,P05,28,0.595
2026-04-03T01:32:10.336422,1170.136641914656,83710.0,68.0,-8.349318255421109,-0.28885762230323353,4.7931269959492155,9.631646819499146,0.1674414690594599,True,walking_dual_task,P05,28,0.595
2026-04-03T01:32:10.395506,1244.436639252477,83710.0,69.0,-9.410789743214467,-0.7624069439857045,5.258110097241356,10.807032420324266,1.1753856008251198,True,walking_dual_task,P05,28,0.595
2026-04-03T01:32:10.395861,1414.960355324334,83664.0,68.0,-9.542334864470286,-0.9266690767539343,5.318491291884041,10.963631691430697,0.15659927110643146,True,walking_dual_task,P05,28,0.595
2026-04-03T01:32:10.396672,1248.5110906110585,83664.0,69.0,-10.407862665389848,-0.8163353794880025,5.250106244919552,11.685616128230594,0.7219844367998967,True,walking_dual_task,P05,28,0.595
2026-04-03T01:32:10.397411,1312.2593596095764,83511.0,67.0,-10.243675595301825,-1.1347346484295948,5.4594611878321375,11.663028289667068,0.022587838563525864,True,walking_dual_task,P05,28,0.595
2026-04-03T01:32:10.455620,1288.5348130793077,83511.0,70.0,-10.650957855844316,-1.2681475467582768,5.412077973472696,12.01422862435492,0.35120033468785294,True,walking_dual_task,P05,28,0.595
2026-04-03T01:32:10.515753,1438.397242730433,83405.0,67.0,-11.096068278458947,-1.398734235089055,5.712721263389756,12.558438315882215,0.5442096915272945,True,walking_dual_task,P05,28,0.595
2026-04-03T01:32:10.516177,1262.2176254303793,83405.0,69.0,-10.789820151783271,-1.4114479161662106,5.598510815933816,12.237472266935121,0.3209660489470938,True,walking_dual_task,P05,28,0.595
2026-04-03T01:32:10.516783,1175.033932624573,83370.0,67.0,-10.9435129103397,-1.0564942681607288,5.466673507414619,12.278484197737805,0.04101193080268395,True,walking_dual_task,P05,28,0.595
2026-04-03T01:32:10.517448,1229.8031809022173,83370.0,67.0,-11.048706156309724,-1.222797920201289,5.059592003725298,12.213460350215493,0.06502384752231194,True,walking_dual_task,P05,28,0.595
2026-04-03T01:32:10.517887,1340.4436347541841,83372.0,70.0,-11.182960976756199,-1.4264177366538755,4.6485613087176905,12.194359598109278,0.019100752106215424,True,walking_dual_task,P05,28,0.595
2026-04-03T01:32:10.575796,1320.7095667254505,83372.0,68.0,-10.161062104695421,-0.9789678354105354,4.080323731176098,10.99338905294653,1.2009705451627486,True,walking_dual_task,P05,28,0.595
2026-04-03T01:32:10.576080,1269.765615908199,83410.0,67.0,-10.123702749743343,-0.8562568109136837,3.9967255518309077,10.917708011668706,0.07568104127782327,True,walking_dual_task,P05,28,0.595
2026-04-03T01:32:10.576732,1240.902045628285,83410.0,68.0,-10.389836851577849,-0.5729129715478893,4.101534478078392,11.18478985722301,0.26708184555430314,True,walking_dual_task,P05,28,0.595
2026-04-03T01:32:10.635714,1278.6961048673713,83431.0,69.0,-10.392816039151887,-0.8106927694885453,4.361901818683167,11.300178559031059,0.11538870180804928,True,walking_dual_task,P05,28,0.595
2026-04-03T01:32:10.636086,1373.7911819937692,83431.0,68.0,-10.463447582064749,-0.6913040089812362,4.1983390599867105,11.295471986511243,0.004706572519815211,True,walking_dual_task,P05,28,0.595
2026-04-03T01:32:10.636475,1322.5924849519076,83429.0,69.0,-10.580954669222738,-0.921196687962111,4.127467929302264,11.394788131311504,0.09931614480026063,True,walking_dual_task,P05,28,0.595
2026-04-03T01:32:10.695494,1419.391544730858,83429.0,69.0,-10.519404358845469,-0.8310952133093432,4.056645163468281,11.305085461896047,0.08970266941545724,True,walking_dual_task,P05,28,0.595
2026-04-03T01:32:10.755901,1338.0715777236055,83449.0,68.0,-10.270923541585377,-0.7983073266560387,4.181614389420795,11.1182311491845,0.18685431271154762,True,walking_dual_task,P05,28,0.595
2026-04-03T01:32:10.756703,1191.9449150368882,83449.0,66.0,-10.218881592581281,-0.6482797648650845,3.9139431875529733,10.961968752560937,0.15626239662356234,True,walking_dual_task,P05,28,0.595
2026-04-03T01:32:10.757183,1286.83785296839,83518.0,68.0,-10.388806723007031,-0.6233563668750559,4.054661598441767,11.169429661625434,0.20746090906449766,True,walking_dual_task,P05,28,0.595
2026-04-03T01:32:10.757570,1128.7546471593348,83518.0,66.0,-10.345767997517635,-0.8697968208654713,4.089825845463516,11.158769529579375,0.01066013204605909,True,walking_dual_task,P05,28,0.595
2026-04-03T01:32:10.758155,1258.9106371275436,83502.0,67.0,-10.30063690365755,-0.5079318454596125,3.986918633541825,11.056972260574176,0.10179726900519981,True,walking_dual_task,P05,28,0.595
2026-04-03T01:32:10.815515,1176.642139727002,83502.0,68.0,-10.283468269214602,-0.7997396097874971,4.271244780854092,11.163907696921358,0.10693543634718239,True,walking_dual_task,P05,28,0.595
2026-04-03T01:32:10.815940,1314.4827020598264,83559.0,69.0,-6.215905655827413,0.5300008702764532,2.581905625367953,6.751638371754496,4.412269325166862,True,walking_dual_task,P05,28,0.595
2026-04-03T01:32:10.816649,1305.6088953941332,83559.0,68.0,-6.355707315900522,0.19411464402650933,2.2522082877395677,6.745749636013759,0.005888735740737339,True,walking_dual_task,P05,28,0.595
2026-04-03T01:32:10.875200,1343.5006006106355,83719.0,69.0,-6.584496859733331,0.4031557424199711,2.374056939231314,7.011011324994181,0.2652616889804218,True,walking_dual_task,P05,28,0.595
2026-04-03T01:32:10.875832,1298.7943227143653,83719.0,69.0,-6.685822485338671,0.7341941651510722,2.4915383982327426,7.17265829155901,0.16164696656482924,True,walking_dual_task,P05,28,0.595
2026-04-03T01:32:10.876611,1248.1201267986685,83844.0,68.0,-6.525711999757361,0.5010944948554027,2.2703703022729074,6.927524385088398,0.2451339064706124,True,walking_dual_task,P05,28,0.595
2026-04-03T01:32:10.935482,1289.2970023574749,83844.0,68.0,-7.30087528116687,0.10432801441568926,3.0168820676137242,7.9003317408596585,0.9728073557712609,True,walking_dual_task,P05,28,0.595
2026-04-03T01:32:10.936009,1299.237768200502,83825.0,67.0,-7.8227820903912715,0.1952826744954017,2.9347927092746278,8.357455545985035,0.4571238051253763,True,walking_dual_task,P05,28,0.595
2026-04-03T01:32:10.936710,1241.9986442321517,83825.0,68.0,-7.985926107283375,-0.6214893214579015,3.819440809040696,8.874085466201114,0.5166299202160793,True,walking_dual_task,P05,28,0.595
2026-04-03T01:32:10.997141,1280.3352652360577,83705.0,69.0,-8.945652043876342,-2.079161272696672,4.919667750678699,10.418768298846972,1.544682832645858,True,walking_dual_task,P05,28,0.595
2026-04-03T01:32:10.997444,1186.3068430158455,83705.0,67.0,-8.670547681564585,-1.9439003355969608,4.94387713768152,10.168533166858875,0.2502351319880969,True,walking_dual_task,P05,28,0.595
2026-04-03T01:32:10.997679,1270.0998791091104,83527.0,66.0,-9.549640063782812,-2.7685536891660765,5.3581292926697,11.294691868066431,1.1261587012075562,True,walking_dual_task,P05,28,0.595
2026-04-03T01:32:11.055814,1241.6891601006973,83527.0,68.0,-9.287932986991883,-2.7518007392943797,5.623787614823996,11.20112019470735,0.09357167335908123,True,walking_dual_task,P05,28,0.595
2026-04-03T01:32:11.115812,1284.8094250009217,83364.0,69.0,-10.385829567325413,-2.4808305592202466,4.8933204074289005,11.745831629767727,0.5447114350603766,True,walking_dual_task,P05,28,0.595
2026-04-03T01:32:11.116092,1247.7166127051426,83364.0,67.0,-11.271083911322238,-0.8995145326542339,5.653464207951704,12.641523503166624,0.8956918733988974,True,walking_dual_task,P05,28,0.595
2026-04-03T01:32:11.116728,1249.118257724762,83212.0,68.0,-11.40182101435668,-1.0461372774542992,5.696706793558348,12.788604065279326,0.14708056211270204,True,walking_dual_task,P05,28,0.595
2026-04-03T01:32:11.117310,1272.6680128499202,83212.0,67.0,-11.466117648171318,0.2524131095127369,6.666848221869754,13.26583700763007,0.477232942350744,True,walking_dual_task,P05,28,0.595
2026-04-03T01:32:11.235471,1314.5629767092855,83112.0,68.0,-11.400549054896162,0.3829181282448313,6.721506721440095,13.240007464212272,0.02582954341779775,True,walking_dual_task,P05,28,0.595
2026-04-03T01:32:11.235812,1348.1934908855344,83112.0,68.0,-9.944269128488138,-0.033766456382532256,6.888035422028489,12.096886403058352,1.14312106115392,True,walking_dual_task,P05,28,0.595
2026-04-03T01:32:11.236533,1283.462307009846,83152.0,68.0,-10.074314570117624,0.23411970066020696,6.924414341634036,12.226779627790329,0.12989322473197618,True,walking_dual_task,P05,28,0.595
2026-04-03T01:32:11.237192,1369.1117283024057,83152.0,67.0,-9.390155632015832,-0.64683742172801,6.35587911566487,11.357403786806703,0.8693758409836256,True,walking_dual_task,P05,28,0.595
2026-04-03T01:32:11.237880,1374.1129984512847,83177.0,67.0,-9.075076189251519,-1.19662840362108,6.569725127634537,11.267218628825182,0.09018515798152116,True,walking_dual_task,P05,28,0.595
2026-04-03T01:32:11.238694,1337.7200234952122,83177.0,68.0,-9.08418745803967,-1.3232039369640163,6.236542175429172,11.098098428898039,0.16912019992714278,True,walking_dual_task,P05,28,0.595
2026-04-03T01:32:11.295431,1306.658339353937,83212.0,69.0,-9.008503916224383,-1.9814734473798499,6.166493581581936,11.095270295174997,0.0028281337230424697,True,walking_dual_task,P05,28,0.595
2026-04-03T01:32:11.295962,1314.1278702756797,83212.0,68.0,-8.992958546273606,-1.9799053974526983,6.129413274247,11.06178267208198,0.03348762309301634,True,walking_dual_task,P05,28,0.595
2026-04-03T01:32:11.296460,1357.6434670503904,83241.0,67.0,-9.556505151773871,-1.3934603911330363,5.248177236396588,10.99144607784474,0.07033659423724004,True,walking_dual_task,P05,28,0.595
2026-04-03T01:32:11.297409,1236.0462695421602,83241.0,69.0,-9.626980317606554,-0.2805851037963673,4.984091609376496,10.844290996036284,0.1471550818084566,True,walking_dual_task,P05,28,0.595
2026-04-03T01:32:11.355683,1338.5591732490914,83225.0,67.0,-9.750386676374779,-0.1578257747934095,5.113455104666081,11.011011416825047,0.1667204207887636,True,walking_dual_task,P05,28,0.595
2026-04-03T01:32:11.355891,1217.8954607376606,83225.0,68.0,-8.989172004105876,0.29547579969859256,4.700822692246874,10.148411365901145,0.862600050923902,True,walking_dual_task,P05,28,0.595
2026-04-03T01:32:11.356490,1270.8258634792476,83205.0,67.0,-9.132541738171032,0.268514009714278,4.326386101516603,10.109057081263556,0.03935428463758939,True,walking_dual_task,P05,28,0.595
2026-04-03T01:32:11.415671,1265.0350868415603,83205.0,69.0,-7.957638127963377,0.6489895638901437,4.4019927723066505,9.117166906286995,0.991890174976561,True,walking_dual_task,P05,28,0.595
2026-04-03T01:32:11.415884,1237.3134544684751,83196.0,67.0,-6.816487211625227,0.597680081277423,4.392655673932537,8.13124487735659,0.9859220289304051,True,walking_dual_task,P05,28,0.595
2026-04-03T01:32:11.416696,1393.3178740315611,83196.0,68.0,-6.6408194325493275,0.8289439317611269,4.375496664924627,7.995786505559969,0.1354583717966209,True,walking_dual_task,P05,28,0.595
2026-04-03T01:32:11.475472,1385.7187158108898,83273.0,67.0,-6.800922993524226,0.08439532433970005,4.695093128579762,8.264597728906946,0.2688112233469768,True,walking_dual_task,P05,28,0.595
2026-04-03T01:32:11.476035,1258.96454296273,83273.0,69.0,-6.666379171636399,-0.07458186691380586,5.159585896192046,8.430154229614297,0.16555650070735162,True,walking_dual_task,P05,28,0.595
2026-04-03T01:32:11.476685,1263.5954002961591,83376.0,68.0,-7.417587893148549,-0.0036101624587473943,5.637762754163951,9.316919665753012,0.886765436138715,True,walking_dual_task,P05,28,0.595
2026-04-03T01:32:11.535792,1226.7036165711393,83376.0,68.0,-7.481459115345033,-0.24404246888067901,5.609423482363385,9.354005507037423,0.03708584128441039,True,walking_dual_task,P05,28,0.595
2026-04-03T01:32:11.536094,1232.520178415819,83403.0,68.0,-8.854058718752013,-0.09443014221111742,6.298274706959847,10.866072755655408,1.512067248617985,True,walking_dual_task,P05,28,0.595
2026-04-03T01:32:11.536773,1333.9117178467084,83403.0,69.0,-10.990023655587786,-0.10779581029761293,7.222576206539427,13.15134392168216,2.285271166026753,True,walking_dual_task,P05,28,0.595
2026-04-03T01:32:11.595700,1249.4682001446843,83281.0,68.0,-10.837310216240901,0.08560366593106,7.36005953822581,13.100576213162876,0.05076770851928458,True,walking_dual_task,P05,28,0.595
2026-04-03T01:32:11.596024,1306.3664971016321,83281.0,67.0,-10.74721947836899,0.25690950017970526,7.2507983991868015,12.966989104382185,0.13358710878069147,True,walking_dual_task,P05,28,0.595
2026-04-03T01:32:11.596656,1364.2162286242476,83070.0,67.0,-10.930957392842164,0.16993754402574113,7.15279752413324,13.064349226587861,0.0973601222056768,True,walking_dual_task,P05,28,0.595
2026-04-03T01:32:11.655593,1420.1477993866963,83070.0,69.0,-10.938201322138356,0.07138695824785474,7.290886460434508,13.145583655372034,0.08123442878417286,True,walking_dual_task,P05,28,0.595
2026-04-03T01:32:11.656043,1288.9756428491903,82977.0,68.0,-10.8304602537213,0.30407011743019696,7.198039711028747,13.00780933229334,0.13777432307869475,True,walking_dual_task,P05,28,0.595
2026-04-03T01:32:11.656696,1268.6807444604,82977.0,69.0,-10.888338643406227,0.1346126157148679,7.301561150270755,13.110561933073127,0.10275260077978743,True,walking_dual_task,P05,28,0.595
2026-04-03T01:32:11.715743,1250.4698459937308,82966.0,68.0,-10.945650860951309,0.2336325827588442,7.3966453070136335,13.212578050908064,0.10201611783493725,True,walking_dual_task,P05,28,0.595
2026-04-03T01:32:11.715967,1288.377937760232,82966.0,68.0,-10.852426558782044,0.12741935169204055,7.269544033307987,13.062835387355506,0.1497426635525585,True,walking_dual_task,P05,28,0.595
2026-04-03T01:32:11.716700,1273.1838424457662,82967.0,67.0,-11.036027462087485,0.020617344977526778,7.150429357325915,13.150017764739763,0.08718237738425749,True,walking_dual_task,P05,28,0.595
2026-04-03T01:32:11.775704,1305.55473860692,82967.0,68.0,-10.991957404083678,0.1856291231355245,6.938801149860934,13.000174888895051,0.1498428758447119,True,walking_dual_task,P05,28,0.595
2026-04-03T01:32:11.775947,1314.7204154869803,83014.0,68.0,-10.929144991989968,0.1828718527197531,7.237688350135016,13.109682872752364,0.10950798385731275,True,walking_dual_task,P05,28,0.595
2026-04-03T01:32:11.777196,1332.3273674917125,83014.0,68.0,-10.919300206945556,0.2670606949831297,7.300771925254609,13.137873082382551,0.02819020963018737,True,walking_dual_task,P05,28,0.595
2026-04-03T01:32:11.835393,1217.94625806917,83209.0,68.0,-8.684502615423451,-0.25015380826055034,2.3910778863921567,9.011127347001462,4.126745735381089,True,walking_dual_task,P05,28,0.595
2026-04-03T01:32:11.835797,1212.343204523533,83209.0,70.0,-7.603007242271424,-0.02270033769592389,1.8620388933568053,7.827734236146286,1.1833931108551763,True,walking_dual_task,P05,28,0.595
2026-04-03T01:32:11.836789,1316.34476435232,83332.0,68.0,-7.004082077875377,0.17603849121214132,1.2860142066151223,7.123341059055029,0.7043931770912568,True,walking_dual_task,P05,28,0.595
2026-04-03T01:32:11.955986,1268.8693986947821,83332.0,69.0,-6.774578216355932,0.15525840662625773,1.2634542533172402,6.893136574345373,0.23020448470965604,True,walking_dual_task,P05,28,0.595
2026-04-03T01:32:11.956308,1299.1214938757741,83407.0,68.0,-7.173455976283768,0.010603467074786248,1.0853852857727484,7.255111597747295,0.36197502340192145,True,walking_dual_task,P05,28,0.595
2026-04-03T01:32:11.956643,1366.0051025780115,83407.0,69.0,-6.259189737993991,0.23701683876728624,1.2457603014321288,6.386356698986739,0.8687548987605558,True,walking_dual_task,P05,28,0.595
2026-04-03T01:32:11.957431,1297.2465865856816,83494.0,68.0,-6.762217502749499,0.4510495947834995,1.338209415713663,6.908099285024118,0.5217425860373792,True,walking_dual_task,P05,28,0.595
2026-04-03T01:32:11.958568,1330.43133163878,83494.0,67.0,-6.564728894848406,0.036680273106141484,1.5428841799825976,6.743700949636874,0.16439833538724447,True,walking_dual_task,P05,28,0.595
2026-04-03T01:32:11.958966,1391.16731166217,83587.0,69.0,-6.503105021997991,-0.21801210707421753,1.607655607921393,6.70242200697983,0.04127894265704324,True,walking_dual_task,P05,28,0.595
2026-04-03T01:32:12.015706,1363.8069495755897,83587.0,68.0,-6.466771095023072,-0.336758787301775,1.4725677191069906,6.64085766777205,0.061564339207780705,True,walking_dual_task,P05,28,0.595
2026-04-03T01:32:12.016253,1310.216617513635,83768.0,68.0,-6.790842942280341,-0.6835002489453921,1.9597275196582271,7.10093320686323,0.4600755390911804,True,walking_dual_task,P05,28,0.595
2026-04-03T01:32:12.016968,1203.006953783125,83768.0,68.0,-6.803866857266926,-0.3523868031767552,1.708886700326673,7.024035480051467,0.07689772681176343,True,walking_dual_task,P05,28,0.595
2026-04-03T01:32:12.075486,1391.136319946863,83854.0,69.0,-7.2178847387652585,-0.8577753992976268,2.5782625557597374,7.712397587272934,0.688362107221467,True,walking_dual_task,P05,28,0.595
2026-04-03T01:32:12.075750,1359.0434103893388,83854.0,69.0,-8.770485660920412,-2.0493536356149367,4.205413271587646,9.940159447265634,2.2277618599927003,True,walking_dual_task,P05,28,0.595
2026-04-03T01:32:12.076724,1161.9883167723042,83628.0,69.0,-8.763358597487612,-1.6499017968881302,3.5982867884512184,9.615939769958903,0.32421967730673096,True,walking_dual_task,P05,28,0.595
2026-04-03T01:32:12.135811,1272.6245743056634,83628.0,67.0,-10.63082907613593,-2.798824494667059,4.65817337667171,11.93928492854989,2.3233451585909872,True,walking_dual_task,P05,28,0.595
2026-04-03T01:32:12.136093,1181.113222199051,83387.0,67.0,-10.538237797064932,-2.738700236370221,4.867653578058404,11.926817941436308,0.012466987113581851,True,walking_dual_task,P05,28,0.595
2026-04-03T01:32:12.195409,1225.8401204979718,83387.0,68.0,-12.192573018484847,-3.1993611030483566,5.642095656727283,13.810430539213625,1.8836125977773168,True,walking_dual_task,P05,28,0.595
2026-04-03T01:32:12.196060,1292.175038809426,83227.0,68.0,-12.24912833260698,-3.313734486583133,5.688636164408364,13.906205901224824,0.0957753620111994,True,walking_dual_task,P05,28,0.595
2026-04-03T01:32:12.255610,1244.943485268623,83227.0,67.0,-12.811113213180464,-3.0878347723318953,5.902726714793239,14.439581988814039,0.5333760875892146,True,walking_dual_task,P05,28,0.595
2026-04-03T01:32:12.255924,1188.1082805283074,83178.0,67.0,-11.386526207630105,-0.9660349592251961,5.408020402014861,12.642503204986799,1.7970787838272404,True,walking_dual_task,P05,28,0.595
2026-04-03T01:32:12.256559,1206.5947375329588,83178.0,68.0,-11.472854809656303,-0.7447910284268014,5.592484039795393,12.785029874616837,0.14252666963003868,True,walking_dual_task,P05,28,0.595
2026-04-03T01:32:12.257289,1431.1167008841285,83346.0,68.0,-9.869465649335671,0.35622461335712774,5.13698179318936,11.132018241187767,1.6530116334290703,True,walking_dual_task,P05,28,0.595
2026-04-03T01:32:12.257926,1378.1816450382357,83346.0,67.0,-9.962497178628212,0.26512176915525265,4.721799454726115,11.028011138791388,0.10400710239637867,True,walking_dual_task,P05,28,0.595
2026-04-03T01:32:12.315523,1199.4694113150642,83510.0,67.0,-9.692223382039401,0.7101890077655936,4.905542860013082,10.886133990794331,0.1418771479970573,True,walking_dual_task,P05,28,0.595
2026-04-03T01:32:12.375614,1294.803772458749,83510.0,67.0,-10.012238013675034,0.8342552823848126,4.600172008673321,11.049998842898034,0.16386485210370338,True,walking_dual_task,P05,28,0.595
2026-04-03T01:32:12.375933,1231.4943032453211,83531.0,69.0,-10.321442305849766,0.5488708379392112,5.357507842649755,11.642006732251062,0.5920078893530274,True,walking_dual_task,P05,28,0.595
2026-04-03T01:32:12.376554,1401.8154700130447,83531.0,68.0,-10.384391021141052,-0.4015879983902215,5.001462825553782,11.533060313542212,0.10894641870885025,True,walking_dual_task,P05,28,0.595
2026-04-03T01:32:12.377186,1246.4383069507858,83498.0,68.0,-10.223056234588505,0.016085549704608876,5.1110420594621075,11.429518294926469,0.10354201861574275,True,walking_dual_task,P05,28,0.595
2026-04-03T01:32:12.435757,1228.7404255247632,83498.0,69.0,-10.110584942059981,-0.08797191174142711,4.571525964582871,11.096419087828327,0.333099207098142,True,walking_dual_task,P05,28,0.595
2026-04-03T01:32:12.435949,1218.1923431946962,83423.0,67.0,-10.378183929009822,-0.24115066511557592,4.322597250029374,11.244985651107116,0.1485665632787896,True,walking_dual_task,P05,28,0.595
2026-04-03T01:32:12.436604,1317.7095863129202,83423.0,68.0,-9.757454150201179,0.25214409841506613,4.003814169801599,10.549977063764064,0.695008587343052,True,walking_dual_task,P05,28,0.595
2026-04-03T01:32:12.495374,1190.790487399534,83433.0,67.0,-8.917191935029283,0.47919854933403994,3.423384839551241,9.563760087722006,0.9862169760420585,True,walking_dual_task,P05,28,0.595
2026-04-03T01:32:12.495970,1254.6638425451188,83433.0,68.0,-8.961410274774561,0.46602614472546544,3.3046381006350556,9.562671564817627,0.0010885229043786637,True,walking_dual_task,P05,28,0.595
2026-04-03T01:32:12.496626,1310.7910539908937,83493.0,68.0,-8.425916382219677,0.7444356000335683,3.217776898082821,9.050101624213442,0.5125699406041857,True,walking_dual_task,P05,28,0.595
2026-04-03T01:32:12.555724,1269.7624190182062,83493.0,67.0,-8.026375634721163,0.47215731491243407,2.990691600009453,8.578454091853494,0.47164753235994716,True,walking_dual_task,P05,28,0.595
2026-04-03T01:32:12.556227,1291.5711826649035,83531.0,67.0,-8.04163508296874,0.8850181798653634,3.3259394878983564,8.747172426760972,0.1687183349074779,True,walking_dual_task,P05,28,0.595
2026-04-03T01:32:12.556697,1242.3543839321812,83531.0,68.0,-8.094234432286912,0.5582578367223081,3.1740649967893435,8.712231141385326,0.03494128537564656,True,walking_dual_task,P05,28,0.595
2026-04-03T01:32:12.557373,1167.8184351235136,83506.0,68.0,-8.384073186502958,0.6868896930683149,3.508293674921437,9.114418530908877,0.4021873895235508,True,walking_dual_task,P05,28,0.595
2026-04-03T01:32:12.615705,1338.7333398604007,83506.0,68.0,-8.268540210930466,0.5729292399093665,3.804790904806973,9.119947311416828,0.005528780507951581,True,walking_dual_task,P05,28,0.595
2026-04-03T01:32:12.615984,1293.5890513522752,83474.0,67.0,-8.193507488911914,0.9018851716202042,3.633262104462228,9.008193789731953,0.11175352168487507,True,walking_dual_task,P05,28,0.595
2026-04-03T01:32:12.616698,1340.9304493806544,83474.0,68.0,-8.274035644166384,0.8008916857685241,3.6825235746381506,9.091868521433573,0.08367473170162043,True,walking_dual_task,P05,28,0.595
2026-04-03T01:32:12.675596,1307.9027793439514,83490.0,69.0,-8.236251715731067,0.6480854364483892,3.7600062242964896,9.077086749864616,0.014781771568957325,True,walking_dual_task,P05,28,0.595
2026-04-03T01:32:12.735610,1297.3546726325883,83490.0,68.0,-8.226367193556387,0.714819650475124,3.679874470261664,9.040219048939562,0.03686770092505398,True,walking_dual_task,P05,28,0.595
2026-04-03T01:32:12.795641,1422.3559788028467,83525.0,67.0,-8.145009573948068,0.7998901729120876,3.9240584511679195,9.076301007382323,0.036081958442760964,True,walking_dual_task,P05,28,0.595
2026-04-03T01:32:12.855936,1234.1061544357233,83525.0,67.0,-8.286514074335471,0.8181686568871473,4.0657543405144505,9.266394866002877,0.1900938586205534,True,walking_dual_task,P05,28,0.595
2026-04-03T01:32:12.975878,1233.5515524495424,83315.0,70.0,-8.512684808480195,0.5017118039449233,3.6163796662556504,9.262597868484548,0.0037969975183287374,True,walking_dual_task,P05,28,0.595
2026-04-03T01:32:13.035854,1401.475680423624,83315.0,69.0,-8.315071215423991,0.6326047269088501,3.5578399975435855,9.066356683155641,0.19624118532890655,True,walking_dual_task,P05,28,0.595
2026-04-03T01:32:13.095715,1375.36480513564,83029.0,67.0,-8.504276753891371,0.8274209125846892,3.7305618909271425,9.323327758659863,0.2569710755042216,True,walking_dual_task,P05,28,0.595
2026-04-03T01:32:13.155635,1300.8188778424615,83029.0,69.0,-8.396772865099663,0.7518941653123175,3.5811184271007868,9.159451324878882,0.16387643378098105,True,walking_dual_task,P05,28,0.595
2026-04-03T01:32:13.215640,1333.3028588481977,82997.0,69.0,-8.195983042391179,0.7597753198794177,3.7630895112831673,9.050538063440815,0.10891326143806701,True,walking_dual_task,P05,28,0.595
2026-04-03T01:32:13.275821,1351.5543666762082,82997.0,68.0,-11.973189332077672,1.3148070045240496,4.402445917273992,12.824488695283197,3.773950631842382,True,walking_dual_task,P05,28,0.595
2026-04-03T01:32:13.335655,1290.595766169655,83033.0,68.0,-11.95511588001411,1.1564068749675944,4.314882940084117,12.762456164534585,0.06203253074861159,True,walking_dual_task,P05,28,0.595
2026-04-03T01:32:13.395597,1376.1723859780295,83033.0,69.0,-11.82750960021255,1.6199028966207163,3.1838164572069494,12.355191458281093,0.40726470625349265,True,walking_dual_task,P05,28,0.595
2026-04-03T01:32:13.455798,1281.5757396800932,83024.0,69.0,-11.62829892574782,1.8481479798205787,3.3970246515774867,12.254499718278504,0.1006917400025884,True,walking_dual_task,P05,28,0.595
2026-04-03T01:32:13.515648,1216.1296778036985,83024.0,68.0,-10.11791580887759,0.8454549570532987,2.837546036492084,10.54223325055716,1.712266467721344,True,walking_dual_task,P05,28,0.595
2026-04-03T01:32:13.575727,1332.9229171169818,83146.0,68.0,-10.158209880676994,0.8945369086606182,2.745255006869868,10.56057997051222,0.01834671995506021,True,walking_dual_task,P05,28,0.595
2026-04-03T01:32:13.696038,1363.4622676989466,83146.0,68.0,-8.309702414964846,0.7732706272544028,2.0479453872110343,8.593205571685456,1.967374398826765,True,walking_dual_task,P05,28,0.595
2026-04-03T01:32:13.755601,1224.9837118550888,83426.0,67.0,-6.957480916996659,0.4691853951937486,2.045397667465712,7.267071436521728,1.326134135163728,True,walking_dual_task,P05,28,0.595
2026-04-03T01:32:13.815635,1286.07691682343,83426.0,67.0,-6.882576559836109,0.617684418380567,2.0351928112123914,7.203707651031251,0.06336378549047694,True,walking_dual_task,P05,28,0.595
2026-04-03T01:32:13.875675,1152.7804184781085,83552.0,67.0,-6.3033676829894745,0.558795239238161,1.6647618645822604,6.543403421165375,0.6603042298658757,True,walking_dual_task,P05,28,0.595
2026-04-03T01:32:13.935482,1317.2634556708938,83552.0,68.0,-6.105524320201162,0.519558034736546,1.8794982118301535,6.409358884030438,0.1340445371349368,True,walking_dual_task,P05,28,0.595
2026-04-03T01:32:13.936119,1311.0657324436638,83617.0,68.0,-6.3344274973222685,0.7305520182334156,1.792577547295087,6.623595113927469,0.21423622989703084,True,walking_dual_task,P05,28,0.595
2026-04-03T01:32:13.936759,1204.5729236990971,83617.0,69.0,-6.661444492437088,0.7310614511536773,1.7628942041308355,6.929436452276724,0.3058413383492544,True,walking_dual_task,P05,28,0.595
2026-04-03T01:32:13.995453,1263.2849083849565,83655.0,69.0,-6.7870307116821,0.5614235338373124,1.9984778440766733,7.09738655836976,0.16795010609303684,True,walking_dual_task,P05,28,0.595
2026-04-03T01:32:13.996012,1258.1864536806086,83687.0,67.0,-6.5217251787073005,0.493140747973025,1.8238161294786392,6.789874253477939,0.30751230489182113,True,walking_dual_task,P05,28,0.595
2026-04-03T01:32:13.996706,1192.8747797732635,83767.0,68.0,-7.995896339885034,-0.11201811280836843,2.5905864652615738,8.40583396039801,1.6159597069200702,True,walking_dual_task,P05,28,0.595
2026-04-03T01:32:13.997356,1280.631692844082,83650.0,67.0,-9.21764986053471,-0.8705624707328625,3.84534662757266,10.025449548676034,1.619615588278025,True,walking_dual_task,P05,28,0.595
2026-04-03T01:32:13.998037,1219.4280340938483,83520.0,68.0,-12.941040645711041,-1.0355785596759446,5.618989696793048,14.146236289553212,4.120786740877177,True,walking_dual_task,P05,28,0.595
2026-04-03T01:32:13.998758,1308.333151298744,83155.0,68.0,-9.899040977467438,-0.7402910135938937,5.318679469021318,11.261766928531964,2.8844693610212477,True,walking_dual_task,P05,28,0.595
2026-04-03T01:32:14.055521,1236.0265966106624,83269.0,67.0,-9.035448733649242,-0.23896057810334134,5.106213217802468,10.381225814033321,0.8805411144986426,True,walking_dual_task,P05,28,0.595
2026-04-03T01:32:14.056133,1295.020010946753,83537.0,67.0,-9.334213271533992,-0.32570631898628555,4.526821158392201,10.379100722354332,0.0021250916789892216,True,walking_dual_task,P05,28,0.595
2026-04-03T01:32:14.056447,1178.5146519419818,83480.0,66.0,-10.071629537419572,-0.5120760858637898,4.1727992184469604,10.913853433788065,0.5347527114337325,True,walking_dual_task,P05,28,0.595
2026-04-03T01:32:14.057202,1249.4050939962115,83371.0,67.0,-9.589807128579777,-0.7570158117622765,3.9645321086040273,10.404565754646846,0.5092876791412184,True,walking_dual_task,P05,28,0.595
2026-04-03T01:32:14.058006,1260.1144152925388,83304.0,68.0,-9.32385931869769,-0.9644319233510461,4.008973055969508,10.194917679566316,0.20964807508052985,True,walking_dual_task,P05,28,0.595
2026-04-03T01:32:14.058728,1182.9465868334905,83257.0,67.0,-9.552785350526861,-0.8291340099497356,4.022018136410732,10.398067178534326,0.20314949896800982,True,walking_dual_task,P05,28,0.595
2026-04-03T01:32:14.115782,1291.2097351105149,83242.0,67.0,-10.469686086891045,0.4613366033990426,5.615426482613821,11.889498425136205,1.4914312466018789,True,walking_dual_task,P05,28,0.595
2026-04-03T01:32:14.116105,1193.4812163202193,83114.0,67.0,-11.12649634088123,0.6952836959560003,5.8449912002398365,12.587543937257449,0.6980455121212437,True,walking_dual_task,P05,28,0.595
2026-04-03T01:32:14.116864,1198.2954501299364,83007.0,68.0,-11.296301606752264,0.3858556822031227,4.9744725029354795,12.349117024332687,0.23842691292476204,True,walking_dual_task,P05,28,0.595
2026-04-03T01:32:14.117562,1189.8193330840693,83029.0,67.0,-10.212157865510166,0.4975695338620767,4.520127471409227,11.17887722756258,1.1702397967701064,True,walking_dual_task,P05,28,0.595
2026-04-03T01:32:14.118438,1279.210557215135,83029.0,66.0,-10.588375437760803,0.6077780374851275,4.258501472358024,11.428819857881258,0.24994263031867803,True,walking_dual_task,P05,28,0.595
2026-04-03T01:32:14.175808,1321.2939841483276,83056.0,65.0,-9.8531790585697,1.1543996928006044,3.332404364286734,10.465309123866904,0.9635107340143545,True,walking_dual_task,P05,28,0.595
2026-04-03T01:32:14.176221,1118.2205828097485,83056.0,66.0,-9.988489114037735,1.2610688556504874,3.3168520290033836,10.600080981872065,0.1347718580051609,True,walking_dual_task,P05,28,0.595
2026-04-03T01:32:14.176807,1246.3417384211082,82995.0,68.0,-9.879908382068354,1.1607095977514417,2.734125639956622,10.316747521551791,0.2833334603202733,True,walking_dual_task,P05,28,0.595
2026-04-03T01:32:14.177208,1204.0607593811408,82995.0,68.0,-9.862961382317621,0.47677351176189847,2.2513606364046925,10.12787958685129,0.188867934700502,True,walking_dual_task,P05,28,0.595
2026-04-03T01:32:14.177953,1238.5896544519592,83073.0,69.0,-10.06169738557424,0.4323766214627446,2.0080051408458,10.269215572151662,0.1413359853003726,True,walking_dual_task,P05,28,0.595
2026-04-03T01:32:14.178802,1234.7782505314826,83073.0,65.0,-9.099889658185061,0.35313974129374454,1.430075486114934,9.218341247969253,1.0508743241824092,True,walking_dual_task,P05,28,0.595
2026-04-03T01:32:14.235717,1196.6966352888214,83235.0,67.0,-9.10615652214308,0.6331954094010546,1.588748613430791,9.265373451131572,0.04703220316231871,True,walking_dual_task,P05,28,0.595
2026-04-03T01:32:14.236088,1204.7219994715388,83235.0,68.0,-7.924317752547365,0.13458760846682863,1.2525935192481041,8.023834257520061,1.2415391936115103,True,walking_dual_task,P05,28,0.595
2026-04-03T01:32:14.236575,1136.6031327363405,83313.0,66.0,-6.803169783593139,0.21933208753734368,1.6577907755078742,7.00567597911702,1.0181582784030416,True,walking_dual_task,P05,28,0.595
2026-04-03T01:32:14.237691,1223.2487598834887,83313.0,67.0,-6.592759216350876,0.1351407191732926,1.1276173674008134,6.68986233236694,0.3158136467500796,True,walking_dual_task,P05,28,0.595
2026-04-03T01:32:14.238164,1145.8834890318929,83387.0,67.0,-6.695446335063743,0.26221112444269323,1.1500416870639676,6.798555153963594,0.10869282159665428,True,walking_dual_task,P05,28,0.595
2026-04-03T01:32:14.238997,1192.6436971937605,83387.0,66.0,-6.419589853387671,0.3601801351921639,1.0037492913352,6.507563004332797,0.2909921496307968,True,walking_dual_task,P05,28,0.595
2026-04-03T01:32:14.239328,1291.080204188052,83528.0,68.0,-6.640105331426231,0.5702702009427846,1.132446012252241,6.7600769881107405,0.2525139837779431,True,walking_dual_task,P05,28,0.595
2026-04-03T01:32:14.295343,1232.3494785124656,83528.0,67.0,-7.350903768283703,0.5312950006508385,1.3066661711596241,7.485014166395216,0.7249371782844758,True,walking_dual_task,P05,28,0.595
2026-04-03T01:32:14.295767,1270.4074040081882,83670.0,66.0,-7.295571542450104,0.7134627882308298,1.5902277433405918,7.50088111870119,0.01586695230597357,True,walking_dual_task,P05,28,0.595
2026-04-03T01:32:14.296482,1223.2888077597527,83670.0,67.0,-8.339886620691464,0.12105110615566966,2.0507775841001865,8.589182202965414,1.0883010842642244,True,walking_dual_task,P05,28,0.595
2026-04-03T01:32:14.355663,1183.453776716701,83689.0,67.0,-8.582312743189114,0.03743526624049023,2.1874771791344148,8.856779879295782,0.267597676330368,True,walking_dual_task,P05,28,0.595
2026-04-03T01:32:14.356148,1246.0852245887888,83689.0,65.0,-9.171399104406055,-0.6868407167610588,2.6414367307570354,9.56888184194441,0.712101962648628,True,walking_dual_task,P05,28,0.595
2026-04-03T01:32:14.356977,1211.477610423293,83568.0,68.0,-9.008241298203812,-0.7555724407020445,2.8223541295166923,9.470215616986398,0.0986662249580128,True,walking_dual_task,P05,28,0.595
2026-04-03T01:32:14.415638,1251.809320703525,83568.0,67.0,-9.744489521995577,-1.6624871018895835,2.8196511139862572,10.279560876459401,0.8093452594730035,True,walking_dual_task,P05,28,0.595
2026-04-03T01:32:14.416292,1178.051048063593,83411.0,68.0,-11.05108084925311,-1.0069150629238792,4.149510684075949,11.84730791352754,1.5677470370681394,True,walking_dual_task,P05,28,0.595
2026-04-03T01:32:14.416499,1260.6245160405376,83411.0,65.0,-11.069943008354286,-1.1520447828179936,4.016908149974359,11.832429863521716,0.014878050005824761,True,walking_dual_task,P05,28,0.595
2026-04-03T01:32:14.475352,1180.2623031636697,83276.0,66.0,-12.559503593047591,0.08093199916979155,5.79248956846887,13.831146586349435,1.9987167228277194,True,walking_dual_task,P05,28,0.595
2026-04-03T01:32:14.475792,1248.1508814057015,83276.0,67.0,-12.444202936397168,-0.3874018832381554,5.466120064197695,13.597306185329394,0.233840401020041,True,walking_dual_task,P05,28,0.595
2026-04-03T01:32:14.476684,1255.3617654911177,83183.0,67.0,-11.227310806596899,-0.41073208493295477,5.812459115999488,12.649343452080288,0.9479627332491063,True,walking_dual_task,P05,28,0.595
2026-04-03T01:32:14.535348,1157.0265035004247,83183.0,67.0,-9.908809992305503,-0.707464819593246,5.9079693197812855,11.558076112314387,1.091267339765901,True,walking_dual_task,P05,28,0.595
2026-04-03T01:32:14.535765,1242.7775674899515,83215.0,67.0,-9.78271120189861,-0.524060057723822,5.886852639259272,11.429396808240053,0.1286793040743337,True,walking_dual_task,P05,28,0.595
2026-04-03T01:32:14.536779,1264.60671108039,83215.0,66.0,-9.802971834140878,-0.6065886111827965,5.950474935937436,11.48365614634101,0.054259338100957066,True,walking_dual_task,P05,28,0.595
2026-04-03T01:32:14.595616,1120.0643519896068,83314.0,68.0,-9.096794803644283,-0.0804200956645293,5.682471670173947,10.726072318128654,0.7575838282123559,True,walking_dual_task,P05,28,0.595
2026-04-03T01:32:14.595906,1226.3107775118633,83314.0,67.0,-9.249345455572957,-0.37268693921965856,5.565481037950217,10.801104855290335,0.07503253716168068,True,walking_dual_task,P05,28,0.595
2026-04-03T01:32:14.596423,1225.12725885438,83292.0,67.0,-9.14170611207291,-0.24439792960169318,5.632988836491573,10.740627738616746,0.06047711667358868,True,walking_dual_task,P05,28,0.595
2026-04-03T01:32:14.715738,1235.03610504314,83292.0,65.0,-9.253486801824465,-0.16955833744878893,5.829853969887214,10.938142681988916,0.19751494337216968,True,walking_dual_task,P05,28,0.595
2026-04-03T01:32:14.716013,1121.395719951843,83280.0,63.0,-9.276791603531949,-0.07926104710412817,5.81098411832173,10.94681146235452,0.008668780365603368,True,walking_dual_task,P05,28,0.595
2026-04-03T01:32:14.716726,1130.8057639741837,83280.0,64.0,-9.445965339919015,-0.3681303424976072,5.839596095019181,11.111375419136104,0.16456395678158486,True,walking_dual_task,P05,28,0.595
2026-04-03T01:32:14.717225,1298.2488431690758,83144.0,62.0,-9.31545020591851,-0.23680362101752775,5.628045574650113,10.886164865746473,0.22521055338963158,True,walking_dual_task,P05,28,0.595
2026-04-03T01:32:14.718006,1203.5468537652987,83144.0,64.0,-9.130694806767655,-0.019701209348939597,5.939337617581142,10.892461022542061,0.006296156795588814,True,walking_dual_task,P05,28,0.595
2026-04-03T01:32:14.718811,1153.2869380433785,83004.0,64.0,-9.232048774270726,-0.12024994090442626,5.855083446074202,10.93284897816179,0.04038795561972819,True,walking_dual_task,P05,28,0.595
2026-04-03T01:32:14.775692,1171.7293753064127,83004.0,65.0,-9.285586428139272,0.014286298181370866,5.605881029240539,10.846576488770959,0.0862724893908311,True,walking_dual_task,P05,28,0.595
2026-04-03T01:32:14.776107,1060.1130125094637,82986.0,61.0,-9.0078609531451,-0.36477731284498804,5.791099036971625,10.715010475738055,0.13156601303290394,True,walking_dual_task,P05,28,0.595
2026-04-03T01:32:14.776860,1236.9809107983488,82986.0,63.0,-9.22031168631007,-0.4958070146512716,5.862482368841183,10.937489278324216,0.2224788025861617,True,walking_dual_task,P05,28,0.595
2026-04-03T01:32:14.835350,1280.6933526243422,83047.0,63.0,-9.265373264129417,-0.2502318320980811,5.924545560048225,11.000454435455223,0.06296515713100703,True,walking_dual_task,P05,28,0.595
2026-04-03T01:32:14.835783,1278.3950957262257,83047.0,63.0,-8.125403479067971,0.7827805060825025,4.251247090946866,9.203696477320234,1.7967579581349895,True,walking_dual_task,P05,28,0.595
2026-04-03T01:32:14.895557,1272.9239825408813,83099.0,63.0,-8.124602035425124,0.6534677417471118,4.2684025733258,9.20083902975769,0.0028574475625440243,True,walking_dual_task,P05,28,0.595
2026-04-03T01:32:14.895936,1154.1425556954234,83099.0,65.0,-8.380124539378986,0.4793219223686963,4.603503942414571,9.57332154210813,0.37248251235044094,True,walking_dual_task,P05,28,0.595
2026-04-03T01:32:14.896655,1161.4204291957165,83112.0,64.0,-8.475506330180467,0.6470385010341654,4.772340646288129,9.7482358208531,0.17491427874496956,True,walking_dual_task,P05,28,0.595
2026-04-03T01:32:14.955815,1192.3358992297576,83112.0,65.0,-8.388663435665544,0.43746914153044636,5.031876179289002,9.791875784054836,0.04363996320173591,True,walking_dual_task,P05,28,0.595
2026-04-03T01:32:14.956217,1161.1829731902585,83091.0,63.0,-8.339992896178298,0.179742822837812,5.220725355135784,9.840922833983806,0.049047049928969244,True,walking_dual_task,P05,28,0.595
2026-04-03T01:32:14.957207,1269.5131103725762,83091.0,63.0,-8.884885368541985,0.410374713207573,4.97300698380009,10.1902106886117,0.34928785462789413,True,walking_dual_task,P05,28,0.595
2026-04-03T01:32:15.015420,1228.3682654923423,83080.0,64.0,-9.463920635280752,0.45542538926395176,4.878262106216986,10.656953000413939,0.46674231180223913,True,walking_dual_task,P05,28,0.595
2026-04-03T01:32:15.016122,1259.0855002152941,83080.0,64.0,-9.477412599447387,0.15980382384538602,4.891647018899407,10.666541023208374,0.009588022794435602,True,walking_dual_task,P05,28,0.595
2026-04-03T01:32:15.016791,1249.5721132891683,83007.0,64.0,-11.106792471433865,0.173546251813325,5.006152888013395,12.184109489133101,1.517568465924727,True,walking_dual_task,P05,28,0.595
2026-04-03T01:32:15.017424,1277.1696073407527,83007.0,64.0,-10.854720316794616,0.15275225409733556,5.013342018756041,11.957503276352908,0.22660621278019377,True,walking_dual_task,P05,28,0.595
2026-04-03T01:32:15.075419,1208.373330392321,82838.0,65.0,-11.80063817262067,0.6163862637588539,5.076582665963372,12.86105302343562,0.9035497470827121,True,walking_dual_task,P05,28,0.595
2026-04-03T01:32:15.076019,1186.323688447153,82838.0,65.0,-11.06320823182747,0.5850393319857328,4.498383182063797,11.957102435515882,0.9039505879197378,True,walking_dual_task,P05,28,0.595
2026-04-03T01:32:15.077245,1220.040355538422,82739.0,63.0,-10.84321025687106,0.3302903198314461,4.814647776390438,11.86866182772049,0.0884406077953912,True,walking_dual_task,P05,28,0.595
2026-04-03T01:32:15.135610,1186.4017199870032,82739.0,63.0,-10.310064573963324,0.30030887957762564,3.8925283986067276,11.024490658366334,0.8441711693541567,True,walking_dual_task,P05,28,0.595
2026-04-03T01:32:15.136023,1206.1200679203957,82789.0,64.0,-10.508082834569965,0.6124507259162577,4.237853403799237,11.346995294876617,0.32250463651028305,True,walking_dual_task,P05,28,0.595
2026-04-03T01:32:15.136521,1301.7977774332132,82789.0,62.0,-10.12923367649293,0.7600816894768989,3.3562708376386166,10.69783403232916,0.649161262547457,True,walking_dual_task,P05,28,0.595
2026-04-03T01:32:15.195472,1243.5926984687062,82860.0,64.0,-10.087601812579546,0.7139371081100903,3.548647421483546,10.717383778026079,0.01954974569691892,True,walking_dual_task,P05,28,0.595
2026-04-03T01:32:15.195995,1326.0803259553447,82860.0,64.0,-9.335106120833775,0.7481745972246183,3.0786142824711207,9.858084875643726,0.8592989023823527,True,walking_dual_task,P05,28,0.595
2026-04-03T01:32:15.196632,1170.6505953528647,82939.0,64.0,-8.743187395822877,0.7477125802027014,2.592837126079655,9.15014777495131,0.7079371006924156,True,walking_dual_task,P05,28,0.595
2026-04-03T01:32:15.255741,1169.6117319734772,82939.0,64.0,-8.74389788647895,0.4767461971977589,2.2277762250089563,9.035818949847807,0.11432882510350417,True,walking_dual_task,P05,28,0.595
2026-04-03T01:32:15.256416,1068.6515963901397,83070.0,64.0,-8.148800796346048,0.9585868122180348,1.8743555744472191,8.416356213620578,0.6194627362272289,True,walking_dual_task,P05,28,0.595
2026-04-03T01:32:15.256808,1357.9774191807583,83070.0,63.0,-8.106822654513788,0.5027668908133799,1.9669140650721906,8.35715855046528,0.059197663155297064,True,walking_dual_task,P05,28,0.595
2026-04-03T01:32:15.315873,1189.3964895199354,83182.0,63.0,-7.349568190787582,0.7262597294263795,2.143704549952093,7.690193429498925,0.6669651209663554,True,walking_dual_task,P05,28,0.595
2026-04-03T01:32:15.316132,1259.851815022454,83182.0,64.0,-7.06583768521294,0.4003176409237755,2.4580316344398985,7.491877997092413,0.1983154324065124,True,walking_dual_task,P05,28,0.595
2026-04-03T01:32:15.316785,1218.928568782107,83132.0,64.0,-7.060724173863852,0.48669073770845195,2.3442166593470377,7.455604970726169,0.036273026366243855,True,walking_dual_task,P05,28,0.595
2026-04-03T01:32:15.435774,1278.247952533133,83132.0,64.0,-7.120803573654221,0.0462665110893003,2.7908747251139046,7.648330919612116,0.19272594888594696,True,walking_dual_task,P05,28,0.595
2026-04-03T01:32:15.436106,1299.7329578050708,83035.0,64.0,-7.036363526594263,0.01732065783243697,2.603625691697862,7.502638097765543,0.1456928218465725,True,walking_dual_task,P05,28,0.595
2026-04-03T01:32:15.436904,1270.0231489994774,83035.0,65.0,-7.1544197050819545,0.4329938169527158,2.683766895636611,7.653483501785264,0.15084540401972024,True,walking_dual_task,P05,28,0.595
2026-04-03T01:32:15.437395,1274.0374698413914,83142.0,63.0,-7.365443937412667,0.5870201871577008,2.977636941885964,7.9662211149944655,0.3127376132092019,True,walking_dual_task,P05,28,0.595
2026-04-03T01:32:15.438077,1228.8958688636899,83142.0,63.0,-7.551809568251029,0.6914541469529611,2.930158439700231,8.129807197849942,0.1635860828554767,True,walking_dual_task,P05,28,0.595
2026-04-03T01:32:15.438808,1131.6980429946636,83198.0,64.0,-8.22581630952712,0.2976820646334797,3.2238866143311067,8.840029042472095,0.7102218446221524,True,walking_dual_task,P05,28,0.595
2026-04-03T01:32:15.495953,1122.7798381115792,83198.0,64.0,-8.292221087880979,0.5518359929066434,3.2434739565580024,8.92107487022922,0.08104582775712466,True,walking_dual_task,P05,28,0.595
2026-04-03T01:32:15.496416,1177.1159367552498,83146.0,63.0,-8.4577948087532,0.04974293905691679,3.5665952127280045,9.179181270593414,0.25810640036419485,True,walking_dual_task,P05,28,0.595
2026-04-03T01:32:15.497437,1311.7020354191466,83146.0,63.0,-9.122899978180973,-0.40632373535247185,4.369855909419223,10.123637866838742,0.9444565962453275,True,walking_dual_task,P05,28,0.595
2026-04-03T01:32:15.555637,1261.7533242471832,83046.0,64.0,-9.323271059141014,-0.41856388073117057,3.714180185127547,10.044586273812538,0.0790515930262039,True,walking_dual_task,P05,28,0.595
2026-04-03T01:32:15.556219,1129.8394058540198,83046.0,64.0,-9.190552825453944,-0.06115338636519094,4.245383696437558,10.123896666012609,0.07931039220007108,True,walking_dual_task,P05,28,0.595
2026-04-03T01:32:15.557214,1271.3987207279363,82937.0,65.0,-10.1138269412761,-0.8259296019780298,4.5213173547952525,11.109183846182338,0.9852871801697294,True,walking_dual_task,P05,28,0.595
2026-04-03T01:32:15.615602,1178.739621490508,82937.0,62.0,-10.06561384159733,-0.9389579791192785,4.551627319355847,11.086727891899125,0.02245595428321323,True,walking_dual_task,P05,28,0.595
2026-04-03T01:32:15.675669,1196.8352291785322,82875.0,66.0,-10.08502541666818,-0.8519674608540562,4.6681601280126115,11.145640636139497,0.05891274424037185,True,walking_dual_task,P05,28,0.595
2026-04-03T01:32:15.676022,1349.3708233959746,82875.0,64.0,-9.896108131447004,-0.8068648782987747,4.79422828506619,11.025815703631741,0.11982493250775583,True,walking_dual_task,P05,28,0.595
2026-04-03T01:32:15.676943,1271.0624147467693,82820.0,64.0,-10.153427509028054,-0.9331611448718204,4.7691135413272345,11.25643477631603,0.2306190726842896,True,walking_dual_task,P05,28,0.595
2026-04-03T01:32:15.677411,1245.976837239775,82820.0,64.0,-10.229070082552404,-0.8653149954627788,4.7809167137378745,11.324301718818674,0.06786694250264347,True,walking_dual_task,P05,28,0.595
2026-04-03T01:32:15.735449,1215.1229316183453,82762.0,63.0,-10.060975144732726,-1.00340911676165,4.886874871547984,11.22994197352316,0.09435974529551494,True,walking_dual_task,P05,28,0.595
2026-04-03T01:32:15.736032,1222.1500943176804,82762.0,63.0,-10.200745663826472,-0.9542653368738421,4.74994934324719,11.29282308347421,0.06288110995105001,True,walking_dual_task,P05,28,0.595
2026-04-03T01:32:15.736729,1236.5771311569936,82795.0,64.0,-9.907806777189176,-1.0784114158389977,4.546325355200103,10.954299637642883,0.338523445831326,True,walking_dual_task,P05,28,0.595
2026-04-03T01:32:15.737386,1195.60104950077,82795.0,64.0,-10.040882176361134,-1.045836770919801,4.638170751857528,11.109712748508004,0.15541311086512088,True,walking_dual_task,P05,28,0.595
2026-04-03T01:32:15.795501,1253.1839383439778,82824.0,64.0,-10.094255343223535,-0.9660626222104273,4.930030303648116,11.275303398096112,0.16559064958810765,True,walking_dual_task,P05,28,0.595
2026-04-03T01:32:15.795819,1264.347446038985,82824.0,63.0,-10.019123573519275,-1.2672484414674736,4.749970549023839,11.160240858083897,0.1150625400122145,True,walking_dual_task,P05,28,0.595
2026-04-03T01:32:15.855935,1295.473757163119,82835.0,63.0,-10.005757224796676,-0.8959272770214256,4.596557308189605,11.047452304253373,0.11278855383052466,True,walking_dual_task,P05,28,0.595
2026-04-03T01:32:15.856392,1240.875709559632,82835.0,62.0,-9.289123911845815,0.0226284391453275,4.4099984807315975,10.28282167967231,0.7646306245810628,True,walking_dual_task,P05,28,0.595
2026-04-03T01:32:15.856852,1223.1369789268888,82875.0,64.0,-8.913199215966094,-2.3452102765594454,4.0585993265722,10.070618650233506,0.21220302943880398,True,walking_dual_task,P05,28,0.595
2026-04-03T01:32:15.915415,1319.6265285004538,82875.0,64.0,-9.252717840310142,-2.5705806744288155,4.422942437208423,10.572752349270253,0.5021336990367473,True,walking_dual_task,P05,28,0.595
2026-04-03T01:32:15.916001,1273.3328325425914,82870.0,64.0,-9.10082858863876,-2.487228682184406,4.685603570073023,10.534052797150126,0.03869955212012677,True,walking_dual_task,P05,28,0.595
2026-04-03T01:32:15.916687,1173.5814322294275,82870.0,63.0,-9.193923419179056,-1.889969181431972,4.948021286298461,10.61051959114889,0.07646679399876355,True,walking_dual_task,P05,28,0.595
2026-04-03T01:32:15.975424,1209.2842519317192,82823.0,64.0,-9.181642249942902,-1.8704469594265054,4.92366850459241,10.585066734654047,0.025452856494842635,True,walking_dual_task,P05,28,0.595
2026-04-03T01:32:15.976062,1330.1720228287531,82823.0,63.0,-8.698606924106862,-0.9960506358540613,4.957677608268086,10.061632400203651,0.5234343344503962,True,walking_dual_task,P05,28,0.595
2026-04-03T01:32:15.977001,1070.5151001782972,82768.0,63.0,-7.575562304365575,-0.40069435816322263,4.5048202538481465,8.822874005417338,1.2387583947863128,True,walking_dual_task,P05,28,0.595
2026-04-03T01:32:16.035577,1192.2287184221707,82768.0,64.0,-7.6829833863765415,-0.2784770487412028,4.473526791260234,8.894842614354491,0.07196860893715318,True,walking_dual_task,P05,28,0.595
2026-04-03T01:32:16.035975,1332.8897274434999,82692.0,63.0,-7.520769029967329,0.43301203614444156,4.075477427407462,8.564985842771103,0.32985677158338866,True,walking_dual_task,P05,28,0.595
2026-04-03T01:32:16.036748,1172.9631078110397,82692.0,63.0,-7.666159114216566,0.8204899500122992,4.084877629543092,8.725217737735747,0.16023189496464418,True,walking_dual_task,P05,28,0.595
2026-04-03T01:32:16.155865,1111.0652219157184,82720.0,64.0,-7.738169977902804,0.3867270920991054,4.1516815345491755,8.790067804914607,0.06485006717885966,True,walking_dual_task,P05,28,0.595
2026-04-03T01:32:16.155981,1254.496034565907,82720.0,64.0,-7.850820348261898,0.6428755429725571,4.350516092669304,8.998647641563144,0.2085798366485374,True,walking_dual_task,P05,28,0.595
2026-04-03T01:32:16.156559,1234.406541569603,82783.0,65.0,-8.04157792938093,0.022037898295932376,4.414368617959437,9.173555012016491,0.17490737045334726,True,walking_dual_task,P05,28,0.595
2026-04-03T01:32:16.157223,1122.1178491762525,82783.0,62.0,-8.477451642712298,-0.03211850707146349,4.6118115646840385,9.650752502327235,0.47719749031074343,True,walking_dual_task,P05,28,0.595
2026-04-03T01:32:16.158176,1264.0455652669682,82794.0,64.0,-8.455306783069995,0.05079349313447456,4.932919761860208,9.789202733201781,0.13845023087454678,True,walking_dual_task,P05,28,0.595
2026-04-03T01:32:16.215407,1153.0662613857871,82794.0,63.0,-9.391222156479104,-0.4971140024232788,4.748438283918216,10.535171667321302,0.7459689341195208,True,walking_dual_task,P05,28,0.595
2026-04-03T01:32:16.216047,1245.7334370261149,82710.0,64.0,-9.42204024644617,-0.4837071583145536,4.705501979974744,10.542796778094623,0.007625110773320287,True,walking_dual_task,P05,28,0.595
2026-04-03T01:32:16.216763,1071.0450959375614,82710.0,65.0,-10.148515515335735,-0.3391584498336399,4.687602116992551,11.183962143459569,0.6411653653649463,True,walking_dual_task,P05,28,0.595
2026-04-03T01:32:16.217840,1190.3848178274566,82589.0,64.0,-10.951064392810654,0.09375083098955159,4.8483419645106745,11.976686535040978,0.7927243915814088,True,walking_dual_task,P05,28,0.595
2026-04-03T01:32:16.218419,1139.3978116279966,82589.0,63.0,-10.863416032998549,0.24918932410208416,4.427484948591571,11.733649312778242,0.2430372222627355,True,walking_dual_task,P05,28,0.595
2026-04-03T01:32:16.275270,1129.630967999316,82510.0,63.0,-11.229126564089404,0.14193336562751896,4.482070030576376,12.091417627044713,0.3577683142664707,True,walking_dual_task,P05,28,0.595
2026-04-03T01:32:16.275793,1331.9549816531712,82510.0,63.0,-10.996428470709608,0.26579370990974494,4.738399703842631,11.976832517866999,0.11458510917771392,True,walking_dual_task,P05,28,0.595
2026-04-03T01:32:16.276785,1187.8523424433695,82474.0,65.0,-10.603608180621494,-0.26636136703006075,3.942392707100174,11.315914239821096,0.6609182780459033,True,walking_dual_task,P05,28,0.595
2026-04-03T01:32:16.335856,1237.4659028305148,82474.0,64.0,-10.903517236574825,-0.44083249074909253,3.9045343590464716,11.589927090976836,0.2740128511557405,True,walking_dual_task,P05,28,0.595
2026-04-03T01:32:16.336143,1266.861318898371,82499.0,64.0,-10.564317279529817,-0.46677975316138076,3.4438500486966803,11.121276279206528,0.4686508117703081,True,walking_dual_task,P05,28,0.595
2026-04-03T01:32:16.336691,1142.303298651337,82499.0,63.0,-10.239424458333161,-0.08315942298531342,3.4012510601149413,10.789867353284544,0.3314089259219841,True,walking_dual_task,P05,28,0.595
2026-04-03T01:32:16.455891,1311.8106241701676,82536.0,63.0,-10.381651681471148,0.027878694653624886,3.1806591885279927,10.857995290594662,0.06812793731011801,True,walking_dual_task,P05,28,0.595
2026-04-03T01:32:16.456212,1192.1192969006904,82536.0,64.0,-9.948907871296774,-0.3982252476851381,3.1370754088307757,10.43937705517602,0.4186182354186414,True,walking_dual_task,P05,28,0.595
2026-04-03T01:32:16.456574,1132.1707292945855,82565.0,63.0,-9.8583358073483,-0.2324878530713027,3.0624298754774806,10.32566279879836,0.1137142563776603,True,walking_dual_task,P05,28,0.595
2026-04-03T01:32:16.457246,1201.2322965943235,82565.0,63.0,-9.07977053412067,-0.8604456493106438,2.538529153457014,9.467139479835224,0.8585233189631367,True,walking_dual_task,P05,28,0.595
2026-04-03T01:32:16.458227,1232.2307890600496,82660.0,64.0,-8.486265857185323,-0.5810263859332724,2.0943388635658264,8.760168670489298,0.7069708093459255,True,walking_dual_task,P05,28,0.595
2026-04-03T01:32:16.458940,1251.3336463631308,82660.0,65.0,-8.600327248993109,-0.37909645833751954,2.3002828184908313,8.910703898095905,0.15053522760660698,True,walking_dual_task,P05,28,0.595
2026-04-03T01:32:16.515676,1193.3618687439239,82747.0,65.0,-7.9607194323817945,-0.18071749375373253,2.3538651540599775,8.303396525347177,0.6073073727487284,True,walking_dual_task,P05,28,0.595
2026-04-03T01:32:16.516100,1236.5421176960888,82747.0,64.0,-8.06149598704047,-0.21592946874228183,2.11482393260803,8.337075227588667,0.033678702241489944,True,walking_dual_task,P05,28,0.595
2026-04-03T01:32:16.575774,1176.4068704826175,82805.0,64.0,-7.661593710523118,-0.4135574823332044,2.3553388178638874,8.026124153242188,0.3109510743464785,True,walking_dual_task,P05,28,0.595
2026-04-03T01:32:16.635449,1246.5356921858788,82805.0,65.0,-7.472226380391703,-0.30936410965125727,2.372263744345088,7.845859322272875,0.18026483096931312,True,walking_dual_task,P05,28,0.595
2026-04-03T01:32:16.636564,1316.6032765989764,82883.0,65.0,-7.474419246832022,-0.5788403271145833,2.392695480839246,7.869370423721051,0.02351110144817614,True,walking_dual_task,P05,28,0.595
2026-04-03T01:32:16.636673,1249.2157079725164,82883.0,63.0,-7.538313819962669,-0.3147338460526185,2.6238597704067654,7.988108207632786,0.11873778391173495,True,walking_dual_task,P05,28,0.595
2026-04-03T01:32:16.637350,1200.771408985376,82939.0,65.0,-7.409319679566033,-0.4683373625769352,2.636623471697015,7.878397129536797,0.10971107809598912,True,walking_dual_task,P05,28,0.595
2026-04-03T01:32:16.637915,1190.5750443196625,82939.0,63.0,-7.68451411078061,-0.28352174341942527,2.481455302733401,8.080208049131013,0.20181091959421593,True,walking_dual_task,P05,28,0.595
2026-04-03T01:32:16.638689,1223.6106896085307,82874.0,64.0,-7.701597077200672,-0.4667807919720612,2.3140682739570915,8.055271182513644,0.02493686661736838,True,walking_dual_task,P05,28,0.595
2026-04-03T01:32:16.695821,1258.6876970826056,82874.0,65.0,-7.666992118402749,-0.21716175139276309,2.5015540404244905,8.06769483725568,0.012423654742034884,True,walking_dual_task,P05,28,0.595
2026-04-03T01:32:16.755756,1189.6773515653645,82748.0,64.0,-7.702425148696639,-0.5430896422068262,2.379714029789945,8.079934306312513,0.012239469056833485,True,walking_dual_task,P05,28,0.595
2026-04-03T01:32:16.756107,1288.0789534531207,82748.0,62.0,-7.571022511363034,-0.5272209742687485,2.4339338872499243,7.97009272159228,0.10984158472023253,True,walking_dual_task,P05,28,0.595
2026-04-03T01:32:16.756850,1204.6337715681077,82659.0,64.0,-7.516043209377077,-0.08225719880529819,2.588642139235166,7.94976351201736,0.02032920957492035,True,walking_dual_task,P05,28,0.595
2026-04-03T01:32:16.757412,1238.0713702012645,82659.0,65.0,-7.453091680785356,-0.43104417739729894,2.453978476833099,7.858523083240266,0.09124042877709382,True,walking_dual_task,P05,28,0.595
2026-04-03T01:32:16.757926,1190.548471054801,82571.0,63.0,-7.384706780686462,-0.30443005279312096,2.6508953158784747,7.851994515376757,0.006528567863509416,True,walking_dual_task,P05,28,0.595
2026-04-03T01:32:16.815609,1252.797951741994,82571.0,63.0,-7.558567050018175,-0.2745249268058866,2.4285858600458945,7.943886269621004,0.091891754244247,True,walking_dual_task,P05,28,0.595
2026-04-03T01:32:16.815788,1395.8141596913238,82632.0,65.0,-7.504601789976786,-0.5622689774449594,2.4525780305968854,7.915196360500874,0.028689909120129364,True,walking_dual_task,P05,28,0.595
2026-04-03T01:32:16.875593,1205.418975228165,82632.0,65.0,-10.274101394998876,-1.2789744363966662,4.5213311424985,11.29758250174792,3.3823861412470455,True,walking_dual_task,P05,28,0.595
2026-04-03T01:32:16.876045,1292.5640820578287,82796.0,63.0,-10.003347393595357,-0.6728347463096102,4.922206376772624,11.169054628227656,0.12852787352026418,True,walking_dual_task,P05,28,0.595
2026-04-03T01:32:16.877028,1212.9115337548258,82796.0,64.0,-9.631725071023144,-0.9223533933981682,5.498301707778268,11.12888967039598,0.04016495783167606,True,walking_dual_task,P05,28,0.595
2026-04-03T01:32:16.877287,1131.3682210285479,82902.0,63.0,-9.644786332306557,-0.733952411745217,5.739508931291971,11.247335342690477,0.11844567229449687,True,walking_dual_task,P05,28,0.595
2026-04-03T01:32:16.935557,1212.8418897411377,82902.0,63.0,-8.881370606552489,-1.1940004411003642,5.660410695186913,10.599274981925358,0.6480603607651183,True,walking_dual_task,P05,28,0.595
2026-04-03T01:32:16.995471,1189.2753929335306,82892.0,63.0,-9.040571654222033,-1.0943878631325203,5.48533135865091,10.63101503828744,0.031740056362082214,True,walking_dual_task,P05,28,0.595
2026-04-03T01:32:16.996048,1295.0992077254684,82892.0,64.0,-9.051102234342311,-0.18974796417908057,4.994463562224147,10.339396608159065,0.2916184301283753,True,walking_dual_task,P05,28,0.595
2026-04-03T01:32:16.996756,1250.6282325119387,82719.0,63.0,-9.230996814518303,-0.4690295074405308,4.486618793872657,10.274290197869062,0.06510641029000297,True,walking_dual_task,P05,28,0.595
2026-04-03T01:32:16.997482,1265.3266660401903,82719.0,64.0,-8.851411435369146,-0.33030497938881265,4.5861610002873645,9.974440259891756,0.2998499379773065,True,walking_dual_task,P05,28,0.595
2026-04-03T01:32:16.998067,1358.8464274044222,82681.0,65.0,-9.02022547145678,-0.9375793936692091,4.697594023361056,10.213271380104825,0.23883112021306907,True,walking_dual_task,P05,28,0.595
2026-04-03T01:32:17.055705,1235.9695299003208,82681.0,63.0,-8.86835619164883,-0.9991115761556532,4.89562190983508,10.179051005256907,0.03422037484791751,True,walking_dual_task,P05,28,0.595
2026-04-03T01:32:17.056323,1215.1629080025882,82632.0,63.0,-8.908911345354028,-0.8823983438713269,5.199997671369565,10.353130153673018,0.17407914841611039,True,walking_dual_task,P05,28,0.595
2026-04-03T01:32:17.175543,1257.3262477832932,82632.0,65.0,-8.115056149000374,-0.857128929550421,5.100482420533806,9.623083041597189,0.7300471120758285,True,walking_dual_task,P05,28,0.595
2026-04-03T01:32:17.235782,1227.1634831956508,82595.0,65.0,-8.103638120533617,-0.5745990366710194,5.343057412122173,9.72354757024115,0.10046452864396116,True,walking_dual_task,P05,28,0.595
2026-04-03T01:32:17.235990,1165.934883948789,82595.0,63.0,-7.646396886969539,-1.2061547262627956,5.099912266082136,9.269913683442718,0.453633886798432,True,walking_dual_task,P05,28,0.595
2026-04-03T01:32:17.236790,1393.897068727863,82608.0,63.0,-8.278238991315124,-0.9518980569650703,5.240657517807541,9.84377173278295,0.573858049340231,True,walking_dual_task,P05,28,0.595
2026-04-03T01:32:17.237336,1214.9146939115103,82608.0,64.0,-8.07880698446928,-0.8901897309808813,4.36757799098713,9.226879079992791,0.6168926527901579,True,walking_dual_task,P05,28,0.595
2026-04-03T01:32:17.238194,1205.9622991289632,82639.0,64.0,-7.874883645788821,-0.7867253293079673,4.3795052312067595,9.045042578598197,0.18183650139459395,True,walking_dual_task,P05,28,0.595
2026-04-03T01:32:17.238907,1185.7285772313169,82639.0,63.0,-7.9426159073515015,-0.973600001952744,4.251015009903617,9.06113530579592,0.016092727197722922,True,walking_dual_task,P05,28,0.595
2026-04-03T01:32:17.295487,1299.1765248272932,82687.0,63.0,-7.788248069086403,-0.7855537786245644,4.272669219770548,8.917937260729865,0.1431980450660557,True,walking_dual_task,P05,28,0.595
2026-04-03T01:32:17.296090,1239.2661161018718,82687.0,63.0,-7.8092410060247195,-0.5912257301946364,4.1634037888427935,8.869482739324356,0.048454521405508544,True,walking_dual_task,P05,28,0.595
2026-04-03T01:32:17.296635,1190.2589889040005,82711.0,65.0,-7.617964155270268,-0.18788511280133954,4.53035356089318,8.865257022404514,0.004225716919842526,True,walking_dual_task,P05,28,0.595
2026-04-03T01:32:17.297229,1299.584256070382,82711.0,62.0,-8.501429862941626,0.29545239918272437,4.623851076898926,9.682024613480273,0.8167675910757595,True,walking_dual_task,P05,28,0.595
2026-04-03T01:32:17.298034,1151.4930127498408,82732.0,64.0,-8.218279149774382,0.30967707226990565,4.695797056293513,9.470296830965797,0.2117277825144761,True,walking_dual_task,P05,28,0.595
2026-04-03T01:32:17.298670,1224.494006093327,82732.0,65.0,-9.096754575462274,0.3025127443683459,4.7110109407658225,10.248711228769906,0.7784143978041094,True,walking_dual_task,P05,28,0.595
2026-04-03T01:32:17.355872,1229.9949735532816,82624.0,64.0,-9.198825208452247,0.3056095933739764,4.726465965195603,10.346558024742873,0.0978467959729663,True,walking_dual_task,P05,28,0.595
2026-04-03T01:32:17.356277,1311.9819690767958,82624.0,63.0,-10.611707596421446,0.23752633836357265,5.1806525389477445,11.811177655198941,1.4646196304560686,True,walking_dual_task,P05,28,0.595
2026-04-03T01:32:17.356765,1245.724443771664,82417.0,63.0,-10.410364254033398,0.28117641363024654,5.087146056689187,11.590245859313196,0.22093179588574507,True,walking_dual_task,P05,28,0.595
2026-04-03T01:32:17.415762,1306.4001186476657,82417.0,63.0,-10.72886166531434,0.00018359794043974753,5.007311745708064,11.839832920521545,0.24958706120834862,True,walking_dual_task,P05,28,0.595
2026-04-03T01:32:17.415981,1262.03675938086,82351.0,64.0,-11.007691406861149,-0.35173444365490264,4.482225953976611,11.890472519207954,0.050639598686409215,True,walking_dual_task,P05,28,0.595
2026-04-03T01:32:17.416731,1247.496737424769,82351.0,64.0,-10.903622592595074,-0.311504207179036,4.787658213764271,11.912501487289076,0.022028968081121647,True,walking_dual_task,P05,28,0.595
2026-04-03T01:32:17.475735,1182.1237458647997,82349.0,63.0,-10.793926430427042,-0.5113845401588596,4.592549853876906,11.741459708815158,0.1710417784739171,True,walking_dual_task,P05,28,0.595
2026-04-03T01:32:17.476548,1225.7052099048965,82349.0,63.0,-11.19291209221714,-0.28678192392606494,4.353771566203299,12.013278146562318,0.2718184377471591,True,walking_dual_task,P05,28,0.595
2026-04-03T01:32:17.477055,1275.6424534325392,82322.0,63.0,-11.514893899232696,-0.3149374548698426,4.396300182063638,12.329615663185898,0.31633751662358023,True,walking_dual_task,P05,28,0.595
2026-04-03T01:32:17.535496,1273.0750830172929,82322.0,65.0,-11.452151917167392,-0.31156247445430346,3.5604989101455384,11.996916570457445,0.33269909272845233,True,walking_dual_task,P05,28,0.595
2026-04-03T01:32:17.535998,1219.5216830500449,82328.0,63.0,-9.834348045960754,-0.2624682368798294,2.9450633196521214,10.269210730198465,1.7277058402589809,True,walking_dual_task,P05,28,0.595
2026-04-03T01:32:17.536713,1246.4796191188875,82328.0,64.0,-9.790625143994097,-0.2847438725120702,2.718756985049896,10.165090227189339,0.1041205030091259,True,walking_dual_task,P05,28,0.595
2026-04-03T01:32:17.595620,1211.125272432815,82426.0,64.0,-9.274898472052682,0.24071377288909818,2.45444674288105,9.59718675451213,0.5679034726772088,True,walking_dual_task,P05,28,0.595
2026-04-03T01:32:17.655977,1229.594246575348,82426.0,64.0,-9.333117133210612,0.4166158631335307,2.5189455686067848,9.67603901280104,0.07885225828890974,True,walking_dual_task,P05,28,0.595
2026-04-03T01:32:17.656306,1283.867949964335,82480.0,65.0,-9.080557405382951,0.28382115469314567,2.62651129907107,9.45704175968651,0.2189972531145301,True,walking_dual_task,P05,28,0.595
2026-04-03T01:32:17.657116,1231.3600100508295,82480.0,63.0,-9.142533540066946,0.4198849707088643,2.6529792143147475,9.528930770630161,0.07188901094365185,True,walking_dual_task,P05,28,0.595
2026-04-03T01:32:17.657489,1203.6551820438933,82485.0,64.0,-9.258652606494682,0.21761854533139896,2.2677445731596593,9.534813651462624,0.005882880832462689,True,walking_dual_task,P05,28,0.595
2026-04-03T01:32:17.658103,1173.2067742634115,82485.0,64.0,-9.096546406579968,0.20848244170869332,2.3588577387597116,9.399725064451104,0.13508858701151993,True,walking_dual_task,P05,28,0.595
2026-04-03T01:32:17.716105,1281.0778477069837,82575.0,64.0,-9.3196860998598,0.2130873364362429,2.773738400037489,9.726025906027187,0.3263008415760833,True,walking_dual_task,P05,28,0.595
2026-04-03T01:32:17.716233,1294.4065689687798,82575.0,63.0,-9.152250526408547,0.17523754486818446,2.26790447812613,9.430683358971475,0.2953425470557125,True,walking_dual_task,P05,28,0.595
2026-04-03T01:32:17.716800,1313.105179445918,82694.0,66.0,-9.05434312337683,0.3516371872557481,2.492267022764708,9.397668488516866,0.03301487045460938,True,walking_dual_task,P05,28,0.595
2026-04-03T01:32:17.775513,1346.623115149785,82694.0,63.0,-9.144431352358614,0.18566166220891633,2.7651265132557654,9.555156704372951,0.15748821585608574,True,walking_dual_task,P05,28,0.595
2026-04-03T01:32:17.775837,1213.7809435165825,82762.0,64.0,-9.059222584875322,0.14375247205069322,2.372216692085267,9.36576695469964,0.18938974967331212,True,walking_dual_task,P05,28,0.595
2026-04-03T01:32:17.776914,1293.5599695581827,82762.0,63.0,-8.821020403721962,0.31615427385809003,2.3945205009707022,9.145713909658824,0.22005304504081558,True,walking_dual_task,P05,28,0.595
2026-04-03T01:32:17.895466,1232.2965054688145,82767.0,65.0,-9.162219205707412,0.2767740135615543,2.6952962136988683,9.554448508814948,0.40873459915612464,True,walking_dual_task,P05,28,0.595
2026-04-03T01:32:17.895792,1270.3685594176063,82767.0,63.0,-7.898763824587781,0.7050426387912089,3.121211865131001,8.522295382475592,1.032153126339356,True,walking_dual_task,P05,28,0.595
2026-04-03T01:32:17.896483,1227.0047035616215,82752.0,63.0,-8.716062043797697,0.1403188064107195,3.500831961958593,9.393894365205213,0.8715989827296209,True,walking_dual_task,P05,28,0.595
2026-04-03T01:32:17.897360,1176.324779175593,82752.0,64.0,-9.00656994570806,-0.9934662339920868,3.7337444763864727,9.800312503178692,0.40641813797347837,True,walking_dual_task,P05,28,0.595
2026-04-03T01:32:17.897904,1113.0119774234522,82681.0,63.0,-9.704081750922612,-0.9972940948136366,3.8356623263747083,10.482180289525154,0.6818677863464622,True,walking_dual_task,P05,28,0.595
2026-04-03T01:32:17.898809,1213.5830167520858,82681.0,62.0,-10.40749713836301,-1.37092006927948,4.286921874591106,11.339008672729518,0.8568283832043644,True,walking_dual_task,P05,28,0.595
2026-04-03T01:32:17.955673,1168.7417376547487,82579.0,64.0,-10.495515982358818,-1.3602170970778555,4.3859343946147575,11.456110456913244,0.11710178418372585,True,walking_dual_task,P05,28,0.595
2026-04-03T01:32:18.015749,1215.1106096363962,82579.0,65.0,-11.107878872449033,-1.2671264146315293,4.687930687815497,12.123006084689507,0.6668956277762632,True,walking_dual_task,P05,28,0.595
2026-04-03T01:32:18.016243,1191.9177599478426,82423.0,62.0,-10.64307021834742,-1.0032889707190542,4.584662088160525,11.631881141675095,0.49112494301441245,True,walking_dual_task,P05,28,0.595
2026-04-03T01:32:18.016864,1204.7793671839368,82423.0,63.0,-10.638903641350565,-1.399683405360783,4.556838821878764,11.658051482720692,0.026170341045597567,True,walking_dual_task,P05,28,0.595
2026-04-03T01:32:18.017451,1227.3346121168483,82271.0,63.0,-10.037408566021442,-1.042633496483981,4.794796061991919,11.172588088948963,0.4854633937717292,True,walking_dual_task,P05,28,0.595
2026-04-03T01:32:18.018057,1350.9007805981626,82271.0,65.0,-9.993221316024766,-0.8155739943445454,4.87977273947542,11.15086611883715,0.02172197011181254,True,walking_dual_task,P05,28,0.595
2026-04-03T01:32:18.075652,1205.8949193299025,82291.0,64.0,-9.473978259417212,-0.7733870388853581,5.048528197955521,10.762993474743812,0.38787264409333844,True,walking_dual_task,P05,28,0.595
2026-04-03T01:32:18.076547,1202.5180683971375,82291.0,63.0,-8.692961552824915,-0.5969165225424378,4.658019789104984,9.880335938087832,0.8826575366559801,True,walking_dual_task,P05,28,0.595
2026-04-03T01:32:18.077107,1082.0512479522256,82330.0,64.0,-8.884353751702587,-0.351687880028978,4.824517095766331,10.11589794124539,0.2355620031575576,True,walking_dual_task,P05,28,0.595
2026-04-03T01:32:18.135593,1260.2127618098286,82330.0,66.0,-8.260782336696831,-0.6257891374584138,4.781477776728966,9.565284448891015,0.5506134923543744,True,walking_dual_task,P05,28,0.595
2026-04-03T01:32:18.195720,1211.0733110738706,82361.0,64.0,-8.472543064315376,-0.7725079202756242,4.699015279572655,9.719130571261218,0.15384612237020256,True,walking_dual_task,P05,28,0.595
2026-04-03T01:32:18.195893,1220.4601021920614,82361.0,64.0,-8.49854891086457,-1.130996425490688,4.74640007189555,9.799632653692697,0.0805020824314795,True,walking_dual_task,P05,28,0.595
2026-04-03T01:32:18.196859,1156.7565039610943,82397.0,64.0,-8.2424985241414,-1.0664785884118564,4.773951922383632,9.584715721253525,0.21491693243917176,True,walking_dual_task,P05,28,0.595
2026-04-03T01:32:18.197298,1218.6398967743257,82397.0,63.0,-8.966279314812391,-1.1612814595747525,4.771809547959734,10.22315537109675,0.6384396498432245,True,walking_dual_task,P05,28,0.595
2026-04-03T01:32:18.198050,1258.875604518407,82371.0,62.0,-9.398178858372985,-1.0603821492368273,5.742845172887228,11.064829272796901,0.8416739017001511,True,walking_dual_task,P05,28,0.595
2026-04-03T01:32:18.255419,1299.851656934113,82371.0,65.0,-9.421852982197734,-1.0453888300700338,5.427916685090372,10.923663806821683,0.1411654659752184,True,walking_dual_task,P05,28,0.595
2026-04-03T01:32:18.256172,1242.348158237139,82252.0,63.0,-9.19583878806637,-0.9103053938736295,5.5748051338240865,10.79215266785699,0.1315111389646919,True,walking_dual_task,P05,28,0.595
2026-04-03T01:32:18.256865,1271.8379469592924,82252.0,64.0,-8.851963709977559,-0.9022151551902868,5.283247169259502,10.348137724272094,0.44401494358489657,True,walking_dual_task,P05,28,0.595
2026-04-03T01:32:18.315673,1285.8530811083494,82219.0,63.0,-8.133936719253205,-0.49067407167241517,5.058201549819823,9.590990069644887,0.7571476546272073,True,walking_dual_task,P05,28,0.595
2026-04-03T01:32:18.316053,1200.4455345213098,82219.0,64.0,-7.58375530540731,-0.05778605099938373,4.707965940017834,8.92645657875238,0.6645334908925076,True,walking_dual_task,P05,28,0.595
2026-04-03T01:32:18.316841,1124.6077836376453,82283.0,64.0,-7.7051565144164025,0.2137080698298528,5.041724043296886,9.210542295626345,0.28408571687396567,True,walking_dual_task,P05,28,0.595
2026-04-03T01:32:18.375465,1243.3752310499397,82283.0,63.0,-7.437193199732761,0.055213066545339196,4.53443887128994,8.710684648770942,0.49985764685540346,True,walking_dual_task,P05,28,0.595
2026-04-03T01:32:18.376185,1209.1278924320648,82353.0,63.0,-7.563936115711856,0.03995523610367266,4.7663368605852945,8.940508545493167,0.22982389672222503,True,walking_dual_task,P05,28,0.595
2026-04-03T01:32:18.377039,1292.311753603185,82353.0,65.0,-7.600458592378796,0.14607197766552266,4.878413905052899,9.03256497713342,0.09205643164025368,True,walking_dual_task,P05,28,0.595
2026-04-03T01:32:18.435526,1172.1258512098957,82394.0,65.0,-7.736078251453966,-0.1082220918698762,4.929738941736058,9.173927445072623,0.14136246793920293,True,walking_dual_task,P05,28,0.595
2026-04-03T01:32:18.436059,1081.662600430954,82394.0,64.0,-7.861971040492105,-0.27194503435997314,4.65122725678212,9.138843347901446,0.03508409717117722,True,walking_dual_task,P05,28,0.595
2026-04-03T01:32:18.436711,1230.3492294810837,82402.0,64.0,-8.338229486998971,-0.15971175319816425,4.956634405894226,9.701536138965992,0.5626927910645456,True,walking_dual_task,P05,28,0.595
2026-04-03T01:32:18.495714,1163.2401116463434,82402.0,63.0,-8.71563096343334,-0.5744719435286114,5.10320823223164,10.116075096902765,0.41453895793677376,True,walking_dual_task,P05,28,0.595
2026-04-03T01:32:18.496201,1341.783928473038,82355.0,64.0,-8.6308003523896,-0.457326851058663,4.990715865618986,9.980336037571519,0.13573905933124664,True,walking_dual_task,P05,28,0.595
2026-04-03T01:32:18.496592,1302.8577549835186,82355.0,64.0,-9.662843779533999,-0.5293609076508361,5.253796355949398,11.01150076184055,1.031164724269031,True,walking_dual_task,P05,28,0.595
2026-04-03T01:32:18.555679,1149.1515994205643,82250.0,64.0,-10.445336607053575,-0.4208912157441181,4.971449782166297,11.575729747482246,0.5642289856416962,True,walking_dual_task,P05,28,0.595
2026-04-03T01:32:18.615609,1069.002940383928,82250.0,64.0,-10.224130075407555,-0.35080728526442206,4.9387996438252655,11.359913884889112,0.2158158625931339,True,walking_dual_task,P05,28,0.595
2026-04-03T01:32:18.675650,1178.0388063135345,82145.0,64.0,-10.675538357171453,-0.15849777439378945,4.936297289359879,11.762621803359506,0.40270791847039433,True,walking_dual_task,P05,28,0.595
2026-04-03T01:32:18.675938,1200.9951852055501,82145.0,62.0,-10.8963834934257,0.061304924684134524,4.945175360587059,11.966189488577722,0.203567685218216,True,walking_dual_task,P05,28,0.595
2026-04-03T01:32:18.677112,1197.246802067502,82110.0,63.0,-10.611716309704889,-0.06273692811009206,4.878778537310026,11.679680602478921,0.286508886098801,True,walking_dual_task,P05,28,0.595
2026-04-03T01:32:18.677199,1378.281863965875,82110.0,64.0,-10.826862767888302,-0.03591183652032366,5.130632188134031,11.981053113337126,0.3013725108582044,True,walking_dual_task,P05,28,0.595
2026-04-03T01:32:18.678017,1216.2849664292316,82031.0,64.0,-10.649501508007987,-0.2091719248421517,5.020082813650486,11.775265038168591,0.2057880751685346,True,walking_dual_task,P05,28,0.595
2026-04-03T01:32:18.678725,1211.0067069364736,82031.0,63.0,-10.702345140719283,-0.237401305196218,4.869157460490923,11.760325049327545,0.014939988841046414,True,walking_dual_task,P05,28,0.595
2026-04-03T01:32:18.735573,1389.0026014968207,81977.0,65.0,-10.567051803828525,-0.17686817597264587,4.9608015264254215,11.674905479748107,0.08541956957943775,True,walking_dual_task,P05,28,0.595
2026-04-03T01:32:18.736022,1261.6680455242742,81977.0,64.0,-10.742722455104298,-0.2878763446199628,5.24076953421675,11.956363320339857,0.2814578405917505,True,walking_dual_task,P05,28,0.595
2026-04-03T01:32:18.736620,1204.5497593219957,81982.0,64.0,-10.882682997558131,-0.2225781457700639,5.03770429185011,11.994198380402096,0.03783506006223902,True,walking_dual_task,P05,28,0.595
2026-04-03T01:32:18.737235,1340.5434970902315,81982.0,64.0,-10.73583624104816,0.009573227347761351,5.216880425976129,11.936252042421767,0.05794633798032933,True,walking_dual_task,P05,28,0.595
2026-04-03T01:32:18.795692,1228.0263207393054,82006.0,64.0,-10.644698029958185,-0.06725237387382521,5.50155300602917,11.982537482058461,0.04628543963669429,True,walking_dual_task,P05,28,0.595
2026-04-03T01:32:18.796310,1210.1027725700421,82006.0,63.0,-10.804320134807208,-0.21206056802994638,5.04012918219366,11.923976074829811,0.05856140722865,True,walking_dual_task,P05,28,0.595
2026-04-03T01:32:18.915602,1234.8191208346564,82093.0,62.0,-10.73923592478304,-0.089804583844598,4.9867103899138066,11.84088398829684,0.08309208653297162,True,walking_dual_task,P05,28,0.595
2026-04-03T01:32:18.916261,1232.4030166579976,82093.0,65.0,-7.742600237281901,0.25006516309484167,3.089536246444401,8.340001513084104,3.5008824752127357,True,walking_dual_task,P05,28,0.595
2026-04-03T01:32:18.916780,1360.489426537185,82189.0,63.0,-7.615182131652201,-0.051487482249713945,3.12533841612828,8.231730685244179,0.10827082783992559,True,walking_dual_task,P05,28,0.595
2026-04-03T01:32:18.917781,1125.546381230457,82189.0,65.0,-7.701900062069438,-0.024360223770629894,3.4680460679701732,8.446727266590933,0.21499658134675492,True,walking_dual_task,P05,28,0.595
2026-04-03T01:32:18.918230,1282.0884853451544,82221.0,64.0,-7.297843124291171,-0.0651879657655034,3.5082638849963095,8.097572427858486,0.34915483873244746,True,walking_dual_task,P05,28,0.595
2026-04-03T01:32:18.918700,1241.5703079496686,82221.0,64.0,-7.848918120799407,-0.12343491832276957,3.553028081294991,8.616539931581901,0.5189675037234149,True,walking_dual_task,P05,28,0.595
2026-04-03T01:32:18.975627,1331.9454347091164,82224.0,65.0,-7.655636341747737,-0.32318111465627597,3.540874278417485,8.44103100844427,0.175508923137631,True,walking_dual_task,P05,28,0.595
2026-04-03T01:32:18.975934,1273.6813396178632,82224.0,64.0,-7.609783801655987,-0.09732661292446693,3.1102049854717766,8.221414539431928,0.2196164690123421,True,walking_dual_task,P05,28,0.595
2026-04-03T01:32:18.976792,1167.6042061247856,82264.0,65.0,-7.715352151467009,0.025840411826044185,3.479258547605886,8.463602459302928,0.2421879198710002,True,walking_dual_task,P05,28,0.595
2026-04-03T01:32:18.977319,1202.8444602680408,82264.0,65.0,-7.884850755009608,-0.0465887385932504,3.437796558117182,8.601830451383103,0.138227992080175,True,walking_dual_task,P05,28,0.595
2026-04-03T01:32:19.035564,1183.2972436762907,82337.0,63.0,-8.17411880811568,-0.20727063040385268,3.0396907122248056,8.723468291305027,0.12163783992192378,True,walking_dual_task,P05,28,0.595
2026-04-03T01:32:19.036144,1196.3127039246906,82337.0,63.0,-7.705452515641685,-0.388126563123638,3.165264577877316,8.339276979917132,0.38419131138789453,True,walking_dual_task,P05,28,0.595
2026-04-03T01:32:19.036772,1190.9622924563994,82377.0,65.0,-8.581838226420734,-0.2366884832672422,3.7570332803653606,9.371193512693056,1.0319165327759237,True,walking_dual_task,P05,28,0.595
2026-04-03T01:32:19.095598,1211.9568097585634,82377.0,64.0,-8.886768546506405,-0.12794710257776065,3.868489280838888,9.693102443294354,0.3219089306012979,True,walking_dual_task,P05,28,0.595
2026-04-03T01:32:19.096067,1259.5319741062003,82318.0,64.0,-9.744110803705722,-0.49015734557413915,4.397948999141765,10.701864556112028,1.0087621128176743,True,walking_dual_task,P05,28,0.595
2026-04-03T01:32:19.096810,1248.0524282378497,82318.0,63.0,-10.90439652062994,-0.9937678666742951,5.191777692590774,12.118085395855399,1.4162208397433709,True,walking_dual_task,P05,28,0.595
2026-04-03T01:32:19.155612,1211.7855229698828,82232.0,64.0,-10.689279298758773,-1.0069662585535233,4.96069972550698,11.827223458588374,0.2908619372670245,True,walking_dual_task,P05,28,0.595
2026-04-03T01:32:19.156180,1177.4325138774395,82232.0,63.0,-10.838018917152729,-1.8513871449580188,5.225464526649136,12.17356841391811,0.3463449553297355,True,walking_dual_task,P05,28,0.595
2026-04-03T01:32:19.156711,1205.8881178785443,82162.0,63.0,-11.064875149474329,-1.7261927252621958,5.57758111992032,12.510819899091118,0.33725148517300774,True,walking_dual_task,P05,28,0.595
2026-04-03T01:32:19.215724,1328.1994445413545,82162.0,63.0,-10.288264515492624,-1.4096073772846747,5.562041665504786,11.780139523267598,0.7306803758235194,True,walking_dual_task,P05,28,0.595
2026-04-03T01:32:19.216091,1152.0937447111537,82148.0,63.0,-9.16132788595557,-0.8114414773991566,5.615707768186684,10.776109671068829,1.0040298521987694,True,walking_dual_task,P05,28,0.595
2026-04-03T01:32:19.216781,1199.615219075137,82148.0,62.0,-39.202059528636006,41.037557983112976,-15.586533498613342,44.75711809306681,0.36089278462156393,True,walking_dual_task,P05,28,0.595
2026-04-03T01:32:19.275974,1270.744102946356,82255.0,65.0,-8.094252113099282,-0.691426975279505,5.430814663162031,9.771833831895224,0.6433830545520411,True,walking_dual_task,P05,28,0.595
2026-04-03T01:32:19.276556,1192.645729250489,82255.0,64.0,-8.345649430434243,-0.4513086810274078,5.264262170794541,9.877550310888653,0.10571647899342906,True,walking_dual_task,P05,28,0.595
2026-04-03T01:32:19.277059,1246.5757449743176,82383.0,63.0,-8.382893765023612,-0.908148943811446,4.7509737101288705,9.678294972470786,0.19925533841786702,True,walking_dual_task,P05,28,0.595
2026-04-03T01:32:19.335522,1134.9386731284374,82383.0,64.0,-8.544171208781712,-1.6817309785018182,4.889697366451165,9.987002606613583,0.308707634142797,True,walking_dual_task,P05,28,0.595
2026-04-03T01:32:19.336088,1259.2200696821008,82339.0,66.0,-8.744760244350472,-1.456207727257738,4.63228268149178,10.002470470706042,0.015467864092459038,True,walking_dual_task,P05,28,0.595
2026-04-03T01:32:19.336656,1180.01427132245,82339.0,64.0,-8.782986055479784,-2.321745736473174,5.184142559991334,10.459764882534273,0.45729441182823116,True,walking_dual_task,P05,28,0.595
2026-04-03T01:32:19.395524,1291.265868294474,82255.0,63.0,-8.944728847271184,-1.997576827018475,5.098886458015275,10.487951680036385,0.02818679750211217,True,walking_dual_task,P05,28,0.595
2026-04-03T01:32:19.395965,1244.8043060779191,82255.0,64.0,-8.977249381895057,-2.6618645215144006,5.533337260978776,10.876320629669225,0.38836894963283974,True,walking_dual_task,P05,28,0.595
2026-04-03T01:32:19.396620,1259.3155991097278,82254.0,63.0,-8.506867021511528,-2.3481926552146097,5.422218211555699,10.35766603059833,0.5186545990708957,True,walking_dual_task,P05,28,0.595
2026-04-03T01:32:19.455730,1205.30278406943,82254.0,63.0,-8.523026532389345,-2.2707262425479886,5.276742092494414,10.278238470239499,0.07942756035883036,True,walking_dual_task,P05,28,0.595
2026-04-03T01:32:19.456163,1328.30848465809,82285.0,64.0,-8.449320683000934,-2.389803279243885,5.125345941448722,10.167170242363264,0.11106822787623472,True,walking_dual_task,P05,28,0.595
2026-04-03T01:32:19.456716,1169.4525152817166,82285.0,63.0,-8.44933365429012,-2.1603193056058907,5.080358327001059,10.092980701181498,0.07418954118176657,True,walking_dual_task,P05,28,0.595
2026-04-03T01:32:19.516047,1156.281027352473,82305.0,62.0,-8.132179614791951,-2.2061520243145414,4.999824304417749,9.79784134984188,0.29513935133961766,True,walking_dual_task,P05,28,0.595
2026-04-03T01:32:19.635783,1179.978630284696,82305.0,63.0,-8.069372913578391,-2.2388323502517085,4.789690552760594,9.647190528963876,0.1506508208780044,True,walking_dual_task,P05,28,0.595
2026-04-03T01:32:19.636116,1331.5175221448753,82336.0,63.0,-7.712793332577639,-2.2840458812297055,4.55896238814739,9.245982080620697,0.40120844834317815,True,walking_dual_task,P05,28,0.595
2026-04-03T01:32:19.636705,1375.9875065471135,82336.0,63.0,-7.761709052876461,-2.24253080211573,4.235074247352108,9.121892659998103,0.1240894206225942,True,walking_dual_task,P05,28,0.595
2026-04-03T01:32:19.637333,1289.7348694099876,82359.0,63.0,-7.34566465074644,-2.2455248305601194,4.343338446578757,8.82415773813099,0.2977349218671126,True,walking_dual_task,P05,28,0.595
2026-04-03T01:32:19.638073,1135.31739817752,82359.0,65.0,-7.474694330256385,-2.3747750405616492,4.426647245891097,9.005876840352459,0.18171910222146792,True,walking_dual_task,P05,28,0.595
2026-04-03T01:32:19.639089,1283.5018242215895,82355.0,62.0,-7.242632001965503,-2.2088536924719255,4.242609433910503,8.679544213802249,0.3263326265502098,True,walking_dual_task,P05,28,0.595
2026-04-03T01:32:19.695823,1091.2618961816688,82355.0,63.0,-7.339563553391247,-2.2046968444097113,4.6099034743565115,8.943214823144054,0.26367060934180486,True,walking_dual_task,P05,28,0.595
2026-04-03T01:32:19.695953,1242.1504018197907,82338.0,64.0,-7.313572849057735,-2.3863437785598482,4.326099611565567,8.825991292604675,0.11722353053937873,True,walking_dual_task,P05,28,0.595
2026-04-03T01:32:19.696697,1193.4645417620536,82338.0,65.0,-7.253735211222001,-2.0760226902376115,4.274401283131252,8.671623322892744,0.1543679697119309,True,walking_dual_task,P05,28,0.595
2026-04-03T01:32:19.697577,1296.7898452427953,82325.0,63.0,-7.439577441735531,-2.102343865615277,4.478258288276524,8.934313601916363,0.2626902790236194,True,walking_dual_task,P05,28,0.595
2026-04-03T01:32:19.697880,1144.6334596503855,82325.0,64.0,-7.448779684442075,-1.9852944697853392,4.441452321268394,8.896752870638682,0.037560731277681114,True,walking_dual_task,P05,28,0.595
2026-04-03T01:32:19.755586,1315.9793429543288,82290.0,63.0,-7.313442006780222,-2.058730080125147,4.101924686888031,8.634268334158435,0.2624845364802475,True,walking_dual_task,P05,28,0.595
2026-04-03T01:32:19.756116,1264.6628179932752,82290.0,64.0,-7.393434759316384,-2.036398614684982,4.331652258461115,8.807554038800438,0.17328570464200332,True,walking_dual_task,P05,28,0.595
2026-04-03T01:32:19.756836,1259.3472425431262,82229.0,66.0,-7.477187328193617,-1.999538962416696,4.485615524360697,8.945794153428041,0.1382401146276031,True,walking_dual_task,P05,28,0.595
2026-04-03T01:32:19.815661,1300.4886931714286,82229.0,63.0,-7.524911745235062,-2.1773799735122488,4.271945009759778,8.922712283215247,0.02308187021279373,True,walking_dual_task,P05,28,0.595
2026-04-03T01:32:19.875777,1262.4358292234804,82126.0,64.0,-7.324472181149091,-2.185288147640691,4.336483079263703,8.787972605634716,0.13473967758053185,True,walking_dual_task,P05,28,0.595
2026-04-03T01:32:19.876381,1279.4867759948859,82126.0,65.0,-9.841062663260733,-1.1707911302332996,6.153806803953256,11.66561633147768,2.8776437258429652,True,walking_dual_task,P05,28,0.595
2026-04-03T01:32:19.935758,1177.519982501201,82068.0,64.0,-9.155981472487415,-1.0161534815328928,6.085001900523269,11.04046252436627,0.6251538071114116,True,walking_dual_task,P05,28,0.595
2026-04-03T01:32:19.936184,1174.6481345273394,82068.0,63.0,-9.124024216206134,-0.2971344907951408,5.417291784268265,10.615232313964517,0.425230210401752,True,walking_dual_task,P05,28,0.595
2026-04-03T01:32:19.936804,1151.728066157111,82083.0,64.0,-9.469831419392662,-0.5045733239211431,5.449429974623786,10.93748546967069,0.3222531557061732,True,walking_dual_task,P05,28,0.595
2026-04-03T01:32:19.937418,1209.9213527107934,82083.0,63.0,-9.63258455942703,-0.6503166967693458,4.834283689226331,10.797217043689026,0.1402684259816649,True,walking_dual_task,P05,28,0.595
2026-04-03T01:32:19.938026,1327.530769672565,82083.0,61.0,-9.601391608708772,-1.059362562648297,4.684137937072287,10.735460776158787,0.06175626753023877,True,walking_dual_task,P05,28,0.595
2026-04-03T01:32:19.938814,1201.046779864382,82083.0,64.0,-9.668863793445672,-0.5092527813536605,4.191974205683874,10.550777847753217,0.18468292840556977,True,walking_dual_task,P05,28,0.595
2026-04-03T01:32:19.995593,1315.5093570137801,82048.0,63.0,-9.70619200606279,-0.5574825900349593,4.281093857838762,10.623027568277044,0.07224972052382661,True,walking_dual_task,P05,28,0.595
2026-04-03T01:32:20.055736,1283.2371336661122,82048.0,65.0,-9.270163631423406,-0.20939923665578863,3.87593082699747,10.050006048224375,0.5730215200526683,True,walking_dual_task,P05,28,0.595
2026-04-03T01:32:20.056228,1228.3032270555482,81950.0,64.0,-9.100055143523285,0.24957903093333184,4.3119142878400325,10.073028250408376,0.023022202184000307,True,walking_dual_task,P05,28,0.595
2026-04-03T01:32:20.056764,1229.0396083686749,81950.0,63.0,-8.953089395241417,0.1573432638806673,3.929051095630963,9.77854841650599,0.2944798339023862,True,walking_dual_task,P05,28,0.595
2026-04-03T01:32:20.057307,1289.890618436174,81891.0,62.0,-8.977733898956368,0.1954353536345217,3.9508941860519102,9.8105792799049,0.03203086339891037,True,walking_dual_task,P05,28,0.595
2026-04-03T01:32:20.058040,1176.1756064456622,81891.0,64.0,-8.99030067543129,0.14156622458608764,4.081373285423911,9.87436859376719,0.0637893138622907,True,walking_dual_task,P05,28,0.595
2026-04-03T01:32:20.115710,1309.5630100161598,81890.0,64.0,-8.464670971415604,-0.007963908642797418,3.9543097224986745,9.342766370814074,0.5316022229531168,True,walking_dual_task,P05,28,0.595
2026-04-03T01:32:20.116041,1212.2060546430057,81890.0,64.0,-8.053621350375943,-0.7270343819345912,4.17402355377316,9.10010266289339,0.24266370792068415,True,walking_dual_task,P05,28,0.595
2026-04-03T01:32:20.116933,1182.9072404414326,81925.0,64.0,-8.223684304867742,-0.9441221751259896,4.562037739907117,9.451589208595003,0.3514865457016132,True,walking_dual_task,P05,28,0.595
2026-04-03T01:32:20.175630,1202.63778484525,81925.0,64.0,-8.061682503074744,-0.7101662969293678,4.106017948496611,9.07493494979728,0.3766542587977231,True,walking_dual_task,P05,28,0.595
2026-04-03T01:32:20.176000,1335.783833774064,81983.0,64.0,-7.744530265783089,-0.7464385780672342,4.365138845929245,8.921286719565614,0.1536482302316653,True,walking_dual_task,P05,28,0.595
2026-04-03T01:32:20.177034,1286.9360157508977,81983.0,63.0,-7.768555700880777,-0.2982093583965375,3.619614124752621,8.575604521620104,0.3456821979455107,True,walking_dual_task,P05,28,0.595
2026-04-03T01:32:20.235826,1226.3166165733476,82077.0,64.0,-7.350512649249742,-0.17101434991269135,2.8516090819330073,7.886124299731734,0.6894802218883695,True,walking_dual_task,P05,28,0.595
2026-04-03T01:32:20.236143,1286.747229952852,82077.0,64.0,-7.451955952288454,-0.3727626670734583,3.2104536452938905,8.122660409582064,0.2365361098503298,True,walking_dual_task,P05,28,0.595
2026-04-03T01:32:20.236676,1171.2403502344578,82175.0,65.0,-7.48965652090457,-0.24639267755145777,3.0538174030418648,8.09206184379486,0.030598565787203214,True,walking_dual_task,P05,28,0.595
2026-04-03T01:32:20.295567,1234.5833783486034,82175.0,64.0,-7.419248559903749,-0.1609175027714923,2.8613701238097264,7.953526426797295,0.13853541699756544,True,walking_dual_task,P05,28,0.595
2026-04-03T01:32:20.296004,1317.4511039962122,82254.0,64.0,-7.702976600938024,-0.8508989715929763,2.593705842374819,8.17234284469429,0.21881641789699469,True,walking_dual_task,P05,28,0.595
2026-04-03T01:32:20.296796,1365.4131557087262,82254.0,63.0,-8.537202598075748,-1.3934614346868501,3.172054368740867,9.213440827877436,1.0410979831831462,True,walking_dual_task,P05,28,0.595
2026-04-03T01:32:20.355800,1214.258279028492,82302.0,65.0,-8.645046112313027,-1.414170066655623,3.084703118273656,9.287200471042421,0.07375964316498518,True,walking_dual_task,P05,28,0.595
2026-04-03T01:32:20.356210,1194.5631269363803,82302.0,64.0,-9.878180952558733,-1.723282973305702,3.4347082007345677,10.59931052294312,1.3121100519006994,True,walking_dual_task,P05,28,0.595
2026-04-03T01:32:20.356831,1247.6825746945349,82310.0,64.0,-10.03601496308197,-1.7626465376765217,3.2530771500676123,10.696309181221354,0.09699865827823295,True,walking_dual_task,P05,28,0.595
2026-04-03T01:32:20.415750,1179.093643098389,82310.0,64.0,-10.635573981566692,-2.4920632677236028,3.146252352532932,11.367705006444115,0.6713958252227616,True,walking_dual_task,P05,28,0.595
2026-04-03T01:32:20.416014,1186.2515369527998,82281.0,64.0,-10.801357603911933,-2.262064200251825,3.1612421026725763,11.479534492537438,0.11182948609332222,True,walking_dual_task,P05,28,0.595
2026-04-03T01:32:20.416689,1115.3628692367167,82281.0,64.0,-10.98398879420409,-1.3558581518178647,3.354187589535145,11.564468666775987,0.08493417423854943,True,walking_dual_task,P05,28,0.595
2026-04-03T01:32:20.475743,1261.1130910099096,82231.0,63.0,-11.051439688251945,-0.6538356422475262,4.768327850671126,12.053993973850716,0.48952530707472874,True,walking_dual_task,P05,28,0.595
2026-04-03T01:32:20.476144,1195.3750938778376,82231.0,63.0,-10.969421489967631,-0.9172972986108355,4.69138516187326,11.965731774348239,0.08826219950247705,True,walking_dual_task,P05,28,0.595
2026-04-03T01:32:20.476775,1251.250977238163,82196.0,64.0,-11.088908338132946,-0.9298770910665565,5.644433648476986,12.477507393228183,0.5117756188799447,True,walking_dual_task,P05,28,0.595
2026-04-03T01:32:20.535633,1167.8452913457922,82196.0,63.0,-10.820168059223539,-0.7855568698780937,5.590571397577161,12.204410062639727,0.2730973305884561,True,walking_dual_task,P05,28,0.595
2026-04-03T01:32:20.536280,1283.0874033742398,82186.0,64.0,-10.16569506669555,-1.4779943719610809,6.013303407836471,11.903177786930875,0.3012322757088519,True,walking_dual_task,P05,28,0.595
2026-04-03T01:32:20.536648,1228.0902271442326,82186.0,65.0,-10.05378965950689,-1.0033923764808297,5.793649126632799,11.64696754444351,0.2562102424873647,True,walking_dual_task,P05,28,0.595
2026-04-03T01:32:20.655807,1207.5355982430094,82223.0,64.0,-9.757121780436167,-0.9631573480543947,5.101329566180842,11.052269489030921,0.5946980554125894,True,walking_dual_task,P05,28,0.595
2026-04-03T01:32:20.656228,1174.7399807315446,82223.0,64.0,-9.762833014092212,-0.9715038740850503,5.127450191243783,11.070116246096832,0.01784675706591088,True,walking_dual_task,P05,28,0.595
2026-04-03T01:32:20.657198,1110.2585244791724,82248.0,65.0,-9.836033908111851,-0.8248993017004762,4.7981089802805625,10.974965680407434,0.09515056568939784,True,walking_dual_task,P05,28,0.595
2026-04-03T01:32:20.715595,1225.821003472233,82248.0,64.0,-9.628018015722132,-0.7290010106004967,5.258921651455862,10.994836529966134,0.019870849558699888,True,walking_dual_task,P05,28,0.595
2026-04-03T01:32:20.716059,1271.716099857043,82207.0,65.0,-9.512039399816953,-0.760193140876199,5.2084020315240105,10.871257465311395,0.12357906465473967,True,walking_dual_task,P05,28,0.595
2026-04-03T01:32:20.716664,1231.721823871345,82207.0,65.0,-9.615202986741915,-0.9828901028485142,5.054157136052988,10.907002603210634,0.035745137899239054,True,walking_dual_task,P05,28,0.595
2026-04-03T01:32:20.717471,1082.7844454435044,82153.0,64.0,-9.658028111607663,-0.9495272963160887,5.132136586298002,10.978066087953367,0.0710634847427336,True,walking_dual_task,P05,28,0.595
2026-04-03T01:32:20.718239,1274.0497490650318,82153.0,62.0,-9.702488300818223,-1.171508062752331,5.349374763881463,11.141208225908896,0.16314213795552845,True,walking_dual_task,P05,28,0.595
2026-04-03T01:32:20.718723,1349.0498813712506,82194.0,64.0,-9.71358523371239,-0.917533257101219,5.073215190884983,10.996959477214977,0.14424874869391857,True,walking_dual_task,P05,28,0.595
2026-04-03T01:32:20.775774,1280.5166998613872,82194.0,64.0,-9.676867227314787,-0.9716653583682601,5.14989169256858,11.004875162804836,0.007915685589859223,True,walking_dual_task,P05,28,0.595
2026-04-03T01:32:20.776226,1235.9266148657375,82184.0,63.0,-9.5160572742885,-1.2347242347765652,5.226271818745786,10.926747325114643,0.07812783769019305,True,walking_dual_task,P05,28,0.595
2026-04-03T01:32:20.776914,1162.0203406086484,82184.0,63.0,-9.504962838550751,-1.1767512964374955,5.165543063644866,10.881723085902694,0.045024239211949535,True,walking_dual_task,P05,28,0.595
2026-04-03T01:32:20.835577,1216.249124171874,82163.0,62.0,-9.717569357959972,-1.1691620565721101,5.088615919752071,11.031414511296578,0.14969142539388436,True,walking_dual_task,P05,28,0.595
2026-04-03T01:32:20.836018,1188.1318264119059,82163.0,63.0,-7.549162709077834,-1.7553816667274267,4.575877043107606,9.000548489822902,2.030866021473676,True,walking_dual_task,P05,28,0.595
2026-04-03T01:32:20.895603,1345.6271316493924,82188.0,63.0,-7.034183734017696,-0.897135478617755,4.858622268423554,8.595975989853338,0.40457249996956435,True,walking_dual_task,P05,28,0.595
2026-04-03T01:32:20.896208,1240.0964374435832,82188.0,62.0,-7.1278962585004235,-0.8446910994804214,4.619457387326135,8.535794906088583,0.06018108376475517,True,walking_dual_task,P05,28,0.595
2026-04-03T01:32:20.896819,1222.642744541107,82201.0,63.0,-7.387780063756773,-0.5516354724178856,5.015773084622981,8.946595754883534,0.4108008487949508,True,walking_dual_task,P05,28,0.595
2026-04-03T01:32:20.955676,1181.5865959579983,82201.0,62.0,-8.046823304499375,-0.44323177174004463,4.981376267142964,9.474277239566575,0.5276814846830415,True,walking_dual_task,P05,28,0.595
2026-04-03T01:32:20.956042,1101.8708224073189,82192.0,61.0,-7.993262299198975,-0.2476842187659875,5.265803033346912,9.575085965255191,0.10080872568861565,True,walking_dual_task,P05,28,0.595
2026-04-03T01:32:20.957103,1244.8522743784458,82192.0,63.0,-8.744245967888927,-0.6979702414946611,5.270317027028035,10.233535145311981,0.65844918005679,True,walking_dual_task,P05,28,0.595
2026-04-03T01:32:21.015890,1240.1110810104997,82154.0,63.0,-8.671085700449813,-0.7727223123697804,5.374258890915336,10.230712859970309,0.0028222853416721705,True,walking_dual_task,P05,28,0.595
2026-04-03T01:32:21.075597,1199.0549878094198,82154.0,62.0,-8.765446818011435,-0.9471505975197732,5.38886486750793,10.332957792134357,0.10224493216404795,True,walking_dual_task,P05,28,0.595
2026-04-03T01:32:21.135718,1309.698177652784,82107.0,63.0,-8.906059345361609,-0.9471455681664629,5.170057963043846,10.341396285397504,0.008438493263147606,True,walking_dual_task,P05,28,0.595
2026-04-03T01:32:21.195997,1229.9982379703056,82107.0,63.0,-8.936590524906473,-0.9352574042100564,4.83706795471934,10.204635369308921,0.13676091608858343,True,walking_dual_task,P05,28,0.595
2026-04-03T01:32:21.256027,1304.8985921528422,82081.0,63.0,-9.511858922141196,-0.6738483844726177,5.1420457934785695,10.833751277475594,0.6291159081666731,True,walking_dual_task,P05,28,0.595
2026-04-03T01:32:21.256137,1260.5138298822983,82081.0,62.0,-9.696970110490794,-1.069171049431081,4.861552625976057,10.899956421556377,0.06620514408078293,True,walking_dual_task,P05,28,0.595
2026-04-03T01:32:21.256852,1202.1617637632742,82030.0,63.0,-10.235541835350128,-1.289675820732946,5.235921684149298,11.5691164860732,0.6691600645168236,True,walking_dual_task,P05,28,0.595
2026-04-03T01:32:21.257455,1150.5704373066947,82030.0,64.0,-10.389592485593308,-0.8472439160309259,4.912168189058702,11.523491249944549,0.04562523612865199,True,walking_dual_task,P05,28,0.595
2026-04-03T01:32:21.258171,1249.0997396830148,81974.0,62.0,-10.320154544812407,-1.234583377866072,4.585272156773069,11.360215961740945,0.1632752882036037,True,walking_dual_task,P05,28,0.595
2026-04-03T01:32:21.258821,1265.7719179024768,81974.0,64.0,-9.950059363490181,-0.6549558742682615,4.662858943274733,11.007947222761121,0.3522687389798236,True,walking_dual_task,P05,28,0.595
2026-04-03T01:32:21.375610,1196.3472419529023,81981.0,62.0,-10.199636621212207,-0.789835760607056,4.582471268279172,11.209615098571003,0.201667875809882,True,walking_dual_task,P05,28,0.595
2026-04-03T01:32:21.375795,1163.590089350167,81981.0,63.0,-9.74569749948249,-0.10079261711765419,4.428154490249532,10.705014296702354,0.5046008018686496,True,walking_dual_task,P05,28,0.595
2026-04-03T01:32:21.376730,1315.36175420233,82004.0,63.0,-9.728208588419681,0.23787131312166682,4.128397624245141,10.57063347417181,0.1343808225305434,True,walking_dual_task,P05,28,0.595
2026-04-03T01:32:21.377226,1147.8823864805408,82004.0,63.0,-9.459617916091156,0.14213379291858816,3.88706749480735,10.228092043128576,0.34254143104323376,True,walking_dual_task,P05,28,0.595
2026-04-03T01:32:21.378013,1168.4856246120712,82044.0,64.0,-9.23800510845283,-0.16222997907505457,3.462353836752226,9.866861255778563,0.36123078735001357,True,walking_dual_task,P05,28,0.595
2026-04-03T01:32:21.378780,1323.4977574876775,82044.0,62.0,-9.319794444583975,-0.10840787063105584,3.5610171721079533,9.977532964403617,0.11067170862505371,True,walking_dual_task,P05,28,0.595
2026-04-03T01:32:21.435845,1193.430115533861,82106.0,63.0,-8.570861690940728,0.020519048434609305,2.8863751609106045,9.043851653256246,0.933681311147371,True,walking_dual_task,P05,28,0.595
2026-04-03T01:32:21.436237,1245.4952492632203,82106.0,62.0,-8.657442991269075,-0.40566278112298626,2.874384717501373,9.131153757508846,0.08730210425260054,True,walking_dual_task,P05,28,0.595
2026-04-03T01:32:21.436909,1275.5503440238133,82074.0,63.0,-8.460585057723963,-0.1612700160115012,2.701583498042657,8.882908360100465,0.2482453974083807,True,walking_dual_task,P05,28,0.595
2026-04-03T01:32:21.437550,1134.301219323512,82074.0,64.0,-8.055271983971792,-0.20203750378446894,2.7747336080926503,8.522169470538307,0.3607388895621586,True,walking_dual_task,P05,28,0.595
2026-04-03T01:32:21.438062,1228.9571210580773,82060.0,62.0,-8.323273044383637,-0.2622498809294259,2.561299695305072,8.712399514518408,0.19023004398010102,True,walking_dual_task,P05,28,0.595
2026-04-03T01:32:21.438992,1153.037164799482,82060.0,62.0,-8.271998030912009,-0.8484634679919651,2.8462579035309186,8.789028713876258,0.07662919935784984,True,walking_dual_task,P05,28,0.595
2026-04-03T01:32:21.495584,1155.5902882639766,82107.0,62.0,-8.325004690598451,-0.4826211051139138,2.5555593065187576,8.721783624851183,0.06724508902507509,True,walking_dual_task,P05,28,0.595
2026-04-03T01:32:21.496153,1276.832457715711,82107.0,64.0,-8.115138131516472,-0.609915724177309,3.137875941153885,8.72202553918892,0.00024191433773701476,True,walking_dual_task,P05,28,0.595
2026-04-03T01:32:21.496524,1145.1468254044776,82135.0,62.0,-7.741718965169591,-0.6819119861020592,2.770570212802341,8.250774254366908,0.47125128482201184,True,walking_dual_task,P05,28,0.595
2026-04-03T01:32:21.497307,1191.4467205722704,82135.0,60.0,-7.548671052028093,-0.7889870898537046,2.698028243922499,8.055078626846932,0.19569562751997616,True,walking_dual_task,P05,28,0.595
2026-04-03T01:32:21.497970,1237.067653000764,82177.0,61.0,-7.406223259608408,-0.8656148830843474,2.7127089640828648,7.934747760376334,0.12033086647059754,True,walking_dual_task,P05,28,0.595
2026-04-03T01:32:21.499233,1214.673910487291,82177.0,63.0,-7.500401741345988,-1.0441764352225176,2.635827945359922,8.018348936470664,0.08360117609433004,True,walking_dual_task,P05,28,0.595
2026-04-03T01:32:21.555694,1206.7344889483377,82265.0,63.0,-7.264639336990815,-1.3384301644782493,2.1431986955769387,7.691533049429243,0.3268158870414215,True,walking_dual_task,P05,28,0.595
2026-04-03T01:32:21.556168,1104.9325786524323,82265.0,62.0,-8.076003837024725,-1.6469512216828077,2.65190609968612,8.658342350807862,0.9668093013786194,True,walking_dual_task,P05,28,0.595
2026-04-03T01:32:21.556801,1199.5086408049815,82345.0,62.0,-8.14847055500221,-1.8396170357884682,2.9159335413897645,8.847848983900157,0.18950663309229476,True,walking_dual_task,P05,28,0.595
2026-04-03T01:32:21.615492,1162.5197399887784,82345.0,63.0,-7.9297459691193435,-1.9874738871962068,2.807761658647657,8.643752027842025,0.20409695605813205,True,walking_dual_task,P05,28,0.595
2026-04-03T01:32:21.616151,1202.3914853498266,82361.0,63.0,-7.825734313566792,-1.8673340910223926,2.758371196147707,8.50515524901036,0.13859677883166555,True,walking_dual_task,P05,28,0.595
2026-04-03T01:32:21.616731,1161.4355594031997,82361.0,62.0,-8.14839535077334,-1.928523072284339,2.794612428778414,8.82753683990729,0.3223815908969314,True,walking_dual_task,P05,28,0.595
2026-04-03T01:32:21.675568,1215.4460907098119,82318.0,62.0,-7.962173196136597,-1.7774062891588347,2.727621198187583,8.602051646137665,0.22548519376962517,True,walking_dual_task,P05,28,0.595
2026-04-03T01:32:21.676096,1169.3652396181983,82318.0,64.0,-7.93147929205584,-1.6134123850554114,2.8436702744788094,8.578923237476554,0.023128408661111877,True,walking_dual_task,P05,28,0.595
2026-04-03T01:32:21.676969,1225.1727281858032,82031.0,64.0,-7.923492376967386,-1.9938312453511304,2.764643267931374,8.62556356893374,0.046640331457187045,True,walking_dual_task,P05,28,0.595
2026-04-03T01:32:21.735509,1317.0284187600198,82031.0,63.0,-8.114673048546218,-2.0102107869108226,2.771511422587112,8.807391308335621,0.18182773940188035,True,walking_dual_task,P05,28,0.595
2026-04-03T01:32:21.735900,1212.0174793630354,81939.0,62.0,-7.91031511047902,-1.720576744064211,2.8484471342149833,8.581790055443262,0.22560125289235877,True,walking_dual_task,P05,28,0.595
2026-04-03T01:32:21.736554,1305.4670085344642,81939.0,63.0,-8.049337216331043,-1.813857728368464,2.69728134478641,8.680854573940678,0.09906451849741593,True,walking_dual_task,P05,28,0.595
2026-04-03T01:32:21.795715,1149.955000915098,82078.0,62.0,-7.951725511410673,-2.0090154501772153,2.989661791841322,8.729499373816688,0.048644799876010225,True,walking_dual_task,P05,28,0.595
2026-04-03T01:32:21.796109,1279.9285194059344,82078.0,62.0,-8.159548327671434,-2.0420602589134824,2.8224785696447183,8.872126255230095,0.14262688141340618,True,walking_dual_task,P05,28,0.595
2026-04-03T01:32:21.796728,1212.996112810519,82186.0,62.0,-8.20441609314588,-1.914918779714668,2.861261218419954,8.897537475189923,0.025411219959828202,True,walking_dual_task,P05,28,0.595
2026-04-03T01:32:21.855499,1173.2911837483027,82186.0,60.0,-8.450616692487666,0.8974733354855335,4.2238476329965495,9.489956253746866,0.5924187785569437,True,walking_dual_task,P05,28,0.595
2026-04-03T01:32:21.855979,1145.6441334362387,82207.0,63.0,-7.745198380744304,0.11180166016403836,3.9776967995564214,8.707621339809226,0.7823349139376408,True,walking_dual_task,P05,28,0.595
2026-04-03T01:32:21.856732,1258.1762149195113,82207.0,63.0,-7.475289933197989,0.032478241740141536,3.908332104225753,8.435405992510345,0.2722153472988804,True,walking_dual_task,P05,28,0.595
2026-04-03T01:32:21.915588,1242.809620377685,82275.0,59.0,-7.651229510866393,-0.754779433392289,4.254319274408652,8.786935615425307,0.3515296229149616,True,walking_dual_task,P05,28,0.595
2026-04-03T01:32:21.915952,1222.5810320621774,82275.0,59.0,-8.571149201523856,-1.3110644119360795,4.3092673602338465,9.682627417648844,0.8956918022235367,True,walking_dual_task,P05,28,0.595
2026-04-03T01:32:21.916726,1409.6355244921435,82284.0,57.0,-8.690743372157517,-1.2658863062138663,4.27937763942732,9.769573249727449,0.08694583207860518,True,walking_dual_task,P05,28,0.595
2026-04-03T01:32:21.975607,1284.6136900940955,82284.0,60.0,-9.428527684250852,-0.7144956135909546,4.572089489614854,10.502934855342676,0.7333616056152277,True,walking_dual_task,P05,28,0.595
2026-04-03T01:32:21.976026,1160.7209138670737,82153.0,61.0,-9.639352235128925,-1.0986980580974597,4.611598498022317,10.742024466678235,0.23908961133555806,True,walking_dual_task,P05,28,0.595
2026-04-03T01:32:21.976955,1171.3956537170811,82153.0,60.0,-9.206043414135804,-0.6056914952955087,4.204903708477599,10.138999592069979,0.6030248746082556,True,walking_dual_task,P05,28,0.595
2026-04-03T01:32:22.035466,1197.5879351288152,82055.0,59.0,-8.273354956412016,-0.408040038120808,4.13902869105912,9.259938305027061,0.8790612870429175,True,walking_dual_task,P05,28,0.595
2026-04-03T01:32:22.036041,1301.0207001982496,82055.0,59.0,-8.613267197835887,-0.07932603523136895,4.461265702581045,9.700389482397455,0.4404511773703934,True,walking_dual_task,P05,28,0.595
2026-04-03T01:32:22.036708,1252.637110393567,81965.0,60.0,-7.996429183520961,0.0098371933803904,4.308107634954304,9.083103426240994,0.6172860561564608,True,walking_dual_task,P05,28,0.595
2026-04-03T01:32:22.095653,1241.8572107458826,81965.0,58.0,-7.840086938785085,0.016854806651425074,4.62021238008894,9.100198334615728,0.01709490837473382,True,walking_dual_task,P05,28,0.595
2026-04-03T01:32:22.096095,1195.6877391722028,81956.0,60.0,-7.982126859183711,0.08497085649809025,4.401702118367269,9.115730951569102,0.015532616953374045,True,walking_dual_task,P05,28,0.595
2026-04-03T01:32:22.096681,1324.9562064550385,81956.0,61.0,-8.359757752653623,0.08740129772240893,4.42959085013549,9.461208367301714,0.3454774157326117,True,walking_dual_task,P05,28,0.595
2026-04-03T01:32:22.155749,1224.1992865833627,82014.0,61.0,-7.884466171595116,-0.22624756997849524,4.666429348233208,9.1646908096237,0.2965175576780137,True,walking_dual_task,P05,28,0.595
2026-04-03T01:32:22.156252,1240.5398057796735,82014.0,59.0,-8.832643990655884,0.07661530579142006,4.717372772313753,10.01374433684614,0.8490535272224395,True,walking_dual_task,P05,28,0.595
2026-04-03T01:32:22.157058,1144.024853794747,82021.0,59.0,-9.238648718546735,-0.1496282285133204,4.8986177494162115,10.458081784264683,0.444337447418544,True,walking_dual_task,P05,28,0.595
2026-04-03T01:32:22.215767,1206.2635591389,82021.0,60.0,-10.283947405415638,-0.3807446327986716,5.3593296386700064,11.602885627665508,1.1448038434008243,True,walking_dual_task,P05,28,0.595
2026-04-03T01:32:22.216183,1315.3253669935812,81906.0,60.0,-11.223869572829125,-0.1588696162345537,5.075466032546513,12.319125098414068,0.71623947074856,True,walking_dual_task,P05,28,0.595
2026-04-03T01:32:22.216826,1257.3443378559034,81906.0,59.0,-11.15950251646954,0.01817917953979732,5.140591511417939,12.28659871506028,0.032526383353788546,True,walking_dual_task,P05,28,0.595
2026-04-03T01:32:22.275776,1318.0353972395073,81784.0,61.0,-10.994796721812891,-0.2857055081052582,4.965380725415487,12.067401888545719,0.21919682651456007,True,walking_dual_task,P05,28,0.595
2026-04-03T01:32:22.276387,1243.683941827653,81784.0,61.0,-11.33203151415203,-0.30038788161141966,5.0817198041255764,12.422924264632536,0.35552237608681736,True,walking_dual_task,P05,28,0.595
2026-04-03T01:32:22.276916,1292.043856846292,81733.0,58.0,-10.884509607033152,-0.3045384333971115,4.775468598083856,11.889928232512505,0.5329960321200318,True,walking_dual_task,P05,28,0.595
2026-04-03T01:32:22.395781,1389.831376994946,81733.0,59.0,-10.728963859230612,-0.12445168531334999,4.923938902380228,11.80556343547513,0.08436479703737376,True,walking_dual_task,P05,28,0.595
2026-04-03T01:32:22.396186,1242.978418040622,81708.0,60.0,-11.03738269895873,-0.5651837975788674,3.899307415341863,11.719549815912693,0.08601361956243814,True,walking_dual_task,P05,28,0.595
2026-04-03T01:32:22.455864,1167.321640773544,81708.0,61.0,-10.639394654559837,-0.20900109345255774,3.5669714230877876,11.223354454246989,0.49619536166570377,True,walking_dual_task,P05,28,0.595
2026-04-03T01:32:22.515548,1141.7715587740959,81683.0,60.0,-10.449649398920995,-0.2851353461495428,3.5590993166174303,11.042810451671278,0.18054400257571146,True,walking_dual_task,P05,28,0.595
2026-04-03T01:32:22.515946,1241.7901081000082,81683.0,59.0,-9.954548139863638,-0.18257121196802317,3.2061749660415084,10.459728429991543,0.5830820216797346,True,walking_dual_task,P05,28,0.595
2026-04-03T01:32:22.516481,1111.7265748290763,81703.0,59.0,-10.026350334561213,0.16171218153662467,3.330945993861483,10.566411551469825,0.10668312147828196,True,walking_dual_task,P05,28,0.595
2026-04-03T01:32:22.517256,1209.6858086434,81703.0,60.0,-9.444353407768357,-0.14165998642930056,3.08819939709856,9.937447074516717,0.628964476953108,True,walking_dual_task,P05,28,0.595
2026-04-03T01:32:22.518371,1312.6020738215582,81744.0,60.0,-9.04525855821174,0.4120962297160499,3.1404908923323775,9.583799284848965,0.3536477896677521,True,walking_dual_task,P05,28,0.595
2026-04-03T01:32:22.575676,1190.002935966975,81744.0,59.0,-8.776670203065356,0.259916578850599,3.2395488124990854,9.359069023674358,0.22473026117460648,True,walking_dual_task,P05,28,0.595
2026-04-03T01:32:22.576134,1281.0280917633347,81803.0,60.0,-8.142950308212727,0.3622165821343031,2.7930176049085436,8.616251384199735,0.7428176394746231,True,walking_dual_task,P05,28,0.595
2026-04-03T01:32:22.576986,1260.0174847311544,81803.0,60.0,-7.7114681439184025,0.15521224593973426,3.32386894760334,8.3987461300363,0.21750525416343436,True,walking_dual_task,P05,28,0.595
2026-04-03T01:32:22.577465,1171.8856207819954,81902.0,59.0,-8.073582804767206,0.0999358448996675,3.198451609111094,8.684631205431458,0.2858850753951572,True,walking_dual_task,P05,28,0.595
2026-04-03T01:32:22.578425,1258.0832881322744,81902.0,60.0,-6.987149380443437,-0.09560482436062574,3.2724958873604675,7.716127660936106,0.968503544495352,True,walking_dual_task,P05,28,0.595
2026-04-03T01:32:22.635805,1336.680939600791,82030.0,60.0,-6.506243624538844,-0.0033355720366488417,3.2692402185239606,7.281424917851434,0.4347027430846717,True,walking_dual_task,P05,28,0.595
2026-04-03T01:32:22.636231,1219.1739266527488,82030.0,60.0,-6.805811958600588,-0.12709514563285673,3.26675217015115,7.550291340939199,0.26886642308776487,True,walking_dual_task,P05,28,0.595
2026-04-03T01:32:22.636881,1233.2529680410623,82156.0,60.0,-6.688927041274835,0.027012062154831623,3.202192759033198,7.415963395338748,0.13432794560045114,True,walking_dual_task,P05,28,0.595
2026-04-03T01:32:22.637449,1209.45763253376,82156.0,61.0,-6.506244884416202,0.06975397527601684,3.6121002299288505,7.4419994748797755,0.02603607954102749,True,walking_dual_task,P05,28,0.595
2026-04-03T01:32:22.638375,1213.075621822463,82257.0,60.0,-6.793072721921554,0.1775623511823449,3.0701931980397665,7.456772201640718,0.014772726760942767,True,walking_dual_task,P05,28,0.595
2026-04-03T01:32:22.695572,1217.18956895731,82257.0,60.0,-6.781785992175357,-0.10459371251038527,3.3217557978317758,7.552325646368251,0.0955534447275328,True,walking_dual_task,P05,28,0.595
2026-04-03T01:32:22.696192,1253.8059393080207,82360.0,61.0,-6.6460810795227525,-0.10876071875460952,3.312909974607966,7.426815946917716,0.12550969945053492,True,walking_dual_task,P05,28,0.595
2026-04-03T01:32:22.696746,1231.34444551992,82360.0,60.0,-6.617111623929423,0.030579488760876357,3.3438198475026795,7.4140564147589005,0.012759532158815645,True,walking_dual_task,P05,28,0.595
2026-04-03T01:32:22.755538,1125.0834103019768,82270.0,60.0,-6.682824142583145,-0.016024611358210185,3.114784757551966,7.3730780136073015,0.04097840115159901,True,walking_dual_task,P05,28,0.595
2026-04-03T01:32:22.756083,1255.0795611861606,82270.0,62.0,-6.8434481445150235,-0.03786220346964112,3.354116373530653,7.621306495628168,0.2482284820208669,True,walking_dual_task,P05,28,0.595
2026-04-03T01:32:22.756562,1213.0507830122629,82084.0,58.0,-6.831237845292564,0.11657813894984856,3.2429118064718137,7.56279564354298,0.05851085208518825,True,walking_dual_task,P05,28,0.595
2026-04-03T01:32:22.815645,1251.0117962702896,82084.0,59.0,-6.936851229066153,-0.06911720028686365,3.3195855360377093,7.690535110942727,0.1277394673997465,True,walking_dual_task,P05,28,0.595
2026-04-03T01:32:22.816162,1312.8049328492546,81959.0,60.0,-6.697928212954163,0.004279663240432464,3.3624424608169443,7.49455001742663,0.1959850935160965,True,walking_dual_task,P05,28,0.595
2026-04-03T01:32:22.816718,1120.297314240982,81959.0,60.0,-10.710306158547965,-1.4645538775376996,4.8438855331061665,11.845623796486041,4.351073779059411,True,walking_dual_task,P05,28,0.595
2026-04-03T01:32:22.875417,1301.4287901808386,81856.0,58.0,-10.992080647156294,-1.2269789039481858,5.383206430183553,12.30082215359166,0.45519835710561907,True,walking_dual_task,P05,28,0.595
2026-04-03T01:32:22.875795,1281.2792446034143,81856.0,58.0,-11.200615671986048,-1.1918057483755975,5.302504492829711,12.449527953696872,0.14870580010521195,True,walking_dual_task,P05,28,0.595
2026-04-03T01:32:22.876923,1294.7375482421587,81811.0,59.0,-10.394051681861438,-1.2183735054316327,5.7408573355666945,11.93642271835554,0.5131052353413317,True,walking_dual_task,P05,28,0.595
2026-04-03T01:32:22.935592,1278.9576862511963,81811.0,61.0,-9.932797467779737,-0.9312670241686066,5.99139077490909,11.637202723330946,0.29921999502459506,True,walking_dual_task,P05,28,0.595
2026-04-03T01:32:22.936191,1262.571679774201,81801.0,60.0,-10.038526889433662,-1.307531297039966,6.018815684990391,11.777427667046316,0.14022494371537064,True,walking_dual_task,P05,28,0.595
2026-04-03T01:32:22.936754,1172.9910237670322,81801.0,59.0,-9.912210908635306,-0.7184962087823801,5.924911282532071,11.570338612382061,0.2070890546642552,True,walking_dual_task,P05,28,0.595
2026-04-03T01:32:22.995658,1294.8150723629308,81800.0,60.0,-9.548760221554037,-0.3902756234364504,5.780207371193349,11.16879286606119,0.4015457463208705,True,walking_dual_task,P05,28,0.595
2026-04-03T01:32:23.115637,1260.1134622762422,81800.0,60.0,-9.076038564441268,-1.0819128773761033,5.812431406184221,10.831868276020256,0.336924590040935,True,walking_dual_task,P05,28,0.595
2026-04-03T01:32:23.116070,1262.6221435318944,81836.0,59.0,-8.620237301772834,-1.2878919155813597,5.898648226334794,10.524315066698556,0.30755320932169994,True,walking_dual_task,P05,28,0.595
2026-04-03T01:32:23.116836,1235.9549990802675,81836.0,59.0,-8.695647599321385,-1.567206576564409,5.7892770319938585,10.563434677148438,0.0391196104498821,True,walking_dual_task,P05,28,0.595
2026-04-03T01:32:23.117407,1278.654399390829,81886.0,60.0,-8.67255310897037,-1.8065079464156522,5.712058023958429,10.540600327184519,0.022834349963918754,True,walking_dual_task,P05,28,0.595
2026-04-03T01:32:23.118483,1201.3783179927395,81886.0,60.0,-8.563149264782236,-1.6820012157218551,5.9677554829232236,10.572169073780014,0.0315687465954948,True,walking_dual_task,P05,28,0.595
2026-04-03T01:32:23.175855,1267.5059602857166,81896.0,60.0,-8.787842221159982,-1.3049885532607133,5.503191605789706,10.450563806712907,0.12160526706710684,True,walking_dual_task,P05,28,0.595
2026-04-03T01:32:23.176169,1232.3859351974565,81896.0,60.0,-8.784792301320914,-0.7152411713228953,5.097550650787125,10.18180575084021,0.26875805587269674,True,walking_dual_task,P05,28,0.595
2026-04-03T01:32:23.235493,1300.0014563757863,81877.0,58.0,-8.931727817245505,-1.0392903517510628,4.8798210047078046,10.230764354367054,0.04895860352684345,True,walking_dual_task,P05,28,0.595
2026-04-03T01:32:23.235856,1237.8569301236391,81877.0,58.0,-8.15467753360979,-0.3416185665424012,4.53999320075119,9.33953998787059,0.8912243664964645,True,walking_dual_task,P05,28,0.595
2026-04-03T01:32:23.236536,1228.265265270401,81871.0,59.0,-8.063043776848833,-0.1834740310868801,4.379173708201746,9.177336216684523,0.162203771186066,True,walking_dual_task,P05,28,0.595
2026-04-03T01:32:23.237579,1363.382292870672,81871.0,58.0,-7.284653326442417,-0.5790988216833856,4.292625656013246,8.475149824893174,0.7021863917913489,True,walking_dual_task,P05,28,0.595
2026-04-03T01:32:23.238229,1270.6191073231882,81915.0,58.0,-7.0339051536798465,-0.5471625157358652,4.126225131513374,8.173184346723305,0.3019654781698691,True,walking_dual_task,P05,28,0.595
2026-04-03T01:32:23.295758,1252.4495599265274,81915.0,57.0,-7.1156198551097924,-0.40892907946502777,4.297012915699447,8.322474927096668,0.1492905803733624,True,walking_dual_task,P05,28,0.595
2026-04-03T01:32:23.355575,1268.5167309410404,81964.0,57.0,-7.207452516585729,-0.6787899359902818,4.517873064699185,8.533422794211832,0.21094786711516456,True,walking_dual_task,P05,28,0.595
2026-04-03T01:32:23.355936,1351.5240771970307,81964.0,59.0,-7.413764104123701,-0.4318789671601936,4.590226564641024,8.730440856486263,0.19701806227443086,True,walking_dual_task,P05,28,0.595
2026-04-03T01:32:23.356520,1312.1106758942553,81989.0,57.0,-7.346109878986209,-1.015304020070858,5.037765559265793,8.965224728774812,0.23478387228854913,True,walking_dual_task,P05,28,0.595
2026-04-03T01:32:23.357247,1179.152569374696,81989.0,59.0,-8.07251464096401,-1.20621363947302,5.157501481786903,9.65506424148815,0.6898395127133377,True,walking_dual_task,P05,28,0.595
2026-04-03T01:32:23.415577,1467.8874357659304,81985.0,58.0,-7.848445339616806,-1.0683555068856594,5.096342449900474,9.418714567535384,0.23634967395276618,True,walking_dual_task,P05,28,0.595
2026-04-03T01:32:23.415877,1269.9512629583473,81985.0,59.0,-8.797870107482945,-1.248360808992396,5.050460522909546,10.22096251001039,0.802247942475006,True,walking_dual_task,P05,28,0.595
2026-04-03T01:32:23.416609,1251.5644236654368,81934.0,57.0,-8.801639723248199,-1.0906262795901962,5.118939705233221,10.240208552827747,0.019246042817357534,True,walking_dual_task,P05,28,0.595
2026-04-03T01:32:23.417317,1241.5765481162448,81934.0,57.0,-9.610828894411393,-1.0353344369500619,5.511693037481618,11.127385567751796,0.887177014924049,True,walking_dual_task,P05,28,0.595
2026-04-03T01:32:23.418566,1212.918565822836,81829.0,59.0,-9.705305668254947,-1.2785381102185371,5.5801222498932574,11.267891645613947,0.14050607786215075,True,walking_dual_task,P05,28,0.595
2026-04-03T01:32:23.475477,1343.748689777662,81829.0,59.0,-10.786568250218881,-1.1234704101165134,5.82043693718857,12.308116286370813,1.0402246407568665,True,walking_dual_task,P05,28,0.595
2026-04-03T01:32:23.476101,1261.6428826820436,81566.0,59.0,-10.964644658178148,-0.9327497749622903,5.909337222879427,12.49054526578064,0.18242897940982594,True,walking_dual_task,P05,28,0.595
2026-04-03T01:32:23.476979,1280.902255457803,81566.0,58.0,-10.307729991827962,-0.5036157646236181,5.91504914110449,11.894987716029306,0.5955575497513337,True,walking_dual_task,P05,28,0.595
2026-04-03T01:32:23.477488,1218.448612485443,81481.0,57.0,-9.96561786700458,-0.5197922914679554,5.766203366570194,11.52531234987043,0.36967536615887475,True,walking_dual_task,P05,28,0.595
2026-04-03T01:32:23.535825,1253.4947009985367,81481.0,57.0,-9.742841806563922,-0.08000841905891054,5.372799542253467,11.126380486757098,0.39893186311333295,True,walking_dual_task,P05,28,0.595
2026-04-03T01:32:23.595880,1213.117424186046,81555.0,58.0,-9.757299319649082,0.06389891250379444,5.158708840307773,11.03726641806354,0.08911406869355787,True,walking_dual_task,P05,28,0.595
2026-04-03T01:32:23.656029,1118.0113411125856,81555.0,59.0,-9.749769298717219,-0.04313556807923882,4.947332928681723,10.933250439035083,0.10401597902845694,True,walking_dual_task,P05,28,0.595
2026-04-03T01:32:23.656169,1259.6665417572751,81602.0,57.0,-9.98459134289387,0.16646437679916085,4.187902496416171,10.828587257478379,0.10466318155670429,True,walking_dual_task,P05,28,0.595
2026-04-03T01:32:23.656882,1229.4049682866482,81602.0,59.0,-10.024306077809124,0.2430072876439961,4.446901465525125,10.969079155860738,0.14049189838235954,True,walking_dual_task,P05,28,0.595
2026-04-03T01:32:23.657346,1284.033522529267,81612.0,58.0,-10.333471124719559,-0.038182958808088446,4.444953446345562,11.24898637940039,0.27990722353965225,True,walking_dual_task,P05,28,0.595
2026-04-03T01:32:23.658368,1250.2427557755152,81612.0,58.0,-10.266506529081077,0.10947546360362546,4.1975397737715685,11.092000781698038,0.1569855977023522,True,walking_dual_task,P05,28,0.595
2026-04-03T01:32:23.715502,1171.3334165192664,81639.0,59.0,-10.215563755751779,0.06818566024076227,4.301738687330277,11.084554473056906,0.007446308641132049,True,walking_dual_task,P05,28,0.595
2026-04-03T01:32:23.715984,1153.1529975492613,81639.0,60.0,-10.263033622821794,0.1446041657938451,4.418857227531628,11.17484088053356,0.09028640747665406,True,walking_dual_task,P05,28,0.595
2026-04-03T01:32:23.716723,1187.3976011950865,81648.0,56.0,-9.972835629750321,-0.05588195663733411,4.228259649355533,10.832301369213436,0.3425395113201244,True,walking_dual_task,P05,28,0.595
2026-04-03T01:32:23.717323,1222.0523698344955,81648.0,58.0,-10.000585340576052,-0.030156842331902634,4.492750410670142,10.963458525568507,0.13115715635507108,True,walking_dual_task,P05,28,0.595
2026-04-03T01:32:23.718214,1291.6039607879677,81669.0,60.0,-10.1501569777298,0.2717046484920247,4.6399073600029475,11.163702360685663,0.20024383511715627,True,walking_dual_task,P05,28,0.595
2026-04-03T01:32:23.835455,1125.755794288795,81669.0,58.0,-10.245398631644893,0.2702690125268351,4.308546327499607,11.117770006465038,0.045932354220624916,True,walking_dual_task,P05,28,0.595
2026-04-03T01:32:23.835913,1131.4417977502198,81763.0,57.0,-9.823964189652434,0.1422619110410554,4.389016661639905,10.76076103754094,0.3570089689240987,True,walking_dual_task,P05,28,0.595
2026-04-03T01:32:23.836592,1250.4989629867432,81763.0,57.0,-10.298404965711812,0.5146161929480964,4.282073846242841,11.16504057711028,0.40427953956934104,True,walking_dual_task,P05,28,0.595
2026-04-03T01:32:23.837285,1254.2610808698382,81908.0,58.0,-10.074599961237986,0.0791047107816027,4.354448362263447,10.975656812868335,0.18938376424194558,True,walking_dual_task,P05,28,0.595
2026-04-03T01:32:23.837995,1272.7251027168986,81908.0,58.0,-6.8792746345386515,0.486249813233883,3.2505559033923768,7.624104672639005,3.3515521402293302,True,walking_dual_task,P05,28,0.595
2026-04-03T01:32:23.838793,1346.072940685337,82063.0,57.0,-6.647388096240177,0.7436147911063418,2.7947334904327104,7.249225251165391,0.3748794214736142,True,walking_dual_task,P05,28,0.595
2026-04-03T01:32:23.895516,1166.208919009126,82063.0,57.0,-7.139221563374813,0.5506115763027212,2.897010763484164,7.724268832883639,0.4750435817182481,True,walking_dual_task,P05,28,0.595
2026-04-03T01:32:23.896083,1127.7051801280384,82199.0,56.0,-6.712249340846171,0.35533823063933345,3.1685258913588075,7.431023670804371,0.293245162079268,True,walking_dual_task,P05,28,0.595
2026-04-03T01:32:23.896565,1254.4803074175265,82199.0,57.0,-7.151376726406002,-0.2959232704705899,3.490429757524616,7.963219170486317,0.5321954996819462,True,walking_dual_task,P05,28,0.595
2026-04-03T01:32:23.955561,1181.9593132558857,82283.0,58.0,-7.297261712858663,-0.075432332614875,3.579740799394753,8.128361626650728,0.1651424561644106,True,walking_dual_task,P05,28,0.595
2026-04-03T01:32:23.956052,1199.8043241347534,82283.0,59.0,-8.495121309894452,-0.5507128720272756,3.9345696696078245,9.378230601890593,1.249868975239865,True,walking_dual_task,P05,28,0.595
2026-04-03T01:32:23.957077,1387.367714346438,82231.0,59.0,-8.154078771943686,-0.7574044855348256,3.9930199267789876,9.11081062855688,0.2674199733337126,True,walking_dual_task,P05,28,0.595
2026-04-03T01:32:24.015738,1339.0275507369402,82231.0,59.0,-9.38436273544696,-1.6635238385037243,4.468042944017955,10.526014595339698,1.4152039667828173,True,walking_dual_task,P05,28,0.595
2026-04-03T01:32:24.015996,1138.0522936642703,82062.0,58.0,-10.002408541921392,-2.073483462854589,5.247796753834017,11.484201368827714,0.9581867734880163,True,walking_dual_task,P05,28,0.595
2026-04-03T01:32:24.016786,1284.6259349718232,82062.0,57.0,-9.947854204359604,-2.068687466270599,5.170179024729637,11.40043956398412,0.08376180484359352,True,walking_dual_task,P05,28,0.595
2026-04-03T01:32:24.135699,1291.9085479492987,81940.0,58.0,-9.733910252202676,-1.8863850255979322,5.5144910046355395,11.345354481149663,0.055085082834457566,True,walking_dual_task,P05,28,0.595
2026-04-03T01:32:24.136343,1234.6842481190076,81940.0,59.0,-9.733106438460673,-2.1938212877868324,5.605824702324203,11.444277320055624,0.09892283890596154,True,walking_dual_task,P05,28,0.595
2026-04-03T01:32:24.196604,1243.2237833328209,81884.0,58.0,-9.258941865033607,-1.3757603820777033,5.663334231440724,10.940478769504328,0.5037985505512967,True,walking_dual_task,P05,28,0.595
2026-04-03T01:32:24.196766,1258.2179882269759,81884.0,58.0,-9.299035122489856,-0.3583416496503168,5.780501291551129,10.955120178656111,0.01464140915178369,True,walking_dual_task,P05,28,0.595
2026-04-03T01:32:24.197050,1250.8122515490236,81807.0,58.0,-9.23246097293093,-0.21425700916349852,5.7306937519525105,10.86853681786725,0.08658336078886109,True,walking_dual_task,P05,28,0.595
2026-04-03T01:32:24.197753,1193.1551659218192,81807.0,58.0,-9.464744500155852,-0.19985987290689433,5.894748085585905,11.152102376437705,0.28356555857045507,True,walking_dual_task,P05,28,0.595
2026-04-03T01:32:24.198413,1346.0149483561745,81774.0,58.0,-9.473357580484556,-0.27713447948724945,5.918764809870995,11.173767683373953,0.021665306936247575,True,walking_dual_task,P05,28,0.595
2026-04-03T01:32:24.199028,1284.1241941179492,81774.0,57.0,-9.395819515534269,-1.1723490870933484,6.389327808601214,11.4227552103802,0.24898752700624804,True,walking_dual_task,P05,28,0.595
2026-04-03T01:32:24.256124,1267.083047231339,81793.0,58.0,-8.889783934960278,-2.5624018544224887,6.900013225295639,11.541418638238559,0.11866342785835826,True,walking_dual_task,P05,28,0.595
2026-04-03T01:32:24.256406,1363.0351963664227,81793.0,58.0,-8.746720968872669,-2.4919450250555033,6.695240616131116,11.293412443681824,0.24800619455673534,True,walking_dual_task,P05,28,0.595
2026-04-03T01:32:24.256683,1316.2939430735578,81810.0,57.0,-8.916382918818735,-2.2983179787325247,6.873436562427967,11.49035595898096,0.1969435152991359,True,walking_dual_task,P05,28,0.595
2026-04-03T01:32:24.257250,1244.6688501659999,81810.0,58.0,-8.831579073028141,-2.151583995916994,7.086129411239979,11.525594676522118,0.03523871754115859,True,walking_dual_task,P05,28,0.595
2026-04-03T01:32:24.315723,1186.0617049389618,81812.0,57.0,-8.685800840945486,-1.368702287037313,6.149679659138,10.730099818227515,0.7954948582946031,True,walking_dual_task,P05,28,0.595
2026-04-03T01:32:24.316193,1171.0527341094466,81812.0,57.0,-8.749226813848189,-1.7457274940523595,6.210199102801899,10.870285516953636,0.1401856987261212,True,walking_dual_task,P05,28,0.595
2026-04-03T01:32:24.316868,1237.6425798139323,81809.0,59.0,-8.25444706765142,-1.453288807956092,5.441698942699144,9.992999156157403,0.8772863607962336,True,walking_dual_task,P05,28,0.595
2026-04-03T01:32:24.375777,1231.069680853225,81809.0,57.0,-7.672540043221383,-1.535140425241552,5.1020119268103485,9.34104129855775,0.651957857599653,True,walking_dual_task,P05,28,0.595
2026-04-03T01:32:24.376277,1147.2041039262194,81831.0,57.0,-7.808838257209931,-1.4347667166031166,4.972829851665272,9.368326808558226,0.02728551000047652,True,walking_dual_task,P05,28,0.595
2026-04-03T01:32:24.376807,1297.1949075776984,81831.0,56.0,-7.188530887110839,-1.2645686872676944,4.572844263050715,8.613072328378552,0.7552544801796746,True,walking_dual_task,P05,28,0.595
2026-04-03T01:32:24.435630,1145.9257468708574,81865.0,58.0,-7.053514936466222,-1.380684787274764,4.973817415181758,8.740550504420725,0.12747817604217282,True,walking_dual_task,P05,28,0.595
2026-04-03T01:32:24.436125,1346.9528035719275,81865.0,57.0,-7.04172794293906,-1.2854679141994687,4.992143580628731,8.726961539414377,0.013588965006347209,True,walking_dual_task,P05,28,0.595
2026-04-03T01:32:24.436659,1182.8569501743805,81897.0,57.0,-7.230635925534041,-2.01908928566333,5.073743811905763,9.060998493541206,0.33403695412682843,True,walking_dual_task,P05,28,0.595
2026-04-03T01:32:24.495588,1192.3256971923174,81897.0,56.0,-7.195470706100113,-1.796725298713386,5.248978625582394,9.085967042269216,0.02496854872801002,True,walking_dual_task,P05,28,0.595
2026-04-03T01:32:24.496115,1285.80826177144,81899.0,57.0,-7.7530122855124946,-2.1099280543969763,5.474326718970898,9.722615333338956,0.63664829106974,True,walking_dual_task,P05,28,0.595
2026-04-03T01:32:24.496797,1274.4787969043466,81899.0,56.0,-7.564324545638389,-2.0310399376402994,5.76003253440563,9.722247880888899,0.00036745245005675997,True,walking_dual_task,P05,28,0.595
2026-04-03T01:32:24.555786,1232.1345604443948,81867.0,56.0,-7.872855930443375,-1.4726496881118765,5.425716144145094,9.674138374152507,0.048109506736391694,True,walking_dual_task,P05,28,0.595
2026-04-03T01:32:24.615746,1268.0693335802346,81867.0,57.0,-8.059882642845501,-1.5616625990306818,5.560489208140942,9.915620934843432,0.24148256069092433,True,walking_dual_task,P05,28,0.595
2026-04-03T01:32:24.616132,1266.041304251588,81840.0,57.0,-8.36634924458297,-1.5485505907876091,5.255262340657143,10.000579527391993,0.08495859254856164,True,walking_dual_task,P05,28,0.595
2026-04-03T01:32:24.617029,1302.522644190852,81840.0,56.0,-8.360099098938257,-1.171066162223703,5.385478078693781,10.013292517272472,0.012712989880478531,True,walking_dual_task,P05,28,0.595
2026-04-03T01:32:24.617711,1221.9868378491606,81818.0,58.0,-8.34780913063575,-1.2932094002671564,5.3210130243010445,9.983560859695615,0.029731657576856918,True,walking_dual_task,P05,28,0.595
2026-04-03T01:32:24.618243,1165.9564448795586,81818.0,57.0,-8.380692659635034,-1.6883620005704456,5.420246477583595,10.122531678290176,0.1389708185945615,True,walking_dual_task,P05,28,0.595
2026-04-03T01:32:24.675864,1259.5803698305717,81759.0,58.0,-8.359289545271249,-1.277951737063065,5.3790899976234385,10.0222498245891,0.10028185370107678,True,walking_dual_task,P05,28,0.595
2026-04-03T01:32:24.676112,1291.220480666418,81759.0,58.0,-8.534993728763313,-1.2276828336825516,5.3505313373251315,10.147980522342667,0.1257306977535677,True,walking_dual_task,P05,28,0.595
2026-04-03T01:32:24.676751,1259.042614656152,81708.0,56.0,-8.332089669396375,-1.20382308947579,5.528888687825181,10.071818029133473,0.07616249320919444,True,walking_dual_task,P05,28,0.595
2026-04-03T01:32:24.735861,1275.8586796937532,81708.0,58.0,-8.419235966336855,-1.4680805256860843,5.327360916525648,10.07072832627729,0.001089702856182484,True,walking_dual_task,P05,28,0.595
2026-04-03T01:32:24.736049,1302.3552446087447,81710.0,56.0,-8.265287344991266,-1.2283226543011103,5.288377004130563,9.888917169041262,0.18181115723602836,True,walking_dual_task,P05,28,0.595
2026-04-03T01:32:24.736970,1271.7366553859897,81710.0,57.0,-8.296456810271373,-1.2570938972186763,5.294626237927443,9.921922579342795,0.03300541030153248,True,walking_dual_task,P05,28,0.595
2026-04-03T01:32:24.855708,1278.9265472880977,81718.0,55.0,-8.1473563100692,-1.544406914376967,5.198083671209261,9.786964872384704,0.13495770695809028,True,walking_dual_task,P05,28,0.595
2026-04-03T01:32:24.855864,1407.993230025724,81718.0,58.0,-8.389454614770424,-1.380063948493572,5.505192890091645,10.128902901713493,0.34193802932878903,True,walking_dual_task,P05,28,0.595
2026-04-03T01:32:24.856547,1288.8976414760843,81635.0,57.0,-8.551273518868605,-1.3406081501285263,5.505918306867396,10.258491380733915,0.1295884790204216,True,walking_dual_task,P05,28,0.595
2026-04-03T01:32:24.857213,1288.4367627034376,81635.0,57.0,-8.867732219732257,-0.7276618287329037,3.835475786806993,9.68901651196112,0.5694748687727955,True,walking_dual_task,P05,28,0.595
2026-04-03T01:32:24.858296,1237.36388709905,81616.0,57.0,-9.00154324983047,-0.4367171330476142,4.020965730207519,9.868468378445012,0.17945186648389289,True,walking_dual_task,P05,28,0.595
2026-04-03T01:32:24.858718,1156.7572679387008,81616.0,57.0,-9.024091160127403,-0.4380452767859636,3.794031196749836,9.799019218917525,0.06944915952748687,True,walking_dual_task,P05,28,0.595
2026-04-03T01:32:24.915491,1149.1023632242607,81629.0,58.0,-9.105541676539236,-0.25672637027194245,4.041285392275015,9.965379334184995,0.1663601152674694,True,walking_dual_task,P05,28,0.595
2026-04-03T01:32:24.916053,1321.1306077383533,81629.0,57.0,-8.84276608734498,-0.3952013380929616,4.133792666811203,9.769285438828728,0.19609389535626676,True,walking_dual_task,P05,28,0.595
2026-04-03T01:32:24.916678,1230.031668631898,81627.0,56.0,-8.869315357394319,-0.44364945355883584,3.8467258854962245,9.6777517939189,0.09153364490982874,True,walking_dual_task,P05,28,0.595
2026-04-03T01:32:24.975581,1245.8644162090104,81627.0,58.0,-8.419520131823871,-0.8203893507481146,4.227206281889183,9.456776981966518,0.2209748119523809,True,walking_dual_task,P05,28,0.595
2026-04-03T01:32:24.976601,1240.0075479286777,81645.0,56.0,-8.760628939893035,-0.9053956680137811,4.1765594164932995,9.747410389311016,0.2906334073444974,True,walking_dual_task,P05,28,0.595
2026-04-03T01:32:24.976951,1295.4031421282557,81645.0,56.0,-7.784074377204503,-0.8724259691849179,4.014600827110189,8.801702152572178,0.9457082367388381,True,walking_dual_task,P05,28,0.595
2026-04-03T01:32:25.035707,1138.8449692210831,81690.0,58.0,-7.454945606922569,-0.266146732444248,3.852270208534019,8.395655653069841,0.4060464995023363,True,walking_dual_task,P05,28,0.595
2026-04-03T01:32:25.036083,1204.496396433687,81690.0,57.0,-7.870012738364468,-0.2796593536447117,3.9597491138179945,8.814472355194177,0.4188167021243352,True,walking_dual_task,P05,28,0.595
2026-04-03T01:32:25.036705,1258.9378251621908,81731.0,56.0,-7.959107793566348,0.24553831630099104,3.08426342988478,8.539342295475988,0.2751300597181885,True,walking_dual_task,P05,28,0.595
2026-04-03T01:32:25.095502,1243.4508116223717,81731.0,56.0,-7.838629491775797,0.006477046645042034,2.92078886551042,8.365115770768519,0.17422652470746947,True,walking_dual_task,P05,28,0.595
2026-04-03T01:32:25.096149,1267.6568600308844,81779.0,56.0,-7.38088424177101,-0.11733946961937297,2.6483548446494716,7.8425126155290625,0.5226031552394561,True,walking_dual_task,P05,28,0.595
2026-04-03T01:32:25.096926,1311.2969663735971,81779.0,56.0,-7.251779246087097,-0.5795954779455502,2.673005012045358,7.750431532918285,0.09208108261077719,True,walking_dual_task,P05,28,0.595
2026-04-03T01:32:25.155926,1236.4679685877584,81844.0,57.0,-7.505746157384501,-0.7192920855422201,2.5046223285730838,7.945233759443629,0.1948022265253435,True,walking_dual_task,P05,28,0.595
2026-04-03T01:32:25.156075,1173.5241820055198,81844.0,57.0,-8.110427025753351,-1.2731287855238975,2.5633931625567206,8.600631834373708,0.655398074930079,True,walking_dual_task,P05,28,0.595
2026-04-03T01:32:25.156832,1294.6761769385323,81943.0,57.0,-7.997457474387082,-1.1797864192519654,2.582176754936311,8.486392569485258,0.11423926488845026,True,walking_dual_task,P05,28,0.595
2026-04-03T01:32:25.215605,1262.0873146549939,81943.0,57.0,-9.519644788948664,-1.8559878901491302,3.0739752833659395,10.174362486115893,1.6879699166306352,True,walking_dual_task,P05,28,0.595
2026-04-03T01:32:25.216356,1205.4798721332215,81946.0,58.0,-10.945697367598077,-2.373065465191862,3.9409403666889187,11.873110019659043,1.6987475335431501,True,walking_dual_task,P05,28,0.595
2026-04-03T01:32:25.216814,1254.9827275535945,81946.0,56.0,-10.774063979181555,-1.9192661105011373,4.133661902301954,11.698341666790137,0.1747683528689059,True,walking_dual_task,P05,28,0.595
2026-04-03T01:32:25.275611,1185.972573832438,81833.0,56.0,-11.404327385882564,-2.047207322067494,4.458626941738727,12.414873948192797,0.7165322814026602,True,walking_dual_task,P05,28,0.595
2026-04-03T01:32:25.276086,1303.5865118407764,81833.0,56.0,-11.666394892129226,-2.1948970073444767,4.630988325315232,12.742385786074545,0.3275118378817474,True,walking_dual_task,P05,28,0.595
2026-04-03T01:32:25.276734,1284.888727051729,81723.0,56.0,-11.886015365659654,-1.76073214365868,4.739461006763853,12.916657059357322,0.17427127328277692,True,walking_dual_task,P05,28,0.595
2026-04-03T01:32:25.335595,1195.1013906812068,81723.0,57.0,-10.752167296246366,-0.6137445839093512,4.90696543352173,11.834867711407892,1.0817893479494298,True,walking_dual_task,P05,28,0.595
2026-04-03T01:32:25.395941,1352.599404148989,81671.0,56.0,-10.727861779644183,-0.7402296554457742,5.1908576633263745,11.940685138921719,0.10581742751382706,True,walking_dual_task,P05,28,0.595
2026-04-03T01:32:25.455677,1129.0451645822452,81671.0,56.0,-10.557409522574545,-0.7681623885704155,4.994150153032771,11.70429429882892,0.23639084009279898,True,walking_dual_task,P05,28,0.595
2026-04-03T01:32:25.456140,1254.3859891198156,81714.0,57.0,-9.396008270381733,-0.12787100755459346,4.724985090552925,10.517927862350188,1.1863664364787319,True,walking_dual_task,P05,28,0.595
2026-04-03T01:32:25.456496,1219.4425683128359,81714.0,57.0,-9.450717746496377,0.05086567533280299,4.783459388741107,10.59245660668969,0.07452874433950285,True,walking_dual_task,P05,28,0.595
2026-04-03T01:32:25.457251,1177.8018279464723,81767.0,56.0,-9.157020647816793,-0.2794903086887015,5.139189919425563,10.504304594075675,0.08815201261401562,True,walking_dual_task,P05,28,0.595
2026-04-03T01:32:25.457986,1256.5741123349142,81767.0,56.0,-9.054601555759174,-0.186532184833656,4.664111564630228,10.186978957318637,0.3173256367570385,True,walking_dual_task,P05,28,0.595
2026-04-03T01:32:25.458660,1216.0475648749511,81765.0,57.0,-8.611144235359706,-0.8136307912162551,5.052651691529071,10.017139772534646,0.1698391847839904,True,walking_dual_task,P05,28,0.595
2026-04-03T01:32:25.575888,1259.5111949553846,81765.0,58.0,-8.798945673500025,-1.9651961659956756,5.118576285566343,10.367413569797003,0.3502737972623571,True,walking_dual_task,P05,28,0.595
2026-04-03T01:32:25.575978,1192.564399989669,81662.0,58.0,-8.773027055845807,-1.9324379596074754,5.198423849237032,10.379013956376145,0.011600386579141642,True,walking_dual_task,P05,28,0.595
2026-04-03T01:32:25.576763,1346.6089574027494,81662.0,57.0,-8.687482170071585,-1.9265770830786755,4.731943092374336,10.078458768176056,0.3005551882000894,True,walking_dual_task,P05,28,0.595
2026-04-03T01:32:25.577310,1334.045048639071,81603.0,56.0,-8.702537267603772,-1.8200096633138645,4.911452828267528,10.157212164412313,0.07875339623625699,True,walking_dual_task,P05,28,0.595
2026-04-03T01:32:25.578008,1182.4463904580382,81603.0,59.0,-9.10585547790847,-1.5319529046873426,5.018614662106247,10.509518391127324,0.35230622671501166,True,walking_dual_task,P05,28,0.595
2026-04-03T01:32:25.578692,1302.1318867459868,81601.0,57.0,-9.38502976085347,-1.1640000750315433,4.308951735580584,10.3923406817878,0.11717770933952387,True,walking_dual_task,P05,28,0.595
2026-04-03T01:32:25.635523,1302.7492140376871,81601.0,57.0,-9.31065573876198,-0.864537276320093,4.562510676639464,10.404433606032452,0.01209292424465147,True,walking_dual_task,P05,28,0.595
2026-04-03T01:32:25.636151,1231.180743187951,81604.0,56.0,-9.556890836720452,-1.1493380632505716,4.469279977519449,10.612709548747867,0.2082759427154155,True,walking_dual_task,P05,28,0.595
2026-04-03T01:32:25.636777,1237.4522271504131,81604.0,57.0,-9.278276834695301,-1.1871385145343685,4.4628567608978935,10.364015116846673,0.24869443190119433,True,walking_dual_task,P05,28,0.595
2026-04-03T01:32:25.637436,1311.735247751433,81637.0,57.0,-9.200541603471432,-0.9832184451746203,4.573763230406685,10.321627507130863,0.042387609715810015,True,walking_dual_task,P05,28,0.595
2026-04-03T01:32:25.695505,1200.2665189585969,81637.0,56.0,-9.419301093838952,-0.7388794667592525,4.255453525170147,10.362338571368777,0.040711064237914485,True,walking_dual_task,P05,28,0.595
2026-04-03T01:32:25.696067,1315.8127946241832,81689.0,56.0,-9.272319943775294,-0.8970016372328481,4.261859058454542,10.244216500594982,0.11812207077379533,True,walking_dual_task,P05,28,0.595
2026-04-03T01:32:25.696733,1170.3529906978022,81689.0,57.0,-9.259743388435798,-0.9058846076829508,4.497897968316483,10.334145377122526,0.08992887652754433,True,walking_dual_task,P05,28,0.595
2026-04-03T01:32:25.756609,1138.8760147741586,81744.0,58.0,-9.397023668525632,-1.103593548052677,4.506819432696578,10.480142839917113,0.14599746279458614,True,walking_dual_task,P05,28,0.595
2026-04-03T01:32:25.756994,1219.7021997242164,81744.0,57.0,-9.360607668302617,-1.0327120125317264,4.277305365959811,10.343249548105357,0.1368932918117558,True,walking_dual_task,P05,28,0.595
2026-04-03T01:32:25.757248,1245.1930696498055,81760.0,57.0,-9.391843684830645,-1.097729035114566,4.44096249720831,10.446716457166698,0.10346690906134093,True,walking_dual_task,P05,28,0.595
2026-04-03T01:32:25.815782,1327.5807470388584,81760.0,56.0,-9.554256689627506,-0.9543694812974075,4.4871510262485,10.598545481833193,0.15182902466649573,True,walking_dual_task,P05,28,0.595
2026-04-03T01:32:25.876121,1207.6594556667542,81764.0,56.0,-9.266485522735024,-1.1174286128056203,4.447282287211514,10.338990298376325,0.2595551834568681,True,walking_dual_task,P05,28,0.595
2026-04-03T01:32:25.876493,1313.7317153278814,81764.0,57.0,-8.2569410368022,-0.5390356427516416,5.230780363173123,9.789213345164278,0.5497769532120476,True,walking_dual_task,P05,28,0.595
2026-04-03T01:32:25.876985,1257.7733476823566,81769.0,58.0,-9.565023340342055,-0.15128417897600197,4.888524071448172,10.742915153775764,0.9537018086114859,True,walking_dual_task,P05,28,0.595
2026-04-03T01:32:25.878271,1126.4132913032627,81769.0,57.0,-9.655748296035187,-0.1405373337866886,5.08545115958733,10.913983662949216,0.17106850917345184,True,walking_dual_task,P05,28,0.595
2026-04-03T01:32:25.879257,1238.9019859047478,81738.0,58.0,-11.12071756122097,-0.24229420082276132,5.184027795041551,12.272049940248946,1.3580662772997307,True,walking_dual_task,P05,28,0.595
2026-04-03T01:32:25.935770,1331.5396450502208,81738.0,57.0,-11.187000105021212,-0.10477023922193177,5.0914883963127595,12.291590712456982,0.019540772208035406,True,walking_dual_task,P05,28,0.595
2026-04-03T01:32:25.936213,1362.2891735735952,81605.0,57.0,-11.125834569770783,-0.19045250931758384,4.9381077378749145,12.173962997441388,0.11762771501559399,True,walking_dual_task,P05,28,0.595
2026-04-03T01:32:25.937077,1249.2149809751286,81605.0,57.0,-10.028477181969244,-0.43108314618748467,4.641522032285151,11.058929154506469,1.1150338429349187,True,walking_dual_task,P05,28,0.595
2026-04-03T01:32:25.996043,1380.7887092987587,81618.0,57.0,-10.198557235941662,-0.160261617371603,4.497718697475193,11.147453833158428,0.08852467865195912,True,walking_dual_task,P05,28,0.595
2026-04-03T01:32:25.996444,1294.3485624507744,81618.0,55.0,-9.874380265424183,-0.5405161606566734,4.070864354969554,10.694273231159341,0.4531806019990867,True,walking_dual_task,P05,28,0.595
2026-04-03T01:32:25.996901,1205.4699700372698,81703.0,56.0,-9.924635081809022,-0.441795182995405,3.6335143592633794,10.57809014377196,0.11618308738738214,True,walking_dual_task,P05,28,0.595
2026-04-03T01:32:26.055787,1229.4258177380812,81703.0,57.0,-9.825233082333282,-0.507037939657034,3.6859192662580953,10.50610743481146,0.07198270896049941,True,walking_dual_task,P05,28,0.595
2026-04-03T01:32:26.115532,1312.0217769958763,81689.0,57.0,-9.600561597603138,-0.8186487379222545,3.2025712553732117,10.153690530601008,0.35241690421045213,True,walking_dual_task,P05,28,0.595
2026-04-03T01:32:26.175581,1261.2521924783712,81689.0,57.0,-9.661982301448164,-0.5975652021714173,3.265953797490665,10.216527804087228,0.06283727348622037,True,walking_dual_task,P05,28,0.595
2026-04-03T01:32:26.235886,1319.7184359720752,81706.0,58.0,-9.347153590811732,0.06362003095689277,2.996886965963718,9.81604091501899,0.4004868890682385,True,walking_dual_task,P05,28,0.595
2026-04-03T01:32:26.236054,1335.3687247932523,81706.0,55.0,-8.515616893058855,0.49732971108739327,3.0361815616387693,9.054361732674195,0.7616791823447944,True,walking_dual_task,P05,28,0.595
2026-04-03T01:32:26.236832,1255.1123137864256,81748.0,56.0,-8.282023151850412,0.29212881489434306,2.924665166967302,8.788112031099153,0.2662497015750418,True,walking_dual_task,P05,28,0.595
2026-04-03T01:32:26.237428,1281.0400831708127,81748.0,58.0,-7.824730753523351,0.5536594894240264,3.3100680372671705,8.514076615035897,0.2740354160632563,True,walking_dual_task,P05,28,0.595
2026-04-03T01:32:26.238067,1240.5998691764291,81785.0,57.0,-7.57852470366532,0.6477724594802555,3.1493410284019525,8.23237479446256,0.28170182057333726,True,walking_dual_task,P05,28,0.595
2026-04-03T01:32:26.238883,1296.0931255051578,81785.0,56.0,-7.7264485837150625,0.7463901846622577,3.2656173753520363,8.421363480265756,0.18898868580319572,True,walking_dual_task,P05,28,0.595
2026-04-03T01:32:26.295730,1292.1445224733889,81712.0,56.0,-8.152952921867822,0.573948511079047,3.458868456827829,8.874898829913581,0.4535353496478258,True,walking_dual_task,P05,28,0.595
2026-04-03T01:32:26.356012,1277.7894039992252,81712.0,57.0,-8.126874393482264,0.9427803272230324,3.585956624320902,8.9327491325094,0.0578503025958188,True,walking_dual_task,P05,28,0.595
2026-04-03T01:32:26.356043,1330.2364396413952,81628.0,57.0,-8.17852730310556,0.17486437478385047,4.207446476582299,9.198994089057587,0.2662449565481868,True,walking_dual_task,P05,28,0.595
2026-04-03T01:32:26.356617,1216.311534496144,81628.0,58.0,-8.211591035952829,-0.11380432246514025,4.1514453241113465,9.202047437643351,0.003053348585764226,True,walking_dual_task,P05,28,0.595
2026-04-03T01:32:26.357317,1265.4201221705919,81645.0,56.0,-8.290610684330101,0.19817660445391339,4.4917931933713575,9.43131515631296,0.22926771866960927,True,walking_dual_task,P05,28,0.595
2026-04-03T01:32:26.357919,1148.3976804727379,81645.0,58.0,-8.361085295357972,0.029986831674081442,4.432918601983757,9.463583563224809,0.0322684069118484,True,walking_dual_task,P05,28,0.595
2026-04-03T01:32:26.359034,1239.1299121606437,81666.0,57.0,-8.383121821226283,0.6241071998379566,4.415318844488201,9.495329471108544,0.031745907883735214,True,walking_dual_task,P05,28,0.595
2026-04-03T01:32:26.415785,1233.8222519148,81666.0,56.0,-8.271152284144852,0.7873753077500294,4.025240948525151,9.23225241620119,0.2630770549073542,True,walking_dual_task,P05,28,0.595
2026-04-03T01:32:26.416082,1190.0716338688217,81670.0,55.0,-7.922232188966225,0.4631641069895659,4.099802902183238,8.932226356438026,0.3000260597631641,True,walking_dual_task,P05,28,0.595
2026-04-03T01:32:26.416810,1242.9961722382318,81670.0,58.0,-7.915910491173713,0.0060006211920536345,3.8011665261124614,8.781260836062588,0.1509655203754381,True,walking_dual_task,P05,28,0.595
2026-04-03T01:32:26.417441,1347.5278049961896,81703.0,57.0,-8.156516859453356,-0.18496137821787814,3.713805820698628,8.964113545902578,0.1828527098399899,True,walking_dual_task,P05,28,0.595
2026-04-03T01:32:26.418196,1196.7261565671718,81703.0,58.0,-8.038700056098937,0.2430255326205334,3.891722967799432,8.934498735772934,0.029614810129643843,True,walking_dual_task,P05,28,0.595
2026-04-03T01:32:26.475830,1264.4593244586506,81742.0,57.0,-8.024673709650152,-0.23964507739107982,3.7803404404393697,8.873769872781772,0.0607288629911622,True,walking_dual_task,P05,28,0.595
2026-04-03T01:32:26.475955,1306.7577055443226,81742.0,56.0,-9.13959801926178,-0.4836215224068899,4.712597687273632,10.294402298954795,1.4206324261730234,True,walking_dual_task,P05,28,0.595
2026-04-03T01:32:26.476703,1255.7303653288795,81805.0,56.0,-9.060979827220748,-0.8049286631892911,4.769458906897189,10.271173440591195,0.023228858363600224,True,walking_dual_task,P05,28,0.595
2026-04-03T01:32:26.595728,1315.7121407199277,81805.0,58.0,-10.100673192106585,-0.9386900227609544,5.23030195488524,11.413185200979083,1.1420117603878879,True,walking_dual_task,P05,28,0.595
2026-04-03T01:32:26.596012,1181.3590123422155,81680.0,56.0,-10.525553042423489,-1.036891759453464,5.529196903636134,11.934589635545594,0.5214044345665112,True,walking_dual_task,P05,28,0.595
2026-04-03T01:32:26.596657,1258.7891503057017,81680.0,56.0,-10.706904425563282,-1.158500502848023,5.596847583605069,12.136911825804438,0.2023221902588439,True,walking_dual_task,P05,28,0.595
2026-04-03T01:32:26.597528,1226.2625755750137,81588.0,57.0,-10.077063411813901,-0.8476813314713733,5.098231604762192,11.325093206735191,0.8118186190692462,True,walking_dual_task,P05,28,0.595
2026-04-03T01:32:26.598026,1294.4148753659754,81588.0,57.0,-9.912579025688332,-0.9362055846047003,5.558925680403303,11.403392414426886,0.0782992076916944,True,walking_dual_task,P05,28,0.595
2026-04-03T01:32:26.598759,1270.9618038732483,81657.0,56.0,-10.116687951800166,-0.9848273124584475,5.433391595677026,11.525580427095049,0.12218801266816293,True,walking_dual_task,P05,28,0.595
2026-04-03T01:32:26.655571,1237.0473507773595,81657.0,57.0,-10.019430849143312,-0.7569063865044006,5.611768023373296,11.508859290427129,0.016721136667920078,True,walking_dual_task,P05,28,0.595
2026-04-03T01:32:26.656065,1270.637221143776,81858.0,57.0,-10.09146090085906,-0.8982913832900511,5.518717886043743,11.536930164848854,0.028070874421725733,True,walking_dual_task,P05,28,0.595
2026-04-03T01:32:26.656625,1334.595334207831,81858.0,56.0,-9.731376168399168,-0.765512615597039,5.51597118636015,11.212119773900067,0.3248103909487874,True,walking_dual_task,P05,28,0.595
2026-04-03T01:32:26.715612,1322.0189459363935,81967.0,57.0,-10.13393432517917,-0.4787004100972877,5.503065096379847,11.541642190116018,0.32952241621595135,True,walking_dual_task,P05,28,0.595
2026-04-03T01:32:26.716006,1203.0565809627592,81967.0,57.0,-9.996063999136577,-0.7189181765957555,5.01663768571442,11.207354392951274,0.33428779716474466,True,walking_dual_task,P05,28,0.595
2026-04-03T01:32:26.716642,1257.3153846774128,81955.0,56.0,-9.686875355261305,-0.834653736368744,5.360335447035247,11.102495085013356,0.10485930793791809,True,walking_dual_task,P05,28,0.595
2026-04-03T01:32:26.775620,1320.6150014797752,81955.0,58.0,-10.118361619109153,-0.4495477982627728,5.377306446359659,11.467290861229833,0.36479577621647685,True,walking_dual_task,P05,28,0.595
2026-04-03T01:32:26.776441,1243.3626867683022,81856.0,57.0,-9.810534006008266,-0.8872294452066516,5.493743225319955,11.278961308437724,0.1883295527921085,True,walking_dual_task,P05,28,0.595
2026-04-03T01:32:26.777018,1229.7773478257775,81856.0,57.0,-9.936099888863524,-1.0220952304432889,5.45865233208225,11.3827784369246,0.10381712848687563,True,walking_dual_task,P05,28,0.595
2026-04-03T01:32:26.836090,1233.0476930628313,81802.0,57.0,-9.902169538446179,-0.6403962635198702,5.44390855026124,11.31809212040921,0.06468631651538992,True,walking_dual_task,P05,28,0.595
2026-04-03T01:32:26.836704,1327.930788676428,81802.0,57.0,-9.935930229259155,-1.8103304804879068,4.369115804191842,11.004052838828445,0.3140392815807651,True,walking_dual_task,P05,28,0.595
2026-04-03T01:32:26.836973,1168.2529618784215,81806.0,58.0,-9.713645125667922,-0.7884338702222589,4.3109290712876565,10.656483428073207,0.34756941075523784,True,walking_dual_task,P05,28,0.595
2026-04-03T01:32:26.895515,1259.790720637736,81806.0,56.0,-9.742036152143225,-0.9015566628050844,4.339304280566043,10.702786293543031,0.04630286546982454,True,walking_dual_task,P05,28,0.595
2026-04-03T01:32:26.895762,1211.5562313505095,81790.0,58.0,-8.85298897717963,0.24300879832008387,4.329128562375368,9.857779730532592,0.8450065630104397,True,walking_dual_task,P05,28,0.595
2026-04-03T01:32:26.896536,1352.5200275242382,81790.0,56.0,-7.565209553555063,0.13818680324107352,4.212184149161943,8.659906840621433,1.1978728899111584,True,walking_dual_task,P05,28,0.595
2026-04-03T01:32:26.955552,1179.8811754897608,81755.0,57.0,-7.607151976428717,0.2901004271022093,4.25310164889981,8.7201945555224,0.060287714900967515,True,walking_dual_task,P05,28,0.595
2026-04-03T01:32:26.955935,1113.7486398424487,81755.0,56.0,-6.337441887372575,-0.28065853768627624,4.621807572331414,7.848760674543508,0.8714338809788931,True,walking_dual_task,P05,28,0.595
2026-04-03T01:32:26.956912,1246.7651635913808,81788.0,56.0,-6.306449507509056,-0.4337630122783453,4.6208876705148105,7.830201696322885,0.018558978220622357,True,walking_dual_task,P05,28,0.595
2026-04-03T01:32:27.015544,1226.4961407615797,81788.0,56.0,-6.171016013691655,-0.39166507171225323,4.960170546178556,7.927050650577141,0.09684895425425566,True,walking_dual_task,P05,28,0.595
2026-04-03T01:32:27.016206,1171.5420254377261,81881.0,58.0,-6.551402912966537,-0.18108294699000113,5.322845016819195,8.443124435586268,0.5160737850091275,True,walking_dual_task,P05,28,0.595
2026-04-03T01:32:27.016877,1370.0023322079785,81881.0,56.0,-6.636319522584298,-0.18429357269729219,5.106871158910656,8.375848253191105,0.06727618239516353,True,walking_dual_task,P05,28,0.595
2026-04-03T01:32:27.076016,1299.9209840666267,81951.0,55.0,-6.962325604091821,0.08155706830150092,5.120906823368075,8.643165859012552,0.2673176058214466,True,walking_dual_task,P05,28,0.595
2026-04-03T01:32:27.076522,1308.9998940379242,81951.0,57.0,-6.7726215548103195,0.24815519635980926,5.084019439472053,8.472144792618423,0.17102106639412895,True,walking_dual_task,P05,28,0.595
2026-04-03T01:32:27.076989,1217.9091504324776,81992.0,58.0,-7.369022476529378,0.45051057410833223,5.304036677553006,9.090558679960552,0.618413887342129,True,walking_dual_task,P05,28,0.595
2026-04-03T01:32:27.136088,1169.948991789197,81992.0,56.0,-8.274074997123018,0.5476376364005547,5.150099687416533,9.761339602183018,0.6707809222224661,True,walking_dual_task,P05,28,0.595
2026-04-03T01:32:27.136362,1267.8319305267648,82002.0,55.0,-8.025833251826203,0.4125931324681563,5.187744609446702,9.565402584937152,0.19593701724586587,True,walking_dual_task,P05,28,0.595
2026-04-03T01:32:27.136700,1193.8670963226266,82002.0,57.0,-9.31359818694999,1.052083431321028,5.352948113452372,10.793703916623418,1.228301331686266,True,walking_dual_task,P05,28,0.595
2026-04-03T01:32:27.195849,1309.7541452905882,81880.0,56.0,-9.255500272773023,1.043433566646094,5.097265201612374,10.617681076528608,0.1760228400948094,True,walking_dual_task,P05,28,0.595
2026-04-03T01:32:27.196274,1356.350425698403,81880.0,56.0,-10.606199011568652,0.6194898029722148,5.404573997739474,11.919926391804106,1.3022453152754974,True,walking_dual_task,P05,28,0.595
2026-04-03T01:32:27.196833,1098.4251844430225,81749.0,56.0,-10.519421900553152,0.1473065389408921,5.758232002867986,11.993213586737506,0.07328719493339975,True,walking_dual_task,P05,28,0.595
2026-04-03T01:32:27.315779,1354.7119072361443,81749.0,57.0,-10.5298338082809,0.1916805675724802,5.525317537315449,11.892992699828165,0.10022088690934083,True,walking_dual_task,P05,28,0.595
2026-04-03T01:32:27.315965,1321.0396334863258,81631.0,57.0,-9.754934284227806,-0.1593884390204776,5.173787352839067,11.043198048413961,0.8497946514142036,True,walking_dual_task,P05,28,0.595
2026-04-03T01:32:27.316676,1277.142896387961,81631.0,56.0,-9.985882487831999,-0.40555619905979834,5.20401537270999,11.267834791599828,0.2246367431858669,True,walking_dual_task,P05,28,0.595
2026-04-03T01:32:27.317387,1214.3581468316622,81616.0,56.0,-9.885129079036563,-0.49782448536090806,5.383643030908985,11.267085621920781,0.0007491696790467017,True,walking_dual_task,P05,28,0.595
2026-04-03T01:32:27.318181,1205.2191433173734,81616.0,56.0,-9.811675236770194,-0.3104752415748162,4.506784269960505,10.80168830708625,0.4653973148345312,True,walking_dual_task,P05,28,0.595
2026-04-03T01:32:27.318751,1199.76510284277,81588.0,55.0,-9.856218361507317,-0.39572675539796054,4.5605085097785905,10.867376772819405,0.0656884657331549,True,walking_dual_task,P05,28,0.595
2026-04-03T01:32:27.375453,1295.850660814946,81588.0,57.0,-10.358793241471695,0.11275141906492511,4.786547935146077,11.411763730357897,0.5443869575384923,True,walking_dual_task,P05,28,0.595
2026-04-03T01:32:27.375840,1290.6734289579722,81504.0,58.0,-9.823925954384189,0.11629945981258685,4.1531895254261,10.666397234103231,0.7453664962546664,True,walking_dual_task,P05,28,0.595
2026-04-03T01:32:27.376937,1176.3573313594668,81504.0,58.0,-9.971835383575076,0.0031567327147744573,4.179569127768801,10.812322089906468,0.1459248558032371,True,walking_dual_task,P05,28,0.595
2026-04-03T01:32:27.435775,1210.555518298458,81487.0,58.0,-8.847089097002245,-0.12461099966100816,3.9655924722376605,9.696001085365065,1.116321004541403,True,walking_dual_task,P05,28,0.595
2026-04-03T01:32:27.436278,1231.3354436355114,81487.0,57.0,-9.112441323382773,0.26998081282646474,3.7534021392036014,9.858879456102839,0.1628783707377739,True,walking_dual_task,P05,28,0.595
2026-04-03T01:32:27.436845,1191.671611410978,81518.0,58.0,-8.393107104718522,0.015700983871759194,3.8347745136839366,9.227675165661768,0.6312042904410706,True,walking_dual_task,P05,28,0.595
2026-04-03T01:32:27.495643,1229.7409346182105,81518.0,56.0,-8.054260815043527,-0.251272188066394,3.9103357361776316,8.956839875696627,0.2708352899651416,True,walking_dual_task,P05,28,0.595
2026-04-03T01:32:27.496195,1312.9220073313982,81567.0,58.0,-8.587067451330087,-0.21435647484947531,3.8072811913595177,9.39569402343874,0.43885414774211284,True,walking_dual_task,P05,28,0.595
2026-04-03T01:32:27.496814,1167.2163688807877,81567.0,57.0,-8.017343599882766,-0.3514593552231886,4.047836488159316,8.98812006549918,0.40757395793955986,True,walking_dual_task,P05,28,0.595
2026-04-03T01:32:27.555743,1226.274770056963,81628.0,57.0,-7.844055171961999,-0.7505053236208361,3.7440297731857406,8.72411707418397,0.2640029913152091,True,walking_dual_task,P05,28,0.595
2026-04-03T01:32:27.615508,1211.944754200069,81628.0,57.0,-7.638032432374382,-0.8078252378917494,3.673353684207426,8.513850382891283,0.21026669129268782,True,walking_dual_task,P05,28,0.595
2026-04-03T01:32:27.615871,1118.4646837471223,81702.0,58.0,-7.533363750772861,-0.6047798645742757,3.9382872851249338,8.522173128153979,0.008322745262695719,True,walking_dual_task,P05,28,0.595
2026-04-03T01:32:27.616526,1367.6769522624954,81702.0,57.0,-7.754612170340056,-0.7168159273190047,3.844400140564826,8.684886149329717,0.1627130211757386,True,walking_dual_task,P05,28,0.595
2026-04-03T01:32:27.617247,1336.0677405014392,81792.0,56.0,-7.4106636199759635,-0.6792200163189961,3.7993778576021318,8.355509991846159,0.32937615748355853,True,walking_dual_task,P05,28,0.595
2026-04-03T01:32:27.618164,1280.875099809258,81792.0,57.0,-7.668297953544728,-1.114616211961094,3.972533308257265,8.70782313150182,0.3523131396556618,True,walking_dual_task,P05,28,0.595
2026-04-03T01:32:27.675798,1297.3813717633304,81893.0,57.0,-7.711802312423181,-0.6438248013585071,3.8336847695507457,8.636176479960632,0.07164665154118843,True,walking_dual_task,P05,28,0.595
2026-04-03T01:32:27.676427,1192.728251988715,81893.0,57.0,-7.5448971695567995,-0.8060606044489321,3.5639855678972343,8.383149773528476,0.25302670643215563,True,walking_dual_task,P05,28,0.595
2026-04-03T01:32:27.676724,1120.8571991033273,81784.0,57.0,-7.705543002217417,-0.9158265121146196,3.8710973728941007,8.671766027156258,0.2886162536277812,True,walking_dual_task,P05,28,0.595
2026-04-03T01:32:27.735639,1243.319653676644,81784.0,56.0,-7.724891768650034,-0.8109723872175462,4.077779630873504,8.772680078981178,0.10091405182492075,True,walking_dual_task,P05,28,0.595
2026-04-03T01:32:27.736183,1190.39700916784,81677.0,57.0,-7.488592223056805,-0.8602996466679333,3.6775371476229597,8.387097736251238,0.38558234272993985,True,walking_dual_task,P05,28,0.595
2026-04-03T01:32:27.736770,1159.5501042358298,81677.0,56.0,-7.45566830519613,-0.5871677870859974,3.8606233807774966,8.416422563981888,0.02932482773064926,True,walking_dual_task,P05,28,0.595
2026-04-03T01:32:27.795890,1301.365654773835,81552.0,57.0,-7.685106829781876,-0.800413961999764,3.960058949147694,8.682372738857099,0.26595017487521133,True,walking_dual_task,P05,28,0.595
2026-04-03T01:32:27.856535,1199.0234558381655,81552.0,56.0,-7.600769096057687,-0.7690398875804261,3.6999893354958724,8.488405874076621,0.19396686478047798,True,walking_dual_task,P05,28,0.595
2026-04-03T01:32:27.915997,1298.0428115531104,81443.0,57.0,-7.644391791780416,-0.8275080218830951,3.9635023092892494,8.65048241130296,0.16207653722633886,True,walking_dual_task,P05,28,0.595
2026-04-03T01:32:27.975767,1289.3234220971044,81443.0,56.0,-11.363109686025444,-2.134440445883363,6.1144244460270505,13.079078104355872,4.4285956930529125,True,walking_dual_task,P05,28,0.595
2026-04-03T01:32:28.035783,1224.4663922715645,81321.0,57.0,-10.025827905437943,-1.0367328961321378,6.106677224674497,11.784886381027986,1.2941917233278861,True,walking_dual_task,P05,28,0.595
2026-04-03T01:32:28.095916,1246.6702737806675,81321.0,57.0,-9.832763375062685,-1.2271424585842525,5.822807860630998,11.493224333730742,0.291662047297244,True,walking_dual_task,P05,28,0.595
2026-04-03T01:32:28.155668,1273.4341583009705,81257.0,57.0,-9.388890424710286,-0.273164005396671,6.025061053960278,11.159177509342245,0.33404682438849775,True,walking_dual_task,P05,28,0.595
2026-04-03T01:32:28.215720,1205.5564262821886,81257.0,55.0,-9.426612927090764,-0.38887988035173665,6.242752946138872,11.313011234196784,0.1538337248545396,True,walking_dual_task,P05,28,0.595
2026-04-03T01:32:28.335811,1235.5316649396955,81217.0,56.0,-8.409288496785004,-1.0640773970815833,6.117343986743504,10.453243093953542,0.8597681402432418,True,walking_dual_task,P05,28,0.595
2026-04-03T01:32:28.395651,1199.41045808809,81217.0,55.0,-7.665253197250481,-2.1053703254029488,5.946287573827546,9.927085508632528,0.5261575853210143,True,walking_dual_task,P05,28,0.595
2026-04-03T01:32:28.455827,1290.9714395177289,81245.0,56.0,-7.478637154977345,-1.8817878535052488,6.091719851022947,9.827522066358059,0.09956344227446934,True,walking_dual_task,P05,28,0.595
2026-04-03T01:32:28.515782,1312.9692864049289,81245.0,57.0,-7.59134570025939,-2.6802788880346964,6.05740680134484,10.07494921155784,0.24742714519978115,True,walking_dual_task,P05,28,0.595
2026-04-03T01:32:28.575774,1182.4249684594831,81302.0,58.0,-7.607620592375554,-2.7238346705915504,6.048156710882845,10.093332749377202,0.018383537819362417,True,walking_dual_task,P05,28,0.595
2026-04-03T01:32:28.635979,1201.5362300591873,81302.0,57.0,-7.842611878712216,-2.8631842653838255,6.516214864512142,10.590818730303548,0.49748598092634566,True,walking_dual_task,P05,28,0.595
2026-04-03T01:32:28.695659,1302.8735448979617,81270.0,57.0,-8.109783463696488,-2.8398768820559117,6.347269938279517,10.682758267538748,0.09193953723520032,True,walking_dual_task,P05,28,0.595
2026-04-03T01:32:28.755774,1233.8636849363165,81270.0,55.0,-8.162741393774658,-2.491931087561172,6.550346181941346,10.75858274635045,0.07582447881170218,True,walking_dual_task,P05,28,0.595
2026-04-03T01:32:28.816094,1216.399123481181,81188.0,57.0,-7.200239550840305,-1.895918087585149,6.23357086391024,9.71057983334199,1.0480029130084603,True,walking_dual_task,P05,28,0.595
2026-04-03T01:32:28.875783,1247.032764570291,81188.0,56.0,-7.314859736022553,-2.0136086371290345,6.4410270617138226,9.95231743419262,0.24173760085063023,True,walking_dual_task,P05,28,0.595
2026-04-03T01:32:28.876322,1212.576564831782,81192.0,58.0,-6.541518485666179,-1.6697753916313434,5.981899356730585,9.020129371071334,0.932188063121286,True,walking_dual_task,P05,28,0.595
2026-04-03T01:32:28.877044,1256.019983540467,81192.0,56.0,-6.4980731153502145,-1.768366239645855,5.631197540180261,8.778522603860441,0.24160676721089303,True,walking_dual_task,P05,28,0.595
2026-04-03T01:32:28.877422,1262.5691711958266,81250.0,57.0,-6.727601341764824,-1.9290054875665188,5.730547667888757,9.04548829852335,0.2669656946629093,True,walking_dual_task,P05,28,0.595
2026-04-03T01:32:28.878032,1264.0563883400703,81250.0,56.0,-6.972242238933292,-1.5993757334229464,5.6184785760911256,9.096013746967552,0.05052544844420126,True,walking_dual_task,P05,28,0.595
2026-04-03T01:32:28.878829,1272.2953642612792,81329.0,56.0,-7.144651859478373,-1.4661912365432703,5.463924959301662,9.113190599133967,0.017176852166414847,True,walking_dual_task,P05,28,0.595
2026-04-03T01:32:28.879504,1187.9899373647247,81329.0,56.0,-6.455337435145339,-1.7650579409654337,5.476516909511723,8.647487981877847,0.4657026172561203,True,walking_dual_task,P05,28,0.595
2026-04-03T01:32:28.880188,1362.9350730212675,81412.0,58.0,-6.922286351761227,-1.6421544919589885,5.833143705038705,9.20001549970833,0.5525275178304838,True,walking_dual_task,P05,28,0.595
2026-04-03T01:32:28.880870,1295.535725019854,81405.0,56.0,-9.211631109803903,-1.6664813478201548,5.729321178019003,10.975264413518092,1.7752489138097616,True,walking_dual_task,P05,28,0.595
2026-04-03T01:32:28.881643,1264.537258897651,81396.0,57.0,-9.893440736330883,-1.6013685043977322,5.999833460714078,11.680862649927558,0.7055982364094664,True,walking_dual_task,P05,28,0.595
2026-04-03T01:32:28.882272,1313.783850926242,81237.0,57.0,-9.797421314565996,-0.4728324613224415,5.318479788923993,11.15792374130534,0.5229389086222191,True,walking_dual_task,P05,28,0.595
2026-04-03T01:32:28.882994,1239.2811484373024,81193.0,56.0,-9.1388053200099,-0.03263872120499683,4.762987090836163,10.305574898599064,0.8523488427062755,True,walking_dual_task,P05,28,0.595
2026-04-03T01:32:28.883681,1270.51898304975,81328.0,57.0,-9.212486738060695,-0.054922870098457685,4.679341354805146,10.332916526102093,0.02734162750302893,True,walking_dual_task,P05,28,0.595
2026-04-03T01:32:28.884431,1360.4547567902716,81324.0,57.0,-9.425944118930312,-0.3598212603208188,4.818219426141313,10.592125958041725,0.25920943193963275,True,walking_dual_task,P05,28,0.595
2026-04-03T01:32:28.885167,1310.4605616513884,81429.0,57.0,-9.319841484455331,-0.16629915635056994,4.735521985740007,10.455250794801836,0.13687516323988902,True,walking_dual_task,P05,28,0.595
2026-04-03T01:32:28.885892,1407.8849414439287,81519.0,58.0,-9.170192959183144,-0.07895598750563357,4.732406091145332,10.319609506571677,0.13564128823015942,True,walking_dual_task,P05,28,0.595
2026-04-03T01:32:28.886825,1329.8841128589643,81674.0,55.0,-7.354012581439629,-0.6604753351701131,4.190526304346563,8.489890424720503,1.8297190818511737,True,walking_dual_task,P05,28,0.595
2026-04-03T01:32:28.935616,1200.0361429974103,81724.0,56.0,-7.961122343193857,-1.4325897276231396,4.7330160466007705,9.371938070024374,0.8820476453038708,True,walking_dual_task,P05,28,0.595
2026-04-03T01:32:28.935985,1180.2124731799968,81697.0,57.0,-8.876486716434181,-2.34323493936323,5.09210678735824,10.498205462932459,1.126267392908085,True,walking_dual_task,P05,28,0.595
2026-04-03T01:32:28.936745,1242.58758063422,81697.0,56.0,-9.392727734331153,-2.84589078317979,5.521659747525557,11.261045910949182,0.762840448016723,True,walking_dual_task,P05,28,0.595
2026-04-03T01:32:29.055995,1304.3529941153363,81567.0,55.0,-9.581273307835676,-2.7894046283490646,5.83603357267383,11.560314193025881,0.2992682820766994,True,walking_dual_task,P05,28,0.595
2026-04-03T01:32:29.056215,1268.109176694446,81567.0,58.0,-9.050475407271767,-2.3127078495881532,6.007212310920433,11.106138953013858,0.4541752400120238,True,walking_dual_task,P05,28,0.595
2026-04-03T01:32:29.056830,1239.3311071697426,81481.0,57.0,-9.222014313788378,-2.3051057919784643,5.979071913118214,11.229797934877078,0.12365898186322077,True,walking_dual_task,P05,28,0.595
2026-04-03T01:32:29.057410,1174.2968894871042,81481.0,56.0,-8.912246333440661,-1.3339434342436665,6.2109608537004375,10.944568265577567,0.2852296692995111,True,walking_dual_task,P05,28,0.595
2026-04-03T01:32:29.058010,1178.8433747615688,81483.0,57.0,-9.20032245201949,-0.5214124294748558,6.009752117706677,11.00158736996733,0.05701910438976299,True,walking_dual_task,P05,28,0.595
2026-04-03T01:32:29.059034,1285.9075075357712,81483.0,56.0,-8.882156955825032,-0.9791793665212423,6.121504049883481,10.831634975961467,0.16995239400586293,True,walking_dual_task,P05,28,0.595
2026-04-03T01:32:29.116005,1223.1020894732296,81519.0,55.0,-8.967025083017417,-1.3809463650421328,6.147230060152498,10.959150930388224,0.127515954426757,True,walking_dual_task,P05,28,0.595
2026-04-03T01:32:29.175715,1133.0975866827791,81519.0,56.0,-9.15547689565119,-1.3504327248779058,6.012914489823704,11.036374694307717,0.07722376391949304,True,walking_dual_task,P05,28,0.595
2026-04-03T01:32:29.235831,1291.1951296809682,81546.0,56.0,-8.64397976072704,-3.0732743094160395,6.518668849236319,11.254174543287451,0.21779984897973392,True,walking_dual_task,P05,28,0.595
2026-04-03T01:32:29.295676,1212.9208665518947,81546.0,58.0,-8.673927989806085,-3.731604603915514,6.676588739021104,11.56454654892825,0.31037200564079903,True,walking_dual_task,P05,28,0.595
2026-04-03T01:32:29.355865,1301.6742486598805,81567.0,55.0,-8.210765450542425,-3.7861117383450082,6.28321081521415,11.01045183121379,0.5540947177144613,True,walking_dual_task,P05,28,0.595
2026-04-03T01:32:29.415847,1243.9464803648514,81567.0,56.0,-7.991928308906361,-2.8491352844717124,5.998680155746008,10.390989056623125,0.619462774590664,True,walking_dual_task,P05,28,0.595
2026-04-03T01:32:29.475970,1159.4752961576048,81525.0,57.0,-7.684964808089346,-3.017533822106076,6.129157190435283,10.282546490738097,0.10844256588502788,True,walking_dual_task,P05,28,0.595
2026-04-03T01:32:29.535644,1238.257398894996,81525.0,56.0,-7.902196009735774,-2.2999758341978613,5.728521641829766,10.027489756419108,0.25505673431898934,True,walking_dual_task,P05,28,0.595
2026-04-03T01:32:29.595592,1228.3332673411119,81436.0,57.0,-7.837267424195874,-2.405522835689683,5.596071667401549,9.92599208633982,0.10149767007928823,True,walking_dual_task,P05,28,0.595
2026-04-03T01:32:29.656019,1241.943999129335,81436.0,56.0,-7.322275865848888,-2.141182357677278,5.743682859232848,9.549360111120889,0.3766319752189311,True,walking_dual_task,P05,28,0.595
2026-04-03T01:32:29.715757,1336.396864907879,81416.0,55.0,-7.74010404837452,-2.703758705894692,5.457270549235593,9.848925000573368,0.29956488945247983,True,walking_dual_task,P05,28,0.595
2026-04-03T01:32:29.775493,1199.9477418793108,81416.0,57.0,-7.720766608806819,-2.6730807410684814,5.4095445276175,9.798916760143134,0.050008240430234,True,walking_dual_task,P05,28,0.595
2026-04-03T01:32:29.835711,1345.7130762359554,81454.0,57.0,-7.034616648104695,-2.280215454380294,5.083374895317743,8.973623249865861,0.8252935102772732,True,walking_dual_task,P05,28,0.595
2026-04-03T01:32:29.895801,1200.8322041812564,81454.0,58.0,-6.825377961856352,-2.2776559782774712,5.1234724019808295,8.833089523571958,0.14053372629390282,True,walking_dual_task,P05,28,0.595
2026-04-03T01:32:29.955807,1293.652116208069,81484.0,57.0,-6.720845401151596,-2.396530446138212,5.2722597409483525,8.871856844058788,0.03876732048682996,True,walking_dual_task,P05,28,0.595
2026-04-03T01:32:30.076007,1398.021101583643,81484.0,57.0,-6.714497012475419,-2.0000996326242375,5.164759714589598,8.703999746117445,0.16785709794134362,True,walking_dual_task,P05,28,0.595
2026-04-03T01:32:30.135921,1244.2163783130363,81486.0,57.0,-6.783203657521032,-2.1951833728463024,5.365264291904475,8.922821460828004,0.21882171471055933,True,walking_dual_task,P05,28,0.595
2026-04-03T01:32:30.195873,1183.3375948495132,81486.0,56.0,-6.63170632263944,-2.2571297060045543,5.4419001129811395,8.870650489063825,0.05217097176417873,True,walking_dual_task,P05,28,0.595
2026-04-03T01:32:30.255909,1316.632864878481,81488.0,57.0,-6.654715733009097,-2.4412654480727984,5.88140967018513,9.210645915659773,0.33999542659594795,True,walking_dual_task,P05,28,0.595
2026-04-03T01:32:30.315752,1273.9631060368142,81488.0,57.0,-6.5941878785138615,-2.4293694561459374,5.739343301505378,9.073324157337739,0.13732175832203453,True,walking_dual_task,P05,28,0.595
2026-04-03T01:32:30.375795,1275.088548042955,81377.0,55.0,-6.982502431637371,-2.408925895706343,6.329735597267043,9.727477417611206,0.6541532602734677,True,walking_dual_task,P05,28,0.595
2026-04-03T01:32:30.435796,1200.3665565871197,81377.0,58.0,-7.024240325715737,-2.156986262081266,6.688743857587343,9.936389499241203,0.20891208162999675,True,walking_dual_task,P05,28,0.595
2026-04-03T01:32:30.495795,1296.0882339445866,81251.0,55.0,-7.367042145945232,-2.010330202534483,6.58219837388854,10.081670146189897,0.14528064694869336,True,walking_dual_task,P05,28,0.595
2026-04-03T01:32:30.556156,1258.5915590645768,81251.0,56.0,-7.843027864858845,-2.0003667946933414,6.638633328060187,10.468333480869601,0.3866633346797048,True,walking_dual_task,P05,28,0.595
2026-04-03T01:32:30.616350,1267.5152364115047,81175.0,56.0,-7.842823964453586,-2.0044383433734367,6.680617590462873,10.495633006150467,0.02729952528086521,True,walking_dual_task,P05,28,0.595
2026-04-03T01:32:30.675926,1161.04886148606,81060.0,57.0,-7.652658219087527,-2.122661787230537,6.497852925421605,10.261138510006905,0.23449449614356155,True,walking_dual_task,P05,28,0.595
2026-04-03T01:32:30.795957,1211.1339242216789,81034.0,58.0,-7.878834200330642,-2.0404935202426078,6.6853060479414115,10.532471652802768,0.2713331427958625,True,walking_dual_task,P05,28,0.595
2026-04-03T01:32:30.855709,1285.0335077734283,81262.0,57.0,-7.692818338717831,-2.0617832075766582,6.668171236478386,10.387247548150384,0.14522410465238345,True,walking_dual_task,P05,28,0.595
2026-04-03T01:32:30.915763,1187.8318037990111,81500.0,56.0,-7.818226603548226,-2.0914799162332254,6.524881935031827,10.395818377142842,0.008570828992457535,True,walking_dual_task,P05,28,0.595
2026-04-03T01:32:30.975758,1307.8541118309586,81581.0,56.0,-8.064623411809364,0.32178729346945567,4.285455152396127,9.1382068098583,1.2576115672845418,True,walking_dual_task,P05,28,0.595
2026-04-03T01:32:31.036062,1261.9526459462797,81557.0,55.0,-7.68259179100813,0.00027874903377107796,4.837521597211651,9.078757178626141,0.05944963123215885,True,walking_dual_task,P05,28,0.595
2026-04-03T01:32:31.095633,1211.3741190378103,81534.0,56.0,-7.525636017702654,-0.5965282668961451,5.58875685494485,9.392829532565926,0.3140723539397854,True,walking_dual_task,P05,28,0.595
2026-04-03T01:32:31.155984,1288.7204470686781,81533.0,56.0,-7.826401821255804,0.3114689892209377,4.8469353023379105,9.210991272607524,0.1818382599584023,True,walking_dual_task,P05,28,0.595
2026-04-03T01:32:31.215547,1262.121251138907,81620.0,58.0,-8.013907230072611,-0.5546591294873642,4.564067548059461,9.239105390966337,0.028114118358812945,True,walking_dual_task,P05,28,0.595
2026-04-03T01:32:31.216239,1210.8770396731998,81670.0,57.0,-9.775857046508666,-1.6101270681071054,5.318010393980239,11.244604249136835,2.0054988581704976,True,walking_dual_task,P05,28,0.595
2026-04-03T01:32:31.216992,1249.7792151492692,81715.0,57.0,-10.110117703948308,-1.2816311086913785,5.43438086074193,11.549439537313173,0.30483528817633854,True,walking_dual_task,P05,28,0.595
2026-04-03T01:32:31.217428,1138.516138933269,81743.0,55.0,-9.506633941210346,-0.20497259693594705,5.363006731162336,10.91695671220509,0.6324828251080827,True,walking_dual_task,P05,28,0.595
2026-04-03T01:32:31.218493,1241.1450125078138,81733.0,55.0,-8.86929469842714,-0.5176330516533142,5.271481850471359,10.330578557058683,0.5863781551464076,True,walking_dual_task,P05,28,0.595
2026-04-03T01:32:31.218918,1197.1451294196074,81776.0,56.0,-9.004660542725794,-2.7229131983364665,6.372966467409415,11.362784402166687,1.0322058451080043,True,walking_dual_task,P05,28,0.595
2026-04-03T01:32:31.219453,1247.376369259027,81833.0,56.0,-8.734681242687884,-2.078337015752946,5.507749611768152,10.53325433796909,0.8295300641975967,True,walking_dual_task,P05,28,0.595
2026-04-03T01:32:31.220163,1172.4374148839836,81889.0,56.0,-8.323523137349168,-1.9717146411290074,5.75898550155167,10.311867437623109,0.22138690034598163,True,walking_dual_task,P05,28,0.595
2026-04-03T01:32:31.220849,1082.195868913882,81657.0,57.0,-8.461754423152216,-1.945529721229348,5.979055863404415,10.542081522718062,0.23021408509495345,True,walking_dual_task,P05,28,0.595
2026-04-03T01:32:31.221592,1262.7704537144396,81733.0,56.0,-8.337305844788682,-2.063435755488639,5.807864370267361,10.36820738652529,0.17387413619277226,True,walking_dual_task,P05,28,0.595
2026-04-03T01:32:31.222326,1307.4024278351485,82137.0,56.0,-8.634567297804713,-1.9791953718103459,5.991547715926107,10.694466362204961,0.32625897567967144,True,walking_dual_task,P05,28,0.595
2026-04-03T01:32:31.222998,1188.4038927243723,82167.0,56.0,-8.676870670774958,-1.0451315673922557,5.729808990935799,10.450411269568447,0.24405509263651481,True,walking_dual_task,P05,28,0.595
2026-04-03T01:32:31.223686,1239.8059131947568,82040.0,55.0,-9.348786018509157,-0.7173854734181971,6.502559326611442,11.410421540567429,0.960010270998982,True,walking_dual_task,P05,28,0.595
2026-04-03T01:32:31.224377,1328.6307371295832,81910.0,56.0,-8.817104309396163,-0.6386859651470875,6.241264896894235,10.821397122278272,0.5890244182891564,True,walking_dual_task,P05,28,0.595
2026-04-03T01:32:31.225405,1214.8244691499171,81923.0,56.0,-9.279553550395518,-0.7434354338225111,5.125381631697696,10.62696321671742,0.19443390556085127,True,walking_dual_task,P05,28,0.595
2026-04-03T01:32:31.275684,1250.915678173222,81981.0,56.0,-8.71500086129693,-0.994544940188895,4.2209348066811545,9.734302763563194,0.8926604531542264,True,walking_dual_task,P05,28,0.595
2026-04-03T01:32:31.335500,1229.732279931759,82100.0,55.0,-8.199311305527237,-0.9841080203272883,4.035923875379277,9.191618791511956,0.542683972051238,True,walking_dual_task,P05,28,0.595
2026-04-03T01:32:31.336099,1345.0225418388802,82171.0,56.0,-7.9939329259392435,-0.8459742779640547,4.115883806912692,9.031009667550936,0.16060912396102012,True,walking_dual_task,P05,28,0.595
2026-04-03T01:32:31.336685,1315.7249967468003,82171.0,55.0,-7.2726146719836375,-1.0222583173942,4.580243253282608,8.655320011061066,0.37568965648986996,True,walking_dual_task,P05,28,0.595
2026-04-03T01:32:31.337282,1344.2413906131303,82119.0,56.0,-7.643529956579289,-0.21254045478142158,4.852623387864899,9.056305945941595,0.4009859348805289,True,walking_dual_task,P05,28,0.595
2026-04-03T01:32:31.337996,1343.0661064004785,82119.0,56.0,-7.88957930296281,-0.13398644043621322,4.439539818189503,9.053890199314877,0.002415746626718729,True,walking_dual_task,P05,28,0.595
2026-04-03T01:32:31.338729,1230.4358326146337,82053.0,57.0,-7.9232122715927,0.010460973101181933,4.51244553627741,9.118090087871764,0.06419988855688707,True,walking_dual_task,P05,28,0.595
2026-04-03T01:32:31.339426,1225.5183459898083,82053.0,56.0,-7.967945903558829,-0.05123194733144634,4.546873811083134,9.17414018251198,0.056050094640216486,True,walking_dual_task,P05,28,0.595
2026-04-03T01:32:31.395847,1307.9798164106821,82026.0,55.0,-8.286016818685882,-0.1301855882321967,4.316704583458791,9.343926448114988,0.16978626560300825,True,walking_dual_task,P05,28,0.595
2026-04-03T01:32:31.515879,1154.5643708126668,82026.0,57.0,-8.727459755339266,-0.6258932735299594,4.60043283154593,9.885559084264393,0.541632636149405,True,walking_dual_task,P05,28,0.595
2026-04-03T01:32:31.516283,1263.7918817529014,81988.0,55.0,-8.446508327087907,-0.6499436676981039,4.644632298231949,9.661187239492133,0.2243718447722607,True,walking_dual_task,P05,28,0.595
2026-04-03T01:32:31.516952,1263.7132654329184,81988.0,57.0,-8.619604642464965,-1.1137289531490953,5.1220486741704985,10.088278296818439,0.42709105732630626,True,walking_dual_task,P05,28,0.595
2026-04-03T01:32:31.517498,1183.439499831095,81906.0,55.0,-9.170682968108075,-0.8705822460054689,5.051431659229808,10.506012628798647,0.41773433198020804,True,walking_dual_task,P05,28,0.595
2026-04-03T01:32:31.518584,1203.4892663131436,81906.0,56.0,-9.013200516070013,-1.297588310234207,5.3446006222009395,10.558706112804346,0.052693484005699176,True,walking_dual_task,P05,28,0.595
2026-04-03T01:32:31.519061,1257.5130878783941,81773.0,57.0,-10.077641251247298,-1.6625794348361442,5.08934865978554,11.41159468903633,0.8528885762319831,True,walking_dual_task,P05,28,0.595
2026-04-03T01:32:31.575567,1218.8979288926105,81773.0,56.0,-9.706971801372584,-1.602478759929448,5.219585888949164,11.137204163558499,0.2743905254778305,True,walking_dual_task,P05,28,0.595
2026-04-03T01:32:31.576390,1340.8733116347616,81684.0,56.0,-9.909877966456179,-1.7555210110074704,5.014853179983777,11.244389167355234,0.10718500379673479,True,walking_dual_task,P05,28,0.595
2026-04-03T01:32:31.576932,1240.938767845163,81684.0,56.0,-9.666925963147053,-0.7772595905518562,5.559396436471126,11.178572305349162,0.06581686200607173,True,walking_dual_task,P05,28,0.595
2026-04-03T01:32:31.577494,1290.1767006517082,81717.0,55.0,-9.624272241390756,-1.2033026021699693,5.457838737314983,11.129355642234176,0.0492166631149864,True,walking_dual_task,P05,28,0.595
2026-04-03T01:32:31.578115,1292.7819106762513,81717.0,55.0,-9.596992518452796,-0.9031607736460897,5.31157694624472,11.005944504592522,0.12341113764165357,True,walking_dual_task,P05,28,0.595
2026-04-03T01:32:31.635817,1161.0488920019345,81769.0,56.0,-9.358558820310325,-1.0336095772323872,5.2970477302935715,10.803225750134215,0.20271875445830645,True,walking_dual_task,P05,28,0.595
2026-04-03T01:32:31.636123,1342.0498829072471,81769.0,55.0,-9.611060150498663,-1.0436870364641746,5.46789362333166,11.1067376183404,0.3035118682061846,True,walking_dual_task,P05,28,0.595
2026-04-03T01:32:31.636852,1285.1917568443953,81728.0,56.0,-9.53697597047458,-1.0882770422298138,5.307939639888092,10.968704609148219,0.1380330091921813,True,walking_dual_task,P05,28,0.595
2026-04-03T01:32:31.695796,1254.4364732063664,81728.0,56.0,-9.765045112842206,-1.131121650487493,5.843769910608584,11.436135230582893,0.4674306214346746,True,walking_dual_task,P05,28,0.595
2026-04-03T01:32:31.696140,1332.362928475463,81673.0,56.0,-9.828390887117163,-1.2097214449872038,5.379708443805374,11.269514468014158,0.16662076256873526,True,walking_dual_task,P05,28,0.595
2026-04-03T01:32:31.696864,1216.6595383829174,81673.0,56.0,-10.021975188630506,-1.160606749195055,5.5569478053824515,11.518101563172094,0.24858709515793542,True,walking_dual_task,P05,28,0.595
2026-04-03T01:32:31.816131,1279.4377811107618,81682.0,56.0,-9.588097271058658,-1.4345931355281838,5.343542998485133,11.069919535409756,0.4481820277623374,True,walking_dual_task,P05,28,0.595
2026-04-03T01:32:31.816155,1272.0340243955288,81682.0,55.0,-9.46661494414768,-1.1756325224506148,5.266776224917832,10.896689503329144,0.17323003208061216,True,walking_dual_task,P05,28,0.595
2026-04-03T01:32:31.816691,1277.086192465468,81699.0,55.0,-9.47278560038095,-0.9350767247714082,5.275953522499563,10.883185245302473,0.013504258026671323,True,walking_dual_task,P05,28,0.595
2026-04-03T01:32:31.817656,1269.1711229374782,81699.0,56.0,-9.685712760309572,-0.9321603436802859,5.359559235041529,11.108862667954481,0.22567742265200863,True,walking_dual_task,P05,28,0.595
2026-04-03T01:32:31.875627,1226.5935290790178,81681.0,58.0,-9.604375655911193,-0.8381553807531327,5.287579553123913,10.995682503271867,0.11318016468261405,True,walking_dual_task,P05,28,0.595
2026-04-03T01:32:31.876043,1258.922733442643,81681.0,58.0,-8.614473785780822,-0.8065943595220118,6.234245096458573,10.664218911361276,0.33146359191059105,True,walking_dual_task,P05,28,0.595
2026-04-03T01:32:31.876710,1340.6540487615985,81662.0,55.0,-7.993185986330463,-0.818124246128475,5.610743901181722,9.80004064373311,0.8641782676281657,True,walking_dual_task,P05,28,0.595
2026-04-03T01:32:31.877494,1304.299798342011,81662.0,56.0,-7.903510526338453,-0.1904090917506489,5.398083783901047,9.572932821250731,0.22710782248237926,True,walking_dual_task,P05,28,0.595
2026-04-03T01:32:31.878012,1223.6623598669532,81646.0,56.0,-7.250376706090257,-0.4691318657670207,5.192153070132895,8.930089618328848,0.6428432029218829,True,walking_dual_task,P05,28,0.595
2026-04-03T01:32:31.935792,1178.4635561003781,81646.0,55.0,-6.559920490543849,-0.4707898578066641,5.15199467758979,8.354474794407137,0.5756148239217111,True,walking_dual_task,P05,28,0.595
2026-04-03T01:32:31.936066,1279.6064975487934,81584.0,57.0,-6.545079517654482,-0.4666974203307535,4.606164156541165,8.017020681747564,0.33745411265957337,True,walking_dual_task,P05,28,0.595
2026-04-03T01:32:31.937062,1192.1009719002377,81584.0,55.0,-6.6495405769802245,-0.7589233640849646,5.042100676227376,8.379447105070422,0.3624264233228587,True,walking_dual_task,P05,28,0.595
2026-04-03T01:32:31.995752,1247.7653244105963,81579.0,57.0,-6.657160498892064,-0.8428031564448485,5.026999422696968,8.384439531913738,0.004992426843315911,True,walking_dual_task,P05,28,0.595
2026-04-03T01:32:31.995953,1275.4173506174675,81579.0,57.0,-6.807628287479146,-1.4233354001124199,5.521865474042855,8.880353871052996,0.495914339139258,True,walking_dual_task,P05,28,0.595
2026-04-03T01:32:31.996795,1226.101731584618,81617.0,58.0,-6.710193166536637,-1.2364301527626715,5.636164429943089,8.849960527383804,0.030393343669192774,True,walking_dual_task,P05,28,0.595
2026-04-03T01:32:32.055634,1243.790393015188,81617.0,58.0,-7.445186623994156,-1.6174106400839081,5.731080330616491,9.533734986915537,0.6837744595317332,True,walking_dual_task,P05,28,0.595
2026-04-03T01:32:32.056365,1234.73899948199,81592.0,57.0,-7.914364113055463,-1.4799293708364354,5.646282645442432,9.834015353298412,0.30028036638287503,True,walking_dual_task,P05,28,0.595
2026-04-03T01:32:32.056895,1315.019991070944,81592.0,56.0,-8.139131942383498,-1.594796553036395,5.634473807011708,10.026771160398802,0.1927558071003901,True,walking_dual_task,P05,28,0.595
2026-04-03T01:32:32.115684,1347.0947403266823,81539.0,56.0,-8.819775103827821,-1.4046440908004056,5.612791178309622,10.548217039634322,0.5214458792355199,True,walking_dual_task,P05,28,0.595
2026-04-03T01:32:32.116183,1176.1170489767421,81539.0,55.0,-8.750963423692498,-1.5442335861624417,5.4857691603706416,10.443068586019612,0.10514845361471004,True,walking_dual_task,P05,28,0.595
2026-04-03T01:32:32.116749,1359.662216667761,81463.0,55.0,-9.536130993871115,-1.1107519152369325,5.818989190710076,11.226406341794,0.7833377557743884,True,walking_dual_task,P05,28,0.595
2026-04-03T01:32:32.175671,1238.8620357862853,81463.0,55.0,-9.222390651289723,-1.0669163921891651,5.737410836430456,10.913692455759767,0.3127138860342331,True,walking_dual_task,P05,28,0.595
2026-04-03T01:32:32.176032,1262.350663299175,81393.0,55.0,-9.305875465491786,-1.0213497060938397,5.712382023633618,10.966940402195702,0.05324794643593478,True,walking_dual_task,P05,28,0.595
2026-04-03T01:32:32.176852,1223.9051259333303,81393.0,55.0,-8.678242574852625,-0.675724368777334,5.527727674104554,10.31136610006674,0.6555743021289615,True,walking_dual_task,P05,28,0.595
2026-04-03T01:32:32.235575,1227.5308829930702,81379.0,56.0,-8.59301504275014,-0.7758870605864779,5.823358693731629,10.409294631797847,0.09792853173110672,True,walking_dual_task,P05,28,0.595
2026-04-03T01:32:32.236171,1208.9296739731126,81379.0,56.0,-8.57270947228749,-0.7967136353739104,5.284194082477901,10.10192097644467,0.3073736553531763,True,walking_dual_task,P05,28,0.595
2026-04-03T01:32:32.236783,1366.424279266149,81401.0,57.0,-8.765802586767247,-0.6065194475019815,5.191864911397116,10.206009116621935,0.10408814017726442,True,walking_dual_task,P05,28,0.595
2026-04-03T01:32:32.295605,1176.6103978275987,81401.0,57.0,-8.57199757583888,-0.7247451452128123,5.220718275354342,10.062817561514072,0.14319155510786352,True,walking_dual_task,P05,28,0.595
2026-04-03T01:32:32.296228,1289.9741402779493,81420.0,57.0,-8.693465393214629,-0.6255796718620436,5.396086443151873,10.251118932625591,0.18830137111151934,True,walking_dual_task,P05,28,0.595
2026-04-03T01:32:32.296919,1267.9589727824948,81420.0,55.0,-8.751622674030154,-0.9079734246063252,5.163467955601976,10.201799669515104,0.049319263110486844,True,walking_dual_task,P05,28,0.595
2026-04-03T01:32:32.355783,1239.7473312516533,81407.0,56.0,-8.817913926021113,-0.5018478748678771,5.164745645158145,10.231424870241998,0.029625200726894008,True,walking_dual_task,P05,28,0.595
2026-04-03T01:32:32.356107,1296.9861503768013,81407.0,56.0,-9.122581969200743,-0.5723695874759108,5.520389640335458,10.678193223133626,0.44676835289162753,True,walking_dual_task,P05,28,0.595
2026-04-03T01:32:32.356788,1135.363183442695,81370.0,53.0,-9.096956023341152,-0.46334463212891086,5.011297416751901,10.396268510281457,0.28192471285216847,True,walking_dual_task,P05,28,0.595
2026-04-03T01:32:32.415901,1252.3227290955524,81370.0,55.0,-9.347546850217364,-0.5135088360412021,5.151084317266685,10.685223118180161,0.2889546078987042,True,walking_dual_task,P05,28,0.595
2026-04-03T01:32:32.416092,1282.9129950710176,81348.0,58.0,-8.60214408050654,-0.04000843555353731,4.553411877392897,9.733038743470193,0.9521843747099688,True,walking_dual_task,P05,28,0.595
2026-04-03T01:32:32.416853,1328.7434684380241,81348.0,55.0,-8.564296728963413,-0.02145630221185646,4.436509879022874,9.645219476056809,0.08781926741338353,True,walking_dual_task,P05,28,0.595
2026-04-03T01:32:32.535813,1279.2909862653105,81357.0,57.0,-8.062998889278282,-0.14901728880274756,4.28665235123073,9.132882656706855,0.5123368193499545,True,walking_dual_task,P05,28,0.595
2026-04-03T01:32:32.536225,1407.2953507186487,81357.0,56.0,-8.341227142705408,-0.027632069719227353,4.12283143746183,9.304545815847542,0.17166315914068697,True,walking_dual_task,P05,28,0.595
2026-04-03T01:32:32.536846,1280.6977184085142,81336.0,55.0,-7.699458503712994,-0.40599972412448376,3.926323995788413,8.652312820644626,0.6522329952029153,True,walking_dual_task,P05,28,0.595
2026-04-03T01:32:32.537450,1104.4327033846587,81336.0,58.0,-7.706088768165424,-0.4256764799051838,3.6958688230581647,8.557128661276696,0.09518415936793012,True,walking_dual_task,P05,28,0.595
2026-04-03T01:32:32.538141,1274.6884916303416,81232.0,55.0,-7.695049991892542,-0.3125769168352049,3.8176184863085885,8.595679706321583,0.038551045044886934,True,walking_dual_task,P05,28,0.595
2026-04-03T01:32:32.595703,1218.108512268341,81232.0,56.0,-7.913590937028904,-0.40062698254182627,3.7705169874159004,8.775090988141288,0.17941128181970534,True,walking_dual_task,P05,28,0.595
2026-04-03T01:32:32.596080,1331.9990628808262,81153.0,57.0,-7.851529821189047,-0.6209279361546088,3.71938300568016,8.710102294339631,0.0649886938016575,True,walking_dual_task,P05,28,0.595
2026-04-03T01:32:32.596786,1312.6844065459147,81153.0,57.0,-7.972798742518894,-0.46799920611745427,3.9417817925745533,8.906300396119013,0.19619810177938213,True,walking_dual_task,P05,28,0.595
2026-04-03T01:32:32.597531,1263.5494537447673,81141.0,56.0,-7.998952255811903,-0.5740201604081775,3.982598938645614,8.953984065287058,0.04768366916804467,True,walking_dual_task,P05,28,0.595
2026-04-03T01:32:32.655797,1345.4606925501444,81141.0,57.0,-7.931799958045003,-0.32097165234461456,3.7391104378849755,8.774817390849334,0.17916667443772383,True,walking_dual_task,P05,28,0.595
2026-04-03T01:32:32.656170,1323.1754824936731,81166.0,54.0,-8.128527015245893,-0.4532703966980557,3.8487462549866565,9.0050681965979,0.23025080574856638,True,walking_dual_task,P05,28,0.595
2026-04-03T01:32:32.656881,1240.6494965615486,81166.0,55.0,-7.824940097757624,-0.49109026024983005,3.921667092936221,8.766431997399295,0.23863619919860568,True,walking_dual_task,P05,28,0.595
2026-04-03T01:32:32.715700,1304.6925693200667,81236.0,55.0,-7.900695760487816,-0.6432168135658936,3.689805412986189,8.743533916829406,0.02289808056988818,True,walking_dual_task,P05,28,0.595
2026-04-03T01:32:32.716119,1217.99097926155,81236.0,56.0,-7.968531695127313,-0.4523787532856628,3.8687365092451933,8.869569667725687,0.12603575089628016,True,walking_dual_task,P05,28,0.595
2026-04-03T01:32:32.716888,1195.9193244481976,81363.0,54.0,-8.011227862807536,-0.3268667377786047,4.093452176649592,9.002386597819886,0.13281693009419904,True,walking_dual_task,P05,28,0.595
2026-04-03T01:32:32.775666,1305.7192805270784,81363.0,56.0,-8.025934645497179,-0.6549825644598153,3.8656155308014646,8.932391198638346,0.06999539918153985,True,walking_dual_task,P05,28,0.595
2026-04-03T01:32:32.776241,1243.3156811813772,81406.0,57.0,-7.773281995414625,-0.6595657060206706,3.915739664209586,8.728800434118076,0.20359076452026947,True,walking_dual_task,P05,28,0.595
2026-04-03T01:32:32.776864,1358.7844026101739,81406.0,55.0,-7.8754797042528235,-0.5975348674519951,3.6825290316775545,8.714427609376708,0.014372824741368362,True,walking_dual_task,P05,28,0.595
2026-04-03T01:32:32.835582,1354.2658388818131,81345.0,57.0,-8.365242742359897,-0.7042700447223399,3.9599482138339424,9.281943346667484,0.5675157372907762,True,walking_dual_task,P05,28,0.595
2026-04-03T01:32:32.836135,1267.6465953133986,81345.0,56.0,-12.225242463033243,-2.310021644263601,5.2790675875218245,13.515225039581876,4.233281692914392,True,walking_dual_task,P05,28,0.595
2026-04-03T01:32:32.836851,1233.8134960851335,81214.0,55.0,-12.35465315177861,-2.4086722430884784,5.353036628521644,13.678236641529214,0.16301160194733733,True,walking_dual_task,P05,28,0.595
2026-04-03T01:32:32.955963,1237.6708201633796,81214.0,55.0,-12.634228150954003,-2.5165358538461198,5.221229276237296,13.900284487343741,0.22204784581452763,True,walking_dual_task,P05,28,0.595
2026-04-03T01:32:33.015982,1327.9891068753914,81176.0,57.0,-10.661653992318824,-1.8258210196564095,4.7164471905062895,11.80039670301731,2.099887784326432,True,walking_dual_task,P05,28,0.595
2026-04-03T01:32:33.016814,1242.4340593134878,81176.0,57.0,-9.302763289720835,-1.1062296371453793,4.758101322865121,10.507362991413554,1.293033711603755,True,walking_dual_task,P05,28,0.595
2026-04-03T01:32:33.075703,1302.024460793631,81268.0,55.0,-9.355698908563447,-1.0090146354119565,4.972294766889078,10.642881557689314,0.13551856627575987,True,walking_dual_task,P05,28,0.595
2026-04-03T01:32:33.076411,1224.650700525391,81268.0,55.0,-8.48678932254811,-0.6512855438646863,5.08416675075554,9.914560878548876,0.7283206791404382,True,walking_dual_task,P05,28,0.595
2026-04-03T01:32:33.076752,1264.984629542223,81347.0,56.0,-8.485644599457046,-0.6792371499259425,5.000127080105982,9.872628737643447,0.04193214090542874,True,walking_dual_task,P05,28,0.595
2026-04-03T01:32:33.077636,1229.3039301982349,81347.0,54.0,-7.878518867485889,-0.36779277957081696,5.178111856542935,9.434997269363997,0.43763146827945043,True,walking_dual_task,P05,28,0.595
2026-04-03T01:32:33.135657,1208.102859618221,81362.0,55.0,-8.077006848201732,-0.6314406099697641,5.349672073018158,9.708539960192113,0.27354269082811555,True,walking_dual_task,P05,28,0.595
2026-04-03T01:32:33.136052,1249.787481097195,81362.0,57.0,-7.287546147178519,-1.3579548840810998,4.6095026243392,8.729254536227373,0.9792854239647397,True,walking_dual_task,P05,28,0.595
2026-04-03T01:32:33.136697,1277.6821974472089,81432.0,55.0,-7.632061818239051,-2.1874072432256217,4.552071351381415,9.151746917021127,0.42249238079375395,True,walking_dual_task,P05,28,0.595
2026-04-03T01:32:33.137281,1297.3910625377555,81432.0,56.0,-7.862179537587196,-1.9179251106506054,4.363514632596579,9.19415921986363,0.042412302842503635,True,walking_dual_task,P05,28,0.595
2026-04-03T01:32:33.138015,1363.6556067286162,81505.0,56.0,-8.80856138834336,-1.6140715598930546,4.694825354284108,10.111249469768708,0.9170902499050779,True,walking_dual_task,P05,28,0.595
2026-04-03T01:32:33.138812,1272.0207263510028,81505.0,56.0,-8.675571895454318,-2.1239532470780476,4.889877805433123,10.182712313575282,0.07146284380657342,True,walking_dual_task,P05,28,0.595
2026-04-03T01:32:33.255712,1302.6119628397087,81429.0,55.0,-9.505147499720993,-1.637021611363157,4.784317401645663,10.76649254619218,0.583780232616899,True,walking_dual_task,P05,28,0.595
2026-04-03T01:32:33.256095,1245.4545674149408,81429.0,56.0,-8.53770189383213,-1.078963222337972,4.867348253261037,9.88673830348644,0.8797542427057401,True,walking_dual_task,P05,28,0.595
2026-04-03T01:32:33.256760,1291.3113573189776,81199.0,56.0,-8.762565310465916,-1.1046739933717387,5.0461206920671,10.171833143082925,0.28509483959648385,True,walking_dual_task,P05,28,0.595
2026-04-03T01:32:33.257342,1247.771372707731,81199.0,57.0,-7.3402181040789705,-0.43904062233111846,4.423282690400902,8.581199697169726,1.5906334459131983,True,walking_dual_task,P05,28,0.595
2026-04-03T01:32:33.258057,1221.5352249915575,81127.0,56.0,-7.459354427123117,-0.4372313915995571,4.499355320620613,8.722232401193994,0.14103270402426737,True,walking_dual_task,P05,28,0.595
2026-04-03T01:32:33.258747,1233.7090876076236,81127.0,56.0,-7.686509493246157,-0.33071009691679987,4.838593099623359,9.088662197578298,0.3664297963843044,True,walking_dual_task,P05,28,0.595
2026-04-03T01:32:33.315613,1278.8950541900574,81179.0,55.0,-7.050033746026387,-0.7812295414279125,4.8081583305639874,8.56922878375192,0.5194334138263788,True,walking_dual_task,P05,28,0.595
2026-04-03T01:32:33.316126,1230.9106035926354,81179.0,55.0,-7.071914077825221,-0.6480733262400307,4.486436009365927,8.400004513478647,0.16922427027327203,True,walking_dual_task,P05,28,0.595
2026-04-03T01:32:33.316801,1309.363607599838,81222.0,55.0,-7.394202163134339,-0.5013207856676692,4.471586281194804,8.655670512999704,0.2556659995210566,True,walking_dual_task,P05,28,0.595
2026-04-03T01:32:33.317369,1284.1734508529325,81222.0,55.0,-7.212244935135394,-0.9124421797022433,4.526546539107351,8.563798882878478,0.09187163012122568,True,walking_dual_task,P05,28,0.595
2026-04-03T01:32:33.318280,1335.8117079975598,81272.0,56.0,-7.4263234173946895,-0.6308334202718792,4.7998972816155305,8.86494468217015,0.30114579929167107,True,walking_dual_task,P05,28,0.595
2026-04-03T01:32:33.375633,1192.124106619696,81272.0,55.0,-7.204402906662868,-1.36836561303051,5.1855767685931,8.981428177936357,0.11648349576620731,True,walking_dual_task,P05,28,0.595
2026-04-03T01:32:33.375966,1245.3179594806877,81275.0,56.0,-7.998387258211509,-1.3026755155601388,5.190704250425977,9.62364654621887,0.6422183682825136,True,walking_dual_task,P05,28,0.595
2026-04-03T01:32:33.376906,1303.5028390925593,81275.0,55.0,-8.281477521885353,-1.4130112165336401,5.153412892211735,9.855817321823512,0.23217077560464183,True,walking_dual_task,P05,28,0.595
2026-04-03T01:32:33.435572,1314.2691154699605,81200.0,56.0,-9.290403368298406,-0.8011156666808767,5.223976209510534,10.688466143213626,0.832648821390114,True,walking_dual_task,P05,28,0.595
2026-04-03T01:32:33.435971,1137.1731916933682,81200.0,54.0,-9.1540703853574,-1.0193948008305749,5.37518226579503,10.664368465622106,0.02409767759152004,True,walking_dual_task,P05,28,0.595
2026-04-03T01:32:33.495596,1326.6896322986827,81065.0,57.0,-10.520982384457184,-0.3947979690418779,6.030553435904967,12.133198692584044,1.4688302269619378,True,walking_dual_task,P05,28,0.595
2026-04-03T01:32:33.555668,1244.6709645052895,81065.0,55.0,-10.146941800349873,-0.33938699106407544,5.704896752959272,11.645662642860488,0.48753604972355546,True,walking_dual_task,P05,28,0.595
2026-04-03T01:32:33.615753,1249.1581787498212,80940.0,57.0,-10.741188939048886,-0.9651683521049605,6.048280491338424,12.36472347746427,0.7190608346037823,True,walking_dual_task,P05,28,0.595
2026-04-03T01:32:33.676244,1272.5178640970328,80940.0,56.0,-10.605176729301727,-1.342615722410124,5.6820089265498765,12.106098292975247,0.2586251844890235,True,walking_dual_task,P05,28,0.595
2026-04-03T01:32:33.736131,1277.982278082856,80914.0,55.0,-10.855505042236995,-1.3824929248170374,5.3917895128415605,12.199371728084616,0.09327343510936892,True,walking_dual_task,P05,28,0.595
2026-04-03T01:32:33.795684,1321.0361692466208,80914.0,56.0,-10.200065140400202,-1.1775436268534993,5.22816161719387,11.522222518119058,0.6771492099655578,True,walking_dual_task,P05,28,0.595
2026-04-03T01:32:33.855823,1245.6753916969249,80930.0,57.0,-10.120325643791634,-0.6662473609489645,5.294284173910355,11.440905628335358,0.08131688978370022,True,walking_dual_task,P05,28,0.595
2026-04-03T01:32:33.915726,1365.4113932235196,80930.0,56.0,-10.246409882139613,-0.9142130092728722,5.221574804464739,11.536444180845026,0.0955385525096677,True,walking_dual_task,P05,28,0.595
2026-04-03T01:32:33.975927,1232.6664254844998,80941.0,56.0,-9.86133138509755,-1.2260000847581909,5.053460385939786,11.148380813678719,0.38806336716630696,True,walking_dual_task,P05,28,0.595
2026-04-03T01:32:34.035875,1280.9222706243395,80941.0,55.0,-10.249899341430478,-0.7871917267152042,5.062438130584949,11.45898717819626,0.3106063645175414,True,walking_dual_task,P05,28,0.595
2026-04-03T01:32:34.096359,1233.0426332200116,80972.0,56.0,-10.27454811660811,-1.0747902027844813,5.150912008942769,11.543543975069683,0.08455679687342332,True,walking_dual_task,P05,28,0.595
2026-04-03T01:32:34.155742,1208.375766198962,80972.0,56.0,-9.899833227853353,-0.6663452664859153,4.9442842488096215,11.085876631394761,0.4576673436749221,True,walking_dual_task,P05,28,0.595
2026-04-03T01:32:34.275873,1275.1914999904723,81003.0,56.0,-9.893684403691493,-1.0454348695847022,5.1694198642286455,11.211638010526096,0.125761379131335,True,walking_dual_task,P05,28,0.595
2026-04-03T01:32:34.335933,1218.0859982866584,81003.0,56.0,-9.813295435318476,-0.8320305726127488,4.901916590743038,11.000992156946873,0.21064585357922283,True,walking_dual_task,P05,28,0.595
2026-04-03T01:32:34.395694,1258.9535300656448,81115.0,57.0,-10.34647885149743,-0.9588177534778228,5.092158932616827,11.571475217270146,0.5704830603232729,True,walking_dual_task,P05,28,0.595
2026-04-03T01:32:34.456090,1385.6338870659179,81115.0,57.0,-10.331999670955973,-1.0772067283233067,5.395226188023872,11.70551396377442,0.13403874650427383,True,walking_dual_task,P05,28,0.595
2026-04-03T01:32:34.515814,1265.777995407273,81277.0,56.0,-10.090858541098552,-0.8859038406904776,5.337478287189112,11.44984393682407,0.2556700269503498,True,walking_dual_task,P05,28,0.595
2026-04-03T01:32:34.576042,1343.1579553110678,81277.0,56.0,-9.986642485807668,-0.9483621148957594,5.259329983816117,11.326648697605817,0.12319523921825315,True,walking_dual_task,P05,28,0.595
2026-04-03T01:32:34.576622,1182.9892964869905,81373.0,56.0,-10.281764148107728,-1.0112200220262146,5.1295728630448165,11.53471966228681,0.20807096468099218,True,walking_dual_task,P05,28,0.595
2026-04-03T01:32:34.576978,1252.8018483619544,81373.0,55.0,-7.4613148622688055,-0.23682147483362087,3.800183342208016,8.376675791699892,3.1580438705869174,True,walking_dual_task,P05,28,0.595
2026-04-03T01:32:34.577528,1275.2110316304197,81254.0,57.0,-7.465423282913354,0.13645676457717545,3.738869482006642,8.350467666253447,0.026208125446444797,True,walking_dual_task,P05,28,0.595
2026-04-03T01:32:34.578140,1327.177664800137,81254.0,57.0,-7.5253449132580155,-0.0815131275199548,3.8093427063227403,8.434960124841766,0.08449245858831844,True,walking_dual_task,P05,28,0.595
2026-04-03T01:32:34.579241,1265.0641005760415,81165.0,56.0,-7.916825913912349,-0.6316877854415917,3.901884366227267,8.848721015880145,0.413760891038379,True,walking_dual_task,P05,28,0.595
2026-04-03T01:32:34.635604,1270.3662307291208,81165.0,56.0,-8.19454901088307,-0.6017637618041373,4.088442100795673,9.177587478653848,0.32886646277370346,True,walking_dual_task,P05,28,0.595
2026-04-03T01:32:34.636202,1347.2310449761778,81160.0,56.0,-10.239838335355447,-1.534486064846909,5.625531056291566,11.783697903575314,2.606110424921466,True,walking_dual_task,P05,28,0.595
2026-04-03T01:32:34.636871,1224.7107343279288,80989.0,56.0,-10.556949605925542,-1.6657082994077606,5.559469085065267,12.04705215513587,0.26335425156055514,True,walking_dual_task,P05,28,0.595
2026-04-03T01:32:34.637439,1271.8589559700513,81007.0,55.0,-9.259380232444256,-0.9390326186816218,5.645466791763628,10.885274449678953,1.1617777054569167,True,walking_dual_task,P05,28,0.595
2026-04-03T01:32:34.638134,1262.8781385756195,81028.0,56.0,-9.053358234255251,-0.2731624779451868,5.753889697648134,10.73057126670411,0.15470318297484198,True,walking_dual_task,P05,28,0.595
2026-04-03T01:32:34.639065,1174.9011018997467,81083.0,55.0,-7.768407467268745,-0.2863358288059202,5.2856450094922565,9.400435412827704,1.3301358538764063,True,walking_dual_task,P05,28,0.595
2026-04-03T01:32:34.695701,1321.9961545649212,81238.0,55.0,-8.743791628465287,-0.9728283373932625,5.823786403442886,10.550676522810337,1.1502411099826322,True,walking_dual_task,P05,28,0.595
2026-04-03T01:32:34.695983,1235.6592583084523,81236.0,55.0,-7.784102398371609,-0.16229236193290936,5.255547882218607,9.393581452319923,1.1570950704904135,True,walking_dual_task,P05,28,0.595
2026-04-03T01:32:34.696791,1296.0542390046646,81316.0,55.0,-7.4515424328957796,0.47451534475376744,5.367126662948867,9.195471606056417,0.19810984626350603,True,walking_dual_task,P05,28,0.595
2026-04-03T01:32:34.697345,1389.9720662604159,81347.0,56.0,-7.542866377134466,-0.06435754641258498,5.660357426998884,9.43072750525999,0.23525589920357248,True,walking_dual_task,P05,28,0.595
2026-04-03T01:32:34.698127,1215.0727999875721,81336.0,56.0,-9.057053849138128,-0.543338439383351,5.833699593682185,10.786912998408164,1.3561854931481747,True,walking_dual_task,P05,28,0.595
2026-04-03T01:32:34.698751,1254.9066944106414,80957.0,56.0,-10.265028489194638,-0.7558526410087296,6.080727773311193,11.954805450195144,1.1678924517869795,True,walking_dual_task,P05,28,0.595
2026-04-03T01:32:34.699473,1212.769811062859,80957.0,57.0,-10.148269108195581,-0.8475110826111197,6.313977114478019,11.982151222950643,0.027345772755499098,True,walking_dual_task,P05,28,0.595
2026-04-03T01:32:34.700155,1231.9258250061105,80946.0,55.0,-10.384102201202426,-0.8699722092424159,6.18474191847386,12.11765087663442,0.1354996536837767,True,walking_dual_task,P05,28,0.595
2026-04-03T01:32:34.700871,1329.4742527080864,80946.0,55.0,-10.141811576936352,-0.4573163680098902,6.048264911644322,11.817232703300627,0.3004181733337923,True,walking_dual_task,P05,28,0.595
2026-04-03T01:32:34.701648,1273.5517971038685,80942.0,57.0,-10.434069931263489,-0.985786027983609,6.467264349731238,12.315319630150457,0.4980869268498296,True,walking_dual_task,P05,28,0.595
2026-04-03T01:32:34.702300,1234.550694269952,80942.0,56.0,-10.511548060781838,-1.0362247177632748,5.989380239304587,12.142449503736973,0.17287012641348376,True,walking_dual_task,P05,28,0.595
2026-04-03T01:32:34.755652,1413.1441780469145,80976.0,57.0,-10.195731776430476,-0.8013967804554105,5.845764929965196,11.77998942584625,0.36246007789072365,True,walking_dual_task,P05,28,0.595
2026-04-03T01:32:34.756251,1293.0623918210347,80976.0,56.0,-10.444631722635267,-0.7439782156644452,6.110614449055772,12.123672890336136,0.34368346448988696,True,walking_dual_task,P05,28,0.595
2026-04-03T01:32:34.756881,1312.6324930811124,81034.0,56.0,-10.44823138915901,-0.986957050826066,6.106300057175462,12.141932456155567,0.01825956581943089,True,walking_dual_task,P05,28,0.595
2026-04-03T01:32:34.815594,1234.233453378953,81034.0,56.0,-10.301708353821825,-0.5596404926345395,6.167295827172002,12.019730875025937,0.1222015811296302,True,walking_dual_task,P05,28,0.595
2026-04-03T01:32:34.816232,1301.9810166247191,81045.0,56.0,-10.417871769262339,-0.9112119463480114,6.160891415677961,12.137501491152738,0.11777061612680129,True,walking_dual_task,P05,28,0.595
2026-04-03T01:32:34.816870,1278.5411674648005,81045.0,55.0,-8.220159362973698,-0.9773314026086618,4.073292673750759,9.225936799547284,2.911564691605454,True,walking_dual_task,P05,28,0.595
2026-04-03T01:32:34.875646,1298.524769757894,81077.0,57.0,-7.9249458143185825,-1.3628191530050098,4.291315468831561,9.114682147870871,0.11125465167641302,True,walking_dual_task,P05,28,0.595
2026-04-03T01:32:34.876231,1204.5835801749367,81077.0,54.0,-7.650570060802812,-1.1534174949369578,4.101293973154862,8.756837695601956,0.3578444522689157,True,walking_dual_task,P05,28,0.595
2026-04-03T01:32:34.877011,1244.929775413241,81179.0,55.0,-7.14902356729293,-0.583374076714619,4.245892706347033,8.335254534380057,0.4215831612218981,True,walking_dual_task,P05,28,0.595
2026-04-03T01:32:34.995756,1263.2263288031434,81179.0,54.0,-7.2198250384814235,-0.8530429231561297,4.326131210254684,8.459844387656887,0.12458985327682903,True,walking_dual_task,P05,28,0.595
2026-04-03T01:32:34.996096,1263.2757211604405,81197.0,56.0,-7.012452437730823,0.22453212299874703,3.695249565651283,7.929676741087325,0.530167646569562,True,walking_dual_task,P05,28,0.595
2026-04-03T01:32:34.997041,1276.031624556253,81197.0,56.0,-7.004079700637441,0.6772486285306656,3.9037392913078146,8.047047819680742,0.11737107859341744,True,walking_dual_task,P05,28,0.595
2026-04-03T01:32:34.997504,1270.6395202560968,81204.0,54.0,-7.182709868489448,0.1215777672499894,4.020899563705728,8.232480519855125,0.18543270017438296,True,walking_dual_task,P05,28,0.595
2026-04-03T01:32:34.998044,1255.1479493339946,81204.0,54.0,-7.239306715383501,-0.1474330439671029,4.310821420058006,8.426890264948334,0.19440974509320874,True,walking_dual_task,P05,28,0.595
2026-04-03T01:32:34.998894,1416.7666889280931,81253.0,56.0,-7.435720913634493,-0.3961155295336007,4.416814913223856,8.65766175106626,0.23077148611792708,True,walking_dual_task,P05,28,0.595
2026-04-03T01:32:35.055534,1327.6189769619461,81253.0,56.0,-8.196354125921918,-1.0690469767619275,5.206323086268346,9.768770776031744,1.111109024965483,True,walking_dual_task,P05,28,0.595
2026-04-03T01:32:35.056132,1236.4586238353893,81263.0,57.0,-9.093120646877468,-1.870796514895834,5.539751869112829,10.810808178399743,1.042037402367999,True,walking_dual_task,P05,28,0.595
2026-04-03T01:32:35.056895,1350.1312467460232,81263.0,56.0,-8.781349891917976,-1.9163335905427226,5.875948573754475,10.738305825219241,0.0725023531805018,True,walking_dual_task,P05,28,0.595
2026-04-03T01:32:35.115650,1198.2643074936916,81234.0,57.0,-9.641681308482928,-2.6419706158613674,5.6386119749698045,11.477629206142566,0.7393233809233255,True,walking_dual_task,P05,28,0.595
2026-04-03T01:32:35.116175,1239.0361323618333,81234.0,56.0,-9.697462490883176,-2.4490760996473644,6.02744253789845,11.677705941306186,0.2000767351636199,True,walking_dual_task,P05,28,0.595
2026-04-03T01:32:35.117004,1318.453303744802,81181.0,55.0,-9.500364085797745,-2.1442773343531045,5.906366219093629,11.390347008032128,0.28735893327405826,True,walking_dual_task,P05,28,0.595
2026-04-03T01:32:35.175700,1281.1396625583682,81181.0,55.0,-9.200344816740428,-1.6158853127863433,5.675129967223886,10.929983084885523,0.46036392314660546,True,walking_dual_task,P05,28,0.595
2026-04-03T01:32:35.176548,1265.4486016902722,81140.0,55.0,-8.667925206648434,-1.421816247259965,5.432405476767219,10.327899984654875,0.6020831002306473,True,walking_dual_task,P05,28,0.595
2026-04-03T01:32:35.176785,1309.622112412968,81140.0,57.0,-8.843375874213157,-1.6109243828316069,5.489026969856873,10.532321268155128,0.20442128350025257,True,walking_dual_task,P05,28,0.595
2026-04-03T01:32:35.235521,1241.36050715841,81156.0,55.0,-8.800958446591421,-0.9649587137618052,5.583926383796927,10.467485312029682,0.0648359561254459,True,walking_dual_task,P05,28,0.595
2026-04-03T01:32:35.236144,1325.4471931667197,81156.0,56.0,-8.581349429173397,-0.9342836662432388,6.044824816101842,10.538137930960296,0.07065261893061425,True,walking_dual_task,P05,28,0.595
2026-04-03T01:32:35.295846,1349.8939258526527,81184.0,56.0,-8.714479646249236,-0.9230575524806627,5.847890752943704,10.535274890027706,0.002863040932590266,True,walking_dual_task,P05,28,0.595
2026-04-03T01:32:35.296400,1357.8277620321417,81184.0,55.0,-9.103556017548222,-0.5732236469052362,6.325348806013691,11.10015112652745,0.5648762364997442,True,walking_dual_task,P05,28,0.595
2026-04-03T01:32:35.297146,1294.2468045367732,81161.0,55.0,-8.910631398782533,-0.4830488812215815,6.324207957203311,10.937472031167543,0.16267909535990732,True,walking_dual_task,P05,28,0.595
2026-04-03T01:32:35.297593,1266.5514330006067,81161.0,55.0,-9.059390683715261,-0.939338091108491,6.31565875747232,11.083431830910092,0.14595979974254902,True,walking_dual_task,P05,28,0.595
2026-04-03T01:32:35.356330,1305.3220656722656,81053.0,55.0,-8.650967172574692,-1.0983997876736264,5.9745895849932795,10.570782176529633,0.5126496543804588,True,walking_dual_task,P05,28,0.595
2026-04-03T01:32:35.356439,1286.3585485403255,81053.0,57.0,-7.950523182099941,-1.4227521770284612,5.999596486999954,10.061322012199488,0.5094601643301448,True,walking_dual_task,P05,28,0.595
2026-04-03T01:32:35.356943,1208.1097201477805,81005.0,57.0,-8.306350169012404,-1.5897563201039597,5.754616887314294,10.229290972854656,0.16796896065516798,True,walking_dual_task,P05,28,0.595
2026-04-03T01:32:35.415864,1290.0137332556383,81005.0,56.0,-8.313443255241346,-1.2453356846724821,5.83418941697395,10.232397855770042,0.0031068829153859667,True,walking_dual_task,P05,28,0.595
2026-04-03T01:32:35.415962,1191.862837440285,81014.0,55.0,-8.695487696531401,-1.0525593591641451,5.685762000747475,10.442570421799267,0.2101725660292253,True,walking_dual_task,P05,28,0.595
2026-04-03T01:32:35.416730,1307.293707911966,81014.0,56.0,-8.748428717755868,-0.7812650017110918,5.842546474106234,10.548968164453118,0.10639774265385071,True,walking_dual_task,P05,28,0.595
2026-04-03T01:32:35.475617,1323.6586350556395,80990.0,57.0,-8.602977960973073,-0.7339270535785254,5.525000477155238,10.250634565212462,0.2983335992406566,True,walking_dual_task,P05,28,0.595
2026-04-03T01:32:35.475948,1260.3687644867252,80990.0,58.0,-8.454557496302517,-0.5052888609878393,5.347706814957427,10.016627549732773,0.23400701547968872,True,walking_dual_task,P05,28,0.595
2026-04-03T01:32:35.476661,1226.725916350775,80994.0,58.0,-7.770805063194575,-0.40688417491843376,5.076107046745602,9.290738873307648,0.7258886764251251,True,walking_dual_task,P05,28,0.595
2026-04-03T01:32:35.535653,1364.7847316653829,80994.0,57.0,-7.797186139933428,-0.44587171614774895,4.707389255167532,9.118904917132168,0.17183395617547959,True,walking_dual_task,P05,28,0.595
2026-04-03T01:32:35.536126,1197.5547660553152,81041.0,57.0,-7.079801590095382,-0.2574165196930034,4.779133717033044,8.545757596902106,0.5731473202300617,True,walking_dual_task,P05,28,0.595
2026-04-03T01:32:35.536870,1286.208442226968,81041.0,57.0,-7.161463306149262,0.038078136805272896,4.679620551008059,8.554931626333541,0.00917402943143486,True,walking_dual_task,P05,28,0.595
2026-04-03T01:32:35.595737,1274.3593011959324,81090.0,57.0,-6.984673308019021,-0.067973428082282,4.695685737534371,8.416635084899566,0.1382965414339754,True,walking_dual_task,P05,28,0.595
2026-04-03T01:32:35.596282,1332.091004666294,81090.0,57.0,-6.744670120529858,0.06439872882528852,5.020198405271109,8.40815760195592,0.008477482943645143,True,walking_dual_task,P05,28,0.595
2026-04-03T01:32:35.596793,1232.9007287594552,81125.0,58.0,-6.859212760959458,0.17968463019294523,4.886249862800383,8.423569551452248,0.015411949496327182,True,walking_dual_task,P05,28,0.595
2026-04-03T01:32:35.655568,1295.8783562284732,81125.0,55.0,-6.869119476054522,-0.2028479498715185,4.540242496075118,8.236489032970605,0.1870805184816433,True,walking_dual_task,P05,28,0.595
2026-04-03T01:32:35.656187,1245.5919475409667,81113.0,58.0,-6.984086485768854,-0.06118362537511192,4.7057094330383515,8.421692748189008,0.18520371521840318,True,walking_dual_task,P05,28,0.595
2026-04-03T01:32:35.656828,1302.216188885867,81113.0,57.0,-6.857414167560659,-0.12924180989136969,4.567527186051221,8.240335982604266,0.18135676558474145,True,walking_dual_task,P05,28,0.595
2026-04-03T01:32:35.715529,1236.5403146643698,81065.0,57.0,-6.8098542994654645,0.0438743439457034,4.809612531485301,8.337170577661547,0.09683459505728109,True,walking_dual_task,P05,28,0.595
2026-04-03T01:32:35.716091,1121.0947428815198,81065.0,58.0,-6.94393527828312,0.14466306251384628,4.652898847398937,8.359942119103883,0.022771541442335064,True,walking_dual_task,P05,28,0.595
2026-04-03T01:32:35.717044,1313.9546744998852,80971.0,57.0,-6.8787715665138425,-0.029528081220450406,5.023783818136151,8.518026415973743,0.1580842968698608,True,walking_dual_task,P05,28,0.595
2026-04-03T01:32:35.776501,1257.364004595714,80971.0,57.0,-7.176284178140073,0.31557347712722483,4.574651704093383,8.516224482636318,0.0018019333374255098,True,walking_dual_task,P05,28,0.595
2026-04-03T01:32:35.776638,1325.0093112756435,80897.0,56.0,-6.9159674974083964,0.12377815532866734,4.781954373115066,8.409103108150134,0.10712137448618364,True,walking_dual_task,P05,28,0.595
2026-04-03T01:32:35.777021,1298.7806192544285,80897.0,58.0,-6.902676983930302,0.1261597514983407,4.620630048220751,8.307411622755897,0.10169148539423745,True,walking_dual_task,P05,28,0.595
2026-04-03T01:32:35.835550,1284.6659444776296,80892.0,57.0,-6.714565268898268,0.09580735987898777,4.848344728066328,8.28257281300143,0.02483880975446695,True,walking_dual_task,P05,28,0.595
2026-04-03T01:32:35.836097,1239.8058938025536,80892.0,58.0,-10.107580637093799,-0.8104482020640471,5.272586170660931,11.428918476856296,3.1463456638548664,True,walking_dual_task,P05,28,0.595
2026-04-03T01:32:35.836894,1288.7113995335988,80915.0,57.0,-10.252723664865812,-0.8802835712950097,4.794197467754275,11.352425779269065,0.07649269758723065,True,walking_dual_task,P05,28,0.595
2026-04-03T01:32:35.895602,1217.2881091419845,80915.0,55.0,-10.375858282224629,-1.0475230536602262,4.474873667364429,11.348137908028376,0.004287871240689967,True,walking_dual_task,P05,28,0.595
2026-04-03T01:32:35.896200,1310.4696538098906,80943.0,56.0,-9.38303963943615,-0.9881400501676393,4.014574893942899,10.253519650005652,1.0946182580227237,True,walking_dual_task,P05,28,0.595
2026-04-03T01:32:35.896851,1323.2776085778928,80943.0,57.0,-9.617758902089315,-0.8752758261804406,4.0753167643965815,10.482156304920565,0.22863665491491325,True,walking_dual_task,P05,28,0.595
2026-04-03T01:32:36.016515,1226.3975066846087,81037.0,58.0,-8.476641710728764,-0.5832316432580456,3.42600356080071,9.161392592853081,1.3207637120674836,True,walking_dual_task,P05,28,0.595
2026-04-03T01:32:36.075878,1309.9299287363428,81037.0,57.0,-7.659296939109237,-0.3804307482139666,3.000572805003565,8.23486455952748,0.9265280333256012,True,walking_dual_task,P05,28,0.595
2026-04-03T01:32:36.135750,1299.1319068345244,81164.0,58.0,-7.8512835037265765,-0.25952057963206715,2.9216587764693522,8.381294267191793,0.1464297076643124,True,walking_dual_task,P05,28,0.595
2026-04-03T01:32:36.195805,1185.60381997212,81164.0,57.0,-7.6556766198591735,-0.6873751749660695,2.8124778846770617,8.184858031194896,0.19643623599689697,True,walking_dual_task,P05,28,0.595
2026-04-03T01:32:36.196102,1353.7055925759655,81258.0,57.0,-7.438330620494415,-0.547621686526127,2.943813366414541,8.018396913823826,0.16646111737106928,True,walking_dual_task,P05,28,0.595
2026-04-03T01:32:36.197136,1325.00813953549,81258.0,58.0,-7.460880291998754,-0.8829705981671709,2.7643196491338022,8.005362885675472,0.013034028148354082,True,walking_dual_task,P05,28,0.595
2026-04-03T01:32:36.197749,1185.7811127356906,81353.0,58.0,-7.746601571512368,-1.583422874753942,3.1829440351059084,8.523391146642762,0.5180282609672897,True,walking_dual_task,P05,28,0.595
2026-04-03T01:32:36.198394,1309.3460884528322,81353.0,57.0,-7.69525632347783,-1.9657221929701951,3.5061515566735033,8.681827708629394,0.15843656198663147,True,walking_dual_task,P05,28,0.595
2026-04-03T01:32:36.255941,1185.3395282169658,81361.0,56.0,-8.306302729032064,-1.4493736271675333,3.648687564726562,9.187397339967644,0.5055696313382505,True,walking_dual_task,P05,28,0.595
2026-04-03T01:32:36.256104,1258.2656286865579,81361.0,58.0,-8.499086496118885,-1.2276029859501103,3.788959457747117,9.386037190000652,0.19863985003300755,True,walking_dual_task,P05,28,0.595
2026-04-03T01:32:36.256724,1294.278357477249,81204.0,58.0,-8.330905241744508,-0.9337334767370296,3.8997415007251632,9.24574627193412,0.1402909180665315,True,walking_dual_task,P05,28,0.595
2026-04-03T01:32:36.257423,1161.9239385862388,81204.0,56.0,-8.334206284644186,-0.7489935980377513,3.5292199046303416,9.08159561641803,0.16415065551609054,True,walking_dual_task,P05,28,0.595
2026-04-03T01:32:36.258026,1241.3776336442572,81111.0,56.0,-8.56979023301016,-0.4037962089694538,3.743316698616408,9.360383321334382,0.2787877049163523,True,walking_dual_task,P05,28,0.595
2026-04-03T01:32:36.258717,1247.640314737151,81111.0,58.0,-8.923107514874372,-0.573286854571468,4.212660185765383,9.884179853703836,0.5237965323694542,True,walking_dual_task,P05,28,0.595
2026-04-03T01:32:36.259519,1318.4299350741412,81093.0,57.0,-9.259737956175618,-0.48441936369723904,4.3566214875605995,10.2448796929412,0.3606998392373644,True,walking_dual_task,P05,28,0.595
2026-04-03T01:32:36.260242,1252.3030535242658,81093.0,57.0,-10.324297495562652,-1.4328101268671418,4.9785465091791385,11.551189937863288,1.3063102449220878,True,walking_dual_task,P05,28,0.595
2026-04-03T01:32:36.315700,1257.180740097141,81077.0,56.0,-10.188243976196825,-1.4647352257305548,4.970647310872132,11.430358668435876,0.12083126942741274,True,walking_dual_task,P05,28,0.595
2026-04-03T01:32:36.375726,1174.7016665489332,81077.0,56.0,-10.855635123561722,-1.526964525428342,5.355175085045351,12.200587477220678,0.7702288087848022,True,walking_dual_task,P05,28,0.595
2026-04-03T01:32:36.376766,1150.811597765478,80994.0,57.0,-11.47175963387863,-1.3632401817601398,5.967339942836197,13.002647379823113,0.8020599026024353,True,walking_dual_task,P05,28,0.595
2026-04-03T01:32:36.376841,1271.916388993741,80994.0,58.0,-11.530723485732235,-1.449292655287691,5.9847389249206575,13.071921561291143,0.06927418146803,True,walking_dual_task,P05,28,0.595
2026-04-03T01:32:36.377332,1270.6786403399633,80902.0,58.0,-10.611515403654275,-1.261942770862734,6.0166331926659415,12.263630526643169,0.8082910346479739,True,walking_dual_task,P05,28,0.595
2026-04-03T01:32:36.378142,1217.6602903537655,80902.0,56.0,-10.247609548407342,-0.9993228095391805,5.818410752044226,11.826497842293739,0.43713268434943053,True,walking_dual_task,P05,28,0.595
2026-04-03T01:32:36.378796,1129.5359700625459,80901.0,56.0,-9.445508108795902,-0.6623123900067709,5.6121245024446065,11.006917032767383,0.8195808095263555,True,walking_dual_task,P05,28,0.595
2026-04-03T01:32:36.435574,1303.11567871324,80901.0,57.0,-7.824658640572952,0.07546193698336029,5.3619291513504885,9.485845327092806,1.5210717056745775,True,walking_dual_task,P05,28,0.595
2026-04-03T01:32:36.435891,1165.78713288107,80982.0,57.0,-8.11098323743534,0.096715049363577,5.4214205099920685,9.756495437650404,0.27065011055759847,True,walking_dual_task,P05,28,0.595
2026-04-03T01:32:36.436712,1178.8503948150606,80982.0,57.0,-8.121045802230888,0.2305055159555629,5.335349434635764,9.719592136735267,0.03690330091513694,True,walking_dual_task,P05,28,0.595
2026-04-03T01:32:36.437360,1171.653710408036,81076.0,57.0,-7.307313609237011,0.43284871292346994,5.026831833595341,8.879934035524556,0.8396581012107109,True,walking_dual_task,P05,28,0.595
2026-04-03T01:32:36.495651,1274.5457117854712,81076.0,57.0,-7.525192480175363,0.47795661687726376,5.384259242052026,9.265377055302565,0.385443019778009,True,walking_dual_task,P05,28,0.595
2026-04-03T01:32:36.495927,1286.2001503752042,81177.0,57.0,-7.167036139730402,-0.15924440863932682,5.225108657421357,8.870937170995191,0.3944398843073742,True,walking_dual_task,P05,28,0.595
2026-04-03T01:32:36.496686,1369.6986524015556,81177.0,57.0,-7.246266807657174,0.07126724124612065,4.763248862001288,8.67190875117961,0.19902841981558161,True,walking_dual_task,P05,28,0.595
2026-04-03T01:32:36.555859,1198.2122359370387,81303.0,57.0,-7.891369378993496,-0.5249124973899129,5.1625971413955,9.444662675287947,0.7727539241083381,True,walking_dual_task,P05,28,0.595
2026-04-03T01:32:36.556145,1104.635571533685,81303.0,57.0,-8.80242721273611,-1.0204081019046334,5.222339031701301,10.285756291687097,0.8410936163991494,True,walking_dual_task,P05,28,0.595
2026-04-03T01:32:36.557063,1271.027519727716,81318.0,57.0,-8.742313268709083,-1.0978480958024643,5.064751502930959,10.162923768096729,0.12283252359036823,True,walking_dual_task,P05,28,0.595
2026-04-03T01:32:36.616184,1273.4030909637352,81318.0,57.0,-8.623567146161498,-0.9101612574301302,5.305224920991766,10.165614359260086,0.0026905911633576807,True,walking_dual_task,P05,28,0.595
2026-04-03T01:32:36.616612,1348.3554826391673,81243.0,57.0,-8.619309098754735,-1.0146882471472298,5.584633575932927,10.320378566516457,0.1547642072563704,True,walking_dual_task,P05,28,0.595
2026-04-03T01:32:36.616903,1314.961917277267,81243.0,57.0,-8.904342735574858,-1.0088795821790169,5.314227942310597,10.418549620113021,0.0981710535965643,True,walking_dual_task,P05,28,0.595
2026-04-03T01:32:36.736059,1235.199339981624,81247.0,57.0,-8.575658048872736,-1.0669508180741052,5.57844787049111,10.285882347332752,0.13266727278026913,True,walking_dual_task,P05,28,0.595
2026-04-03T01:32:36.736331,1315.86514582336,81247.0,56.0,-8.776537323366282,-0.87357411676675,5.253957833682405,10.266197545539386,0.019684801793365736,True,walking_dual_task,P05,28,0.595
2026-04-03T01:32:36.736891,1103.5917295017862,81287.0,56.0,-8.671760901877734,-0.951196844100841,5.1313203113438135,10.121000973874683,0.14519657166470346,True,walking_dual_task,P05,28,0.595
2026-04-03T01:32:36.737501,1168.4226264747451,81287.0,57.0,-8.632715861322058,-0.7631227963291647,5.350511125427847,10.184994297883817,0.06399332400913416,True,walking_dual_task,P05,28,0.595
2026-04-03T01:32:36.738221,1306.5095708389626,81335.0,56.0,-8.686876152303427,-1.0361058229192415,5.515813985871218,10.342124370189989,0.15713007230617215,True,walking_dual_task,P05,28,0.595
2026-04-03T01:32:36.739354,1209.7467785259298,81335.0,57.0,-8.51610670477822,-0.7596071471232978,5.434451995804661,10.130861015719967,0.21126335447002198,True,walking_dual_task,P05,28,0.595
2026-04-03T01:32:36.795574,1207.8707663481496,81360.0,57.0,-8.72378318992113,-0.9991886025905442,5.165011896071533,10.18725276484577,0.056391749125802804,True,walking_dual_task,P05,28,0.595
2026-04-03T01:32:36.796163,1227.5621264161668,81360.0,56.0,-8.475983287592959,-1.0833507765863628,5.345589821156033,10.079249581825644,0.10800318302012535,True,walking_dual_task,P05,28,0.595
2026-04-03T01:32:36.796882,1275.8916966006823,81380.0,57.0,-8.883839893720033,-1.0854139753271947,5.441737893855241,10.474409103166977,0.39515952134133236,True,walking_dual_task,P05,28,0.595
2026-04-03T01:32:36.855774,1290.0399445573328,81380.0,56.0,-8.631212243866948,-0.19203917326701622,5.812918772399532,10.407916626167923,0.0664924769990538,True,walking_dual_task,P05,28,0.595
2026-04-03T01:32:36.915733,1291.890096444385,81354.0,58.0,-10.028795381963686,-0.9218598004824169,6.53472891368093,12.005383970550012,1.597467344382089,True,walking_dual_task,P05,28,0.595
2026-04-03T01:32:36.975655,1358.9636973901775,81354.0,56.0,-34.82751225168626,42.766889792314885,-29.96167377357128,65.61471921943195,0.42854936660597254,True,walking_dual_task,P05,28,0.595
2026-04-03T01:32:36.976098,1300.0609411006049,81138.0,56.0,-10.821287262099025,-1.4822333336677689,6.613107747611427,12.768338488065735,1.1915038841216958,True,walking_dual_task,P05,28,0.595
2026-04-03T01:32:36.977154,1414.1545241027347,81138.0,57.0,-11.003689795206817,-1.378929544193043,6.70409514070305,12.958685406035032,0.19034691796929692,True,walking_dual_task,P05,28,0.595
2026-04-03T01:32:37.035570,1350.539182207865,80971.0,56.0,-10.17731643900808,-1.128154813534778,5.987737165078487,11.861850595125027,1.0968348109100052,True,walking_dual_task,P05,28,0.595
2026-04-03T01:32:37.036014,1257.5393806351478,80971.0,56.0,-9.360145407773528,-0.4713309471899571,5.287143987657496,10.760500288679223,1.101350306445804,True,walking_dual_task,P05,28,0.595
2026-04-03T01:32:37.036749,1274.9508623593133,80994.0,56.0,-9.402577247150907,-0.5324396221632932,5.229060216079629,10.771955327760882,0.011455039081658569,True,walking_dual_task,P05,28,0.595
2026-04-03T01:32:37.037359,1286.319150346802,80994.0,58.0,-9.299781348340728,0.20972053954189573,4.243179663911511,10.22421094715304,0.5477443806078419,True,walking_dual_task,P05,28,0.595
2026-04-03T01:32:37.038062,1183.9821844124922,81047.0,57.0,-9.196560597701126,0.2004313141483554,4.1280539468374196,10.08254575625026,0.14166519090277951,True,walking_dual_task,P05,28,0.595
2026-04-03T01:32:37.038926,1312.4289740020827,81047.0,58.0,-9.183539027067392,0.30368917247571964,3.4075248293857974,9.800042940621719,0.2825028156285416,True,walking_dual_task,P05,28,0.595
2026-04-03T01:32:37.095701,1211.6273219466923,81073.0,56.0,-8.396604093188525,-0.3727585308939155,3.0609791164529185,8.944914889000643,0.855128051621076,True,walking_dual_task,P05,28,0.595
2026-04-03T01:32:37.096331,1126.6681262033865,81073.0,56.0,-8.373532210101713,-0.5388633594506251,2.7522166068614764,8.830691459045175,0.11422342995546764,True,walking_dual_task,P05,28,0.595
2026-04-03T01:32:37.097377,1337.7955909538641,81174.0,58.0,-8.016927971435825,-0.47998126170105415,2.619337214310507,8.447629463526807,0.38306199551836784,True,walking_dual_task,P05,28,0.595
2026-04-03T01:32:37.097617,1261.2198264370716,81174.0,58.0,-7.96651123104547,-0.3627504158941343,2.6215270657789023,8.394599050295156,0.05303041323165125,True,walking_dual_task,P05,28,0.595
2026-04-03T01:32:37.155674,1142.4384333430185,81247.0,57.0,-8.313367905818376,-0.45569569783153463,2.4515195655207664,8.679267981036437,0.2846689307412813,True,walking_dual_task,P05,28,0.595
2026-04-03T01:32:37.215743,1292.7156613528296,81247.0,57.0,-7.8543623637227045,-0.5053751160071202,2.830488615606992,8.364094568548571,0.3151734124878658,True,walking_dual_task,P05,28,0.595
2026-04-03T01:32:37.216234,1333.2003484402228,81239.0,57.0,-7.942437840630064,-0.802583522223149,2.68369523980168,8.421916605057941,0.05782203650936957,True,walking_dual_task,P05,28,0.595
2026-04-03T01:32:37.216879,1207.9946083136492,81239.0,58.0,-7.78633626177072,-1.3392697679739407,3.0041531198483997,8.452550612700849,0.03063400764290769,True,walking_dual_task,P05,28,0.595
2026-04-03T01:32:37.217438,1287.189518956095,81251.0,57.0,-7.706180044718443,-1.5426028971568826,3.218504866057006,8.492561931052736,0.04001131835188687,True,walking_dual_task,P05,28,0.595
2026-04-03T01:32:37.218496,1348.3442776912161,81251.0,58.0,-8.011194552856235,-1.71956594910176,3.319216735065146,8.840438052006256,0.3478761209535204,True,walking_dual_task,P05,28,0.595
2026-04-03T01:32:37.275670,1272.8307673543036,81252.0,57.0,-7.866685418597613,-1.3806864596614383,3.7845249510253494,8.838193462467439,0.00224458953881701,True,walking_dual_task,P05,28,0.595
2026-04-03T01:32:37.276528,1254.54636758909,81252.0,57.0,-7.83472107397228,-1.293141523775019,3.736620165943906,8.775955764017683,0.06223769844975635,True,walking_dual_task,P05,28,0.595
2026-04-03T01:32:37.277164,1292.4534251854373,81200.0,57.0,-8.149175127597866,-0.8252820323850706,3.8824135219166727,9.064396309098512,0.28844054508082984,True,walking_dual_task,P05,28,0.595
2026-04-03T01:32:37.335824,1251.6120794146814,81200.0,56.0,-8.230670253478188,-0.5410102215713574,3.9459875187924793,9.143710536746086,0.07931422764757379,True,walking_dual_task,P05,28,0.595
2026-04-03T01:32:37.336099,1172.1240555664215,81193.0,57.0,-8.470709175526798,-0.6323468800004878,4.0133058925345315,9.39464744948168,0.25093691273559315,True,walking_dual_task,P05,28,0.595
2026-04-03T01:32:37.336871,1219.2215199207108,81193.0,57.0,-8.845838789713413,-0.7596345767710835,4.490703350662295,9.949488688745479,0.5548412392637996,True,walking_dual_task,P05,28,0.595
2026-04-03T01:32:37.395865,1289.3091062854455,81176.0,56.0,-9.284179136400294,-0.7989976122679534,4.637448467697784,10.408665030239609,0.4591763414941301,True,walking_dual_task,P05,28,0.595
2026-04-03T01:32:37.395998,1230.2769343460511,81176.0,57.0,-9.400083193452224,-1.0604789036281748,4.940120194218158,10.671971096390086,0.26330606615047714,True,walking_dual_task,P05,28,0.595
2026-04-03T01:32:37.396698,1233.5135593952125,81160.0,56.0,-10.915097871376236,-1.5875322426753342,5.192245394555972,12.190940587196032,1.5189694908059455,True,walking_dual_task,P05,28,0.595
2026-04-03T01:32:37.455795,1280.8084978842746,81160.0,56.0,-10.826092580260775,-1.4613374648199318,5.3463592055084685,12.162374130768585,0.028566456427446596,True,walking_dual_task,P05,28,0.595
2026-04-03T01:32:37.456095,1283.0348157944743,81135.0,57.0,-11.18491170262765,-1.1814617193634893,6.124948936094584,12.806759975093795,0.6443858443252104,True,walking_dual_task,P05,28,0.595
2026-04-03T01:32:37.456735,1209.817805576346,81135.0,55.0,-11.315531005828065,-1.264125279749701,6.276747097379227,13.001415645660174,0.19465567056637845,True,walking_dual_task,P05,28,0.595
2026-04-03T01:32:37.515762,1326.3524907520616,81423.0,57.0,-10.62005184634913,-0.6809689671007985,6.068097818698714,12.250348202830562,0.751067442829612,True,walking_dual_task,P05,28,0.595
2026-04-03T01:32:37.516278,1344.597135501176,81423.0,57.0,-10.62661833875212,-0.48147915606202224,6.028069222642075,12.226792631274552,0.023555571556009625,True,walking_dual_task,P05,28,0.595
2026-04-03T01:32:37.517190,1356.3309335352112,81678.0,57.0,-10.151563006961924,-0.601746427853987,6.497824796279126,12.068059385456003,0.1587332458185493,True,walking_dual_task,P05,28,0.595
2026-04-03T01:32:37.575644,1398.5191575938022,81678.0,58.0,-9.093782014522326,-0.3508709609599633,6.081459398885574,10.945507305702572,1.1225520797534312,True,walking_dual_task,P05,28,0.595
2026-04-03T01:32:37.576222,1279.773559039515,81814.0,56.0,-9.015934486811416,-0.18675921026862766,5.748493178157299,10.694256752688172,0.25125055301439936,True,walking_dual_task,P05,28,0.595
2026-04-03T01:32:37.576956,1272.6915894491628,81814.0,58.0,-8.964024528737035,-0.26904973330316384,5.81386519263328,10.687710324896655,0.006546427791517928,True,walking_dual_task,P05,28,0.595
2026-04-03T01:32:37.635537,1289.0459061469949,81819.0,57.0,-8.955326068926901,-0.21721129252483956,5.845637171921042,10.696565789642351,0.00885546474569665,True,walking_dual_task,P05,28,0.595
2026-04-03T01:32:37.636068,1218.1495074214756,81819.0,56.0,-9.115974393785388,-0.033308206468120966,5.9385043209965005,10.879702760427929,0.18313697078557745,True,walking_dual_task,P05,28,0.595
2026-04-03T01:32:37.637255,1341.0876421023931,81690.0,57.0,-8.95476342598541,-0.18338432625545134,5.884316531997978,10.716650543673936,0.16305221675399295,True,walking_dual_task,P05,28,0.595
2026-04-03T01:32:37.756075,1356.3591255932195,81690.0,56.0,-9.162802460215621,-0.026159008477504547,5.915755186971543,10.906593998624809,0.18994345495087295,True,walking_dual_task,P05,28,0.595
2026-04-03T01:32:37.756204,1215.8491942967833,81632.0,58.0,-8.974555696374036,-0.3916911054396892,5.995478005636494,10.800084647143798,0.10650935148101048,True,walking_dual_task,P05,28,0.595
2026-04-03T01:32:37.756960,1233.5760725304935,81632.0,57.0,-9.189628865417292,-0.11839671635219236,6.012797224369302,10.98257833698157,0.1824936898377718,True,walking_dual_task,P05,28,0.595
2026-04-03T01:32:37.757612,1173.055564342231,81615.0,56.0,-8.96930219601278,-0.12207213582252553,5.5509522375908675,10.548760791380142,0.4338175456014284,True,walking_dual_task,P05,28,0.595
2026-04-03T01:32:37.758507,1186.203263568265,81615.0,57.0,-8.792564968659978,-0.04656631780520791,5.864268125902823,10.568869750476651,0.020108959096509338,True,walking_dual_task,P05,28,0.595
2026-04-03T01:32:37.815574,1273.3300155415304,81556.0,59.0,-9.025081578708711,-0.2456396447684989,5.797566902748649,10.729595441081452,0.16072569060480113,True,walking_dual_task,P05,28,0.595
2026-04-03T01:32:37.815894,1307.8929580928675,81556.0,57.0,-8.81307458403603,-0.29838904954443113,5.724461125259061,10.513266610491343,0.21632883059010943,True,walking_dual_task,P05,28,0.595
2026-04-03T01:32:37.816851,1292.6088093224457,81504.0,58.0,-8.893678988503806,-0.43090266856337744,5.794712212232158,10.62364780491718,0.11038119442583749,True,walking_dual_task,P05,28,0.595
2026-04-03T01:32:37.817396,1239.6157538434063,81504.0,57.0,-7.38533142346902,0.2994189535309989,5.6749839501047035,9.318702419229757,1.3049453856874234,True,walking_dual_task,P05,28,0.595
2026-04-03T01:32:37.875666,1234.3999133339642,81546.0,56.0,-7.438228327337113,0.9234130774249387,5.198179470680416,9.121458335735738,0.19724408349401834,True,walking_dual_task,P05,28,0.595
2026-04-03T01:32:37.876016,1183.7852076806967,81546.0,57.0,-7.472383703026772,0.7563924668095326,5.351178077882595,9.221917077827015,0.10045874209127703,True,walking_dual_task,P05,28,0.595
2026-04-03T01:32:37.876747,1318.0953302381408,81565.0,57.0,-7.711128306631526,1.2507061984940608,5.200543701470337,9.384637475533525,0.1627203977065097,True,walking_dual_task,P05,28,0.595
2026-04-03T01:32:37.935454,1339.3823934102634,81565.0,57.0,-7.843182376778654,1.1367261748190771,5.202836379381573,9.480356669585086,0.09571919405156137,True,walking_dual_task,P05,28,0.595
2026-04-03T01:32:37.936139,1140.943255504744,81528.0,57.0,-8.026136335402743,0.9003439850450137,5.065453360461289,9.53353562498654,0.05317895540145301,True,walking_dual_task,P05,28,0.595
2026-04-03T01:32:37.936744,1355.6298987779278,81528.0,56.0,-8.347220889486731,-0.1144010375470276,5.385675750188895,9.934519991496732,0.4009843665101922,True,walking_dual_task,P05,28,0.595
2026-04-03T01:32:37.995801,1210.5098757197793,81532.0,58.0,-8.208035570065277,-0.03316653661090531,5.303574968896421,9.772453908272594,0.16206608322413807,True,walking_dual_task,P05,28,0.595
2026-04-03T01:32:37.996195,1194.2028348286874,81532.0,57.0,-9.350580628090528,-0.3456248775856543,5.299278496824997,10.753379339786157,0.9809254315135636,True,walking_dual_task,P05,28,0.595
2026-04-03T01:32:37.997115,1308.5117873559352,81574.0,56.0,-9.616144072314292,-0.19619614755415082,5.545736240983644,11.102428121919086,0.3490487821329289,True,walking_dual_task,P05,28,0.595
2026-04-03T01:32:38.055835,1308.0100560250178,81574.0,56.0,-10.509463569085927,-0.17579142281979243,5.795083988948532,12.002613281000473,0.9001851590813867,True,walking_dual_task,P05,28,0.595
2026-04-03T01:32:38.056470,1222.0121501186552,81517.0,55.0,-11.589355754255847,-0.44864836840577593,5.834341392661851,12.982834499573029,0.9802212185725558,True,walking_dual_task,P05,28,0.595
2026-04-03T01:32:38.057061,1295.5064271670692,81517.0,57.0,-11.325133080228847,-0.16144253284618942,5.8845075872015045,12.763703714836755,0.219130784736274,True,walking_dual_task,P05,28,0.595
2026-04-03T01:32:38.115686,1339.9193571429344,81414.0,58.0,-10.558983770467,-0.4941440865139033,5.309909513038576,11.829262685386597,0.9344410294501575,True,walking_dual_task,P05,28,0.595
2026-04-03T01:32:38.116153,1272.1729399627534,81414.0,57.0,-10.490970008327405,-0.7549679639645908,5.118488118798087,11.69740778824587,0.13185489714072673,True,walking_dual_task,P05,28,0.595
2026-04-03T01:32:38.116911,1276.1280055328007,81425.0,57.0,-10.133245321361132,-0.6617166503930633,4.558793496202864,11.131178186037461,0.5662296022084092,True,walking_dual_task,P05,28,0.595
2026-04-03T01:32:38.175605,1255.3548368148245,81425.0,56.0,-9.90735814707185,-0.8237571960950746,4.355581122608874,10.853819985981717,0.27735820005574396,True,walking_dual_task,P05,28,0.595
2026-04-03T01:32:38.176562,1229.399225224961,81475.0,56.0,-10.17079386452013,-0.15113465350369634,3.846230674301983,10.874804822064233,0.020984836082515557,True,walking_dual_task,P05,28,0.595
2026-04-03T01:32:38.177096,1229.701129384598,81475.0,57.0,-9.241508193168722,0.03408375582570826,3.0020829658229866,9.716951040346984,1.1578537817172485,True,walking_dual_task,P05,28,0.595
2026-04-03T01:32:38.235675,1286.8649376564642,81564.0,57.0,-9.159684501331993,-0.08568288304412386,3.117994641365572,9.676210637639752,0.04074040270723245,True,walking_dual_task,P05,28,0.595
2026-04-03T01:32:38.236139,1281.4342900385236,81564.0,56.0,-8.941873032237975,-0.19481731323461512,3.1053861431068595,9.467759513633666,0.20845112400608556,True,walking_dual_task,P05,28,0.595
2026-04-03T01:32:38.236906,1188.846891142103,81714.0,56.0,-8.728761888687654,-0.6113982510795999,2.7405881784697113,9.169291984379011,0.2984675292546548,True,walking_dual_task,P05,28,0.595
2026-04-03T01:32:38.295620,1288.2603847024604,81714.0,55.0,-8.449029809539649,-0.6365954408934197,2.520085787851071,8.839807173009197,0.3294848113698148,True,walking_dual_task,P05,28,0.595
2026-04-03T01:32:38.296086,1342.150760178675,81876.0,56.0,-8.627620064273765,-0.533377052946553,2.6500332966274844,9.041183303489845,0.20137613048064829,True,walking_dual_task,P05,28,0.595
2026-04-03T01:32:38.297103,1314.3829453497594,81876.0,56.0,-7.810431973818335,-0.6434200072492972,2.6734233603812694,8.280339931862986,0.7608433716268586,True,walking_dual_task,P05,28,0.595
2026-04-03T01:32:38.355755,1356.9660289472513,81922.0,57.0,-8.15109699665503,-0.6419893989319293,2.7331393002390834,8.621054638020283,0.3407147061572964,True,walking_dual_task,P05,28,0.595
2026-04-03T01:32:38.476149,1196.9724887088587,81922.0,58.0,-7.74654669972564,-0.9972996986360025,3.264620900693779,8.465302244171575,0.15575239384870798,True,walking_dual_task,P05,28,0.595
2026-04-03T01:32:38.476449,1221.6007910627534,81905.0,56.0,-7.735612538900108,-1.0802868267847787,2.894786030287422,8.329856369785768,0.13544587438580713,True,walking_dual_task,P05,28,0.595
2026-04-03T01:32:38.477248,1231.4976772502753,81905.0,58.0,-7.5224588822909935,-0.3967787044028359,3.5562946838516303,8.330189244814166,0.000332875028398405,True,walking_dual_task,P05,28,0.595
2026-04-03T01:32:38.477957,1239.4330564990762,81756.0,57.0,-8.043745268792144,-0.07340027397806477,3.4463201310730764,8.751248367820194,0.4210591230060281,True,walking_dual_task,P05,28,0.595
2026-04-03T01:32:38.478532,1100.3863749243044,81756.0,57.0,-8.037478425169509,-0.17238599060390875,3.3851361004082707,8.722953787743526,0.028294580076668296,True,walking_dual_task,P05,28,0.595
2026-04-03T01:32:38.536356,1245.4191448286338,81631.0,57.0,-8.536531507171203,0.30838557302436526,3.333692378493401,9.169567967412707,0.44661417966918115,True,walking_dual_task,P05,28,0.595
2026-04-03T01:32:38.595902,1161.4469075925174,81631.0,57.0,-8.428710889093548,0.29369709692825396,3.148442993763138,9.002339613769546,0.1672283536431607,True,walking_dual_task,P05,28,0.595
2026-04-03T01:32:38.655654,1266.664717781313,81607.0,57.0,-8.926888278444716,-0.18136732911887346,3.2460570163559885,9.500479703538097,0.49814008976855106,True,walking_dual_task,P05,28,0.595
2026-04-03T01:32:38.715884,1234.3863647107116,81607.0,57.0,-8.919553397469585,-0.22646228076613406,3.370819270991279,9.537931669529154,0.037451965991056824,True,walking_dual_task,P05,28,0.595
2026-04-03T01:32:38.775595,1138.4314741144342,81613.0,57.0,-9.137856428704884,-0.7483864081664596,3.7200888010669098,9.89442080242067,0.3564891328915163,True,walking_dual_task,P05,28,0.595
2026-04-03T01:32:38.776426,1134.3700889314077,81613.0,58.0,-9.924253487318726,-1.5114266047067226,4.138084813617891,10.858128917390335,0.9637081149696645,True,walking_dual_task,P05,28,0.595
2026-04-03T01:32:38.777029,1314.9041034716508,81552.0,54.0,-9.946098792619281,-1.1808212626387566,4.312272802972189,10.904811634049262,0.04668271665892654,True,walking_dual_task,P05,28,0.595
2026-04-03T01:32:38.777587,1245.0337596021677,81552.0,56.0,-10.06270106352327,-1.2662533027802632,4.288118412161443,11.011326424974978,0.1065147909257167,True,walking_dual_task,P05,28,0.595
2026-04-03T01:32:38.778802,1393.729283807815,81464.0,57.0,-10.204109915061375,-1.3318048927994637,4.643151603267929,11.289659881593776,0.2783334566187978,True,walking_dual_task,P05,28,0.595
2026-04-03T01:32:38.835567,1319.4596487003696,81464.0,57.0,-9.844919379927182,-1.3597529947701306,4.265435162463035,10.815049834800957,0.4746100467928187,True,walking_dual_task,P05,28,0.595
2026-04-03T01:32:38.836812,1266.431913335024,81402.0,57.0,-10.197440331326304,-1.3904138850201422,4.238876873343811,11.130548828785852,0.3154989939848942,True,walking_dual_task,P05,28,0.595
2026-04-03T01:32:38.895955,1244.220718268179,81402.0,58.0,-9.92720744501403,-1.0727924143772496,4.634112503516727,11.007966656741717,0.12258217204413491,True,walking_dual_task,P05,28,0.595
2026-04-03T01:32:38.896233,1322.8762899117396,81385.0,57.0,-10.125665051925578,-1.2162066906112827,4.517239849843565,11.154089264439719,0.14612260769800223,True,walking_dual_task,P05,28,0.595
2026-04-03T01:32:38.897128,1141.040228761055,81385.0,56.0,-10.109691246126854,-1.5120069587320502,4.321137775659187,11.097939169570939,0.05615009486878009,True,walking_dual_task,P05,28,0.595
2026-04-03T01:32:38.897789,1157.3042381604528,81402.0,57.0,-10.09707340828314,-1.33400119782872,4.341051794926697,11.071367634321573,0.026571535249365397,True,walking_dual_task,P05,28,0.595
2026-04-03T01:32:38.898751,1164.1974592575807,81402.0,57.0,-10.071896167118279,-1.1587063256548238,4.46634924813612,11.078536381519468,0.0071687471978947315,True,walking_dual_task,P05,28,0.595
2026-04-03T01:32:38.955926,1434.86269843683,81441.0,57.0,-10.007566649181662,-1.12826752356816,4.520007541785226,11.038788249638047,0.03974813188142079,True,walking_dual_task,P05,28,0.595
2026-04-03T01:32:38.956725,1316.3881376598013,81441.0,57.0,-9.999374451319563,-1.164232744761732,4.513808603694002,11.032560691537565,0.0062275581004822556,True,walking_dual_task,P05,28,0.595
2026-04-03T01:32:38.957122,1277.3975699222717,81488.0,58.0,-10.209184197073064,-1.3960432455687897,4.525747250658753,11.254277715167238,0.22171702362967238,True,walking_dual_task,P05,28,0.595
2026-04-03T01:32:38.957544,1215.4515589312457,81488.0,56.0,-8.223116002400449,-1.3338356611651618,5.490028392258507,9.976931698059017,1.2773460171082203,True,walking_dual_task,P05,28,0.595
2026-04-03T01:32:38.958291,1332.0159908298765,81548.0,57.0,-7.9925266533829875,-1.2237627398773423,5.264304999381561,9.648366943429508,0.3285647546295092,True,walking_dual_task,P05,28,0.595
2026-04-03T01:32:38.958891,1272.4812039320752,81548.0,57.0,-8.02413813967151,-1.3229576338892057,5.423663363297315,9.775128340025528,0.12676139659602015,True,walking_dual_task,P05,28,0.595
2026-04-03T01:32:39.015804,1290.9212798917088,81546.0,57.0,-8.463850567532866,-0.9031621029970007,5.360512657442179,10.05920295870474,0.28407461867921135,True,walking_dual_task,P05,28,0.595
2026-04-03T01:32:39.075969,1225.5039670505148,81546.0,56.0,-8.607748297200017,-0.9699624642811455,5.77383996298669,10.410157820525406,0.35095486182066615,True,walking_dual_task,P05,28,0.595
2026-04-03T01:32:39.076292,1309.6729783815342,81492.0,59.0,-8.529584974440537,-0.6536262559676795,5.472758121577884,10.155398986548425,0.2547588339769806,True,walking_dual_task,P05,28,0.595
2026-04-03T01:32:39.077172,1160.7517837253586,81492.0,57.0,-7.750525852838178,-0.7485132207991883,5.169053721118599,9.346124298822168,0.8092746877262567,True,walking_dual_task,P05,28,0.595
2026-04-03T01:32:39.077915,1282.4879171273428,81485.0,56.0,-7.909261507130125,-0.781863910107168,5.157699203122459,9.47468151612435,0.12855721730218228,True,walking_dual_task,P05,28,0.595
2026-04-03T01:32:39.078802,1337.9951330365714,81485.0,57.0,-7.253845930436432,-0.6422306075713454,5.242537356869231,8.973011694742189,0.501669821382162,True,walking_dual_task,P05,28,0.595
2026-04-03T01:32:39.079121,1219.3814618885233,81512.0,56.0,-7.247088108173692,-0.41102135124465644,5.178921219544172,8.916863215114182,0.05614847962800695,True,walking_dual_task,P05,28,0.595
2026-04-03T01:32:39.195868,1276.5807618686356,81512.0,56.0,-7.0954784075464,-0.5906815315093493,5.291179362205945,8.870811549495206,0.046051665618975335,True,walking_dual_task,P05,28,0.595
2026-04-03T01:32:39.196198,1206.9389007705727,81560.0,56.0,-7.13524833046939,-0.657444960565917,5.492262928585854,9.028230983440677,0.15741943394547064,True,walking_dual_task,P05,28,0.595
2026-04-03T01:32:39.197104,1249.256564640347,81560.0,57.0,-7.197511871615823,-0.7566774309368852,5.263825856733535,8.948999973547686,0.07923100989299137,True,walking_dual_task,P05,28,0.595
2026-04-03T01:32:39.197519,1179.4151006435834,81610.0,56.0,-7.571285349558174,-0.7996810857271173,5.585245725005541,9.442394902353778,0.4933949288060919,True,walking_dual_task,P05,28,0.595
2026-04-03T01:32:39.198148,1175.836006798788,81610.0,56.0,-7.247719218955794,-0.5443765434457427,5.345052724084852,9.021938168770722,0.42045673358305535,True,walking_dual_task,P05,28,0.595
2026-04-03T01:32:39.198795,1200.1486439718897,81604.0,58.0,-8.086038958053917,-0.4151195551381311,5.666183265659028,9.882407757032603,0.8604695882618802,True,walking_dual_task,P05,28,0.595
2026-04-03T01:32:39.199460,1278.6684662799053,81604.0,55.0,-8.258276171266372,-0.49830159290262055,5.1844729225744945,9.763513162960523,0.11889459407207958,True,walking_dual_task,P05,28,0.595
2026-04-03T01:32:39.200171,1199.0325322196948,81473.0,56.0,-8.134962711166102,-0.4084450693428279,5.650143591695139,9.913050403054907,0.14953724009438396,True,walking_dual_task,P05,28,0.595
2026-04-03T01:32:39.200894,1233.804228281292,81473.0,58.0,-9.3741453855431,-0.2290977488527206,5.7489481186810645,10.998976859649943,1.0859264565950362,True,walking_dual_task,P05,28,0.595
2026-04-03T01:32:39.201615,1308.3119759189292,81339.0,57.0,-10.300801628996043,-0.644117156458138,6.019475398114742,11.948032690768798,0.949055831118855,True,walking_dual_task,P05,28,0.595
2026-04-03T01:32:39.255945,1300.8225896136366,81339.0,56.0,-10.51549814058064,-0.6899362180489982,6.0819056268660745,12.167221917251114,0.21918922648231565,True,walking_dual_task,P05,28,0.595
2026-04-03T01:32:39.256235,1316.3358701708307,81259.0,56.0,-10.509179482401743,-0.5758272545358163,6.0253454631201455,12.127622123497357,0.039599793753756884,True,walking_dual_task,P05,28,0.595
2026-04-03T01:32:39.257201,1290.7504414966306,81259.0,57.0,-10.43520862009817,-0.4840047525884883,5.913198472017627,12.00390585247031,0.12371627102704608,True,walking_dual_task,P05,28,0.595
2026-04-03T01:32:39.316094,1296.5723265198785,81259.0,56.0,-10.342215784700622,-0.4200837297820975,5.309799415733971,11.633222576425982,0.3706832760443284,True,walking_dual_task,P05,28,0.595
2026-04-03T01:32:39.316505,1278.210307521262,81259.0,57.0,-9.696030332473473,-0.4393092400977007,4.708357457704441,10.78770720617694,0.8455153702490428,True,walking_dual_task,P05,28,0.595
2026-04-03T01:32:39.317066,1257.789281288117,81279.0,57.0,-9.81502231169284,-0.3772450326482334,4.983188233152973,11.014042934396082,0.2263357282191425,True,walking_dual_task,P05,28,0.595
2026-04-03T01:32:39.375464,1249.6676361125844,81279.0,56.0,-9.501731186168868,-0.7387145343512379,4.216258250331352,10.421392821065858,0.5926501133302242,True,walking_dual_task,P05,28,0.595
2026-04-03T01:32:39.375971,1278.0163446632992,81297.0,58.0,-9.33669784126957,-0.671525205086738,3.928827459339952,10.151874599575109,0.269518221490749,True,walking_dual_task,P05,28,0.595
2026-04-03T01:32:39.376883,1148.2825809974624,81297.0,58.0,-9.203471513536632,-0.46140632726229336,3.7782426031660967,9.95951308386596,0.19236151570914828,True,walking_dual_task,P05,28,0.595
2026-04-03T01:32:39.495767,1242.9401501177579,81340.0,56.0,-8.963010681938185,-0.051727724921688645,3.1470057612643854,9.49957270110055,0.45994038276541005,True,walking_dual_task,P05,28,0.595
2026-04-03T01:32:39.496321,1284.3499183784827,81340.0,56.0,-8.987013459797783,-0.09253204030244458,3.3773165138277554,9.601106183125085,0.10153348202453394,True,walking_dual_task,P05,28,0.595
2026-04-03T01:32:39.496796,1215.3445627329158,81360.0,57.0,-7.993716832513568,-0.19065010973723695,3.0276735409489226,8.550009551650557,1.0510966314745271,True,walking_dual_task,P05,28,0.595
2026-04-03T01:32:39.497631,1344.8833099464537,81360.0,57.0,-7.825635044085635,-0.3029754724981548,2.6513458664484886,8.268131160285868,0.28187839136468895,True,walking_dual_task,P05,28,0.595
2026-04-03T01:32:39.498030,1218.6671171830528,81455.0,57.0,-7.4511508454973185,-0.560202965974096,2.8580941003002107,8.000136134567489,0.2679950257183794,True,walking_dual_task,P05,28,0.595
2026-04-03T01:32:39.498777,1335.3562597063801,81455.0,56.0,-7.1619827985251225,-0.818929825808078,2.686944145038488,7.693134114554639,0.3070020200128498,True,walking_dual_task,P05,28,0.595
2026-04-03T01:32:39.555632,1192.1316812824655,81520.0,57.0,-7.301475000708336,-0.868654544964205,2.7664365809463387,7.856161229306196,0.16302711475155718,True,walking_dual_task,P05,28,0.595
2026-04-03T01:32:39.556230,1311.3848449707816,81520.0,57.0,-7.485014117730209,-1.0056225412331121,3.242917144915491,8.219076873155739,0.36291564384954267,True,walking_dual_task,P05,28,0.595
2026-04-03T01:32:39.556869,1238.6274328717955,81549.0,58.0,-7.322537754122253,-1.0712647051533621,3.2406314013852984,8.078914475887062,0.14016239726867674,True,walking_dual_task,P05,28,0.595
2026-04-03T01:32:39.615581,1172.2494284851537,81549.0,58.0,-7.389653175813145,-0.703601413957445,3.1788091055200614,8.075076243470738,0.0038382324163244164,True,walking_dual_task,P05,28,0.595
2026-04-03T01:32:39.616205,1218.4705688442168,81493.0,57.0,-7.538833682613947,-0.8915400136402366,2.9667224169054096,8.150478439270008,0.07540219579927054,True,walking_dual_task,P05,28,0.595
2026-04-03T01:32:39.616902,1261.1712334092215,81493.0,57.0,-7.6424965140595695,-1.0832257055644536,2.925289302703798,8.254601650056866,0.10412321078685771,True,walking_dual_task,P05,28,0.595
2026-04-03T01:32:39.676014,1244.961612979525,81427.0,57.0,-7.64130326886202,-0.9097407148041897,3.174941840477236,8.32450596163561,0.06990431157874433,True,walking_dual_task,P05,28,0.595
2026-04-03T01:32:39.676283,1248.738993770942,81427.0,55.0,-7.437870965864737,-1.1765121567212442,2.938171900009121,8.083251788344201,0.2412541732914093,True,walking_dual_task,P05,28,0.595
2026-04-03T01:32:39.677175,1223.9341536204247,81409.0,57.0,-7.433186110897235,-1.0331189906814802,3.176574454151418,8.149246337601388,0.06599454925718717,True,walking_dual_task,P05,28,0.595
2026-04-03T01:32:39.735817,1329.7218125965635,81409.0,58.0,-7.659369804538267,-1.0370866972514443,3.2828062987660758,8.397518193818142,0.2482718562167534,True,walking_dual_task,P05,28,0.595
2026-04-03T01:32:39.736220,1225.4020231167913,81427.0,55.0,-7.540582840469082,-0.8524092805679507,2.9857547528869146,8.154858833846355,0.24265935997178723,True,walking_dual_task,P05,28,0.595
2026-04-03T01:32:39.736877,1192.6795216046587,81427.0,59.0,-7.443858170368576,-1.040812024383686,3.3105955448240785,8.213060147842198,0.05820131399584305,True,walking_dual_task,P05,28,0.595
2026-04-03T01:32:39.795586,1261.6539940455336,81452.0,57.0,-7.451316478040291,-1.0029828927462976,3.2766363035072996,8.201489950278454,0.01157019756374389,True,walking_dual_task,P05,28,0.595
2026-04-03T01:32:39.796150,1286.1431763491237,81452.0,56.0,-7.667780217375602,-0.7179325769077813,3.130043717140295,8.313089336592714,0.11159938631426058,True,walking_dual_task,P05,28,0.595
2026-04-03T01:32:39.796852,1234.4069418833403,81441.0,57.0,-7.643987848310777,-1.0307892877511895,3.123977937209044,8.321797578229978,0.00870824163726347,True,walking_dual_task,P05,28,0.595
2026-04-03T01:32:39.855768,1275.6571356875086,81441.0,56.0,-10.683618189424498,-2.4762812152487013,5.856140753130766,12.432459563371784,4.110661985141807,True,walking_dual_task,P05,28,0.595
2026-04-03T01:32:39.856233,1204.6011593852054,81418.0,57.0,-9.731148184510232,-2.1431409459404973,5.788492553421339,11.523668866471208,0.9087906969005761,True,walking_dual_task,P05,28,0.595
2026-04-03T01:32:39.856916,1341.0227458122308,81418.0,58.0,-9.62559023062803,-1.9434797371693835,5.739989545536813,11.374382654000245,0.14928621247096352,True,walking_dual_task,P05,28,0.595
2026-04-03T01:32:39.915595,1136.2071855091424,81443.0,57.0,-8.603387794310922,-1.0483066999177144,5.364089462931537,10.192677972089752,1.1817046819104924,True,walking_dual_task,P05,28,0.595
2026-04-03T01:32:39.916109,1280.5723102657475,81443.0,58.0,-8.61070126716918,-1.4433629238812906,5.409318277396808,10.270744718307588,0.07806674621783571,True,walking_dual_task,P05,28,0.595
2026-04-03T01:32:39.916850,1290.4915547113578,81387.0,57.0,-8.4256645649274,-0.3061167069684018,5.329223809538809,9.97427477118581,0.29646994712177843,True,walking_dual_task,P05,28,0.595
2026-04-03T01:32:39.975547,1242.5789688507948,81387.0,57.0,-7.51220335846418,-0.7776574223695535,5.276156963647482,9.21280536376042,0.7614694074253894,True,walking_dual_task,P05,28,0.595
2026-04-03T01:32:39.976021,1222.4057758979934,81317.0,57.0,-7.75331927777433,-0.5533417137582114,5.285426530458079,9.399780874263085,0.18697551050266448,True,walking_dual_task,P05,28,0.595
2026-04-03T01:32:39.976753,1303.5984380521782,81317.0,57.0,-7.617972106941267,-1.0426817091361986,5.264899273138253,9.318790078384321,0.08099079587876368,True,walking_dual_task,P05,28,0.595
2026-04-03T01:32:40.035631,1270.7617135369305,81362.0,56.0,-7.708509145340297,-1.313217209051718,5.55266626534776,9.590503393267511,0.27171331488318984,True,walking_dual_task,P05,28,0.595
2026-04-03T01:32:40.036169,1383.3797529102367,81362.0,57.0,-8.09995027162697,-2.1514838752030476,5.479900603604665,10.013360469566413,0.4228570762989019,True,walking_dual_task,P05,28,0.595
2026-04-03T01:32:40.036720,1409.627097756863,81420.0,57.0,-8.18414641639499,-2.0996396608613597,5.668190962343831,10.174336737893494,0.16097626832708123,True,walking_dual_task,P05,28,0.595
2026-04-03T01:32:40.096189,1178.0125113827733,81420.0,56.0,-8.652735253537358,-2.020257633697372,5.7494031585663965,10.58333146764543,0.4089947297519352,True,walking_dual_task,P05,28,0.595
2026-04-03T01:32:40.215755,1236.6738507719126,81387.0,58.0,-8.586027998154492,-1.0355271871373448,5.451611674080902,10.22312394453714,0.36020752310828996,True,walking_dual_task,P05,28,0.595
2026-04-03T01:32:40.216084,1258.218353792428,81387.0,58.0,-8.675023504058275,-1.2059301607333046,5.400332526756927,10.2895039602538,0.06638001571666052,True,walking_dual_task,P05,28,0.595
2026-04-03T01:32:40.216791,1281.4520742641955,81333.0,56.0,-8.046817302355347,-0.6304450751821614,5.415139514757936,9.719694730525214,0.5698092297285857,True,walking_dual_task,P05,28,0.595
2026-04-03T01:32:40.217353,1301.0417588350997,81333.0,56.0,-7.89730300730945,-0.705797198075303,5.199598839166338,9.481633433239747,0.23806129728546743,True,walking_dual_task,P05,28,0.595
2026-04-03T01:32:40.218087,1270.5671430201762,81301.0,56.0,-8.25043203969583,-0.5556108365448935,5.485016529496586,9.922889628136373,0.44125619489662604,True,walking_dual_task,P05,28,0.595
2026-04-03T01:32:40.218789,1350.6935164366873,81301.0,56.0,-7.868983597321359,-0.276347944548889,4.994871454362891,9.324484537333861,0.5984050908025118,True,walking_dual_task,P05,28,0.595
2026-04-03T01:32:40.275968,1102.912507627243,81294.0,56.0,-7.277615093313924,-0.13366681089644034,4.871042402279739,8.758344726463616,0.5661398108702453,True,walking_dual_task,P05,28,0.595
2026-04-03T01:32:40.276536,1304.2664259385351,81294.0,57.0,-7.3941001069994545,-0.32509606376859856,4.598616402047625,8.713534108281703,0.04481061818191279,True,walking_dual_task,P05,28,0.595
2026-04-03T01:32:40.276935,1354.049497084225,81364.0,57.0,-7.026465593870578,-0.8926536722519216,4.93413732609354,8.63213533682028,0.08139877146142283,True,walking_dual_task,P05,28,0.595
2026-04-03T01:32:40.277513,1356.7820120702877,81364.0,57.0,-7.533653015214303,-0.8660921882284822,4.773181741429102,8.960430088386946,0.3282947515666663,True,walking_dual_task,P05,28,0.595
2026-04-03T01:32:40.278101,1229.2046651959092,81492.0,58.0,-7.686204702885108,-0.9475122172612,5.142274220295665,9.296155457673338,0.33572536928639174,True,walking_dual_task,P05,28,0.595
2026-04-03T01:32:40.336114,1360.9261723420118,81492.0,56.0,-8.679042204019325,-0.949510362908148,5.207963434581084,10.166131350929525,0.8699758932561874,True,walking_dual_task,P05,28,0.595
2026-04-03T01:32:40.336491,1330.6678032359239,81531.0,55.0,-8.405458824883569,-1.023874952943208,5.1323337126786015,9.901560852430027,0.26457049849949854,True,walking_dual_task,P05,28,0.595
2026-04-03T01:32:40.337022,1266.3421695730847,81531.0,56.0,-9.650810899805776,-0.5964841938400649,5.614382860008437,11.18102138966148,1.2794605372314525,True,walking_dual_task,P05,28,0.595
2026-04-03T01:32:40.395722,1237.1215085009546,81424.0,57.0,-9.53838214777015,-0.6292436527771759,5.921567776809496,11.244627450778848,0.063606061117369,True,walking_dual_task,P05,28,0.595
2026-04-03T01:32:40.395964,1263.5573929231505,81424.0,56.0,-10.122617725181708,-0.6375632386840051,5.609189579477744,11.590378951182133,0.34575150040328495,True,walking_dual_task,P05,28,0.595
2026-04-03T01:32:40.396780,1194.430452373375,81314.0,57.0,-10.070606542005347,-0.5860537522442327,5.400166863862936,11.442131675608513,0.14824727557362039,True,walking_dual_task,P05,28,0.595
2026-04-03T01:32:40.456159,1288.271529839583,81314.0,57.0,-9.889745439274794,-0.7236449216183363,5.263033429884942,11.226319419575013,0.21581225603349985,True,walking_dual_task,P05,28,0.595
2026-04-03T01:32:40.456385,1229.4136527600533,81300.0,58.0,-10.078073581991733,-0.8805634424073745,5.402538230287423,11.46866942717686,0.24235000760184633,True,walking_dual_task,P05,28,0.595
2026-04-03T01:32:40.457224,1288.0715330123267,81300.0,57.0,-10.231046000820957,-0.6823664283620042,4.969121895953447,11.394388909911491,0.07428051726536822,True,walking_dual_task,P05,28,0.595
2026-04-03T01:32:40.515666,1235.651857709126,81303.0,57.0,-9.872613406792631,0.2741793125605375,4.796142549391019,10.979373986229668,0.4150149236818237,True,walking_dual_task,P05,28,0.595
2026-04-03T01:32:40.575970,1216.994188527216,81303.0,56.0,-9.596024171335465,0.006876464477422184,4.5297729062279215,10.6114358012766,0.36793818495306674,True,walking_dual_task,P05,28,0.595
2026-04-03T01:32:40.636014,1322.3342342221058,81336.0,58.0,-9.1278921464284,0.6348651445807411,3.9190696533449105,9.953922630621648,0.6575131706549531,True,walking_dual_task,P05,28,0.595
2026-04-03T01:32:40.695905,1253.49326832253,81336.0,58.0,-9.031909349517484,0.6617530682791539,3.7521368113281155,9.802644248987196,0.15127838163445162,True,walking_dual_task,P05,28,0.595
2026-04-03T01:32:40.756183,1212.695279176584,81394.0,56.0,-9.30387234110878,0.5531362698126328,3.9103599085930036,10.107369335656173,0.30472508666897724,True,walking_dual_task,P05,28,0.595
2026-04-03T01:32:40.815806,1315.8479001937112,81394.0,57.0,-9.26549490517573,0.5008024446811987,3.8422035884123305,10.043043728932213,0.06432560672396015,True,walking_dual_task,P05,28,0.595
2026-04-03T01:32:40.935921,1288.0116804345407,81397.0,56.0,-9.197393211002495,0.5565069882025789,3.689207420577823,9.925320815860795,0.11772291307141813,True,walking_dual_task,P05,28,0.595
2026-04-03T01:32:40.995665,1340.086859704573,81397.0,58.0,-9.278211951017557,0.6185285641010526,3.753465001524772,10.027776129844806,0.1024553139840112,True,walking_dual_task,P05,28,0.595
2026-04-03T01:32:41.056254,1255.3934279999457,81365.0,56.0,-9.5458054896915,0.7059563292607751,3.9308465434479687,10.347576109117757,0.31979997927295045,True,walking_dual_task,P05,28,0.595
2026-04-03T01:32:41.115995,1371.6141246801928,81365.0,55.0,-9.050785602832049,0.5685653055255354,3.7577265613683526,9.81633818921763,0.5312379199001267,True,walking_dual_task,P05,28,0.595
2026-04-03T01:32:41.175934,1246.4998318901264,81343.0,57.0,-9.321380166933867,0.6095251238948715,4.049067555996474,10.18109017572236,0.3647519865047304,True,walking_dual_task,P05,28,0.595
2026-04-03T01:32:41.235909,1299.9106952606685,81343.0,56.0,-9.297981220664013,0.4654333176963072,3.9590375728781178,10.116474754404477,0.06461542131788356,True,walking_dual_task,P05,28,0.595
2026-04-03T01:32:41.296263,1265.134171431571,81431.0,58.0,-8.990314675474009,0.45362448957460033,3.7817943009545347,9.763887610799161,0.35258714360531584,True,walking_dual_task,P05,28,0.595
2026-04-03T01:32:41.355959,1296.9160140693652,81431.0,58.0,-9.065010285275589,0.4648238982609349,3.8229721437719806,9.849141523026423,0.08525391222726242,True,walking_dual_task,P05,28,0.595
2026-04-03T01:32:41.415880,1263.547862738512,81569.0,56.0,-8.907710649818643,0.12391679639249398,3.9701732727067527,9.753201536348755,0.0959399866776689,True,walking_dual_task,P05,28,0.595
2026-04-03T01:32:41.475798,1297.3002081843495,81569.0,58.0,-9.139333344037743,0.46452071998774513,3.7878596386386945,9.90409380583434,0.15089226948558476,True,walking_dual_task,P05,28,0.595
2026-04-03T01:32:41.535695,1183.3773073210077,81661.0,56.0,-9.504064962804572,0.5872920229237175,3.8526058693596346,10.272036542089577,0.36794273625523743,True,walking_dual_task,P05,28,0.595
2026-04-03T01:32:41.535985,1294.7725128127192,81661.0,57.0,-8.010632121825124,-0.4915406720691018,4.263457628634087,9.087844088378322,1.1841924537112547,True,walking_dual_task,P05,28,0.595
2026-04-03T01:32:41.536806,1366.63515844896,81636.0,58.0,-9.015567640510971,-1.7528477282113284,4.5037073501285905,10.229189358621067,1.141345270242745,True,walking_dual_task,P05,28,0.595
2026-04-03T01:32:41.537327,1226.2692034153406,81636.0,56.0,-8.86409019273466,-1.5270259953959402,4.457934411380223,10.038778937287029,0.19041042133403785,True,walking_dual_task,P05,28,0.595
2026-04-03T01:32:41.538045,1266.9950147499978,81672.0,58.0,-9.984766819310181,-2.2025597217621047,4.412816949636009,11.1364173410896,1.0976384038025717,True,walking_dual_task,P05,28,0.595
2026-04-03T01:32:41.538916,1235.9731699759757,81672.0,57.0,-10.270807273269332,-2.231236947879089,4.834220047839238,11.568819465838068,0.4324021247484673,True,walking_dual_task,P05,28,0.595
2026-04-03T01:32:41.595649,1206.2886463341933,81744.0,56.0,-10.425729479578607,-2.108426080970321,4.771288819002878,11.657894008551121,0.08907454271305326,True,walking_dual_task,P05,28,0.595
2026-04-03T01:32:41.596142,1354.5190859965744,81721.0,57.0,-9.86228931245141,-1.654701618255971,4.317753690417671,10.892464590673116,0.7654294178780052,True,walking_dual_task,P05,28,0.595
2026-04-03T01:32:41.597059,1325.0004817787485,81767.0,57.0,-9.486168975193774,-0.9828771885413821,4.687240168900605,10.626554935379541,0.2659096552935747,True,walking_dual_task,P05,28,0.595
2026-04-03T01:32:41.597498,1180.9190356735119,81640.0,55.0,-8.977168254478283,-0.31154158092722123,5.59644840134719,10.583328528152228,0.04322640722731386,True,walking_dual_task,P05,28,0.595
2026-04-03T01:32:41.598138,1294.1044456295522,81608.0,57.0,-8.762233612669341,-1.3514726316916388,5.095833476359865,10.225983325626627,0.3573452025256003,True,walking_dual_task,P05,28,0.595
2026-04-03T01:32:41.598775,1210.7614922331516,81666.0,56.0,-8.893161254413648,-1.2647836548648677,5.329757269919872,10.444822035194338,0.21883870956771112,True,walking_dual_task,P05,28,0.595
2026-04-03T01:32:41.655574,1194.3582533747017,81728.0,57.0,-8.257800455594099,-0.5950272834765976,5.098514166254456,9.72317708035748,0.721644954836858,True,walking_dual_task,P05,28,0.595
2026-04-03T01:32:41.656227,1194.0668968635061,81767.0,57.0,-7.877158301024795,-0.5918918057147952,4.916292805665633,9.304294371961573,0.41888270839590724,True,walking_dual_task,P05,28,0.595
2026-04-03T01:32:41.656809,1294.4279373240067,81739.0,55.0,-7.776999712582419,-0.7629755799142374,4.610514312361167,9.07307547028788,0.2312189016736923,True,walking_dual_task,P05,28,0.595
2026-04-03T01:32:41.657476,1360.1240774341745,81763.0,56.0,-7.787377508247567,-0.5070740185961935,4.854104026300989,9.190358992686132,0.11728352239825135,True,walking_dual_task,P05,28,0.595
2026-04-03T01:32:41.658170,1233.432390217017,81598.0,57.0,-8.31341307117191,-0.175740772533351,4.941939963419186,9.672977427509185,0.48261843482305267,True,walking_dual_task,P05,28,0.595
2026-04-03T01:32:41.659132,1215.7552724837578,81574.0,58.0,-9.92894188170044,-0.9842514165544027,5.1883600339473395,11.24596450212415,1.5729870746149643,True,walking_dual_task,P05,28,0.595
2026-04-03T01:32:41.715851,1423.2892355389963,81538.0,57.0,-9.982001232092175,-0.9751829760155755,5.365806788526908,11.374674189883496,0.128709687759347,True,walking_dual_task,P05,28,0.595
2026-04-03T01:32:41.716171,1262.2239883510963,81538.0,56.0,-9.971731669902015,-0.8872733412032253,5.244502012693804,11.301658632240054,0.07301555764344236,True,walking_dual_task,P05,28,0.595
2026-04-03T01:32:41.716717,1196.3844205772114,81505.0,58.0,-10.17091137596967,-1.0071342580512133,5.262563301412973,11.495926675694667,0.19426804345461335,True,walking_dual_task,P05,28,0.595
2026-04-03T01:32:41.717361,1302.892268232815,81505.0,55.0,-9.9989439575594,-1.0005330093457971,5.076649982714597,11.258433355320815,0.2374933203738525,True,walking_dual_task,P05,28,0.595
2026-04-03T01:32:41.718403,1211.4544054868431,81521.0,55.0,-9.979470193267916,-0.9365753437457072,4.980672596773727,11.192591220494382,0.06584213482643264,True,walking_dual_task,P05,28,0.595
2026-04-03T01:32:41.718763,1267.3413909093479,81521.0,56.0,-9.849860732421321,-1.2742621769339508,5.181918945777302,11.202490102841676,0.009898882347293636,True,walking_dual_task,P05,28,0.595
2026-04-03T01:32:41.775510,1217.0727332962556,81573.0,55.0,-10.161808644511535,-1.286525195717408,5.017679561683174,11.40590242771777,0.20341232487609417,True,walking_dual_task,P05,28,0.595
2026-04-03T01:32:41.776370,1154.1866159465312,81573.0,57.0,-9.867693700758506,-0.9677983815434235,5.31830928396042,11.25132998001422,0.1545724477035506,True,walking_dual_task,P05,28,0.595
2026-04-03T01:32:41.776848,1250.3081805699778,81594.0,57.0,-9.992194953009184,-0.9895618727890868,5.319422740821312,11.363074010785416,0.11174403077119699,True,walking_dual_task,P05,28,0.595
2026-04-03T01:32:41.777453,1239.6221633916991,81594.0,56.0,-10.084402448093275,-1.1381879815119789,5.1593508429089585,11.384618822630529,0.021544811845112477,True,walking_dual_task,P05,28,0.595
2026-04-03T01:32:41.778106,1197.1587545431246,81603.0,57.0,-10.155635762135534,-0.8891822879467693,5.072631043725665,11.386797995052593,0.002179172422064113,True,walking_dual_task,P05,28,0.595
2026-04-03T01:32:41.778814,1214.8429606957761,81603.0,58.0,-9.771948636149158,-1.2045576270567253,5.194247755880014,11.132032562560285,0.25476543249230765,True,walking_dual_task,P05,28,0.595
2026-04-03T01:32:41.835597,1243.197227294554,81623.0,55.0,-10.027529572943683,-1.0673725379393133,5.261250742142154,11.374154599032778,0.24212203647249275,True,walking_dual_task,P05,28,0.595
2026-04-03T01:32:41.836143,1286.8875310335086,81623.0,57.0,-9.533441373136707,0.7473467395426818,4.283423469120454,10.478203480556754,0.8959511184760238,True,walking_dual_task,P05,28,0.595
2026-04-03T01:32:41.836879,1182.3299777976374,81617.0,57.0,-8.926227505119419,0.32665019950887236,4.57203132873805,10.034326499419473,0.44387698113728113,True,walking_dual_task,P05,28,0.595
2026-04-03T01:32:41.955744,1290.7704257014257,81617.0,58.0,-9.218616079293904,0.3723934203110779,4.608033010737304,10.312881629542336,0.2785551301228626,True,walking_dual_task,P05,28,0.595
2026-04-03T01:32:41.956315,1275.2658166525644,81611.0,57.0,-8.660782183253735,0.7096933551010958,4.942219359466999,9.996916768740768,0.31596486080156794,True,walking_dual_task,P05,28,0.595
2026-04-03T01:32:41.956854,1277.9634405973604,81611.0,57.0,-8.241296948767165,0.4801141039833075,5.027163141990144,9.665498135470663,0.3314186332701041,True,walking_dual_task,P05,28,0.595
2026-04-03T01:32:41.957467,1346.8313506311201,81640.0,58.0,-8.088289766014904,0.917354409712655,5.067083501735402,9.588394321553519,0.07710381391714449,True,walking_dual_task,P05,28,0.595
2026-04-03T01:32:41.958163,1240.246383106579,81640.0,57.0,-7.830523148570974,1.4542956194073908,4.641340524605979,9.218140289357887,0.370254032195632,True,walking_dual_task,P05,28,0.595
2026-04-03T01:32:41.958811,1236.0166086355252,81686.0,57.0,-7.656377586065508,1.3598772173666407,4.483014542866322,8.975901246018145,0.2422390433397421,True,walking_dual_task,P05,28,0.595
2026-04-03T01:32:42.015720,1235.5898524324284,81686.0,56.0,-7.5060077489216175,1.416025374514181,4.321922060031668,8.776348356869603,0.19955288914854208,True,walking_dual_task,P05,28,0.595
2026-04-03T01:32:42.016105,1363.8504342973565,81769.0,57.0,-7.273909578633888,1.4549769291685553,4.405734113198322,8.62770024390938,0.14864811296022218,True,walking_dual_task,P05,28,0.595
2026-04-03T01:32:42.016799,,,,,,,,,True,walking_dual_task,P05,28,0.595
2026-04-03T01:32:42.075913,,,,,,,,,True,walking_dual_task,P05,28,0.595
2026-04-03T01:32:42.076299,,,,,,,,,True,walking_dual_task,P05,28,0.595
2026-04-03T01:32:42.077389,,,,,,,,,True,walking_dual_task,P05,28,0.595
2026-04-03T01:32:42.135855,,,,,,,,,True,walking_dual_task,P05,28,0.595
2026-04-03T01:32:42.136317,,,,,,,,,True,walking_dual_task,P05,28,0.595
2026-04-03T01:32:42.136964,,,,,,,,,True,walking_dual_task,P05,28,0.595
2026-04-03T01:32:42.195725,,,,,,,,,True,walking_dual_task,P05,28,0.595
2026-04-03T01:32:42.196270,,,,,,,,,True,walking_dual_task,P05,28,0.595
2026-04-03T01:32:42.197110,,,,,,,,,True,walking_dual_task,P05,28,0.595
2026-04-03T01:32:42.255680,,,,,,,,,True,walking_dual_task,P05,28,0.595
2026-04-03T01:32:42.256154,,,,,,,,,True,walking_dual_task,P05,28,0.595
2026-04-03T01:32:42.315954,,,,,,,,,True,walking_dual_task,P05,28,0.595
2026-04-03T01:32:42.316265,,,,,,,,,True,walking_dual_task,P05,28,0.595
2026-04-03T01:32:42.316967,,,,,,,,,True,walking_dual_task,P05,28,0.595
2026-04-03T01:32:42.375824,,,,,,,,,True,walking_dual_task,P05,28,0.595
2026-04-03T01:32:42.376266,,,,,,,,,True,walking_dual_task,P05,28,0.595
2026-04-03T01:32:42.376852,,,,,,,,,True,walking_dual_task,P05,28,0.595
2026-04-03T01:32:42.436005,,,,,,,,,True,walking_dual_task,P05,28,0.595
2026-04-03T01:32:42.436140,,,,,,,,,True,walking_dual_task,P05,28,0.595
2026-04-03T01:32:42.437108,,,,,,,,,True,walking_dual_task,P05,28,0.595
2026-04-03T01:32:42.495892,,,,,,,,,True,walking_dual_task,P05,28,0.595
2026-04-03T01:32:42.496268,,,,,,,,,True,walking_dual_task,P05,28,0.595
2026-04-03T01:32:42.555886,,,,,,,,,True,walking_dual_task,P05,28,0.595
2026-04-03T01:32:42.556051,,,,,,,,,True,walking_dual_task,P05,28,0.595
2026-04-03T01:32:42.556746,,,,,,,,,True,walking_dual_task,P05,28,0.595
2026-04-03T01:32:42.557436,,,,,,,,,True,walking_dual_task,P05,28,0.595
2026-04-03T01:32:42.558015,,,,,,,,,True,walking_dual_task,P05,28,0.595
2026-04-03T01:32:42.675903,,,,,,,,,True,walking_dual_task,P05,28,0.595
2026-04-03T01:32:42.676320,,,,,,,,,True,walking_dual_task,P05,28,0.595
2026-04-03T01:32:42.677063,,,,,,,,,True,walking_dual_task,P05,28,0.595
2026-04-03T01:32:42.677603,,,,,,,,,True,walking_dual_task,P05,28,0.595
2026-04-03T01:32:42.678318,,,,,,,,,True,walking_dual_task,P05,28,0.595
2026-04-03T01:32:42.678910,,,,,,,,,True,walking_dual_task,P05,28,0.595
2026-04-03T01:32:42.735593,,,,,,,,,True,walking_dual_task,P05,28,0.595
2026-04-03T01:32:42.736221,,,,,,,,,True,walking_dual_task,P05,28,0.595
2026-04-03T01:32:42.736923,,,,,,,,,True,walking_dual_task,P05,28,0.595
2026-04-03T01:32:42.795716,,,,,,,,,True,walking_dual_task,P05,28,0.595
2026-04-03T01:32:42.796253,,,,,,,,,True,walking_dual_task,P05,28,0.595
2026-04-03T01:32:42.796994,,,,,,,,,True,walking_dual_task,P05,28,0.595
2026-04-03T01:32:42.855838,,,,,,,,,True,walking_dual_task,P05,28,0.595
2026-04-03T01:32:42.856181,,,,,,,,,True,walking_dual_task,P05,28,0.595
2026-04-03T01:32:42.856828,,,,,,,,,True,walking_dual_task,P05,28,0.595
2026-04-03T01:32:42.915898,,,,,,,,,True,walking_dual_task,P05,28,0.595
2026-04-03T01:32:42.916093,,,,,,,,,True,walking_dual_task,P05,28,0.595
2026-04-03T01:32:42.975731,,,,,,,,,True,walking_dual_task,P05,28,0.595
2026-04-03T01:32:42.976243,,,,,,,,,True,walking_dual_task,P05,28,0.595
2026-04-03T01:32:42.976876,,,,,,,,,True,walking_dual_task,P05,28,0.595
2026-04-03T01:32:42.977474,,,,,,,,,True,walking_dual_task,P05,28,0.595
2026-04-03T01:32:43.035891,,,,,,,,,True,walking_dual_task,P05,28,0.595
2026-04-03T01:32:43.095817,,,,,,,,,True,walking_dual_task,P05,28,0.595
2026-04-03T01:32:43.096327,,,,,,,,,True,walking_dual_task,P05,28,0.595
2026-04-03T01:32:43.096918,,,,,,,,,True,walking_dual_task,P05,28,0.595
2026-04-03T01:32:43.097504,,,,,,,,,True,walking_dual_task,P05,28,0.595
2026-04-03T01:32:43.098173,,,,,,,,,True,walking_dual_task,P05,28,0.595
2026-04-03T01:32:43.155638,,,,,,,,,True,walking_dual_task,P05,28,0.595
2026-04-03T01:32:43.156573,,,,,,,,,True,walking_dual_task,P05,28,0.595
2026-04-03T01:32:43.157054,,,,,,,,,True,walking_dual_task,P05,28,0.595
2026-04-03T01:32:43.215542,,,,,,,,,True,walking_dual_task,P05,28,0.595
2026-04-03T01:32:43.216199,,,,,,,,,True,walking_dual_task,P05,28,0.595
2026-04-03T01:32:43.216821,,,,,,,,,True,walking_dual_task,P05,28,0.595
2026-04-03T01:32:43.275728,,,,,,,,,True,walking_dual_task,P05,28,0.595
2026-04-03T01:32:43.276260,,,,,,,,,True,walking_dual_task,P05,28,0.595
2026-04-03T01:32:43.335924,,,,,,,,,True,walking_dual_task,P05,28,0.595
2026-04-03T01:32:43.395671,,,,,,,,,True,walking_dual_task,P05,28,0.595
2026-04-03T01:32:43.396212,,,,,,,,,True,walking_dual_task,P05,28,0.595
2026-04-03T01:32:43.396695,,,,,,,,,True,walking_dual_task,P05,28,0.595
2026-04-03T01:32:43.397354,,,,,,,,,True,walking_dual_task,P05,28,0.595
2026-04-03T01:32:43.398091,,,,,,,,,True,walking_dual_task,P05,28,0.595
2026-04-03T01:32:43.456181,,,,,,,,,True,walking_dual_task,P05,28,0.595
2026-04-03T01:32:43.515639,,,,,,,,,True,walking_dual_task,P05,28,0.595
2026-04-03T01:32:43.516061,,,,,,,,,True,walking_dual_task,P05,28,0.595
2026-04-03T01:32:43.516804,,,,,,,,,True,walking_dual_task,P05,28,0.595
2026-04-03T01:32:43.517449,,,,,,,,,True,walking_dual_task,P05,28,0.595
2026-04-03T01:32:43.518159,,,,,,,,,True,walking_dual_task,P05,28,0.595
2026-04-03T01:32:43.518794,,,,,,,,,True,walking_dual_task,P05,28,0.595
2026-04-03T01:32:43.575818,,,,,,,,,True,walking_dual_task,P05,28,0.595
2026-04-03T01:32:43.576162,,,,,,,,,True,walking_dual_task,P05,28,0.595
2026-04-03T01:32:43.576707,,,,,,,,,True,walking_dual_task,P05,28,0.595
2026-04-03T01:32:43.695940,,,,,,,,,True,walking_dual_task,P05,28,0.595
2026-04-03T01:32:43.696273,,,,,,,,,True,walking_dual_task,P05,28,0.595
2026-04-03T01:32:43.697050,,,,,,,,,True,walking_dual_task,P05,28,0.595
2026-04-03T01:32:43.697519,,,,,,,,,True,walking_dual_task,P05,28,0.595
2026-04-03T01:32:43.698477,,,,,,,,,True,walking_dual_task,P05,28,0.595
2026-04-03T01:32:43.755834,,,,,,,,,True,walking_dual_task,P05,28,0.595
2026-04-03T01:32:43.755988,,,,,,,,,True,walking_dual_task,P05,28,0.595
2026-04-03T01:32:43.756983,,,,,,,,,True,walking_dual_task,P05,28,0.595
2026-04-03T01:32:43.757786,,,,,,,,,True,walking_dual_task,P05,28,0.595
2026-04-03T01:32:43.815596,,,,,,,,,True,walking_dual_task,P05,28,0.595
2026-04-03T01:32:43.816073,,,,,,,,,True,walking_dual_task,P05,28,0.595
2026-04-03T01:32:43.816790,,,,,,,,,True,walking_dual_task,P05,28,0.595
2026-04-03T01:32:43.875729,,,,,,,,,True,walking_dual_task,P05,28,0.595
2026-04-03T01:32:43.876314,,,,,,,,,True,walking_dual_task,P05,28,0.595
2026-04-03T01:32:43.877037,,,,,,,,,True,walking_dual_task,P05,28,0.595
2026-04-03T01:32:43.935643,,,,,,,,,True,walking_dual_task,P05,28,0.595
2026-04-03T01:32:43.936249,,,,,,,,,True,walking_dual_task,P05,28,0.595
2026-04-03T01:32:43.936869,,,,,,,,,True,walking_dual_task,P05,28,0.595
2026-04-03T01:32:43.995596,,,,,,,,,True,walking_dual_task,P05,28,0.595
2026-04-03T01:32:43.996129,,,,,,,,,True,walking_dual_task,P05,28,0.595
2026-04-03T01:32:43.997244,,,,,,,,,True,walking_dual_task,P05,28,0.595
2026-04-03T01:32:44.055631,,,,,,,,,True,walking_dual_task,P05,28,0.595
2026-04-03T01:32:44.056047,,,,,,,,,True,walking_dual_task,P05,28,0.595
2026-04-03T01:32:44.056786,,,,,,,,,True,walking_dual_task,P05,28,0.595
2026-04-03T01:32:44.115812,,,,,,,,,True,walking_dual_task,P05,28,0.595
2026-04-03T01:32:44.116089,,,,,,,,,True,walking_dual_task,P05,28,0.595
2026-04-03T01:32:44.116938,,,,,,,,,True,walking_dual_task,P05,28,0.595
2026-04-03T01:32:44.175632,,,,,,,,,True,walking_dual_task,P05,28,0.595
2026-04-03T01:32:44.176203,,,,,,,,,True,walking_dual_task,P05,28,0.595
2026-04-03T01:32:44.177000,,,,,,,,,True,walking_dual_task,P05,28,0.595
2026-04-03T01:32:44.235676,,,,,,,,,True,walking_dual_task,P05,28,0.595
2026-04-03T01:32:44.236342,,,,,,,,,True,walking_dual_task,P05,28,0.595
2026-04-03T01:32:44.295648,,,,,,,,,True,walking_dual_task,P05,28,0.595
2026-04-03T01:32:44.296309,,,,,,,,,True,walking_dual_task,P05,28,0.595
2026-04-03T01:32:44.296724,,,,,,,,,True,walking_dual_task,P05,28,0.595
2026-04-03T01:32:44.415951,,,,,,,,,True,walking_dual_task,P05,28,0.595
2026-04-03T01:32:44.416271,,,,,,,,,True,walking_dual_task,P05,28,0.595
2026-04-03T01:32:44.416866,,,,,,,,,True,walking_dual_task,P05,28,0.595
2026-04-03T01:32:44.417588,,,,,,,,,True,walking_dual_task,P05,28,0.595
2026-04-03T01:32:44.418230,,,,,,,,,True,walking_dual_task,P05,28,0.595
2026-04-03T01:32:44.418973,,,,,,,,,True,walking_dual_task,P05,28,0.595
2026-04-03T01:32:44.475868,,,,,,,,,True,walking_dual_task,P05,28,0.595
2026-04-03T01:32:44.476202,,,,,,,,,True,walking_dual_task,P05,28,0.595
2026-04-03T01:32:44.477089,,,,,,,,,True,walking_dual_task,P05,28,0.595
2026-04-03T01:32:44.477713,,,,,,,,,True,walking_dual_task,P05,28,0.595
2026-04-03T01:32:44.535516,,,,,,,,,True,walking_dual_task,P05,28,0.595
2026-04-03T01:32:44.536127,,,,,,,,,True,walking_dual_task,P05,28,0.595
2026-04-03T01:32:44.536752,,,,,,,,,True,walking_dual_task,P05,28,0.595
2026-04-03T01:32:44.595650,,,,,,,,,True,walking_dual_task,P05,28,0.595
2026-04-03T01:32:44.596181,,,,,,,,,True,walking_dual_task,P05,28,0.595
2026-04-03T01:32:44.596638,,,,,,,,,True,walking_dual_task,P05,28,0.595
2026-04-03T01:32:44.655973,,,,,,,,,True,walking_dual_task,P05,28,0.595
2026-04-03T01:32:44.656374,,,,,,,,,True,walking_dual_task,P05,28,0.595
2026-04-03T01:32:44.656968,,,,,,,,,True,walking_dual_task,P05,28,0.595
2026-04-03T01:32:44.715668,,,,,,,,,True,walking_dual_task,P05,28,0.595
2026-04-03T01:32:44.715982,,,,,,,,,True,walking_dual_task,P05,28,0.595
2026-04-03T01:32:44.716795,,,,,,,,,True,walking_dual_task,P05,28,0.595
2026-04-03T01:32:44.776212,,,,,,,,,True,walking_dual_task,P05,28,0.595
2026-04-03T01:32:44.776236,,,,,,,,,True,walking_dual_task,P05,28,0.595
2026-04-03T01:32:44.776762,,,,,,,,,True,walking_dual_task,P05,28,0.595
2026-04-03T01:32:44.835916,,,,,,,,,True,walking_dual_task,P05,28,0.595
2026-04-03T01:32:44.836190,,,,,,,,,True,walking_dual_task,P05,28,0.595
2026-04-03T01:32:44.836914,,,,,,,,,True,walking_dual_task,P05,28,0.595
2026-04-03T01:32:44.895881,,,,,,,,,True,walking_dual_task,P05,28,0.595
2026-04-03T01:32:44.896515,,,,,,,,,True,walking_dual_task,P05,28,0.595
2026-04-03T01:32:44.896809,,,,,,,,,True,walking_dual_task,P05,28,0.595
2026-04-03T01:32:44.956076,,,,,,,,,True,walking_dual_task,P05,28,0.595
2026-04-03T01:32:44.956440,,,,,,,,,True,walking_dual_task,P05,28,0.595
2026-04-03T01:32:44.956816,,,,,,,,,True,walking_dual_task,P05,28,0.595
2026-04-03T01:32:45.015533,,,,,,,,,True,walking_dual_task,P05,28,0.595
2026-04-03T01:32:45.015981,,,,,,,,,True,walking_dual_task,P05,28,0.595
2026-04-03T01:32:45.016691,,,,,,,,,True,walking_dual_task,P05,28,0.595
2026-04-03T01:32:45.136075,,,,,,,,,True,walking_dual_task,P05,28,0.595
2026-04-03T01:32:45.136293,,,,,,,,,True,walking_dual_task,P05,28,0.595
2026-04-03T01:32:45.137071,,,,,,,,,True,walking_dual_task,P05,28,0.595
2026-04-03T01:32:45.137699,,,,,,,,,True,walking_dual_task,P05,28,0.595
2026-04-03T01:32:45.138410,,,,,,,,,True,walking_dual_task,P05,28,0.595
2026-04-03T01:32:45.139048,,,,,,,,,True,walking_dual_task,P05,28,0.595
2026-04-03T01:32:45.195753,,,,,,,,,True,walking_dual_task,P05,28,0.595
2026-04-03T01:32:45.196160,,,,,,,,,True,walking_dual_task,P05,28,0.595
2026-04-03T01:32:45.196822,,,,,,,,,True,walking_dual_task,P05,28,0.595
2026-04-03T01:32:45.255769,,,,,,,,,True,walking_dual_task,P05,28,0.595
2026-04-03T01:32:45.256244,,,,,,,,,True,walking_dual_task,P05,28,0.595
2026-04-03T01:32:45.256910,,,,,,,,,True,walking_dual_task,P05,28,0.595
2026-04-03T01:32:45.315660,,,,,,,,,True,walking_dual_task,P05,28,0.595
2026-04-03T01:32:45.316089,,,,,,,,,True,walking_dual_task,P05,28,0.595
2026-04-03T01:32:45.316892,,,,,,,,,True,walking_dual_task,P05,28,0.595
2026-04-03T01:32:45.436090,,,,,,,,,True,walking_dual_task,P05,28,0.595
2026-04-03T01:32:45.436243,,,,,,,,,True,walking_dual_task,P05,28,0.595
2026-04-03T01:32:45.437139,,,,,,,,,True,walking_dual_task,P05,28,0.595
2026-04-03T01:32:45.437823,,,,,,,,,True,walking_dual_task,P05,28,0.595
2026-04-03T01:32:45.438447,,,,,,,,,True,walking_dual_task,P05,28,0.595
2026-04-03T01:32:45.439344,,,,,,,,,True,walking_dual_task,P05,28,0.595
2026-04-03T01:32:45.495506,,,,,,,,,True,walking_dual_task,P05,28,0.595
2026-04-03T01:32:45.496177,,,,,,,,,True,walking_dual_task,P05,28,0.595
2026-04-03T01:32:45.496924,,,,,,,,,True,walking_dual_task,P05,28,0.595
2026-04-03T01:32:45.556057,,,,,,,,,True,walking_dual_task,P05,28,0.595
2026-04-03T01:32:45.556236,,,,,,,,,True,walking_dual_task,P05,28,0.595
2026-04-03T01:32:45.556939,,,,,,,,,True,walking_dual_task,P05,28,0.595
2026-04-03T01:32:45.616109,,,,,,,,,True,walking_dual_task,P05,28,0.595
2026-04-03T01:32:45.616356,,,,,,,,,True,walking_dual_task,P05,28,0.595
2026-04-03T01:32:45.617180,,,,,,,,,True,walking_dual_task,P05,28,0.595
2026-04-03T01:32:45.675879,,,,,,,,,True,walking_dual_task,P05,28,0.595
2026-04-03T01:32:45.676603,,,,,,,,,True,walking_dual_task,P05,28,0.595
2026-04-03T01:32:45.677042,,,,,,,,,True,walking_dual_task,P05,28,0.595
2026-04-03T01:32:45.735647,,,,,,,,,True,walking_dual_task,P05,28,0.595
2026-04-03T01:32:45.736182,,,,,,,,,True,walking_dual_task,P05,28,0.595
2026-04-03T01:32:45.736889,,,,,,,,,True,walking_dual_task,P05,28,0.595
2026-04-03T01:32:45.795677,,,,,,,,,True,walking_dual_task,P05,28,0.595
2026-04-03T01:32:45.796228,,,,,,,,,True,walking_dual_task,P05,28,0.595
2026-04-03T01:32:45.796873,,,,,,,,,True,walking_dual_task,P05,28,0.595
2026-04-03T01:32:45.855973,,,,,,,,,True,walking_dual_task,P05,28,0.595
2026-04-03T01:32:45.856094,,,,,,,,,True,walking_dual_task,P05,28,0.595
2026-04-03T01:32:45.856923,,,,,,,,,True,walking_dual_task,P05,28,0.595
2026-04-03T01:32:45.915628,,,,,,,,,True,walking_dual_task,P05,28,0.595
2026-04-03T01:32:45.916202,,,,,,,,,True,walking_dual_task,P05,28,0.595
2026-04-03T01:32:45.916805,,,,,,,,,True,walking_dual_task,P05,28,0.595
2026-04-03T01:32:45.976059,,,,,,,,,True,walking_dual_task,P05,28,0.595
2026-04-03T01:32:46.036012,,,,,,,,,True,walking_dual_task,P05,28,0.595
2026-04-03T01:32:46.155943,,,,,,,,,True,walking_dual_task,P05,28,0.595
2026-04-03T01:32:46.215839,,,,,,,,,True,walking_dual_task,P05,28,0.595
2026-04-03T01:32:46.275692,,,,,,,,,True,walking_dual_task,P05,28,0.595
2026-04-03T01:32:46.276112,,,,,,,,,True,walking_dual_task,P05,28,0.595
2026-04-03T01:32:46.276815,,,,,,,,,True,walking_dual_task,P05,28,0.595
2026-04-03T01:32:46.277398,,,,,,,,,True,walking_dual_task,P05,28,0.595
2026-04-03T01:32:46.278786,,,,,,,,,True,walking_dual_task,P05,28,0.595
2026-04-03T01:32:46.278947,,,,,,,,,True,walking_dual_task,P05,28,0.595
2026-04-03T01:32:46.279555,,,,,,,,,True,walking_dual_task,P05,28,0.595
2026-04-03T01:32:46.280726,,,,,,,,,True,walking_dual_task,P05,28,0.595
2026-04-03T01:32:46.280948,,,,,,,,,True,walking_dual_task,P05,28,0.595
2026-04-03T01:32:46.281679,,,,,,,,,True,walking_dual_task,P05,28,0.595
2026-04-03T01:32:46.282326,,,,,,,,,True,walking_dual_task,P05,28,0.595
2026-04-03T01:32:46.283024,,,,,,,,,True,walking_dual_task,P05,28,0.595
2026-04-03T01:32:46.283753,,,,,,,,,True,walking_dual_task,P05,28,0.595
2026-04-03T01:32:46.284780,,,,,,,,,True,walking_dual_task,P05,28,0.595
2026-04-03T01:32:46.335648,,,,,,,,,True,walking_dual_task,P05,28,0.595
2026-04-03T01:32:46.336152,,,,,,,,,True,walking_dual_task,P05,28,0.595
2026-04-03T01:32:46.336869,,,,,,,,,True,walking_dual_task,P05,28,0.595
2026-04-03T01:32:46.395632,,,,,,,,,True,walking_dual_task,P05,28,0.595
2026-04-03T01:32:46.395966,,,,,,,,,True,walking_dual_task,P05,28,0.595
2026-04-03T01:32:46.396694,,,,,,,,,True,walking_dual_task,P05,28,0.595
2026-04-03T01:32:46.455893,,,,,,,,,True,walking_dual_task,P05,28,0.595
2026-04-03T01:32:46.456372,,,,,,,,,True,walking_dual_task,P05,28,0.595
2026-04-03T01:32:46.457138,,,,,,,,,True,walking_dual_task,P05,28,0.595
2026-04-03T01:32:46.516034,,,,,,,,,True,walking_dual_task,P05,28,0.595
2026-04-03T01:32:46.516376,,,,,,,,,True,walking_dual_task,P05,28,0.595
2026-04-03T01:32:46.517004,,,,,,,,,True,walking_dual_task,P05,28,0.595
2026-04-03T01:32:46.575676,,,,,,,,,True,walking_dual_task,P05,28,0.595
2026-04-03T01:32:46.576437,,,,,,,,,True,walking_dual_task,P05,28,0.595
2026-04-03T01:32:46.577055,,,,,,,,,True,walking_dual_task,P05,28,0.595
2026-04-03T01:32:46.636009,,,,,,,,,True,walking_dual_task,P05,28,0.595
2026-04-03T01:32:46.636365,,,,,,,,,True,walking_dual_task,P05,28,0.595
2026-04-03T01:32:46.636913,,,,,,,,,True,walking_dual_task,P05,28,0.595
2026-04-03T01:32:46.696087,,,,,,,,,True,walking_dual_task,P05,28,0.595
2026-04-03T01:32:46.696295,,,,,,,,,True,walking_dual_task,P05,28,0.595
2026-04-03T01:32:46.697283,,,,,,,,,True,walking_dual_task,P05,28,0.595
2026-04-03T01:32:46.755820,,,,,,,,,True,walking_dual_task,P05,28,0.595
2026-04-03T01:32:46.756344,,,,,,,,,True,walking_dual_task,P05,28,0.595
2026-04-03T01:32:46.756929,,,,,,,,,True,walking_dual_task,P05,28,0.595
2026-04-03T01:32:46.875872,,,,,,,,,True,walking_dual_task,P05,28,0.595
2026-04-03T01:32:46.876802,,,,,,,,,True,walking_dual_task,P05,28,0.595
2026-04-03T01:32:46.877019,,,,,,,,,True,walking_dual_task,P05,28,0.595
2026-04-03T01:32:46.877639,,,,,,,,,True,walking_dual_task,P05,28,0.595
2026-04-03T01:32:46.878301,,,,,,,,,True,walking_dual_task,P05,28,0.595
2026-04-03T01:32:46.878920,,,,,,,,,True,walking_dual_task,P05,28,0.595
2026-04-03T01:32:46.935527,,,,,,,,,True,walking_dual_task,P05,28,0.595
2026-04-03T01:32:46.935930,,,,,,,,,True,walking_dual_task,P05,28,0.595
2026-04-03T01:32:46.937083,,,,,,,,,True,walking_dual_task,P05,28,0.595
2026-04-03T01:32:46.995639,,,,,,,,,True,walking_dual_task,P05,28,0.595
2026-04-03T01:32:46.996155,,,,,,,,,True,walking_dual_task,P05,28,0.595
2026-04-03T01:32:46.996861,,,,,,,,,True,walking_dual_task,P05,28,0.595
2026-04-03T01:32:47.055649,,,,,,,,,True,walking_dual_task,P05,28,0.595
2026-04-03T01:32:47.055934,,,,,,,,,True,walking_dual_task,P05,28,0.595
2026-04-03T01:32:47.175917,,,,,,,,,True,walking_dual_task,P05,28,0.595
2026-04-03T01:32:47.235918,,,,,,,,,True,walking_dual_task,P05,28,0.595
2026-04-03T01:32:47.236098,,,,,,,,,True,walking_dual_task,P05,28,0.595
2026-04-03T01:32:47.236866,,,,,,,,,True,walking_dual_task,P05,28,0.595
2026-04-03T01:32:47.237440,,,,,,,,,True,walking_dual_task,P05,28,0.595
2026-04-03T01:32:47.238194,,,,,,,,,True,walking_dual_task,P05,28,0.595
2026-04-03T01:32:47.238955,,,,,,,,,True,walking_dual_task,P05,28,0.595
2026-04-03T01:32:47.295667,,,,,,,,,True,walking_dual_task,P05,28,0.595
2026-04-03T01:32:47.295992,,,,,,,,,True,walking_dual_task,P05,28,0.595
2026-04-03T01:32:47.296699,,,,,,,,,True,walking_dual_task,P05,28,0.595
2026-04-03T01:32:47.297351,,,,,,,,,True,walking_dual_task,P05,28,0.595
2026-04-03T01:32:47.298106,,,,,,,,,True,walking_dual_task,P05,28,0.595
2026-04-03T01:32:47.355753,,,,,,,,,True,walking_dual_task,P05,28,0.595
2026-04-03T01:32:47.356018,,,,,,,,,True,walking_dual_task,P05,28,0.595
2026-04-03T01:32:47.356920,,,,,,,,,True,walking_dual_task,P05,28,0.595
2026-04-03T01:32:47.415874,,,,,,,,,True,walking_dual_task,P05,28,0.595
2026-04-03T01:32:47.416193,,,,,,,,,True,walking_dual_task,P05,28,0.595
2026-04-03T01:32:47.416810,,,,,,,,,True,walking_dual_task,P05,28,0.595
2026-04-03T01:32:47.475683,,,,,,,,,True,walking_dual_task,P05,28,0.595
2026-04-03T01:32:47.476279,,,,,,,,,True,walking_dual_task,P05,28,0.595
2026-04-03T01:32:47.476993,,,,,,,,,True,walking_dual_task,P05,28,0.595
2026-04-03T01:32:47.477577,,,,,,,,,True,walking_dual_task,P05,28,0.595
2026-04-03T01:32:47.595770,,,,,,,,,True,walking_dual_task,P05,28,0.595
2026-04-03T01:32:47.596179,,,,,,,,,True,walking_dual_task,P05,28,0.595
2026-04-03T01:32:47.596895,,,,,,,,,True,walking_dual_task,P05,28,0.595
2026-04-03T01:32:47.597745,,,,,,,,,True,walking_dual_task,P05,28,0.595
2026-04-03T01:32:47.598228,,,,,,,,,True,walking_dual_task,P05,28,0.595
2026-04-03T01:32:47.598879,,,,,,,,,True,walking_dual_task,P05,28,0.595
2026-04-03T01:32:47.655715,,,,,,,,,True,walking_dual_task,P05,28,0.595
2026-04-03T01:32:47.656007,,,,,,,,,True,walking_dual_task,P05,28,0.595
2026-04-03T01:32:47.656787,,,,,,,,,True,walking_dual_task,P05,28,0.595
2026-04-03T01:32:47.715620,,,,,,,,,True,walking_dual_task,P05,28,0.595
2026-04-03T01:32:47.716220,,,,,,,,,True,walking_dual_task,P05,28,0.595
2026-04-03T01:32:47.716872,,,,,,,,,True,walking_dual_task,P05,28,0.595
2026-04-03T01:32:47.775609,,,,,,,,,True,walking_dual_task,P05,28,0.595
2026-04-03T01:32:47.776528,,,,,,,,,True,walking_dual_task,P05,28,0.595
2026-04-03T01:32:47.777112,,,,,,,,,True,walking_dual_task,P05,28,0.595
2026-04-03T01:32:47.895803,,,,,,,,,True,walking_dual_task,P05,28,0.595
2026-04-03T01:32:47.896248,,,,,,,,,True,walking_dual_task,P05,28,0.595
2026-04-03T01:32:47.896907,,,,,,,,,True,walking_dual_task,P05,28,0.595
2026-04-03T01:32:47.897491,,,,,,,,,True,walking_dual_task,P05,28,0.595
2026-04-03T01:32:47.898167,,,,,,,,,True,walking_dual_task,P05,28,0.595
2026-04-03T01:32:47.898954,,,,,,,,,True,walking_dual_task,P05,28,0.595
2026-04-03T01:32:47.955961,,,,,,,,,True,walking_dual_task,P05,28,0.595
2026-04-03T01:32:47.956186,,,,,,,,,True,walking_dual_task,P05,28,0.595
2026-04-03T01:32:47.956764,,,,,,,,,True,walking_dual_task,P05,28,0.595
2026-04-03T01:32:48.015593,,,,,,,,,True,walking_dual_task,P05,28,0.595
2026-04-03T01:32:48.016104,,,,,,,,,True,walking_dual_task,P05,28,0.595
2026-04-03T01:32:48.016771,,,,,,,,,True,walking_dual_task,P05,28,0.595
2026-04-03T01:32:48.076151,,,,,,,,,True,walking_dual_task,P05,28,0.595
2026-04-03T01:32:48.076173,,,,,,,,,True,walking_dual_task,P05,28,0.595
2026-04-03T01:32:48.076731,,,,,,,,,True,walking_dual_task,P05,28,0.595
2026-04-03T01:32:48.135684,,,,,,,,,True,walking_dual_task,P05,28,0.595
2026-04-03T01:32:48.136141,,,,,,,,,True,walking_dual_task,P05,28,0.595
2026-04-03T01:32:48.136694,,,,,,,,,True,walking_dual_task,P05,28,0.595
2026-04-03T01:32:48.195717,1264.9147964030255,82153.0,57.0,-9.770823703636632,-0.4898692137848989,1.8067745606580972,9.948537681850683,0.15716130571296993,True,walking_dual_task,P05,28,0.595
2026-04-03T01:32:48.196030,1166.3849718114752,82153.0,56.0,-9.727116871834541,-0.28486876088084356,1.8834768725960722,9.911883674602837,0.0366540072478454,True,walking_dual_task,P05,28,0.595
2026-04-03T01:32:48.197034,1338.7396005040368,82204.0,57.0,-9.857513987503507,-0.5538495271282778,1.7323021609767586,10.023881587960437,0.1119979133575999,True,walking_dual_task,P05,28,0.595
2026-04-03T01:32:48.256038,1221.0143802320242,82204.0,58.0,-9.408353524119331,-0.6138613781690869,1.7461183706353804,9.588684539116231,0.4351970488442056,True,walking_dual_task,P05,28,0.595
2026-04-03T01:32:48.256196,1183.816383562317,82261.0,58.0,-9.546498146108602,-0.34352666956980654,1.7411426825703278,9.710057428637016,0.12137288952078507,True,walking_dual_task,P05,28,0.595
2026-04-03T01:32:48.256704,1359.9824751319836,82261.0,56.0,-9.516515454996918,-0.38695006925242,1.744668008325401,9.682854084440383,0.02720334419663395,True,walking_dual_task,P05,28,0.595
2026-04-03T01:32:48.315629,1289.9552075919082,82285.0,57.0,-9.462359976075295,-0.16501804177829646,1.640317905584004,9.604901358281795,0.07795272615858728,True,walking_dual_task,P05,28,0.595
2026-04-03T01:32:48.316860,1285.1778685458773,82285.0,57.0,-9.241442868147576,-0.3480673347934842,1.6679190258171186,9.397200169809551,0.20770118847224417,True,walking_dual_task,P05,28,0.595
2026-04-03T01:32:48.317034,1167.806669514945,82238.0,56.0,-9.856968413330009,-0.48469225723338366,1.8837637261705538,10.047055223379807,0.6498550535702563,True,walking_dual_task,P05,28,0.595
2026-04-03T01:32:48.375698,1191.3739338277153,82238.0,57.0,-9.821054769462442,-0.33432500410519844,1.8670695336475522,10.002541608842515,0.04451361453729241,True,walking_dual_task,P05,28,0.595
2026-04-03T01:32:48.376032,1198.995559036965,82260.0,56.0,-9.754576583778613,-0.11564693079044186,1.634767579750859,9.891289278006573,0.1112523308359421,True,walking_dual_task,P05,28,0.595
2026-04-03T01:32:48.376716,1164.6028964807515,82260.0,56.0,-9.764059574977706,-0.020245782753039898,1.9759053104370579,9.962001358725388,0.07071208071881507,True,walking_dual_task,P05,28,0.595
2026-04-03T01:32:48.435635,1214.8919116214074,82347.0,56.0,-9.680575487049863,-0.08748207206033345,1.7815076519620627,9.843523982162184,0.11847737656320412,True,walking_dual_task,P05,28,0.595
2026-04-03T01:32:48.436015,1214.1716368962884,82347.0,55.0,-9.956026949588512,-0.04583855630864231,1.7760457101276579,10.113303721269329,0.26977973910714503,True,walking_dual_task,P05,28,0.595
2026-04-03T01:32:48.436773,1304.5271842114512,82391.0,56.0,-9.793241601522315,-0.04964664420962979,1.6444612852287457,9.9304732401676,0.18283048110172828,True,walking_dual_task,P05,28,0.595
2026-04-03T01:32:48.495819,1290.6387249008988,82391.0,59.0,-9.724450578325028,-0.3479781946970848,1.7166484107879565,9.880936678297834,0.049536561869766516,True,walking_dual_task,P05,28,0.595
2026-04-03T01:32:48.496128,1257.0178373892209,82397.0,56.0,-9.638051296334197,-0.22025944255567484,1.4391740621332227,9.747398062761224,0.13353861553660984,True,walking_dual_task,P05,28,0.595
2026-04-03T01:32:48.496742,1173.6206910389856,82397.0,56.0,-9.758186532112717,-0.011331739242030112,1.2966731862158107,9.843967399157279,0.0965693363960547,True,walking_dual_task,P05,28,0.595
2026-04-03T01:32:48.615584,1337.0234768055448,82436.0,57.0,-9.604291242325322,-0.14708127961101206,1.6418366296219586,9.744725275172579,0.09924212398470011,True,walking_dual_task,P05,28,0.595
2026-04-03T01:32:48.616015,1388.7529296293385,82436.0,57.0,-9.38573449420026,-0.2398321802139095,1.7739701995521273,9.554920289525485,0.18980498564709336,True,walking_dual_task,P05,28,0.595
2026-04-03T01:32:48.616687,1146.1953487107846,82479.0,57.0,-9.610047478333055,-0.21703728601966085,1.6367630798007893,9.7508518140077,0.19593152448221396,True,walking_dual_task,P05,28,0.595
2026-04-03T01:32:48.617466,1277.398331591972,82479.0,57.0,-9.52507461937358,-0.40586400592390576,1.5972396962956745,9.666589199058894,0.08426261494880549,True,walking_dual_task,P05,28,0.595
2026-04-03T01:32:48.618399,1236.1427414978855,82490.0,56.0,-9.556493376462797,-0.4150805677982577,1.4861727671589873,9.680266888158924,0.013677689100029866,True,walking_dual_task,P05,28,0.595
2026-04-03T01:32:48.675797,1276.482905376521,82490.0,57.0,-9.662489040416553,-0.6191636454303051,1.5661389530884646,9.808152185624648,0.12788529746572408,True,walking_dual_task,P05,28,0.595
2026-04-03T01:32:48.676143,1221.096778641303,82517.0,57.0,-9.390217798453193,-0.3004992137676328,1.4428264781889502,9.505169031954415,0.3029831536702332,True,walking_dual_task,P05,28,0.595
2026-04-03T01:32:48.676786,1273.0569922376417,82517.0,57.0,-9.680049943227628,-0.5800251356885338,1.4986578541619788,9.812531346459643,0.30736231450522844,True,walking_dual_task,P05,28,0.595
2026-04-03T01:32:48.677465,1247.4101774331089,82533.0,57.0,-9.551920131356686,-0.4078290235294101,1.5993744926695175,9.69347726443158,0.11905408202806278,True,walking_dual_task,P05,28,0.595
2026-04-03T01:32:48.735885,1192.425613110045,82533.0,58.0,-9.449121469220602,-0.3913367718952526,1.6569403357150192,9.60127555511467,0.0922017093169103,True,walking_dual_task,P05,28,0.595
2026-04-03T01:32:48.736317,1229.877800724361,82557.0,57.0,-9.493103932801647,-0.33561901961465634,1.739939479110175,9.657072630785553,0.05579707567088299,True,walking_dual_task,P05,28,0.595
2026-04-03T01:32:48.736816,1150.8385789457743,82557.0,58.0,-9.487918383578268,-0.4233294077847103,1.3767437203457464,9.596625777451639,0.06044685333391442,True,walking_dual_task,P05,28,0.595
2026-04-03T01:32:48.795516,1290.9961502631077,82601.0,55.0,-9.336486700110589,-0.5432739915858196,1.6604643575994658,9.498540541269152,0.09808523618248621,True,walking_dual_task,P05,28,0.595
2026-04-03T01:32:48.796021,1109.3748170002564,82601.0,59.0,-9.437578562797201,-0.19626753949010617,1.8998300260695955,9.628902544110746,0.1303620028415935,True,walking_dual_task,P05,28,0.595
2026-04-03T01:32:48.796999,1326.5750136940396,82636.0,58.0,-9.502799516941097,-0.2496987604803884,1.4731436571143268,9.619547825373996,0.0093547187367502,True,walking_dual_task,P05,28,0.595
2026-04-03T01:32:48.855876,1219.6184230174906,82636.0,58.0,-9.510807531027766,-0.5880036209473115,1.754827173159458,9.689201543892068,0.06965371851807234,True,walking_dual_task,P05,28,0.595
2026-04-03T01:32:48.915838,1346.849363519888,82673.0,57.0,-9.744295212967783,-0.3425699768175681,1.5401790856300615,9.871210412218751,0.18200886832668317,True,walking_dual_task,P05,28,0.595
2026-04-03T01:32:48.975855,1125.4836103163511,82673.0,57.0,-9.675224393255633,-0.37352848871536637,1.602675121822204,9.814176386118126,0.05703402610062547,True,walking_dual_task,P05,28,0.595
2026-04-03T01:32:48.976033,1267.8304021570739,82707.0,57.0,-9.691951633793073,-0.20397059218254987,1.5380804992768717,9.815356442662452,0.0011800565443262911,True,walking_dual_task,P05,28,0.595
2026-04-03T01:32:48.976748,1301.7972335585941,82707.0,56.0,-9.70597732027095,-0.4604932311025518,1.571487674773913,9.843151084356657,0.027794641694205424,True,walking_dual_task,P05,28,0.595
2026-04-03T01:32:48.977443,1318.9096730347626,82740.0,56.0,-9.683222770146925,-0.18005298642281892,1.7601335980131552,9.843540652482032,0.00038956812537449537,True,walking_dual_task,P05,28,0.595
2026-04-03T01:32:48.978822,1281.295708924484,82740.0,57.0,-9.678886902900409,-0.420586909235355,1.4374029218627125,9.794073319469112,0.04946733301292028,True,walking_dual_task,P05,28,0.595
2026-04-03T01:32:48.979355,1153.072033071756,82773.0,57.0,-9.778622018661174,-0.373236655654816,1.0508123784840078,9.841999839450555,0.04792651998144315,True,walking_dual_task,P05,28,0.595
2026-04-03T01:32:49.035642,1278.9961848942346,82773.0,57.0,-9.900229875654526,-0.3733068784707134,1.2743503194092476,9.988887743532532,0.14688790408197683,True,walking_dual_task,P05,28,0.595
2026-04-03T01:32:49.036069,1270.5916383800602,82803.0,58.0,-10.021559915973608,-0.3740260766674312,1.0681909158755105,10.085266009790477,0.0963782662579451,True,walking_dual_task,P05,28,0.595
2026-04-03T01:32:49.036885,1253.3095348463432,82803.0,58.0,-9.922615589463371,-0.25086941787636985,1.4340963226741,10.028851771952487,0.05641423783798949,True,walking_dual_task,P05,28,0.595
2026-04-03T01:32:49.037444,1258.025109529913,82832.0,57.0,-10.032561356067838,-0.21589983143991157,1.2480650539365405,10.11219889437204,0.08334712241955344,True,walking_dual_task,P05,28,0.595
2026-04-03T01:32:49.095643,1348.9781287087499,82832.0,57.0,-9.585344003114885,-0.3842422968038169,1.5221755474502985,9.713057201414967,0.39914169295707325,True,walking_dual_task,P05,28,0.595
2026-04-03T01:32:49.095982,1264.5917131183708,82864.0,57.0,-9.650909015622707,-0.4901485069008201,1.468752671236538,9.774329889865045,0.06127268845007805,True,walking_dual_task,P05,28,0.595
2026-04-03T01:32:49.096721,1290.3025146092314,82864.0,57.0,-9.678543630253433,-0.557678593703661,1.2503898415030397,9.774900867647128,0.0005709777820825934,True,walking_dual_task,P05,28,0.595
2026-04-03T01:32:49.156025,1240.458671939046,82896.0,56.0,-9.737564728690934,-0.4942435662606687,1.3982448863500736,9.849849354707915,0.07494848706078727,True,walking_dual_task,P05,28,0.595
2026-04-03T01:32:49.156153,1118.167897507456,82896.0,56.0,-9.727555125473625,-0.31990355753187755,1.4450195302609543,9.839499400278722,0.010349954429193176,True,walking_dual_task,P05,28,0.595
2026-04-03T01:32:49.156748,1195.3535914026274,82850.0,58.0,-9.711214259355012,-0.4829924160576984,1.2376627711127655,9.801671959419368,0.03782744085935441,True,walking_dual_task,P05,28,0.595
2026-04-03T01:32:49.215880,1260.1376784358326,82850.0,55.0,-9.761986773549229,-0.3955639601061235,1.1493989720856597,9.837376408906822,0.035704449487454326,True,walking_dual_task,P05,28,0.595
2026-04-03T01:32:49.216153,1224.5892797446784,82769.0,57.0,-9.685351933357463,-0.5490542119856548,1.467337851695355,9.81124777852992,0.026128630376902606,True,walking_dual_task,P05,28,0.595
2026-04-03T01:32:49.216868,1238.2045960654727,82769.0,57.0,-9.766306280857565,-0.4554771062778009,1.6537179542630454,9.915794513709583,0.10454673517966384,True,walking_dual_task,P05,28,0.595
2026-04-03T01:32:49.276225,1266.0261886796259,82801.0,58.0,-9.65185870381251,-0.49800004258878416,1.3759048221429595,9.76214600179571,0.15364851191387352,True,walking_dual_task,P05,28,0.595
2026-04-03T01:32:49.276313,1339.4026132253368,82801.0,57.0,-10.072711923282762,-0.2763997428133249,1.511183402737452,10.189190232004659,0.4270442302089492,True,walking_dual_task,P05,28,0.595
2026-04-03T01:32:49.277150,1341.5832504114737,82836.0,56.0,-9.696439597930798,-0.2974202731914103,1.0899575870410088,9.762039092155588,0.42715113984907127,True,walking_dual_task,P05,28,0.595
2026-04-03T01:32:49.335802,1280.9063129544263,82836.0,57.0,-9.574810045517918,0.010510255104995397,1.2292579057139748,9.653402139762619,0.10863695239296867,True,walking_dual_task,P05,28,0.595
2026-04-03T01:32:49.336065,1184.2996287817216,82844.0,57.0,-9.740290337944918,-0.20960039187854218,1.3324491065816437,9.833239995717026,0.17983785595440693,True,walking_dual_task,P05,28,0.595
2026-04-03T01:32:49.336730,1285.4294111277568,82844.0,57.0,-9.621917192392257,-0.27238855018315017,1.210739673814258,9.701617212468879,0.13162278324814736,True,walking_dual_task,P05,28,0.595
2026-04-03T01:32:49.395707,1257.4038128668844,82860.0,57.0,-9.470335705741805,-0.5623260701229822,1.7272286077881995,9.642965708336313,0.058651504132566146,True,walking_dual_task,P05,28,0.595
2026-04-03T01:32:49.395978,1137.2078864042,82860.0,57.0,-9.632466231704699,-0.3318133659724626,1.62999362414089,9.775038876112424,0.13207316777611133,True,walking_dual_task,P05,28,0.595
2026-04-03T01:32:49.396743,1251.034271351143,82874.0,57.0,-9.622277998614518,-0.31754709492886257,1.3726065573917987,9.724871145753744,0.050167730358680274,True,walking_dual_task,P05,28,0.595
2026-04-03T01:32:49.456386,1175.6028291826701,82874.0,57.0,-9.500598008706586,-0.5936116707665053,1.6105073195486068,9.654401647177798,0.07046949857594598,True,walking_dual_task,P05,28,0.595
2026-04-03T01:32:49.456647,1135.1240901233202,82870.0,56.0,-9.555198034623828,-0.3058808624553684,1.3544837284157556,9.655568277084397,0.0011666299065993257,True,walking_dual_task,P05,28,0.595
2026-04-03T01:32:49.515973,1221.5414950632098,82870.0,58.0,-9.738800111913601,-0.659148139326271,1.3258739305017875,9.850718023015883,0.19514974593148615,True,walking_dual_task,P05,28,0.595
2026-04-03T01:32:49.516327,1302.7407461073765,82862.0,58.0,-9.876861644504949,-0.4282968216414501,1.414294400361481,9.986794418781985,0.13607639576610175,True,walking_dual_task,P05,28,0.595
2026-04-03T01:32:49.517395,1393.3268929918281,82862.0,58.0,-9.660454023570228,-0.30571621821816464,1.791388110912135,9.82989856059121,0.156895858190774,True,walking_dual_task,P05,28,0.595
2026-04-03T01:32:49.635663,1219.357205467183,82859.0,56.0,-9.825438748569432,-0.16126561634954964,1.225781181970593,9.902918393432286,0.07301983284107472,True,walking_dual_task,P05,28,0.595
2026-04-03T01:32:49.636042,1236.2637389512533,82859.0,57.0,-9.640662421911834,-0.3854783517372856,1.283499798232324,9.733362072017226,0.16955632141505994,True,walking_dual_task,P05,28,0.595
2026-04-03T01:32:49.636700,1369.7790301355092,82867.0,56.0,-9.791583856398534,-0.330523473090401,1.158284643747421,9.865393225771044,0.13203115375381813,True,walking_dual_task,P05,28,0.595
2026-04-03T01:32:49.637492,1202.7881918400153,82867.0,57.0,-9.764360824856409,-0.27596360488891697,1.5683014157152426,9.893354717169917,0.02796149139887305,True,walking_dual_task,P05,28,0.595
2026-04-03T01:32:49.638132,1237.058497275737,82877.0,57.0,-9.674480044367689,-0.14652898350743598,1.3644309769011032,9.771320625309746,0.12203409186017034,True,walking_dual_task,P05,28,0.595
2026-04-03T01:32:49.638943,1269.4771678632253,82877.0,57.0,-9.682778608419941,-0.2627643911404637,1.4307590654085225,9.791441069024257,0.020120443714510827,True,walking_dual_task,P05,28,0.595
2026-04-03T01:32:49.695697,1292.7312373626194,82885.0,57.0,-9.748265912167728,0.05213751400352884,1.525664003246024,9.867069335192616,0.0756282661683585,True,walking_dual_task,P05,28,0.595
2026-04-03T01:32:49.696039,1232.280469577187,82885.0,58.0,-9.833324703018866,-0.22665122620747027,1.4729091902487557,9.945607421171502,0.07853808597888623,True,walking_dual_task,P05,28,0.595
2026-04-03T01:32:49.697113,1321.5319407228208,82884.0,58.0,-9.812870605973394,-0.37167586684500886,1.553282682844469,9.941994748157743,0.0036126730137588936,True,walking_dual_task,P05,28,0.595
2026-04-03T01:32:49.697411,1273.5536799843155,82884.0,58.0,-9.933335991648516,-0.2464474632634297,1.4366123962000241,10.039708932635666,0.09771418447792257,True,walking_dual_task,P05,28,0.595
2026-04-03T01:32:49.755750,1243.946837799752,82881.0,57.0,-9.53608737815016,-0.25964297609472237,1.5284379265053158,9.661288705650504,0.37842022698516153,True,walking_dual_task,P05,28,0.595
2026-04-03T01:32:49.756086,1267.3957114273976,82881.0,55.0,-9.700997214835521,0.00862737144978698,1.5579582701117651,9.825306884021197,0.16401817837069288,True,walking_dual_task,P05,28,0.595
2026-04-03T01:32:49.756802,1301.1482213015372,82893.0,56.0,-9.945759219790073,-0.10349849229322894,1.098442798862936,10.006768458314605,0.18146157429340803,True,walking_dual_task,P05,28,0.595
2026-04-03T01:32:49.816431,1380.3298791765633,82893.0,57.0,-9.603620284923387,-0.2684072327058454,1.4831771503186604,9.721182000085594,0.28558645822901063,True,walking_dual_task,P05,28,0.595
2026-04-03T01:32:49.816462,1343.7512918211703,82898.0,57.0,-9.59319841271227,-0.09733573455746972,1.4547774562883733,9.703365780913957,0.017816219171637115,True,walking_dual_task,P05,28,0.595
2026-04-03T01:32:49.875561,1227.5032961486606,82898.0,57.0,-9.869430563597266,-0.2538662324859525,1.4914230510015358,9.984710833605709,0.28134505269175136,True,walking_dual_task,P05,28,0.595
2026-04-03T01:32:49.875993,1296.9802421266083,82907.0,57.0,-9.892580692774015,-0.3209646698718062,1.5789436441037794,10.022935404042412,0.038224570436703686,True,walking_dual_task,P05,28,0.595
2026-04-03T01:32:49.876677,1201.7467148913406,82907.0,57.0,-9.643745379544631,-0.4535890899543775,1.7385271362443477,9.809691361682692,0.2132440423597206,True,walking_dual_task,P05,28,0.595
2026-04-03T01:32:49.935814,1176.663696287851,82923.0,57.0,-9.511525675375115,-0.5189059066569739,1.429817502435906,9.632380915617674,0.1773104460650181,True,walking_dual_task,P05,28,0.595
2026-04-03T01:32:49.995746,1237.9420224989692,82923.0,57.0,-9.984682194457385,-0.3611676416659443,0.9565221868833784,10.036894703228736,0.40451378761106227,True,walking_dual_task,P05,28,0.595
2026-04-03T01:32:49.996350,1291.0465490516237,82931.0,58.0,-9.821228751019275,-0.18475164967416313,1.5097302399506467,9.938307338240572,0.09858736498816434,True,walking_dual_task,P05,28,0.595
2026-04-03T01:32:49.997026,1294.477549123488,82931.0,57.0,-9.827913451441503,-0.3847082230880439,1.3850692970096188,9.932487109654616,0.005820228585955434,True,walking_dual_task,P05,28,0.595
2026-04-03T01:32:49.997437,1215.454395960473,82941.0,56.0,-9.545340910462984,-0.3848397776513767,1.2115680507229774,9.629617432325842,0.3028696773287738,True,walking_dual_task,P05,28,0.595
2026-04-03T01:32:49.998130,1337.051761372312,82941.0,57.0,-9.609005289874572,-0.16608617248888816,1.5718894207092124,9.738141692770087,0.1085242604442449,True,walking_dual_task,P05,28,0.595
2026-04-03T01:32:49.998856,1206.9853013970485,82948.0,56.0,-9.669221556910783,-0.33895394454735256,1.3700409864412155,9.771680899296763,0.03353920652667597,True,walking_dual_task,P05,28,0.595
2026-04-03T01:32:50.055827,1253.293651559908,82948.0,56.0,-9.917725577284981,-0.32662610797140174,1.4152736080750572,10.023520570461013,0.2518396711642499,True,walking_dual_task,P05,28,0.595
2026-04-03T01:32:50.115736,1197.0469265641266,82924.0,57.0,-9.95063380950972,-0.20510579707347823,1.3474208692161604,10.043541437050493,0.02002086658947988,True,walking_dual_task,P05,28,0.595
2026-04-03T01:32:50.116259,1262.4058354816746,82924.0,56.0,-9.701791112416062,-0.5065901794244835,1.3115527241816414,9.80314005546962,0.2404013815808721,True,walking_dual_task,P05,28,0.595
2026-04-03T01:32:50.116726,1297.1717836001444,82816.0,56.0,-9.789561693260772,-0.24775477433293225,1.2249667579311476,9.869014344522954,0.06587428905333326,True,walking_dual_task,P05,28,0.595
2026-04-03T01:32:50.117981,1233.0843647768177,82816.0,57.0,-9.881923819720626,-0.3148018426790295,1.2908838689898854,9.970852508293074,0.10183816377012,True,walking_dual_task,P05,28,0.595
2026-04-03T01:32:50.118159,1315.0183342884532,82788.0,57.0,-9.745424226580043,-0.08117989130825434,1.3120951540124342,9.833690925789206,0.13716158250386812,True,walking_dual_task,P05,28,0.595
2026-04-03T01:32:50.175754,1264.4146995963877,82788.0,57.0,-9.702962568435826,-0.13094027780788006,1.2157542068922136,9.779707881751646,0.053983044037559935,True,walking_dual_task,P05,28,0.595
2026-04-03T01:32:50.175928,1255.7184875467738,82827.0,57.0,-9.789411279638406,-0.1306613539079778,1.2690586521116374,9.872191015869584,0.09248313411793774,True,walking_dual_task,P05,28,0.595
2026-04-03T01:32:50.176681,1182.342885155301,82827.0,56.0,-9.468501087477618,-0.2489655112317001,1.5097642095212813,9.591344256031013,0.2808467598385711,True,walking_dual_task,P05,28,0.595
2026-04-03T01:32:50.235809,1243.416242156284,82854.0,57.0,-9.748869054988523,-0.3354917990665404,1.6133337063268605,9.887155720758326,0.2958114647273131,True,walking_dual_task,P05,28,0.595
2026-04-03T01:32:50.236210,1232.1025531213731,82854.0,57.0,-9.836783776915132,-0.35796438272326286,1.2618640193803274,9.923847760646364,0.03669203988803815,True,walking_dual_task,P05,28,0.595
2026-04-03T01:32:50.236908,1247.9213903742193,82851.0,57.0,-9.754327733304168,-0.2280958807694425,1.3109311568949185,9.844667478267036,0.07918028237932795,True,walking_dual_task,P05,28,0.595
2026-04-03T01:32:50.355872,1229.58065975023,82851.0,56.0,-9.712170832470553,-0.5144888196613427,1.3824460548073738,9.823549161026312,0.021118317240723883,True,walking_dual_task,P05,28,0.595
2026-04-03T01:32:50.356118,1299.9352145949576,82852.0,57.0,-9.615056170323138,-0.4407486982483517,1.3939337207474771,9.725565062828666,0.09798409819764586,True,walking_dual_task,P05,28,0.595
2026-04-03T01:32:50.356740,1232.2543589885627,82852.0,57.0,-9.513370219195242,-0.3652518996571655,1.2490762058697567,9.601969237908653,0.12359582492001309,True,walking_dual_task,P05,28,0.595
2026-04-03T01:32:50.357410,1300.4764184621802,82864.0,56.0,-9.824472434906598,-0.5380980013142609,1.031681105078049,9.893137721968346,0.29116848405969264,True,walking_dual_task,P05,28,0.595
2026-04-03T01:32:50.358146,1360.013947290044,82864.0,57.0,-9.797057858252861,-0.16231417167240858,1.171254492672828,9.868157155968186,0.024980566000159854,True,walking_dual_task,P05,28,0.595
2026-04-03T01:32:50.359619,1267.6029100241628,82852.0,57.0,-9.698954769542762,-0.3226948939097685,1.6067776745570839,9.836441943693197,0.03171521227498886,True,walking_dual_task,P05,28,0.595
